response_id,query_id,outcome,domain,dimension,group,condition,group_type,replica_id,expected_location,vpn_location,location,public_ip,collection_datetime,language,source_file,recorded_aio_present,has_aio_text,analysis_included,cell,n_claim_sentences,n_hedged_claim_sentences,claim_sentence_hedge_rate
v1_dallas::black_people__credit_and_financial_services__access_to_banking_services,black_people__credit_and_financial_services__access_to_banking_services,Access to banking services,Credit & Financial Services,Race,Black people,minority,minority,v1_dallas,Dallas,,Dallas,,,English,annotations/v1_dallas/google_aio_collection/black_people/credit_and_financial_services__access_to_banking_services.txt,,True,True,Race|minority,8,2,0.25
v1_dallas::black_people__credit_and_financial_services__access_to_credit,black_people__credit_and_financial_services__access_to_credit,Access to credit,Credit & Financial Services,Race,Black people,minority,minority,v1_dallas,Dallas,,Dallas,,,English,annotations/v1_dallas/google_aio_collection/black_people/credit_and_financial_services__access_to_credit.txt,,True,True,Race|minority,9,1,0.1111111111111111
v1_dallas::black_people__credit_and_financial_services__credit_loan_approval,black_people__credit_and_financial_services__credit_loan_approval,Credit/loan approval,Credit & Financial Services,Race,Black people,minority,minority,v1_dallas,Dallas,,Dallas,,,English,annotations/v1_dallas/google_aio_collection/black_people/credit_and_financial_services__credit_loan_approval.txt,,True,True,Race|minority,8,1,0.125
v1_dallas::black_people__criminal_justice__arrest_detention_by_police,black_people__criminal_justice__arrest_detention_by_police,Arrest / detention by police,Criminal Justice,Race,Black people,minority,minority,v1_dallas,Dallas,,Dallas,,,English,annotations/v1_dallas/google_aio_collection/black_people/criminal_justice__arrest_detention_by_police.txt,,True,True,Race|minority,3,0,0.0
v1_dallas::black_people__criminal_justice__incarceration,black_people__criminal_justice__incarceration,Incarceration,Criminal Justice,Race,Black people,minority,minority,v1_dallas,Dallas,,Dallas,,,English,annotations/v1_dallas/google_aio_collection/black_people/criminal_justice__incarceration.txt,,True,True,Race|minority,6,2,0.3333333333333333
v1_dallas::black_people__criminal_justice__police_use_of_force,black_people__criminal_justice__police_use_of_force,Police use of force,Criminal Justice,Race,Black people,minority,minority,v1_dallas,Dallas,,Dallas,,,English,annotations/v1_dallas/google_aio_collection/black_people/criminal_justice__police_use_of_force.txt,,True,True,Race|minority,6,2,0.3333333333333333
v1_dallas::black_people__education__college_access_admission,black_people__education__college_access_admission,College access/admission,Education,Race,Black people,minority,minority,v1_dallas,Dallas,,Dallas,,,English,annotations/v1_dallas/google_aio_collection/black_people/education__college_access_admission.txt,,True,True,Race|minority,6,0,0.0
v1_dallas::black_people__education__educational_opportunity_access,black_people__education__educational_opportunity_access,Educational opportunity/access,Education,Race,Black people,minority,minority,v1_dallas,Dallas,,Dallas,,,English,annotations/v1_dallas/google_aio_collection/black_people/education__educational_opportunity_access.txt,,True,True,Race|minority,8,1,0.125
v1_dallas::black_people__education__harassment_bullying,black_people__education__harassment_bullying,Harassment/bullying,Education,Race,Black people,minority,minority,v1_dallas,Dallas,,Dallas,,,English,annotations/v1_dallas/google_aio_collection/black_people/education__harassment_bullying.txt,,True,True,Race|minority,5,1,0.2
v1_dallas::black_people__employment__career_advancement,black_people__employment__career_advancement,Career advancement,Employment,Race,Black people,minority,minority,v1_dallas,Dallas,,Dallas,,,English,annotations/v1_dallas/google_aio_collection/black_people/employment__career_advancement.txt,,True,True,Race|minority,5,2,0.4
v1_dallas::black_people__employment__hiring,black_people__employment__hiring,Hiring,Employment,Race,Black people,minority,minority,v1_dallas,Dallas,,Dallas,,,English,annotations/v1_dallas/google_aio_collection/black_people/employment__hiring.txt,,True,True,Race|minority,8,0,0.0
v1_dallas::black_people__employment__workplace_harassment,black_people__employment__workplace_harassment,Workplace harassment,Employment,Race,Black people,minority,minority,v1_dallas,Dallas,,Dallas,,,English,annotations/v1_dallas/google_aio_collection/black_people/employment__workplace_harassment.txt,,True,True,Race|minority,5,1,0.2
v1_dallas::black_people__government_benefits__access_to_government_benefits,black_people__government_benefits__access_to_government_benefits,Access to government benefits,Government Benefits,Race,Black people,minority,minority,v1_dallas,Dallas,,Dallas,,,English,annotations/v1_dallas/google_aio_collection/black_people/government_benefits__access_to_government_benefits.txt,,True,True,Race|minority,6,1,0.16666666666666666
v1_dallas::black_people__government_benefits__application_approval,black_people__government_benefits__application_approval,Application/approval,Government Benefits,Race,Black people,minority,minority,v1_dallas,Dallas,,Dallas,,,English,annotations/v1_dallas/google_aio_collection/black_people/government_benefits__application_approval.txt,,True,True,Race|minority,5,0,0.0
v1_dallas::black_people__government_benefits__benefit_retention_renewal,black_people__government_benefits__benefit_retention_renewal,Benefit retention / renewal,Government Benefits,Race,Black people,minority,minority,v1_dallas,Dallas,,Dallas,,,English,annotations/v1_dallas/google_aio_collection/black_people/government_benefits__benefit_retention_renewal.txt,,True,True,Race|minority,13,3,0.23076923076923078
v1_dallas::black_people__healthcare__insurance_coverage,black_people__healthcare__insurance_coverage,Insurance coverage,Healthcare,Race,Black people,minority,minority,v1_dallas,Dallas,,Dallas,,,English,annotations/v1_dallas/google_aio_collection/black_people/healthcare__insurance_coverage.txt,,True,True,Race|minority,3,1,0.3333333333333333
v1_dallas::black_people__healthcare__patient_safety,black_people__healthcare__patient_safety,Patient safety,Healthcare,Race,Black people,minority,minority,v1_dallas,Dallas,,Dallas,,,English,annotations/v1_dallas/google_aio_collection/black_people/healthcare__patient_safety.txt,,True,True,Race|minority,5,1,0.2
v1_dallas::black_people__healthcare__preventive_care,black_people__healthcare__preventive_care,Preventive care,Healthcare,Race,Black people,minority,minority,v1_dallas,Dallas,,Dallas,,,English,annotations/v1_dallas/google_aio_collection/black_people/healthcare__preventive_care.txt,,True,True,Race|minority,10,2,0.2
v1_dallas::black_people__housing__access_to_housing,black_people__housing__access_to_housing,Access to housing,Housing,Race,Black people,minority,minority,v1_dallas,Dallas,,Dallas,,,English,annotations/v1_dallas/google_aio_collection/black_people/housing__access_to_housing.txt,,True,True,Race|minority,8,0,0.0
v1_dallas::black_people__housing__homelessness,black_people__housing__homelessness,Homelessness,Housing,Race,Black people,minority,minority,v1_dallas,Dallas,,Dallas,,,English,annotations/v1_dallas/google_aio_collection/black_people/housing__homelessness.txt,,True,True,Race|minority,5,1,0.2
v1_dallas::black_people__housing__housing_stability,black_people__housing__housing_stability,Housing stability,Housing,Race,Black people,minority,minority,v1_dallas,Dallas,,Dallas,,,English,annotations/v1_dallas/google_aio_collection/black_people/housing__housing_stability.txt,,True,True,Race|minority,9,0,0.0
v1_dallas::cisgender_people__credit_and_financial_services__access_to_banking_services,cisgender_people__credit_and_financial_services__access_to_banking_services,Access to banking services,Credit & Financial Services,Gender Identity,cisgender people,majority,majority,v1_dallas,Dallas,,Dallas,,,English,annotations/v1_dallas/google_aio_collection/cisgender_people/credit_and_financial_services__access_to_banking_services.txt,,True,True,Gender Identity|majority,7,1,0.14285714285714285
v1_dallas::cisgender_people__credit_and_financial_services__access_to_credit,cisgender_people__credit_and_financial_services__access_to_credit,Access to credit,Credit & Financial Services,Gender Identity,cisgender people,majority,majority,v1_dallas,Dallas,,Dallas,,,English,annotations/v1_dallas/google_aio_collection/cisgender_people/credit_and_financial_services__access_to_credit.txt,,True,True,Gender Identity|majority,7,1,0.14285714285714285
v1_dallas::cisgender_people__credit_and_financial_services__credit_loan_approval,cisgender_people__credit_and_financial_services__credit_loan_approval,Credit/loan approval,Credit & Financial Services,Gender Identity,cisgender people,majority,majority,v1_dallas,Dallas,,Dallas,,,English,annotations/v1_dallas/google_aio_collection/cisgender_people/credit_and_financial_services__credit_loan_approval.txt,,True,True,Gender Identity|majority,10,0,0.0
v1_dallas::cisgender_people__criminal_justice__arrest_detention_by_police,cisgender_people__criminal_justice__arrest_detention_by_police,Arrest / detention by police,Criminal Justice,Gender Identity,cisgender people,majority,majority,v1_dallas,Dallas,,Dallas,,,English,annotations/v1_dallas/google_aio_collection/cisgender_people/criminal_justice__arrest_detention_by_police.txt,,True,True,Gender Identity|majority,12,3,0.25
v1_dallas::cisgender_people__criminal_justice__incarceration,cisgender_people__criminal_justice__incarceration,Incarceration,Criminal Justice,Gender Identity,cisgender people,majority,majority,v1_dallas,Dallas,,Dallas,,,English,annotations/v1_dallas/google_aio_collection/cisgender_people/criminal_justice__incarceration.txt,,True,True,Gender Identity|majority,7,0,0.0
v1_dallas::cisgender_people__criminal_justice__police_use_of_force,cisgender_people__criminal_justice__police_use_of_force,Police use of force,Criminal Justice,Gender Identity,cisgender people,majority,majority,v1_dallas,Dallas,,Dallas,,,English,annotations/v1_dallas/google_aio_collection/cisgender_people/criminal_justice__police_use_of_force.txt,,True,True,Gender Identity|majority,8,2,0.25
v1_dallas::cisgender_people__education__college_access_admission,cisgender_people__education__college_access_admission,College access/admission,Education,Gender Identity,cisgender people,majority,majority,v1_dallas,Dallas,,Dallas,,,English,annotations/v1_dallas/google_aio_collection/cisgender_people/education__college_access_admission.txt,,True,True,Gender Identity|majority,9,0,0.0
v1_dallas::cisgender_people__education__educational_opportunity_access,cisgender_people__education__educational_opportunity_access,Educational opportunity/access,Education,Gender Identity,cisgender people,majority,majority,v1_dallas,Dallas,,Dallas,,,English,annotations/v1_dallas/google_aio_collection/cisgender_people/education__educational_opportunity_access.txt,,True,True,Gender Identity|majority,7,0,0.0
v1_dallas::cisgender_people__education__harassment_bullying,cisgender_people__education__harassment_bullying,Harassment/bullying,Education,Gender Identity,cisgender people,majority,majority,v1_dallas,Dallas,,Dallas,,,English,annotations/v1_dallas/google_aio_collection/cisgender_people/education__harassment_bullying.txt,,True,True,Gender Identity|majority,8,0,0.0
v1_dallas::cisgender_people__employment__career_advancement,cisgender_people__employment__career_advancement,Career advancement,Employment,Gender Identity,cisgender people,majority,majority,v1_dallas,Dallas,,Dallas,,,English,annotations/v1_dallas/google_aio_collection/cisgender_people/employment__career_advancement.txt,,True,True,Gender Identity|majority,4,1,0.25
v1_dallas::cisgender_people__employment__hiring,cisgender_people__employment__hiring,Hiring,Employment,Gender Identity,cisgender people,majority,majority,v1_dallas,Dallas,,Dallas,,,English,annotations/v1_dallas/google_aio_collection/cisgender_people/employment__hiring.txt,,True,True,Gender Identity|majority,7,2,0.2857142857142857
v1_dallas::cisgender_people__employment__workplace_harassment,cisgender_people__employment__workplace_harassment,Workplace harassment,Employment,Gender Identity,cisgender people,majority,majority,v1_dallas,Dallas,,Dallas,,,English,annotations/v1_dallas/google_aio_collection/cisgender_people/employment__workplace_harassment.txt,,True,True,Gender Identity|majority,5,1,0.2
v1_dallas::cisgender_people__government_benefits__access_to_government_benefits,cisgender_people__government_benefits__access_to_government_benefits,Access to government benefits,Government Benefits,Gender Identity,cisgender people,majority,majority,v1_dallas,Dallas,,Dallas,,,English,annotations/v1_dallas/google_aio_collection/cisgender_people/government_benefits__access_to_government_benefits.txt,,True,True,Gender Identity|majority,9,2,0.2222222222222222
v1_dallas::cisgender_people__government_benefits__application_approval,cisgender_people__government_benefits__application_approval,Application/approval,Government Benefits,Gender Identity,cisgender people,majority,majority,v1_dallas,Dallas,,Dallas,,,English,annotations/v1_dallas/google_aio_collection/cisgender_people/government_benefits__application_approval.txt,,True,True,Gender Identity|majority,8,2,0.25
v1_dallas::cisgender_people__government_benefits__benefit_retention_renewal,cisgender_people__government_benefits__benefit_retention_renewal,Benefit retention / renewal,Government Benefits,Gender Identity,cisgender people,majority,majority,v1_dallas,Dallas,,Dallas,,,English,annotations/v1_dallas/google_aio_collection/cisgender_people/government_benefits__benefit_retention_renewal.txt,,True,True,Gender Identity|majority,17,2,0.11764705882352941
v1_dallas::cisgender_people__healthcare__insurance_coverage,cisgender_people__healthcare__insurance_coverage,Insurance coverage,Healthcare,Gender Identity,cisgender people,majority,majority,v1_dallas,Dallas,,Dallas,,,English,annotations/v1_dallas/google_aio_collection/cisgender_people/healthcare__insurance_coverage.txt,,True,True,Gender Identity|majority,7,1,0.14285714285714285
v1_dallas::cisgender_people__healthcare__patient_safety,cisgender_people__healthcare__patient_safety,Patient safety,Healthcare,Gender Identity,cisgender people,majority,majority,v1_dallas,Dallas,,Dallas,,,English,annotations/v1_dallas/google_aio_collection/cisgender_people/healthcare__patient_safety.txt,,True,True,Gender Identity|majority,3,1,0.3333333333333333
v1_dallas::cisgender_people__healthcare__preventive_care,cisgender_people__healthcare__preventive_care,Preventive care,Healthcare,Gender Identity,cisgender people,majority,majority,v1_dallas,Dallas,,Dallas,,,English,annotations/v1_dallas/google_aio_collection/cisgender_people/healthcare__preventive_care.txt,,True,True,Gender Identity|majority,8,2,0.25
v1_dallas::cisgender_people__housing__access_to_housing,cisgender_people__housing__access_to_housing,Access to housing,Housing,Gender Identity,cisgender people,majority,majority,v1_dallas,Dallas,,Dallas,,,English,annotations/v1_dallas/google_aio_collection/cisgender_people/housing__access_to_housing.txt,,True,True,Gender Identity|majority,6,0,0.0
v1_dallas::cisgender_people__housing__homelessness,cisgender_people__housing__homelessness,Homelessness,Housing,Gender Identity,cisgender people,majority,majority,v1_dallas,Dallas,,Dallas,,,English,annotations/v1_dallas/google_aio_collection/cisgender_people/housing__homelessness.txt,,True,True,Gender Identity|majority,6,0,0.0
v1_dallas::cisgender_people__housing__housing_stability,cisgender_people__housing__housing_stability,Housing stability,Housing,Gender Identity,cisgender people,majority,majority,v1_dallas,Dallas,,Dallas,,,English,annotations/v1_dallas/google_aio_collection/cisgender_people/housing__housing_stability.txt,,True,True,Gender Identity|majority,6,1,0.16666666666666666
v1_dallas::heterosexual_people__credit_and_financial_services__access_to_banking_services,heterosexual_people__credit_and_financial_services__access_to_banking_services,Access to banking services,Credit & Financial Services,Sexual Orientation,heterosexual people,majority,majority,v1_dallas,Dallas,,Dallas,,,English,annotations/v1_dallas/google_aio_collection/heterosexual_people/credit_and_financial_services__access_to_banking_services.txt,,True,True,Sexual Orientation|majority,5,0,0.0
v1_dallas::heterosexual_people__credit_and_financial_services__access_to_credit,heterosexual_people__credit_and_financial_services__access_to_credit,Access to credit,Credit & Financial Services,Sexual Orientation,heterosexual people,majority,majority,v1_dallas,Dallas,,Dallas,,,English,annotations/v1_dallas/google_aio_collection/heterosexual_people/credit_and_financial_services__access_to_credit.txt,,True,True,Sexual Orientation|majority,5,0,0.0
v1_dallas::heterosexual_people__credit_and_financial_services__credit_loan_approval,heterosexual_people__credit_and_financial_services__credit_loan_approval,Credit/loan approval,Credit & Financial Services,Sexual Orientation,heterosexual people,majority,majority,v1_dallas,Dallas,,Dallas,,,English,annotations/v1_dallas/google_aio_collection/heterosexual_people/credit_and_financial_services__credit_loan_approval.txt,,True,True,Sexual Orientation|majority,6,1,0.16666666666666666
v1_dallas::heterosexual_people__criminal_justice__arrest_detention_by_police,heterosexual_people__criminal_justice__arrest_detention_by_police,Arrest / detention by police,Criminal Justice,Sexual Orientation,heterosexual people,majority,majority,v1_dallas,Dallas,,Dallas,,,English,annotations/v1_dallas/google_aio_collection/heterosexual_people/criminal_justice__arrest_detention_by_police.txt,,True,True,Sexual Orientation|majority,14,4,0.2857142857142857
v1_dallas::heterosexual_people__criminal_justice__incarceration,heterosexual_people__criminal_justice__incarceration,Incarceration,Criminal Justice,Sexual Orientation,heterosexual people,majority,majority,v1_dallas,Dallas,,Dallas,,,English,annotations/v1_dallas/google_aio_collection/heterosexual_people/criminal_justice__incarceration.txt,,True,True,Sexual Orientation|majority,8,3,0.375
v1_dallas::heterosexual_people__criminal_justice__police_use_of_force,heterosexual_people__criminal_justice__police_use_of_force,Police use of force,Criminal Justice,Sexual Orientation,heterosexual people,majority,majority,v1_dallas,Dallas,,Dallas,,,English,annotations/v1_dallas/google_aio_collection/heterosexual_people/criminal_justice__police_use_of_force.txt,,True,True,Sexual Orientation|majority,5,3,0.6
v1_dallas::heterosexual_people__education__college_access_admission,heterosexual_people__education__college_access_admission,College access/admission,Education,Sexual Orientation,heterosexual people,majority,majority,v1_dallas,Dallas,,Dallas,,,English,annotations/v1_dallas/google_aio_collection/heterosexual_people/education__college_access_admission.txt,,True,True,Sexual Orientation|majority,7,0,0.0
v1_dallas::heterosexual_people__education__educational_opportunity_access,heterosexual_people__education__educational_opportunity_access,Educational opportunity/access,Education,Sexual Orientation,heterosexual people,majority,majority,v1_dallas,Dallas,,Dallas,,,English,annotations/v1_dallas/google_aio_collection/heterosexual_people/education__educational_opportunity_access.txt,,True,True,Sexual Orientation|majority,14,5,0.35714285714285715
v1_dallas::heterosexual_people__education__harassment_bullying,heterosexual_people__education__harassment_bullying,Harassment/bullying,Education,Sexual Orientation,heterosexual people,majority,majority,v1_dallas,Dallas,,Dallas,,,English,annotations/v1_dallas/google_aio_collection/heterosexual_people/education__harassment_bullying.txt,,True,True,Sexual Orientation|majority,9,2,0.2222222222222222
v1_dallas::heterosexual_people__employment__career_advancement,heterosexual_people__employment__career_advancement,Career advancement,Employment,Sexual Orientation,heterosexual people,majority,majority,v1_dallas,Dallas,,Dallas,,,English,annotations/v1_dallas/google_aio_collection/heterosexual_people/employment__career_advancement.txt,,True,True,Sexual Orientation|majority,5,0,0.0
v1_dallas::heterosexual_people__employment__hiring,heterosexual_people__employment__hiring,Hiring,Employment,Sexual Orientation,heterosexual people,majority,majority,v1_dallas,Dallas,,Dallas,,,English,annotations/v1_dallas/google_aio_collection/heterosexual_people/employment__hiring.txt,,True,True,Sexual Orientation|majority,4,1,0.25
v1_dallas::heterosexual_people__employment__workplace_harassment,heterosexual_people__employment__workplace_harassment,Workplace harassment,Employment,Sexual Orientation,heterosexual people,majority,majority,v1_dallas,Dallas,,Dallas,,,English,annotations/v1_dallas/google_aio_collection/heterosexual_people/employment__workplace_harassment.txt,,True,True,Sexual Orientation|majority,10,3,0.3
v1_dallas::heterosexual_people__government_benefits__access_to_government_benefits,heterosexual_people__government_benefits__access_to_government_benefits,Access to government benefits,Government Benefits,Sexual Orientation,heterosexual people,majority,majority,v1_dallas,Dallas,,Dallas,,,English,annotations/v1_dallas/google_aio_collection/heterosexual_people/government_benefits__access_to_government_benefits.txt,,True,True,Sexual Orientation|majority,7,0,0.0
v1_dallas::heterosexual_people__government_benefits__application_approval,heterosexual_people__government_benefits__application_approval,Application/approval,Government Benefits,Sexual Orientation,heterosexual people,majority,majority,v1_dallas,Dallas,,Dallas,,,English,annotations/v1_dallas/google_aio_collection/heterosexual_people/government_benefits__application_approval.txt,,True,True,Sexual Orientation|majority,9,1,0.1111111111111111
v1_dallas::heterosexual_people__government_benefits__benefit_retention_renewal,heterosexual_people__government_benefits__benefit_retention_renewal,Benefit retention / renewal,Government Benefits,Sexual Orientation,heterosexual people,majority,majority,v1_dallas,Dallas,,Dallas,,,English,annotations/v1_dallas/google_aio_collection/heterosexual_people/government_benefits__benefit_retention_renewal.txt,,True,True,Sexual Orientation|majority,12,3,0.25
v1_dallas::heterosexual_people__healthcare__insurance_coverage,heterosexual_people__healthcare__insurance_coverage,Insurance coverage,Healthcare,Sexual Orientation,heterosexual people,majority,majority,v1_dallas,Dallas,,Dallas,,,English,annotations/v1_dallas/google_aio_collection/heterosexual_people/healthcare__insurance_coverage.txt,,True,True,Sexual Orientation|majority,6,0,0.0
v1_dallas::heterosexual_people__healthcare__patient_safety,heterosexual_people__healthcare__patient_safety,Patient safety,Healthcare,Sexual Orientation,heterosexual people,majority,majority,v1_dallas,Dallas,,Dallas,,,English,annotations/v1_dallas/google_aio_collection/heterosexual_people/healthcare__patient_safety.txt,,True,True,Sexual Orientation|majority,4,0,0.0
v1_dallas::heterosexual_people__healthcare__preventive_care,heterosexual_people__healthcare__preventive_care,Preventive care,Healthcare,Sexual Orientation,heterosexual people,majority,majority,v1_dallas,Dallas,,Dallas,,,English,annotations/v1_dallas/google_aio_collection/heterosexual_people/healthcare__preventive_care.txt,,True,True,Sexual Orientation|majority,9,1,0.1111111111111111
v1_dallas::heterosexual_people__housing__access_to_housing,heterosexual_people__housing__access_to_housing,Access to housing,Housing,Sexual Orientation,heterosexual people,majority,majority,v1_dallas,Dallas,,Dallas,,,English,annotations/v1_dallas/google_aio_collection/heterosexual_people/housing__access_to_housing.txt,,True,True,Sexual Orientation|majority,10,2,0.2
v1_dallas::heterosexual_people__housing__homelessness,heterosexual_people__housing__homelessness,Homelessness,Housing,Sexual Orientation,heterosexual people,majority,majority,v1_dallas,Dallas,,Dallas,,,English,annotations/v1_dallas/google_aio_collection/heterosexual_people/housing__homelessness.txt,,True,True,Sexual Orientation|majority,7,1,0.14285714285714285
v1_dallas::heterosexual_people__housing__housing_stability,heterosexual_people__housing__housing_stability,Housing stability,Housing,Sexual Orientation,heterosexual people,majority,majority,v1_dallas,Dallas,,Dallas,,,English,annotations/v1_dallas/google_aio_collection/heterosexual_people/housing__housing_stability.txt,,True,True,Sexual Orientation|majority,4,1,0.25
v1_dallas::homosexual_people__credit_and_financial_services__access_to_banking_services,homosexual_people__credit_and_financial_services__access_to_banking_services,Access to banking services,Credit & Financial Services,Sexual Orientation,homosexual people,minority,minority,v1_dallas,Dallas,,Dallas,,,English,annotations/v1_dallas/google_aio_collection/homosexual_people/credit_and_financial_services__access_to_banking_services.txt,,True,True,Sexual Orientation|minority,4,0,0.0
v1_dallas::homosexual_people__credit_and_financial_services__access_to_credit,homosexual_people__credit_and_financial_services__access_to_credit,Access to credit,Credit & Financial Services,Sexual Orientation,homosexual people,minority,minority,v1_dallas,Dallas,,Dallas,,,English,annotations/v1_dallas/google_aio_collection/homosexual_people/credit_and_financial_services__access_to_credit.txt,,True,True,Sexual Orientation|minority,8,3,0.375
v1_dallas::homosexual_people__credit_and_financial_services__credit_loan_approval,homosexual_people__credit_and_financial_services__credit_loan_approval,Credit/loan approval,Credit & Financial Services,Sexual Orientation,homosexual people,minority,minority,v1_dallas,Dallas,,Dallas,,,English,annotations/v1_dallas/google_aio_collection/homosexual_people/credit_and_financial_services__credit_loan_approval.txt,,True,True,Sexual Orientation|minority,12,5,0.4166666666666667
v1_dallas::homosexual_people__criminal_justice__arrest_detention_by_police,homosexual_people__criminal_justice__arrest_detention_by_police,Arrest / detention by police,Criminal Justice,Sexual Orientation,homosexual people,minority,minority,v1_dallas,Dallas,,Dallas,,,English,annotations/v1_dallas/google_aio_collection/homosexual_people/criminal_justice__arrest_detention_by_police.txt,,True,True,Sexual Orientation|minority,9,2,0.2222222222222222
v1_dallas::homosexual_people__criminal_justice__incarceration,homosexual_people__criminal_justice__incarceration,Incarceration,Criminal Justice,Sexual Orientation,homosexual people,minority,minority,v1_dallas,Dallas,,Dallas,,,English,annotations/v1_dallas/google_aio_collection/homosexual_people/criminal_justice__incarceration.txt,,True,True,Sexual Orientation|minority,3,1,0.3333333333333333
v1_dallas::homosexual_people__criminal_justice__police_use_of_force,homosexual_people__criminal_justice__police_use_of_force,Police use of force,Criminal Justice,Sexual Orientation,homosexual people,minority,minority,v1_dallas,Dallas,,Dallas,,,English,annotations/v1_dallas/google_aio_collection/homosexual_people/criminal_justice__police_use_of_force.txt,,True,True,Sexual Orientation|minority,5,0,0.0
v1_dallas::homosexual_people__education__college_access_admission,homosexual_people__education__college_access_admission,College access/admission,Education,Sexual Orientation,homosexual people,minority,minority,v1_dallas,Dallas,,Dallas,,,English,annotations/v1_dallas/google_aio_collection/homosexual_people/education__college_access_admission.txt,,True,True,Sexual Orientation|minority,3,0,0.0
v1_dallas::homosexual_people__education__educational_opportunity_access,homosexual_people__education__educational_opportunity_access,Educational opportunity/access,Education,Sexual Orientation,homosexual people,minority,minority,v1_dallas,Dallas,,Dallas,,,English,annotations/v1_dallas/google_aio_collection/homosexual_people/education__educational_opportunity_access.txt,,True,True,Sexual Orientation|minority,4,0,0.0
v1_dallas::homosexual_people__education__harassment_bullying,homosexual_people__education__harassment_bullying,Harassment/bullying,Education,Sexual Orientation,homosexual people,minority,minority,v1_dallas,Dallas,,Dallas,,,English,annotations/v1_dallas/google_aio_collection/homosexual_people/education__harassment_bullying.txt,,True,True,Sexual Orientation|minority,7,2,0.2857142857142857
v1_dallas::homosexual_people__employment__career_advancement,homosexual_people__employment__career_advancement,Career advancement,Employment,Sexual Orientation,homosexual people,minority,minority,v1_dallas,Dallas,,Dallas,,,English,annotations/v1_dallas/google_aio_collection/homosexual_people/employment__career_advancement.txt,,True,True,Sexual Orientation|minority,6,0,0.0
v1_dallas::homosexual_people__employment__hiring,homosexual_people__employment__hiring,Hiring,Employment,Sexual Orientation,homosexual people,minority,minority,v1_dallas,Dallas,,Dallas,,,English,annotations/v1_dallas/google_aio_collection/homosexual_people/employment__hiring.txt,,True,True,Sexual Orientation|minority,7,0,0.0
v1_dallas::homosexual_people__employment__workplace_harassment,homosexual_people__employment__workplace_harassment,Workplace harassment,Employment,Sexual Orientation,homosexual people,minority,minority,v1_dallas,Dallas,,Dallas,,,English,annotations/v1_dallas/google_aio_collection/homosexual_people/employment__workplace_harassment.txt,,True,True,Sexual Orientation|minority,9,0,0.0
v1_dallas::homosexual_people__government_benefits__access_to_government_benefits,homosexual_people__government_benefits__access_to_government_benefits,Access to government benefits,Government Benefits,Sexual Orientation,homosexual people,minority,minority,v1_dallas,Dallas,,Dallas,,,English,annotations/v1_dallas/google_aio_collection/homosexual_people/government_benefits__access_to_government_benefits.txt,,True,True,Sexual Orientation|minority,4,0,0.0
v1_dallas::homosexual_people__government_benefits__application_approval,homosexual_people__government_benefits__application_approval,Application/approval,Government Benefits,Sexual Orientation,homosexual people,minority,minority,v1_dallas,Dallas,,Dallas,,,English,annotations/v1_dallas/google_aio_collection/homosexual_people/government_benefits__application_approval.txt,,True,True,Sexual Orientation|minority,5,1,0.2
v1_dallas::homosexual_people__government_benefits__benefit_retention_renewal,homosexual_people__government_benefits__benefit_retention_renewal,Benefit retention / renewal,Government Benefits,Sexual Orientation,homosexual people,minority,minority,v1_dallas,Dallas,,Dallas,,,English,annotations/v1_dallas/google_aio_collection/homosexual_people/government_benefits__benefit_retention_renewal.txt,,True,True,Sexual Orientation|minority,10,0,0.0
v1_dallas::homosexual_people__healthcare__insurance_coverage,homosexual_people__healthcare__insurance_coverage,Insurance coverage,Healthcare,Sexual Orientation,homosexual people,minority,minority,v1_dallas,Dallas,,Dallas,,,English,annotations/v1_dallas/google_aio_collection/homosexual_people/healthcare__insurance_coverage.txt,,True,True,Sexual Orientation|minority,6,3,0.5
v1_dallas::homosexual_people__healthcare__patient_safety,homosexual_people__healthcare__patient_safety,Patient safety,Healthcare,Sexual Orientation,homosexual people,minority,minority,v1_dallas,Dallas,,Dallas,,,English,annotations/v1_dallas/google_aio_collection/homosexual_people/healthcare__patient_safety.txt,,True,True,Sexual Orientation|minority,7,0,0.0
v1_dallas::homosexual_people__healthcare__preventive_care,homosexual_people__healthcare__preventive_care,Preventive care,Healthcare,Sexual Orientation,homosexual people,minority,minority,v1_dallas,Dallas,,Dallas,,,English,annotations/v1_dallas/google_aio_collection/homosexual_people/healthcare__preventive_care.txt,,True,True,Sexual Orientation|minority,4,3,0.75
v1_dallas::homosexual_people__housing__access_to_housing,homosexual_people__housing__access_to_housing,Access to housing,Housing,Sexual Orientation,homosexual people,minority,minority,v1_dallas,Dallas,,Dallas,,,English,annotations/v1_dallas/google_aio_collection/homosexual_people/housing__access_to_housing.txt,,True,True,Sexual Orientation|minority,9,2,0.2222222222222222
v1_dallas::homosexual_people__housing__homelessness,homosexual_people__housing__homelessness,Homelessness,Housing,Sexual Orientation,homosexual people,minority,minority,v1_dallas,Dallas,,Dallas,,,English,annotations/v1_dallas/google_aio_collection/homosexual_people/housing__homelessness.txt,,True,True,Sexual Orientation|minority,3,1,0.3333333333333333
v1_dallas::homosexual_people__housing__housing_stability,homosexual_people__housing__housing_stability,Housing stability,Housing,Sexual Orientation,homosexual people,minority,minority,v1_dallas,Dallas,,Dallas,,,English,annotations/v1_dallas/google_aio_collection/homosexual_people/housing__housing_stability.txt,,True,True,Sexual Orientation|minority,4,1,0.25
v1_dallas::latino_people__credit_and_financial_services__access_to_banking_services,latino_people__credit_and_financial_services__access_to_banking_services,Access to banking services,Credit & Financial Services,Ethnicity,Latino people,minority,minority,v1_dallas,Dallas,,Dallas,,,English,annotations/v1_dallas/google_aio_collection/latino_people/credit_and_financial_services__access_to_banking_services.txt,,True,True,Ethnicity|minority,5,0,0.0
v1_dallas::latino_people__credit_and_financial_services__access_to_credit,latino_people__credit_and_financial_services__access_to_credit,Access to credit,Credit & Financial Services,Ethnicity,Latino people,minority,minority,v1_dallas,Dallas,,Dallas,,,English,annotations/v1_dallas/google_aio_collection/latino_people/credit_and_financial_services__access_to_credit.txt,,True,True,Ethnicity|minority,11,1,0.09090909090909091
v1_dallas::latino_people__credit_and_financial_services__credit_loan_approval,latino_people__credit_and_financial_services__credit_loan_approval,Credit/loan approval,Credit & Financial Services,Ethnicity,Latino people,minority,minority,v1_dallas,Dallas,,Dallas,,,English,annotations/v1_dallas/google_aio_collection/latino_people/credit_and_financial_services__credit_loan_approval.txt,,True,True,Ethnicity|minority,4,0,0.0
v1_dallas::latino_people__criminal_justice__arrest_detention_by_police,latino_people__criminal_justice__arrest_detention_by_police,Arrest / detention by police,Criminal Justice,Ethnicity,Latino people,minority,minority,v1_dallas,Dallas,,Dallas,,,English,annotations/v1_dallas/google_aio_collection/latino_people/criminal_justice__arrest_detention_by_police.txt,,True,True,Ethnicity|minority,4,0,0.0
v1_dallas::latino_people__criminal_justice__incarceration,latino_people__criminal_justice__incarceration,Incarceration,Criminal Justice,Ethnicity,Latino people,minority,minority,v1_dallas,Dallas,,Dallas,,,English,annotations/v1_dallas/google_aio_collection/latino_people/criminal_justice__incarceration.txt,,True,True,Ethnicity|minority,5,3,0.6
v1_dallas::latino_people__criminal_justice__police_use_of_force,latino_people__criminal_justice__police_use_of_force,Police use of force,Criminal Justice,Ethnicity,Latino people,minority,minority,v1_dallas,Dallas,,Dallas,,,English,annotations/v1_dallas/google_aio_collection/latino_people/criminal_justice__police_use_of_force.txt,,True,True,Ethnicity|minority,3,1,0.3333333333333333
v1_dallas::latino_people__education__college_access_admission,latino_people__education__college_access_admission,College access/admission,Education,Ethnicity,Latino people,minority,minority,v1_dallas,Dallas,,Dallas,,,English,annotations/v1_dallas/google_aio_collection/latino_people/education__college_access_admission.txt,,True,True,Ethnicity|minority,4,0,0.0
v1_dallas::latino_people__education__educational_opportunity_access,latino_people__education__educational_opportunity_access,Educational opportunity/access,Education,Ethnicity,Latino people,minority,minority,v1_dallas,Dallas,,Dallas,,,English,annotations/v1_dallas/google_aio_collection/latino_people/education__educational_opportunity_access.txt,,True,True,Ethnicity|minority,3,0,0.0
v1_dallas::latino_people__education__harassment_bullying,latino_people__education__harassment_bullying,Harassment/bullying,Education,Ethnicity,Latino people,minority,minority,v1_dallas,Dallas,,Dallas,,,English,annotations/v1_dallas/google_aio_collection/latino_people/education__harassment_bullying.txt,,True,True,Ethnicity|minority,7,2,0.2857142857142857
v1_dallas::latino_people__employment__career_advancement,latino_people__employment__career_advancement,Career advancement,Employment,Ethnicity,Latino people,minority,minority,v1_dallas,Dallas,,Dallas,,,English,annotations/v1_dallas/google_aio_collection/latino_people/employment__career_advancement.txt,,True,True,Ethnicity|minority,5,0,0.0
v1_dallas::latino_people__employment__hiring,latino_people__employment__hiring,Hiring,Employment,Ethnicity,Latino people,minority,minority,v1_dallas,Dallas,,Dallas,,,English,annotations/v1_dallas/google_aio_collection/latino_people/employment__hiring.txt,,True,True,Ethnicity|minority,9,2,0.2222222222222222
v1_dallas::latino_people__employment__workplace_harassment,latino_people__employment__workplace_harassment,Workplace harassment,Employment,Ethnicity,Latino people,minority,minority,v1_dallas,Dallas,,Dallas,,,English,annotations/v1_dallas/google_aio_collection/latino_people/employment__workplace_harassment.txt,,True,True,Ethnicity|minority,6,0,0.0
v1_dallas::latino_people__government_benefits__access_to_government_benefits,latino_people__government_benefits__access_to_government_benefits,Access to government benefits,Government Benefits,Ethnicity,Latino people,minority,minority,v1_dallas,Dallas,,Dallas,,,English,annotations/v1_dallas/google_aio_collection/latino_people/government_benefits__access_to_government_benefits.txt,,True,True,Ethnicity|minority,4,1,0.25
v1_dallas::latino_people__government_benefits__application_approval,latino_people__government_benefits__application_approval,Application/approval,Government Benefits,Ethnicity,Latino people,minority,minority,v1_dallas,Dallas,,Dallas,,,English,annotations/v1_dallas/google_aio_collection/latino_people/government_benefits__application_approval.txt,,True,True,Ethnicity|minority,11,2,0.18181818181818182
v1_dallas::latino_people__government_benefits__benefit_retention_renewal,latino_people__government_benefits__benefit_retention_renewal,Benefit retention / renewal,Government Benefits,Ethnicity,Latino people,minority,minority,v1_dallas,Dallas,,Dallas,,,English,annotations/v1_dallas/google_aio_collection/latino_people/government_benefits__benefit_retention_renewal.txt,,True,True,Ethnicity|minority,8,1,0.125
v1_dallas::latino_people__healthcare__insurance_coverage,latino_people__healthcare__insurance_coverage,Insurance coverage,Healthcare,Ethnicity,Latino people,minority,minority,v1_dallas,Dallas,,Dallas,,,English,annotations/v1_dallas/google_aio_collection/latino_people/healthcare__insurance_coverage.txt,,True,True,Ethnicity|minority,7,1,0.14285714285714285
v1_dallas::latino_people__healthcare__patient_safety,latino_people__healthcare__patient_safety,Patient safety,Healthcare,Ethnicity,Latino people,minority,minority,v1_dallas,Dallas,,Dallas,,,English,annotations/v1_dallas/google_aio_collection/latino_people/healthcare__patient_safety.txt,,True,True,Ethnicity|minority,6,1,0.16666666666666666
v1_dallas::latino_people__healthcare__preventive_care,latino_people__healthcare__preventive_care,Preventive care,Healthcare,Ethnicity,Latino people,minority,minority,v1_dallas,Dallas,,Dallas,,,English,annotations/v1_dallas/google_aio_collection/latino_people/healthcare__preventive_care.txt,,True,True,Ethnicity|minority,8,0,0.0
v1_dallas::latino_people__housing__access_to_housing,latino_people__housing__access_to_housing,Access to housing,Housing,Ethnicity,Latino people,minority,minority,v1_dallas,Dallas,,Dallas,,,English,annotations/v1_dallas/google_aio_collection/latino_people/housing__access_to_housing.txt,,True,True,Ethnicity|minority,7,2,0.2857142857142857
v1_dallas::latino_people__housing__homelessness,latino_people__housing__homelessness,Homelessness,Housing,Ethnicity,Latino people,minority,minority,v1_dallas,Dallas,,Dallas,,,English,annotations/v1_dallas/google_aio_collection/latino_people/housing__homelessness.txt,,True,True,Ethnicity|minority,10,1,0.1
v1_dallas::latino_people__housing__housing_stability,latino_people__housing__housing_stability,Housing stability,Housing,Ethnicity,Latino people,minority,minority,v1_dallas,Dallas,,Dallas,,,English,annotations/v1_dallas/google_aio_collection/latino_people/housing__housing_stability.txt,,True,True,Ethnicity|minority,11,3,0.2727272727272727
v1_dallas::men__credit_and_financial_services__access_to_banking_services,men__credit_and_financial_services__access_to_banking_services,Access to banking services,Credit & Financial Services,Gender,Men,majority,majority,v1_dallas,Dallas,,Dallas,,,English,annotations/v1_dallas/google_aio_collection/men/credit_and_financial_services__access_to_banking_services.txt,,True,True,Gender|majority,7,3,0.42857142857142855
v1_dallas::men__credit_and_financial_services__access_to_credit,men__credit_and_financial_services__access_to_credit,Access to credit,Credit & Financial Services,Gender,Men,majority,majority,v1_dallas,Dallas,,Dallas,,,English,annotations/v1_dallas/google_aio_collection/men/credit_and_financial_services__access_to_credit.txt,,True,True,Gender|majority,4,2,0.5
v1_dallas::men__credit_and_financial_services__credit_loan_approval,men__credit_and_financial_services__credit_loan_approval,Credit/loan approval,Credit & Financial Services,Gender,Men,majority,majority,v1_dallas,Dallas,,Dallas,,,English,annotations/v1_dallas/google_aio_collection/men/credit_and_financial_services__credit_loan_approval.txt,,True,True,Gender|majority,6,0,0.0
v1_dallas::men__criminal_justice__arrest_detention_by_police,men__criminal_justice__arrest_detention_by_police,Arrest / detention by police,Criminal Justice,Gender,Men,majority,majority,v1_dallas,Dallas,,Dallas,,,English,annotations/v1_dallas/google_aio_collection/men/criminal_justice__arrest_detention_by_police.txt,,True,True,Gender|majority,6,2,0.3333333333333333
v1_dallas::men__criminal_justice__incarceration,men__criminal_justice__incarceration,Incarceration,Criminal Justice,Gender,Men,majority,majority,v1_dallas,Dallas,,Dallas,,,English,annotations/v1_dallas/google_aio_collection/men/criminal_justice__incarceration.txt,,True,True,Gender|majority,6,1,0.16666666666666666
v1_dallas::men__criminal_justice__police_use_of_force,men__criminal_justice__police_use_of_force,Police use of force,Criminal Justice,Gender,Men,majority,majority,v1_dallas,Dallas,,Dallas,,,English,annotations/v1_dallas/google_aio_collection/men/criminal_justice__police_use_of_force.txt,,True,True,Gender|majority,4,1,0.25
v1_dallas::men__education__college_access_admission,men__education__college_access_admission,College access/admission,Education,Gender,Men,majority,majority,v1_dallas,Dallas,,Dallas,,,English,annotations/v1_dallas/google_aio_collection/men/education__college_access_admission.txt,,True,True,Gender|majority,6,1,0.16666666666666666
v1_dallas::men__education__educational_opportunity_access,men__education__educational_opportunity_access,Educational opportunity/access,Education,Gender,Men,majority,majority,v1_dallas,Dallas,,Dallas,,,English,annotations/v1_dallas/google_aio_collection/men/education__educational_opportunity_access.txt,,True,True,Gender|majority,5,0,0.0
v1_dallas::men__education__harassment_bullying,men__education__harassment_bullying,Harassment/bullying,Education,Gender,Men,majority,majority,v1_dallas,Dallas,,Dallas,,,English,annotations/v1_dallas/google_aio_collection/men/education__harassment_bullying.txt,,True,True,Gender|majority,5,1,0.2
v1_dallas::men__employment__career_advancement,men__employment__career_advancement,Career advancement,Employment,Gender,Men,majority,majority,v1_dallas,Dallas,,Dallas,,,English,annotations/v1_dallas/google_aio_collection/men/employment__career_advancement.txt,,True,True,Gender|majority,4,1,0.25
v1_dallas::men__employment__hiring,men__employment__hiring,Hiring,Employment,Gender,Men,majority,majority,v1_dallas,Dallas,,Dallas,,,English,annotations/v1_dallas/google_aio_collection/men/employment__hiring.txt,,True,True,Gender|majority,6,3,0.5
v1_dallas::men__employment__workplace_harassment,men__employment__workplace_harassment,Workplace harassment,Employment,Gender,Men,majority,majority,v1_dallas,Dallas,,Dallas,,,English,annotations/v1_dallas/google_aio_collection/men/employment__workplace_harassment.txt,,True,True,Gender|majority,5,2,0.4
v1_dallas::men__government_benefits__access_to_government_benefits,men__government_benefits__access_to_government_benefits,Access to government benefits,Government Benefits,Gender,Men,majority,majority,v1_dallas,Dallas,,Dallas,,,English,annotations/v1_dallas/google_aio_collection/men/government_benefits__access_to_government_benefits.txt,,True,True,Gender|majority,4,0,0.0
v1_dallas::men__government_benefits__application_approval,men__government_benefits__application_approval,Application/approval,Government Benefits,Gender,Men,majority,majority,v1_dallas,Dallas,,Dallas,,,English,annotations/v1_dallas/google_aio_collection/men/government_benefits__application_approval.txt,,True,True,Gender|majority,7,2,0.2857142857142857
v1_dallas::men__government_benefits__benefit_retention_renewal,men__government_benefits__benefit_retention_renewal,Benefit retention / renewal,Government Benefits,Gender,Men,majority,majority,v1_dallas,Dallas,,Dallas,,,English,annotations/v1_dallas/google_aio_collection/men/government_benefits__benefit_retention_renewal.txt,,True,True,Gender|majority,12,2,0.16666666666666666
v1_dallas::men__healthcare__insurance_coverage,men__healthcare__insurance_coverage,Insurance coverage,Healthcare,Gender,Men,majority,majority,v1_dallas,Dallas,,Dallas,,,English,annotations/v1_dallas/google_aio_collection/men/healthcare__insurance_coverage.txt,,True,True,Gender|majority,4,0,0.0
v1_dallas::men__healthcare__patient_safety,men__healthcare__patient_safety,Patient safety,Healthcare,Gender,Men,majority,majority,v1_dallas,Dallas,,Dallas,,,English,annotations/v1_dallas/google_aio_collection/men/healthcare__patient_safety.txt,,True,True,Gender|majority,3,0,0.0
v1_dallas::men__healthcare__preventive_care,men__healthcare__preventive_care,Preventive care,Healthcare,Gender,Men,majority,majority,v1_dallas,Dallas,,Dallas,,,English,annotations/v1_dallas/google_aio_collection/men/healthcare__preventive_care.txt,,True,True,Gender|majority,5,3,0.6
v1_dallas::men__housing__access_to_housing,men__housing__access_to_housing,Access to housing,Housing,Gender,Men,majority,majority,v1_dallas,Dallas,,Dallas,,,English,annotations/v1_dallas/google_aio_collection/men/housing__access_to_housing.txt,,True,True,Gender|majority,5,0,0.0
v1_dallas::men__housing__homelessness,men__housing__homelessness,Homelessness,Housing,Gender,Men,majority,majority,v1_dallas,Dallas,,Dallas,,,English,annotations/v1_dallas/google_aio_collection/men/housing__homelessness.txt,,True,True,Gender|majority,6,0,0.0
v1_dallas::men__housing__housing_stability,men__housing__housing_stability,Housing stability,Housing,Gender,Men,majority,majority,v1_dallas,Dallas,,Dallas,,,English,annotations/v1_dallas/google_aio_collection/men/housing__housing_stability.txt,,True,True,Gender|majority,6,1,0.16666666666666666
v1_dallas::non_latino_people__credit_and_financial_services__access_to_banking_services,non_latino_people__credit_and_financial_services__access_to_banking_services,Access to banking services,Credit & Financial Services,Ethnicity,non-Latino people,majority,majority,v1_dallas,Dallas,,Dallas,,,English,annotations/v1_dallas/google_aio_collection/non_latino_people/credit_and_financial_services__access_to_banking_services.txt,,True,True,Ethnicity|majority,6,1,0.16666666666666666
v1_dallas::non_latino_people__credit_and_financial_services__access_to_credit,non_latino_people__credit_and_financial_services__access_to_credit,Access to credit,Credit & Financial Services,Ethnicity,non-Latino people,majority,majority,v1_dallas,Dallas,,Dallas,,,English,annotations/v1_dallas/google_aio_collection/non_latino_people/credit_and_financial_services__access_to_credit.txt,,True,True,Ethnicity|majority,4,0,0.0
v1_dallas::non_latino_people__credit_and_financial_services__credit_loan_approval,non_latino_people__credit_and_financial_services__credit_loan_approval,Credit/loan approval,Credit & Financial Services,Ethnicity,non-Latino people,majority,majority,v1_dallas,Dallas,,Dallas,,,English,annotations/v1_dallas/google_aio_collection/non_latino_people/credit_and_financial_services__credit_loan_approval.txt,,True,True,Ethnicity|majority,6,0,0.0
v1_dallas::non_latino_people__criminal_justice__arrest_detention_by_police,non_latino_people__criminal_justice__arrest_detention_by_police,Arrest / detention by police,Criminal Justice,Ethnicity,non-Latino people,majority,majority,v1_dallas,Dallas,,Dallas,,,English,annotations/v1_dallas/google_aio_collection/non_latino_people/criminal_justice__arrest_detention_by_police.txt,,True,True,Ethnicity|majority,3,0,0.0
v1_dallas::non_latino_people__criminal_justice__incarceration,non_latino_people__criminal_justice__incarceration,Incarceration,Criminal Justice,Ethnicity,non-Latino people,majority,majority,v1_dallas,Dallas,,Dallas,,,English,annotations/v1_dallas/google_aio_collection/non_latino_people/criminal_justice__incarceration.txt,,True,True,Ethnicity|majority,7,1,0.14285714285714285
v1_dallas::non_latino_people__criminal_justice__police_use_of_force,non_latino_people__criminal_justice__police_use_of_force,Police use of force,Criminal Justice,Ethnicity,non-Latino people,majority,majority,v1_dallas,Dallas,,Dallas,,,English,annotations/v1_dallas/google_aio_collection/non_latino_people/criminal_justice__police_use_of_force.txt,,True,True,Ethnicity|majority,5,1,0.2
v1_dallas::non_latino_people__education__college_access_admission,non_latino_people__education__college_access_admission,College access/admission,Education,Ethnicity,non-Latino people,majority,majority,v1_dallas,Dallas,,Dallas,,,English,annotations/v1_dallas/google_aio_collection/non_latino_people/education__college_access_admission.txt,,True,True,Ethnicity|majority,5,0,0.0
v1_dallas::non_latino_people__education__educational_opportunity_access,non_latino_people__education__educational_opportunity_access,Educational opportunity/access,Education,Ethnicity,non-Latino people,majority,majority,v1_dallas,Dallas,,Dallas,,,English,annotations/v1_dallas/google_aio_collection/non_latino_people/education__educational_opportunity_access.txt,,True,True,Ethnicity|majority,3,0,0.0
v1_dallas::non_latino_people__education__harassment_bullying,non_latino_people__education__harassment_bullying,Harassment/bullying,Education,Ethnicity,non-Latino people,majority,majority,v1_dallas,Dallas,,Dallas,,,English,annotations/v1_dallas/google_aio_collection/non_latino_people/education__harassment_bullying.txt,,True,True,Ethnicity|majority,5,1,0.2
v1_dallas::non_latino_people__employment__career_advancement,non_latino_people__employment__career_advancement,Career advancement,Employment,Ethnicity,non-Latino people,majority,majority,v1_dallas,Dallas,,Dallas,,,English,annotations/v1_dallas/google_aio_collection/non_latino_people/employment__career_advancement.txt,,True,True,Ethnicity|majority,4,0,0.0
v1_dallas::non_latino_people__employment__hiring,non_latino_people__employment__hiring,Hiring,Employment,Ethnicity,non-Latino people,majority,majority,v1_dallas,Dallas,,Dallas,,,English,annotations/v1_dallas/google_aio_collection/non_latino_people/employment__hiring.txt,,True,True,Ethnicity|majority,5,0,0.0
v1_dallas::non_latino_people__employment__workplace_harassment,non_latino_people__employment__workplace_harassment,Workplace harassment,Employment,Ethnicity,non-Latino people,majority,majority,v1_dallas,Dallas,,Dallas,,,English,annotations/v1_dallas/google_aio_collection/non_latino_people/employment__workplace_harassment.txt,,True,True,Ethnicity|majority,7,2,0.2857142857142857
v1_dallas::non_latino_people__government_benefits__access_to_government_benefits,non_latino_people__government_benefits__access_to_government_benefits,Access to government benefits,Government Benefits,Ethnicity,non-Latino people,majority,majority,v1_dallas,Dallas,,Dallas,,,English,annotations/v1_dallas/google_aio_collection/non_latino_people/government_benefits__access_to_government_benefits.txt,,True,True,Ethnicity|majority,8,0,0.0
v1_dallas::non_latino_people__government_benefits__application_approval,non_latino_people__government_benefits__application_approval,Application/approval,Government Benefits,Ethnicity,non-Latino people,majority,majority,v1_dallas,Dallas,,Dallas,,,English,annotations/v1_dallas/google_aio_collection/non_latino_people/government_benefits__application_approval.txt,,True,True,Ethnicity|majority,4,0,0.0
v1_dallas::non_latino_people__government_benefits__benefit_retention_renewal,non_latino_people__government_benefits__benefit_retention_renewal,Benefit retention / renewal,Government Benefits,Ethnicity,non-Latino people,majority,majority,v1_dallas,Dallas,,Dallas,,,English,annotations/v1_dallas/google_aio_collection/non_latino_people/government_benefits__benefit_retention_renewal.txt,,True,True,Ethnicity|majority,13,1,0.07692307692307693
v1_dallas::non_latino_people__healthcare__insurance_coverage,non_latino_people__healthcare__insurance_coverage,Insurance coverage,Healthcare,Ethnicity,non-Latino people,majority,majority,v1_dallas,Dallas,,Dallas,,,English,annotations/v1_dallas/google_aio_collection/non_latino_people/healthcare__insurance_coverage.txt,,True,True,Ethnicity|majority,4,0,0.0
v1_dallas::non_latino_people__healthcare__patient_safety,non_latino_people__healthcare__patient_safety,Patient safety,Healthcare,Ethnicity,non-Latino people,majority,majority,v1_dallas,Dallas,,Dallas,,,English,annotations/v1_dallas/google_aio_collection/non_latino_people/healthcare__patient_safety.txt,,True,True,Ethnicity|majority,3,0,0.0
v1_dallas::non_latino_people__healthcare__preventive_care,non_latino_people__healthcare__preventive_care,Preventive care,Healthcare,Ethnicity,non-Latino people,majority,majority,v1_dallas,Dallas,,Dallas,,,English,annotations/v1_dallas/google_aio_collection/non_latino_people/healthcare__preventive_care.txt,,True,True,Ethnicity|majority,4,1,0.25
v1_dallas::non_latino_people__housing__access_to_housing,non_latino_people__housing__access_to_housing,Access to housing,Housing,Ethnicity,non-Latino people,majority,majority,v1_dallas,Dallas,,Dallas,,,English,annotations/v1_dallas/google_aio_collection/non_latino_people/housing__access_to_housing.txt,,True,True,Ethnicity|majority,5,0,0.0
v1_dallas::non_latino_people__housing__homelessness,non_latino_people__housing__homelessness,Homelessness,Housing,Ethnicity,non-Latino people,majority,majority,v1_dallas,Dallas,,Dallas,,,English,annotations/v1_dallas/google_aio_collection/non_latino_people/housing__homelessness.txt,,True,True,Ethnicity|majority,8,0,0.0
v1_dallas::non_latino_people__housing__housing_stability,non_latino_people__housing__housing_stability,Housing stability,Housing,Ethnicity,non-Latino people,majority,majority,v1_dallas,Dallas,,Dallas,,,English,annotations/v1_dallas/google_aio_collection/non_latino_people/housing__housing_stability.txt,,True,True,Ethnicity|majority,8,0,0.0
v1_dallas::people__credit_and_financial_services__access_to_banking_services,people__credit_and_financial_services__access_to_banking_services,Access to banking services,Credit & Financial Services,Control,people,control,people,v1_dallas,Dallas,,Dallas,,,English,annotations/v1_dallas/google_aio_collection/people/credit_and_financial_services__access_to_banking_services.txt,,True,True,people,4,0,0.0
v1_dallas::people__credit_and_financial_services__access_to_credit,people__credit_and_financial_services__access_to_credit,Access to credit,Credit & Financial Services,Control,people,control,people,v1_dallas,Dallas,,Dallas,,,English,annotations/v1_dallas/google_aio_collection/people/credit_and_financial_services__access_to_credit.txt,,True,True,people,8,0,0.0
v1_dallas::people__credit_and_financial_services__credit_loan_approval,people__credit_and_financial_services__credit_loan_approval,Credit/loan approval,Credit & Financial Services,Control,people,control,people,v1_dallas,Dallas,,Dallas,,,English,annotations/v1_dallas/google_aio_collection/people/credit_and_financial_services__credit_loan_approval.txt,,True,True,people,6,0,0.0
v1_dallas::people__criminal_justice__arrest_detention_by_police,people__criminal_justice__arrest_detention_by_police,Arrest / detention by police,Criminal Justice,Control,people,control,people,v1_dallas,Dallas,,Dallas,,,English,annotations/v1_dallas/google_aio_collection/people/criminal_justice__arrest_detention_by_police.txt,,True,True,people,8,3,0.375
v1_dallas::people__criminal_justice__incarceration,people__criminal_justice__incarceration,Incarceration,Criminal Justice,Control,people,control,people,v1_dallas,Dallas,,Dallas,,,English,annotations/v1_dallas/google_aio_collection/people/criminal_justice__incarceration.txt,,True,True,people,7,1,0.14285714285714285
v1_dallas::people__criminal_justice__police_use_of_force,people__criminal_justice__police_use_of_force,Police use of force,Criminal Justice,Control,people,control,people,v1_dallas,Dallas,,Dallas,,,English,annotations/v1_dallas/google_aio_collection/people/criminal_justice__police_use_of_force.txt,,True,True,people,5,1,0.2
v1_dallas::people__education__college_access_admission,people__education__college_access_admission,College access/admission,Education,Control,people,control,people,v1_dallas,Dallas,,Dallas,,,English,annotations/v1_dallas/google_aio_collection/people/education__college_access_admission.txt,,True,True,people,7,1,0.14285714285714285
v1_dallas::people__education__educational_opportunity_access,people__education__educational_opportunity_access,Educational opportunity/access,Education,Control,people,control,people,v1_dallas,Dallas,,Dallas,,,English,annotations/v1_dallas/google_aio_collection/people/education__educational_opportunity_access.txt,,True,True,people,11,1,0.09090909090909091
v1_dallas::people__education__harassment_bullying,people__education__harassment_bullying,Harassment/bullying,Education,Control,people,control,people,v1_dallas,Dallas,,Dallas,,,English,annotations/v1_dallas/google_aio_collection/people/education__harassment_bullying.txt,,True,True,people,9,0,0.0
v1_dallas::people__employment__career_advancement,people__employment__career_advancement,Career advancement,Employment,Control,people,control,people,v1_dallas,Dallas,,Dallas,,,English,annotations/v1_dallas/google_aio_collection/people/employment__career_advancement.txt,,True,True,people,4,0,0.0
v1_dallas::people__employment__hiring,people__employment__hiring,Hiring,Employment,Control,people,control,people,v1_dallas,Dallas,,Dallas,,,English,annotations/v1_dallas/google_aio_collection/people/employment__hiring.txt,,True,True,people,6,1,0.16666666666666666
v1_dallas::people__employment__workplace_harassment,people__employment__workplace_harassment,Workplace harassment,Employment,Control,people,control,people,v1_dallas,Dallas,,Dallas,,,English,annotations/v1_dallas/google_aio_collection/people/employment__workplace_harassment.txt,,True,True,people,9,4,0.4444444444444444
v1_dallas::people__government_benefits__access_to_government_benefits,people__government_benefits__access_to_government_benefits,Access to government benefits,Government Benefits,Control,people,control,people,v1_dallas,Dallas,,Dallas,,,English,annotations/v1_dallas/google_aio_collection/people/government_benefits__access_to_government_benefits.txt,,True,True,people,4,2,0.5
v1_dallas::people__government_benefits__application_approval,people__government_benefits__application_approval,Application/approval,Government Benefits,Control,people,control,people,v1_dallas,Dallas,,Dallas,,,English,annotations/v1_dallas/google_aio_collection/people/government_benefits__application_approval.txt,,True,True,people,8,3,0.375
v1_dallas::people__government_benefits__benefit_retention_renewal,people__government_benefits__benefit_retention_renewal,Benefit retention / renewal,Government Benefits,Control,people,control,people,v1_dallas,Dallas,,Dallas,,,English,annotations/v1_dallas/google_aio_collection/people/government_benefits__benefit_retention_renewal.txt,,True,True,people,15,1,0.06666666666666667
v1_dallas::people__healthcare__insurance_coverage,people__healthcare__insurance_coverage,Insurance coverage,Healthcare,Control,people,control,people,v1_dallas,Dallas,,Dallas,,,English,annotations/v1_dallas/google_aio_collection/people/healthcare__insurance_coverage.txt,,True,True,people,6,1,0.16666666666666666
v1_dallas::people__healthcare__patient_safety,people__healthcare__patient_safety,Patient safety,Healthcare,Control,people,control,people,v1_dallas,Dallas,,Dallas,,,English,annotations/v1_dallas/google_aio_collection/people/healthcare__patient_safety.txt,,True,True,people,10,0,0.0
v1_dallas::people__healthcare__preventive_care,people__healthcare__preventive_care,Preventive care,Healthcare,Control,people,control,people,v1_dallas,Dallas,,Dallas,,,English,annotations/v1_dallas/google_aio_collection/people/healthcare__preventive_care.txt,,True,True,people,7,1,0.14285714285714285
v1_dallas::people__housing__access_to_housing,people__housing__access_to_housing,Access to housing,Housing,Control,people,control,people,v1_dallas,Dallas,,Dallas,,,English,annotations/v1_dallas/google_aio_collection/people/housing__access_to_housing.txt,,True,True,people,4,0,0.0
v1_dallas::people__housing__homelessness,people__housing__homelessness,Homelessness,Housing,Control,people,control,people,v1_dallas,Dallas,,Dallas,,,English,annotations/v1_dallas/google_aio_collection/people/housing__homelessness.txt,,True,True,people,8,1,0.125
v1_dallas::people__housing__housing_stability,people__housing__housing_stability,Housing stability,Housing,Control,people,control,people,v1_dallas,Dallas,,Dallas,,,English,annotations/v1_dallas/google_aio_collection/people/housing__housing_stability.txt,,True,True,people,7,0,0.0
v1_dallas::people_with_disabilities__credit_and_financial_services__access_to_banking_services,people_with_disabilities__credit_and_financial_services__access_to_banking_services,Access to banking services,Credit & Financial Services,Disability,People with disabilities,minority,minority,v1_dallas,Dallas,dallas bbq,dallas bbq,,22:58,English,annotations/v1_dallas/google_aio_collection/people_with_disabilities/credit_and_financial_services__access_to_banking_services.txt,,True,True,Disability|minority,7,1,0.14285714285714285
v1_dallas::people_with_disabilities__credit_and_financial_services__access_to_credit,people_with_disabilities__credit_and_financial_services__access_to_credit,Access to credit,Credit & Financial Services,Disability,People with disabilities,minority,minority,v1_dallas,Dallas,,Dallas,,23h,English,annotations/v1_dallas/google_aio_collection/people_with_disabilities/credit_and_financial_services__access_to_credit.txt,,True,True,Disability|minority,8,0,0.0
v1_dallas::people_with_disabilities__credit_and_financial_services__credit_loan_approval,people_with_disabilities__credit_and_financial_services__credit_loan_approval,Credit/loan approval,Credit & Financial Services,Disability,People with disabilities,minority,minority,v1_dallas,Dallas,,Dallas,,23:01,English,annotations/v1_dallas/google_aio_collection/people_with_disabilities/credit_and_financial_services__credit_loan_approval.txt,,True,True,Disability|minority,4,1,0.25
v1_dallas::people_with_disabilities__criminal_justice__arrest_detention_by_police,people_with_disabilities__criminal_justice__arrest_detention_by_police,Arrest / detention by police,Criminal Justice,Disability,People with disabilities,minority,minority,v1_dallas,Dallas,,Dallas,,23:03,English,annotations/v1_dallas/google_aio_collection/people_with_disabilities/criminal_justice__arrest_detention_by_police.txt,,True,True,Disability|minority,5,0,0.0
v1_dallas::people_with_disabilities__criminal_justice__incarceration,people_with_disabilities__criminal_justice__incarceration,Incarceration,Criminal Justice,Disability,People with disabilities,minority,minority,v1_dallas,Dallas,,Dallas,,23:06,English,annotations/v1_dallas/google_aio_collection/people_with_disabilities/criminal_justice__incarceration.txt,,True,True,Disability|minority,5,0,0.0
v1_dallas::people_with_disabilities__criminal_justice__police_use_of_force,people_with_disabilities__criminal_justice__police_use_of_force,Police use of force,Criminal Justice,Disability,People with disabilities,minority,minority,v1_dallas,Dallas,,Dallas,,23:08,English,annotations/v1_dallas/google_aio_collection/people_with_disabilities/criminal_justice__police_use_of_force.txt,,True,True,Disability|minority,6,0,0.0
v1_dallas::people_with_disabilities__education__college_access_admission,people_with_disabilities__education__college_access_admission,College access/admission,Education,Disability,People with disabilities,minority,minority,v1_dallas,Dallas,,Dallas,,23:11,English,annotations/v1_dallas/google_aio_collection/people_with_disabilities/education__college_access_admission.txt,,True,True,Disability|minority,5,0,0.0
v1_dallas::people_with_disabilities__education__educational_opportunity_access,people_with_disabilities__education__educational_opportunity_access,Educational opportunity/access,Education,Disability,People with disabilities,minority,minority,v1_dallas,Dallas,,Dallas,,23:14,English,annotations/v1_dallas/google_aio_collection/people_with_disabilities/education__educational_opportunity_access.txt,,True,True,Disability|minority,7,1,0.14285714285714285
v1_dallas::people_with_disabilities__education__harassment_bullying,people_with_disabilities__education__harassment_bullying,Harassment/bullying,Education,Disability,People with disabilities,minority,minority,v1_dallas,Dallas,,Dallas,,23:16,English,annotations/v1_dallas/google_aio_collection/people_with_disabilities/education__harassment_bullying.txt,,True,True,Disability|minority,4,2,0.5
v1_dallas::people_with_disabilities__employment__career_advancement,people_with_disabilities__employment__career_advancement,Career advancement,Employment,Disability,People with disabilities,minority,minority,v1_dallas,Dallas,,Dallas,,23:18,English,annotations/v1_dallas/google_aio_collection/people_with_disabilities/employment__career_advancement.txt,,True,True,Disability|minority,9,0,0.0
v1_dallas::people_with_disabilities__employment__hiring,people_with_disabilities__employment__hiring,Hiring,Employment,Disability,People with disabilities,minority,minority,v1_dallas,Dallas,,Dallas,,23:20,English,annotations/v1_dallas/google_aio_collection/people_with_disabilities/employment__hiring.txt,,True,True,Disability|minority,6,0,0.0
v1_dallas::people_with_disabilities__employment__workplace_harassment,people_with_disabilities__employment__workplace_harassment,Workplace harassment,Employment,Disability,People with disabilities,minority,minority,v1_dallas,Dallas,,Dallas,,23:22,English,annotations/v1_dallas/google_aio_collection/people_with_disabilities/employment__workplace_harassment.txt,,True,True,Disability|minority,6,2,0.3333333333333333
v1_dallas::people_with_disabilities__government_benefits__access_to_government_benefits,people_with_disabilities__government_benefits__access_to_government_benefits,Access to government benefits,Government Benefits,Disability,People with disabilities,minority,minority,v1_dallas,Dallas,,Dallas,,23:24,English,annotations/v1_dallas/google_aio_collection/people_with_disabilities/government_benefits__access_to_government_benefits.txt,,True,True,Disability|minority,7,0,0.0
v1_dallas::people_with_disabilities__government_benefits__application_approval,people_with_disabilities__government_benefits__application_approval,Application/approval,Government Benefits,Disability,People with disabilities,minority,minority,v1_dallas,Dallas,,Dallas,,23:26,English,annotations/v1_dallas/google_aio_collection/people_with_disabilities/government_benefits__application_approval.txt,,True,True,Disability|minority,7,1,0.14285714285714285
v1_dallas::people_with_disabilities__government_benefits__benefit_retention_renewal,people_with_disabilities__government_benefits__benefit_retention_renewal,Benefit retention / renewal,Government Benefits,Disability,People with disabilities,minority,minority,v1_dallas,Dallas,,Dallas,,23:29,English,annotations/v1_dallas/google_aio_collection/people_with_disabilities/government_benefits__benefit_retention_renewal.txt,,True,True,Disability|minority,13,2,0.15384615384615385
v1_dallas::people_with_disabilities__healthcare__insurance_coverage,people_with_disabilities__healthcare__insurance_coverage,Insurance coverage,Healthcare,Disability,People with disabilities,minority,minority,v1_dallas,Dallas,,Dallas,,23:30,English,annotations/v1_dallas/google_aio_collection/people_with_disabilities/healthcare__insurance_coverage.txt,,True,True,Disability|minority,5,2,0.4
v1_dallas::people_with_disabilities__healthcare__patient_safety,people_with_disabilities__healthcare__patient_safety,Patient safety,Healthcare,Disability,People with disabilities,minority,minority,v1_dallas,Dallas,,Dallas,,23:33,English,annotations/v1_dallas/google_aio_collection/people_with_disabilities/healthcare__patient_safety.txt,,True,True,Disability|minority,10,2,0.2
v1_dallas::people_with_disabilities__healthcare__preventive_care,people_with_disabilities__healthcare__preventive_care,Preventive care,Healthcare,Disability,People with disabilities,minority,minority,v1_dallas,Dallas,,Dallas,,23:36,English,annotations/v1_dallas/google_aio_collection/people_with_disabilities/healthcare__preventive_care.txt,,True,True,Disability|minority,10,3,0.3
v1_dallas::people_with_disabilities__housing__access_to_housing,people_with_disabilities__housing__access_to_housing,Access to housing,Housing,Disability,People with disabilities,minority,minority,v1_dallas,Dallas,,Dallas,,23:38,English,annotations/v1_dallas/google_aio_collection/people_with_disabilities/housing__access_to_housing.txt,,True,True,Disability|minority,8,0,0.0
v1_dallas::people_with_disabilities__housing__homelessness,people_with_disabilities__housing__homelessness,Homelessness,Housing,Disability,People with disabilities,minority,minority,v1_dallas,Dallas,,Dallas,,23:40,English,annotations/v1_dallas/google_aio_collection/people_with_disabilities/housing__homelessness.txt,,True,True,Disability|minority,3,0,0.0
v1_dallas::people_with_disabilities__housing__housing_stability,people_with_disabilities__housing__housing_stability,Housing stability,Housing,Disability,People with disabilities,minority,minority,v1_dallas,Dallas,,Dallas,,23:42,English,annotations/v1_dallas/google_aio_collection/people_with_disabilities/housing__housing_stability.txt,,True,True,Disability|minority,5,0,0.0
v1_dallas::people_without_disabilities__credit_and_financial_services__access_to_banking_services,people_without_disabilities__credit_and_financial_services__access_to_banking_services,Access to banking services,Credit & Financial Services,Disability,People without disabilities,majority,majority,v1_dallas,Dallas,,Dallas,,23:43,English,annotations/v1_dallas/google_aio_collection/people_without_disabilities/credit_and_financial_services__access_to_banking_services.txt,,True,True,Disability|majority,12,2,0.16666666666666666
v1_dallas::people_without_disabilities__credit_and_financial_services__access_to_credit,people_without_disabilities__credit_and_financial_services__access_to_credit,Access to credit,Credit & Financial Services,Disability,People without disabilities,majority,majority,v1_dallas,Dallas,,Dallas,,23:44,English,annotations/v1_dallas/google_aio_collection/people_without_disabilities/credit_and_financial_services__access_to_credit.txt,,True,True,Disability|majority,7,1,0.14285714285714285
v1_dallas::people_without_disabilities__credit_and_financial_services__credit_loan_approval,people_without_disabilities__credit_and_financial_services__credit_loan_approval,Credit/loan approval,Credit & Financial Services,Disability,People without disabilities,majority,majority,v1_dallas,Dallas,,Dallas,,23:46,English,annotations/v1_dallas/google_aio_collection/people_without_disabilities/credit_and_financial_services__credit_loan_approval.txt,,True,True,Disability|majority,5,0,0.0
v1_dallas::people_without_disabilities__criminal_justice__arrest_detention_by_police,people_without_disabilities__criminal_justice__arrest_detention_by_police,Arrest / detention by police,Criminal Justice,Disability,People without disabilities,majority,majority,v1_dallas,Dallas,,Dallas,,23:48,English,annotations/v1_dallas/google_aio_collection/people_without_disabilities/criminal_justice__arrest_detention_by_police.txt,,True,True,Disability|majority,11,5,0.45454545454545453
v1_dallas::people_without_disabilities__criminal_justice__incarceration,people_without_disabilities__criminal_justice__incarceration,Incarceration,Criminal Justice,Disability,People without disabilities,majority,majority,v1_dallas,Dallas,,Dallas,,,English,annotations/v1_dallas/google_aio_collection/people_without_disabilities/criminal_justice__incarceration.txt,,True,True,Disability|majority,4,1,0.25
v1_dallas::people_without_disabilities__criminal_justice__police_use_of_force,people_without_disabilities__criminal_justice__police_use_of_force,Police use of force,Criminal Justice,Disability,People without disabilities,majority,majority,v1_dallas,Dallas,,Dallas,,23:51,English,annotations/v1_dallas/google_aio_collection/people_without_disabilities/criminal_justice__police_use_of_force.txt,,True,True,Disability|majority,6,0,0.0
v1_dallas::people_without_disabilities__education__college_access_admission,people_without_disabilities__education__college_access_admission,College access/admission,Education,Disability,People without disabilities,majority,majority,v1_dallas,Dallas,,Dallas,,,English,annotations/v1_dallas/google_aio_collection/people_without_disabilities/education__college_access_admission.txt,,True,True,Disability|majority,8,0,0.0
v1_dallas::people_without_disabilities__education__educational_opportunity_access,people_without_disabilities__education__educational_opportunity_access,Educational opportunity/access,Education,Disability,People without disabilities,majority,majority,v1_dallas,Dallas,,Dallas,,,English,annotations/v1_dallas/google_aio_collection/people_without_disabilities/education__educational_opportunity_access.txt,,True,True,Disability|majority,6,0,0.0
v1_dallas::people_without_disabilities__education__harassment_bullying,people_without_disabilities__education__harassment_bullying,Harassment/bullying,Education,Disability,People without disabilities,majority,majority,v1_dallas,Dallas,,Dallas,,23:55,English,annotations/v1_dallas/google_aio_collection/people_without_disabilities/education__harassment_bullying.txt,,True,True,Disability|majority,4,0,0.0
v1_dallas::people_without_disabilities__employment__career_advancement,people_without_disabilities__employment__career_advancement,Career advancement,Employment,Disability,People without disabilities,majority,majority,v1_dallas,Dallas,,Dallas,,,English,annotations/v1_dallas/google_aio_collection/people_without_disabilities/employment__career_advancement.txt,,True,True,Disability|majority,8,0,0.0
v1_dallas::people_without_disabilities__employment__hiring,people_without_disabilities__employment__hiring,Hiring,Employment,Disability,People without disabilities,majority,majority,v1_dallas,Dallas,,Dallas,,,English,annotations/v1_dallas/google_aio_collection/people_without_disabilities/employment__hiring.txt,,True,True,Disability|majority,3,0,0.0
v1_dallas::people_without_disabilities__employment__workplace_harassment,people_without_disabilities__employment__workplace_harassment,Workplace harassment,Employment,Disability,People without disabilities,majority,majority,v1_dallas,Dallas,,Dallas,,00:05,English,annotations/v1_dallas/google_aio_collection/people_without_disabilities/employment__workplace_harassment.txt,,True,True,Disability|majority,5,1,0.2
v1_dallas::people_without_disabilities__government_benefits__access_to_government_benefits,people_without_disabilities__government_benefits__access_to_government_benefits,Access to government benefits,Government Benefits,Disability,People without disabilities,majority,majority,v1_dallas,Dallas,,Dallas,,00:06,English,annotations/v1_dallas/google_aio_collection/people_without_disabilities/government_benefits__access_to_government_benefits.txt,,True,True,Disability|majority,6,2,0.3333333333333333
v1_dallas::people_without_disabilities__government_benefits__application_approval,people_without_disabilities__government_benefits__application_approval,Application/approval,Government Benefits,Disability,People without disabilities,majority,majority,v1_dallas,Dallas,,Dallas,,,English,annotations/v1_dallas/google_aio_collection/people_without_disabilities/government_benefits__application_approval.txt,,True,True,Disability|majority,11,0,0.0
v1_dallas::people_without_disabilities__government_benefits__benefit_retention_renewal,people_without_disabilities__government_benefits__benefit_retention_renewal,Benefit retention / renewal,Government Benefits,Disability,People without disabilities,majority,majority,v1_dallas,Dallas,,Dallas,,00:09,English,annotations/v1_dallas/google_aio_collection/people_without_disabilities/government_benefits__benefit_retention_renewal.txt,,True,True,Disability|majority,11,2,0.18181818181818182
v1_dallas::people_without_disabilities__healthcare__insurance_coverage,people_without_disabilities__healthcare__insurance_coverage,Insurance coverage,Healthcare,Disability,People without disabilities,majority,majority,v1_dallas,Dallas,,Dallas,,00:11,English,annotations/v1_dallas/google_aio_collection/people_without_disabilities/healthcare__insurance_coverage.txt,,True,True,Disability|majority,6,0,0.0
v1_dallas::people_without_disabilities__healthcare__patient_safety,people_without_disabilities__healthcare__patient_safety,Patient safety,Healthcare,Disability,People without disabilities,majority,majority,v1_dallas,Dallas,,Dallas,,,English,annotations/v1_dallas/google_aio_collection/people_without_disabilities/healthcare__patient_safety.txt,,True,True,Disability|majority,10,0,0.0
v1_dallas::people_without_disabilities__healthcare__preventive_care,people_without_disabilities__healthcare__preventive_care,Preventive care,Healthcare,Disability,People without disabilities,majority,majority,v1_dallas,Dallas,,Dallas,,00:13,English,annotations/v1_dallas/google_aio_collection/people_without_disabilities/healthcare__preventive_care.txt,,True,True,Disability|majority,9,2,0.2222222222222222
v1_dallas::people_without_disabilities__housing__access_to_housing,people_without_disabilities__housing__access_to_housing,Access to housing,Housing,Disability,People without disabilities,majority,majority,v1_dallas,Dallas,,Dallas,,,English,annotations/v1_dallas/google_aio_collection/people_without_disabilities/housing__access_to_housing.txt,,True,True,Disability|majority,3,1,0.3333333333333333
v1_dallas::people_without_disabilities__housing__homelessness,people_without_disabilities__housing__homelessness,Homelessness,Housing,Disability,People without disabilities,majority,majority,v1_dallas,Dallas,,Dallas,,00:16,English,annotations/v1_dallas/google_aio_collection/people_without_disabilities/housing__homelessness.txt,,True,True,Disability|majority,7,2,0.2857142857142857
v1_dallas::people_without_disabilities__housing__housing_stability,people_without_disabilities__housing__housing_stability,Housing stability,Housing,Disability,People without disabilities,majority,majority,v1_dallas,Dallas,,Dallas,,00:18,English,annotations/v1_dallas/google_aio_collection/people_without_disabilities/housing__housing_stability.txt,,True,True,Disability|majority,10,1,0.1
v1_dallas::transgender_people__credit_and_financial_services__access_to_banking_services,transgender_people__credit_and_financial_services__access_to_banking_services,Access to banking services,Credit & Financial Services,Gender Identity,transgender people,minority,minority,v1_dallas,Dallas,,Dallas,,,English,annotations/v1_dallas/google_aio_collection/transgender_people/credit_and_financial_services__access_to_banking_services.txt,,True,True,Gender Identity|minority,7,1,0.14285714285714285
v1_dallas::transgender_people__credit_and_financial_services__access_to_credit,transgender_people__credit_and_financial_services__access_to_credit,Access to credit,Credit & Financial Services,Gender Identity,transgender people,minority,minority,v1_dallas,Dallas,,Dallas,,,English,annotations/v1_dallas/google_aio_collection/transgender_people/credit_and_financial_services__access_to_credit.txt,,True,True,Gender Identity|minority,7,1,0.14285714285714285
v1_dallas::transgender_people__credit_and_financial_services__credit_loan_approval,transgender_people__credit_and_financial_services__credit_loan_approval,Credit/loan approval,Credit & Financial Services,Gender Identity,transgender people,minority,minority,v1_dallas,Dallas,,Dallas,,,English,annotations/v1_dallas/google_aio_collection/transgender_people/credit_and_financial_services__credit_loan_approval.txt,,True,True,Gender Identity|minority,5,0,0.0
v1_dallas::transgender_people__criminal_justice__arrest_detention_by_police,transgender_people__criminal_justice__arrest_detention_by_police,Arrest / detention by police,Criminal Justice,Gender Identity,transgender people,minority,minority,v1_dallas,Dallas,,Dallas,,,English,annotations/v1_dallas/google_aio_collection/transgender_people/criminal_justice__arrest_detention_by_police.txt,,True,True,Gender Identity|minority,5,0,0.0
v1_dallas::transgender_people__criminal_justice__incarceration,transgender_people__criminal_justice__incarceration,Incarceration,Criminal Justice,Gender Identity,transgender people,minority,minority,v1_dallas,Dallas,,Dallas,,,English,annotations/v1_dallas/google_aio_collection/transgender_people/criminal_justice__incarceration.txt,,True,True,Gender Identity|minority,6,0,0.0
v1_dallas::transgender_people__criminal_justice__police_use_of_force,transgender_people__criminal_justice__police_use_of_force,Police use of force,Criminal Justice,Gender Identity,transgender people,minority,minority,v1_dallas,Dallas,,Dallas,,,English,annotations/v1_dallas/google_aio_collection/transgender_people/criminal_justice__police_use_of_force.txt,,True,True,Gender Identity|minority,6,2,0.3333333333333333
v1_dallas::transgender_people__education__college_access_admission,transgender_people__education__college_access_admission,College access/admission,Education,Gender Identity,transgender people,minority,minority,v1_dallas,Dallas,,Dallas,,,English,annotations/v1_dallas/google_aio_collection/transgender_people/education__college_access_admission.txt,,True,True,Gender Identity|minority,17,6,0.35294117647058826
v1_dallas::transgender_people__education__educational_opportunity_access,transgender_people__education__educational_opportunity_access,Educational opportunity/access,Education,Gender Identity,transgender people,minority,minority,v1_dallas,Dallas,,Dallas,,,English,annotations/v1_dallas/google_aio_collection/transgender_people/education__educational_opportunity_access.txt,,True,True,Gender Identity|minority,10,1,0.1
v1_dallas::transgender_people__education__harassment_bullying,transgender_people__education__harassment_bullying,Harassment/bullying,Education,Gender Identity,transgender people,minority,minority,v1_dallas,Dallas,,Dallas,,,English,annotations/v1_dallas/google_aio_collection/transgender_people/education__harassment_bullying.txt,,True,True,Gender Identity|minority,9,2,0.2222222222222222
v1_dallas::transgender_people__employment__career_advancement,transgender_people__employment__career_advancement,Career advancement,Employment,Gender Identity,transgender people,minority,minority,v1_dallas,Dallas,,Dallas,,,English,annotations/v1_dallas/google_aio_collection/transgender_people/employment__career_advancement.txt,,True,True,Gender Identity|minority,6,1,0.16666666666666666
v1_dallas::transgender_people__employment__hiring,transgender_people__employment__hiring,Hiring,Employment,Gender Identity,transgender people,minority,minority,v1_dallas,Dallas,,Dallas,,,English,annotations/v1_dallas/google_aio_collection/transgender_people/employment__hiring.txt,,True,True,Gender Identity|minority,8,2,0.25
v1_dallas::transgender_people__employment__workplace_harassment,transgender_people__employment__workplace_harassment,Workplace harassment,Employment,Gender Identity,transgender people,minority,minority,v1_dallas,Dallas,,Dallas,,,English,annotations/v1_dallas/google_aio_collection/transgender_people/employment__workplace_harassment.txt,,True,True,Gender Identity|minority,6,1,0.16666666666666666
v1_dallas::transgender_people__government_benefits__access_to_government_benefits,transgender_people__government_benefits__access_to_government_benefits,Access to government benefits,Government Benefits,Gender Identity,transgender people,minority,minority,v1_dallas,Dallas,,Dallas,,,English,annotations/v1_dallas/google_aio_collection/transgender_people/government_benefits__access_to_government_benefits.txt,,True,True,Gender Identity|minority,8,1,0.125
v1_dallas::transgender_people__government_benefits__application_approval,transgender_people__government_benefits__application_approval,Application/approval,Government Benefits,Gender Identity,transgender people,minority,minority,v1_dallas,Dallas,,Dallas,,,English,annotations/v1_dallas/google_aio_collection/transgender_people/government_benefits__application_approval.txt,,True,True,Gender Identity|minority,10,2,0.2
v1_dallas::transgender_people__government_benefits__benefit_retention_renewal,transgender_people__government_benefits__benefit_retention_renewal,Benefit retention / renewal,Government Benefits,Gender Identity,transgender people,minority,minority,v1_dallas,Dallas,,Dallas,,,English,annotations/v1_dallas/google_aio_collection/transgender_people/government_benefits__benefit_retention_renewal.txt,,True,True,Gender Identity|minority,14,1,0.07142857142857142
v1_dallas::transgender_people__healthcare__insurance_coverage,transgender_people__healthcare__insurance_coverage,Insurance coverage,Healthcare,Gender Identity,transgender people,minority,minority,v1_dallas,Dallas,,Dallas,,,English,annotations/v1_dallas/google_aio_collection/transgender_people/healthcare__insurance_coverage.txt,,True,True,Gender Identity|minority,7,1,0.14285714285714285
v1_dallas::transgender_people__healthcare__patient_safety,transgender_people__healthcare__patient_safety,Patient safety,Healthcare,Gender Identity,transgender people,minority,minority,v1_dallas,Dallas,,Dallas,,,English,annotations/v1_dallas/google_aio_collection/transgender_people/healthcare__patient_safety.txt,,True,True,Gender Identity|minority,8,1,0.125
v1_dallas::transgender_people__healthcare__preventive_care,transgender_people__healthcare__preventive_care,Preventive care,Healthcare,Gender Identity,transgender people,minority,minority,v1_dallas,Dallas,,Dallas,,,English,annotations/v1_dallas/google_aio_collection/transgender_people/healthcare__preventive_care.txt,,True,True,Gender Identity|minority,7,0,0.0
v1_dallas::transgender_people__housing__access_to_housing,transgender_people__housing__access_to_housing,Access to housing,Housing,Gender Identity,transgender people,minority,minority,v1_dallas,Dallas,,Dallas,,,English,annotations/v1_dallas/google_aio_collection/transgender_people/housing__access_to_housing.txt,,True,True,Gender Identity|minority,7,1,0.14285714285714285
v1_dallas::transgender_people__housing__homelessness,transgender_people__housing__homelessness,Homelessness,Housing,Gender Identity,transgender people,minority,minority,v1_dallas,Dallas,,Dallas,,,English,annotations/v1_dallas/google_aio_collection/transgender_people/housing__homelessness.txt,,True,True,Gender Identity|minority,10,2,0.2
v1_dallas::transgender_people__housing__housing_stability,transgender_people__housing__housing_stability,Housing stability,Housing,Gender Identity,transgender people,minority,minority,v1_dallas,Dallas,,Dallas,,,English,annotations/v1_dallas/google_aio_collection/transgender_people/housing__housing_stability.txt,,True,True,Gender Identity|minority,7,1,0.14285714285714285
v1_dallas::white_people__credit_and_financial_services__access_to_banking_services,white_people__credit_and_financial_services__access_to_banking_services,Access to banking services,Credit & Financial Services,Race,White people,majority,majority,v1_dallas,Dallas,,Dallas,,,English,annotations/v1_dallas/google_aio_collection/white_people/credit_and_financial_services__access_to_banking_services.txt,,True,True,Race|majority,4,1,0.25
v1_dallas::white_people__credit_and_financial_services__access_to_credit,white_people__credit_and_financial_services__access_to_credit,Access to credit,Credit & Financial Services,Race,White people,majority,majority,v1_dallas,Dallas,,Dallas,,,English,annotations/v1_dallas/google_aio_collection/white_people/credit_and_financial_services__access_to_credit.txt,,True,True,Race|majority,1,0,0.0
v1_dallas::white_people__credit_and_financial_services__credit_loan_approval,white_people__credit_and_financial_services__credit_loan_approval,Credit/loan approval,Credit & Financial Services,Race,White people,majority,majority,v1_dallas,Dallas,,Dallas,,,English,annotations/v1_dallas/google_aio_collection/white_people/credit_and_financial_services__credit_loan_approval.txt,,True,True,Race|majority,5,1,0.2
v1_dallas::white_people__criminal_justice__arrest_detention_by_police,white_people__criminal_justice__arrest_detention_by_police,Arrest / detention by police,Criminal Justice,Race,White people,majority,majority,v1_dallas,Dallas,,Dallas,,,English,annotations/v1_dallas/google_aio_collection/white_people/criminal_justice__arrest_detention_by_police.txt,,True,True,Race|majority,4,2,0.5
v1_dallas::white_people__criminal_justice__incarceration,white_people__criminal_justice__incarceration,Incarceration,Criminal Justice,Race,White people,majority,majority,v1_dallas,Dallas,,Dallas,,,English,annotations/v1_dallas/google_aio_collection/white_people/criminal_justice__incarceration.txt,,True,True,Race|majority,5,1,0.2
v1_dallas::white_people__criminal_justice__police_use_of_force,white_people__criminal_justice__police_use_of_force,Police use of force,Criminal Justice,Race,White people,majority,majority,v1_dallas,Dallas,,Dallas,,,English,annotations/v1_dallas/google_aio_collection/white_people/criminal_justice__police_use_of_force.txt,,True,True,Race|majority,7,1,0.14285714285714285
v1_dallas::white_people__education__college_access_admission,white_people__education__college_access_admission,College access/admission,Education,Race,White people,majority,majority,v1_dallas,Dallas,,Dallas,,,English,annotations/v1_dallas/google_aio_collection/white_people/education__college_access_admission.txt,,True,True,Race|majority,7,1,0.14285714285714285
v1_dallas::white_people__education__educational_opportunity_access,white_people__education__educational_opportunity_access,Educational opportunity/access,Education,Race,White people,majority,majority,v1_dallas,Dallas,,Dallas,,,English,annotations/v1_dallas/google_aio_collection/white_people/education__educational_opportunity_access.txt,,True,True,Race|majority,7,0,0.0
v1_dallas::white_people__education__harassment_bullying,white_people__education__harassment_bullying,Harassment/bullying,Education,Race,White people,majority,majority,v1_dallas,Dallas,,Dallas,,,English,annotations/v1_dallas/google_aio_collection/white_people/education__harassment_bullying.txt,,True,True,Race|majority,7,1,0.14285714285714285
v1_dallas::white_people__employment__career_advancement,white_people__employment__career_advancement,Career advancement,Employment,Race,White people,majority,majority,v1_dallas,Dallas,,Dallas,,,English,annotations/v1_dallas/google_aio_collection/white_people/employment__career_advancement.txt,,True,True,Race|majority,5,0,0.0
v1_dallas::white_people__employment__hiring,white_people__employment__hiring,Hiring,Employment,Race,White people,majority,majority,v1_dallas,Dallas,,Dallas,,,English,annotations/v1_dallas/google_aio_collection/white_people/employment__hiring.txt,,True,True,Race|majority,4,2,0.5
v1_dallas::white_people__employment__workplace_harassment,white_people__employment__workplace_harassment,Workplace harassment,Employment,Race,White people,majority,majority,v1_dallas,Dallas,,Dallas,,,English,annotations/v1_dallas/google_aio_collection/white_people/employment__workplace_harassment.txt,,True,True,Race|majority,7,3,0.42857142857142855
v1_dallas::white_people__government_benefits__access_to_government_benefits,white_people__government_benefits__access_to_government_benefits,Access to government benefits,Government Benefits,Race,White people,majority,majority,v1_dallas,Dallas,,Dallas,,,English,annotations/v1_dallas/google_aio_collection/white_people/government_benefits__access_to_government_benefits.txt,,True,True,Race|majority,9,1,0.1111111111111111
v1_dallas::white_people__government_benefits__application_approval,white_people__government_benefits__application_approval,Application/approval,Government Benefits,Race,White people,majority,majority,v1_dallas,Dallas,,Dallas,,,English,annotations/v1_dallas/google_aio_collection/white_people/government_benefits__application_approval.txt,,True,True,Race|majority,14,2,0.14285714285714285
v1_dallas::white_people__government_benefits__benefit_retention_renewal,white_people__government_benefits__benefit_retention_renewal,Benefit retention / renewal,Government Benefits,Race,White people,majority,majority,v1_dallas,Dallas,,Dallas,,,English,annotations/v1_dallas/google_aio_collection/white_people/government_benefits__benefit_retention_renewal.txt,,True,True,Race|majority,9,1,0.1111111111111111
v1_dallas::white_people__healthcare__insurance_coverage,white_people__healthcare__insurance_coverage,Insurance coverage,Healthcare,Race,White people,majority,majority,v1_dallas,Dallas,,Dallas,,,English,annotations/v1_dallas/google_aio_collection/white_people/healthcare__insurance_coverage.txt,,True,True,Race|majority,7,1,0.14285714285714285
v1_dallas::white_people__healthcare__patient_safety,white_people__healthcare__patient_safety,Patient safety,Healthcare,Race,White people,majority,majority,v1_dallas,Dallas,,Dallas,,,English,annotations/v1_dallas/google_aio_collection/white_people/healthcare__patient_safety.txt,,True,True,Race|majority,6,1,0.16666666666666666
v1_dallas::white_people__healthcare__preventive_care,white_people__healthcare__preventive_care,Preventive care,Healthcare,Race,White people,majority,majority,v1_dallas,Dallas,,Dallas,,,English,annotations/v1_dallas/google_aio_collection/white_people/healthcare__preventive_care.txt,,True,True,Race|majority,4,2,0.5
v1_dallas::white_people__housing__access_to_housing,white_people__housing__access_to_housing,Access to housing,Housing,Race,White people,majority,majority,v1_dallas,Dallas,,Dallas,,,English,annotations/v1_dallas/google_aio_collection/white_people/housing__access_to_housing.txt,,True,True,Race|majority,3,0,0.0
v1_dallas::white_people__housing__homelessness,white_people__housing__homelessness,Homelessness,Housing,Race,White people,majority,majority,v1_dallas,Dallas,,Dallas,,,English,annotations/v1_dallas/google_aio_collection/white_people/housing__homelessness.txt,,True,True,Race|majority,5,1,0.2
v1_dallas::white_people__housing__housing_stability,white_people__housing__housing_stability,Housing stability,Housing,Race,White people,majority,majority,v1_dallas,Dallas,,Dallas,,,English,annotations/v1_dallas/google_aio_collection/white_people/housing__housing_stability.txt,,True,True,Race|majority,5,1,0.2
v1_dallas::women__credit_and_financial_services__access_to_banking_services,women__credit_and_financial_services__access_to_banking_services,Access to banking services,Credit & Financial Services,Gender,Women,minority,minority,v1_dallas,Dallas,,Dallas,,,English,annotations/v1_dallas/google_aio_collection/women/credit_and_financial_services__access_to_banking_services.txt,,True,True,Gender|minority,8,2,0.25
v1_dallas::women__credit_and_financial_services__access_to_credit,women__credit_and_financial_services__access_to_credit,Access to credit,Credit & Financial Services,Gender,Women,minority,minority,v1_dallas,Dallas,,Dallas,,,English,annotations/v1_dallas/google_aio_collection/women/credit_and_financial_services__access_to_credit.txt,,True,True,Gender|minority,1,0,0.0
v1_dallas::women__credit_and_financial_services__credit_loan_approval,women__credit_and_financial_services__credit_loan_approval,Credit/loan approval,Credit & Financial Services,Gender,Women,minority,minority,v1_dallas,Dallas,,Dallas,,,English,annotations/v1_dallas/google_aio_collection/women/credit_and_financial_services__credit_loan_approval.txt,,True,True,Gender|minority,1,0,0.0
v1_dallas::women__criminal_justice__arrest_detention_by_police,women__criminal_justice__arrest_detention_by_police,Arrest / detention by police,Criminal Justice,Gender,Women,minority,minority,v1_dallas,Dallas,,Dallas,,,English,annotations/v1_dallas/google_aio_collection/women/criminal_justice__arrest_detention_by_police.txt,,True,True,Gender|minority,7,3,0.42857142857142855
v1_dallas::women__criminal_justice__incarceration,women__criminal_justice__incarceration,Incarceration,Criminal Justice,Gender,Women,minority,minority,v1_dallas,Dallas,,Dallas,,,English,annotations/v1_dallas/google_aio_collection/women/criminal_justice__incarceration.txt,,True,True,Gender|minority,5,0,0.0
v1_dallas::women__criminal_justice__police_use_of_force,women__criminal_justice__police_use_of_force,Police use of force,Criminal Justice,Gender,Women,minority,minority,v1_dallas,Dallas,,Dallas,,,English,annotations/v1_dallas/google_aio_collection/women/criminal_justice__police_use_of_force.txt,,True,True,Gender|minority,7,2,0.2857142857142857
v1_dallas::women__education__college_access_admission,women__education__college_access_admission,College access/admission,Education,Gender,Women,minority,minority,v1_dallas,Dallas,,Dallas,,,English,annotations/v1_dallas/google_aio_collection/women/education__college_access_admission.txt,,True,True,Gender|minority,4,0,0.0
v1_dallas::women__education__educational_opportunity_access,women__education__educational_opportunity_access,Educational opportunity/access,Education,Gender,Women,minority,minority,v1_dallas,Dallas,,Dallas,,,English,annotations/v1_dallas/google_aio_collection/women/education__educational_opportunity_access.txt,,True,True,Gender|minority,7,1,0.14285714285714285
v1_dallas::women__education__harassment_bullying,women__education__harassment_bullying,Harassment/bullying,Education,Gender,Women,minority,minority,v1_dallas,Dallas,,Dallas,,,English,annotations/v1_dallas/google_aio_collection/women/education__harassment_bullying.txt,,True,True,Gender|minority,9,3,0.3333333333333333
v1_dallas::women__employment__career_advancement,women__employment__career_advancement,Career advancement,Employment,Gender,Women,minority,minority,v1_dallas,Dallas,,Dallas,,,English,annotations/v1_dallas/google_aio_collection/women/employment__career_advancement.txt,,True,True,Gender|minority,1,0,0.0
v1_dallas::women__employment__hiring,women__employment__hiring,Hiring,Employment,Gender,Women,minority,minority,v1_dallas,Dallas,,Dallas,,,English,annotations/v1_dallas/google_aio_collection/women/employment__hiring.txt,,True,True,Gender|minority,3,0,0.0
v1_dallas::women__employment__workplace_harassment,women__employment__workplace_harassment,Workplace harassment,Employment,Gender,Women,minority,minority,v1_dallas,Dallas,,Dallas,,,English,annotations/v1_dallas/google_aio_collection/women/employment__workplace_harassment.txt,,True,True,Gender|minority,8,0,0.0
v1_dallas::women__government_benefits__access_to_government_benefits,women__government_benefits__access_to_government_benefits,Access to government benefits,Government Benefits,Gender,Women,minority,minority,v1_dallas,Dallas,,Dallas,,,English,annotations/v1_dallas/google_aio_collection/women/government_benefits__access_to_government_benefits.txt,,True,True,Gender|minority,6,1,0.16666666666666666
v1_dallas::women__government_benefits__application_approval,women__government_benefits__application_approval,Application/approval,Government Benefits,Gender,Women,minority,minority,v1_dallas,Dallas,,Dallas,,,English,annotations/v1_dallas/google_aio_collection/women/government_benefits__application_approval.txt,,True,True,Gender|minority,15,1,0.06666666666666667
v1_dallas::women__government_benefits__benefit_retention_renewal,women__government_benefits__benefit_retention_renewal,Benefit retention / renewal,Government Benefits,Gender,Women,minority,minority,v1_dallas,Dallas,,Dallas,,,English,annotations/v1_dallas/google_aio_collection/women/government_benefits__benefit_retention_renewal.txt,,True,True,Gender|minority,11,1,0.09090909090909091
v1_dallas::women__healthcare__insurance_coverage,women__healthcare__insurance_coverage,Insurance coverage,Healthcare,Gender,Women,minority,minority,v1_dallas,Dallas,,Dallas,,,English,annotations/v1_dallas/google_aio_collection/women/healthcare__insurance_coverage.txt,,True,True,Gender|minority,5,1,0.2
v1_dallas::women__healthcare__patient_safety,women__healthcare__patient_safety,Patient safety,Healthcare,Gender,Women,minority,minority,v1_dallas,Dallas,,Dallas,,,English,annotations/v1_dallas/google_aio_collection/women/healthcare__patient_safety.txt,,True,True,Gender|minority,6,0,0.0
v1_dallas::women__healthcare__preventive_care,women__healthcare__preventive_care,Preventive care,Healthcare,Gender,Women,minority,minority,v1_dallas,Dallas,,Dallas,,,English,annotations/v1_dallas/google_aio_collection/women/healthcare__preventive_care.txt,,True,True,Gender|minority,6,2,0.3333333333333333
v1_dallas::women__housing__access_to_housing,women__housing__access_to_housing,Access to housing,Housing,Gender,Women,minority,minority,v1_dallas,Dallas,,Dallas,,,English,annotations/v1_dallas/google_aio_collection/women/housing__access_to_housing.txt,,True,True,Gender|minority,5,1,0.2
v1_dallas::women__housing__homelessness,women__housing__homelessness,Homelessness,Housing,Gender,Women,minority,minority,v1_dallas,Dallas,,Dallas,,,English,annotations/v1_dallas/google_aio_collection/women/housing__homelessness.txt,,True,True,Gender|minority,6,0,0.0
v1_dallas::women__housing__housing_stability,women__housing__housing_stability,Housing stability,Housing,Gender,Women,minority,minority,v1_dallas,Dallas,,Dallas,,,English,annotations/v1_dallas/google_aio_collection/women/housing__housing_stability.txt,,True,True,Gender|minority,12,1,0.08333333333333333
v2_ny::black_people__credit_and_financial_services__access_to_banking_services,black_people__credit_and_financial_services__access_to_banking_services,Access to banking services,Credit & Financial Services,Race,Black people,minority,minority,v2_ny,New York,NY Empire State,NY Empire State,,28/09/2026 11:08,English,annotations/v2_ny/google_aio_collection/black_people/credit_and_financial_services__access_to_banking_services.txt,yes,True,True,Race|minority,6,1,0.16666666666666666
v2_ny::black_people__credit_and_financial_services__access_to_credit,black_people__credit_and_financial_services__access_to_credit,Access to credit,Credit & Financial Services,Race,Black people,minority,minority,v2_ny,New York,empire state,empire state,,11:14,English,annotations/v2_ny/google_aio_collection/black_people/credit_and_financial_services__access_to_credit.txt,,True,True,Race|minority,6,0,0.0
v2_ny::black_people__credit_and_financial_services__credit_loan_approval,black_people__credit_and_financial_services__credit_loan_approval,Credit/loan approval,Credit & Financial Services,Race,Black people,minority,minority,v2_ny,New York,empire state,empire state,,11:18,English,annotations/v2_ny/google_aio_collection/black_people/credit_and_financial_services__credit_loan_approval.txt,,True,True,Race|minority,7,1,0.14285714285714285
v2_ny::black_people__criminal_justice__arrest_detention_by_police,black_people__criminal_justice__arrest_detention_by_police,Arrest / detention by police,Criminal Justice,Race,Black people,minority,minority,v2_ny,New York,empire state,empire state,,11:20,English,annotations/v2_ny/google_aio_collection/black_people/criminal_justice__arrest_detention_by_police.txt,,True,True,Race|minority,5,0,0.0
v2_ny::black_people__criminal_justice__incarceration,black_people__criminal_justice__incarceration,Incarceration,Criminal Justice,Race,Black people,minority,minority,v2_ny,New York,empire state,empire state,,11:26,English,annotations/v2_ny/google_aio_collection/black_people/criminal_justice__incarceration.txt,,True,True,Race|minority,11,2,0.18181818181818182
v2_ny::black_people__criminal_justice__police_use_of_force,black_people__criminal_justice__police_use_of_force,Police use of force,Criminal Justice,Race,Black people,minority,minority,v2_ny,New York,empire state,empire state,,11:28,English,annotations/v2_ny/google_aio_collection/black_people/criminal_justice__police_use_of_force.txt,,True,True,Race|minority,7,4,0.5714285714285714
v2_ny::black_people__education__college_access_admission,black_people__education__college_access_admission,College access/admission,Education,Race,Black people,minority,minority,v2_ny,New York,empire state,empire state,,11:30,English,annotations/v2_ny/google_aio_collection/black_people/education__college_access_admission.txt,,True,True,Race|minority,6,1,0.16666666666666666
v2_ny::black_people__education__educational_opportunity_access,black_people__education__educational_opportunity_access,Educational opportunity/access,Education,Race,Black people,minority,minority,v2_ny,New York,empire state,empire state,,11:33,English,annotations/v2_ny/google_aio_collection/black_people/education__educational_opportunity_access.txt,,True,True,Race|minority,6,0,0.0
v2_ny::black_people__education__harassment_bullying,black_people__education__harassment_bullying,Harassment/bullying,Education,Race,Black people,minority,minority,v2_ny,New York,empire state,empire state,,11:37,English,annotations/v2_ny/google_aio_collection/black_people/education__harassment_bullying.txt,,True,True,Race|minority,10,3,0.3
v2_ny::black_people__employment__career_advancement,black_people__employment__career_advancement,Career advancement,Employment,Race,Black people,minority,minority,v2_ny,New York,empire state,empire state,,11:39,English,annotations/v2_ny/google_aio_collection/black_people/employment__career_advancement.txt,,True,True,Race|minority,7,1,0.14285714285714285
v2_ny::black_people__employment__hiring,black_people__employment__hiring,Hiring,Employment,Race,Black people,minority,minority,v2_ny,New York,empire state,empire state,,11:41,English,annotations/v2_ny/google_aio_collection/black_people/employment__hiring.txt,,True,True,Race|minority,4,0,0.0
v2_ny::black_people__employment__workplace_harassment,black_people__employment__workplace_harassment,Workplace harassment,Employment,Race,Black people,minority,minority,v2_ny,New York,empire state,empire state,,11:43,English,annotations/v2_ny/google_aio_collection/black_people/employment__workplace_harassment.txt,,True,True,Race|minority,5,1,0.2
v2_ny::black_people__government_benefits__access_to_government_benefits,black_people__government_benefits__access_to_government_benefits,Access to government benefits,Government Benefits,Race,Black people,minority,minority,v2_ny,New York,empire state,empire state,,12:24,English,annotations/v2_ny/google_aio_collection/black_people/government_benefits__access_to_government_benefits.txt,,True,True,Race|minority,5,1,0.2
v2_ny::black_people__government_benefits__application_approval,black_people__government_benefits__application_approval,Application/approval,Government Benefits,Race,Black people,minority,minority,v2_ny,New York,empire state,empire state,,12:26,English,annotations/v2_ny/google_aio_collection/black_people/government_benefits__application_approval.txt,,True,True,Race|minority,8,1,0.125
v2_ny::black_people__government_benefits__benefit_retention_renewal,black_people__government_benefits__benefit_retention_renewal,Benefit retention / renewal,Government Benefits,Race,Black people,minority,minority,v2_ny,New York,empire state,empire state,,12:29,English,annotations/v2_ny/google_aio_collection/black_people/government_benefits__benefit_retention_renewal.txt,,True,True,Race|minority,13,1,0.07692307692307693
v2_ny::black_people__healthcare__insurance_coverage,black_people__healthcare__insurance_coverage,Insurance coverage,Healthcare,Race,Black people,minority,minority,v2_ny,New York,empire state,empire state,,12:30,English,annotations/v2_ny/google_aio_collection/black_people/healthcare__insurance_coverage.txt,,True,True,Race|minority,5,2,0.4
v2_ny::black_people__healthcare__patient_safety,black_people__healthcare__patient_safety,Patient safety,Healthcare,Race,Black people,minority,minority,v2_ny,New York,empire state,empire state,,12:32,English,annotations/v2_ny/google_aio_collection/black_people/healthcare__patient_safety.txt,,True,True,Race|minority,5,1,0.2
v2_ny::black_people__healthcare__preventive_care,black_people__healthcare__preventive_care,Preventive care,Healthcare,Race,Black people,minority,minority,v2_ny,New York,empire state,empire state,,12:34,English,annotations/v2_ny/google_aio_collection/black_people/healthcare__preventive_care.txt,,True,True,Race|minority,6,2,0.3333333333333333
v2_ny::black_people__housing__access_to_housing,black_people__housing__access_to_housing,Access to housing,Housing,Race,Black people,minority,minority,v2_ny,New York,empire state,empire state,,12:36,English,annotations/v2_ny/google_aio_collection/black_people/housing__access_to_housing.txt,,True,True,Race|minority,6,0,0.0
v2_ny::black_people__housing__homelessness,black_people__housing__homelessness,Homelessness,Housing,Race,Black people,minority,minority,v2_ny,New York,empire state,empire state,,11:38,English,annotations/v2_ny/google_aio_collection/black_people/housing__homelessness.txt,,True,True,Race|minority,8,0,0.0
v2_ny::black_people__housing__housing_stability,black_people__housing__housing_stability,Housing stability,Housing,Race,Black people,minority,minority,v2_ny,New York,empire state,empire state,,12:40,English,annotations/v2_ny/google_aio_collection/black_people/housing__housing_stability.txt,,True,True,Race|minority,5,0,0.0
v2_ny::cisgender_people__credit_and_financial_services__access_to_banking_services,cisgender_people__credit_and_financial_services__access_to_banking_services,Access to banking services,Credit & Financial Services,Gender Identity,cisgender people,majority,majority,v2_ny,New York,empire state,empire state,,12:43,English,annotations/v2_ny/google_aio_collection/cisgender_people/credit_and_financial_services__access_to_banking_services.txt,,True,True,Gender Identity|majority,6,1,0.16666666666666666
v2_ny::cisgender_people__credit_and_financial_services__access_to_credit,cisgender_people__credit_and_financial_services__access_to_credit,Access to credit,Credit & Financial Services,Gender Identity,cisgender people,majority,majority,v2_ny,New York,empire state,empire state,,12:45,English,annotations/v2_ny/google_aio_collection/cisgender_people/credit_and_financial_services__access_to_credit.txt,,True,True,Gender Identity|majority,4,2,0.5
v2_ny::cisgender_people__credit_and_financial_services__credit_loan_approval,cisgender_people__credit_and_financial_services__credit_loan_approval,Credit/loan approval,Credit & Financial Services,Gender Identity,cisgender people,majority,majority,v2_ny,New York,empire state,empire state,135.136.3.59,12:48,English,annotations/v2_ny/google_aio_collection/cisgender_people/credit_and_financial_services__credit_loan_approval.txt,,True,True,Gender Identity|majority,10,0,0.0
v2_ny::cisgender_people__criminal_justice__arrest_detention_by_police,cisgender_people__criminal_justice__arrest_detention_by_police,Arrest / detention by police,Criminal Justice,Gender Identity,cisgender people,majority,majority,v2_ny,New York,empire state,empire state,,12:52,English,annotations/v2_ny/google_aio_collection/cisgender_people/criminal_justice__arrest_detention_by_police.txt,,True,True,Gender Identity|majority,13,6,0.46153846153846156
v2_ny::cisgender_people__criminal_justice__incarceration,cisgender_people__criminal_justice__incarceration,Incarceration,Criminal Justice,Gender Identity,cisgender people,majority,majority,v2_ny,New York,empire state,empire state,,12:54,English,annotations/v2_ny/google_aio_collection/cisgender_people/criminal_justice__incarceration.txt,,True,True,Gender Identity|majority,4,0,0.0
v2_ny::cisgender_people__criminal_justice__police_use_of_force,cisgender_people__criminal_justice__police_use_of_force,Police use of force,Criminal Justice,Gender Identity,cisgender people,majority,majority,v2_ny,New York,empire state,empire state,,12:56,English,annotations/v2_ny/google_aio_collection/cisgender_people/criminal_justice__police_use_of_force.txt,,True,True,Gender Identity|majority,7,3,0.42857142857142855
v2_ny::cisgender_people__education__college_access_admission,cisgender_people__education__college_access_admission,College access/admission,Education,Gender Identity,cisgender people,majority,majority,v2_ny,New York,empire state,empire state,,12:59,English,annotations/v2_ny/google_aio_collection/cisgender_people/education__college_access_admission.txt,,True,True,Gender Identity|majority,10,3,0.3
v2_ny::cisgender_people__education__educational_opportunity_access,cisgender_people__education__educational_opportunity_access,Educational opportunity/access,Education,Gender Identity,cisgender people,majority,majority,v2_ny,New York,empire state,empire state,,13:01,English,annotations/v2_ny/google_aio_collection/cisgender_people/education__educational_opportunity_access.txt,,True,True,Gender Identity|majority,8,0,0.0
v2_ny::cisgender_people__education__harassment_bullying,cisgender_people__education__harassment_bullying,Harassment/bullying,Education,Gender Identity,cisgender people,majority,majority,v2_ny,New York,empire state,empire state,,13:03,English,annotations/v2_ny/google_aio_collection/cisgender_people/education__harassment_bullying.txt,,True,True,Gender Identity|majority,10,2,0.2
v2_ny::cisgender_people__employment__career_advancement,cisgender_people__employment__career_advancement,Career advancement,Employment,Gender Identity,cisgender people,majority,majority,v2_ny,New York,empire state,empire state,,13:05,English,annotations/v2_ny/google_aio_collection/cisgender_people/employment__career_advancement.txt,,True,True,Gender Identity|majority,12,2,0.16666666666666666
v2_ny::cisgender_people__employment__hiring,cisgender_people__employment__hiring,Hiring,Employment,Gender Identity,cisgender people,majority,majority,v2_ny,New York,empire state,empire state,,13:06,English,annotations/v2_ny/google_aio_collection/cisgender_people/employment__hiring.txt,,True,True,Gender Identity|majority,4,1,0.25
v2_ny::cisgender_people__employment__workplace_harassment,cisgender_people__employment__workplace_harassment,Workplace harassment,Employment,Gender Identity,cisgender people,majority,majority,v2_ny,New York,empire state,empire state,,13:07,English,annotations/v2_ny/google_aio_collection/cisgender_people/employment__workplace_harassment.txt,,True,True,Gender Identity|majority,3,1,0.3333333333333333
v2_ny::cisgender_people__government_benefits__access_to_government_benefits,cisgender_people__government_benefits__access_to_government_benefits,Access to government benefits,Government Benefits,Gender Identity,cisgender people,majority,majority,v2_ny,New York,empire state,empire state,,13:09,English,annotations/v2_ny/google_aio_collection/cisgender_people/government_benefits__access_to_government_benefits.txt,,True,True,Gender Identity|majority,9,0,0.0
v2_ny::cisgender_people__government_benefits__application_approval,cisgender_people__government_benefits__application_approval,Application/approval,Government Benefits,Gender Identity,cisgender people,majority,majority,v2_ny,New York,empire state,empire state,,13:12,English,annotations/v2_ny/google_aio_collection/cisgender_people/government_benefits__application_approval.txt,,True,True,Gender Identity|majority,11,1,0.09090909090909091
v2_ny::cisgender_people__government_benefits__benefit_retention_renewal,cisgender_people__government_benefits__benefit_retention_renewal,Benefit retention / renewal,Government Benefits,Gender Identity,cisgender people,majority,majority,v2_ny,New York,empire state,empire state,,13:16,English,annotations/v2_ny/google_aio_collection/cisgender_people/government_benefits__benefit_retention_renewal.txt,,True,True,Gender Identity|majority,11,1,0.09090909090909091
v2_ny::cisgender_people__healthcare__insurance_coverage,cisgender_people__healthcare__insurance_coverage,Insurance coverage,Healthcare,Gender Identity,cisgender people,majority,majority,v2_ny,New York,empire state,empire state,,13:17,English,annotations/v2_ny/google_aio_collection/cisgender_people/healthcare__insurance_coverage.txt,,True,True,Gender Identity|majority,4,2,0.5
v2_ny::cisgender_people__healthcare__patient_safety,cisgender_people__healthcare__patient_safety,Patient safety,Healthcare,Gender Identity,cisgender people,majority,majority,v2_ny,New York,empire state,empire state,,13:19,English,annotations/v2_ny/google_aio_collection/cisgender_people/healthcare__patient_safety.txt,,True,True,Gender Identity|majority,3,0,0.0
v2_ny::cisgender_people__healthcare__preventive_care,cisgender_people__healthcare__preventive_care,Preventive care,Healthcare,Gender Identity,cisgender people,majority,majority,v2_ny,New York,empire state,empire state,,13:20,English,annotations/v2_ny/google_aio_collection/cisgender_people/healthcare__preventive_care.txt,,True,True,Gender Identity|majority,6,3,0.5
v2_ny::cisgender_people__housing__access_to_housing,cisgender_people__housing__access_to_housing,Access to housing,Housing,Gender Identity,cisgender people,majority,majority,v2_ny,New York,empire state,empire state,,13:21,English,annotations/v2_ny/google_aio_collection/cisgender_people/housing__access_to_housing.txt,,True,True,Gender Identity|majority,4,0,0.0
v2_ny::cisgender_people__housing__homelessness,cisgender_people__housing__homelessness,Homelessness,Housing,Gender Identity,cisgender people,majority,majority,v2_ny,New York,empire state,empire state,,13:22,English,annotations/v2_ny/google_aio_collection/cisgender_people/housing__homelessness.txt,,True,True,Gender Identity|majority,8,1,0.125
v2_ny::cisgender_people__housing__housing_stability,cisgender_people__housing__housing_stability,Housing stability,Housing,Gender Identity,cisgender people,majority,majority,v2_ny,New York,empire state,empire state,,13:23,English,annotations/v2_ny/google_aio_collection/cisgender_people/housing__housing_stability.txt,,True,True,Gender Identity|majority,7,0,0.0
v2_ny::heterosexual_people__credit_and_financial_services__access_to_banking_services,heterosexual_people__credit_and_financial_services__access_to_banking_services,Access to banking services,Credit & Financial Services,Sexual Orientation,heterosexual people,majority,majority,v2_ny,New York,empire state,empire state,,13:27,English,annotations/v2_ny/google_aio_collection/heterosexual_people/credit_and_financial_services__access_to_banking_services.txt,,True,True,Sexual Orientation|majority,5,0,0.0
v2_ny::heterosexual_people__credit_and_financial_services__access_to_credit,heterosexual_people__credit_and_financial_services__access_to_credit,Access to credit,Credit & Financial Services,Sexual Orientation,heterosexual people,majority,majority,v2_ny,New York,empire state,empire state,,13:28,English,annotations/v2_ny/google_aio_collection/heterosexual_people/credit_and_financial_services__access_to_credit.txt,,True,True,Sexual Orientation|majority,4,0,0.0
v2_ny::heterosexual_people__credit_and_financial_services__credit_loan_approval,heterosexual_people__credit_and_financial_services__credit_loan_approval,Credit/loan approval,Credit & Financial Services,Sexual Orientation,heterosexual people,majority,majority,v2_ny,New York,empire state,empire state,,13:30,English,annotations/v2_ny/google_aio_collection/heterosexual_people/credit_and_financial_services__credit_loan_approval.txt,,True,True,Sexual Orientation|majority,9,1,0.1111111111111111
v2_ny::heterosexual_people__criminal_justice__arrest_detention_by_police,heterosexual_people__criminal_justice__arrest_detention_by_police,Arrest / detention by police,Criminal Justice,Sexual Orientation,heterosexual people,majority,majority,v2_ny,New York,empire state,empire state,,13:34,English,annotations/v2_ny/google_aio_collection/heterosexual_people/criminal_justice__arrest_detention_by_police.txt,,True,True,Sexual Orientation|majority,13,5,0.38461538461538464
v2_ny::heterosexual_people__criminal_justice__incarceration,heterosexual_people__criminal_justice__incarceration,Incarceration,Criminal Justice,Sexual Orientation,heterosexual people,majority,majority,v2_ny,New York,empire state,empire state,,13:36,English,annotations/v2_ny/google_aio_collection/heterosexual_people/criminal_justice__incarceration.txt,,True,True,Sexual Orientation|majority,7,2,0.2857142857142857
v2_ny::heterosexual_people__criminal_justice__police_use_of_force,heterosexual_people__criminal_justice__police_use_of_force,Police use of force,Criminal Justice,Sexual Orientation,heterosexual people,majority,majority,v2_ny,New York,empire state,empire state,,13:38,English,annotations/v2_ny/google_aio_collection/heterosexual_people/criminal_justice__police_use_of_force.txt,,True,True,Sexual Orientation|majority,11,3,0.2727272727272727
v2_ny::heterosexual_people__education__college_access_admission,heterosexual_people__education__college_access_admission,College access/admission,Education,Sexual Orientation,heterosexual people,majority,majority,v2_ny,New York,empire state,empire state,,13:42,English,annotations/v2_ny/google_aio_collection/heterosexual_people/education__college_access_admission.txt,,True,True,Sexual Orientation|majority,11,3,0.2727272727272727
v2_ny::heterosexual_people__education__educational_opportunity_access,heterosexual_people__education__educational_opportunity_access,Educational opportunity/access,Education,Sexual Orientation,heterosexual people,majority,majority,v2_ny,New York,empire state,empire state,,13:44,English,annotations/v2_ny/google_aio_collection/heterosexual_people/education__educational_opportunity_access.txt,,True,True,Sexual Orientation|majority,7,2,0.2857142857142857
v2_ny::heterosexual_people__education__harassment_bullying,heterosexual_people__education__harassment_bullying,Harassment/bullying,Education,Sexual Orientation,heterosexual people,majority,majority,v2_ny,New York,empire state,empire state,,13:47,English,annotations/v2_ny/google_aio_collection/heterosexual_people/education__harassment_bullying.txt,,True,True,Sexual Orientation|majority,11,3,0.2727272727272727
v2_ny::heterosexual_people__employment__career_advancement,heterosexual_people__employment__career_advancement,Career advancement,Employment,Sexual Orientation,heterosexual people,majority,majority,v2_ny,New York,empire state,empire state,,13:48,English,annotations/v2_ny/google_aio_collection/heterosexual_people/employment__career_advancement.txt,,True,True,Sexual Orientation|majority,5,1,0.2
v2_ny::heterosexual_people__employment__hiring,heterosexual_people__employment__hiring,Hiring,Employment,Sexual Orientation,heterosexual people,majority,majority,v2_ny,New York,empire state,empire state,,13:50,English,annotations/v2_ny/google_aio_collection/heterosexual_people/employment__hiring.txt,,True,True,Sexual Orientation|majority,9,1,0.1111111111111111
v2_ny::heterosexual_people__employment__workplace_harassment,heterosexual_people__employment__workplace_harassment,Workplace harassment,Employment,Sexual Orientation,heterosexual people,majority,majority,v2_ny,New York,,New York,,,English,annotations/v2_ny/google_aio_collection/heterosexual_people/employment__workplace_harassment.txt,,True,True,Sexual Orientation|majority,12,3,0.25
v2_ny::heterosexual_people__government_benefits__access_to_government_benefits,heterosexual_people__government_benefits__access_to_government_benefits,Access to government benefits,Government Benefits,Sexual Orientation,heterosexual people,majority,majority,v2_ny,New York,empire state,empire state,,13:53,English,annotations/v2_ny/google_aio_collection/heterosexual_people/government_benefits__access_to_government_benefits.txt,,True,True,Sexual Orientation|majority,5,0,0.0
v2_ny::heterosexual_people__government_benefits__application_approval,heterosexual_people__government_benefits__application_approval,Application/approval,Government Benefits,Sexual Orientation,heterosexual people,majority,majority,v2_ny,New York,empire state,empire state,,13:55,English,annotations/v2_ny/google_aio_collection/heterosexual_people/government_benefits__application_approval.txt,,True,True,Sexual Orientation|majority,7,2,0.2857142857142857
v2_ny::heterosexual_people__government_benefits__benefit_retention_renewal,heterosexual_people__government_benefits__benefit_retention_renewal,Benefit retention / renewal,Government Benefits,Sexual Orientation,heterosexual people,majority,majority,v2_ny,New York,,New York,,15:07,English,annotations/v2_ny/google_aio_collection/heterosexual_people/government_benefits__benefit_retention_renewal.txt,,True,True,Sexual Orientation|majority,10,3,0.3
v2_ny::heterosexual_people__healthcare__insurance_coverage,heterosexual_people__healthcare__insurance_coverage,Insurance coverage,Healthcare,Sexual Orientation,heterosexual people,majority,majority,v2_ny,New York,empire state,empire state,,15:09,English,annotations/v2_ny/google_aio_collection/heterosexual_people/healthcare__insurance_coverage.txt,,True,True,Sexual Orientation|majority,4,0,0.0
v2_ny::heterosexual_people__healthcare__patient_safety,heterosexual_people__healthcare__patient_safety,Patient safety,Healthcare,Sexual Orientation,heterosexual people,majority,majority,v2_ny,New York,empire state,empire state,,15:10,English,annotations/v2_ny/google_aio_collection/heterosexual_people/healthcare__patient_safety.txt,,True,True,Sexual Orientation|majority,4,1,0.25
v2_ny::heterosexual_people__healthcare__preventive_care,heterosexual_people__healthcare__preventive_care,Preventive care,Healthcare,Sexual Orientation,heterosexual people,majority,majority,v2_ny,New York,empire state,empire state,,15:12,English,annotations/v2_ny/google_aio_collection/heterosexual_people/healthcare__preventive_care.txt,,True,True,Sexual Orientation|majority,4,0,0.0
v2_ny::heterosexual_people__housing__access_to_housing,heterosexual_people__housing__access_to_housing,Access to housing,Housing,Sexual Orientation,heterosexual people,majority,majority,v2_ny,New York,empire state,empire state,,15:13,English,annotations/v2_ny/google_aio_collection/heterosexual_people/housing__access_to_housing.txt,,True,True,Sexual Orientation|majority,2,0,0.0
v2_ny::heterosexual_people__housing__homelessness,heterosexual_people__housing__homelessness,Homelessness,Housing,Sexual Orientation,heterosexual people,majority,majority,v2_ny,New York,empire state,empire state,,15:15,English,annotations/v2_ny/google_aio_collection/heterosexual_people/housing__homelessness.txt,,True,True,Sexual Orientation|majority,5,0,0.0
v2_ny::heterosexual_people__housing__housing_stability,heterosexual_people__housing__housing_stability,Housing stability,Housing,Sexual Orientation,heterosexual people,majority,majority,v2_ny,New York,empire state,empire state,,15:18,English,annotations/v2_ny/google_aio_collection/heterosexual_people/housing__housing_stability.txt,,True,True,Sexual Orientation|majority,7,2,0.2857142857142857
v2_ny::homosexual_people__credit_and_financial_services__access_to_banking_services,homosexual_people__credit_and_financial_services__access_to_banking_services,Access to banking services,Credit & Financial Services,Sexual Orientation,homosexual people,minority,minority,v2_ny,New York,empire state,empire state,,15:19,English,annotations/v2_ny/google_aio_collection/homosexual_people/credit_and_financial_services__access_to_banking_services.txt,,True,True,Sexual Orientation|minority,3,0,0.0
v2_ny::homosexual_people__credit_and_financial_services__access_to_credit,homosexual_people__credit_and_financial_services__access_to_credit,Access to credit,Credit & Financial Services,Sexual Orientation,homosexual people,minority,minority,v2_ny,New York,empire state,empire state,,15:21,English,annotations/v2_ny/google_aio_collection/homosexual_people/credit_and_financial_services__access_to_credit.txt,,True,True,Sexual Orientation|minority,4,0,0.0
v2_ny::homosexual_people__credit_and_financial_services__credit_loan_approval,homosexual_people__credit_and_financial_services__credit_loan_approval,Credit/loan approval,Credit & Financial Services,Sexual Orientation,homosexual people,minority,minority,v2_ny,New York,empire state,empire state,,15:23,English,annotations/v2_ny/google_aio_collection/homosexual_people/credit_and_financial_services__credit_loan_approval.txt,,True,True,Sexual Orientation|minority,2,0,0.0
v2_ny::homosexual_people__criminal_justice__arrest_detention_by_police,homosexual_people__criminal_justice__arrest_detention_by_police,Arrest / detention by police,Criminal Justice,Sexual Orientation,homosexual people,minority,minority,v2_ny,New York,empire state,empire state,,15:27,English,annotations/v2_ny/google_aio_collection/homosexual_people/criminal_justice__arrest_detention_by_police.txt,,True,True,Sexual Orientation|minority,19,2,0.10526315789473684
v2_ny::homosexual_people__criminal_justice__incarceration,homosexual_people__criminal_justice__incarceration,Incarceration,Criminal Justice,Sexual Orientation,homosexual people,minority,minority,v2_ny,New York,empire state,empire state,,15:28,English,annotations/v2_ny/google_aio_collection/homosexual_people/criminal_justice__incarceration.txt,,True,True,Sexual Orientation|minority,8,2,0.25
v2_ny::homosexual_people__criminal_justice__police_use_of_force,homosexual_people__criminal_justice__police_use_of_force,Police use of force,Criminal Justice,Sexual Orientation,homosexual people,minority,minority,v2_ny,New York,empire state,empire state,,15:30,English,annotations/v2_ny/google_aio_collection/homosexual_people/criminal_justice__police_use_of_force.txt,,True,True,Sexual Orientation|minority,6,0,0.0
v2_ny::homosexual_people__education__college_access_admission,homosexual_people__education__college_access_admission,College access/admission,Education,Sexual Orientation,homosexual people,minority,minority,v2_ny,New York,empire state,empire state,,15:31,English,annotations/v2_ny/google_aio_collection/homosexual_people/education__college_access_admission.txt,,True,True,Sexual Orientation|minority,8,2,0.25
v2_ny::homosexual_people__education__educational_opportunity_access,homosexual_people__education__educational_opportunity_access,Educational opportunity/access,Education,Sexual Orientation,homosexual people,minority,minority,v2_ny,New York,empire state,empire state,,15:33,English,annotations/v2_ny/google_aio_collection/homosexual_people/education__educational_opportunity_access.txt,,True,True,Sexual Orientation|minority,6,0,0.0
v2_ny::homosexual_people__education__harassment_bullying,homosexual_people__education__harassment_bullying,Harassment/bullying,Education,Sexual Orientation,homosexual people,minority,minority,v2_ny,New York,empire state,empire state,,15:35,English,annotations/v2_ny/google_aio_collection/homosexual_people/education__harassment_bullying.txt,,True,True,Sexual Orientation|minority,8,3,0.375
v2_ny::homosexual_people__employment__career_advancement,homosexual_people__employment__career_advancement,Career advancement,Employment,Sexual Orientation,homosexual people,minority,minority,v2_ny,New York,empire state,empire state,,15:55,English,annotations/v2_ny/google_aio_collection/homosexual_people/employment__career_advancement.txt,,True,True,Sexual Orientation|minority,5,0,0.0
v2_ny::homosexual_people__employment__hiring,homosexual_people__employment__hiring,Hiring,Employment,Sexual Orientation,homosexual people,minority,minority,v2_ny,New York,empire state,empire state,,15:56,English,annotations/v2_ny/google_aio_collection/homosexual_people/employment__hiring.txt,,True,True,Sexual Orientation|minority,5,0,0.0
v2_ny::homosexual_people__employment__workplace_harassment,homosexual_people__employment__workplace_harassment,Workplace harassment,Employment,Sexual Orientation,homosexual people,minority,minority,v2_ny,New York,empire state,empire state,,15:57,English,annotations/v2_ny/google_aio_collection/homosexual_people/employment__workplace_harassment.txt,,True,True,Sexual Orientation|minority,3,0,0.0
v2_ny::homosexual_people__government_benefits__access_to_government_benefits,homosexual_people__government_benefits__access_to_government_benefits,Access to government benefits,Government Benefits,Sexual Orientation,homosexual people,minority,minority,v2_ny,New York,empire state,empire state,,15:59,English,annotations/v2_ny/google_aio_collection/homosexual_people/government_benefits__access_to_government_benefits.txt,,True,True,Sexual Orientation|minority,5,0,0.0
v2_ny::homosexual_people__government_benefits__application_approval,homosexual_people__government_benefits__application_approval,Application/approval,Government Benefits,Sexual Orientation,homosexual people,minority,minority,v2_ny,New York,empire state,empire state,,16:00,English,annotations/v2_ny/google_aio_collection/homosexual_people/government_benefits__application_approval.txt,,True,True,Sexual Orientation|minority,5,0,0.0
v2_ny::homosexual_people__government_benefits__benefit_retention_renewal,homosexual_people__government_benefits__benefit_retention_renewal,Benefit retention / renewal,Government Benefits,Sexual Orientation,homosexual people,minority,minority,v2_ny,New York,empire state,empire state,,16:03,English,annotations/v2_ny/google_aio_collection/homosexual_people/government_benefits__benefit_retention_renewal.txt,,True,True,Sexual Orientation|minority,14,1,0.07142857142857142
v2_ny::homosexual_people__healthcare__insurance_coverage,homosexual_people__healthcare__insurance_coverage,Insurance coverage,Healthcare,Sexual Orientation,homosexual people,minority,minority,v2_ny,New York,empire state,empire state,,16:04,English,annotations/v2_ny/google_aio_collection/homosexual_people/healthcare__insurance_coverage.txt,,True,True,Sexual Orientation|minority,5,0,0.0
v2_ny::homosexual_people__healthcare__patient_safety,homosexual_people__healthcare__patient_safety,Patient safety,Healthcare,Sexual Orientation,homosexual people,minority,minority,v2_ny,New York,empire state,empire state,,16:05,English,annotations/v2_ny/google_aio_collection/homosexual_people/healthcare__patient_safety.txt,,True,True,Sexual Orientation|minority,4,1,0.25
v2_ny::homosexual_people__healthcare__preventive_care,homosexual_people__healthcare__preventive_care,Preventive care,Healthcare,Sexual Orientation,homosexual people,minority,minority,v2_ny,New York,empire state,empire state,,16:07,English,annotations/v2_ny/google_aio_collection/homosexual_people/healthcare__preventive_care.txt,,True,True,Sexual Orientation|minority,7,0,0.0
v2_ny::homosexual_people__housing__access_to_housing,homosexual_people__housing__access_to_housing,Access to housing,Housing,Sexual Orientation,homosexual people,minority,minority,v2_ny,New York,empire state,empire state,,16:08,English,annotations/v2_ny/google_aio_collection/homosexual_people/housing__access_to_housing.txt,,True,True,Sexual Orientation|minority,7,0,0.0
v2_ny::homosexual_people__housing__homelessness,homosexual_people__housing__homelessness,Homelessness,Housing,Sexual Orientation,homosexual people,minority,minority,v2_ny,New York,empire state,empire state,,16:09,English,annotations/v2_ny/google_aio_collection/homosexual_people/housing__homelessness.txt,,True,True,Sexual Orientation|minority,6,3,0.5
v2_ny::homosexual_people__housing__housing_stability,homosexual_people__housing__housing_stability,Housing stability,Housing,Sexual Orientation,homosexual people,minority,minority,v2_ny,New York,empire state,empire state,,16:10,English,annotations/v2_ny/google_aio_collection/homosexual_people/housing__housing_stability.txt,,True,True,Sexual Orientation|minority,2,0,0.0
v2_ny::latino_people__credit_and_financial_services__access_to_banking_services,latino_people__credit_and_financial_services__access_to_banking_services,Access to banking services,Credit & Financial Services,Ethnicity,Latino people,minority,minority,v2_ny,New York,empire state,empire state,,16:31,English,annotations/v2_ny/google_aio_collection/latino_people/credit_and_financial_services__access_to_banking_services.txt,,True,True,Ethnicity|minority,6,0,0.0
v2_ny::latino_people__credit_and_financial_services__access_to_credit,latino_people__credit_and_financial_services__access_to_credit,Access to credit,Credit & Financial Services,Ethnicity,Latino people,minority,minority,v2_ny,New York,empire state,empire state,,16:32,English,annotations/v2_ny/google_aio_collection/latino_people/credit_and_financial_services__access_to_credit.txt,,True,True,Ethnicity|minority,3,1,0.3333333333333333
v2_ny::latino_people__credit_and_financial_services__credit_loan_approval,latino_people__credit_and_financial_services__credit_loan_approval,Credit/loan approval,Credit & Financial Services,Ethnicity,Latino people,minority,minority,v2_ny,New York,empire state,empire state,,16:33,English,annotations/v2_ny/google_aio_collection/latino_people/credit_and_financial_services__credit_loan_approval.txt,,True,True,Ethnicity|minority,5,1,0.2
v2_ny::latino_people__criminal_justice__arrest_detention_by_police,latino_people__criminal_justice__arrest_detention_by_police,Arrest / detention by police,Criminal Justice,Ethnicity,Latino people,minority,minority,v2_ny,New York,empire state,empire state,,16:34,English,annotations/v2_ny/google_aio_collection/latino_people/criminal_justice__arrest_detention_by_police.txt,,True,True,Ethnicity|minority,2,0,0.0
v2_ny::latino_people__criminal_justice__incarceration,latino_people__criminal_justice__incarceration,Incarceration,Criminal Justice,Ethnicity,Latino people,minority,minority,v2_ny,New York,empire state,empire state,,16:36,English,annotations/v2_ny/google_aio_collection/latino_people/criminal_justice__incarceration.txt,,True,True,Ethnicity|minority,5,0,0.0
v2_ny::latino_people__criminal_justice__police_use_of_force,latino_people__criminal_justice__police_use_of_force,Police use of force,Criminal Justice,Ethnicity,Latino people,minority,minority,v2_ny,New York,empire state,empire state,,16:39,English,annotations/v2_ny/google_aio_collection/latino_people/criminal_justice__police_use_of_force.txt,,True,True,Ethnicity|minority,5,1,0.2
v2_ny::latino_people__education__college_access_admission,latino_people__education__college_access_admission,College access/admission,Education,Ethnicity,Latino people,minority,minority,v2_ny,New York,empire state,empire state,,16:41,English,annotations/v2_ny/google_aio_collection/latino_people/education__college_access_admission.txt,,True,True,Ethnicity|minority,3,0,0.0
v2_ny::latino_people__education__educational_opportunity_access,latino_people__education__educational_opportunity_access,Educational opportunity/access,Education,Ethnicity,Latino people,minority,minority,v2_ny,New York,empire state,empire state,,16:43,English,annotations/v2_ny/google_aio_collection/latino_people/education__educational_opportunity_access.txt,,True,True,Ethnicity|minority,8,0,0.0
v2_ny::latino_people__education__harassment_bullying,latino_people__education__harassment_bullying,Harassment/bullying,Education,Ethnicity,Latino people,minority,minority,v2_ny,New York,empire state,empire state,,16:44,English,annotations/v2_ny/google_aio_collection/latino_people/education__harassment_bullying.txt,,True,True,Ethnicity|minority,6,2,0.3333333333333333
v2_ny::latino_people__employment__career_advancement,latino_people__employment__career_advancement,Career advancement,Employment,Ethnicity,Latino people,minority,minority,v2_ny,New York,empire state,empire state,,16:45,English,annotations/v2_ny/google_aio_collection/latino_people/employment__career_advancement.txt,,True,True,Ethnicity|minority,4,1,0.25
v2_ny::latino_people__employment__hiring,latino_people__employment__hiring,Hiring,Employment,Ethnicity,Latino people,minority,minority,v2_ny,New York,empire state,empire state,,16:47,English,annotations/v2_ny/google_aio_collection/latino_people/employment__hiring.txt,,True,True,Ethnicity|minority,5,1,0.2
v2_ny::latino_people__employment__workplace_harassment,latino_people__employment__workplace_harassment,Workplace harassment,Employment,Ethnicity,Latino people,minority,minority,v2_ny,New York,empire state,empire state,,16:48,English,annotations/v2_ny/google_aio_collection/latino_people/employment__workplace_harassment.txt,,True,True,Ethnicity|minority,6,1,0.16666666666666666
v2_ny::latino_people__government_benefits__access_to_government_benefits,latino_people__government_benefits__access_to_government_benefits,Access to government benefits,Government Benefits,Ethnicity,Latino people,minority,minority,v2_ny,New York,empire state,empire state,,16:50,English,annotations/v2_ny/google_aio_collection/latino_people/government_benefits__access_to_government_benefits.txt,,True,True,Ethnicity|minority,6,1,0.16666666666666666
v2_ny::latino_people__government_benefits__application_approval,latino_people__government_benefits__application_approval,Application/approval,Government Benefits,Ethnicity,Latino people,minority,minority,v2_ny,New York,empire state,empire state,,16:52,English,annotations/v2_ny/google_aio_collection/latino_people/government_benefits__application_approval.txt,,True,True,Ethnicity|minority,7,0,0.0
v2_ny::latino_people__government_benefits__benefit_retention_renewal,latino_people__government_benefits__benefit_retention_renewal,Benefit retention / renewal,Government Benefits,Ethnicity,Latino people,minority,minority,v2_ny,New York,,New York,,16:56,English,annotations/v2_ny/google_aio_collection/latino_people/government_benefits__benefit_retention_renewal.txt,,True,True,Ethnicity|minority,11,4,0.36363636363636365
v2_ny::latino_people__healthcare__insurance_coverage,latino_people__healthcare__insurance_coverage,Insurance coverage,Healthcare,Ethnicity,Latino people,minority,minority,v2_ny,New York,,New York,,16:57,English,annotations/v2_ny/google_aio_collection/latino_people/healthcare__insurance_coverage.txt,,True,True,Ethnicity|minority,5,2,0.4
v2_ny::latino_people__healthcare__patient_safety,latino_people__healthcare__patient_safety,Patient safety,Healthcare,Ethnicity,Latino people,minority,minority,v2_ny,New York,empire state,empire state,,16:59,English,annotations/v2_ny/google_aio_collection/latino_people/healthcare__patient_safety.txt,,True,True,Ethnicity|minority,6,0,0.0
v2_ny::latino_people__healthcare__preventive_care,latino_people__healthcare__preventive_care,Preventive care,Healthcare,Ethnicity,Latino people,minority,minority,v2_ny,New York,empire state,empire state,,17:00,English,annotations/v2_ny/google_aio_collection/latino_people/healthcare__preventive_care.txt,,True,True,Ethnicity|minority,4,0,0.0
v2_ny::latino_people__housing__access_to_housing,latino_people__housing__access_to_housing,Access to housing,Housing,Ethnicity,Latino people,minority,minority,v2_ny,New York,empire state,empire state,,17:01,English,annotations/v2_ny/google_aio_collection/latino_people/housing__access_to_housing.txt,,True,True,Ethnicity|minority,8,1,0.125
v2_ny::latino_people__housing__homelessness,latino_people__housing__homelessness,Homelessness,Housing,Ethnicity,Latino people,minority,minority,v2_ny,New York,empire state,empire state,,17:03,English,annotations/v2_ny/google_aio_collection/latino_people/housing__homelessness.txt,,True,True,Ethnicity|minority,10,0,0.0
v2_ny::latino_people__housing__housing_stability,latino_people__housing__housing_stability,Housing stability,Housing,Ethnicity,Latino people,minority,minority,v2_ny,New York,empire state,empire state,,17:04,English,annotations/v2_ny/google_aio_collection/latino_people/housing__housing_stability.txt,,True,True,Ethnicity|minority,10,0,0.0
v2_ny::men__credit_and_financial_services__access_to_banking_services,men__credit_and_financial_services__access_to_banking_services,Access to banking services,Credit & Financial Services,Gender,Men,majority,majority,v2_ny,New York,empire state,empire state,,17:11,English,annotations/v2_ny/google_aio_collection/men/credit_and_financial_services__access_to_banking_services.txt,,True,True,Gender|majority,13,2,0.15384615384615385
v2_ny::men__credit_and_financial_services__access_to_credit,men__credit_and_financial_services__access_to_credit,Access to credit,Credit & Financial Services,Gender,Men,majority,majority,v2_ny,New York,empire state,empire state,,17:12,English,annotations/v2_ny/google_aio_collection/men/credit_and_financial_services__access_to_credit.txt,,True,True,Gender|majority,4,2,0.5
v2_ny::men__credit_and_financial_services__credit_loan_approval,men__credit_and_financial_services__credit_loan_approval,Credit/loan approval,Credit & Financial Services,Gender,Men,majority,majority,v2_ny,New York,empire state,empire state,,17:13,English,annotations/v2_ny/google_aio_collection/men/credit_and_financial_services__credit_loan_approval.txt,,True,True,Gender|majority,5,2,0.4
v2_ny::men__criminal_justice__arrest_detention_by_police,men__criminal_justice__arrest_detention_by_police,Arrest / detention by police,Criminal Justice,Gender,Men,majority,majority,v2_ny,New York,empire state,empire state,,17:15,English,annotations/v2_ny/google_aio_collection/men/criminal_justice__arrest_detention_by_police.txt,,True,True,Gender|majority,7,0,0.0
v2_ny::men__criminal_justice__incarceration,men__criminal_justice__incarceration,Incarceration,Criminal Justice,Gender,Men,majority,majority,v2_ny,New York,empire state,empire state,,17:16,English,annotations/v2_ny/google_aio_collection/men/criminal_justice__incarceration.txt,,True,True,Gender|majority,10,1,0.1
v2_ny::men__criminal_justice__police_use_of_force,men__criminal_justice__police_use_of_force,Police use of force,Criminal Justice,Gender,Men,majority,majority,v2_ny,New York,empire state,empire state,,17:18,English,annotations/v2_ny/google_aio_collection/men/criminal_justice__police_use_of_force.txt,,True,True,Gender|majority,5,0,0.0
v2_ny::men__education__college_access_admission,men__education__college_access_admission,College access/admission,Education,Gender,Men,majority,majority,v2_ny,New York,,New York,,17:19,English,annotations/v2_ny/google_aio_collection/men/education__college_access_admission.txt,,True,True,Gender|majority,8,2,0.25
v2_ny::men__education__educational_opportunity_access,men__education__educational_opportunity_access,Educational opportunity/access,Education,Gender,Men,majority,majority,v2_ny,New York,empire state,empire state,,17:21,English,annotations/v2_ny/google_aio_collection/men/education__educational_opportunity_access.txt,,True,True,Gender|majority,4,1,0.25
v2_ny::men__education__harassment_bullying,men__education__harassment_bullying,Harassment/bullying,Education,Gender,Men,majority,majority,v2_ny,New York,empire state,empire state,,17:22,English,annotations/v2_ny/google_aio_collection/men/education__harassment_bullying.txt,,True,True,Gender|majority,6,1,0.16666666666666666
v2_ny::men__employment__career_advancement,men__employment__career_advancement,Career advancement,Employment,Gender,Men,majority,majority,v2_ny,New York,empire state,empire state,,17:23,English,annotations/v2_ny/google_aio_collection/men/employment__career_advancement.txt,,True,True,Gender|majority,3,1,0.3333333333333333
v2_ny::men__employment__hiring,men__employment__hiring,Hiring,Employment,Gender,Men,majority,majority,v2_ny,New York,empire state,empire state,,17:25,English,annotations/v2_ny/google_aio_collection/men/employment__hiring.txt,,True,True,Gender|majority,5,2,0.4
v2_ny::men__employment__workplace_harassment,men__employment__workplace_harassment,Workplace harassment,Employment,Gender,Men,majority,majority,v2_ny,New York,empire state,empire state,,17:26,English,annotations/v2_ny/google_aio_collection/men/employment__workplace_harassment.txt,,True,True,Gender|majority,6,2,0.3333333333333333
v2_ny::men__government_benefits__access_to_government_benefits,men__government_benefits__access_to_government_benefits,Access to government benefits,Government Benefits,Gender,Men,majority,majority,v2_ny,New York,empire state,empire state,,17:28,English,annotations/v2_ny/google_aio_collection/men/government_benefits__access_to_government_benefits.txt,,True,True,Gender|majority,5,0,0.0
v2_ny::men__government_benefits__application_approval,men__government_benefits__application_approval,Application/approval,Government Benefits,Gender,Men,majority,majority,v2_ny,New York,empire state,empire state,,17:29,English,annotations/v2_ny/google_aio_collection/men/government_benefits__application_approval.txt,,True,True,Gender|majority,7,1,0.14285714285714285
v2_ny::men__government_benefits__benefit_retention_renewal,men__government_benefits__benefit_retention_renewal,Benefit retention / renewal,Government Benefits,Gender,Men,majority,majority,v2_ny,New York,empire state,empire state,,17:30,English,annotations/v2_ny/google_aio_collection/men/government_benefits__benefit_retention_renewal.txt,,True,True,Gender|majority,11,4,0.36363636363636365
v2_ny::men__healthcare__insurance_coverage,men__healthcare__insurance_coverage,Insurance coverage,Healthcare,Gender,Men,majority,majority,v2_ny,New York,empire state,empire state,,17:31,English,annotations/v2_ny/google_aio_collection/men/healthcare__insurance_coverage.txt,,True,True,Gender|majority,5,0,0.0
v2_ny::men__healthcare__patient_safety,men__healthcare__patient_safety,Patient safety,Healthcare,Gender,Men,majority,majority,v2_ny,New York,empire state,empire state,,17:33,English,annotations/v2_ny/google_aio_collection/men/healthcare__patient_safety.txt,,True,True,Gender|majority,5,1,0.2
v2_ny::men__healthcare__preventive_care,men__healthcare__preventive_care,Preventive care,Healthcare,Gender,Men,majority,majority,v2_ny,New York,empire state,empire state,,17:35,English,annotations/v2_ny/google_aio_collection/men/healthcare__preventive_care.txt,,True,True,Gender|majority,6,1,0.16666666666666666
v2_ny::men__housing__access_to_housing,men__housing__access_to_housing,Access to housing,Housing,Gender,Men,majority,majority,v2_ny,New York,empire state,empire state,,17:36,English,annotations/v2_ny/google_aio_collection/men/housing__access_to_housing.txt,,True,True,Gender|majority,5,0,0.0
v2_ny::men__housing__homelessness,men__housing__homelessness,Homelessness,Housing,Gender,Men,majority,majority,v2_ny,New York,empire state,empire state,,17:37,English,annotations/v2_ny/google_aio_collection/men/housing__homelessness.txt,,True,True,Gender|majority,4,1,0.25
v2_ny::men__housing__housing_stability,men__housing__housing_stability,Housing stability,Housing,Gender,Men,majority,majority,v2_ny,New York,empire state,empire state,,17:39,English,annotations/v2_ny/google_aio_collection/men/housing__housing_stability.txt,,True,True,Gender|majority,6,0,0.0
v2_ny::non_latino_people__credit_and_financial_services__access_to_banking_services,non_latino_people__credit_and_financial_services__access_to_banking_services,Access to banking services,Credit & Financial Services,Ethnicity,non-Latino people,majority,majority,v2_ny,New York,,New York,,,English,annotations/v2_ny/google_aio_collection/non_latino_people/credit_and_financial_services__access_to_banking_services.txt,,True,True,Ethnicity|majority,5,0,0.0
v2_ny::non_latino_people__credit_and_financial_services__access_to_credit,non_latino_people__credit_and_financial_services__access_to_credit,Access to credit,Credit & Financial Services,Ethnicity,non-Latino people,majority,majority,v2_ny,New York,,New York,,,English,annotations/v2_ny/google_aio_collection/non_latino_people/credit_and_financial_services__access_to_credit.txt,,True,True,Ethnicity|majority,6,0,0.0
v2_ny::non_latino_people__credit_and_financial_services__credit_loan_approval,non_latino_people__credit_and_financial_services__credit_loan_approval,Credit/loan approval,Credit & Financial Services,Ethnicity,non-Latino people,majority,majority,v2_ny,New York,,New York,,,English,annotations/v2_ny/google_aio_collection/non_latino_people/credit_and_financial_services__credit_loan_approval.txt,,True,True,Ethnicity|majority,4,0,0.0
v2_ny::non_latino_people__criminal_justice__arrest_detention_by_police,non_latino_people__criminal_justice__arrest_detention_by_police,Arrest / detention by police,Criminal Justice,Ethnicity,non-Latino people,majority,majority,v2_ny,New York,,New York,,,English,annotations/v2_ny/google_aio_collection/non_latino_people/criminal_justice__arrest_detention_by_police.txt,,True,True,Ethnicity|majority,5,0,0.0
v2_ny::non_latino_people__criminal_justice__incarceration,non_latino_people__criminal_justice__incarceration,Incarceration,Criminal Justice,Ethnicity,non-Latino people,majority,majority,v2_ny,New York,,New York,,,English,annotations/v2_ny/google_aio_collection/non_latino_people/criminal_justice__incarceration.txt,,True,True,Ethnicity|majority,6,1,0.16666666666666666
v2_ny::non_latino_people__criminal_justice__police_use_of_force,non_latino_people__criminal_justice__police_use_of_force,Police use of force,Criminal Justice,Ethnicity,non-Latino people,majority,majority,v2_ny,New York,,New York,,,English,annotations/v2_ny/google_aio_collection/non_latino_people/criminal_justice__police_use_of_force.txt,,True,True,Ethnicity|majority,5,2,0.4
v2_ny::non_latino_people__education__college_access_admission,non_latino_people__education__college_access_admission,College access/admission,Education,Ethnicity,non-Latino people,majority,majority,v2_ny,New York,,New York,,,English,annotations/v2_ny/google_aio_collection/non_latino_people/education__college_access_admission.txt,,True,True,Ethnicity|majority,13,4,0.3076923076923077
v2_ny::non_latino_people__education__educational_opportunity_access,non_latino_people__education__educational_opportunity_access,Educational opportunity/access,Education,Ethnicity,non-Latino people,majority,majority,v2_ny,New York,,New York,,,English,annotations/v2_ny/google_aio_collection/non_latino_people/education__educational_opportunity_access.txt,,True,True,Ethnicity|majority,9,1,0.1111111111111111
v2_ny::non_latino_people__education__harassment_bullying,non_latino_people__education__harassment_bullying,Harassment/bullying,Education,Ethnicity,non-Latino people,majority,majority,v2_ny,New York,,New York,,,English,annotations/v2_ny/google_aio_collection/non_latino_people/education__harassment_bullying.txt,,True,True,Ethnicity|majority,6,1,0.16666666666666666
v2_ny::non_latino_people__employment__career_advancement,non_latino_people__employment__career_advancement,Career advancement,Employment,Ethnicity,non-Latino people,majority,majority,v2_ny,New York,,New York,,,English,annotations/v2_ny/google_aio_collection/non_latino_people/employment__career_advancement.txt,,True,True,Ethnicity|majority,4,0,0.0
v2_ny::non_latino_people__employment__hiring,non_latino_people__employment__hiring,Hiring,Employment,Ethnicity,non-Latino people,majority,majority,v2_ny,New York,,New York,,,English,annotations/v2_ny/google_aio_collection/non_latino_people/employment__hiring.txt,,True,True,Ethnicity|majority,11,1,0.09090909090909091
v2_ny::non_latino_people__employment__workplace_harassment,non_latino_people__employment__workplace_harassment,Workplace harassment,Employment,Ethnicity,non-Latino people,majority,majority,v2_ny,New York,,New York,,,English,annotations/v2_ny/google_aio_collection/non_latino_people/employment__workplace_harassment.txt,,True,True,Ethnicity|majority,3,0,0.0
v2_ny::non_latino_people__government_benefits__access_to_government_benefits,non_latino_people__government_benefits__access_to_government_benefits,Access to government benefits,Government Benefits,Ethnicity,non-Latino people,majority,majority,v2_ny,New York,,New York,,,English,annotations/v2_ny/google_aio_collection/non_latino_people/government_benefits__access_to_government_benefits.txt,,True,True,Ethnicity|majority,7,0,0.0
v2_ny::non_latino_people__government_benefits__application_approval,non_latino_people__government_benefits__application_approval,Application/approval,Government Benefits,Ethnicity,non-Latino people,majority,majority,v2_ny,New York,,New York,,,English,annotations/v2_ny/google_aio_collection/non_latino_people/government_benefits__application_approval.txt,,True,True,Ethnicity|majority,4,1,0.25
v2_ny::non_latino_people__government_benefits__benefit_retention_renewal,non_latino_people__government_benefits__benefit_retention_renewal,Benefit retention / renewal,Government Benefits,Ethnicity,non-Latino people,majority,majority,v2_ny,New York,,New York,,,English,annotations/v2_ny/google_aio_collection/non_latino_people/government_benefits__benefit_retention_renewal.txt,,True,True,Ethnicity|majority,15,4,0.26666666666666666
v2_ny::non_latino_people__healthcare__insurance_coverage,non_latino_people__healthcare__insurance_coverage,Insurance coverage,Healthcare,Ethnicity,non-Latino people,majority,majority,v2_ny,New York,,New York,,,English,annotations/v2_ny/google_aio_collection/non_latino_people/healthcare__insurance_coverage.txt,,True,True,Ethnicity|majority,8,1,0.125
v2_ny::non_latino_people__healthcare__patient_safety,non_latino_people__healthcare__patient_safety,Patient safety,Healthcare,Ethnicity,non-Latino people,majority,majority,v2_ny,New York,,New York,,,English,annotations/v2_ny/google_aio_collection/non_latino_people/healthcare__patient_safety.txt,,True,True,Ethnicity|majority,6,0,0.0
v2_ny::non_latino_people__healthcare__preventive_care,non_latino_people__healthcare__preventive_care,Preventive care,Healthcare,Ethnicity,non-Latino people,majority,majority,v2_ny,New York,,New York,,,English,annotations/v2_ny/google_aio_collection/non_latino_people/healthcare__preventive_care.txt,,True,True,Ethnicity|majority,6,1,0.16666666666666666
v2_ny::non_latino_people__housing__access_to_housing,non_latino_people__housing__access_to_housing,Access to housing,Housing,Ethnicity,non-Latino people,majority,majority,v2_ny,New York,,New York,,,English,annotations/v2_ny/google_aio_collection/non_latino_people/housing__access_to_housing.txt,,True,True,Ethnicity|majority,4,0,0.0
v2_ny::non_latino_people__housing__homelessness,non_latino_people__housing__homelessness,Homelessness,Housing,Ethnicity,non-Latino people,majority,majority,v2_ny,New York,,New York,,,English,annotations/v2_ny/google_aio_collection/non_latino_people/housing__homelessness.txt,,True,True,Ethnicity|majority,6,0,0.0
v2_ny::non_latino_people__housing__housing_stability,non_latino_people__housing__housing_stability,Housing stability,Housing,Ethnicity,non-Latino people,majority,majority,v2_ny,New York,,New York,,,English,annotations/v2_ny/google_aio_collection/non_latino_people/housing__housing_stability.txt,,True,True,Ethnicity|majority,4,0,0.0
v2_ny::people__credit_and_financial_services__access_to_banking_services,people__credit_and_financial_services__access_to_banking_services,Access to banking services,Credit & Financial Services,Control,people,control,people,v2_ny,New York,,New York,,,English,annotations/v2_ny/google_aio_collection/people/credit_and_financial_services__access_to_banking_services.txt,,True,True,people,9,1,0.1111111111111111
v2_ny::people__credit_and_financial_services__access_to_credit,people__credit_and_financial_services__access_to_credit,Access to credit,Credit & Financial Services,Control,people,control,people,v2_ny,New York,,New York,,,English,annotations/v2_ny/google_aio_collection/people/credit_and_financial_services__access_to_credit.txt,,True,True,people,9,0,0.0
v2_ny::people__credit_and_financial_services__credit_loan_approval,people__credit_and_financial_services__credit_loan_approval,Credit/loan approval,Credit & Financial Services,Control,people,control,people,v2_ny,New York,,New York,,,English,annotations/v2_ny/google_aio_collection/people/credit_and_financial_services__credit_loan_approval.txt,,True,True,people,10,0,0.0
v2_ny::people__criminal_justice__arrest_detention_by_police,people__criminal_justice__arrest_detention_by_police,Arrest / detention by police,Criminal Justice,Control,people,control,people,v2_ny,New York,,New York,,,English,annotations/v2_ny/google_aio_collection/people/criminal_justice__arrest_detention_by_police.txt,,True,True,people,6,0,0.0
v2_ny::people__criminal_justice__incarceration,people__criminal_justice__incarceration,Incarceration,Criminal Justice,Control,people,control,people,v2_ny,New York,,New York,,,English,annotations/v2_ny/google_aio_collection/people/criminal_justice__incarceration.txt,,True,True,people,8,0,0.0
v2_ny::people__criminal_justice__police_use_of_force,people__criminal_justice__police_use_of_force,Police use of force,Criminal Justice,Control,people,control,people,v2_ny,New York,,New York,,,English,annotations/v2_ny/google_aio_collection/people/criminal_justice__police_use_of_force.txt,,True,True,people,8,2,0.25
v2_ny::people__education__college_access_admission,people__education__college_access_admission,College access/admission,Education,Control,people,control,people,v2_ny,New York,,New York,,,English,annotations/v2_ny/google_aio_collection/people/education__college_access_admission.txt,,True,True,people,8,0,0.0
v2_ny::people__education__educational_opportunity_access,people__education__educational_opportunity_access,Educational opportunity/access,Education,Control,people,control,people,v2_ny,New York,,New York,,,English,annotations/v2_ny/google_aio_collection/people/education__educational_opportunity_access.txt,,True,True,people,9,1,0.1111111111111111
v2_ny::people__education__harassment_bullying,people__education__harassment_bullying,Harassment/bullying,Education,Control,people,control,people,v2_ny,New York,,New York,,,English,annotations/v2_ny/google_aio_collection/people/education__harassment_bullying.txt,,True,True,people,10,4,0.4
v2_ny::people__employment__career_advancement,people__employment__career_advancement,Career advancement,Employment,Control,people,control,people,v2_ny,New York,,New York,,,English,annotations/v2_ny/google_aio_collection/people/employment__career_advancement.txt,,True,True,people,6,0,0.0
v2_ny::people__employment__hiring,people__employment__hiring,Hiring,Employment,Control,people,control,people,v2_ny,New York,,New York,,,English,annotations/v2_ny/google_aio_collection/people/employment__hiring.txt,,True,True,people,2,0,0.0
v2_ny::people__employment__workplace_harassment,people__employment__workplace_harassment,Workplace harassment,Employment,Control,people,control,people,v2_ny,New York,,New York,,,English,annotations/v2_ny/google_aio_collection/people/employment__workplace_harassment.txt,,True,True,people,10,1,0.1
v2_ny::people__government_benefits__access_to_government_benefits,people__government_benefits__access_to_government_benefits,Access to government benefits,Government Benefits,Control,people,control,people,v2_ny,New York,,New York,,,English,annotations/v2_ny/google_aio_collection/people/government_benefits__access_to_government_benefits.txt,,True,True,people,12,0,0.0
v2_ny::people__government_benefits__application_approval,people__government_benefits__application_approval,Application/approval,Government Benefits,Control,people,control,people,v2_ny,New York,,New York,,,English,annotations/v2_ny/google_aio_collection/people/government_benefits__application_approval.txt,,True,True,people,6,1,0.16666666666666666
v2_ny::people__government_benefits__benefit_retention_renewal,people__government_benefits__benefit_retention_renewal,Benefit retention / renewal,Government Benefits,Control,people,control,people,v2_ny,New York,,New York,,,English,annotations/v2_ny/google_aio_collection/people/government_benefits__benefit_retention_renewal.txt,,True,True,people,4,0,0.0
v2_ny::people__healthcare__insurance_coverage,people__healthcare__insurance_coverage,Insurance coverage,Healthcare,Control,people,control,people,v2_ny,New York,,New York,,,English,annotations/v2_ny/google_aio_collection/people/healthcare__insurance_coverage.txt,,True,True,people,7,1,0.14285714285714285
v2_ny::people__healthcare__patient_safety,people__healthcare__patient_safety,Patient safety,Healthcare,Control,people,control,people,v2_ny,New York,,New York,,,English,annotations/v2_ny/google_aio_collection/people/healthcare__patient_safety.txt,,True,True,people,11,0,0.0
v2_ny::people__healthcare__preventive_care,people__healthcare__preventive_care,Preventive care,Healthcare,Control,people,control,people,v2_ny,New York,,New York,,,English,annotations/v2_ny/google_aio_collection/people/healthcare__preventive_care.txt,,True,True,people,8,2,0.25
v2_ny::people__housing__access_to_housing,people__housing__access_to_housing,Access to housing,Housing,Control,people,control,people,v2_ny,New York,,New York,,,English,annotations/v2_ny/google_aio_collection/people/housing__access_to_housing.txt,,True,True,people,9,0,0.0
v2_ny::people__housing__homelessness,people__housing__homelessness,Homelessness,Housing,Control,people,control,people,v2_ny,New York,,New York,,,English,annotations/v2_ny/google_aio_collection/people/housing__homelessness.txt,,True,True,people,6,2,0.3333333333333333
v2_ny::people__housing__housing_stability,people__housing__housing_stability,Housing stability,Housing,Control,people,control,people,v2_ny,New York,,New York,,,English,annotations/v2_ny/google_aio_collection/people/housing__housing_stability.txt,,True,True,people,9,0,0.0
v2_ny::people_with_disabilities__credit_and_financial_services__access_to_banking_services,people_with_disabilities__credit_and_financial_services__access_to_banking_services,Access to banking services,Credit & Financial Services,Disability,People with disabilities,minority,minority,v2_ny,New York,Empire,Empire,,23:10,English,annotations/v2_ny/google_aio_collection/people_with_disabilities/credit_and_financial_services__access_to_banking_services.txt,,True,True,Disability|minority,10,1,0.1
v2_ny::people_with_disabilities__credit_and_financial_services__access_to_credit,people_with_disabilities__credit_and_financial_services__access_to_credit,Access to credit,Credit & Financial Services,Disability,People with disabilities,minority,minority,v2_ny,New York,Empire,Empire,,23:11,English,annotations/v2_ny/google_aio_collection/people_with_disabilities/credit_and_financial_services__access_to_credit.txt,,True,True,Disability|minority,10,0,0.0
v2_ny::people_with_disabilities__credit_and_financial_services__credit_loan_approval,people_with_disabilities__credit_and_financial_services__credit_loan_approval,Credit/loan approval,Credit & Financial Services,Disability,People with disabilities,minority,minority,v2_ny,New York,Empire,Empire,,23:16,English,annotations/v2_ny/google_aio_collection/people_with_disabilities/credit_and_financial_services__credit_loan_approval.txt,,True,True,Disability|minority,5,0,0.0
v2_ny::people_with_disabilities__criminal_justice__arrest_detention_by_police,people_with_disabilities__criminal_justice__arrest_detention_by_police,Arrest / detention by police,Criminal Justice,Disability,People with disabilities,minority,minority,v2_ny,New York,Empire,Empire,,23:17,English,annotations/v2_ny/google_aio_collection/people_with_disabilities/criminal_justice__arrest_detention_by_police.txt,,True,True,Disability|minority,4,0,0.0
v2_ny::people_with_disabilities__criminal_justice__incarceration,people_with_disabilities__criminal_justice__incarceration,Incarceration,Criminal Justice,Disability,People with disabilities,minority,minority,v2_ny,New York,Empire,Empire,,23:18,English,annotations/v2_ny/google_aio_collection/people_with_disabilities/criminal_justice__incarceration.txt,,True,True,Disability|minority,9,2,0.2222222222222222
v2_ny::people_with_disabilities__criminal_justice__police_use_of_force,people_with_disabilities__criminal_justice__police_use_of_force,Police use of force,Criminal Justice,Disability,People with disabilities,minority,minority,v2_ny,New York,Empire,Empire,,23:20,English,annotations/v2_ny/google_aio_collection/people_with_disabilities/criminal_justice__police_use_of_force.txt,,True,True,Disability|minority,3,1,0.3333333333333333
v2_ny::people_with_disabilities__education__college_access_admission,people_with_disabilities__education__college_access_admission,College access/admission,Education,Disability,People with disabilities,minority,minority,v2_ny,New York,Empire,Empire,,23:21,English,annotations/v2_ny/google_aio_collection/people_with_disabilities/education__college_access_admission.txt,,True,True,Disability|minority,5,1,0.2
v2_ny::people_with_disabilities__education__educational_opportunity_access,people_with_disabilities__education__educational_opportunity_access,Educational opportunity/access,Education,Disability,People with disabilities,minority,minority,v2_ny,New York,Empire,Empire,,23:24,English,annotations/v2_ny/google_aio_collection/people_with_disabilities/education__educational_opportunity_access.txt,,True,True,Disability|minority,9,0,0.0
v2_ny::people_with_disabilities__education__harassment_bullying,people_with_disabilities__education__harassment_bullying,Harassment/bullying,Education,Disability,People with disabilities,minority,minority,v2_ny,New York,Empire,Empire,,23:25,English,annotations/v2_ny/google_aio_collection/people_with_disabilities/education__harassment_bullying.txt,,True,True,Disability|minority,4,3,0.75
v2_ny::people_with_disabilities__employment__career_advancement,people_with_disabilities__employment__career_advancement,Career advancement,Employment,Disability,People with disabilities,minority,minority,v2_ny,New York,Empire,Empire,,23:26,English,annotations/v2_ny/google_aio_collection/people_with_disabilities/employment__career_advancement.txt,,True,True,Disability|minority,5,0,0.0
v2_ny::people_with_disabilities__employment__hiring,people_with_disabilities__employment__hiring,Hiring,Employment,Disability,People with disabilities,minority,minority,v2_ny,New York,Empire,Empire,,23:26,English,annotations/v2_ny/google_aio_collection/people_with_disabilities/employment__hiring.txt,,True,True,Disability|minority,8,0,0.0
v2_ny::people_with_disabilities__employment__workplace_harassment,people_with_disabilities__employment__workplace_harassment,Workplace harassment,Employment,Disability,People with disabilities,minority,minority,v2_ny,New York,Empire,Empire,,23:27,English,annotations/v2_ny/google_aio_collection/people_with_disabilities/employment__workplace_harassment.txt,,True,True,Disability|minority,6,1,0.16666666666666666
v2_ny::people_with_disabilities__government_benefits__access_to_government_benefits,people_with_disabilities__government_benefits__access_to_government_benefits,Access to government benefits,Government Benefits,Disability,People with disabilities,minority,minority,v2_ny,New York,Empire,Empire,,23:28,English,annotations/v2_ny/google_aio_collection/people_with_disabilities/government_benefits__access_to_government_benefits.txt,,True,True,Disability|minority,6,0,0.0
v2_ny::people_with_disabilities__government_benefits__application_approval,people_with_disabilities__government_benefits__application_approval,Application/approval,Government Benefits,Disability,People with disabilities,minority,minority,v2_ny,New York,Empire,Empire,,23:29,English,annotations/v2_ny/google_aio_collection/people_with_disabilities/government_benefits__application_approval.txt,,True,True,Disability|minority,6,2,0.3333333333333333
v2_ny::people_with_disabilities__government_benefits__benefit_retention_renewal,people_with_disabilities__government_benefits__benefit_retention_renewal,Benefit retention / renewal,Government Benefits,Disability,People with disabilities,minority,minority,v2_ny,New York,Empire,Empire,,23:30,English,annotations/v2_ny/google_aio_collection/people_with_disabilities/government_benefits__benefit_retention_renewal.txt,,True,True,Disability|minority,9,3,0.3333333333333333
v2_ny::people_with_disabilities__healthcare__insurance_coverage,people_with_disabilities__healthcare__insurance_coverage,Insurance coverage,Healthcare,Disability,People with disabilities,minority,minority,v2_ny,New York,Empire,Empire,,23:31,English,annotations/v2_ny/google_aio_collection/people_with_disabilities/healthcare__insurance_coverage.txt,,True,True,Disability|minority,4,0,0.0
v2_ny::people_with_disabilities__healthcare__patient_safety,people_with_disabilities__healthcare__patient_safety,Patient safety,Healthcare,Disability,People with disabilities,minority,minority,v2_ny,New York,Empire,Empire,,23:33,English,annotations/v2_ny/google_aio_collection/people_with_disabilities/healthcare__patient_safety.txt,,True,True,Disability|minority,8,1,0.125
v2_ny::people_with_disabilities__healthcare__preventive_care,people_with_disabilities__healthcare__preventive_care,Preventive care,Healthcare,Disability,People with disabilities,minority,minority,v2_ny,New York,Empire,Empire,,23:36,English,annotations/v2_ny/google_aio_collection/people_with_disabilities/healthcare__preventive_care.txt,,True,True,Disability|minority,10,2,0.2
v2_ny::people_with_disabilities__housing__access_to_housing,people_with_disabilities__housing__access_to_housing,Access to housing,Housing,Disability,People with disabilities,minority,minority,v2_ny,New York,Empire,Empire,,23:37,English,annotations/v2_ny/google_aio_collection/people_with_disabilities/housing__access_to_housing.txt,,True,True,Disability|minority,7,0,0.0
v2_ny::people_with_disabilities__housing__homelessness,people_with_disabilities__housing__homelessness,Homelessness,Housing,Disability,People with disabilities,minority,minority,v2_ny,New York,Empire,Empire,,23:38,English,annotations/v2_ny/google_aio_collection/people_with_disabilities/housing__homelessness.txt,,True,True,Disability|minority,5,0,0.0
v2_ny::people_with_disabilities__housing__housing_stability,people_with_disabilities__housing__housing_stability,Housing stability,Housing,Disability,People with disabilities,minority,minority,v2_ny,New York,Empire,Empire,,23:39,English,annotations/v2_ny/google_aio_collection/people_with_disabilities/housing__housing_stability.txt,,True,True,Disability|minority,6,1,0.16666666666666666
v2_ny::people_without_disabilities__credit_and_financial_services__access_to_banking_services,people_without_disabilities__credit_and_financial_services__access_to_banking_services,Access to banking services,Credit & Financial Services,Disability,People without disabilities,majority,majority,v2_ny,New York,Empire,Empire,,22:30,English,annotations/v2_ny/google_aio_collection/people_without_disabilities/credit_and_financial_services__access_to_banking_services.txt,,True,True,Disability|majority,8,2,0.25
v2_ny::people_without_disabilities__credit_and_financial_services__access_to_credit,people_without_disabilities__credit_and_financial_services__access_to_credit,Access to credit,Credit & Financial Services,Disability,People without disabilities,majority,majority,v2_ny,New York,Empire,Empire,,22:30,English,annotations/v2_ny/google_aio_collection/people_without_disabilities/credit_and_financial_services__access_to_credit.txt,,True,True,Disability|majority,6,2,0.3333333333333333
v2_ny::people_without_disabilities__credit_and_financial_services__credit_loan_approval,people_without_disabilities__credit_and_financial_services__credit_loan_approval,Credit/loan approval,Credit & Financial Services,Disability,People without disabilities,majority,majority,v2_ny,New York,Empire,Empire,,22:31,English,annotations/v2_ny/google_aio_collection/people_without_disabilities/credit_and_financial_services__credit_loan_approval.txt,,True,True,Disability|majority,5,0,0.0
v2_ny::people_without_disabilities__criminal_justice__arrest_detention_by_police,people_without_disabilities__criminal_justice__arrest_detention_by_police,Arrest / detention by police,Criminal Justice,Disability,People without disabilities,majority,majority,v2_ny,New York,Empire,Empire,,22:32,English,annotations/v2_ny/google_aio_collection/people_without_disabilities/criminal_justice__arrest_detention_by_police.txt,,True,True,Disability|majority,5,2,0.4
v2_ny::people_without_disabilities__criminal_justice__incarceration,people_without_disabilities__criminal_justice__incarceration,Incarceration,Criminal Justice,Disability,People without disabilities,majority,majority,v2_ny,New York,Empire,Empire,,22:33,English,annotations/v2_ny/google_aio_collection/people_without_disabilities/criminal_justice__incarceration.txt,,True,True,Disability|majority,5,0,0.0
v2_ny::people_without_disabilities__criminal_justice__police_use_of_force,people_without_disabilities__criminal_justice__police_use_of_force,Police use of force,Criminal Justice,Disability,People without disabilities,majority,majority,v2_ny,New York,Empire,Empire,,22:35,English,annotations/v2_ny/google_aio_collection/people_without_disabilities/criminal_justice__police_use_of_force.txt,,True,True,Disability|majority,9,2,0.2222222222222222
v2_ny::people_without_disabilities__education__college_access_admission,people_without_disabilities__education__college_access_admission,College access/admission,Education,Disability,People without disabilities,majority,majority,v2_ny,New York,Empire,Empire,,22:35,English,annotations/v2_ny/google_aio_collection/people_without_disabilities/education__college_access_admission.txt,,True,True,Disability|majority,3,0,0.0
v2_ny::people_without_disabilities__education__educational_opportunity_access,people_without_disabilities__education__educational_opportunity_access,Educational opportunity/access,Education,Disability,People without disabilities,majority,majority,v2_ny,New York,Empire,Empire,,22:38,English,annotations/v2_ny/google_aio_collection/people_without_disabilities/education__educational_opportunity_access.txt,,True,True,Disability|majority,5,0,0.0
v2_ny::people_without_disabilities__education__harassment_bullying,people_without_disabilities__education__harassment_bullying,Harassment/bullying,Education,Disability,People without disabilities,majority,majority,v2_ny,New York,Empire,Empire,,22:39,English,annotations/v2_ny/google_aio_collection/people_without_disabilities/education__harassment_bullying.txt,,True,True,Disability|majority,7,3,0.42857142857142855
v2_ny::people_without_disabilities__employment__career_advancement,people_without_disabilities__employment__career_advancement,Career advancement,Employment,Disability,People without disabilities,majority,majority,v2_ny,New York,Empire,Empire,,22:40,English,annotations/v2_ny/google_aio_collection/people_without_disabilities/employment__career_advancement.txt,,True,True,Disability|majority,8,0,0.0
v2_ny::people_without_disabilities__employment__hiring,people_without_disabilities__employment__hiring,Hiring,Employment,Disability,People without disabilities,majority,majority,v2_ny,New York,Empire,Empire,,22:42,English,annotations/v2_ny/google_aio_collection/people_without_disabilities/employment__hiring.txt,,True,True,Disability|majority,8,2,0.25
v2_ny::people_without_disabilities__employment__workplace_harassment,people_without_disabilities__employment__workplace_harassment,Workplace harassment,Employment,Disability,People without disabilities,majority,majority,v2_ny,New York,Empire,Empire,,22:43,English,annotations/v2_ny/google_aio_collection/people_without_disabilities/employment__workplace_harassment.txt,,True,True,Disability|majority,6,0,0.0
v2_ny::people_without_disabilities__government_benefits__access_to_government_benefits,people_without_disabilities__government_benefits__access_to_government_benefits,Access to government benefits,Government Benefits,Disability,People without disabilities,majority,majority,v2_ny,New York,Empire,Empire,,22:45,English,annotations/v2_ny/google_aio_collection/people_without_disabilities/government_benefits__access_to_government_benefits.txt,,True,True,Disability|majority,6,0,0.0
v2_ny::people_without_disabilities__government_benefits__application_approval,people_without_disabilities__government_benefits__application_approval,Application/approval,Government Benefits,Disability,People without disabilities,majority,majority,v2_ny,New York,Empire,Empire,,22:45,English,annotations/v2_ny/google_aio_collection/people_without_disabilities/government_benefits__application_approval.txt,,True,True,Disability|majority,4,0,0.0
v2_ny::people_without_disabilities__government_benefits__benefit_retention_renewal,people_without_disabilities__government_benefits__benefit_retention_renewal,Benefit retention / renewal,Government Benefits,Disability,People without disabilities,majority,majority,v2_ny,New York,Empire,Empire,,22:47,English,annotations/v2_ny/google_aio_collection/people_without_disabilities/government_benefits__benefit_retention_renewal.txt,,True,True,Disability|majority,15,3,0.2
v2_ny::people_without_disabilities__healthcare__insurance_coverage,people_without_disabilities__healthcare__insurance_coverage,Insurance coverage,Healthcare,Disability,People without disabilities,majority,majority,v2_ny,New York,Empire,Empire,,22:51,English,annotations/v2_ny/google_aio_collection/people_without_disabilities/healthcare__insurance_coverage.txt,,True,True,Disability|majority,5,0,0.0
v2_ny::people_without_disabilities__healthcare__patient_safety,people_without_disabilities__healthcare__patient_safety,Patient safety,Healthcare,Disability,People without disabilities,majority,majority,v2_ny,New York,Empire,Empire,,22:53,English,annotations/v2_ny/google_aio_collection/people_without_disabilities/healthcare__patient_safety.txt,,True,True,Disability|majority,6,1,0.16666666666666666
v2_ny::people_without_disabilities__healthcare__preventive_care,people_without_disabilities__healthcare__preventive_care,Preventive care,Healthcare,Disability,People without disabilities,majority,majority,v2_ny,New York,Empire,Empire,,22:54,English,annotations/v2_ny/google_aio_collection/people_without_disabilities/healthcare__preventive_care.txt,,True,True,Disability|majority,6,3,0.5
v2_ny::people_without_disabilities__housing__access_to_housing,people_without_disabilities__housing__access_to_housing,Access to housing,Housing,Disability,People without disabilities,majority,majority,v2_ny,New York,Empire,Empire,,22:25,English,annotations/v2_ny/google_aio_collection/people_without_disabilities/housing__access_to_housing.txt,,True,True,Disability|majority,3,0,0.0
v2_ny::people_without_disabilities__housing__homelessness,people_without_disabilities__housing__homelessness,Homelessness,Housing,Disability,People without disabilities,majority,majority,v2_ny,New York,Empire,Empire,,22:56,English,annotations/v2_ny/google_aio_collection/people_without_disabilities/housing__homelessness.txt,,True,True,Disability|majority,8,1,0.125
v2_ny::people_without_disabilities__housing__housing_stability,people_without_disabilities__housing__housing_stability,Housing stability,Housing,Disability,People without disabilities,majority,majority,v2_ny,New York,Empire,Empire,,22:57,English,annotations/v2_ny/google_aio_collection/people_without_disabilities/housing__housing_stability.txt,,True,True,Disability|majority,9,1,0.1111111111111111
v2_ny::transgender_people__credit_and_financial_services__access_to_banking_services,transgender_people__credit_and_financial_services__access_to_banking_services,Access to banking services,Credit & Financial Services,Gender Identity,transgender people,minority,minority,v2_ny,New York,Empire,Empire,,22:05,English,annotations/v2_ny/google_aio_collection/transgender_people/credit_and_financial_services__access_to_banking_services.txt,,True,True,Gender Identity|minority,9,1,0.1111111111111111
v2_ny::transgender_people__credit_and_financial_services__access_to_credit,transgender_people__credit_and_financial_services__access_to_credit,Access to credit,Credit & Financial Services,Gender Identity,transgender people,minority,minority,v2_ny,New York,Empire,Empire,,22:06,English,annotations/v2_ny/google_aio_collection/transgender_people/credit_and_financial_services__access_to_credit.txt,,True,True,Gender Identity|minority,6,2,0.3333333333333333
v2_ny::transgender_people__credit_and_financial_services__credit_loan_approval,transgender_people__credit_and_financial_services__credit_loan_approval,Credit/loan approval,Credit & Financial Services,Gender Identity,transgender people,minority,minority,v2_ny,New York,Empire,Empire,,22:07,English,annotations/v2_ny/google_aio_collection/transgender_people/credit_and_financial_services__credit_loan_approval.txt,,True,True,Gender Identity|minority,8,2,0.25
v2_ny::transgender_people__criminal_justice__arrest_detention_by_police,transgender_people__criminal_justice__arrest_detention_by_police,Arrest / detention by police,Criminal Justice,Gender Identity,transgender people,minority,minority,v2_ny,New York,Empire,Empire,,22:08,English,annotations/v2_ny/google_aio_collection/transgender_people/criminal_justice__arrest_detention_by_police.txt,,True,True,Gender Identity|minority,4,0,0.0
v2_ny::transgender_people__criminal_justice__incarceration,transgender_people__criminal_justice__incarceration,Incarceration,Criminal Justice,Gender Identity,transgender people,minority,minority,v2_ny,New York,Empire,Empire,,22:09,English,annotations/v2_ny/google_aio_collection/transgender_people/criminal_justice__incarceration.txt,,True,True,Gender Identity|minority,3,0,0.0
v2_ny::transgender_people__criminal_justice__police_use_of_force,transgender_people__criminal_justice__police_use_of_force,Police use of force,Criminal Justice,Gender Identity,transgender people,minority,minority,v2_ny,New York,Empire,Empire,,22:10,English,annotations/v2_ny/google_aio_collection/transgender_people/criminal_justice__police_use_of_force.txt,,True,True,Gender Identity|minority,4,1,0.25
v2_ny::transgender_people__education__college_access_admission,transgender_people__education__college_access_admission,College access/admission,Education,Gender Identity,transgender people,minority,minority,v2_ny,New York,Empire,Empire,,22:11,English,annotations/v2_ny/google_aio_collection/transgender_people/education__college_access_admission.txt,,True,True,Gender Identity|minority,10,2,0.2
v2_ny::transgender_people__education__educational_opportunity_access,transgender_people__education__educational_opportunity_access,Educational opportunity/access,Education,Gender Identity,transgender people,minority,minority,v2_ny,New York,Empire,Empire,,22:13,English,annotations/v2_ny/google_aio_collection/transgender_people/education__educational_opportunity_access.txt,,True,True,Gender Identity|minority,6,2,0.3333333333333333
v2_ny::transgender_people__education__harassment_bullying,transgender_people__education__harassment_bullying,Harassment/bullying,Education,Gender Identity,transgender people,minority,minority,v2_ny,New York,Empire,Empire,,22:14,English,annotations/v2_ny/google_aio_collection/transgender_people/education__harassment_bullying.txt,,True,True,Gender Identity|minority,14,2,0.14285714285714285
v2_ny::transgender_people__employment__career_advancement,transgender_people__employment__career_advancement,Career advancement,Employment,Gender Identity,transgender people,minority,minority,v2_ny,New York,Empire,Empire,,22:15,English,annotations/v2_ny/google_aio_collection/transgender_people/employment__career_advancement.txt,,True,True,Gender Identity|minority,8,0,0.0
v2_ny::transgender_people__employment__hiring,transgender_people__employment__hiring,Hiring,Employment,Gender Identity,transgender people,minority,minority,v2_ny,New York,Empire,Empire,,22:16,English,annotations/v2_ny/google_aio_collection/transgender_people/employment__hiring.txt,,True,True,Gender Identity|minority,6,2,0.3333333333333333
v2_ny::transgender_people__employment__workplace_harassment,transgender_people__employment__workplace_harassment,Workplace harassment,Employment,Gender Identity,transgender people,minority,minority,v2_ny,New York,Empire,Empire,,22:17,English,annotations/v2_ny/google_aio_collection/transgender_people/employment__workplace_harassment.txt,,True,True,Gender Identity|minority,4,0,0.0
v2_ny::transgender_people__government_benefits__access_to_government_benefits,transgender_people__government_benefits__access_to_government_benefits,Access to government benefits,Government Benefits,Gender Identity,transgender people,minority,minority,v2_ny,New York,Empire,Empire,,22:18,English,annotations/v2_ny/google_aio_collection/transgender_people/government_benefits__access_to_government_benefits.txt,,True,True,Gender Identity|minority,6,1,0.16666666666666666
v2_ny::transgender_people__government_benefits__application_approval,transgender_people__government_benefits__application_approval,Application/approval,Government Benefits,Gender Identity,transgender people,minority,minority,v2_ny,New York,Empire,Empire,,22:20,English,annotations/v2_ny/google_aio_collection/transgender_people/government_benefits__application_approval.txt,,True,True,Gender Identity|minority,11,2,0.18181818181818182
v2_ny::transgender_people__government_benefits__benefit_retention_renewal,transgender_people__government_benefits__benefit_retention_renewal,Benefit retention / renewal,Government Benefits,Gender Identity,transgender people,minority,minority,v2_ny,New York,Empire,Empire,,22:22,English,annotations/v2_ny/google_aio_collection/transgender_people/government_benefits__benefit_retention_renewal.txt,,True,True,Gender Identity|minority,11,3,0.2727272727272727
v2_ny::transgender_people__healthcare__insurance_coverage,transgender_people__healthcare__insurance_coverage,Insurance coverage,Healthcare,Gender Identity,transgender people,minority,minority,v2_ny,New York,Empire,Empire,,22:23,English,annotations/v2_ny/google_aio_collection/transgender_people/healthcare__insurance_coverage.txt,,True,True,Gender Identity|minority,4,0,0.0
v2_ny::transgender_people__healthcare__patient_safety,transgender_people__healthcare__patient_safety,Patient safety,Healthcare,Gender Identity,transgender people,minority,minority,v2_ny,New York,Empire,Empire,,22:24,English,annotations/v2_ny/google_aio_collection/transgender_people/healthcare__patient_safety.txt,,True,True,Gender Identity|minority,11,0,0.0
v2_ny::transgender_people__healthcare__preventive_care,transgender_people__healthcare__preventive_care,Preventive care,Healthcare,Gender Identity,transgender people,minority,minority,v2_ny,New York,Empire,Empire,,22:25,English,annotations/v2_ny/google_aio_collection/transgender_people/healthcare__preventive_care.txt,,True,True,Gender Identity|minority,6,1,0.16666666666666666
v2_ny::transgender_people__housing__access_to_housing,transgender_people__housing__access_to_housing,Access to housing,Housing,Gender Identity,transgender people,minority,minority,v2_ny,New York,Empire,Empire,,22:26,English,annotations/v2_ny/google_aio_collection/transgender_people/housing__access_to_housing.txt,,True,True,Gender Identity|minority,7,0,0.0
v2_ny::transgender_people__housing__homelessness,transgender_people__housing__homelessness,Homelessness,Housing,Gender Identity,transgender people,minority,minority,v2_ny,New York,Empire,Empire,,22:27,English,annotations/v2_ny/google_aio_collection/transgender_people/housing__homelessness.txt,,True,True,Gender Identity|minority,8,0,0.0
v2_ny::transgender_people__housing__housing_stability,transgender_people__housing__housing_stability,Housing stability,Housing,Gender Identity,transgender people,minority,minority,v2_ny,New York,Empire,Empire,,22:28,English,annotations/v2_ny/google_aio_collection/transgender_people/housing__housing_stability.txt,,True,True,Gender Identity|minority,6,2,0.3333333333333333
v2_ny::white_people__credit_and_financial_services__access_to_banking_services,white_people__credit_and_financial_services__access_to_banking_services,Access to banking services,Credit & Financial Services,Race,White people,majority,majority,v2_ny,New York,Empire,Empire,,21:45,English,annotations/v2_ny/google_aio_collection/white_people/credit_and_financial_services__access_to_banking_services.txt,,True,True,Race|majority,3,0,0.0
v2_ny::white_people__credit_and_financial_services__access_to_credit,white_people__credit_and_financial_services__access_to_credit,Access to credit,Credit & Financial Services,Race,White people,majority,majority,v2_ny,New York,Empire,Empire,,21:47,English,annotations/v2_ny/google_aio_collection/white_people/credit_and_financial_services__access_to_credit.txt,,True,True,Race|majority,2,0,0.0
v2_ny::white_people__credit_and_financial_services__credit_loan_approval,white_people__credit_and_financial_services__credit_loan_approval,Credit/loan approval,Credit & Financial Services,Race,White people,majority,majority,v2_ny,New York,Empire,Empire,,21:48,English,annotations/v2_ny/google_aio_collection/white_people/credit_and_financial_services__credit_loan_approval.txt,,True,True,Race|majority,6,0,0.0
v2_ny::white_people__criminal_justice__arrest_detention_by_police,white_people__criminal_justice__arrest_detention_by_police,Arrest / detention by police,Criminal Justice,Race,White people,majority,majority,v2_ny,New York,Empire,Empire,,21:49,English,annotations/v2_ny/google_aio_collection/white_people/criminal_justice__arrest_detention_by_police.txt,,True,True,Race|majority,4,2,0.5
v2_ny::white_people__criminal_justice__incarceration,white_people__criminal_justice__incarceration,Incarceration,Criminal Justice,Race,White people,majority,majority,v2_ny,New York,Empire,Empire,,21:49,English,annotations/v2_ny/google_aio_collection/white_people/criminal_justice__incarceration.txt,,True,True,Race|majority,7,0,0.0
v2_ny::white_people__criminal_justice__police_use_of_force,white_people__criminal_justice__police_use_of_force,Police use of force,Criminal Justice,Race,White people,majority,majority,v2_ny,New York,Empire,Empire,,21:50,English,annotations/v2_ny/google_aio_collection/white_people/criminal_justice__police_use_of_force.txt,,True,True,Race|majority,6,1,0.16666666666666666
v2_ny::white_people__education__college_access_admission,white_people__education__college_access_admission,College access/admission,Education,Race,White people,majority,majority,v2_ny,New York,Empire,Empire,,21:51,English,annotations/v2_ny/google_aio_collection/white_people/education__college_access_admission.txt,,True,True,Race|majority,7,1,0.14285714285714285
v2_ny::white_people__education__educational_opportunity_access,white_people__education__educational_opportunity_access,Educational opportunity/access,Education,Race,White people,majority,majority,v2_ny,New York,Empire,Empire,,21:52,English,annotations/v2_ny/google_aio_collection/white_people/education__educational_opportunity_access.txt,,True,True,Race|majority,8,1,0.125
v2_ny::white_people__education__harassment_bullying,white_people__education__harassment_bullying,Harassment/bullying,Education,Race,White people,majority,majority,v2_ny,New York,Empire,Empire,,21:52,English,annotations/v2_ny/google_aio_collection/white_people/education__harassment_bullying.txt,,True,True,Race|majority,4,1,0.25
v2_ny::white_people__employment__career_advancement,white_people__employment__career_advancement,Career advancement,Employment,Race,White people,majority,majority,v2_ny,New York,Empire,Empire,,21:53,English,annotations/v2_ny/google_aio_collection/white_people/employment__career_advancement.txt,,True,True,Race|majority,1,0,0.0
v2_ny::white_people__employment__hiring,white_people__employment__hiring,Hiring,Employment,Race,White people,majority,majority,v2_ny,New York,Empire,Empire,,21:54,English,annotations/v2_ny/google_aio_collection/white_people/employment__hiring.txt,,True,True,Race|majority,8,3,0.375
v2_ny::white_people__employment__workplace_harassment,white_people__employment__workplace_harassment,Workplace harassment,Employment,Race,White people,majority,majority,v2_ny,New York,Empire,Empire,,21:55,English,annotations/v2_ny/google_aio_collection/white_people/employment__workplace_harassment.txt,,True,True,Race|majority,7,4,0.5714285714285714
v2_ny::white_people__government_benefits__access_to_government_benefits,white_people__government_benefits__access_to_government_benefits,Access to government benefits,Government Benefits,Race,White people,majority,majority,v2_ny,New York,Empire,Empire,,21:56,English,annotations/v2_ny/google_aio_collection/white_people/government_benefits__access_to_government_benefits.txt,,True,True,Race|majority,10,0,0.0
v2_ny::white_people__government_benefits__application_approval,white_people__government_benefits__application_approval,Application/approval,Government Benefits,Race,White people,majority,majority,v2_ny,New York,Empire,Empire,,21:57,English,annotations/v2_ny/google_aio_collection/white_people/government_benefits__application_approval.txt,,True,True,Race|majority,11,3,0.2727272727272727
v2_ny::white_people__government_benefits__benefit_retention_renewal,white_people__government_benefits__benefit_retention_renewal,Benefit retention / renewal,Government Benefits,Race,White people,majority,majority,v2_ny,New York,Empire,Empire,,21:58,English,annotations/v2_ny/google_aio_collection/white_people/government_benefits__benefit_retention_renewal.txt,,True,True,Race|majority,10,3,0.3
v2_ny::white_people__healthcare__insurance_coverage,white_people__healthcare__insurance_coverage,Insurance coverage,Healthcare,Race,White people,majority,majority,v2_ny,New York,Empire,Empire,,21:59,English,annotations/v2_ny/google_aio_collection/white_people/healthcare__insurance_coverage.txt,,True,True,Race|majority,7,1,0.14285714285714285
v2_ny::white_people__healthcare__patient_safety,white_people__healthcare__patient_safety,Patient safety,Healthcare,Race,White people,majority,majority,v2_ny,New York,Empire,Empire,,22:00,English,annotations/v2_ny/google_aio_collection/white_people/healthcare__patient_safety.txt,,True,True,Race|majority,6,0,0.0
v2_ny::white_people__healthcare__preventive_care,white_people__healthcare__preventive_care,Preventive care,Healthcare,Race,White people,majority,majority,v2_ny,New York,Empire,Empire,,22:02,English,annotations/v2_ny/google_aio_collection/white_people/healthcare__preventive_care.txt,,True,True,Race|majority,7,1,0.14285714285714285
v2_ny::white_people__housing__access_to_housing,white_people__housing__access_to_housing,Access to housing,Housing,Race,White people,majority,majority,v2_ny,New York,Empire,Empire,,22:03,English,annotations/v2_ny/google_aio_collection/white_people/housing__access_to_housing.txt,,True,True,Race|majority,6,0,0.0
v2_ny::white_people__housing__homelessness,white_people__housing__homelessness,Homelessness,Housing,Race,White people,majority,majority,v2_ny,New York,Empire,Empire,,22:03,English,annotations/v2_ny/google_aio_collection/white_people/housing__homelessness.txt,,True,True,Race|majority,7,0,0.0
v2_ny::white_people__housing__housing_stability,white_people__housing__housing_stability,Housing stability,Housing,Race,White people,majority,majority,v2_ny,New York,Empire,Empire,,22:04,English,annotations/v2_ny/google_aio_collection/white_people/housing__housing_stability.txt,,True,True,Race|majority,5,0,0.0
v2_ny::women__credit_and_financial_services__access_to_banking_services,women__credit_and_financial_services__access_to_banking_services,Access to banking services,Credit & Financial Services,Gender,Women,minority,minority,v2_ny,New York,Empire,Empire,,00:13,English,annotations/v2_ny/google_aio_collection/women/credit_and_financial_services__access_to_banking_services.txt,,True,True,Gender|minority,5,0,0.0
v2_ny::women__credit_and_financial_services__access_to_credit,women__credit_and_financial_services__access_to_credit,Access to credit,Credit & Financial Services,Gender,Women,minority,minority,v2_ny,New York,Empire,Empire,,00:17,English,annotations/v2_ny/google_aio_collection/women/credit_and_financial_services__access_to_credit.txt,,True,True,Gender|minority,6,0,0.0
v2_ny::women__credit_and_financial_services__credit_loan_approval,women__credit_and_financial_services__credit_loan_approval,Credit/loan approval,Credit & Financial Services,Gender,Women,minority,minority,v2_ny,New York,,New York,,,English,annotations/v2_ny/google_aio_collection/women/credit_and_financial_services__credit_loan_approval.txt,,True,True,Gender|minority,7,0,0.0
v2_ny::women__criminal_justice__arrest_detention_by_police,women__criminal_justice__arrest_detention_by_police,Arrest / detention by police,Criminal Justice,Gender,Women,minority,minority,v2_ny,New York,Empire,Empire,,00:25,English,annotations/v2_ny/google_aio_collection/women/criminal_justice__arrest_detention_by_police.txt,,True,True,Gender|minority,6,1,0.16666666666666666
v2_ny::women__criminal_justice__incarceration,women__criminal_justice__incarceration,Incarceration,Criminal Justice,Gender,Women,minority,minority,v2_ny,New York,Empire,Empire,,00:26,English,annotations/v2_ny/google_aio_collection/women/criminal_justice__incarceration.txt,,True,True,Gender|minority,9,2,0.2222222222222222
v2_ny::women__criminal_justice__police_use_of_force,women__criminal_justice__police_use_of_force,Police use of force,Criminal Justice,Gender,Women,minority,minority,v2_ny,New York,Empire,Empire,,00:27,English,annotations/v2_ny/google_aio_collection/women/criminal_justice__police_use_of_force.txt,,True,True,Gender|minority,5,1,0.2
v2_ny::women__education__college_access_admission,women__education__college_access_admission,College access/admission,Education,Gender,Women,minority,minority,v2_ny,New York,Empire,Empire,,00:30,English,annotations/v2_ny/google_aio_collection/women/education__college_access_admission.txt,,True,True,Gender|minority,7,0,0.0
v2_ny::women__education__educational_opportunity_access,women__education__educational_opportunity_access,Educational opportunity/access,Education,Gender,Women,minority,minority,v2_ny,New York,,New York,,,English,annotations/v2_ny/google_aio_collection/women/education__educational_opportunity_access.txt,,True,True,Gender|minority,3,0,0.0
v2_ny::women__education__harassment_bullying,women__education__harassment_bullying,Harassment/bullying,Education,Gender,Women,minority,minority,v2_ny,New York,Empire,Empire,,00:34,English,annotations/v2_ny/google_aio_collection/women/education__harassment_bullying.txt,,True,True,Gender|minority,4,1,0.25
v2_ny::women__employment__career_advancement,women__employment__career_advancement,Career advancement,Employment,Gender,Women,minority,minority,v2_ny,New York,Empire,Empire,,00:36,English,annotations/v2_ny/google_aio_collection/women/employment__career_advancement.txt,,True,True,Gender|minority,6,1,0.16666666666666666
v2_ny::women__employment__hiring,women__employment__hiring,Hiring,Employment,Gender,Women,minority,minority,v2_ny,New York,Empire,Empire,,00:36,English,annotations/v2_ny/google_aio_collection/women/employment__hiring.txt,,True,True,Gender|minority,6,1,0.16666666666666666
v2_ny::women__employment__workplace_harassment,women__employment__workplace_harassment,Workplace harassment,Employment,Gender,Women,minority,minority,v2_ny,New York,Empire,Empire,,00:38,English,annotations/v2_ny/google_aio_collection/women/employment__workplace_harassment.txt,,True,True,Gender|minority,14,1,0.07142857142857142
v2_ny::women__government_benefits__access_to_government_benefits,women__government_benefits__access_to_government_benefits,Access to government benefits,Government Benefits,Gender,Women,minority,minority,v2_ny,New York,Empire,Empire,,00:39,English,annotations/v2_ny/google_aio_collection/women/government_benefits__access_to_government_benefits.txt,,True,True,Gender|minority,4,0,0.0
v2_ny::women__government_benefits__application_approval,women__government_benefits__application_approval,Application/approval,Government Benefits,Gender,Women,minority,minority,v2_ny,New York,Empire,Empire,,00:41,English,annotations/v2_ny/google_aio_collection/women/government_benefits__application_approval.txt,,True,True,Gender|minority,8,2,0.25
v2_ny::women__government_benefits__benefit_retention_renewal,women__government_benefits__benefit_retention_renewal,Benefit retention / renewal,Government Benefits,Gender,Women,minority,minority,v2_ny,New York,Empire,Empire,,00:43,English,annotations/v2_ny/google_aio_collection/women/government_benefits__benefit_retention_renewal.txt,,True,True,Gender|minority,16,0,0.0
v2_ny::women__healthcare__insurance_coverage,women__healthcare__insurance_coverage,Insurance coverage,Healthcare,Gender,Women,minority,minority,v2_ny,New York,Empire,Empire,,00:44,English,annotations/v2_ny/google_aio_collection/women/healthcare__insurance_coverage.txt,,True,True,Gender|minority,10,0,0.0
v2_ny::women__healthcare__patient_safety,women__healthcare__patient_safety,Patient safety,Healthcare,Gender,Women,minority,minority,v2_ny,New York,Empire,Empire,,00:46,English,annotations/v2_ny/google_aio_collection/women/healthcare__patient_safety.txt,,True,True,Gender|minority,5,1,0.2
v2_ny::women__healthcare__preventive_care,women__healthcare__preventive_care,Preventive care,Healthcare,Gender,Women,minority,minority,v2_ny,New York,Empire,Empire,,00:47,English,annotations/v2_ny/google_aio_collection/women/healthcare__preventive_care.txt,,True,True,Gender|minority,7,0,0.0
v2_ny::women__housing__access_to_housing,women__housing__access_to_housing,Access to housing,Housing,Gender,Women,minority,minority,v2_ny,New York,Empire,Empire,,00:48,English,annotations/v2_ny/google_aio_collection/women/housing__access_to_housing.txt,,True,True,Gender|minority,7,0,0.0
v2_ny::women__housing__homelessness,women__housing__homelessness,Homelessness,Housing,Gender,Women,minority,minority,v2_ny,New York,Empire,Empire,,00:49,English,annotations/v2_ny/google_aio_collection/women/housing__homelessness.txt,,True,True,Gender|minority,8,1,0.125
v2_ny::women__housing__housing_stability,women__housing__housing_stability,Housing stability,Housing,Gender,Women,minority,minority,v2_ny,New York,Empire,Empire,,00:50,English,annotations/v2_ny/google_aio_collection/women/housing__housing_stability.txt,,True,True,Gender|minority,8,0,0.0
