
================================================================================
PARSING AIO SOURCE URLS
================================================================================

Total source occurrences: 2,225
Unique normalized URLs: 1,630

================================================================================
RESUME STATUS
================================================================================

Unique URLs total: 1,630
Already processed: 0
Still pending: 1,630
Workers: 8
Per-host interval: 0.5s
Hard URL timeout: 45s

Pending URLs:
  000f8ac50fe9744330fb | https://mckinsey.com/featured-insights/diversity-and-inclusion/being-transgender-at-work
  004f51a8d161449532a6 | https://pmc.ncbi.nlm.nih.gov/articles/PMC11044716
  0069690cbf7616bae686 | https://naacp.org/resources/affirmative-action-education-matters
  006e7f06cb87878206de | https://weforum.org/stories/2015/08/why-lgbti-people-face-barriers-to-education-and-employment
  0083125adb5af11831f3 | https://americanprogress.org/article/understanding-policing-black-disabled-bodies
  0088a7400c6412a3a602 | https://penalreform.org/issues/women/key-facts
  00cd8bf9b831c3df6bca | https://lulac.org/advocacy/issues/criminal_justice_reform
  00d2e70f80bb40cec88c | https://advocacysnt.org/articles/avoiding-benefits-trap-special-needs-planning
  013af81f9f33dd0c690c | https://youtube.com/watch?t=1s&v=RwUG8Rann9Q
  01d9b28157b26a093247 | https://thetrevorproject.org/wp-content/uploads/2022/02/Trevor-Project-Homelessness-Report.pdf
  01e803968456fd7ed9aa | https://urban.org/urban-wire/policing-killing-black-disabled-people-centering-intersectionality-critical-reducing-harm
  02212d29a0b659d2c2bb | https://mitsloan.mit.edu/ideas-made-to-matter/how-to-hire-and-support-more-women-your-organization
  0254033b9417c666a1fa | https://chiefhealthcareexecutive.com/view/patients-with-disabilities-are-more-vulnerable-to-safety-concerns
  0272804ac71652e3d4c8 | https://hracuity.com/blog/female-workplace-harassment
  0276f46b7d46a97ef672 | https://thechampionbank.com/3-factors-lending-services-consider-before-approving-a-personal-loan
  02b103afba40aa5a8301 | https://nasfaa.org/news-item/34147/Report_The_Biggest_Barriers_to_Higher_Ed_Enrollment_Are_Cost_and_Lack_of_Financial_Aid
  03306ce64dffbb25ac8b | https://researchgate.net/publication/225650664_Men_accessing_education_Masculinities_class_and_choice
  03361f844d7b821c1054 | https://scholarworks.gvsu.edu/cgi/viewcontent.cgi?article=1135&context=gradprojects
  037ee118127c7562560f | https://scholarworks.waldenu.edu/dissertations/11774
  03e1023fb714f77185c7 | https://researchgate.net/publication/230566333_What_Do_Women_Know_about_Government_Services_and_Benefits
  040933d6a6abc0765cc3 | https://youtube.com/watch?t=3s&v=-dUPODTWevk
  045f5ff380c4f521c84f | https://americanprogress.org/article/fact-sheet-lgbt-discrimination-in-higher-education-financial-aid
  0470f1a144184b083303 | https://texashealth.org/areyouawellbeing/Mens-Health/The-Importance-of-Preventive-Care-for-Men
  04868a8f9000046ea49a | https://onwisconsin.uwalumni.com/the-rise-of-transgender-bullying
  04983a549c468b656571 | https://experian.com/blogs/ask-experian/why-credit-is-important-people-with-disabilities
  0532d50b71cc98ac6202 | https://ssa.gov/disability/eligibility
  0599f10f02e80cc0fb82 | https://prisonpolicy.org/reports/pretrial_racial_disparities_sources.html
  05d10a2abc021d0ad93c | https://admissionsmom.college/lgbtq-resources/navigating-college-admissions-as-a-transgender-applicant-2026
  05f8e03b620bd3af890b | https://scarleteen.com/read/identity/understanding-lgbtq-youth-homelessness
  06233dcc7cf9f0bf09e1 | https://archive-housingmatters.urban.org/research-summary/transgender-and-gender-nonconforming-people-experiencing-housing-insecurity-rely
  062950d57cb9f45d64f0 | https://nlc.org/article/2020/07/09/embedding-racial-equity-in-housing
  06582bbd68942112cd27 | https://stopbullying.gov/bullying/groups
  0667d44231fe6e3ed12b | https://diversityjobs.com/career-advice/team-building/should-employers-give-hiring-preference-to-hispanic-job-candidates
  0679c0707f83a0cb6e50 | https://scholarworks.umt.edu/cgi/viewcontent.cgi?article=13174&context=etd
  068b0fdcfa40e7da62d9 | https://ebsco.com/research-starters/education/inequality-and-access-higher-education
  06e6b73a0f99f7fdb046 | https://shrm.org/topics-tools/news/talent-acquisition/hiring-hispanics-requires-awareness-differences
  07536d083b6b422772ae | https://stlouisfed.org/community-development/publications/access-credit-financial-services-bridge-financial-well-being
  0779fe2c96edab85c775 | https://ssa.gov/benefits/disability/work.html
  07ba4b5032ff17f6c8af | https://eji.org/criminal-justice-reform
  07e8c7c5fc894c551635 | https://dcba.org/mpage/v32-James-Naughton
  07ea03fe2c7d9e7152e1 | https://cidrap.umn.edu/covid-19/black-hispanic-adults-double-risk-losing-medicaid-after-covid-emergency-ended-study-finds
  07f365dab35a937791bf | https://digitalgovernmenthub.org/library/racial-and-ethnic-differences-in-experiencing-administrative-burdens-in-public-benefit-programs
  080a6a53989313c96275 | https://pmc.ncbi.nlm.nih.gov/articles/PMC7678806
  082256847a9dfc55ede5 | https://urban.org/urban-wire/how-can-we-advance-latino-homeownership-and-housing-stability
  0866091b33bf40c2a7af | https://housingsolutionstulsa.org/spotlight-on-disability-and-homelessness
  0878eb8525e2cea01264 | https://urban.org/urban-wire/how-local-differences-race-and-place-affect-mortgage-lending
  088117956d66b5af3943 | https://pmc.ncbi.nlm.nih.gov/articles/PMC12071379
  0898fc95d43b48986fe1 | https://resources.healthgrades.com/pro/americans-put-off-health-screenings
  089c820e466e0bc3782a | https://pmc.ncbi.nlm.nih.gov/articles/PMC10728397
  08f1c805a1a6ff242619 | https://acog.org/clinical/clinical-guidance/committee-opinion/articles/2021/03/health-care-for-transgender-and-gender-diverse-individuals
  09679ff687f1d0811e12 | https://nationalhomeless.org/lgbtq-homelessness
  0979fc2c476bb0879759 | https://mdpi.com/2673-995X/5/4/128
  098940caf98752eb321f | https://medium.com/commonfuture/why-credit-scores-are-racist-da109fcfb300
  09cc4f4a120651f51f8c | https://pmc.ncbi.nlm.nih.gov/articles/PMC3671490
  09d6b357c5b03cdbef7c | https://ecs.org/addressing-inequities-in-higher-education
  09ddc2eccbb4e8940510 | https://cis.org/Report/Welfare-Use-Immigrants-and-USBorn-2024
  09e1ba586bde8bccfc4b | https://cambridge.org/core/books/cambridge-handbook-of-policing-in-the-united-states/police-and-the-criminalization-of-lgbt-people/A69F0F1898FA0C0834ED8E8DC5650F2F
  09fe3db4ae061898f701 | https://finhealthnetwork.org/research/the-financial-health-of-people-with-disabilities?ki-cf-botcl=1
  0a1adb13676b56c95b82 | https://worldatwork.org/publications/workspan-daily/how-organizations-can-remove-career-development-barriers-for-women
  0a4054d42f284ee36412 | https://huduser.gov/portal/periodicals/cityscpe/vol23num2/ch7.pdf
  0a56f5a052156cb8abc9 | https://penalreform.org/issues/lgbtq-people/the-issue
  0a76b3f3589420022d2e | https://pfizer.com/news/articles/health_disparities_among_african_americans
  0a816f83daddf6c98cb8 | https://nerdwallet.com/credit-cards/learn/how-lgbtq-americans-can-build-credit
  0a9e77ed7f943047ef46 | https://pmc.ncbi.nlm.nih.gov/articles/PMC7346414
  0ad7cd5c8618ada95eee | https://chci.org/wp-content/uploads/2026/04/2026-Denys-Castillo.pdf
  0af4f0fcbcb5ee733041 | https://wellsfargo.com/financial-education/credit-management/five-c
  0b2397d8cfda222f6497 | https://ccrw.org/unlocking-career-advancement
  0b48d4bcc7f4532eb4b3 | https://equalrightscenter.org/lgbtq-housing-rights-2026
  0b4ad2c8420ef8fc0c4e | https://youtube.com/watch?v=5K3uoHsaxmc
  0b5cbdc06e51b1d59120 | https://la.myneighborhooddata.org/2021/07/latino-representation-in-the-criminal-justice-system
  0b88429e3799aee3456a | https://eeoc.gov/fact-sheet/facts-about-racecolor-discrimination
  0b8bf133f5476baf7e07 | https://odphp.health.gov/healthypeople/priority-areas/social-determinants-health/literature-summaries/incarceration
  0ba96aa00e638a0e3ce5 | https://americanprogress.org/article/improving-lives-rights-lgbtq-people-america
  0bc63fc4090645f28c9f | https://odphp.health.gov/healthypeople/priority-areas/social-determinants-health/literature-summaries/housing-instability
  0bdf997cb9fa5ae03b86 | https://pmc.ncbi.nlm.nih.gov/articles/PMC11089913
  0c05c07ba52215d0fc9f | https://google.com/goto?url=CAESZQHrOzAV_gdo9o_W8NHkxEt0t8CK2M5dRSyqmnAnT8rLa_jN4znYv5G5X4N6YgKwsppbj6HmQDjcm-0_-ot_m7qGf-WCmTcpwSyQLoHz-OHa6sj4bSLWKybvsRPph1tnPBKYBuic
  0c0ae1677a894f6a65ea | https://pmc.ncbi.nlm.nih.gov/articles/PMC12295307
  0c55a513766c080a8ac5 | https://osmosis.org/blog/preventive-health-screenings-for-lgbtq-patients-what-you-need-to-know
  0c57351b8802c26990d0 | https://hepi.ac.uk/2024/05/23/trans-and-non-binary-student-experiences-in-higher-education
  0cddeb593865510a8c02 | https://cepr.net/publications/the-continuing-power-of-white-preferences-in-employment
  0ce28a08f79c59455936 | https://nilc.org/articles/what-new-federal-snap-restrictions-and-guidance-mean-for-immigrant-communities
  0d10a65cb825c6e037d7 | https://destinationhomesv.org/understanding-homelessness/causes
  0d8ad929a325dead125e | https://amu.apus.edu/area-of-study/criminal-justice/resources/when-is-police-use-of-force-justified
  0dae4b3b5ea1d1dd4717 | https://rsfjournal.org/content/11/3/22
  0e0910b1590aae74e4d0 | https://taggd.in/hr-glossary/gender-identity
  0e203e0e7777ecd53672 | https://pmc.ncbi.nlm.nih.gov/articles/PMC6603461
  0e3c40472242641ffcdd | https://journals.sagepub.com/doi/full/10.1177/0275074020919908
  0e4b840d1233ba9c60af | https://theblackstudentadvocatenetwork.com/blog/breaking-down-the-root-causes-of-violence-in-schools-and-what-can-be-done
  0ed13214f7dc7b8aa8ca | https://cultureconusa.org/post/hiring-bias-in-2025
  0ed5632df95229327249 | https://icjia.illinois.gov/researchhub/articles/examining-the-experiences-of-women-police-leaders-in-illinois
  0ede82650fa0c593d28b | https://finhealthnetwork.org/wp-content/uploads/2023/08/The-Financial-Health-of-People-With-Disabilities_Key-Obstacles-and-Opportunities.pdf?ki-cf-botcl=1
  0f17405e5758e87df3eb | https://pmc.ncbi.nlm.nih.gov/articles/PMC12193340
  0f236ecbb6636f2dfe88 | https://newswise.com/articles/people-in-need-of-disability-benefits-are-facing-new-barriers-and-government-cuts-and-overhauls-are-to-blame
  0f4288d813ec7f189fc1 | https://ojp.gov/pdffiles1/nij/grants/310466.pdf
  0fa1472e4226e287fc66 | https://cis.org/Report/Welfare-Use-Immigrants-and-USBorn-2022
  0fd1f45abaa3521f95c2 | https://iyfglobal.org/reflecting-how-hispanic-heritage-has-influenced-career-development
  106b0fe63a30b516b0bb | https://bestcolleges.com/resources/credit-literacy-black-hispanic-students
  1092b86fcd899a7e3adc | https://scarincihollenbeck.com/law-firm-insights/workplace-sexual-harassment-claims
  10ce7f7293bab8d3477f | https://2021-2025.state.gov/reports/united-states-strategy-on-global-womens-economic-security
  10cee10e3b890b7de5c3 | https://nami.org/advocacy-at-nami/policy-positions/supporting-community-inclusion-and-non-discrimination/social-determinants-of-health-housing
  10fe52480c8b8907b96a | https://pmc.ncbi.nlm.nih.gov/articles/PMC12051801
  11450d2c66cedd40e33e | https://nacacnet.org/resources/barriers-to-successfully-financing-a-college-education/student-access-to-college-counseling
  114d72d6f78b9f68e2fc | https://pubmed.ncbi.nlm.nih.gov/12269173
  1168c6a531a39de19ccf | https://ihep.org/press/new-report-higher-education-opportunities-for-students-with-disabilities-a-primer-for-policymakers
  118003e321aa210c8edb | https://urban.org/urban-wire/what-will-it-take-help-latina-moms-hold-homeownership-gains
  11f0dfc2f2e3c61028a4 | https://sciencedirect.com/science/article/abs/pii/S0160252716300929
  11f491da67c66556b068 | https://d-nb.info/1387925644/34
  1242d8d7be328cbd3b29 | https://home.treasury.gov/news/featured-stories/racial-differences-in-economic-security-housing
  125f8520e8a90a6debc8 | https://croweshanahan.com/blog/2026/03/what-disqualifies-a-person-from-disability
  129796d1f6096204f870 | https://pmc.ncbi.nlm.nih.gov/articles/PMC10466048
  13102169fdbf1093ca52 | https://ncsl.org/civil-and-criminal-justice/racial-and-ethnic-disparities-in-the-criminal-justice-system
  13123e88c82b0967ac2e | https://digitalcommons.library.uab.edu/cgi/viewcontent.cgi?article=1613&context=etd-collection
  13124df66a011cdd5b0e | https://investopedia.com/terms/f/five-c-credit.asp
  1329ff148461994b165b | https://uscis.gov/policy-manual/volume-8-part-g-chapter-7
  1373c11e30c98a1e1208 | https://corwin-connect.com/2014/10/bullying-students-with-disabilities
  13845643f23f18aad6f3 | https://pn3policy.org/race-and-racial-perceptions-shape-burden-tolerance-for-medicaid-and-the-supplemental-nutrition-assistance-program
  13ce2c1579cc7faeefd8 | https://247ssdi.com/f/ssdi-and-the-lgbtq-community-unique-challenges-and-resources
  13d6cf4b07f62ebe6b53 | https://pewresearch.org/short-reads/2021/11/08/whats-behind-the-growing-gap-between-men-and-women-in-college-completion
  142d3fc38bdf21f16c0c | https://youtube.com/watch?v=EKKkC5G9Nm4
  145808ef415e04529608 | https://sciencedirect.com/science/article/pii/S2590291126002494
  1460345eb59d8d0ee6fb | https://unwomen.org/en/what-we-do/economic-empowerment/facts-and-figures
  146b551e2988d5513d6b | https://pmc.ncbi.nlm.nih.gov/articles/PMC12628517
  1498feb07652571de5fc | https://nationalhomeless.org/homelessness-in-the-us
  14d2ef1825d034d2f4a8 | https://pmc.ncbi.nlm.nih.gov/articles/PMC10484126
  14f95c75dfed774b533c | https://link.springer.com/article/10.1007/s00148-024-01031-w
  152be612e99c07929e10 | https://mhanational.org/resources/bullying-lgbt-youth
  153c6abfa61d901c9c04 | https://youtube.com/watch?t=79s&v=8lQxsJY3D20
  1583345617804066ec3f | https://hrlibrary.umn.edu/svaw/harassment/explore/3causes.htm
  15927ae56cb45a407606 | https://journals.sagepub.com/doi/10.1177/23328584241298951
  15b9a9a4a56279c94c7e | https://safehousingpartnerships.org/wp-content/uploads/2025/05/Equal-Access-for-Transgender-People-Supporting-Inclusive-Housing-and-Shelters.pdf
  160dbc535498d926a571 | https://higheredtoday.org/2017/04/10/lgbtq-students-higher-education
  16211cac20555924afe2 | https://census.gov/library/stories/2022/05/who-is-receiving-social-safety-net-benefits.html
  1634f35e739b61af2842 | https://careervillage.org/questions/704467/what-are-the-key-factors-that-employers-look-for-when-hiring-people
  16405c39aa7d0a17031d | https://hssib.org.uk/patient-safety-investigations/caring-for-adults-with-learning-disabilities-in-acute-hospitals/investigation-report
  16737f1f9f84c9af64c8 | https://epi.org/publication/chasing-the-dream-of-equity
  167f3a975696cae08691 | https://crosslawfirm.com/blog/2025/06/how-does-discrimination-affect-workers-with-disabilities-2
  16f569b730840317efd8 | https://youtube.com/watch?t=30s&v=Lih6wkmQTs0
  170e32bf479a2c6a8ebe | https://revealnews.org/article/the-secret-bias-hidden-in-mortgage-approval-algorithms
  172b515123646d2b146d | https://urban.org/urban-wire/domestic-violence-survivors-urgently-need-housing-stability-and-solutions-during-pandemic
  1760483afe70176c1873 | https://healthaffairs.org/content/briefs/administrative-burdens-can-harm-health-1773889203949
  17742d47792bb6b9d401 | https://nacacnet.org/resources/newsroom/journal-of-college-admission
  17936b7d1f54530d580b | https://sciencedirect.com/science/article/pii/S1747938X25000260
  17c34ca721abd856ceee | https://pmc.ncbi.nlm.nih.gov/articles/PMC11762843
  17cc8e725b989ea2cabd | https://vera.org/ending-mass-incarceration/causes-of-mass-incarceration
  17fcd05f5e69d8ccd805 | https://pmc.ncbi.nlm.nih.gov/articles/PMC13384522
  180bb387221568a1ed8e | https://pmc.ncbi.nlm.nih.gov/articles/PMC5976555
  181faeb793f78314144e | https://siepr.stanford.edu/publications/policy-brief/financing-black-owned-businesses
  18269a108978bb8f017f | https://youtube.com/shorts/eDNFOyAXt7Q
  1852e9f248ae0d218a29 | https://archive.ada.gov/criminaljustice/cj_related_resources.html
  186adfcb832b027a017f | https://scholarship.law.umn.edu/cgi/viewcontent.cgi?article=1670&context=lawineq
  187dfe43ad06ab9997b6 | https://medicaleconomics.com/view/90-of-americans-delay-preventive-screenings-aflac-survey-finds
  19034c7a6ae5b1080827 | https://aacn.org/blog/caring-for-lgbtq-patients-in-critical-and-progressive-care
  194076d8a1a7f1321a8b | https://transequality.org/resources/know-your-rights-employment
  199ce25cee1b3a1eb1ad | https://youtube.com/watch?t=68s&v=_X1Yd5UFUvk
  19d0c6cccdac61ea50b6 | https://omahawomensfund.org/the-impact-of-housing-justice-on-gender-equity
  19fdfb66682fd45b9bf3 | https://outandequal.org/resource/3insights-financialservicessector
  1a444ac222ba65e89125 | https://pmc.ncbi.nlm.nih.gov/articles/PMC2831379
  1a81d141e05c6b2434ee | https://kff.org/womens-health-policy/medicaid-coverage-for-women
  1a891f5bf0848c83b9b6 | https://journals.sagepub.com/doi/10.1089/cyber.2012.0132?cf-mal-redirected=true
  1a9701acbdbc933c66a7 | https://thecicn.org/factors-and-barriers-that-influence-career-development
  1acc8421c9b20e6563af | https://emerald.com/edi/article/39/4/395/81078/Mechanisms-for-hiring-discrimination-of-immigrant
  1ae9309bc25a8aac32e4 | https://nacacnet.org/factors-in-college-admission
  1af1dea5d9abf73eba30 | https://pmc.ncbi.nlm.nih.gov/articles/PMC10726945
  1b0c1df864e3c996279e | https://share.google/6j88EzTlb4q7XEpi0
  1b1a6f0b7e74d329335f | https://brookings.edu/articles/there-are-clear-race-based-inequalities-in-health-insurance-and-health-outcomes
  1b637dbfce2146a8848d | https://theconversation.com/white-men-who-have-been-mistreated-at-work-are-more-likely-to-notice-and-report-harassment-new-research-234528
  1c2ca4bf3b3d352ef26c | https://sciencedirect.com/science/article/pii/S2211335522001887
  1c598ce41cb4f17ada73 | https://pmc.ncbi.nlm.nih.gov/articles/PMC9931624
  1c5b27d8a944d3ad338f | https://transcanwork.org/news/mental-health-and-the-workplace-how-discrimination-impacts-noncisgender-employees
  1c6aa6ac9d8f736aea5c | https://pmc.ncbi.nlm.nih.gov/articles/PMC8536312
  1cbe5434214cbdb77b60 | https://pmc.ncbi.nlm.nih.gov/articles/PMC9017075
  1cf8b4ac2e46d00fad7f | https://eastersealsar.com/the-effectiveness-of-inclusive-education-for-children-with-disabilities
  1d0362495cd7bffd5dac | https://homelessnesssolutions.net/wp-content/uploads/2025/06/Equal-Access-for-Transgender-People-Supporting-Inclusive-Housing-and-Shelters.pdf
  1d4b0a9b5e6c2224e6d3 | https://aarp.org/social-security/survivor-benefits-lgbtq-expansion
  1d600c7ca15adc5572ad | https://ovid.com/journals/lhub/abstract/10.1037/lhb0000218~how-suspect-race-affects-police-use-of-force-in-an?redirectionsource=fulltextview
  1db8d3eaf5eb6c72fd49 | https://newamerica.org/insights/racialized-costs-banking/the-racialized-costs-of-banking
  1dcba4b0ba73d6e86789 | https://pmc.ncbi.nlm.nih.gov/articles/PMC1495328
  1de646775400355ce27b | https://nationaldisabilitycenter.org/resources/the-current-status-of-accessibility-in-american-higher-education
  1de776efc17523c0ac4c | https://fkc.bank/blog/serving-customers-with-disabilities-is-vital-for-financial-inclusion
  1df836c1c500509dcf43 | https://youtube.com/shorts/TMWQW9uQ2mI
  1e07b597ccce5969bbb4 | https://giwps.georgetown.edu/2020/04/17/at-the-intersection-of-vulnerabilities-women-and-girls-experiencing-homelessness-during-the-global-coronavirus-pandemic
  1e4321a8c4eb0a18a69e | https://finca.org/5-reasons-why-more-women-need-financial-services
  1e6802e9522233a6052d | https://nlihc.org/resource/hispanic-households-face-systemic-barriers-housing
  1eaaf9f54f60718f07f9 | https://financialplanningassociation.org/article/journal/JUN15-strategies-increase-financial-asset-ownership-among-us-hispanics
  1ec2c1160cc6fa17e7d8 | https://penncapital-star.com/civil-rights-social-justice/new-study-shows-roots-of-lgbtq-poverty-and-need-for-government-data-analysis
  1edd9fa05ac71e54ccbe | https://apps.urban.org/features/latino-financial-needs-community-lending
  1eec90a8487360b56ae8 | https://study.com/academy/lesson/video/how-demographics-contribute-to-crime.html
  1efc45d83bcea1ce4941 | https://urbanhealthplan.org/medicaid-snap
  1f027b6ba41cd0ca5c28 | https://insidehighered.com/admissions/article/2021/12/06/study-shows-ways-white-students-have-advantages-admissions
  1f4e2df08b61f540134d | https://pmc.ncbi.nlm.nih.gov/articles/PMC6608682
  1f57739c4231177b982b | https://unclenoir.org/news/2020/preventive-health-for-men--why-it-matters
  1fd4b083be0add73d5bd | https://files.eric.ed.gov/fulltext/EJ1479001.pdf
  206b6395f06dd583d365 | https://sentencingproject.org/reports/one-in-five-racial-disparity-in-imprisonment-causes-and-remedies
  20798f9a264c06f10b77 | https://pmc.ncbi.nlm.nih.gov/articles/PMC12960585
  20960c4a92bae39fa389 | https://ivywise.com/ivywise-knowledgebase/the-truth-about-the-gender-gap-on-college-campuses
  20c50707e77233cf5c5c | https://aclu.org/press-releases/new-report-finds-harassment-mistreatment-fuels-mistrust-among-lgbtq-people-towards-police
  20e4c4a62eaa2092d2f0 | https://pmc.ncbi.nlm.nih.gov/articles/PMC3545196
  20fea155030c599d9d04 | https://actuary.org/women-and-social-security
  21071e3cef9378cbc076 | https://academic.oup.com/socpro/article/73/4/1138/8257659
  212349a672b8abaf61c6 | https://pmc.ncbi.nlm.nih.gov/articles/PMC4721598
  2126bef1bd38f4208758 | https://finance.yahoo.com/news/race-impacts-credit-history-effect-110039095.html
  21767054fb728d0073ca | https://pmc.ncbi.nlm.nih.gov/articles/PMC11262546
  218366a66886c3090887 | https://habitat.org/stories/research-series-how-do-racial-inequities-limit-homeownership-opportunities
  2196531026210314b18f | https://youtube.com/watch?t=27s&v=7qOlZ3tG3R0
  21b4b8f625596c4662f1 | https://muse.jhu.edu/verify?r=9492787&url=%2Farticle%2F965531%2Fsummary
  221a758858d9ea3cf51f | https://cameron-deal.github.io/files/gov_assistance_wp.pdf
  222c9cca9b0f5897cd1d | https://transcare.ucsf.edu/guidelines/insurance
  229175f5d91538ce9bdd | https://jec.senate.gov/public/index.cfm/democrats/2022/8/new-jec-report-finds-barriers-to-financial-inclusion-cause-widespread-economic-harm
  22933b1af75620729ec7 | https://gendergp.com/blog/being-trans-and-gender-diverse-at-the-workplace-discrimination
  22ce3cec7e6ee88a3409 | https://pmc.ncbi.nlm.nih.gov/articles/PMC7322061
  22dbf73ed9b575b454a2 | https://linkedin.com/top-content/recruitment-hr/importance-of-hiring-practices/how-job-postings-impact-female-hiring-rates
  22fb8d40da604e2f5dda | https://cfr.org/articles/ten-factors-affect-womens-economic-empowerment
  231f5f3d9b3eb4ee1001 | https://frontiersin.org/journals/psychology/articles/10.3389/fpsyg.2025.1664252/full
  232adb63d9c78d29d59b | https://journals.sagepub.com/doi/10.1177/21533687251314137
  235a19e4450cb7cddab2 | https://sciencedirect.com/science/article/abs/pii/S0160252720300285
  2390f87dfd85bfc46254 | https://pmc.ncbi.nlm.nih.gov/articles/PMC1402283
  23c76c786cea87dd5925 | https://crr.bc.edu/many-barriers-hinder-rural-use-of-government-programs
  23ce83a3b29ea1e3218d | https://cls.ucl.ac.uk/mens-overconfidence-helps-them-reach-top-jobs
  23d3afad0cc8e07757a7 | https://kff.org/affordable-care-act/demographics-insurance-coverage-and-access-to-care-among-transgender-adults
  23f7d83660be39977ba6 | https://thinkequitable.com/housing-barriers
  2415e9b0d198ee12c665 | https://safetyandjusticechallenge.org/blog/reshaping-the-justice-system-for-people-with-disabilities
  2429d224b10f3e0ab64c | https://nsvrc.org/blog_post/what-connection-between-housing-inequality-sexual-violence-and-white-supremacy
  2430835173e1b7d26684 | https://zakaylaw.com/blog/2026/january/gender-bias-at-work-impact-on-career-growth-what
  244dc8fe151f1b04785f | https://sciencedirect.com/science/article/pii/S0749379725004453
  2481dfd0352f9313c61f | https://frontiersin.org/journals/public-health/articles/10.3389/fpubh.2026.1765145/full
  24f62a613c83c2724b3d | https://youtube.com/watch?t=2s&v=YVC8aANnBIg
  24ffeef294948986a2a5 | https://sentencingproject.org/reports/mass-incarceration-trends
  2512d209e8135ffdd345 | https://pmc.ncbi.nlm.nih.gov/articles/PMC4802845
  2518ed438510361c7178 | https://cbpp.org/research/health/how-to-streamline-verification-of-eligibility-for-medicaid-and-snap
  2520e2795a60128dfeb4 | https://unitedwaynca.org/facts-about-homelessness
  2551bfc004272cf41d72 | https://bankrate.com/
  2568f883b62e8f44cfe7 | https://sciencedirect.com/science/article/abs/pii/S1936657425000019
  2584870c7bec5e2ca5c2 | https://link.springer.com/chapter/10.1007/978-3-031-76898-9_21
  259d454d45824073697e | https://dev.cjcenter.org/_files/apcj/1_1_homophobia.pdf
  25b3d8a901e96abb948f | https://repository.library.washu.edu/cgi/viewcontent.cgi?article=1978&context=csd_research
  25d68855a05a396f341a | https://preventcancer.org/news/u-s-adults-are-still-behind-on-routine-cancer-screenings-but-reasons-why-vary-by-race
  262b10b784bff23430fb | https://academic.oup.com/sf/article/104/3/874/8163470
  268cc0a2adbd302f5ea1 | https://ncsl.org/human-services/introduction-to-benefits-cliffs-and-public-assistance-programs
  269d91d181cf1fe4ff33 | https://journalofethics.ama-assn.org/article/how-cisgender-clinicians-can-help-prevent-harm-during-encounters-transgender-patients/2022-08
  26b123cf52f9cf82773d | https://news.cornell.edu/stories/2017/11/people-disabilities-more-likely-be-arrested
  26c02486301836775dfa | https://womensworldbanking.org/insights/policy-handbook-for-womens-financial-inclusion
  26e1cf3475e3d6a14019 | https://facebook.com/StanfordHAI/videos/new-research-reveals-alarming-patterns-in-ai-hiring-toolsa-large-scale-study-of-/1483164443302591
  27ebba74a46aef5b9374 | https://pmc.ncbi.nlm.nih.gov/articles/PMC7173312
  2890f23d92b09078d967 | https://21kschool.com/ng/blog/factors-affecting-learning
  28e20608b9ff82ec89b4 | https://sciencenews.org/article/black-hispanic-female-police-use-force-less-than-white-male-officers
  2935b2a3da70bbfc9027 | https://bls.gov/blog/2024/employment-trends-of-hispanics-in-the-us-labor-force.htm
  293ef7e1c6218c8e4e02 | https://unidosus.org/blog/2019/05/16/latinos-housing-transportation-green-space
  2968b809f664f799b973 | https://nlihc.org/resource/latino-households-face-challenges-accessing-housing-assistance-programs
  29878dce40e2ac8255d5 | https://medstarhealth.org/blog/patient-safety-racism
  29c188e797ebdc187db5 | https://journalistsresource.org/politics-and-government/disabilities-insurance-affordable-care-act
  29cbf66fad9d61074133 | https://emerald.com/sc/article/14/4/183/342705/Policing-uncontrollable-banshees-factors
  29febc26811223ac56a8 | https://commons.library.stonybrook.edu/cgi/viewcontent.cgi?article=1092&context=nyjsa
  2a0434c2ca3f21f27bb1 | https://pmc.ncbi.nlm.nih.gov/articles/PMC9231228
  2a29a081bfb6f1a2ddab | https://pmc.ncbi.nlm.nih.gov/articles/PMC6612926
  2a614817cfa2a8d08525 | https://linkedin.com/pulse/when-skills-equal-hidden-factors-influence-hiring-decisions-fwjyf
  2a64e71f5811714eb6b5 | https://univ-tours.hal.science/hal-03375121/document
  2a88230ec546c1a3f9dd | https://pmc.ncbi.nlm.nih.gov/articles/PMC2764046
  2acb88989e1b34071cae | https://cis.org/Report/NonCitizen-Use-Welfare-Region-and-Country-Birth
  2b00f95eec22ebeef439 | https://sites.uab.edu/humanrights/2022/01/17/injustice-in-the-justice-system-disability-schools-and-incarceration
  2bea0fbac99e40fd27e9 | https://news.unitedforequity.org/federal-snap-cuts-have-denied-millions-of-latinos-and-other-americans-help-paying-for-food
  2c03a46630219fb22868 | https://emerald.com/jsm/article-split/39/5/531/1254237/Unveiling-barriers-and-opportunities-for-LGBTQIA
  2cea5bbbc185dc4d5a78 | https://philadelphiafed.org/consumer-finance/mortgage-markets/how-much-does-racial-bias-affect-mortgage-lending-evidence-human-algorithmic-credit-decisions
  2d4fa59cbf285e8da928 | https://schoolhouseconnection.org/article/student-homelessness-lessons-from-the-youth-risk-behavior-survey-yrbs
  2d81e2a2feb9780f47ff | https://hispanicresearchcenter.org/research-resources/how-hispanic-parents-perceive-their-need-and-eligibility-for-public-assistance
  2d87799c4643ca897069 | https://congress.gov/117/meeting/house/115236/documents/HHRG-117-GO02-20221213-SD003.pdf
  2d886c9239454f4fad85 | https://sciencedirect.com/science/article/pii/S0927537120300646
  2d8fe4d1558378f10d08 | https://youtube.com/shorts/_DAJugTozQs
  2db28efb47b99329f09e | https://cgap.org/blog/banking-on-change-enabling-womens-access-to-financial-services
  2db9edddc23043569ad5 | https://pmc.ncbi.nlm.nih.gov/articles/PMC9891494
  2dca9844cab0c0f14bea | https://cnbc.com/2024/02/02/men-benefit-more-from-their-looks-at-work-than-women-do-new-research-shows.html
  2de4e693758fd4f1de69 | https://opportunityhome.org/resources/lgbtq-rights-and-housing-fact-sheet
  2dffc92a2c4dd4eead32 | https://researchspace.ukzn.ac.za/items/40105654-e51e-4dc0-b1b0-e5852620749d
  2e2b4fb05a98c19d05cb | https://info.nystateofhealth.ny.gov/stay-covered
  2e975caaf193511c373d | https://unidosus.org/progress-report/exploring-opportunities-for-and-barriers-to-latino-participation-in-the-modern-workforce
  2eabc6c6e9222aa34431 | https://bankrate.com/banking/banks-that-are-lgbtq-friendly
  2ef614697ef626a43819 | https://pmc.ncbi.nlm.nih.gov/articles/PMC11363849
  2f9ca793e04f9e6bd2af | https://pmc.ncbi.nlm.nih.gov/articles/PMC12547269
  2fa10489a9f6b6feeb1a | https://pmc.ncbi.nlm.nih.gov/articles/PMC7358737
  2faa5423b0ef0b1013d9 | https://pmc.ncbi.nlm.nih.gov/articles/PMC7893374
  2fdbeb3ae29c8c995e4e | https://giesbusiness.illinois.edu/news/2025/11/12/new-research-reveals-widespread-bias--inefficiency-in-credit-scoring-and-mortgage-lending
  2fded60bd97a21041fd0 | https://sciencedirect.com/science/article/pii/S0001691825000605
  3024b43fe551a9e66cfd | https://eeoc.gov/federal-sector/report/eeoc-african-american-workgroup-report
  3032e60263ea262264c7 | https://hispanicresearchcenter.org/research-resources/highlights-decade-research-supports-economic-self-sufficiency-latino-families-children?print=print
  30375f0ee98739e6c944 | https://link.springer.com/article/10.1007/s10775-025-09788-6
  30b52c2fad6b0133f0fa | https://theconversation.com/bullying-linked-to-gender-and-sexuality-often-goes-unchecked-in-schools-55639
  30e3af1b20ad69a5ad7e | https://ama-assn.org/about/leadership/maintaining-preventive-coverage-vital-public-health
  312cb6f7736abe4f1f71 | https://povertyactionlab.org/policy-insight/increasing-college-access-making-application-process-easier
  313429e6f57d22dbd2d3 | https://salud-america.org/what-do-latinos-think-about-preventative-care
  31c573903acd2fa7c191 | https://wowremoteteams.com/blog/what-issues-are-important-to-latinos-in-the-workplace
  31c78b2677ddfefe88e1 | https://youtube.com/watch?t=76s&v=2eqk_2ZRybY
  31ea40386f120b76d726 | https://youtube.com/watch?t=48s&v=96rwUA7pqYg
  32071746a95da5bc9476 | https://ojp.gov/ncjrs/virtual-library/abstracts/investigative-detention-constitutional-constraints-police-use-force
  321580be29593986c250 | https://pmc.ncbi.nlm.nih.gov/articles/PMC4141481
  322f38227c290676e52a | https://pmc.ncbi.nlm.nih.gov/articles/PMC5367475
  3264383bc930bdb312b6 | https://sciencedirect.com/science/article/pii/S2590291125006060
  328843a9c7d9effafa7a | https://aarp.org/pri/topics/work-finances-retirement/social-security/social-security-women
  3292cafe98f4046dd22d | https://pmc.ncbi.nlm.nih.gov/articles/PMC12228652
  32cc5980a89e0abd4bb7 | https://academicworks.cuny.edu/cgi/viewcontent.cgi?article=6918&context=gc_etds
  336ffc72af7d3cc839bb | https://unidosus.org/blog/2026/06/16/federal-snap-cuts-have-denied-millions-of-latinos-and-other-americans-help-paying-for-food
  33746694a7aefbf498ac | https://stephaniehahn.com/blog/2023/03/3-factors-that-increase-the-risk-of-workplace-sexual-harassment
  3377596d498630918e68 | https://hdfc.bank.in/blogs/personal-loan/7-factors-that-determine-whether-your-loan-gets-sanctioned
  33968ea5339bef3befa1 | https://nlc.org/article/2022/10/28/barriers-existing-practices-recommendations-in-housing-for-hispanic-latinx-latinoa-residents
  33c754c0e264fe2c55c8 | https://rasmussen.edu/degrees/health-sciences/blog/patient-safety-in-hospitals
  33d5a2463b5d66f100cd | https://cbpp.org/research/poverty-and-inequality/expanding-work-requirements-would-make-it-harder-for-people-to-meet
  33f7534926f2acebe58d | https://americanprogress.org/article/protecting-basic-living-standards-lgbtq-people
  342117959d3d2d752b68 | https://glaad.org/reference/health
  3433bf9e31d051e163a5 | https://ca.indeed.com/career-advice/career-development/choice-of-career
  348352c77181b74779f4 | https://americanprogress.org/article/gender-matters
  355e3fb3b51704d88993 | https://pubmed.ncbi.nlm.nih.gov/38131728
  356ef631d65260b12137 | https://federalreserve.gov/econres/feds/how-much-does-racial-bias-affect-mortgage-lending.htm
  35ad1ce4a02f95285091 | https://pmc.ncbi.nlm.nih.gov/articles/PMC10103672
  35bf709073e53235f5d2 | https://wbur.org/cognoscenti/2023/10/19/racial-bullying-george-floyd-alexis-rickmers-oren-sellstrom
  35eb5a322178dfbb8246 | https://pnas.org/doi/10.1073/pnas.1903592116
  360e245835bf5a865c6c | https://ebsco.com/research-starters/history/welfares-impact-racialethnic-relations
  36c0735fed165a8b3f18 | https://lendingtree.com/personal/reasons-why-your-personal-loan-was-declined
  374e2d8a949b8ec0b5dc | https://unwomen.org/en/articles/facts-and-figures/facts-and-figures-economic-empowerment
  37844408c2855aec8c95 | https://sciencedirect.com/science/article/abs/pii/S0190740909001819
  37c38b7f648527b3cc8e | https://abilitykc.org/5-commonly-faced-barriers-to-employment-that-persons-with-disabilities-often-face
  37fd2ac44536dd15fd6c | https://idra.org/resource-center/identity-based-bullying-undermines-student-safety-and-success
  380510dde65fa3c6d64a | https://share.google/ncA9pFtjUB5HJt89x
  382d76f919c0a8161c65 | https://pmc.ncbi.nlm.nih.gov/articles/PMC4351276
  389e6c1d560ec25dd2a2 | https://digitalcommons.unomaha.edu/cgi/viewcontent.cgi?article=1058&context=criminaljusticefacpub
  38b05133ffef29d3cd1e | https://nacacnet.org/factors-in-the-admission-decision
  38f3493e6a8492913407 | https://link.springer.com/article/10.1186/s12939-025-02603-2
  390647047124e5ee7d50 | https://accessliving.org/access-to-justice-a-cross-disability-perspective-on-reducing-jail-incarceration/background-access-to-justice
  3952700851987a1de36e | https://who.int/news-room/fact-sheets/detail/patient-safety
  3966d4cfa437893f7de1 | https://williamsinstitute.law.ucla.edu/wp-content/uploads/Trans-Workplace-Discrimination-Nov-2024.pdf
  397cf5e43effd5aa7a2a | https://inc.com/replacemeplease1456157247.html
  39a9a42ec115c76d0640 | https://pmc.ncbi.nlm.nih.gov/articles/PMC8439157
  39afce3abce3083d0afd | https://generations.asaging.org/supporting-lgbtq-older-adults-in-retirement-through-research-and-advocacy
  39c5fac8bd8e2440f0cc | https://familypromiseanoka.org/blog/disproportionate-homelessness
  39cc59d2c9d1bdd21d47 | https://healthaffairs.org/doi/10.1377/hlthaff.2019.01361
  39d5b990d19e7633dd0b | https://chartspan.com/blog/preventive-care-for-women-how-to-overcome-barriers
  39fd905e86c79dec4f28 | https://youtube.com/watch?t=121s&v=n0urFzhWTZ4
  3a0b822c903c374ce623 | https://pmc.ncbi.nlm.nih.gov/articles/PMC12821302
  3a763bb5661a878f139e | https://cambridge.org/core/journals/law-and-social-inquiry/article/preference-or-penalty-the-law-and-employers-diverging-hiring-intentions-of-latino-immigrants/6FBDB6E32D19F7CBCC94B1452E29CF48
  3a8ad4f5086878af4aef | https://pmc.ncbi.nlm.nih.gov/articles/PMC10937783
  3a9a917d88b655783c05 | https://migrationpolicy.org/publication/immigrants-eligibility-us-public-benefits-primer
  3aa79b393381ef3638af | https://pmc.ncbi.nlm.nih.gov/articles/PMC12614286
  3ab2c9e0cad5c30257b8 | https://unesco.org/en/articles/what-you-need-know-about-school-violence-and-bullying
  3afcc56e22742afe274e | https://cangrade.com/blog/talent-acquisition/6-science-backed-ways-to-prioritize-hiring-women
  3b0935f3835d8b80ef37 | https://endhomelessness.org/blog/examining-latino-homelessness
  3b3f76e315bf22373a9e | https://pewresearch.org/social-trends/2012/12/18/a-bipartisan-nation-of-beneficiaries
  3b4bcc955ccd2c993b86 | https://researchgate.net/publication/249027896_Black_white_and_unequal_Examining_situational_determinants_of_arrest_decisions_from_police-suspect_encounters
  3b4e0315f5a1474a7160 | https://healthcare.gov/how-plans-set-your-premiums
  3b8bc557294c4aa67b02 | https://share.google/KF9oqlhpCkFU8eBTC
  3b92a3d953796c100150 | https://youtube.com/watch?t=632s&v=68yf3xouXc8
  3b95d31b802cfdcb021d | https://brookings.edu/articles/an-analysis-of-financial-institutions-in-black-majority-communities-black-borrowers-and-depositors-face-considerable-challenges-in-accessing-banking-services
  3ba524b9ce68d9d17b14 | https://northeastada.org/blog/workplace-bullying-harassment-and-disability
  3be6645515a732a0806d | https://ncda.org/aws/NCDA/pt/sd/news_article/384442/_PARENT/CC_layout_details/false
  3c09b5bf0261923823c2 | https://thearc.org/blog/whats-happening-at-the-social-security-administration-heres-what-people-with-disabilities-need-to-know
  3c1ab936db939e36f0c4 | https://americanbar.org/groups/domestic_violence/Initiatives/five-for-five/five-facts-homelessness
  3c2189c3af29805a77e6 | https://pmc.ncbi.nlm.nih.gov/articles/PMC11292293
  3c2ab22ccbb73cfbabef | https://pmc.ncbi.nlm.nih.gov/articles/PMC5527844
  3c3ced71447fbd5f1165 | https://undergraduate.northeastern.edu/prehealth/disabilities-in-healthcare-bridging-the-gap-for-inclusive-care
  3c61d0e9a8d762ca60f3 | https://pmc.ncbi.nlm.nih.gov/articles/PMC3935660
  3c6d87a4269eefcba6ec | https://mdpi.com/2076-328X/15/1/61
  3cddef3a39cba22de7bc | https://specialneedsalliance.org/special-needs-101/government-benefits
  3d39668b388de84e4776 | https://ehealthinsurance.com/resources/individual-and-family/health-insurance-for-lgbtq-community
  3d44a8dda0e57fbc5a26 | https://pmc.ncbi.nlm.nih.gov/articles/PMC9662773
  3d58c3a70dd8b3ec039d | https://americanprogress.org/press/release-broken-criminal-justice-system-disproportionately-targets-and-harms-lgbt-people
  3d6d8da4adca8cf836a9 | https://mhanational.org/blog/challenges-being-lgbtq-workplace
  3d8ec638c71ff7751b30 | https://aspe.hhs.gov/reports/federal-programs-persons-disabilities-0
  3d95100b4ce4745e2a13 | https://irp.wisc.edu/resource/making-the-u-s-safety-net-more-responsive-to-economic-downturns
  3d9b0551131c9b61f905 | https://pmc.ncbi.nlm.nih.gov/articles/PMC11756264/https:/pmc.ncbi.nlm.nih.gov/articles/PMC11756264
  3decabf24afd624461ad | https://sph.umn.edu/news/7-factors-of-career-success
  3df5b39ec9750776d537 | https://williamsinstitute.law.ucla.edu/publications/medicaid-trans-health-care
  3e10af1d5c38bb91825f | https://tandfonline.com/doi/full/10.1080/07418825.2025.2550298
  3e3c9e7be9a61984f9e4 | https://cato.org/testimony/many-factors-play-minority-access-higher-education
  3e74166602cbcdbd9f60 | https://williamsinstitute.law.ucla.edu/press/lgbtq-college-decisions
  3e7b4a72333074616446 | https://ssa.gov/policy/docs/ssb/v83n3/v83n3p11.html
  3e823021c0e3a6e02a57 | https://archive-housingmatters.urban.org/articles/five-facts-about-housing-access-lgbt-people
  3e8a2d1948dc8d4ce8a0 | https://pmc.ncbi.nlm.nih.gov/articles/PMC5763841
  3eabb7d679a1823d4f26 | https://futureofhousing.aarp.org/systemic-barriers
  3ee47d738413588bb211 | https://tandfonline.com/doi/full/10.1080/15140326.2024.2324247
  3f2c22ef0900547ebcab | https://gearup.wa.gov/sites/default/files/resources/supporting_transgender%20and%20nonbinary_students_2025_0.pdf
  3f68c50bd6853c3d3cae | http://ghlf.org/chronic-illness/insurance-health-care-rights-lgbtq
  3f6db0d15eb34b14a51a | https://nlc.org/article/2023/08/17/housing-for-individuals-with-disabilities
  3fbbf935f4f7d72a0735 | https://digitalcommons.law.ou.edu/cgi/viewcontent.cgi?article=2257&context=olr
  3fe5dce9ee5ccd21f65d | https://irp.wisc.edu/resource/connections-among-poverty-incarceration-and-inequality
  4008d3a7e5894a0bf318 | https://faireconomy.org/11_ways_the_federal_government_contributed_to_the_racial_wealth_divide
  40acd8b57d345627c6f6 | https://pmc.ncbi.nlm.nih.gov/articles/PMC4718646
  40bc376c9e74dc4ddbe8 | https://worksupport.com/research/documents/pdf/jablonskietal2024employmentbarriersexperiencedatdifferentjobacquisitionstagesbypeoplewithandwithout.pdf
  40c2fe592bd4a1f7487a | https://aarp.org/social-security/faq/same-sex-couples
  40eb24d9523b4cd00408 | https://brookings.edu/articles/the-racial-wealth-gap-financial-aid-and-college-access
  410ed6d381cd8d40cc57 | https://cliniclegal.org/resources/ground-inadmissibility-and-deportability/uscis-expands-public-charge-discretion-what
  41129db0fb699b250ed4 | https://mrdrc.isr.umich.edu/publication/exploring-the-social-security-benefit-implications-of-same-sex-marriage-2
  41656393e8c2e0b68c5b | https://brookings.edu/articles/the-male-college-crisis-is-not-just-in-enrollment-but-completion
  416587a0336b5ed3ef6b | https://pmc.ncbi.nlm.nih.gov/articles/PMC11055463
  41a9fe70f79684c008b1 | https://mx.com/research/what-influences-where-consumers-choose-to-bank
  41c057c28d38c453d69b | https://ncan.org/Web/News/Race-Conscious-Admissions-and-Black-Students-The-Past-Present-and-Future.aspx
  41c412deb0fae9a3b128 | https://endhomelessness.org/resources/research-and-analysis/demographic-data-project-race
  4200f81fa31577fc2e6c | https://gennyb.com/research/trans-supportive-campus-policies/historically-womens-mens-colleges
  42115681a4b01413e560 | https://pmc.ncbi.nlm.nih.gov/articles/PMC3669464
  42157260c827e979dba5 | https://vitalrecord.tamu.edu/how-race-and-racial-perceptions-shape-public-assistance-policy-opinions
  423b6da6c22aad74ccf8 | https://evidenceforjustice.georgetown.edu/race-gender/police-use-of-force-interactions-is-race-relevant-or-gender-germane
  428987ec7c6c7096dff5 | https://blogs.worldbank.org/en/psd/empowering-women-through-digital-financial-inclusion
  42990a6fc370788c101b | https://vermontpublic.org/2013-10-22/getting-federal-benefits-to-gay-couples-its-complicated
  42f714cc4d4281466dde | https://mapresearch.org/report/unjust-how-the-broken-criminal-justice-system-fails-transgender-people
  430f8b43b38b4d624c90 | https://pmc.ncbi.nlm.nih.gov/articles/PMC10811440
  4317517a5dfe1bafba33 | https://un.org/womenwatch/daw/public/WorldSurvey2009.pdf
  435d8547cfe28641f3d9 | https://scielo.org.za/scielo.php?pid=S0256-01002025000600013&script=sci_arttext
  438f700d344abdd420c0 | https://sciencedirect.com/science/article/pii/S2667321524001008
  439458c01d9f32548949 | https://pmc.ncbi.nlm.nih.gov/articles/PMC2811044
  43baddc9a3adb4f406b4 | https://pmc.ncbi.nlm.nih.gov/articles/PMC4764796
  43c97e86e70b52778af5 | https://northwestfamilyclinics.com/blog/preventive-care-men
  43e0c585a6bd65a4e263 | https://nlihc.org/explore-issues/why-we-care/problem
  43eb55256efd47d43b6c | https://safetyandjusticechallenge.org/wp-content/uploads/2022/05/LQBTQOverrepresentationReport-1.pdf
  43fb2376c7c5d4de383b | https://uscis.gov/policy-manual/volume-8-part-g-chapter-5
  4416a77e050f3085759d | https://pewresearch.org/short-reads/2025/11/14/what-the-data-says-about-food-stamps-in-the-us
  445b1654611dba81028e | https://womensworldbanking.org/insights/womens-financial-inclusion-through-movable-collateral-three-case-studies
  448f991285087c223303 | https://in.gov/icrc/enforcement/credit/disability-and-access-to-credit
  44a0fa98c6ae9e73d0b3 | https://youtube.com/watch?t=418s&v=9_pMrBhrRWY
  44b11bface04879b26c3 | https://williamsinstitute.law.ucla.edu/publications/police-public-arrests-trans-people
  4511eeb570fbe1d1742e | https://immigrantjustice.org/sites/default/files/INSECURE_COMMUNITIES_REPORT_FINAL.PDF
  454a9fbdcb5f8463e224 | https://pubmed.ncbi.nlm.nih.gov/27996379
  45a3a7f87508eb824ec8 | https://phys.org/news/2017-02-female-bosses-favour-gay-lesbian.html
  45a466cf9585e71df4be | https://researchgate.net/publication/378853272_CAREER_GROWTH_OF_WOMEN_IN_PROFESSIONAL_FIELD
  45bfc3b39d5be768e2e9 | https://azcentralcu.org/blog/latinos-build-credit
  45c5c25e374508e154eb | https://fiveable.me/sociology-of-education/unit-2/gender-educational-opportunities/study-guide/xfDWjXtpSezzdYpg
  45ddbafc9d6c3f093b9f | https://pubmed.ncbi.nlm.nih.gov/37782872
  4618632a37304f1d8821 | https://americanprogress.org/article/racial-disparities-home-appreciation
  4661cbf63a899aca3c11 | https://justiceinaging.org/equity-in-aging-public-benefits-and-the-realities-of-black-older-adults
  468f0c4f07c7d36c1197 | https://acpjournals.org/doi/10.7326/ANNALS-24-02446
  46a08b104dbcae2ed86a | https://pmc.ncbi.nlm.nih.gov/articles/PMC3766254
  46cd39c8498422198109 | https://themarkup.org/denied/2021/08/25/the-secret-bias-hidden-in-mortgage-approval-algorithms
  46cd7fdedc162a605abb | https://shine.lab.uconn.edu/wp-content/uploads/sites/3321/2021/06/lessard_watson___puhl_2020.joya_.pdf
  46f008fdc94d63b3de8b | https://pmc.ncbi.nlm.nih.gov/articles/PMC6153163
  4725a678ff9cfb2973ed | https://hai.stanford.edu/news/ai-hiring-tools-can-yield-racial-bias-and-systemic-rejection
  47487dd3ccfedb341498 | https://pmc.ncbi.nlm.nih.gov/articles/PMC10335036
  47687bd49b3ebdbfb438 | https://sciencedirect.com/science/article/pii/S1757780223007369
  4784547ca4187b626a93 | https://archives.hud.gov/reports/barriers.cfm
  47c74aa7bbc80fe2cc0b | https://pmc.ncbi.nlm.nih.gov/articles/PMC11862866
  47ddcde49f46804c1257 | https://oasas.ny.gov/providers/hr-1
  4826e2ec9cf11bb1101d | https://theconversation.com/more-americans-of-all-political-stripes-support-government-benefits-for-low-income-people-and-black-lives-matter-could-be-a-big-reason-why-247764
  48315f7b499722eab732 | https://modernmedicaid.org/wp-content/uploads/2022/06/MMA-health-equity-infographic_6.29.22.pdf
  4854cb31c44670b216c6 | https://pmc.ncbi.nlm.nih.gov/articles/PMC9888733
  486bb650eb1c5415d4de | https://action.deloitte.com/insight/3546/creative-with-credit-how-banks-can-assist-people-with-disabilities
  486ffc6b998aa0fe801d | https://homelesslaw.org/wp-content/uploads/2020/08/Racism-Homelessness-and-Criminal-Legal-Systems.pdf
  488daffb2b092789c77d | https://pmc.ncbi.nlm.nih.gov/articles/PMC10293911
  48bdc8153a8577bce0fa | https://sentencingproject.org/press-releases/new-report-three-causes-of-racial-inequity-in-the-criminal-legal-system
  48d09b0eb88b7474eb83 | https://nwlc.org/housing-is-a-human-right-womens-lives-depend-on-it
  48ee06dad03c5c444dc6 | https://cgdev.org/blog/promoting-womens-financial-inclusion-quiet-revolution-taking-place-financial-sector
  493a0e435a2848a33289 | https://journals.sagepub.com/doi/10.1177/2156759X211018658
  49ec94df2803e3fc5419 | https://sciencedirect.com/science/article/pii/S2590291126008223
  4a008ab06a42fb98a815 | https://fedemploylaw.com/lgbtq-harassment-in-the-workplace-how-to-identify-prove-it
  4a2f94455209748cc0de | https://wvpolicy.org/equity-in-education-closing-the-gap-for-black-students
  4a34bc72725f112fe4fa | https://fedemploylaw.com/when-men-are-sexually-harassed-at-work-breaking-stereotypes-and-legal-myths
  4a547aa315bd008f1441 | https://pmc.ncbi.nlm.nih.gov/articles/PMC10323979
  4a87b009dad088c335b8 | https://library.hbs.edu/working-knowledge/breaking-through-the-self-doubt-that-keeps-talented-women-from-leading
  4afefcc98346ab7253c8 | https://news.unm.edu/news/research-finds-black-immigrant-girls-of-color-face-hostile-classrooms
  4b14eff886e30b0d27e7 | https://forbes.com/sites/forbeseq/2025/07/08/the-business-benefits-of-hiring-people-with-disabilities
  4b2fcd657ffc97001583 | https://holyfamily.edu/about/news-and-media/hfu-blog-network/ensuring-success-college-latinoa-students-insights-and-imperatives
  4b33747115141b2e08ed | https://pmc.ncbi.nlm.nih.gov/articles/PMC4111266
  4b3e1c58014aab4776d3 | https://pmc.ncbi.nlm.nih.gov/articles/PMC9716543
  4b673a6456a0b9c773c9 | https://pmc.ncbi.nlm.nih.gov/articles/PMC8137174
  4b7b9437bf5c6becdd1e | https://ncua.gov/regulation-supervision/letters-credit-unions-other-guidance/equal-credit-opportunity-act-nondiscrimination-requirements
  4befe3e2b8079f04cab8 | https://abcnews.com/US/meet-man-hoping-battle-lgbtq-bank-discrimination-credit/story?id=65947300
  4bf3675996305752ed3a | https://plannedparenthoodaction.org/communities/latinos-planned-parenthood/health-equity-issues-for-the-latino-community
  4bfc8f269f2c96759b8c | https://mrsc.org/stay-informed/mrsc-insight/february-2024/best-practices-shelters-part-one
  4c2d8142ac2244820f49 | https://pmc.ncbi.nlm.nih.gov/articles/PMC6511003
  4c53df5c1ce69fa1d432 | https://ojp.gov/ncjrs/virtual-library/abstracts/factors-influencing-arrests-alcohol-related-traffic-violations
  4ca41a34c0035487d941 | https://ofboysandmen.substack.com/p/how-colleges-turned-pink
  4cace9bbd18a76f5110c | https://home.treasury.gov/news/featured-stories/racial-equity-benefits-all-americans
  4cb66278eb838b17b425 | https://sentencingproject.org/reports/one-in-five-disparities-in-crime-and-policing
  4d06d2d79c25bc793721 | https://designspecific.us.com/how-can-medical-practices-ensure-accessibility-for-patients-with-mobility-issues
  4d22274831e76539b591 | https://facebook.com/lalgbtcenter/posts/a-new-study-found-that-lgbtq-people-experience-housing-insecurity-at-a-higher-ra/10158858422451429
  4d47bc1e16def4fe08e3 | https://scholnicklaw.com/2017/02/factors-that-threaten-your-social-security-disability-benefits
  4d72e0204689280be49e | https://pmc.ncbi.nlm.nih.gov/articles/PMC3232414
  4df329f74afd9c2744cc | https://sciencedirect.com/science/article/abs/pii/S0272775719302791
  4e1c32056b4e23b8b0c8 | https://prisonpolicy.org/reports/pie2024women.html
  4e27ce9a64e7b47db5eb | https://ssa.gov/policy/docs/statcomps/di_asr/2020/sect04.html
  4e474dcf718835e1c64e | https://consumerfinance.gov/archive/newsroom/consumer-financial-protection-bureau-study-finds-consumers-lower-income-areas-are-more-likely-become-credit-visible-due-negative-records
  4e8e756b4979e895484c | https://siepr.stanford.edu/news/qa-whats-behind-gender-gap-disability-benefits
  4eab71fe803d8a5d48b8 | https://ocalaemploymentlawyer.com/study-finds-half-of-all-lgbtq-workers-face-discrimination-in-the-workplace
  4eafef307353666daa14 | https://pmc.ncbi.nlm.nih.gov/articles/PMC12812978
  4ef0940e8e05dd4baf7d | https://pmc.ncbi.nlm.nih.gov/articles/PMC12311976
  4f3562881c9fb3c86ec8 | https://defendernetwork.com/news/education/black-youth-bullying-challenges
  4f4ed14a5cec7b652437 | https://evidencebasedmentoring.org/lgbtq-college-student-guide
  4f56fb2641b96667eb9b | https://youtube.com/watch?t=667s&v=jSqF4hs6910
  4f84fb30bf4473321a1a | https://sciencedirect.com/science/article/pii/S1568484926000031
  4ff69e989059c9cd2df6 | https://pmc.ncbi.nlm.nih.gov/articles/PMC10985919
  500c73a23956a89aaa42 | https://pubmed.ncbi.nlm.nih.gov/39227178
  5032ad6481308150ce12 | https://hechingerreport.org/proof-points-research-on-increasing-diversity-in-college-admissions
  5037ac1aa325bdb89647 | https://migrationpolicy.org/explainer/immigrants-and-use-public-benefits-united-states
  507a02a9f31586055127 | https://feed.georgetown.edu/access-affordability/anti-dei-policies-a-threat-to-colleges-recruitment-of-male-applicants
  507cc4563a5ca658bd00 | https://sinbarrerascville.org/wp-content/uploads/2019/06/Issues-in-Latino-Education.pdf
  508c2fc3f38f121d977e | https://share.google/eWEebWqlNwzZ55upi
  5091ca16b09c59dd4bce | https://kff.org/racial-equity-and-health-policy/how-present-day-health-disparities-for-black-people-are-linked-to-past-policies-and-events
  5099cef17796a94d75ff | https://right-to-education.org/issue-page/marginalised-groups/persons-disabilities
  50ada82e65495fb88b1c | https://rsisinternational.org/journals/ijriss/articles/structural-inequalities-and-racial-barriers-to-education-attainment-in-u-s-higher-education-challenges-and-policy-interventions
  50cb8f8eca0898cd998c | https://budgetandpolicy.org/resources-tools/2020/01/Gender-equity-fact-sheet.pdf
  510866a2c7dbbd653a21 | https://pmc.ncbi.nlm.nih.gov/articles/PMC10000362
  515f13b234a81d48d2e2 | https://jphmpdirect.com/homelessness-among-individuals-with-disabilities
  5190477d35329fc14345 | https://apha.org/publications/public-health-newswire/public-health-newswire/articles/women-in-law-enforcement-are-more-likely-to-face-bias-burnout
  51e39cd7f8747727918d | https://niwr.org/2025/05/20/policy-brief-how-dei-combats-discrimination
  520f5957379f8f1b42ae | https://oxfordreference.com/display/10.1093/acref/9780195156003.001.0001/acref-9780195156003-e-265?d=%2F10.1093%2Facref%2F9780195156003.001.0001%2Facref-9780195156003-e-265&p=emailAGOTcK63TERo2
  5234ebe2e15c429d9769 | https://alsoweb.org/how-housing-affects-disability-support-services
  5255d236c4d05bb21a4f | https://cawc.org/news/understanding-domestic-violence-and-homelessness
  52940c0b72e717b1fc5b | https://admissionbydesign.com/resources/12-most-important-admission-factors/https:/admissionbydesign.com/resources/12-most-important-admission-factors
  52d557ff6e2c7c507d07 | https://pmc.ncbi.nlm.nih.gov/articles/PMC8726680
  52f50e27bd9cf16b69d7 | https://blog.magentafunding.com/insights/new-grants-for-women-owned-small-businesses
  52fff30dcb28dd238bb3 | https://careers.bu.edu/videos/racial-discrimination-in-hiring-beat-the-bias-in-your-job-search
  532e80d1f43361d940ec | https://federalreserve.gov/publications/2024-economic-well-being-of-us-households-in-2023-banking-credit.htm
  534fb4d9f9b49b9151e3 | https://sciencedirect.com/science/article/abs/pii/S0047235225000017
  53579641740771b039d7 | https://stopbullying.gov/bullying/at-risk
  5361f95de3c7576ea1c0 | https://youtube.com/watch?v=KmfTFZ90zsM
  538e90b96002ad46eefa | https://pmc.ncbi.nlm.nih.gov/articles/PMC12718199
  53a6f9bc73887d6471e6 | https://pmc.ncbi.nlm.nih.gov/articles/PMC11418443
  53d396d9c46452263076 | https://hispanicresearchcenter.org/research-resources/state-level-tanf-policies-and-practice-may-shape-access-and-utilization-among-hispanic-families?print=print
  53e475eaaccad61edcde | https://tandfonline.com/doi/abs/10.1080/08974454.2018.1544104
  53ee37046ef00cb20f75 | https://solarisgroup.com/blog/finance-for-everyone
  53f543762617e964da96 | https://consumerfinance.gov/archive/newsroom/cfpb-provides-guidance-to-help-lenders-avoid-discrimination-against-consumers-receiving-disability-income
  5414ae13d90869405f46 | https://ballardbrief.byu.edu/issue-briefs/mass-incarceration-in-the-united-states
  542d798f851c1f4d9381 | https://williamsinstitute.law.ucla.edu/publications/transgender-higher-ed
  548e29b964394debac77 | https://digitalgovernmenthub.org/library/using-snap-data-for-medicaid-renewals-can-keep-eligible-beneficiaries-enrolled
  54a0a89226664ce0c0d1 | https://changingperspectivesnow.org/2024/07/10/disability-inclusion-in-education-the-benefits-importance-for-all-students
  54a5cc7dd59bec95edc5 | https://americanprogress.org/article/lack-housing-mental-health-disabilities-exacerbate-one-another
  54d1a49b59bd181e5258 | https://acus.gov/document/identifying-and-reducing-burdens-public-administrative-processes
  54ee8a88aca2093ea4a1 | https://latino.ucla.edu/debunking-myths-about-latinos-and-medicaid
  552101df75a0fb3cc284 | https://cbpp.org/research/housing/policymakers-can-solve-homelessness-by-scaling-up-proven-solutions-rental
  5555b09c9089128dc60d | https://tandfonline.com/doi/abs/10.1080/16549716.2024.2342634
  55791d2443e36e2372e2 | https://tuc.org.uk/research-analysis/reports/bullying-harassment-and-discrimination-disabled-people-workplace
  5586430619effdae41f3 | https://ecb.europa.eu/pub/pdf/scpwps/ecbwp1822.en.pdf
  558b43650331b41f126e | https://federalreserve.gov/econres/notes/feds-notes/gender-related-differences-in-credit-use-and-credit-scores-20180622.html
  55c135db0fe0e3daf2c4 | https://academia.edu/138903810/_Bullying_and_Harassment_Prevention_in_the_Lives_of_Latina_and_Latino_Students_
  55cb9e6d13c3506001de | https://scholarship.law.gwu.edu/cgi/viewcontent.cgi?params=%2Fcontext%2Ffaculty_publications%2Farticle%2F2532%2F&path_info=Heteronormativity_in_Employment_Discrimination_Law.pdf
  55d9c17247e80834f5a2 | https://digitalgovernmenthub.org/wp-content/uploads/2023/08/adminburden_differential.pdf
  567115be2c473a5cef81 | https://allsup.com/blog/invisible-disabilities-and-ssdi-approval-through-expert-representation
  569200c3f98e801434c9 | https://jraeducationalconsulting.com/blog/10-most-important-factors-in-college-admissions-6hxs7
  5694135bfac27c3e11c2 | https://americanprogress.org/article/occupational-segregation-in-america
  56a453c16aa921b0ef16 | https://rainsburylawgroup.com/resources/what-conditions-automatically-qualify-for-disability-benefits
  56df81cd155356ddcb3b | https://pmc.ncbi.nlm.nih.gov/articles/PMC8025443
  57d96aa5469e9a0d0e4a | https://careercenter.fresnostate.edu/blog/2024/06/14/trans-and-non-binary-career-advancement-how-to-overcome-challenges-at-work
  5806639cda450b38ad99 | https://npr.org/2024/04/11/1243713272/resume-bias-study-white-names-black-names
  58425b2cdafc73f78093 | https://experian.com/blogs/ask-experian/credit-education/score-basics/what-affects-your-credit-scores
  5842e1554cd5d46b9aba | https://nnedv.org/spotlight_on/impact-safe-housing-survivors
  58509264051bab46810a | https://voxdev.org/topic/firms/expanding-credit-access-women-entrepreneurs
  5858325da9645a255771 | https://finhealthnetwork.org/research/the-financial-health-of-people-with-disabilities
  5877b03f4693c672b2b9 | https://pmc.ncbi.nlm.nih.gov/articles/PMC8941671
  5879a3f56bbea3ecc54f | https://pubmed.ncbi.nlm.nih.gov/36931857
  58c2273d36096f902eb2 | https://digitalgovernmenthub.org/wp-content/uploads/2025/12/Racial-and-Ethnic-Differences-in-Experiencing-Administrative-Burd.pdf
  58d91898e31f8a3952e1 | https://thearc.org/policy-advocacy/housing
  58ece26e7293070e94f7 | https://ajpmonline.org/article/S0749-3797(25)00724-X/pdf
  58f306f5fbc11e6a5eb5 | https://pmc.ncbi.nlm.nih.gov/articles/PMC1360918
  59171f14ef8e9d56d410 | https://pmc.ncbi.nlm.nih.gov/articles/PMC10824976
  593ad92eec49b45ba5fd | https://meetaugust.ai/en/articles/medicaid-renewal
  5961a172741e99884d11 | https://prisonpolicy.org/blog/2020/07/27/disparities
  5973a907cc75952018a3 | https://lrn.com/blog/being-transgender-at-work-insights-from-mckinsey-dei-report
  598540f2c14cdcef12f9 | https://pmc.ncbi.nlm.nih.gov/articles/PMC10445173
  59bc84e08175ec2735ab | https://feed.georgetown.edu/access-affordability/seeking-more-male-students-colleges-tailor-outreach-programming
  59f00128ab8a8d96d30e | https://journals.sagepub.com/doi/10.1177/1077801215599079
  59fd5bc70113f20d5300 | https://lambdalegal.org/blogs/20201125_transgender-people-prisons-jails
  5a18eb5ae1f084357f1a | https://census.gov/library/working-papers/2025/adrm/CES-WP-25-45.html
  5a36f74ec1a10f43b982 | https://cbpp.org/research/federal-budget/executive-action-watch?item=30447
  5a7709adaeefd51ddbda | https://pmc.ncbi.nlm.nih.gov/articles/PMC4899337
  5a97ee3ff7e6e6e0e799 | https://housingca.org/policy/focus/causes
  5ab452eb7cf0dfd6b760 | https://socialecology.uci.edu/news/new-report-sheds-light-latinos-us-criminal-justice-system
  5ae2eef5d0180c2b5809 | https://federalgrants.com/federal-grants-for-women.html
  5aeff56f4edb0686cd7b | https://youtube.com/watch?t=481s&v=sIDoSDzuo-M
  5b60a7aba176e73f0677 | https://kff.org/womens-health-policy/womens-health-care-utilization-and-costs-findings-from-the-2020-kff-womens-health-survey
  5bd114ec901c806e801e | https://leaders-in-law.com/key-factors-in-getting-approved-for-social-security-disability
  5bdefb059d9fb9fdbf88 | https://disabilitysecrets.com/resources/survey-statistics-who-is-most-likely-to-get-approved-for-social-security-disability-benefits.html
  5bfdff9e444aa65e9a5b | https://pmc.ncbi.nlm.nih.gov/articles/PMC9518008
  5c092fb6a853379b188e | https://insidehighered.com/news/quick-takes/2026/09/29/trump-administration-formally-rescinds-biden-title-ix-rule
  5cab5d9978f1be724543 | https://pubmed.ncbi.nlm.nih.gov/21063225
  5cab8ec7438d4264c66d | https://ncbi.nlm.nih.gov/books/NBK24693
  5cbe4354e967723161ab | https://theundercoverrecruiter.com/do-men-and-women-approach-the-job-hunt-differently
  5ccc67f8562848534e99 | https://cbpp.org/research/poverty-and-inequality/poverty-reduction-programs-help-adults-lacking-college-degrees-the
  5cf25f9c4cc358ea731b | https://pmc.ncbi.nlm.nih.gov/articles/PMC3868476
  5d1471f5d8020140a98c | https://pmc.ncbi.nlm.nih.gov/articles/PMC9565787
  5d2d15e1b4a5b8d83766 | https://kff.org/medicaid/medicaid-efforts-to-address-racial-health-disparities
  5d3a473ffc20100582b8 | https://usafacts.org/articles/immigrant-program-eligibility
  5db9a8deb87e6022dced | https://pmc.ncbi.nlm.nih.gov/articles/PMC7820533
  5df33af1bf7af19874d4 | https://pmc.ncbi.nlm.nih.gov/articles/PMC5723709
  5e06dd928725e28c4e07 | https://aha-inc.org/blog/common-barriers-to-housing-stabilityand-how-we-can-help-you-overcome-them
  5e0931d26e71c73fcc93 | https://commonwealthfund.org/publications/2018/sep/focus-reducing-racial-disparities-health-care-confronting-racism
  5e3fb806d2fab689e8c0 | https://pmc.ncbi.nlm.nih.gov/articles/PMC7453877
  5e6d04855d366a1025c7 | https://healthlaw.org/racial-disparities-persist-during-the-unwinding-of-the-medicaid-continuous-coverage-requirement
  5ea264224aff995e0c51 | https://islg.cuny.edu/blog/complex-reality-women-jails
  5eadcb73a3686320ef7a | https://commonwealthfund.org/blog/2024/hispaniclatino-adults-lack-adequate-affordable-health-insurance-coverage
  5eadf09c05276fe03458 | https://alignplatform.org/gender-norms-and-education/discriminatory-gender-norms-access-and-educational-attainment
  5eb435b2b5338e18b950 | https://pubmed.ncbi.nlm.nih.gov/37782863
  5ec2b2afd5ebcb806b1f | https://pmc.ncbi.nlm.nih.gov/articles/PMC6081855
  5ed40f9b12c967df163c | https://nationalacademies.org/read/9719/chapter/8
  5ef71b2f1c1ceabd80fb | https://genderpolicyreport.umn.edu/impacts-of-the-financial-choice-act-on-transgender-people
  5f250bd6cecd12f45831 | https://americanprogress.org/article/how-to-address-the-administrative-burdens-of-accessing-the-safety-net
  5f3fa12e1232285b75e8 | https://cdc.gov/disability-and-health/about/disability-and-health-information-for-healthcare-providers.html
  5f6ec06ba38dc9ccf4ed | https://nilc.org/resources/new-law-limits-health-care-food-aid-for-immigrants
  5f724bc07d49df55375b | https://usa.edu/blog/career-advancement
  5f7c325f835e5283e789 | https://covey.org/housing-for-people-with-disabilities
  5f81f7a6454265b56f58 | https://frac.org/blog/usda-improves-equitable-snap-access-for-lgbtqia
  5f88327efe2ef096a6c5 | https://pmc.ncbi.nlm.nih.gov/articles/PMC9599998
  5ffc4f200aa40b7f92fd | https://pmc.ncbi.nlm.nih.gov/articles/PMC4838486
  600be7b1bf695ee8f57b | https://womenshousingforum.org/our-research-2
  6024c7e5789153d3d772 | https://youtube.com/watch?t=38s&v=o7soCyte1RE
  60684da0c14815da0ff4 | https://moonlawgroup.com/faqs/men-as-victims-of-sexual-harassment
  60dea970b08456876f8f | https://williamsinstitute.law.ucla.edu/publications/trans-students-higher-education
  60e61a751662f9dc4660 | https://hrc.org/resources/get-the-facts-on-transgender-healthcare
  6106593be06f62631e8f | https://pmc.ncbi.nlm.nih.gov/articles/PMC5172593
  619eb5929638344771fd | https://urban.org/urban-wire/three-ways-improving-housing-stability-can-make-long-term-progress-toward-racial-equity
  61a00ea3ef7131fb5d82 | https://police1.com/use-of-force/articles/perceptions-about-police-use-of-deadly-force-and-race-a-psychologists-view-Rt1lE9KHFoGOnyid
  61a0f752525744857ded | https://pfs2.acl.gov/strapib/assets/ICDR_Housing_9_8_20_508_fcb47d305d.pdf
  61c0a6ac5798ee53953b | https://news.stanford.edu/stories/2026/06/ai-hiring-tools-racial-bias-research
  61d2ef42b15db2f7cfa5 | https://americanprogress.org/article/systematic-inequality-economic-opportunity
  61daf2ef11580300af22 | https://pubmed.ncbi.nlm.nih.gov/41315115
  62575baae600f7c3b2cd | https://pmc.ncbi.nlm.nih.gov/articles/PMC12129408
  626208603240ffd9caa3 | https://psqh.com/analysis/patient-engagement-in-patient-safety-barriers-and-facilitators
  626a9e1e982742fb64b4 | https://ed.gov/media/document/report-factors-related-college-enrollment-1998-54909.pdf
  62a0217f68f1ad23be8d | https://ohchr.org/en/special-procedures/sr-housing/women-and-right-adequate-housing
  62a170a9a412999cb856 | https://williamsinstitute.law.ucla.edu/publications/law-enforcement-lgbtq-people
  62b874c4f5fba875afb5 | https://pmc.ncbi.nlm.nih.gov/articles/PMC11658587
  639774777d21f3829dbe | https://nationalfairhousing.org/issue/access-to-credit
  639a602a4ac52159e10b | https://cdc.gov/mmwr/volumes/73/su/su7304a6.htm
  639bfb488b37b79b0dc4 | https://housingsolutionstulsa.org/spotlight-on-lgbtq-homelessness-and-housing-insecurity
  63abafddfee6fd51fbb9 | https://pmc.ncbi.nlm.nih.gov/articles/PMC5367473
  63b4276651a284a5ea30 | https://journals.sagepub.com/doi/10.1177/15365042251386835
  63d1581ab9855821d685 | https://odphp.health.gov/healthypeople/objectives-and-data/browse-objectives/preventive-care
  642c76c5bcdc2136ae97 | https://stopbullying.gov/resources/facts
  64350627d94314c4a11c | https://pmc.ncbi.nlm.nih.gov/articles/PMC5441521
  6437a95a2f655a6ea80a | https://luminafoundation.org/resource/race-and-ethnicity-in-higher-education
  643849fe8ccb8aa39490 | https://nij.ojp.gov/library/publications/understanding-use-force-and-against-police-research-brief
  650d2f0a47e875e45fcd | https://nytimes.com/2021/07/29/business/economy/hiring-racial-discrimination.html
  6550f72882e81d532038 | https://pmc.ncbi.nlm.nih.gov/articles/PMC10530172
  657153b90b24515d6079 | https://pmc.ncbi.nlm.nih.gov/articles/PMC8903243
  6571fad7ffffd86e4b3f | https://study.com/learn/lesson/video/use-of-force-continuum.html
  6589515a80becf6c5e05 | https://cbpp.org/research/food-assistance/streamlining-and-modernizing-wic-enrollment
  659985389d63b0310389 | https://pmc.ncbi.nlm.nih.gov/articles/PMC10021551
  65cacb267d2be48c46df | https://disabilitysecrets.com/resources/gender-dysphoria-and-disability.html
  65d843501c0905055ab9 | https://feed.georgetown.edu/access-affordability/why-are-fewer-white-students-attending-college
  65e0b44f593efeec3e29 | https://williamsinstitute.law.ucla.edu/publications/fehb-changes-trans-workers
  6605b075d11360f433e4 | https://tandfonline.com/doi/full/10.1080/08974454.2023.2271464
  666fabf27e8d7920eeb2 | https://files.kff.org/attachment/womens-health-insurance-coverage-fact-sheet
  66773a488de7fbecd2fd | https://unfe.org/en/know-the-facts/challenges-solutions/lgbtiq-youth-bullying-and-violence-at-school
  669391f18662c52dc0ff | https://urban.org/urban-wire/young-adults-credit-trajectories-vary-widely-race-and-ethnicity
  669aa247b6763f3607f7 | https://luminafoundation.org/resource/hispanic-students-feeling-more-discrimination-at-school
  66a64a7ebcadd2568298 | https://urban.org/sites/default/files/2023-01/Strategies%20for%20Improving%20Public%20Benefits%20Access%20and%20Retention.pdf
  66c3ca44c4087d837af2 | https://sciencedirect.com/science/article/abs/pii/S0743016725003298
  66d8d602bb426a2da49e | https://youtube.com/watch?t=149s&v=sRMQF0M43L4
  677bd0cf0a148a1a1bec | https://saraharberson.com/blog/hidden-factors-that-influence-who-gets-in
  67b5248e81474aa78459 | https://abc10.com/article/money/nerdwallet/how-latino-credit-unions-clear-banking-barriers/606-3e5fa94f-12aa-4ee5-8395-59a1d175544d
  67bff338437c253dc4f8 | https://colegiomirasur.com/en/blog/how-to-prevent-bullying-at-school
  67c1d192c581586c36eb | https://bullyingnoway.gov.au/understand/risk-factors
  67d236b3f9a1db1994a0 | https://cbalaw.org/newsroom/gender-check-the-box-options-are-expanded-on-federal-forms
  6855e06eda74cf03bbd3 | https://blucurrent.org/blog/factors-to-consider-before-applying-for-a-loan
  688b4b722da795c2b894 | https://pbs.org/newshour/politics/gender-dysphoria-covered-by-americans-with-disabilities-act-federal-court-rules
  688f1532e5b974614683 | https://newsnetwork.mayoclinic.org/discussion/health-disparities-in-preventive-screenings-for-african-americans
  68a2d27da7bb1bedd025 | https://pt.nclrights.org/our-work/racial-economic-justice/criminalization-incarceration
  68d2bf1aa71ddc5cfea3 | https://endhomelessness.org/blog/recognizing-women-experiencing-homelessness-a-womens-history-month-spotlight-on-downtown-womens-center
  68e5703b0099bb1bc3f2 | https://scholarworks.brandeis.edu/esploro/outputs/journalArticle/Predictors-of-Housing-Instability-in-Women/9924207486301921?institution=01BRAND_INST&recordUsage=false&skipUsageReporting=true
  69057c578a82e643e33e | https://mdpi.com/2076-328X/16/4/479
  6941b1f3f5f4fc565c16 | https://tgpdenver.org/publications/blog.html/article/2025/08/29/the-overlooked-connection-between-disability-and-homelessness
  6942a0dd184d3fcee471 | https://equityinhighered.org/resources/ideas-and-insights/segregation-in-higher-education-and-unequal-paths-to-college-completion-implications-for-policy-and-research
  695cee562bc36067bbe2 | https://vitalcitynyc.org/police-firearm-use-gender-differences
  69931e68a0b89a9dbb3b | https://healtheasy.umn.edu/BBB
  69aa89e265f526daa136 | https://pubmed.ncbi.nlm.nih.gov/22081983
  69b8d04f81df50ec9165 | https://cacp.gatech.edu/sites/default/files/2020-02/Barriers%20to%20Employment.pdf
  69d2cb6911a7d386e65c | https://them.us/story/lgbtq-finances-bills-economic-insecurity
  69de10aa8e292352d824 | https://sentencingproject.org/app/uploads/2022/08/The-Color-of-Justice-Racial-and-Ethnic-Disparity-in-State-Prisons.pdf
  69defa686d35ec12ae06 | https://pmc.ncbi.nlm.nih.gov/articles/PMC5509345
  69ee0bc4fb4bbf853358 | https://bhr-navigator.unglobalcompact.org/issues/discrimination
  6aaf24f513c87f078bb3 | https://iyi.org/resources/how-does-bullying-affect-females-in-school
  6ab6ee490135359196fe | https://theiacp.org/sites/default/files/2018-08/CPRP_Deconstructing%20the%20Power%20to%20Arrest_FINAL.PDF
  6abb00083ecdf3ca14c6 | https://mdpi.com/2072-6643/15/3/766
  6b2ee9f1b985a343c2fb | https://pmc.ncbi.nlm.nih.gov/articles/PMC7358016
  6b3f39c4ffbdcae00fe6 | https://youtube.com/watch?t=92s&v=UZJ4BPaFpdI
  6b55561d1a89cdc02051 | https://chcf.org/resource/2022/08/09/identifying-and-understanding-ways-to-address-the-impact-of-racism-on-patient-safety-in-health-care-settings
  6b6f1f00596dcb2f0875 | https://urban.org/urban-wire/three-trends-lgbtq-homeownership-gaps-underscore-research-and-policy-needs
  6b7bdeace7ff87a1e7b8 | https://consumerfinance.gov/consumer-tools/credit-reports-and-scores/credit-discrimination-is-illegal
  6b990a507fcf3232c4bd | https://experian.com/blogs/ask-experian/lgbtq-financial-inclusion
  6bc54d0b43b2550e1a49 | https://scholarworks.seattleu.edu/cgi/viewcontent.cgi?article=1140&context=magis
  6bd5b101ab4c952b731d | https://files.eric.ed.gov/fulltext/EJ1115090.pdf
  6bd9339ff4ffd72fcca1 | https://pmc.ncbi.nlm.nih.gov/articles/PMC10815774
  6c02899330d2ab3e69ea | https://pmc.ncbi.nlm.nih.gov/articles/PMC10885085
  6c1bd05280acf9d1231d | https://careerhub.students.duke.edu/blog/2025/02/03/how-can-i-advance-my-career-as-a-latino-professional
  6c4b93694bc098c77da8 | https://deloitte.com/us/en/insights/industry/financial-services/accessible-banking-for-disabled.html
  6c6b80bdf56a8949336f | https://ehealthscreenings.com/blog/10-reasons-why-americans-dont-prioritize-preventative-care
  6ca719c33fb003e6a5e5 | https://tandfonline.com/doi/full/10.1080/02673037.2025.2492781
  6cb218a3b3f50c959e2b | https://endhomelessness.org/blog/homelessness-and-black-history-access-to-housing
  6cbb226c2690ac0effde | https://weforum.org/stories/financial-and-monetary-systems/women-access-financial-services
  6cd4edf075667051948e | https://transcanwork.org/news/span-classsqsrte-text-color-blackwhy-trans-employees-face-barriers-to-career-advancementnbspspan
  6cf074b5d55000c1fb4c | https://opportunityinsights.org/paper/creditaccess
  6cf44686efa888af8004 | https://minneapolisfed.org/article/2021/barriers-to-basic-financial-services-perpetuate-persistent-economic-gaps
  6cfba1f14fe81a790660 | https://news.iastate.edu/news/lower-approval-rates-higher-finance-fees-evidence-discrimination-same-sex-borrowers
  6d0f0df0b034d7e2da6f | https://crimrxiv.com/pub/l7ryrekw/release/1
  6d227b7c7631275ba229 | https://davisvanguard.org/2026/08/california-police-perceived-transgender-disparities?__cf_chl_rt_tk=QbMYuGRYnS8ykpMqz3jF6UcZjCDPNEzd_.ZA87rmnkE-1790610712-1.0.1.1-jQhTZ2uFcpxsG9yQ9FrzSnmD7G1m510E3._IBC9EHHM
  6d5aa7d65b5836a06bef | https://pmc.ncbi.nlm.nih.gov/articles/PMC3057365
  6d7fc7bd39c6666c48e5 | https://tandfonline.com/doi/full/10.1080/26379112.2024.2357996
  6dad065802e5747bfe76 | https://pmc.ncbi.nlm.nih.gov/articles/PMC12691752
  6dc4129a249730451afc | https://eeoc.gov/chart-risk-factors-harassment-and-responsive-strategies
  6dd523fdc7d39390fb3b | https://share.google/MJICbg8unL0SMVoMF
  6e013b30ac05731da7b1 | https://shvs.org/resources/new-federal-rules-affecting-coverage-of-treatment-for-gender-dysphoria-considerations-for-states
  6e30322dc431bb70830e | https://pmc.ncbi.nlm.nih.gov/articles/PMC11352361
  6e39cf8a45813c6b916f | https://thetrevorproject.org/research-briefs/homelessness-and-housing-instability-among-lgbtq-youth-feb-2022
  6e5da80710dca82134a2 | https://williamsinstitute.law.ucla.edu/wp-content/archive/Impact-LGBT-Support-Workplace-May-2013.pdf
  6e9258a31420e74e5187 | https://bestcolleges.com/news/gender-inequity-in-selective-college-admissions
  6eb13ce75e0ef9c61845 | https://ed.gov/laws-and-policy/civil-rights-laws/disability-discrimination/disability-discrimination-key-issues/disability-discrimination-equal-access-opportunities
  6ebb0570c2e90e158080 | https://nlc.org/article/2023/06/30/housing-for-lgbtqia
  6f62e3b6f9c7eb9d3742 | https://pmc.ncbi.nlm.nih.gov/articles/PMC8312312
  6f86d9a5b2255bd4bcf2 | https://youtube.com/watch?t=17s&v=h4JhTOwNq-s
  6f8afea238fc3e87f518 | https://comcastnewsmakers.com/Videos/2023/11/30/Disability-Rights-and-the-Criminal-Justice-System
  6fbf58d7a57b3f9d15d8 | https://homelessness.ucsf.edu/LatineCAreport
  6fe01e1114508e2d06c8 | https://tacqe.com/employer-practices-for-hiring-people-with-disabilities-factsheet
  6fedd2c76add6f36ccb1 | https://thearc.org/our-initiatives/criminal-justice
  7002247ca26cfe42e980 | https://theconversation.com/the-social-determinants-of-justice-8-factors-that-increase-your-risk-of-imprisonment-203661
  700b83abcede3d0dbea8 | https://bipartisanpolicy.org/report/understanding-and-addressing-racial-and-ethnic-disparities-in-housing
  70591dfbb60ac97a5a5e | https://scale.jobs/blog/career-growth-factors-job-offers
  706ec4e5055c923e2688 | https://afterschoolalliance.org/afterschoolsnack/What-does-the-state-of-educational-opportunity-look-like-in_11-07-2024.cfm
  707cd43c5a7a67a00714 | https://onlinelibrary.wiley.com/doi/10.1111/1744-7941.12377
  708a03b7560b8fdcd685 | https://files.crisesnotes.com/article/navigating-guide-eligibility-benefits-application-success-a-no-nonsense-breakdown
  70cf68b0f32080d61839 | https://govlab.hks.harvard.edu/insight/closing-the-engagement-gap-for-latino-people-experiencing-homelessness
  70d0baa30f9c138edee7 | https://pmc.ncbi.nlm.nih.gov/articles/PMC10799604
  710d00af8f0893ee55b8 | https://endhomelessness.org/a-shortage-of-affordable-housing
  71133d110608e33dbf60 | https://kff.org/womens-health-policy/womens-health-insurance-coverage
  7133012652877a696b27 | https://poverty-action.org/what-we-know-about-womens-access-credit-and-what-ipa-doing-about-it
  715251ecd028f2662dae | https://disabilityevidence.org/questions-evidence/how-do-we-overcome-barriers-accessing-higher-education-people-disabilities
  7163115964ac99af7373 | https://rand.org/pubs/articles/2022/the-impact-of-racism-on-patient-safety.html
  71b27d8af50f5c0840a9 | https://dfs.ny.gov/consumers/health_insurance/transgender_healthcare
  71b350c38ab91dac3239 | https://washington.edu/populationhealth/2023/09/25/measuring-the-psychological-impact-of-administrative-burdens-on-transgender-people
  71b84221cd5530cbed25 | https://aafp.org/about/policies/social-determinants-health-family-medicine-position-paper
  71c2bdb5bf0bf3c60a19 | https://toptieradmissions.com/the-gender-gap-in-college-admissions
  71daf7c39e2ae50de7e2 | https://wotmnetwork.org/empowering-through-education
  71e916c2cda05b386fd6 | https://hispanicstudiesreview.cofc.edu/article/123156-some-perspectives-on-university-challenges-for-latinx-undergraduates
  71fb1be64f45c84ffaef | https://gov.uk/government/publications/lgbt-peoples-experiences-of-homelessness/lesbian-gay-bisexual-and-transgender-peoples-experiences-of-homelessness
  72437fc07e8b32125f89 | https://habitat.org/historic-housing-discrimination-us
  7243a793f8acc09caea0 | https://womensworldbanking.org/insights/womens-financial-inclusion-hub-evidence-tools-and-insights-for-action
  72e83dae03e131415d93 | https://pmc.ncbi.nlm.nih.gov/articles/PMC12625391
  72fda1742f18470b7e62 | https://ncbi.nlm.nih.gov/books/NBK259474
  730d92f0d0b1aff41db8 | https://ussc.gov/research/research-reports/2023-demographic-differences-federal-sentencing
  73add64626368074a6a1 | https://pmc.ncbi.nlm.nih.gov/articles/PMC1447111
  73d32ad134694ceeffc2 | https://pmc.ncbi.nlm.nih.gov/articles/PMC12428156
  73d473292be84136e0f4 | https://ncld.org/understand-the-issues
  74014d98c8648ea4bb26 | https://merlininvestor.com/2024/03/20/unveiling-the-factors-driving-the-gender-gap-in-financial-inclusion
  7452ff2090f7e9864e0b | https://pubmed.ncbi.nlm.nih.gov/12529894
  75550cb15975d1907d84 | https://psychologytoday.com/us/blog/lgbtq-affirmative-psychology/202306/key-factors-related-to-lgbtq-bullying
  7583c97e26041fb937bc | https://tandfonline.com/doi/abs/10.1080/00918369.2021.1921508
  758450027363eec66609 | https://prisonpolicy.org/blog/2021/03/02/lgbtq
  75b4427873c3f1371d79 | https://pmc.ncbi.nlm.nih.gov/articles/PMC12218944
  75e307ba197c819f5c43 | https://openurl.ebsco.com/EPDB%3Agcd%3A9%3A31152617/detailv2?crl=f&id=ebsco%3Agcd%3A185099786&jrnl=00945145&link_origin=www.google.com&sid=ebsco%3Aplink%3Acrawler-gcd
  7618caa4e5011b2ad3cc | https://cgap.org/topics/women-financial-inclusion
  763d493ca01b150c0a86 | https://journalistsresource.org/education/race-neutral-alternatives-affirmative-action-college-diversity
  7679a641c47a323d2cd2 | https://pacer.org/bullying/info/stats
  769e63cc4e4dbf821776 | https://unidosus.org/wp-content/uploads/2021/07/lb_credit.pdf
  76a6212482e1e9e96dbd | https://urban.org/urban-wire/five-reasons-mass-incarceration-queer-issue
  76a999c4cf405750f6b8 | https://pubmed.ncbi.nlm.nih.gov/31520237
  76bb9d3f64c802dbb542 | https://habitat.org/our-work/impact/literature-review-gender-equity
  77104fe421bc68a94cc4 | https://ppic.org/publication/racial-disparities-in-law-enforcement-stops
  7730428225e788e469fa | https://pubmed.ncbi.nlm.nih.gov/42073842
  77498e1ba47b88ee35f8 | https://hostalky.com/resources-hub/your-health/what-is-preventive-care
  77ce4b3f85ade59eea84 | https://hispanicresearchcenter.org/research-resources/state-tanf-policies-practices-overview-administrative-burdens-latino-families
  77f600d5708d2cd1006b | https://sciencedirect.com/science/article/pii/S0167268125000873
  7808fe610ad3a698e566 | https://files.crisesnotes.com/article/the-essential-guide-managing-your-benefits-renewals
  7818703d419dc17e343b | https://uhc.com/understanding-health-insurance/understanding-health-insurance-costs/types-of-health-insurance-costs/how-insurance-premiums-work
  78565ed65f3d04ed104f | https://journals.sagepub.com/doi/10.1177/14705958231180044
  7875af1e27f3b33c6e41 | https://opportunityinsights.org/wp-content/uploads/2025/07/CreditAccess_Nontech.pdf
  78a455188f30e64ca05f | https://nationaldisabilityinstitute.org/wp-content/uploads/2018/12/access-credit-brief.pdf
  78d086521ed6af3cc131 | https://disabilityadvice.org/ssdi/approval-process/approval-by-age
  78eb386810fd108281a7 | https://americanprogress.org/article/the-medicaid-program-and-lgbt-communities-overview-and-policy-recommendations
  790de1d59c2ba19e552a | https://beckerspayer.com/payer/how-to-close-the-gap-why-members-avoid-preventive-care
  79449cc23749d1c53e3d | https://endhomelessness.org/systemic-racism-and-marginalization
  79fb5c662049e1c3df26 | https://pfva.org/what-leads-to-homelessness-top-causes
  7a22947a9741ec5a7621 | https://pmc.ncbi.nlm.nih.gov/articles/PMC8909748
  7a4dd3a46a4ac0628a1f | https://journals.sagepub.com/doi/10.1177/27526461221092429
  7a53c957814caa0b14e6 | https://academybank.com/article/banking-trends-and-the-us-latino-population
  7a800d272f1d22c267ef | https://nationalmortgageprofessional.com/news/racial-gaps-mortgage-denials-persist-despite-industry-progress
  7a8bd4474918da996d77 | https://tandfonline.com/doi/full/10.1080/13803611.2016.1256222
  7aa1980ab5444f126c85 | https://unitedwaynca.org/blog/racial-inequality-in-education
  7aa93850bc8443c18b0b | https://youtube.com/watch?t=282s&v=09Ks_25Saao
  7acb0dc72ed57b557ac3 | https://link.springer.com/article/10.1007/s10612-025-09828-1
  7af7226db00e20910897 | https://nacdl.org/Content/Race-and-Policing
  7b31d110d7e9e52f7937 | https://pmc.ncbi.nlm.nih.gov/articles/PMC10323066
  7b4ea65cb2fdda253d6c | https://pmc.ncbi.nlm.nih.gov/articles/PMC11032108
  7b5cde8fca663e2c5c6f | https://ebsco.com/research-starters/politics-and-government/employment-among-african-americans
  7b6af59c95d8bfc70b31 | https://pmc.ncbi.nlm.nih.gov/articles/PMC6661108
  7b79548a363fff99a19e | https://kff.org/racial-equity-and-health-policy/health-coverage-by-race-and-ethnicity
  7c1d9a3341e5da85367f | https://kitchenerexecutive.com/5-factors-that-impact-successful-recruitment-and-hiring
  7c422a7456f54535b16b | https://tandfonline.com/doi/full/10.1080/26895269.2026.2656940
  7c454196835a01621ed2 | https://hhs.gov/black-history-month/reading-list/index.html
  7c6121a09f4512295bbe | https://linkedin.com/top-content/education/education-and-child-development/how-socioeconomic-factors-affect-education
  7c71eb0a5134fdcf1034 | https://pmc.ncbi.nlm.nih.gov/articles/PMC11907768
  7c89c2adfae318c12ee9 | https://forbes.com/sites/michaeltnietzel/2026/02/04/five-things-the-new-data-about-race-conscious-college-admissions-tell-us
  7cc8d77923b6b2dad0b3 | https://them.us/politics/transgender-federal-employees-lawsuit
  7d67824f93b0a6790db5 | https://bja.ojp.gov/sites/bja/files/Publications/WomensPathwaysToJail.pdf
  7d9ba47003bc8c4b6738 | https://salud-america.org/latinos-and-the-state-of-unemployment-insurance-and-government-benefits
  7dadd6508fd6537c5b31 | https://sciencedirect.com/science/article/abs/pii/S0190740924002147
  7db7f063d6eb3c15307e | https://nclc.org/wp-content/uploads/2016/05/20240227_Issue-Brief_Past-Imperfect.pdf
  7dc305148bfd462cc480 | https://violence.chop.edu/bullying-schools
  7de5ea1950da89473ae3 | https://pmc.ncbi.nlm.nih.gov/articles/PMC11319094
  7ebddbb6775ff7d42a81 | https://journalofethics.ama-assn.org/article/clinicians-racial-biases-pathways-iatrogenic-harms-black-people/2022-08
  7ef55489c85cb1d2203a | https://ldi.upenn.edu/our-work/research-updates/breaking-the-link-between-disability-and-incarceration
  7f02bbe6b85e4e97ec5f | https://takecommandhealth.com/blog/blog/how-health-insurance-premiums-are-calculated
  7f16464421be81c16123 | https://sentencingproject.org/fact-sheet/incarcerated-women-and-girls
  7f1f54904d34251b89de | https://everycrsreport.com/reports/R45979.html
  7f21752a77eb75d12bfa | https://pmc.ncbi.nlm.nih.gov/articles/PMC12088145
  7f253b8858c6654f4a7b | https://specialneedsanswers.com/accessible-housing-basics-guide-for-people-with-disabilities-21554
  7f2addd648e20c608504 | https://chicagobooth.edu/review/racial-bias-hiring
  7f889414f7b3045a9465 | https://policycommons.net/artifacts/4572272/administrative-burdens-and-economic-insecurity-among-black-latino-and-white-families/5395861
  7fc231abb74f93990c02 | https://hrc.org/
  7fe698313a06f31bc42f | https://linkedin.com/blog/member/career/dismantling-barriers-to-career-advancement-for-latinos
  801a28453709aa103c6f | https://emerald.com/ijm/article/39/4/581/148816/What-drives-hiring-discrimination-against
  802ed60fe784875743bf | https://prisonpolicy.org/blog/2024/06/04/lgbt_incarceration
  8039ac50558d8e9d67c4 | https://urban.org/sites/default/files/2025-08/Landscape_Analysis_of_Public_Benefit_Enrollment_Approaches_in_the_US.pdf
  8044a766e6559e332dc7 | https://prisonpolicy.org/research/lgbtq
  808b9ef2926ce9d0c9d9 | https://avp.org/wp-content/uploads/2017/04/FORGE_Trans_People_Police_Incarceration_Facts.pdf
  80bcc2329d8ddad43371 | https://unitedwayla.org/news/housing-inequality-within-the-lgbtq-community
  80ebb38dc76d8be29252 | https://aclu.org/news/racial-justice/the-long-history-of-discrimination-in-job-hiring-assessments
  80ef5546326880e40115 | https://pmc.ncbi.nlm.nih.gov/articles/PMC9322545
  80fd3130802ea248e5d6 | https://ssa.gov/policy/docs/ssb/v85n3/v85n3p1.html
  8112c616c93f4f6dc264 | https://safetyandjusticechallenge.org/blog/what-is-behind-the-overrepresentation-of-people-who-identify-as-lgbtq-in-the-criminal-legal-system
  81222072f994e7dfe62c | https://highereddive.com/news/racial-ethnicity-higher-education-college-2024/716665
  814b499c56030da76e5b | https://digitalgovernmenthub.org/library/strategies-for-improving-public-benefits-access-and-retention
  817957efcb5351dea826 | https://bipartisanpolicy.org/report/housing-supply-and-homelessness
  818a3e772d18cde98eee | https://chrt.org/publication/housing-crisis-magnified
  81a93b1da81732f64fee | https://endhomelessness.org/resources/sharable-graphics/racial-inequalities-homelessness-numbers
  81d202d702686e821737 | https://nacdl.org/Content/Race-and-Sentencing
  82366955ac87972de709 | https://casrf.org/post/breaking-barriers-through-access-to-education
  8244413aea585fd0ee5d | https://educationsupport.org.uk/resources/for-individuals/guides/bullying-and-harassment
  82614369e1ad8f8d31ca | https://researchgate.net/publication/360692134_The_effect_of_administrative_burden_on_state_safety-net_participation_Evidence_from_food_assistance_cash_assistance_and_Medicaid
  8296ac7047c58ddb9741 | https://mitsloan.mit.edu/ideas-made-to-matter/to-keep-employees-focus-career-advancement
  82baf099d99ab62f07f8 | https://sciencedirect.com/science/article/am/pii/S0160252720300285
  82d0156a8592e50ebf9b | https://19thnews.org/2023/04/lgbtq-finances-bills-economic-insecurity
  82ed2c3257a4974f88ec | https://latinopolicyforum.org/housing
  82ff31bfeb455e00be26 | https://brookings.edu/articles/latinos-and-the-future-of-finance-why-we-need-to-examine-the-motivations-and-effects-of-latinos-fintech-adoption
  833d8196d72d4faa41e5 | https://hispanicpro.com/profiles/blogs/latinos-on-the-rise-career-power-moves-in-2025
  83411753bc19d954c68f | https://americanprogress.org/article/systematic-inequality
  8385cc89304bf1335605 | https://prisonpolicy.org/racialgeography/report.html
  838799bc00522a04fbec | https://naacp.org/resources/racial-disparities-medicaid-reenrollment
  83bc7767b1c271ff20c8 | https://bristol.ac.uk/media-library/sites/geography/pfrc/documents/fwb-of-disabled-people-essential-services.pdf
  83c05e21a0d53c312115 | https://nature.com/articles/s41599-023-01936-z
  83c8b5f3c1ebd9e92708 | https://pmc.ncbi.nlm.nih.gov/articles/PMC10834057
  83d895937bb30578d610 | https://endhomelessness.org/resources/toolkits-and-training-materials/how-providers-can-address-homelessness-among-gender-expansive-people
  83eb4980a1e130d9237c | https://cbpp.org/research/food-assistance/improving-snap-and-medicaid-access-snap-renewals
  843479b7342d14d3e40c | https://brossfrankel.com/blog
  84381366e921dd26218e | https://povertyactionlab.org/evaluation/discrimination-job-market-united-states
  84a1efdfceb4752f5813 | https://workassist.in/blog/what-are-the-factors-that-affect-the-recruitment-process
  84b5f42e410aaa0a3300 | https://uncf.org/pages/k-12-disparity-facts-and-stats
  84f89ff1458be1bfa930 | https://transgenderlawcenter.org/resources/prisons
  85079b298b614bbf0cbb | https://newamerica.org/insights/financial-inclusion-and-access-within-the-latino-immigrant-community
  8528f7fc73279817293b | https://cbpp.org/research/housing/addressing-the-housing-affordability-crisis-requires-increasing-housing-supply-and
  853c76519358a581bde7 | https://pmc.ncbi.nlm.nih.gov/articles/PMC9617098
  855b1786e434f5d3c79f | https://youtube.com/watch?t=55s&v=0Y8nkKlxvzE
  85a05533b7951f3fcf96 | https://tcf.org/content/report/racism-inequality-health-care-african-americans
  85bf8e8aa2e3dd15b305 | https://cdiaonline.org/cdia-statements/2022/02/02/credit-reporting-industry-helping-transgender-and-nonbinary-individuals-prevent-potential-disruptions-to-their-credit
  860e6cb23f65cbc4a2de | https://pmc.ncbi.nlm.nih.gov/articles/PMC10984377
  866082191518cc0423d8 | https://journals.sagepub.com/doi/10.1177/0731948717690115?int.sj-abstract.similar-articles.8=
  86f397f51f4f585a4109 | https://bdplaw.com/insights/best-practices-for-employers-accommodating-transgender-workers
  870aa49b89bc34a73d79 | https://pmc.ncbi.nlm.nih.gov/articles/PMC6603960
  871e4477e40072f47568 | https://pmc.ncbi.nlm.nih.gov/articles/PMC11812675
  87411315d209792c5506 | https://ncan.org/Web/News/539190
  87cb728b8e03bc5e7c78 | https://canada.ca/en/women-gender-equality/gender-equality/facts-stats-impact.html
  880628d7ec194544a938 | https://alis.alberta.ca/tools-and-resources/resources-for-women/career-advancement-strategies-for-women
  8824e4008cdf0ea2b49b | https://latino.ucla.edu/research/american-dream-deferred
  886609664ef2d420eb84 | https://cbcfinc.org/capstones/economic-opportunity/a-net-with-gapping-holes-unemployment-insurance-and-racial-inequality
  88859c6d2d79781ed790 | https://shelteringgrace.org/the-unique-challenges-of-women-facing-homelessness
  88cce15387efc3379849 | https://pmc.ncbi.nlm.nih.gov/articles/PMC12895444
  88d111577fbc186be2a5 | https://cbpp.org/blog/eliminating-structural-barriers-can-improve-latino-peoples-access-to-health-coverage
  892900986fcb922b008b | https://transequality.org/issues/resources/failing-to-protect-and-serve-police-department-policies-towards-transgender-people
  897258a90e31a5f433b0 | https://usnews.com/education/best-colleges/articles/2018-11-02/how-gender-influences-college-admissions
  898722d0754e86359658 | https://ohchr.org/en/statements-and-speeches/2019/10/inclusion-lgbt-people-education-settings-paramount-importance
  89ae2059cdbf831bc6d0 | https://americanhealth.jhu.edu/news/undercounted-survivors-intimate-partner-violence-who-are-experiencing-homelessness
  89b00a5f07fe2325e4f8 | https://womensworldbanking.org/wp-content/uploads/2022/12/Check-Your-Bias-A-Field-Guide-for-Lenders.pdf
  89decfa5c15aec8c9c91 | https://youtube.com/watch?t=105s&v=-oJPcnpXONA
  8a017f22833bba87f0fd | https://pmc.ncbi.nlm.nih.gov/articles/PMC4524744
  8a096aee0a6e9c899ee1 | https://crimrxiv.com/pub/spfg4hk6
  8a193db7364cccbc3731 | https://hbtbank.com/personal-banking/five-factors-that-impact-your-credit-score
  8a1d357c50e1c67ba9dc | https://academic.oup.com/gerontologist/article/65/9/gnaf158/8165435
  8a42c6ab08510e278619 | https://libertystreeteconomics.newyorkfed.org/2024/01/an-overlooked-factor-in-banks-lending-to-minorities
  8a87ad985d5c093a724e | https://aibm.org/research/male-college-enrollment-and-completion
  8aeae1553b9c47c67d08 | https://pmc.ncbi.nlm.nih.gov/articles/PMC10241469
  8bb2e11118714dd19386 | https://youtube.com/watch?v=u1GsuawCmes
  8c14e8282edc19771c78 | https://spero.academy/news/01gg8h7ys8dqvya21rbs5gxkrk/bullying-in-special-education-what-it-is-and-how-to-help
  8c3b64f3a55a5bd27dff | https://pegalislawgroup.com/patient-safety-concerns-in-the-lgbtqia-community
  8c3dfe0587e687b22c00 | https://binghamton.edu/news/story/6105/people-in-need-of-disability-benefits-are-facing-new-barriers-and-government-cuts-and-overhauls-are-to-blame
  8c700dbdd65b91a02243 | https://linkedin.com/top-content/career/career-advancement-tips/factors-influencing-career-advancement-opportunities
  8c85fca2e5d2bf577e9d | https://tcf.org/content/commentary/equitable-insurance-coverage-and-access-can-advance-lgbt-health
  8c8c92f29590dee34454 | https://academic.oup.com/policing/article/doi/10.1093/police/paag042/8758841?rss=1
  8c9da808e93a756227f4 | https://inspiredhr.ca/the-reason-men-are-more-likely-to-get-noticed-by-job-recruiters-according-to-study
  8ca484824103e117a45c | https://pmc.ncbi.nlm.nih.gov/articles/PMC11194545
  8ccf054497b17170cbb9 | https://pmc.ncbi.nlm.nih.gov/articles/PMC12513714
  8cf3998227ccd6fc035f | https://sciencedirect.com/science/article/pii/S0047235221000490
  8cffc442ce1c61bfdcf6 | https://catalog.results4america.org/strategies/reducing-obstacles
  8d20d9eac559d6a2f6c2 | https://abdominalkey.com/health-seeking-behavior-and-meeting-the-needs-of-the-most-vulnerable-men
  8d4b74f96737f9c79531 | https://nationaldisabilityinstitute.org/financial-resilience-center/credit
  8dd648368634b56c910d | https://evidencebasedliving.human.cornell.edu/blog/what-we-know-about-trans-youth-and-bullying
  8dfe5b9e603cc0dd5761 | https://washingtonblade.com/2026/09/29/hrc-report-lgbtq-students-face-far-greater-challenges-in-non-supportive-states
  8e01a430ea226b4376f8 | https://pmc.ncbi.nlm.nih.gov/articles/PMC5744605
  8e826658d254e179b259 | https://pmc.ncbi.nlm.nih.gov/articles/PMC4195149
  8e86245734cefba81b49 | https://brookings.edu/articles/homeownership-racial-segregation-and-policies-for-racial-wealth-equity
  8edae5e9194a99abfaea | https://youtube.com/watch?t=280s&v=nhSuxrHmY3k
  8f0cded8bda2ad03ab7f | https://cpc.unc.edu/news/study-hiring-pressures-to-diversify-influencing-patterns-of-discrimination-in-unexpected-ways
  8f4d8feda1fadba3c2b1 | https://ccrw.org/wp-content/uploads/2024/10/Career-advancement-pathways-for-workers-with-disabilities_CCRW_Trends-Report-2024.pdf
  8f6244d3d1e18e7448ae | https://sageusa.org/news/cfpb-protects-lgbt-people-with-ecoa
  8fb45546bd08fbeb9430 | https://usich.gov/sites/default/files/document/Housing-Affordability-and-Stablility-Brief.pdf
  8fc8459f46000eeae2d8 | https://urban.org/urban-wire/three-obstacles-federally-assisted-housing-programs-need-overcome-better-serve-residents-disabilities
  8fe463b2c38f0da93cdb | https://qz.com/1074565/why-employers-favor-men
  902200e0130085037aa3 | https://direct.mit.edu/euso/article/27/1/144/125848/Escape-from-home-The-moderating-role-of-sexual
  9048acef1bf86fd9400d | https://pmc.ncbi.nlm.nih.gov/articles/PMC8576989
  9056f0eceb1516811740 | https://eeoc.gov/prohibited-employment-policiespractices
  9065dc668396db3d6456 | https://urban.org/sites/default/files/2024-04/How_Do_Financial_Attitudes_and_Preferences_Vary_among_Latine_Consumers.pdf
  90708852666a1c4ed72c | https://stlpr.org/health-science-environment/2025-11-17/barriers-block-snap-and-medicaid-users-from-keeping-vital-benefits-survey-finds
  908011afde0c994df163 | https://share.google/264J3fuqMhSrNbEKo
  90c9f9105aae8bab00e4 | https://pmc.ncbi.nlm.nih.gov/articles/PMC11756264
  9168e3a7f0519de2c77c | https://jamanetwork.com/journals/jamainternalmedicine/fullarticle/2825357
  919f34b891778265a4a8 | https://synchrony.com/blog/bank/financial-literacy-hispanic-communities
  91bab48e336f57d3d6d1 | https://fryer.scholars.harvard.edu/publications/empirical-analysis-racial-differences-police-use-force
  91cc46cfa99798f4185e | https://ncan.org/Web/News/Despite-Progress-Women-in-Higher-Ed-Still-Face-Barriers
  923289dcffd09ada822f | https://traviscu.org/My-Life/Blogs/Financial-Wellness/May-2024/Calculate-Impact-of-Credit-Score-on-Loans
  9281c3e7ecadb91b38f6 | https://pmc.ncbi.nlm.nih.gov/articles/PMC10955934
  92868aa8acb452aa530d | https://scholarworks.merrimack.edu/cgi/viewcontent.cgi?article=1138&context=soe_student_ce
  92943eed3357bf30bfc3 | https://prestigepeo.com/blogs/job-quality-hispanic-latino-community
  92fc1ab90e105172fad2 | https://pmc.ncbi.nlm.nih.gov/articles/PMC10142323
  933739b4b355abaed2c0 | https://pmc.ncbi.nlm.nih.gov/articles/PMC12729088
  93c69c6c394b0dcca473 | https://ncbi.nlm.nih.gov/books/NBK596400
  93cf8d468a95d18c97b6 | https://hivjustice.net/news-from-other-sources/usa-new-report-shows-lgbtq-minorities-face-discriminatory-laws-and-arrests
  93e0b5a3a8853a4e22cf | https://fdic.gov/consumer-resource-center/2023-03/financial-empowerment-and-inclusion
  940a0741def5fe42d0d4 | https://pmc.ncbi.nlm.nih.gov/articles/PMC4290787
  945b71b0515865939cca | https://urban.org/urban-wire/these-five-facts-reveal-current-crisis-black-homeownership
  9460109b178358db6e38 | https://rrapp.spia.princeton.edu/how-credit-scoring-reproduces-racial-inequality
  94680cdd57c9620b2cc7 | https://openknowledge.worldbank.org/handle/10986/8833
  94b7dadce6b5f7046a8d | https://lewitthackman.com/transgender-rights-in-the-workplace-a-guide-for-employers-to-protect-against-harassment-discrimination
  94df1d3401f7a478c0b1 | https://digitalcommons.calpoly.edu/cgi/viewcontent.cgi?article=1008&context=coe_dean
  94f6b3560e1e96e0124e | https://dol.gov/agencies/ebsa/about-ebsa/our-activities/resource-center/publications/women-and-retirement-savings
  95327bddeb623f2654b7 | https://psychologytoday.com/us/blog/gender-and-schooling/202502/what-can-help-teachers-intervene-in-anti-lgbtq-harassment
  9535022a5ffb99a005e5 | https://cbpp.org/research/food-assistance/wics-critical-benefits-reach-only-half-of-those-eligible-0
  954e907399c977ef416a | https://iaap-journals.onlinelibrary.wiley.com/doi/10.1111/apps.70103?af=R
  9555d9d6e09e429ff73a | https://sentencingproject.org/reports/the-color-of-justice-racial-and-ethnic-disparity-in-state-prisons-the-sentencing-project
  956944391cbc9a530353 | https://swartz-legal.com/8-types-of-workplace-harassment-and-how-to-stop-them
  956aeb19dcdb28e98afe | https://nlihc.org/explore-issues/why-we-care
  957084c2e0477094ccfe | https://publichealthpost.org/health-equity/students-of-color-are-disproportionately-bullied-and-harassed-at-school
  95967edc820ed34283cc | https://pmc.ncbi.nlm.nih.gov/articles/PMC11821434
  95e23011c3ababc6a7c9 | https://urban.org/urban-wire/disability-justice-isnt-possible-without-housing-justice
  95e54342711ae0aeb49d | https://nelp.org/insights-research/occupational-segregation-of-black-women-workers-in-the-u-s
  95e8aca593ad0b1471a0 | https://bankrate.com/credit-cards/news/credit-cards-and-race-statistics
  961678a704d22db46663 | https://pmc.ncbi.nlm.nih.gov/articles/PMC9375084
  961e90f4feb0bcd41f05 | https://pmc.ncbi.nlm.nih.gov/articles/PMC3953783
  963e81564704833497bb | https://fletc.gov/use-force-part-ii
  963ec13f414574c07646 | https://prisonpolicy.org/blog/2015/04/08/nap-video
  963fb0ec7b67b3c6c915 | https://researchgate.net/publication/377592331_Fewer_Burdens_but_Greater_Inequality_Reevaluating_the_Safety_Net_through_the_Lens_of_Administrative_Burden
  96437a65a313b21480cf | https://investopedia.com/average-credit-scores-by-race-5214521
  968d05cdbb503aedfb6d | https://savethechildren.org.uk/blogs/gender-inequality-in-education
  9695e9d2e67a958b8fae | https://pmc.ncbi.nlm.nih.gov/articles/PMC11323075
  96a9b3039a1847c67a00 | https://pmc.ncbi.nlm.nih.gov/articles/PMC3270932
  96b91bc8c7566c71ab0c | https://doingcollege.com/resources/top-ten-factors-influencing-college-admissions
  96c81622513ee872906f | https://aspe.hhs.gov/reports/health-insurance-coverage-access-care-latinos
  96e1aa5d1d8f5d57c814 | https://kff.org/racial-equity-and-health-policy/health-and-access-to-care-and-coverage-for-lesbian-gay-bisexual-and-transgender-individuals-in-the-u-s
  96e5f5dd953927f14fae | https://digitalcommons.unomaha.edu/cgi/viewcontent.cgi?article=1132&context=criminaljusticefacpub
  96ea6f0edd68714182b8 | https://law.virginia.edu/news/201705/why-arrest
  96f6079ba144e22cfeca | https://vzlawfirm.com/guide-to-racial-discrimination-in-the-workplace
  975b0fa63e92cef1bd8a | https://cdaa.org.au/CDAAWebsite/Web/Blog/Posts/Career-Development-of-Transgender-and-Gender-Diverse-People.aspx
  97aea39789c23a617380 | https://healthaffairs.org/doi/10.1377/hlthaff.2025.00375
  980dbba8e4f4ad5261b0 | https://pubmed.ncbi.nlm.nih.gov/32946315
  983ab3d26ad7b97fe39a | https://jff.org/blog/skills-based-hiring-alone-wont-advance-racial-equity
  9859a6c614dec4ad2dde | https://williamsinstitute.law.ucla.edu/publications/lgbt-housing-instability
  98dac0da412339e97486 | https://ssa.gov/policy/docs/ssb/v62n2/v62n2p59.pdf
  98ecfcdb32fedc2fbf7b | https://unidosus.org/publications/latinos-access-to-credit-remains-low-and-stratified
  99224d0508786007ccfa | https://universityhealth.com/public-health/factors-shaping-health/economic-stability/housing
  992ae1da0f2dd22a818d | https://pubs.aeaweb.org/doi/pdf/10.1257/jep.20231394
  99640cd5df9e0bc5835a | https://adata.org/research-brief/higher-education-and-ada
  99996a542e770306432e | https://pmc.ncbi.nlm.nih.gov/articles/PMC11227074
  99af1948f1c3afd554e9 | https://aclu.org/news/racial-justice/why-access-to-education-is-key-to-systemic-equality
  99c69d53668c6423d6d7 | https://covenanthouse.org/homeless-issues/lgbtq-youth
  99d8e5e23bbd3e9a9afb | https://pmc.ncbi.nlm.nih.gov/articles/PMC1865113
  99e26747bdd41a1ac5ed | https://aclu.org/issues/racial-justice/race-and-criminal-justice
  9a9832e4b17a35949138 | https://publichealth.jhu.edu/2026/new-study-identifies-racial-inequality-in-us-hospital-admissions
  9a9fe7e6e302049530b6 | https://engineering.stanford.edu/news/understanding-how-racism-and-emotion-impact-affordable-housing-support
  9abdcaaa522304c8940a | https://pmc.ncbi.nlm.nih.gov/articles/PMC10920988
  9acebb2b4972976061b3 | https://jchs.harvard.edu/blog/locked-out-why-homeownership-out-reach-many-young-hispanic-families
  9ad09606649d629f8374 | https://ablelight.org/blog/housing-insecurity
  9ad78ce97758a2ea4a4e | https://youtube.com/watch?t=169s&v=iuzDLci1wF4
  9b1d7a763b31fcd3c2d3 | https://kff.org/wp-content/uploads/2013/01/health-insurance-coverage-and-access-to-care-among-latinos.pdf
  9b4e29ec812746856293 | https://journals.sagepub.com/doi/10.1177/109861119800100403
  9b999a907fd0c2e7d218 | https://journals.sagepub.com/doi/10.1177/00208728251336953
  9bd92a39c6f1fd3bfb75 | https://journals.sagepub.com/doi/10.1177/21651434231154584
  9beebc955155a8d08595 | https://pmc.ncbi.nlm.nih.gov/articles/PMC2826704
  9c24d2589dfff1c4b2af | https://sciencedirect.com/science/article/abs/pii/S0749379714004966
  9c2972660ed14276769d | https://americanbar.org/groups/criminal_justice/resources/magazine/2024-winter/crisis-behind-bars-legal-issues-impacting-transgender-people-prisons
  9c41a280e48ec02f74f9 | https://equalrightscenter.org/equal-access-hud-2026
  9c434a820b3590ceb180 | https://news.illinois.edu/how-are-lgbtq-people-treated-by-law-enforcement
  9c4b78e37ebc9e7d5597 | https://pmc.ncbi.nlm.nih.gov/articles/PMC4425261
  9c805746e577ff080d0d | https://digitalcommons.providence.edu/cgi/viewcontent.cgi?article=1122&context=sbg
  9c81b82c150d8c502c52 | https://youtube.com/watch?t=15s&v=o7yuBCVaX8Q
  9c83fec30b1ed70e82ae | https://pmc.ncbi.nlm.nih.gov/articles/PMC5472072
  9c8778bb46fa8eb44702 | https://americanprogress.org/article/recognizing-addressing-housing-insecurity-disabled-renters
  9ca47d577f21fc79a21d | https://pmc.ncbi.nlm.nih.gov/articles/PMC6120354
  9cb2b8f61c71e0fdfb4d | https://global-solutions-initiative.org/publication/financial-inclusion-for-women-a-way-forward
  9ccf2df7f74c629dd1c1 | https://youtube.com/watch?t=1s&v=ZS5nJJRR2GM
  9cfec005d1e53f63a932 | https://gillbranstetter.medium.com/transgender-people-incarceration-a-guide-for-reporters-ebd3c27feb8a
  9d091f0eefab73b697bc | https://transcen.org/top-10-reasons-to-hire-an-applicant-with-a-disability
  9d4691da4bdd22942dd8 | https://salud-america.org/when-continuous-medicaid-renewal-ended-latinos-and-black-individuals-were-twice-as-likely-to-lose-coverage
  9d819a1c785196dacd28 | https://arxiv.org/html/2405.00895v1
  9d91707d34ac3c96b6fa | https://journals.sagepub.com/doi/10.1177/00380407231182682
  9dbfeda781835561aba8 | https://policylab.rutgers.edu/publication/understanding-low-insurance-rates-among-the-hispanic-population-in-new-jersey
  9dc178fec2d13435a140 | https://desertrockcapital.com/blogs/7-factors-that-affect-loan-approval-beyond-your-credit-score
  9e174cc4ac3524bbc6a6 | https://ivycoach.com/the-ivy-coach-blog/college-admissions/lgbtq-college-admissions
  9e301f63fb50a0a43566 | https://publicintegrity.org/inequality-poverty-opportunity/bias-mortgage-approval-algorithms
  9e4b49becfb9a382018a | https://sciencedirect.com/science/article/abs/pii/S0047235204000637
  9e50b890fa6e5a6b97f2 | https://counciloncj.org/womens-justice-a-preliminary-assessment-of-women-in-the-criminal-justice-system
  9e715f5ab53af741d71d | https://codeforamerica.org/news/getting-clear-answers-about-income-and-household-composition
  9ec721170753e9d1954e | https://nationaldisabilityinstitute.org/wp-content/uploads/2023/07/fdic-credit-factsheet-2023.pdf
  9eeb49b97abaf12ea3ed | https://researchgate.net/publication/309431934_Causes_of_homelessness_prevalence_Relationship_between_homelessness_and_disability
  9eedf36b5c7ef367f8b7 | https://startdisability.com/perspectives/transgender-apply-ssdi
  9ef36a0ea05744e6d3d9 | https://aclu.org/publications/policing-progress-findings-from-a-national-survey-of-lgbtq-peoples-experiences-with-law-enforcement
  9f0abeb059b6e96a6a91 | https://projectnewyorker.org/common-mistakes-people-make-when-applying-for-public-assistance
  9f0d36b534211764ea78 | https://thepeopleconcern.org/the-intersection-of-womanhood-and-homelessness
  9f40d7942e97763d9bea | https://pmc.ncbi.nlm.nih.gov/articles/PMC7552981
  9f6f5d35f02baabf9af0 | https://nycbar.org/get-legal-help/article/public-benefits/social-security-disability-insurance-supplemental-security-income/typical-reasons-for-denial-of-benefits
  9f78543b2ef115bd6b40 | https://pmc.ncbi.nlm.nih.gov/articles/PMC5060404
  9f8d204a6f455a62c29b | https://elitelearning.com/resource-center/physicians/creating-a-friendly-healthcare-environment-for-lgbtq-patients
  9f983c14d9f5c79c2f1f | https://urban.org/research/publication/why-are-there-gaps-lgbtq-homeownership
  9fa8882463c976a334ea | https://uri.edu/news/2025/10/homelessness-rates-vary-sharply-by-race-uri-paper-shows
  9fbb6af46bf8cb60cf6e | https://learningpolicyinstitute.org/topic/equitable-access-and-opportunity
  9fd7da673f5b1acc1cd9 | https://sciencedirect.com/science/article/abs/pii/S0047235225001941
  9fea38e3bc84f57df710 | https://womensworldbanking.org/insights/how-womens-financial-inclusion-contributes-to-financial-stability-and-soundness
  a00e70ab94b153c4de64 | https://azcentralcu.org/blog/financial-challenges-latinos
  a053ebdf4cb1ea352400 | https://researchgate.net/publication/374826969_Education's_Role_in_Empowering_Women_and_Promoting_Gender_Inequality_A_Critical_Review
  a098ab33c6b661976987 | https://youtube.com/watch?v=QKr6o7BBIG0
  a0c1f43ccc60c708707a | https://academic.oup.com/ppar/article/35/4/121/8341057
  a0f32f9d594ccf825a5d | https://economics.yale.edu/sites/default/files/main-july_2016.pdf
  a150cd03541d10e2b999 | https://pmc.ncbi.nlm.nih.gov/articles/PMC12074602
  a151b11edce0efaa06fd | https://all4ed.org/future-ready-schools/emerging-practices-guides/ensuring-equity-access-and-inclusion-for-all
  a166231099c7b016c673 | https://law.georgetown.edu/poverty-journal/blog/anti-lgbtq-discrimination-and-barriers-to-accessing-public-benefits
  a16c66827fff4ce57751 | https://equalrightscenter.org/ada-35-inaccessible-housing
  a174a42949ad20f791de | https://trans.ac.uk/Supporting-Students/Access-to-college-and-university
  a1a96baa89435942845c | https://transequality.org/issues/employment
  a1d174236c5e6d89a912 | https://pmc.ncbi.nlm.nih.gov/articles/PMC7878644
  a21d81284971da170d8f | https://psychologytoday.com/us/blog/shame-nation/201710/how-workplace-bullying-is-impacting-lgbt-employees
  a24a91c0bcbc3fbe2ee3 | https://justia.com/employment/employment-discrimination/transgender-discrimination
  a29201d7438d329e6fd0 | https://pmc.ncbi.nlm.nih.gov/articles/PMC12450489
  a2bbdbc6ea1853bdfdff | https://ncsl.org/civil-and-criminal-justice/conditions-and-rights-for-women-in-jails
  a39ebc8b7647ae97da07 | https://rsfjournal.org/content/10/4/173
  a3e3e13bc23f972343ef | https://pubmed.ncbi.nlm.nih.gov/29910848
  a3eb1462b0e359dbf272 | https://foropportunity.org/how-safety-net-benefits-discourage-low-income-workers-from-escaping-poverty
  a40b1cb4fe4b998ee707 | https://penalreform.org/issues/people-with-disabilities/the-issue
  a436bd3bb670dcfe1d52 | https://cbpp.org/research/social-security/women-and-disability-insurance-five-facts-you-should-know
  a440ac1996fbeabd926c | https://openscholarship.wustl.edu/cgi/viewcontent.cgi?article=1978&context=csd_research
  a49272df19025b655a64 | https://pmc.ncbi.nlm.nih.gov/articles/PMC10260689
  a4fabb274b8f262e3f40 | https://profiles.umsl.edu/ws/portalfiles/portal/39865955/Culturally%20appropriate%20CC%20with%20lbgt.pdf
  a50b21d79c5179336819 | https://ed.gov/laws-and-policy/civil-rights-laws/disability-discrimination/disability-discrimination-key-issues/disability-discrimination-bullying-and-harassment
  a50e50a684921460d76e | https://pmc.ncbi.nlm.nih.gov/articles/PMC8954758
  a54c688a7da606e5dacb | https://ccf.georgetown.edu/2021/06/08/health-coverage-trends-for-latino-children
  a5814d0c3c0dae88d5c5 | https://ssa.gov/pubs/EN-05-10014.pdf
  a59ecd06a34d35790f09 | https://elibrary.imf.org/view/journals/001/2024/150/article-A001-en.xml
  a5ef3321a99ddbcaf5a1 | https://pmc.ncbi.nlm.nih.gov/articles/PMC7430435
  a62e9766b3d4787d4b6f | https://vera-institute.files.svdcdn.com/production/downloads/publications/for-the-record-unjust-burden-racial-disparities.pdf
  a63a231cc2d7ed3cef3f | https://snapguideny.org/maintaining-snap-benefits-recertification
  a642ecd4fe6cf29285fc | https://whijournal.com/article/S1049-3867(08)00108-4/fulltext
  a645c67598936410fbdd | https://tandfonline.com/doi/abs/10.1080/26379112.2024.2357996
  a6521bc05a4d4f69140f | https://cbpp.org/research/income-security/tanf-policies-reflect-racist-legacy-of-cash-assistance
  a662689c18ace93ac072 | https://youtube.com/watch?t=8s&v=hzWciDUKAPA
  a6638c5bf33b828fb736 | https://youtube.com/shorts/nomALgQGD-c
  a667b37e064ad7c02fb5 | https://ewa.org/issues/higher-ed/what-are-some-of-the-barriers-to-college-access
  a673f827bd8515c2fb12 | https://peacehealth.org/healthy-you/preventive-care-different-when-youre-trans-what-know
  a6803a9e72c63b33aa85 | https://info.jff.org/end-occupational-segregation
  a68f210f3811c9cb02ed | https://cgdev.org/sites/default/files/women-and-credit-narrative-review-low-and-middle-income-countries.pdf
  a69b149bd0e234c59396 | https://minorityhealth.hhs.gov/hispaniclatino-health
  a6b8d692e6407a9cfa1f | https://tc.columbia.edu/articles/2024/april/data-reveals-new-insights-on-transgender-workplace-experiences
  a6b906fffbdf5f42d46e | https://scholarworks.wmich.edu/cgi/viewcontent.cgi?article=3074&context=jssw
  a6bda0cf47851d7913d1 | https://hechingerreport.org/facts-about-race-and-college-admission
  a6e4049ec0960f378558 | https://grundydisabilitygroup.com/social-security-disability-insurance-supplemental-security-income-blogs/why-do-most-people-get-denied-for-disability
  a73b4f94270de914ec44 | https://leb.fbi.gov/articles/perspective/perspective-understanding-differing-viewpoints-on-use-of-force
  a7573f2a912406d40e94 | https://ncbi.nlm.nih.gov/books/NBK566081
  a7a5a5726fb82e11c0e8 | https://pmc.ncbi.nlm.nih.gov/articles/PMC4196210
  a7c09eaaa074e865e214 | https://eeoc.gov/small-business-fact-sheet-harassment-workplace
  a7cf0b22818db2d966af | https://pmc.ncbi.nlm.nih.gov/articles/PMC7916133
  a7e14aec13b41a4f1ba7 | https://pmc.ncbi.nlm.nih.gov/articles/PMC8874838
  a801150bbccdbb32d4b0 | https://pressley.house.gov/2023/03/31/pressley-unveils-bill-to-make-credit-reporting-system-more-inclusive-for-trans-nonbinary-folks
  a80ed33f2712d9d7081f | https://sciencedirect.com/org/science/article/abs/pii/S2040714919000470
  a82e3d5f389879509e46 | https://investopedia.com/lgbtq-credit-barriers-7510340
  a83925cf74728a497e32 | https://journals.sagepub.com/doi/10.1177/23780231231215682
  a84db898e6fe1dbfea30 | https://mostpolicyinitiative.org/science-note/education-opportunity-gaps
  a8748d44bca215000236 | https://ragerlawoffices.com/when-disability-discrimination-leads-to-mental-health-crises
  a88d9630d18bf8be7bd2 | https://forbes.com/advisor/business-loans/business-grants-for-women
  a894a12df0d173544a37 | https://scholarworks.harding.edu/cgi/viewcontent.cgi?article=1278&context=tenor
  a89bdda20e1aa35598a6 | https://congress.gov/crs-product/R46825
  a8a2fdc925467baf25c3 | https://journals.sagepub.com/doi/10.1177/10986111221139442
  a8c2f16b7aa3f04b0dcf | https://huduser.gov/PORTAL/Publications/PDF/hisp_homeown8.pdf
  a8d47d35242ebab2ca40 | https://sciencedirect.com/science/article/abs/pii/S0190740920311440
  a910a5cb185c4b04025b | https://google.com/goto?url=CAESbwHrOzAVMGs-Ibxp-Y4UM_nYTR5XvfF8AqmJCpMPqlUKWfpXtzs05UbN26TpluUMp7IkOVx1JjNH4XiOfsBolN766uahMhxg15j0d1DHW8hH3mcn-xGzYa3zcRUtXkig7zzk_tA52QI6F6hxEJVxlA
  a95e2c49206397152c56 | https://pmc.ncbi.nlm.nih.gov/articles/PMC6298818
  a995639359a46e02c0aa | https://pmc.ncbi.nlm.nih.gov/articles/PMC10937607
  a9ab5d0d8486765a4ec9 | https://kff.org/womens-health-policy/lgbt-peoples-health-status-and-access-to-care
  a9d286ddba82123557a0 | https://digitalforwomen.worldbank.org/access-finance
  a9f3d565f7ef7ef5596d | https://pathward.com/news/the-five-cs-of-credit
  a9f56dbbcbe863d609a4 | https://digitalfinance.worldbank.org/topics/gender/action-1
  aa05df10f321b7abd1af | https://pmc.ncbi.nlm.nih.gov/articles/PMC13113952
  aa122174ce21eeec92a2 | https://rand.org/pubs/research_briefs/RB4011.html
  aa369377e3f3d4c0c707 | https://researchgate.net/publication/344487314_Factors_Affecting_Women's_Participation_in_Career_A_Systematic_Review
  aa51f811d0c264835591 | https://pmc.ncbi.nlm.nih.gov/articles/PMC9977107
  aa82b8e70a8c29d1dfed | https://americanbar.org/groups/diversity/disabilityrights/news/rethinking-debate-over-rising-disability-accomodations-higher-education
  aaa94ac886e2f7723b50 | https://journals.sagepub.com/doi/10.1177/00957984251319661
  aad3a83add8429842a35 | https://mckinsey.com/capabilities/people-and-organization/our-insights/women-in-the-workplace
  aade2868525011c408dc | https://pmc.ncbi.nlm.nih.gov/articles/PMC12914165
  ab1c464851efbf043f26 | https://archive.news.ufl.edu/articles/2016/12/the-disturbing-connection-between-bullying-and-sexual-harassment-1.html
  ab1f631c394c47d5085b | https://healthecareers.com/career-resources/soft-skills/how-to-discuss-preventative-care-with-transgender-patients
  ab2e90b3414545bb3360 | https://transequality.org/issues/education
  ab4f3460e91143dc371e | https://foundationfinance.com/what-factors-influence-financing-approval
  ab8847a5c89dec52a46b | https://urban.org/research/publication/strategies-improving-public-benefits-access-and-retention
  aba5aaadb3c4dde65ec6 | https://pmc.ncbi.nlm.nih.gov/articles/PMC9127679
  abaf8e53180ba9da1597 | https://hoaglandlongo.com/blog/breaking-barriers-when-did-women-gain-the-right-to-own-a-home-open-a-credit-card-or-start-a-business-without-a-male-co-signer
  abbd9bf42db3f4d6d28b | https://congress.gov/crs-product/R47318
  abcda7ac0179481466dd | https://congress.gov/crs-product/IF11631
  abf88c40aca7475f6fb1 | https://researchgate.net/publication/405278775_Male_and_Female_Youth's_Opportunities_to_Attend_Higher_Education_Gender_Equality_Perspective_in_the_Village
  ac0d900517f34f0bf085 | https://urban.org/urban-wire/building-trust-financial-system-key-closing-racial-wealth-gap
  ac31872b100754dda5cc | https://hks.harvard.edu/centers/carr-ryan/our-work/carr-ryan-commentary/situation-incarcerated-women
  ac3eeb580aa80a940d14 | https://cbpp.org/research/health/states-can-reduce-medicaids-administrative-burdens-to-advance-health-and-racial
  acb929a0da25e083e369 | https://nilc.org/resources/overview-immeligfedprograms
  acf477e8594eaa7b7ab8 | https://shelteringgrace.org/the-factors-fueling-homelessness-among-women-and-children
  ad2aa1e018607222de97 | https://repositori.upf.edu/server/api/core/bitstreams/a9956810-a5fa-43c6-8ed3-ba32a1d77eb3/content
  ad9b153d6682c86b765d | https://sentencingproject.org/reports/one-in-five-how-mass-incarceration-deepens-inequality-and-harms-public-safety
  ad9fddec7ff4370b4d31 | https://happen.com/resource-center/personal-loan/5-factors-that-may-affect-personal-loan-approval
  ae00c01da7f23888b031 | https://journalofsocialsciences.org/article/breaking-the-binary-in-academia-a-systematic-review-on-the-barriers-facing-transgender-students-in-higher-education
  ae11e5025f02b9dfd21e | https://hechingerreport.org/colleges-men-trump-new-policies-disadvantage
  ae15664cbd5d0f0fc01f | https://pmc.ncbi.nlm.nih.gov/articles/PMC9731338
  ae1adeb47be57a26c35c | https://ncbi.nlm.nih.gov/books/NBK596380
  ae3107fd9787759f5522 | https://crisisassistance.org/2025/07/12/how-housing-instability-intersects-with-disability
  ae48da14fdcae32d32c0 | https://journals.uchicago.edu/doi/10.1086/728738
  ae57aab23c26776d3632 | https://pmc.ncbi.nlm.nih.gov/articles/PMC4584144
  ae85586bfdb73a2d8e54 | https://communityalliesconsulting.com/blogs/lgbtqia-housing-challenges
  aea82a9ea3312b3cad18 | https://scholarship.law.vanderbilt.edu/cgi/viewcontent.cgi?article=5212&context=vlr
  aec0c8f5d032718558f0 | https://cdc.gov/mmwr/preview/mmwrhtml/mm5340a2.htm
  af230edcd03dd54b70ee | https://endhomelessness.org/resources/toolkits-and-training-materials/supporting-homeless-transgender-and-and-gender-nonconforming-youth
  af33c99c8678fd129155 | https://mckinsey.com/mgi/our-research/tough-trade-offs-how-time-and-career-choices-shape-the-gender-pay-gap
  af66cf0c1f0be435e9a2 | https://newamerica.org/insights/paving-way-latinx-teachers/barriers-along-the-pathway-into-teaching
  afa8d5a97d09ced9bf35 | https://hopecu.org/articles/breaking-barriers-overcoming-financial-challenges-in-the-hispanic-community
  afb880a9fdf0b166e878 | https://pmc.ncbi.nlm.nih.gov/articles/PMC12810827
  afb8d3dcd565a02e0684 | https://sciencedirect.com/science/article/abs/pii/S0889158318300650
  afeffb07f1034fcd466d | https://trajectordisability.com/credit-cards-home-loans-on-disability
  b03b8dfbbcaa074b55e2 | https://pmc.ncbi.nlm.nih.gov/articles/PMC2835305/https:/pmc.ncbi.nlm.nih.gov/articles/PMC2835305
  b084a4d5d37cb7622d1a | https://rstreet.org/research/from-victim-to-defendant-how-justice-falls-short-for-women
  b0a662b5bd1532f7ec6b | https://cbpp.org/research/health/leveraging-snap-information-to-renew-medicaid-eligibility-in-a-post-unwinding-world
  b0badfc8163908848434 | https://pmc.ncbi.nlm.nih.gov/articles/PMC11970692
  b0cc333afa567458df6f | https://sciencedirect.com/science/article/abs/pii/S0049089X16308444
  b0e84baa63fbddc0fc2a | https://news-medical.net/news/20260929/What-helped-families-stay-with-WIC-Remote-access-may-be-key.aspx
  b12366e25d0ef879c46d | https://brookings.edu/articles/college-enrollment-gaps-how-academic-preparation-influences-opportunity
  b1367b13f46727ea0584 | https://endhomelessness.org/state-of-homelessness
  b13bad5328b7e27ce872 | https://hracuity.com/blog/workplace-harassment
  b17c4f8a463fe477f43d | https://cms.gov/priorities/innovation/key-concepts/preventive-care
  b199b2d571384622f2b5 | https://lemoinelawfirm.com/what-are-the-most-approved-disabilities
  b2282bf7b9e929dd56de | https://gov-grants.org/grants-for-women
  b2896e707140d4ab86c3 | https://nber.org/system/files/working_papers/w31172/w31172.pdf
  b293e0c5b5c4585a6c5b | https://aei.org/research-products/report/stranded-by-the-safety-net-how-to-fix-the-benefit-cliff-problem
  b2def547abb4113f91fd | https://stwserve.com/understanding-federal-benefits-for-same-sex-couples
  b322fa957e1c9a1b7cbb | https://thelitbot.com/blog/2024/04/3-organizational-risk-factors-for-sexual-harassment
  b34b4d58366841f3bfc6 | https://homelessidproject.org/how-do-people-become-homeless-understanding-the-causes-of-homelessness
  b34d42f2ab1c4599ed84 | https://pmc.ncbi.nlm.nih.gov/articles/PMC10784545
  b35c2921a0e1b37e2acc | https://justiceinaging.org/supporting-lgbtq-older-adults-basic-needs
  b35d580a439134282f9d | https://researchgate.net/publication/227764762_Sexual_Orientation_and_College_Choice_Considering_Campus_Climate
  b364864f741a35bbd532 | https://tandfonline.com/doi/full/10.1080/16549716.2024.2342634
  b36f86301db1611f9677 | https://pmc.ncbi.nlm.nih.gov/articles/PMC4890541
  b39b3920de4e414f2a91 | https://arauniversity.org/harassment-workplace
  b3efb07ae615da7e533e | https://pmc.ncbi.nlm.nih.gov/articles/PMC5478215
  b3f9e027b55fbe441ff5 | https://urban.org/urban-wire/how-states-can-narrow-latina-benefit-and-wage-gap
  b4248e40fd879cb21e3a | https://crr.bc.edu/black-workers-rely-more-on-federal-disability
  b47aa01f8cbd0aad17d4 | https://levelaccess.com/blog/ada-financial-institutions
  b47b9f132e9872ad315e | https://journals.sagepub.com/doi/abs/10.1177/21533687251314137
  b4e995b3fe6b826a44d0 | https://bja.ojp.gov/library/publications/understanding-police-decisions-arrest-impact-situational-officer-and
  b506e3ea3f0a2fb4f1f3 | https://cfr.org/legal-barriers/barriers/building_credit
  b5459e925d59811b25fe | https://academic.oup.com/esr/article/42/2/301/8317978
  b55280b78fa9a6cf41a2 | https://sciencedirect.com/science/article/abs/pii/S0891422211003428
  b633cc3bae7473d250c7 | https://aspe.hhs.gov/reports/disabled-their-health-care-health-insurance-0
  b6545121b0beed065e1e | https://pmc.ncbi.nlm.nih.gov/articles/PMC9955979
  b666fc455452e8dfd702 | https://commonwealthfund.org/publications/fund-reports/2024/apr/advancing-racial-equity-us-health-care
  b67945ec0b1b2b19cd97 | https://linkedin.com/top-content/recruitment-hr/diversity-in-the-workplace/why-companies-hire-more-women
  b6b6635d8e55a2430721 | https://kaplanpathways.com/blog/4-ways-title-ix-expanded-women-access-to-us-higher-education
  b6b84817ed58af38bc02 | https://nij.ojp.gov/topics/articles/race-trust-and-police-legitimacy
  b6ea8b216f734829e21b | https://homelesshub.ca/collection/population-groups/people-with-disabilities
  b6ed57ff178d5dfb6059 | https://kc.edu/healthcare-gap-a-reality-for-hispanic-latino-community
  b725067993e874a35607 | https://19thnews.org/2023/07/credit-hurdles-transgender-nonbinary-fetterman-smith-bill
  b73834292b6ee3298bc9 | https://pmc.ncbi.nlm.nih.gov/articles/PMC4940635
  b7631880e713c9874778 | https://urban.org/research/publication/hispanic-homeowners-and-physical-inadequacy-properties
  b77d7fd8053e5fbe6f2b | https://pinyerdlaw.com/ssdi-approval-rates-by-condition
  b795f3c3ac2c6f7992e9 | https://chrc-ccdp.gc.ca/resources/newsroom/joint-news-release-new-data-highlights-troubling-housing-inequalities-people
  b7a3e143339ef1b70344 | https://psnet.ahrq.gov/perspective/patient-safety-concerns-and-lgbtq-population
  b7c998a266298a228465 | https://medresearch.umich.edu/sites/default/files/2024-06/RRTC-Evaluating-Housing-Concerns.pdf
  b7d1670cf07474ee54b7 | https://lgbtq-economics.org/research/leaf-report-2023
  b7ff661b9d6ab0396700 | https://unitedwaynca.org/blog/causes-of-homelessness
  b83f124f9fa1912be8c5 | https://facebook.com/NashvilleCriminalAttorney/videos/when-you-are-detained-but-not-arrested-it-is-because-they-are-still-looking-for-/972670218805614
  b872795f1f99f6b88e43 | https://researchworks.laverne.edu/esploro/outputs/doctoral/Understanding-Loss-of-Medicaid-Benefits-in/991004336814506311
  b8bbece6b2d2701285e8 | https://ideas.repec.org/a/kap/poprpr/v42y2023i3d10.1007_s11113-023-09774-2.html
  b8c3033dc5038838e977 | https://pmc.ncbi.nlm.nih.gov/articles/PMC7415496
  b8dc70fc1ea02947da37 | https://today.ucsd.edu/story/closing-gender-gaps-in-career-advancement
  b8e0ac5f0fca26d0654e | https://pmc.ncbi.nlm.nih.gov/articles/PMC7227297
  b8ee45c3edb17e2f59c1 | https://ebsco.com/research-starters/education/privilege-and-disadvantage-us-education
  b8f705f8e02301d19d38 | https://sciencedirect.com/science/article/abs/pii/S0047272725000994
  b934157df7b8d5def47c | https://epi.org/publication/racial-representation-prof-occ
  b97cba4c529844cb4856 | https://americanprogress.org/article/african-americans-face-systematic-obstacles-getting-good-jobs
  b99ab0c967ba34aafb36 | https://jbhe.com/2021/11/study-finds-persisting-racial-inequality-in-access-to-financial-services-and-credit
  b99bf2b0985accb4b1c7 | https://williamsinstitute.law.ucla.edu/press/law-enforcement-lgbtq-interactions
  b9a2e1e2d43afe516517 | https://psychology.town/psychosocial-issues-in-disability/career-development-strategies-disabilities
  ba237840bf4ccb07f96a | https://childtrends.org/publications/application-data-can-help-us-understand-hispanic-families-uptake-of-child-care-subsidies
  ba2fb1756466984f1a62 | https://pmc.ncbi.nlm.nih.gov/articles/PMC10595555
  ba5d3d442b0a1768e239 | https://cbpp.org/research/health/health-coverage-rates-vary-widely-across-and-within-racial-and-ethnic-groups
  ba6a55ac11d4e3ce0434 | https://experian.com/blogs/ask-experian/what-do-mortgage-lenders-look-for
  ba7c499fee08d502cd75 | https://aspe.hhs.gov/reports/economic-risk-report
  babc6f854c065a43c0f9 | https://commonwealthfund.org/publications/issue-briefs/2025/jun/reducing-medicaid-churn-policies-promote-stable-health-coverage
  bb15ff9aa2c4626a8196 | https://bostonfed.org/news-and-events/news/2021/11/racism-and-the-economy-barriers-to-financial-services-perpetuate-economic-gaps.aspx
  bb1f71df186a7be3d4bd | https://thetrevorproject.org/research-briefs/school-related-protective-factors-for-lgbtq-middle-and-high-school-students-aug-2023
  bb2df5d0bb4b06313f7f | https://pmc.ncbi.nlm.nih.gov/articles/PMC11708084
  bb46b2d5419879584e9e | https://transequality.org/issues/housing-homelessness
  bb74ef4b1f44c28ee3f5 | https://youtube.com/watch?t=2258s&v=EYnXTuHdOEk
  bc777d1fe70b343beb2e | https://calltherightattorney.com/blog/2025/10/what-does-a-racially-hostile-workplace-look-like-for-white-employees
  bc8323ebec11ac886d98 | https://lemoinelawfirm.com/top-10-signs-you-will-win-disability-benefits
  bc8e3fc7ceedfacb2e5b | https://pmc.ncbi.nlm.nih.gov/articles/PMC6708348
  bc91d51da75c96357962 | https://frontiersin.org/journals/education/articles/10.3389/feduc.2025.1631418/full
  bc92040f256ea384455f | https://luminafoundation.org/news-and-views/hispanic-students-can-shape-our-future-if-we-reshape-college
  bc9cdc640dedae1596fa | https://pmc.ncbi.nlm.nih.gov/articles/PMC6497454
  bce10a5eb1adc16b3da0 | https://washingtoninformer.com/race-based-loan-approval-disparities
  bcfb486240470019d4d2 | https://kff.org/medicaid/5-key-facts-about-medicaid-coverage-for-people-with-disabilities
  bd219f21725d802eb0fc | https://disabledworkersusa.com/factors-that-can-affect-your-social-security-disability-benefits
  bd21f8ba9cd99f15a73d | https://pmc.ncbi.nlm.nih.gov/articles/PMC11799928
  bd37a3075a95ef31a4dc | https://clasp.org/blog/the-racist-roots-of-work-requirements-in-public-benefits-programs
  bd54eae3a3802c3d2e09 | https://ebsco.com/research-starters/politics-and-government/housing-stability
  bd56dadb0bc354647b9a | https://pmc.ncbi.nlm.nih.gov/articles/PMC8483182
  bd71aa7770417752b96a | https://pmc.ncbi.nlm.nih.gov/articles/PMC10172218
  bd91c927611bd7c8086b | https://menarddisabilitylaw.com/disability-support-for-the-lgbtq-community
  bd97c4dec4c50f1c8b2e | https://pmc.ncbi.nlm.nih.gov/articles/PMC9341318
  bdaa34ffb482d120fc13 | https://employerscouncil.org/resources/examination-gender-bias-hiring
  bdf6bff6d5105c74961c | https://pmc.ncbi.nlm.nih.gov/articles/PMC8559954
  be825617309bb8283d04 | https://nlc.org/article/2023/03/21/housing-for-women-female-headed-households
  bee014e59384dbab3865 | https://advancingpretrial.org/story/racism-policing-and-the-criminal-justice-system
  bf6519cd91101b539b26 | https://rennepubliclawgroup.com/investigating-same-culture-bias-with-spanish-speaking-employees
  bf79295f13b84c35d4c8 | https://lawofficesgailfisher.com/when-a-disability-worsens-do-government-benefits-increase
  bf90e3b3bba7319379f8 | https://urban.org/urban-wire/no-cops-pride-how-criminal-justice-system-harms-lgbtq-people
  bfe7a01e0a177e8ffbd1 | https://pubmed.ncbi.nlm.nih.gov/26131944
  bfedb452c6d8ff5f3952 | https://researchgate.net/publication/336971674_Women's_college_admissions_and_retention_policies_pertaining_to_transgender_students_a_comprehensive_analysis
  bfee2b766aa6f52110fa | https://youtube.com/watch?v=YhaTyOY5eHM
  c006770d1993c9e80e6b | https://nij.ojp.gov/topics/articles/use-force-continuum
  c00a35542b0181ce61e5 | https://caf.com/en/currently/news/women-are-less-likely-to-access-consumer-credit
  c088e3f5d93ab9408974 | https://pmc.ncbi.nlm.nih.gov/articles/PMC11731762
  c0a198e4d3d333588356 | https://hhs.nd.gov/health/prevention-healthy-living/domestic-violence-sexual-assault/prevention-toolkit/bullying-and-sexual-violence
  c0ac36716203d9b2c2d6 | https://cbpp.org/blog/americans-especially-women-benefit-hugely-from-social-security
  c0e93a457b5e58b3fe32 | https://home.treasury.gov/news/featured-stories/post-5-racial-differences-in-educational-experiences-and-attainment
  c14858e04d6b32f0fcd3 | https://youtube.com/watch?t=41s&v=_TUydUMazkc
  c16a3084f1f4de70ad2b | https://pmc.ncbi.nlm.nih.gov/articles/PMC11982999
  c172665575ca399f8795 | https://journals.sagepub.com/doi/10.1177/10986111251372007
  c17454845bd8c8b65765 | https://ncbi.nlm.nih.gov/sites/books/NBK19909
  c18cd4ec74d89aa60c5b | https://scholarlycommons.henryford.com/nursing_articles/6
  c18ed2d545745bc8d1fb | https://rcej.scholasticahq.com/article/142768-infusing-disability-into-a-career-development-course
  c1b99db1ffa316639c4a | https://humanrights.gov.au/resource-hub/by-resource-type/education/know-your-rights/homelessness
  c1e8bf4de2827a90cf75 | https://brookings.edu/articles/unequal-opportunity-race-and-education
  c205d81ce9befd8d08bf | https://williamsinstitute.law.ucla.edu/publications/policing-lgbq-people
  c242f1cdb04e394147a6 | https://prisonpolicy.org/reports/pie2025.html
  c29aa95b5b498c0290b7 | https://theconversation.com/how-ethnic-minorities-face-higher-levels-of-financial-exclusion-71960
  c2b19306eae4859c3625 | https://cnbc.com/2019/03/08/linkedin-study-reveals-why-men-are-more-likely-to-get-noticed-by-job-recruiters-than-women.html
  c2d21894a9bef1afe689 | https://torontocentre.org/index.php?Itemid=99&id=33&option=com_content&view=article
  c2e5bbebb15177ec589e | https://ncd.gov/report/2023-progress-report-toward-economic-security-the-impact-of-income-and-asset-limits-on-people-with-disabilities
  c35c4ee415e799cc1352 | https://pmc.ncbi.nlm.nih.gov/articles/PMC13017733
  c378ab290784b331a1b6 | https://sciencedirect.com/science/article/pii/S074937972500724X
  c41167ac1c32495f7957 | https://transequality.org/resources/know-your-rights-housing-and-homelessness
  c456b2b0275ce345b106 | https://ballardbrief.byu.edu/issue-briefs/educational-disparities-among-racial-and-ethnic-minority-youth-in-the-united-states
  c4998292997d409b465e | https://roblevine.com/faqs/what-conditions-automatically-qualify-you-for-disability
  c4aced9bce8ea74d5f6a | https://ic3movement.com/post/students-with-learning-disabilities-why-inclusion-must-go-beyond-access
  c4b476e848e3c5962bfb | https://carleton.edu/accessibility-resources/newsletter/disability-and-homelessness-in-america
  c4c0909074eaad74d2e2 | https://sciencedirect.com/science/article/abs/pii/S0749379710001777
  c4d9ad77d1ed9496f620 | https://rfi.global/breaking-barriers-the-banks-that-are-supporting-black-financial-inclusion
  c4e24e6347b9aa5690d9 | https://providentcu.org/blog/news/5-key-factors-that-impact-your-credit-score
  c5289737e03e107c70a9 | https://stopbullying.gov/bullying/special-needs
  c54cc39aed7d1b37afab | https://dl.acm.org/doi/full/10.1145/3769994.3770011
  c559804906d1da63be17 | https://mecklenburghousingdata.org/frontpage-article/addressing-lgbtq-homelessness-challenges-disparities-and-promising-practices
  c5865be7505b8fb4bafe | https://pmc.ncbi.nlm.nih.gov/articles/PMC5836796
  c5a812a3efa9848ea59b | https://pmc.ncbi.nlm.nih.gov/articles/PMC5657251
  c5b6989467a64bb51fbf | https://ebsco.com/research-starters/politics-and-government/employment-among-latinos
  c5cbf1c018bc37adcb6b | https://aaidd.org/news-policy/policy/position-statements-2/housing
  c5f00e64a10726df6e0d | https://grants.gov/learn-grants/grant-eligibility
  c605c43db3423bd3f043 | https://opportunityhome.org/wp-content/uploads/2020/10/Final-Racial-Equity-Page-Fact-Sheet.pdf
  c6064b35d5feb8b3e109 | https://scholarworks.waldenu.edu/cgi/viewcontent.cgi?article=16615&context=dissertations
  c61cf47861a5a09aa9b8 | https://upistudy.com/blog/introduction-to-criminology/what-are-the-demographic-influences-on-crime
  c689c3dbc65a84639b02 | https://google.com/goto?url=CAESWAHrOzAV2J3c-MnbZi7ioQN_AjdKDQmy9VTeGwztTzo__31ueVhcXu50mROjPxA26bA7ZFO5W4ESYn5K3fOLeTKAk6vndVFdW9rcB-lJr6hHUgi5-mBQ4z4
  c6d4ef26f2b276716b56 | https://nelp.org/insights-research/why-women-need-a-stronger-unemployment-insurance-system
  c726ad6eb55d8b943279 | https://tandfonline.com/doi/full/10.1080/26895269.2026.2644589
  c773d4e08fa48337c774 | https://wol.iza.org/articles/how-to-improve-participation-in-social-assistance-programs/long
  c7ef9a2f0dc0339859be | https://williamsinstitute.law.ucla.edu/publications/lgbt-workplace-discrimination
  c7f00d7bb67c0d98a48c | https://allsupemploymentservices.com/blog/overcoming-barriers-to-employment-with-disabilities
  c82a33b24041f742beed | https://law.stanford.edu/wp-content/uploads/2024/06/2024-Bias-Criminal-Legal-System.pdf
  c849cb7c6183216bd141 | https://justanswer.com/social-security/r71ud-disability-medical-waiver-deined-re-new.html
  c8790fcbc603a7b1e461 | https://cavignac.com/blog/risk-factors-for-harassment-in-the-workplace
  c8847313a26f23c32591 | https://cbpp.org/blog/more-frequent-medicaid-renewals-would-increase-errors-and-lead-eligible-people-to-lose-health
  c8c84c25a46ca55711c2 | https://youtube.com/watch?t=23s&v=09Ks_25Saao
  c8cc815b8b0f2b230563 | https://elker.com/articles/5-risk-factors-for-sexual-harassment-in-the-workplace
  c8ddd91a04078e64f515 | https://insidehighered.com/news/students/diversity/2024/10/23/latino-students-face-major-obstacles-while-college
  c90037f1d42eff2cc0f3 | https://macfound.org/press/grantee-news/examining-the-justice-systems-impact-on-disabled-people
  c92e31c335f926a63c42 | https://nn4youth.org/learn/lgbtq-homeless-youth
  c99473a015a6e9f04784 | https://youtube.com/watch?t=339s&v=hC0ZgtIKe48
  c994b855a0e1ec20ec70 | https://onpointcu.com/blog/lending-discrimination-part-1-what-you-need-to-know-about-credit-and-lending-discrimination
  c9b0a80b2900e9c4d501 | https://onlinelibrary.wiley.com/doi/10.1111/jofi.13444
  ca27d95d77da8aa6397a | https://tcf.org/content/commentary/no-ramp-out-the-payday-loan-hole-of-the-disability-community
  ca6e6e25d3dbdd873b33 | https://pmc.ncbi.nlm.nih.gov/articles/PMC7899057
  ca8ded2b36e8717c5a5f | https://workforceedge.com/blog/creating-career-growth-opportunities-employees
  cab70c6cd5488a2612ee | https://upward-mobility.urban.org/framework/neighborhoods/stability
  caba3dd1d554ce973c05 | https://pmc.ncbi.nlm.nih.gov/articles/PMC8916710
  cadc42db8e64b7667c9f | https://pmc.ncbi.nlm.nih.gov/articles/PMC11160937
  caf34933050d2fccae9f | https://opportunityhome.org/resources/racial-equity-housing
  caf483a71c18e008ff6e | https://files.eric.ed.gov/fulltext/EJ992995.pdf
  cb3a903b7d785dfd740f | https://pmc.ncbi.nlm.nih.gov/articles/PMC12306465
  cb8a234f2713209a8b7d | https://congress.gov/crs-product/R45979
  cbb2f8b610e05d9599b2 | https://ere.net/articles/ways-to-remove-barriers-to-hiring-people-with-disabilities
  cbb39bedea470d911f4b | https://prisonpolicy.org/scans/LatinoReport_lowres_6.17.14.pdf
  cbda6e6175e872748898 | https://youtube.com/watch?t=1s&v=-4EbTEjvQyw
  cbdd8c792afab59cfab3 | https://highereddive.com/news/diversity-college-admissions-enrollment-nacac-2025/760807
  cbe46fa6d95b06ea199e | https://insidehighered.com/news/student-success/health-wellness/2024/08/27/how-institutional-practices-can-impact-lgbtq
  cbfec3aaddcd0e700333 | https://buckeyecu.org/the-role-of-black-credit-unions-in-financial-inclusion
  cc16118ebf03b332636d | https://youtube.com/watch?t=171s&v=XhZxwOdnzS4
  cc9935f047eb7be51399 | https://lse.ac.uk/research/research-for-the-world/society/tackling-school-bullying-mexico
  cca9bb423cebd81a0cfb | https://pointofpride.org/blog/new-executive-order-targets-transgender-and-non-binary-americans-what-you-need-to-know
  ccd779ecf2bb10969dd9 | https://justia.com/employment/employment-discrimination/ethnicity-discrimination
  ccd9104dbbc5ffcb0994 | https://williamsinstitute.law.ucla.edu/press/trans-higher-ed-press-release
  cd0bba78df0ab533120f | https://plaid.com/resources/fintech/financial-inclusion
  cd0e184df8a4f9b4ae78 | https://ebsco.com/research-starters/education/bullying-schools-overview
  cd3ad747b1007c7f2070 | https://cgdev.org/blog/women-policymaking-why-it-matters
  cd461de5272cc0d1bc58 | https://journals.sagepub.com/doi/10.1177/00187267261480591
  cd62d53b42e0e49b13b8 | https://pmc.ncbi.nlm.nih.gov/articles/PMC11817108
  cda2990e50705c1f5abd | https://journals.sagepub.com/doi/10.1177/21533687251314137?int.sj-abstract.similar-articles.7=
  cda4d5fd39f133b6d56e | https://kff.org/womens-health-policy/update-on-medicaid-coverage-of-gender-affirming-health-services
  cdd1e412b5a5c8846e32 | https://wanderingeducators.com/intercultural-education/resources/educational-disparities-latino-students-us
  cddef8c5ffafde5490cd | https://pmc.ncbi.nlm.nih.gov/articles/PMC12573526
  cde3aa13ded42d6cc27a | https://uscis.gov/save/benefit-and-license-applicants
  cde7cf9684c78ec011e1 | https://equity.army/financial-services
  cdf2ff1088f1cbf3eb12 | https://sciencedirect.com/science/article/pii/S2590291125006060?__cf_chl_rt_tk=eAaa8E26I1G3T_n7h4raEreOdOcbWY4VU0W8MtFp89s-1790903105-1.0.1.1-s1JgmSktNeYQ0mtUsyqXPTdxQ.0hPZP_IP2gwgejk8M
  cdf598d0701336535025 | https://richmondfed.org/publications/research/econ_focus/2022/q4_district_digest
  ce20ffdae2a53c621c4d | https://americanprogress.org/article/fact-sheet-protecting-advancing-health-care-transgender-adult-communities
  ce5ff1a3c2f8b5f18a9c | https://endhomelessness.org/resources/research-and-analysis/housing-instability-among-gender-expansive-people-and-paths-forward
  ceaae4f8b0c7affb4b99 | https://onlinelibrary.wiley.com/doi/10.1111/puar.13497
  ceed92ed77c30d9ea473 | https://patientsafetylearning.org/blog/womens-health-and-patient-safety-accelerating-action-in-four-key-areas
  cef035ad45aaba1c01db | https://mayfieldis.com/blogs/factors-that-influence-health-insurance-premiums
  cf1fe57adb31f65a2c38 | https://census.gov/newsroom/blogs/random-samplings/2015/09/another-difference-between-the-sexes-health-insurance-coverage-3.html
  cf4634cb4263facaa3e2 | https://kff.org/uninsured/characteristics-of-remaining-uninsured-men-and-potential-strategies-to-reach-and-enroll-them-in-health-coverage
  cf6e50ed8ab733829e10 | https://digitalcommons.liberty.edu/cgi/viewcontent.cgi?article=8700&context=doctoral
  cfa5b8762afbcf250fc8 | https://tcf.org/content/report/advancing-health-equity-for-black-communities-through-insurance-reform
  cfac0b7c1daa05d5c865 | https://pmc.ncbi.nlm.nih.gov/articles/PMC11196069
  d02fec0d45ede1aebf9b | https://cbpp.org/research/health/using-snap-data-for-medicaid-renewals-can-keep-eligible-beneficiaries-enrolled
  d0535f747cd36a56b206 | https://psnet.ahrq.gov/perspective/ensuring-patient-and-workforce-safety-culture-healthcare
  d07b1dc58fe64c76c317 | https://csgjusticecenter.org/2021/10/12/how-are-hispanic-individuals-represented-in-the-criminal-justice-system
  d08871979fe50398d067 | https://digitalcommons.calpoly.edu/cgi/viewcontent.cgi?article=1010&context=coe_dean
  d0a2e47b781a5510d7c7 | https://sentencingproject.org/policy-brief/incarcerated-lgbtq-adults-and-youth
  d0a550a68fecf7fca168 | https://journals.sagepub.com/doi/10.1177/02724316221142247
  d0c113489cd66524d2ab | https://floridacollegeaccess.org/research-and-policy/targeted-supports-help-latino-students-in-college-according-to-new-report-from-unidos-us
  d10e720158b5e90d7a3f | https://pmc.ncbi.nlm.nih.gov/articles/PMC6290583
  d113853cc47464af7204 | https://williamsinstitute.law.ucla.edu/press/latinx-workplace-press-release
  d12390b1f7670e51c087 | https://pmc.ncbi.nlm.nih.gov/articles/PMC12274773
  d172ba666565b5ea7b41 | https://aclrc.com/education-programs/resources-for-teachers/bullying/bullying-and-lgbt-students
  d1890756a60b73ad1abd | https://ama-assn.org/system/files/transgender-coverage-issue-brief.pdf
  d18a130a1e025c5d6ac2 | https://jennifertardy.com/linkedin-newsletter-articles/four-barriers-to-equal-representation-for-hispanic-workers-in-us
  d1a1e7ff99a19c783f27 | https://hrc.org/resources/transitioning-in-the-workplace-a-guide-for-trans-employees
  d1ab963fa1d1040ccb20 | https://cbpp.org/research/streamlining-and-coordinating-benefit-programs-application-procedures
  d238c748ad89db5af572 | https://sjcexchange.org/HigherLogic/Security/ScheduledForDeletion.aspx
  d27c8750ae3d8e513f78 | https://fahe.org/the-benefits-cliff-eliminating-barriers-to-transitioning-off-public-benefits
  d2954b9ed58d0f0ff7db | https://mapresearch.org/equality-map/medicaid-coverage-of-transgender-related-health-care
  d2b0472c079a116df699 | https://housingup.org/2025/02/26/racism-and-homelessness
  d2ca68f23ead6fa5fb5b | https://aecf.org/resources/improving-access-to-public-benefits
  d2d2f98d9fee8c4598fb | https://pmc.ncbi.nlm.nih.gov/articles/PMC10953678
  d2df805a2e846a8b0ce0 | https://naacp.org/resources/criminal-justice-fact-sheet
  d2fd709bf244948dae97 | https://worldebhcday.org/blog/2023/ethnic-and-racial-disparities-and-patient-safety
  d37c184949d55e0901a1 | https://pmc.ncbi.nlm.nih.gov/articles/PMC11148781
  d3957e808a99d7ffee84 | https://homelesshub.ca/blog/2023/five-arguments-trans-inclusion-homelessness-sector
  d39f83c7a4b080199cc1 | https://en.wikipedia.org/wiki/Unbanked
  d3b551b592df7267acb4 | https://bofcu.com/unlocking-opportunities-understanding-the-impact-of-credit-scores-on-loan-approvals
  d43d78784f177271346d | https://researchgate.net/publication/247748498_Predictors_of_the_Police_Use_of_Force_The_Application_of_a_Continuum_Perspective_in_Phoenix
  d44c7238be804aad7a7c | https://housingvisions.org/lgbtq-and-fair-housing
  d4517863e07a363b01fe | https://otda.ny.gov/programs/snap
  d494cc4b4b8944d9ac6c | https://pmc.ncbi.nlm.nih.gov/articles/PMC10820636
  d4b2ed9143a0c4445638 | https://sciencedirect.com/science/article/abs/pii/S0149718918303823
  d4ba29bad9fb86cb87fd | https://tandfonline.com/doi/abs/10.2147/RMHP.S497337
  d4ea576f15f77f11d140 | https://share.google/mjqnOrCFpIb7oft39
  d4f5913412b9f4dd4108 | https://sciencedirect.com/science/article/abs/pii/S1359178920301452
  d54c153228ecf66fdb6e | https://applerouth.com/blog/troubling-gender-gaps-in-education
  d5535efa852f5ee7e3ea | https://hope.temple.edu/newsroom/hope-blog/securing-basic-needs-transgender-students
  d5698368efb41b6e0130 | https://prostaffworkforce.com/8-influences-that-impact-a-candidates-decision-to-accept-a-job
  d5ee37fe532b36f64d5d | https://pmc.ncbi.nlm.nih.gov/articles/PMC7842519
  d5f6cf0f22e13a5ff8e6 | https://ivypanda.com/essays/racist-bullying-among-black-students-in-us-universities
  d624741168d773cb2241 | https://ojp.gov/library/publications/understanding-police-decisions-arrest-impact-situational-officer-and
  d6a78993b72d9f769fbd | https://usich.gov/guidance-reports-data/data-trends
  d6b6d3f9857de00d81ec | https://acl.gov/HousingAndServices/Homelessness
  d6e1b149ae6c80ad7ea0 | https://pmc.ncbi.nlm.nih.gov/articles/PMC5943618
  d6f4bf28dede22e5df27 | https://pmc.ncbi.nlm.nih.gov/articles/PMC6502664
  d7865049ad6250b15f14 | https://pmc.ncbi.nlm.nih.gov/articles/PMC12836853
  d78733a179c389b1d590 | https://bostonindicators.org/article-pages/2025/july/black-male-workforce
  d7f71d4c1fdbca8349b7 | https://pmc.ncbi.nlm.nih.gov/articles/PMC12371776
  d80838d7354c1c72515a | https://finance.yahoo.com/news/establish-credit-adults-disabilities-203405315.html
  d81a2a09aa46bb4da7f7 | https://adata.org/research-brief/digital-access-students-higher-education-and-ada
  d86bd6c43b4125585739 | https://youtube.com/watch?t=54s&v=LSyQuO_7i04
  d8b424e3f0d73bd09c89 | https://afi-global.org/opinion/financially-including-people-with-disabilities-is-possible-heres-how
  d8e45e89443f3c519c56 | https://online.campbellsville.edu/social-work/factors-that-cause-homelessness
  d9325276a793e3ff026f | https://economyleague.org/resources/color-inequality-part-4-barriers-sustainable-employment-workers-color
  d97ee289690dc6168e75 | https://includedhealth.com/blog/health/types-of-preventive-care-for-black-health
  d9b9b8161b63f799a895 | https://pmc.ncbi.nlm.nih.gov/articles/PMC11188510
  d9e0b48aa427e28c276e | https://google.com/goto?url=CAESvwEB6zswFYOnKcjBcxXIYQO4Gz6GSU6dZ69EGs523IdwCoAODo7rDGd0mzbVSz7qwq3GSQ_gIj02_109G72IdC24lbwlWHjQ-CbkJtJhUJFFI881A1vWPis34mYEF3SOnSqL7jaXoTUYtIk2-cHVwYHmjn4yUPYmkMJm6dRiCucGa_BQbD0g8AIwvfUNGCwgdMd3wrGu8fCn8Nq-Vbs5aLrv5Y4KiIQMmZbPpZDwXZbgOQjeyNRW28N31wPtX2Xkuw
  da025fc3fb4e84ef3e4b | https://medium.com/@jeankquam/falling-behind-understanding-the-challenges-facing-latino-education-in-the-u-s-f92bd776110b
  da814da11949efab1489 | https://prisonpolicy.org/research/disability
  dad16c733db39ad5b509 | https://eeoc.gov/youth/racecolor-discrimination
  dae3d5821652ad770851 | https://hrw.org/report/2016/12/07/walking-through-hailstorm/discrimination-against-lgbt-youth-us-schools
  db2914011cc6308b52db | https://pmc.ncbi.nlm.nih.gov/articles/PMC9723913
  db388feb9f7eab1a232d | https://centerforfinancialinclusion.org/article/financial-inclusion-must-address-restrictive-social-and-gender-norms
  db4c53c3b77066bb6b6d | https://pmc.ncbi.nlm.nih.gov/articles/PMC5798675
  db5e25af6b32a2dc326c | https://housingmatterssc.org/rise-in-latinx-and-hispanic-homelessness
  dba99833696bf86ca0b4 | https://hks.harvard.edu/centers/mrcbg/programs/growthpolicy/reducing-administrative-burdens-increase-access-safety-net
  dbb46f6fb0dd0fec94af | https://motherjones.com/criminal-justice/2016/02/why-are-lgbt-people-overrepresented-prisons-and-jails
  dbdcbdda8be5a21e11da | https://cgap.org/research/publication/invisible-barriers-how-gender-norms-impact-financial-inclusion
  dc05deba6bab0f20134b | https://sussex.ac.uk/broadcast/read/39309
  dc27239cce404dc77ebd | https://pmc.ncbi.nlm.nih.gov/articles/PMC10501741
  dc61533cd26ded404d10 | https://yahoo.com/news/us/article/most-disability-claims-get-denied-heres-why--and-what-social-security-is-actually-looking-for-145517804.html
  dc6bb918e51085766cbe | https://ebsco.com/research-starters/womens-studies-and-feminism/gender-and-welfare-policy
  dc9f31c4aa97bb7221e0 | https://michiganmedicine.org/health-lab/health-care-access-gaps-people-disabilities
  dca2f3ad6bdbfce53a65 | https://maineemployeerights.com/practice-areas/sex-gender-discrimination-and-harassment-including-sexual-harass
  dcb63be64b3ec7af1b56 | https://digitalcommons.odu.edu/cgi/viewcontent.cgi?article=1023&context=sociology_criminaljustice_etds
  dcba3e81a56ea824eb1f | https://pmc.ncbi.nlm.nih.gov/articles/PMC10167762
  dcf76c7d7d301b525a65 | https://cunninghampllc.com/blog/when-does-disability-discrimination-cross-into-harassment
  dd2ce6ed461a25f1c071 | https://gylawny.com/dont-let-dac-benefits-disrupt-medicaid-and-ssi
  dd3a3796bc25c285c683 | https://tandfonline.com/doi/abs/10.1300/J012v16n04_05
  dd5570a4169dbd34a2fc | https://chenmed.com/blog/understanding-healthcare-hesitancy-black-patients-historical-perspective
  dd9497a3bf45be87dcad | https://tylerclementi.org/why-do-students-bully
  dd9c53a2881ab7c865da | https://thetrevorproject.org/research-briefs/anti-bullying-policies-in-school-and-lgbtq-young-people
  ddae8711636264112ac5 | https://link.springer.com/article/10.1057/s41261-026-00344-y
  de1ede878e878af760d3 | https://google.com/goto?url=CAESYAHrOzAV1-FsdU-iSDYU7z5lPElpnx4yLgmisnuafmyiYwA7yHAvISG6-KzGujdRpbEqZntDqWosgd8z2Mj7OPugwr3WRBfcshyya8a4Qob3lGgpn0QIlpN0NQJRe3xnzQ
  de2bdeb1657c83f766b3 | https://borgenproject.org/lack-of-access-to-education?ki-cf-botcl=1
  de2f27bcbfe86a77a8a9 | https://cgap.org/research/publication/gender-intentional-credit-scoring
  de477ec7b006fabcc3e9 | https://aeaweb.org/articles?id=10.1257%2Fjep.20231394
  de6290d9810d603eb58b | https://prisonpolicy.org/research/racial_and_ethnic_disparities
  de878ec6e15882cf332e | https://archive-housingmatters.urban.org/articles/how-can-we-advance-latino-homeownership-and-housing-stability
  de8cfcf24ef311d16a5a | https://eab.com/resources/blog/student-success-blog/how-to-navigate-policy-challenges-and-show-support-for-your-trans-students
  de90b927059280f16ca1 | https://ballardbrief.byu.edu/issue-briefs/racial-inequality-in-public-school-discipline-for-black-students-in-the-united-states
  de9bac4695b80d4bda3f | https://nlihc.org/resource/study-finds-significant-racial-disparities-homelessness-rates
  dec1fa9e0df83862a6e9 | https://icjia.illinois.gov/researchhub/articles/an-overview-of-police-use-of-force-policies-and-research
  def99d1099c5b6eb8c19 | https://cbpp.org/research/poverty-and-inequality/for-lgbtq-people-recent-anti-discrimination-advances-could-lessen
  df138a449aa14d845450 | https://journals.sagepub.com/doi/full/10.1177/00131245261436401
  df368a14deec19a7b09c | https://link.springer.com/article/10.1007/s40847-024-00346-4
  df3c34440d516d698c4e | https://latinoslead.org/the-growing-influence-of-latino-millennials-in-todays-workplace
  df463b9cd8ea5a163548 | https://aecf.org/blog/prioritizing-housing-security-for-young-people-and-families-during-the-pand
  df5d9e4b5db44408734b | https://probonoinst.org/2023/07/13/race-income-and-the-effect-on-educational-opportunity
  df70163691fb0e7ae261 | https://diversitybuilder.com/sexual-harassment-training-women
  df76840f6bd299c78b9a | https://americanprogress.org/article/discrimination-prevents-lgbtq-people-accessing-health-care
  df9bbbe0d31db75f7381 | https://steinhardt.nyu.edu/metrocenter/research-evaluation/section-2-higher-education-context-and-barriers-equitable-college
  dfcf20de8631d5542ed9 | https://ideas.repec.org/p/soa/wpaper/265.html
  dfd30eb3cca420073bbd | https://williamsinstitute.law.ucla.edu/press/lgbt-housing-press-release
  dffd4aa0b0cd4865855d | https://proquest.com/openview/8111229575801516f615926b47af752b/1?cbl=18750&diss=y&pq-origsite=gscholar
  e0386888a711d7c65a88 | https://kff.org/racial-equity-and-health-policy/how-history-has-shaped-racial-and-ethnic-health-disparities-a-timeline-of-policies-and-events?entry=1808-to-1890-alaska-purchase
  e084a327a48bb17dfb1d | https://gao.gov/products/gao-22-104468
  e09e5b8dea5977b88b68 | https://library.hbs.edu/working-knowledge/why-employers-favor-men
  e0a950ff7a1d8aaef6c1 | https://pmc.ncbi.nlm.nih.gov/articles/PMC9963383
  e0ae07bcb8895df89073 | https://online.uncp.edu/degrees/business/mba/healthcare-administration/insurance-influence-on-policy
  e0af4cf7ec02a0ad16e7 | https://endhomelessness.org/marginalized-groups-subject-to-systemic-disinvestment-and-discrimination
  e0b700d82d3b8f6ed153 | https://pmc.ncbi.nlm.nih.gov/articles/PMC4560686
  e0c65d4f69652e22eb99 | https://ahcstaff.com/nursing-best-practices-caring-for-disabled-patients
  e0e6223014726e96be38 | https://pmc.ncbi.nlm.nih.gov/articles/PMC6234844
  e100485c5eeb9b2c92ca | https://scholarworks.sjsu.edu/cgi/viewcontent.cgi?article=1061&context=themis
  e10f01d0aa6426d9b7f0 | https://ssa.gov/disability/step4and5.htm
  e17947afab94b93e7d0b | https://pmc.ncbi.nlm.nih.gov/articles/PMC12412225
  e1cad6122fdb16efa41a | https://academic.oup.com/epirev/article/48/1/mxag004/8512140
  e1d7bdde0d1c4f4659e4 | https://williamsinstitute.law.ucla.edu/wp-content/uploads/Trans-Higher-Ed-Apr-2022.pdf
  e1ffd6e81d62496a7658 | https://phreesia.com/resources/infographic-lgbtq-preventive-health
  e21a587a24777d4af041 | https://chegg.com/homework-help/questions-and-answers/factors-play-significant-role-influencing-officers-arrest-decisions-even-police-officer-pc-q93538296
  e22550b87fa0d381558d | https://humanrights.unsw.edu.au/research/commentary/social-determinants-justice-increase-risk-prison
  e22b7ac323103b11e6c9 | https://healthcare.gov/people-with-disabilities
  e25abebd5d11ea66462a | https://pmc.ncbi.nlm.nih.gov/articles/PMC10525602
  e2aaa44dbdf03dfcca87 | https://pmc.ncbi.nlm.nih.gov/articles/PMC11024909
  e2c8ac2c91f69e498f42 | https://cambercollective.com/2024/01/04/public-benefit-disparities
  e2ed1e61fb969c56cbe9 | https://americanprogress.org/article/5-reasons-support-affirmative-action-college-admissions
  e30d3062e0bbbfdecd26 | https://experian.com/blogs/ask-experian/women-and-credit
  e3150dc8f93248f29d4f | https://redbanklegal.com/2026/01/15/disability-discrimination-law-firm
  e37cad46c3bfc4ec1492 | https://minneapolisfed.org/article/2024/lender-reported-reasons-for-mortgage-denials-dont-explain-racial-disparities
  e3a89ec43be81f48c72f | https://disability-benefits-help.org/blog/gender-and-social-security-disability-benefits
  e3ce18f84c506fd95d7f | https://linkedin.com/pulse/50-key-factors-influencing-hiring-decisions-shailesh-kumar-mehta-sqthf
  e3e140b40c2eb058683f | https://medium.com/@ucgeorge/the-hidden-factors-that-impact-your-career-growth-0792e5210f18
  e4070c292d221e1580ab | https://link.springer.com/article/10.1007/s13178-025-01182-9
  e44728089487fd06fde7 | https://edsource.org/updates/more-black-and-latino-students-are-applying-for-colleges-but-fewer-are-getting-in
  e4526c64ef16f0f9d447 | https://meps.ahrq.gov/mepsweb/data_files/publications/rf17/rf17.shtml
  e4611b486758bcaf966e | https://cbpp.org/research/geographic-pattern-of-disability-receipt-largely-reflects-economic-and-demographic-factors
  e48dbddb4595b8194e4f | https://habitatcltregion.org/blog/homeownership-in-latino-and-hispanic-communities
  e4af7af00e6ddb6f72bd | https://dwd.wisconsin.gov/er/digest/125.3.htm
  e4c343dbfd5521214647 | https://kff.org/affordable-care-act/health-care-access-and-coverage-for-the-lesbian-gay-bisexual-and-transgender-lgbt-community-in-the-united-states-opportunities-and-challenges-in-a-new-era
  e4ef4d139e689c7b78ef | https://pmc.ncbi.nlm.nih.gov/articles/PMC11782051
  e54df6359994b4c428fb | http://nami.org/advocacy-at-nami/policy-positions/supporting-community-inclusion-and-non-discrimination/social-determinants-of-health-housing
  e5517fd19286703fa11f | https://finovate.com/fintech-and-the-lgbtq-community-3-resources-for-banking-and-financial-wellness
  e55c1ef739b07c74ad84 | https://wol.iza.org/articles/sexual-orientation-and-labor-market-outcomes/long
  e57b55d6f8be5ad173cc | https://journals.uchicago.edu/doi/full/10.1086%2F701423
  e57e47dd6ee9b35ba01a | https://lundelllawfirm.com/post/common-sources-of-workplace-harassment
  e585bc2eb81abb760dfc | https://youtube.com/watch?v=SxOD7cBDoxM
  e5d1b70b8330a164f383 | https://scholarworks.calstate.edu/downloads/bv73c633w
  e5d3c951d63debf7d855 | https://pointfoundation.org/hubfs/Research%20Reports/2111-Trans-Higher-Ed-FINAL.pdf
  e5ee56ed37d8b4c34dd4 | https://studentscholarships.org/articles/856/education-and-equity-bridging-the-opportunity-gap
  e5f919c4da68f6c89e9d | https://pmc.ncbi.nlm.nih.gov/articles/PMC5370590
  e63e646c68042089a365 | https://jec.senate.gov/public/_cache/files/2756e78d-cd64-4413-8d26-a4f9c2756947/banking-and-financial-exclusion-final.pdf
  e6834740e8a7bf5c9b9e | https://healthaffairs.org/doi/10.1377/hlthaff.2024.00672
  e6e6bd74c1e8f1785dfb | https://homelesshub.ca/collection/homelessness-101/what-are-the-causes-of-homelessness
  e74c8efcab93c137640a | https://bestcolleges.com/resources/history-women-higher-education
  e763956ae024abb886de | https://researchforaction.org/research-resources/k-12/unequal-access-to-educational-opportunity-in-the-united-states
  e77257feb1f66a9e3cd6 | https://youtube.com/watch?t=100s&v=OQr00k_iJ3k
  e792e5f8024dbb33ba8f | https://pmc.ncbi.nlm.nih.gov/articles/PMC4554714
  e7ee35e8768cc98b3be8 | https://urban.org/urban-wire/improving-homebuying-opportunities-latino-families-would-benefit-entire-housing-market
  e8047f942e7e8872da20 | https://poverty.ucdavis.edu/post/safety-net-programs-underused-eligible-hispanic-families
  e816143f36909595c6cc | https://naceweb.org/job-market/trends-and-predictions/early-career-talent-and-the-effects-of--gender
  e8790a9a9837dd8876a5 | https://freopp.org/whitepapers/fixing-the-broken-incentives-in-the-u-s-welfare-system
  e8e4f30441bc3743c7b9 | https://nefe.org/news/2022/06/lgbtqia-discrimination-in-financial-services.aspx
  e9123aab8fc77dc6fb16 | https://pn3policy.org/blog/administrative-burden-blog
  e922c65ee544c22db507 | https://unidosus.org/higher-ed
  e925e6983272dcb10680 | https://unidosus.org/blog/2022/09/28/latinos-remain-disproportionately-impacted-by-food-insecurity-usda-can-make-progress-on-equity-and-racial-justice
  e94101cef2dd037141fd | https://youtube.com/shorts/bma-nImTFsQ
  e94d3e3e9b396dc106dd | https://ed.gov/laws-and-policy/civil-rights-laws/ensuring-equal-access
  e9623891f87255ed53a8 | https://additionsolutions.co.uk/the-psychology-of-hiring-what-makes-a-great-candidate-stand-out
  e9718c8d61bc478e8ab2 | https://apps.urban.org/features/latino-criminal-justice-data
  e971ba7c6e8e610c6260 | https://opportunityhome.org/resources/disability-rights-advocates-and-housing-fact-sheet
  e98593ff158abb7d736f | https://prisonpolicy.org/blog/2019/05/14/policingwomen
  e98a6da886be611ccf38 | https://pubmed.ncbi.nlm.nih.gov/39780193
  e99073fdf7eb4aff8fdb | https://highereddive.com/news/transgender-college-student-supports-trump/746381
  e9a242209192007679de | https://justice.gc.ca/socjs-esjp/en/women-femmes/ao-ad
  ea09a7afcf87a62cdf50 | https://apa.org/topics/healthy-workplaces/growth-opportunities
  ea20398a95be00073735 | https://cepr.org/voxeu/columns/gender-bias-access-finance-and-implications-capital-misallocation
  ea3324a819c614b0ba12 | https://eprints.leedsbeckett.ac.uk/id/eprint/1648/2/Revised%20Manuscript%20.pdf
  ea566f4b31de68c6db97 | https://unidosus.org/wp-content/uploads/2021/07/27583file_congressionalbriefing.pdf
  ea59cd6ef55d261386f1 | https://pubmed.ncbi.nlm.nih.gov/37782861
  eaf961400280cf40c99a | https://scholarworks.wmich.edu/cgi/viewcontent.cgi?article=3024&context=jssw
  eafe430211e10444eea7 | https://minneapolisfed.org/-/media/assets/events/2025/2025-institute-research-conference/the-determinants-of-credit-access-in-the-united-states.pdf
  eb1c571f7cc9642b549b | https://sciencedirect.com/science/article/abs/pii/S1544612316300459
  eb29811d3b0faf0a7fdc | https://transgenderlawcenter.org/resources/law-enforcement-interactions-rights-and-realities
  eb536516942e3c316472 | https://ussc.gov/sites/default/files/pdf/research-and-publications/research-publications/2023/20231114_Demographic-Differences.pdf
  eb6baecc3a704fa8554b | https://nmmc.org/mens-health-and-preventive-care-why-routine-checkups-matter
  ebcb0c2c35c0eeeb5c23 | https://psnet.ahrq.gov/perspective/equity-patient-safety
  ec26790291d393dae7d6 | https://compass.onlinelibrary.wiley.com/doi/10.1111/j.1751-9020.2012.00459.x
  ec6cfa598c1cb6ab0699 | https://facebook.com/wqad8/posts/a-first-of-its-kind-report-was-released-earlier-this-year-examining-the-structur/1639230681123662
  ec7b44c925312f6e6a62 | https://gao.gov/women-and-gender-public-policy
  ec7d704bca1818930516 | https://sciencedirect.com/science/article/pii/S0929119920302261
  eccb5c4868c6a3d40dab | https://bettercarenetwork.org/library/particular-threats-to-childrens-care-and-protection/effects-of-institutional-care/beyond-the-walls-systemic-barriers-to-education-in-institutional-care-and-the-role-of-social-work
  ece66012aac19a1e8b86 | https://naacpldf.org/pride-history-police-violence
  ed19e9cbb61aa338feb4 | https://voxdev.org/voxdevlit/female-labour-force-participation-issue-2/factors-affect-employers-decision-hire-female
  ed24b348dd5d600518dd | https://pmc.ncbi.nlm.nih.gov/articles/PMC9707003
  ed69912f1fd695863966 | https://normtherapy.com/blog/examining-the-disparities-in-assistance-for-homeless-men
  ed7084f25bfef33be953 | https://pmc.ncbi.nlm.nih.gov/articles/PMC2764043
  edcdc6b4ab2c9fa30cea | https://nlihc.org/resource/transgender-individuals-experience-homelessness-eight-times-rate-general-us-population
  edecf6db877cd8e55ff2 | https://linkedin.com/top-content/career/barriers-to-career-growth/overlooked-factors-in-women-s-career-success
  ee03c8a3d2da9f4ad4f1 | https://sepsis.org/news/how-does-lgbtq-identity-impact-healthcare-experiences
  ee2967260d0a0201b12b | https://disabilityhelpline.com/ssi-denial-reasons
  ee665a75b0f8497a9bd7 | https://heraldopenaccess.us/openaccess/the-effect-of-housing-instability-on-risky-sexual-behavior-and-hiv-and-stis-for-a-sample-of-african-american-sero-discordant-couples
  ee881b80a2ffa0e2ade3 | https://onlinelibrary.wiley.com/doi/10.1111/joca.12343
  ee94f3eb0168dbcacc11 | https://grundydisabilitygroup.com/social-security-disability-insurance-supplemental-security-income-blogs/what-are-non-medical-requirements-for-ssdi
  ee969f9fa9c701090f50 | https://pubmed.ncbi.nlm.nih.gov/37926958
  eee1f674780ef1f1ed0e | https://google.com/goto?url=CAESjwEB6zswFQ00gO8lp1jRc6zlL6bBJRAQ6TyNSANaYltnumSBcm3Bbqb2MEhPX9Me6jakvtq9u0QC2tiTnQjJKu1vfq74TUUfQvzwgUzaA_UWedaOCJr-PLCwZyL7nxZYlo79U8oXM4K2XpcaTqxGB5mq74fVK4KyzyDdzpcH77k8MMTT_8dzwITjGcb3eP8RNA
  eeeb01c5f98c311eb587 | https://sciencedirect.com/science/article/pii/S0929119922001584
  ef082e4b61d3ecbd2ed7 | https://serottelaw.com/articles/congress-further-limits-immigrants-access-to-public-benefits
  ef0fccbe8b397fd5725e | https://nytimes.com/2024/06/03/us/politics/medicaid-reenrollment-black-hispanic.html
  efc02c1c87a01abeb879 | https://idbinvest.org/en/blog/gender/uncovering-hidden-cost-gender-biases-lending-women
  efc44c610595bff9fe1d | https://endhomelessness.org/people-with-unaddressed-health-conditions
  efc5a4e461dc64825498 | https://betterangels.la/halo/preventions/why-are-people-homeless
  f0037c0c116c4780f122 | https://aft.org/ae/spring2017/gandara
  f008806b3cdf4b7af519 | https://prisonpolicy.org/blog/2020/06/05/policingfacts
  f04bf4494ddee03d85e0 | https://pmc.ncbi.nlm.nih.gov/articles/PMC5493509
  f0a17de66346b422c1d0 | https://urban.org/research/publication/people-disabilities-living-us-face-urgent-barriers-housing
  f0cb68bf408cbd5346c7 | https://hispanicresearchcenter.org/hisp-family-facts/hispanic-family-facts-low-income-hispanics-may-have-misconceptions-about-eligibility-for-government-assistance-programs
  f0db666701ff351ea267 | https://preprints.org/manuscript/202410.0403/v1
  f1ba26b69f35f1e19686 | https://pmc.ncbi.nlm.nih.gov/articles/PMC10251765
  f1f322951bb563e6320a | https://researchgate.net/publication/372905281_Administrative_Burdens_and_Economic_Insecurity_Among_Black_Latino_and_White_Families
  f207cfdba70c76b9c8a6 | https://researchgate.net/publication/391420316_Access_Denied_Enrollment_and_Retention_Challenges_for_Transgender_Students
  f24de4e8f7cf0034609c | https://pmc.ncbi.nlm.nih.gov/articles/PMC9744995
  f252962e9f65eefd1e5a | https://pmc.ncbi.nlm.nih.gov/articles/PMC6002151
  f2997420597fea53f7fb | https://pmc.ncbi.nlm.nih.gov/articles/PMC12135156
  f2d3c4371b58eddbf702 | https://pmc.ncbi.nlm.nih.gov/articles/PMC7376301
  f2d7ffde1279575a8220 | https://nsuworks.nova.edu/fse_etd/1194
  f354d0e216bfca988dd4 | https://nwlc.org/resource/by-the-numbers-data-on-key-programs-for-the-well-being-of-women-lgbtqi-people-and-their-families
  f35e4b41f9770a9690f3 | https://eric.ed.gov/?id=EJ1129434
  f38d3ed1d8e210956d2f | https://thetrevorproject.org/research-briefs/bullying-and-suicide-risk-among-lgbtq-youth
  f3cf6770f761e4fa5a5e | https://williamsinstitute.law.ucla.edu/press/lgbt-snap-benefits-press-release
  f3e946ea8ac048e2a62d | https://pmc.ncbi.nlm.nih.gov/articles/PMC11523499
  f445de95ace940fe9789 | https://theconversation.com/the-disturbing-connection-between-bullying-and-sexual-harassment-68033
  f456c2e05709aa038238 | https://repositories.lib.utexas.edu/items/17ba30b4-025e-4d71-af1c-6f1d988445d1
  f497b1c93274e3fb3f4a | https://tuc.org.uk/research-analysis/reports/bullying-harassment-and-discrimination-lgbt-people-workplace
  f4ed77128ae6a6f08b44 | https://epi.org/unequalpower/publications/understanding-black-white-disparities-in-labor-market-outcomes
  f5022541018ac45c65da | https://pmc.ncbi.nlm.nih.gov/articles/PMC10431638
  f50c2056208064c7c952 | https://cdc.gov/places/measure-definitions/prevention.html
  f51f32a07d76c3952854 | https://cluballiance.aaa.com/the-extra-mile/advice/budget/factors-lenders-consider-for-credit-approval
  f5229c2773fea0403baa | https://unesco.org/en/health-education/safe-learning-environments
  f552be868377ebcb3e62 | https://aecf.org/blog/racial-inequality-in-education
  f585b2e536da81d51522 | https://csd.wustl.edu/26-30
  f58ceb907d706868c38b | https://right-to-education.org/girlswomen
  f58f2ccb07f62e438e0d | https://vera.org/news/mass-incarceration-is-a-public-health-crisis
  f59887fad6a0e592b422 | https://betsylehmancenterma.gov/news/racial-bias-can-affect-how-patient-safety-events-are-reported
  f5c71ec54aa51bf31802 | https://ojp.gov/ncjrs/virtual-library/abstracts/understanding-police-decisions-arrest-impact-situational-officer
  f5ed8d1862e97b6d9f81 | https://pmc.ncbi.nlm.nih.gov/articles/PMC4651212
  f5f04319ebded9af5ba3 | https://pmc.ncbi.nlm.nih.gov/articles/PMC9636806
  f62ef303d6874e05ede7 | https://americanprogress.org/article/lgbtqi-people-are-underinsured-and-experience-health-insurance-discrimination-in-key-areas
  f66dfe263cf857f43052 | https://pmc.ncbi.nlm.nih.gov/articles/PMC1495054
  f6806790825a3acc0974 | https://nces.ed.gov/programs/coe/indicator/a10/bullying-electronic-bullying
  f6894e6336bab15580f5 | https://corescholar.libraries.wright.edu/cgi/viewcontent.cgi?article=2710&context=etd_all
  f68fae81696e5183ceac | https://wcnc.com/article/life/holidays/black-history-month/investopedia-report-financial-disparities-credit-scores-black-hispanic-native-communities/275-4f317033-2a1d-459a-b38c-1e9e43860e1e
  f6af88bbf431c831beb1 | https://scholarcommons.sc.edu/cgi/viewcontent.cgi?article=1006&context=crim_facpub
  f6f5d499b2b633a608f7 | https://epgn.com/2020/10/28/new-study-shows-roots-of-lgbtq-poverty-and-need-for-government-data
  f70b8298fc944a353a19 | https://sciencedirect.com/science/article/abs/pii/S0047235220300684
  f70cef7ae2fc815b85e6 | https://a816-dohbesp.nyc.gov/IndicatorPublic/data-stories/housing-creates-health
  f71a506c545f5836eabb | https://policingequity.org/resource-library/use-of-force
  f738451ab7946b42ebc6 | https://rudermanfoundation.org/white_papers/media-coverage-of-law-enforcement-use-of-force-and-disability
  f7618c663e12a3e7225d | https://offitkurman.com/offit-kurman-blogs/essential-legal-documents-transpeople-must-update-for-protection
  f7651059ee321a0fa4e6 | https://americanprogress.org/article/advancing-economic-security-people-disabilities
  f7ffe58e56617333d73e | https://endhomelessness.org/overview
  f80a3040fe0bf24209a0 | https://patientsafetylearning.org/blog/dangerous-exclusions-the-risk-to-patient-safety-of-sex-and-gender-bias
  f84eef3dc4845cd8d901 | https://accessiblelaw.untdallas.edu/post/when-algorithms-judge-your-credit-understanding-ai-bias-in-lending-decisions
  f899bc13d8b9a7c65c86 | https://news-medical.net/news/20260923/Socioeconomic-factors-explain-racial-differences-in-disability-insurance-approvals.aspx
  f8b26819ab2201b319a0 | https://williamsinstitute.law.ucla.edu/publications/lgbtq-colleges-grad-school
  f8da42d42df89f65688b | https://americanbar.org/groups/diversity/sexual_orientation/publications/equalizer/2019-july/impact-of-incarceration-and-policing-in-our-community
  f94026562c806f8a34b9 | https://stpaulscenter.com/racial-inequities
  f9a04b1ac569dcdba52f | https://mdpi.com/1660-4601/19/8/4502
  f9c520094deddc3dee5f | https://prisonpolicy.org/blog/2022/03/31/transgender_incarceration
  fa51c6c99aa0429d37ca | https://greatplacetowork.com/resources/blog/hiring-employees-with-disabilities
  fa7c21ebc9a5f7e0ba8f | https://latino.ucla.edu/research/redefine-latinx-homelessness
  fa826f7b52a5840332f9 | https://foxrothschild.com/publications/the-eeocs-enforcement-guidance-on-harassment-in-the-workplace-what-employers-need-to-know
  faaf6ee34b43ee3962e3 | https://tandfonline.com/doi/full/10.1080/15348431.2024.2333885
  fae834cfbefcbd5521c4 | https://nhchc.org/wp-content/uploads/2019/08/in-focus_transgender_sep2014_final.pdf
  fb0dfff5ec86ba8d6cd1 | https://cato.org/sites/cato.org/files/serials/files/cato-journal/1995/11/cj15n2-3-5.pdf
  fb8b1f823b432a9f612a | https://scholars.org/brief/how-federal-government-policies-have-helped-women-earn-college-degrees
  fbcb33505aa0787bf0ff | https://pmc.ncbi.nlm.nih.gov/articles/PMC7794398
  fbe40da610701a77acf3 | https://digitalgovernmenthub.org/library/fewer-burdens-but-greater-inequality-reevaluating-the-safety-net-through-the-lens-of-administrative-burden
  fc1b74f597b0241a8f8d | https://hiplatina.com/snap-benefits-latine-community
  fc2e4afd5a9dce32a1fc | https://files.crisesnotes.com/article/navigating-the-complete-guide-to-snap-benefits-applications
  fc2fa9ff1769607a6439 | https://eeoc.gov/youth/disability-discrimination
  fc70e208d3414b099a87 | https://merckmanuals.com/home/special-subjects/prevention/overview-of-preventive-care
  fcbdc4c9097da4271034 | https://pmc.ncbi.nlm.nih.gov/articles/PMC8252906
  fcdd4e6b283defe7def0 | https://comptroller.nyc.gov/reports/access-to-banking-credit-in-new-york-city
  fcf0a7f74a9480f63a6d | https://triagecancer.org/financial-assistance-can-impact-your-government-benefits
  fd1740f02c5e15ade32a | https://pmc.ncbi.nlm.nih.gov/articles/PMC10174265
  fd61e46f745008a055e0 | https://prisonpolicy.org/research/women_and_gender
  fd671b6e0608b9cf2e0b | https://urban.org/urban-wire/how-can-we-reduce-housing-instability-among-lgbtq-americans
  fdc0935d622d821f9d9c | https://equineteurope.org/wp-content/uploads/2021/01/Women-in-Poverty_-Access-to-Education.pdf
  fdc342e38be260a4af8d | https://jff.org/blog/how-employers-can-address-social-determinants-work
  fdef0ff68550ff94af47 | https://sciencedirect.com/science/article/abs/pii/S1053482213000648
  fe42ab0966b745db0060 | https://pmc.ncbi.nlm.nih.gov/articles/PMC3375851
  fe689e17c7a06f8c444e | https://pmc.ncbi.nlm.nih.gov/articles/PMC8848989
  fe8f9a51884018eef3b1 | https://arlingtonlifeshelter.org/how-we-help/resources/causes-of-homelessness.html
  feccf3fc5115122827e1 | https://pmc.ncbi.nlm.nih.gov/articles/PMC13252812
  fefb43cfbc966d91f8bd | https://naspa.org/blog/supporting-queer-and-trans-college-students-amidst-political-turmoil
  ff37434021ea46b94344 | https://study.com/academy/lesson/video/factors-that-affect-credit-worthiness.html
  ff3f182ece559b784817 | https://youtube.com/watch?t=136s&v=duCGAeNglcw
  ff80a8bc1c518e0eee36 | https://ewa.org/data-research-tips/how-black-girls-are-harmed-in-schools
  ffad66be1cd04074d5dd | https://stopbullying.gov/sites/default/files/2017-09/lgbtyouthtipsheet.pdf
  ffc995d1bb8c677952c9 | https://hispanicresearchcenter.org/research-resources/national-profile-of-latino-parents-education-attainment-underscores-the-diverse-educational-needs-of-a-fast-growing-population?print=print

================================================================================
PARALLEL SOURCE COLLECTION
================================================================================
[1/1,630] OK | https://pmc.ncbi.nlm.nih.gov/articles/PMC11044716
[2/1,630] curl_error | https://mckinsey.com/featured-insights/diversity-and-inclusion/being-transgender-at-work
[3/1,630] curl_error | https://penalreform.org/issues/women/key-facts
[4/1,630] http_error | https://lulac.org/advocacy/issues/criminal_justice_reform
[5/1,630] OK | https://naacp.org/resources/affirmative-action-education-matters
[6/1,630] http_error | https://weforum.org/stories/2015/08/why-lgbti-people-face-barriers-to-education-and-employment
[7/1,630] http_error | https://americanprogress.org/article/understanding-policing-black-disabled-bodies
[8/1,630] OK | https://advocacysnt.org/articles/avoiding-benefits-trap-special-needs-planning
[9/1,630] OK | https://youtube.com/watch?t=1s&v=RwUG8Rann9Q
[10/1,630] OK | https://hracuity.com/blog/female-workplace-harassment
[11/1,630] OK | https://mitsloan.mit.edu/ideas-made-to-matter/how-to-hire-and-support-more-women-your-organization
[12/1,630] http_error | https://urban.org/urban-wire/policing-killing-black-disabled-people-centering-intersectionality-critical-reducing-harm
[13/1,630] http_error | https://nasfaa.org/news-item/34147/Report_The_Biggest_Barriers_to_Higher_Ed_Enrollment_Are_Cost_and_Lack_of_Financial_Ai
[14/1,630] OK | https://thetrevorproject.org/wp-content/uploads/2022/02/Trevor-Project-Homelessness-Report.pdf
[15/1,630] OK | https://thechampionbank.com/3-factors-lending-services-consider-before-approving-a-personal-loan
[16/1,630] http_error | https://researchgate.net/publication/230566333_What_Do_Women_Know_about_Government_Services_and_Benefits
[17/1,630] http_error | https://scholarworks.gvsu.edu/cgi/viewcontent.cgi?article=1135&context=gradprojects
[18/1,630] OK | https://chiefhealthcareexecutive.com/view/patients-with-disabilities-are-more-vulnerable-to-safety-concerns
[19/1,630] http_error | https://americanprogress.org/article/fact-sheet-lgbt-discrimination-in-higher-education-financial-aid
[20/1,630] http_error | https://researchgate.net/publication/225650664_Men_accessing_education_Masculinities_class_and_choice
[21/1,630] OK | https://onwisconsin.uwalumni.com/the-rise-of-transgender-bullying
[22/1,630] OK | https://scholarworks.waldenu.edu/dissertations/11774
[23/1,630] OK | https://youtube.com/watch?t=3s&v=-dUPODTWevk
[24/1,630] curl_error | https://ssa.gov/disability/eligibility
[25/1,630] http_error | https://archive-housingmatters.urban.org/research-summary/transgender-and-gender-nonconforming-people-experiencing-housi
[26/1,630] http_error | https://admissionsmom.college/lgbtq-resources/navigating-college-admissions-as-a-transgender-applicant-2026
[27/1,630] OK | https://prisonpolicy.org/reports/pretrial_racial_disparities_sources.html
[28/1,630] OK | https://texashealth.org/areyouawellbeing/Mens-Health/The-Importance-of-Preventive-Care-for-Men
[29/1,630] http_error | https://scholarworks.umt.edu/cgi/viewcontent.cgi?article=13174&context=etd
[30/1,630] OK | https://experian.com/blogs/ask-experian/why-credit-is-important-people-with-disabilities
[31/1,630] curl_error | https://stlouisfed.org/community-development/publications/access-credit-financial-services-bridge-financial-well-being
[32/1,630] OK | https://nlc.org/article/2020/07/09/embedding-racial-equity-in-housing
[33/1,630] curl_error | https://ssa.gov/benefits/disability/work.html
[34/1,630] OK | https://diversityjobs.com/career-advice/team-building/should-employers-give-hiring-preference-to-hispanic-job-candidates
[35/1,630] OK | https://scarleteen.com/read/identity/understanding-lgbtq-youth-homelessness
[36/1,630] OK | https://ebsco.com/research-starters/education/inequality-and-access-higher-education
[37/1,630] http_error | https://stopbullying.gov/bullying/groups
[38/1,630] http_error | https://dcba.org/mpage/v32-James-Naughton
[39/1,630] robots_disallowed | https://digitalgovernmenthub.org/library/racial-and-ethnic-differences-in-experiencing-administrative-burdens-in-public-
[40/1,630] http_error | https://eji.org/criminal-justice-reform
[41/1,630] OK | https://pmc.ncbi.nlm.nih.gov/articles/PMC12071379
[42/1,630] OK | https://pmc.ncbi.nlm.nih.gov/articles/PMC7678806
[43/1,630] OK | https://pmc.ncbi.nlm.nih.gov/articles/PMC10728397
[44/1,630] http_error | https://resources.healthgrades.com/pro/americans-put-off-health-screenings
[45/1,630] http_error | https://urban.org/urban-wire/how-can-we-advance-latino-homeownership-and-housing-stability
[46/1,630] http_error | https://urban.org/urban-wire/how-local-differences-race-and-place-affect-mortgage-lending
[47/1,630] OK | https://shrm.org/topics-tools/news/talent-acquisition/hiring-hispanics-requires-awareness-differences
[48/1,630] http_error | https://medium.com/commonfuture/why-credit-scores-are-racist-da109fcfb300
[49/1,630] OK | https://pmc.ncbi.nlm.nih.gov/articles/PMC3671490
[50/1,630] http_error | https://mdpi.com/2673-995X/5/4/128
[51/1,630] OK | https://cidrap.umn.edu/covid-19/black-hispanic-adults-double-risk-losing-medicaid-after-covid-emergency-ended-study-find
[52/1,630] OK | https://housingsolutionstulsa.org/spotlight-on-disability-and-homelessness
[53/1,630] OK | https://nationalhomeless.org/lgbtq-homelessness
[54/1,630] curl_error | https://penalreform.org/issues/lgbtq-people/the-issue
[55/1,630] http_error | https://cis.org/Report/Welfare-Use-Immigrants-and-USBorn-2024
[56/1,630] http_error | https://acog.org/clinical/clinical-guidance/committee-opinion/articles/2021/03/health-care-for-transgender-and-gender-di
[57/1,630] OK | https://pmc.ncbi.nlm.nih.gov/articles/PMC7346414
[58/1,630] OK | https://huduser.gov/portal/periodicals/cityscpe/vol23num2/ch7.pdf
[59/1,630] http_error | https://finhealthnetwork.org/research/the-financial-health-of-people-with-disabilities?ki-cf-botcl=1
[60/1,630] OK | https://chci.org/wp-content/uploads/2026/04/2026-Denys-Castillo.pdf
[61/1,630] OK | https://worldatwork.org/publications/workspan-daily/how-organizations-can-remove-career-development-barriers-for-women
[62/1,630] OK | https://equalrightscenter.org/lgbtq-housing-rights-2026
[63/1,630] http_error | https://pfizer.com/news/articles/health_disparities_among_african_americans
[64/1,630] http_error | https://nerdwallet.com/credit-cards/learn/how-lgbtq-americans-can-build-credit
[65/1,630] OK | https://ccrw.org/unlocking-career-advancement
[66/1,630] OK | https://ecs.org/addressing-inequities-in-higher-education
[67/1,630] OK | https://youtube.com/watch?v=5K3uoHsaxmc
[68/1,630] OK | https://la.myneighborhooddata.org/2021/07/latino-representation-in-the-criminal-justice-system
[69/1,630] OK | https://pmc.ncbi.nlm.nih.gov/articles/PMC11089913
[70/1,630] OK | https://pmc.ncbi.nlm.nih.gov/articles/PMC12295307
[71/1,630] OK | https://wellsfargo.com/financial-education/credit-management/five-c
[72/1,630] OK | https://odphp.health.gov/healthypeople/priority-areas/social-determinants-health/literature-summaries/incarceration
[73/1,630] http_error | https://cambridge.org/core/books/cambridge-handbook-of-policing-in-the-united-states/police-and-the-criminalization-of-l
[74/1,630] robots_disallowed | https://google.com/goto?url=CAESZQHrOzAV_gdo9o_W8NHkxEt0t8CK2M5dRSyqmnAnT8rLa_jN4znYv5G5X4N6YgKwsppbj6HmQDjcm-0_-ot_m7qG
[75/1,630] http_error | https://americanprogress.org/article/improving-lives-rights-lgbtq-people-america
[76/1,630] OK | https://odphp.health.gov/healthypeople/priority-areas/social-determinants-health/literature-summaries/housing-instabilit
[77/1,630] http_error | https://cepr.net/publications/the-continuing-power-of-white-preferences-in-employment
[78/1,630] http_error | https://osmosis.org/blog/preventive-health-screenings-for-lgbtq-patients-what-you-need-to-know
[79/1,630] OK | https://eeoc.gov/fact-sheet/facts-about-racecolor-discrimination
[80/1,630] http_error | https://nilc.org/articles/what-new-federal-snap-restrictions-and-guidance-mean-for-immigrant-communities
[81/1,630] OK | https://pmc.ncbi.nlm.nih.gov/articles/PMC6603461
[82/1,630] OK | https://amu.apus.edu/area-of-study/criminal-justice/resources/when-is-police-use-of-force-justified
[83/1,630] OK | https://destinationhomesv.org/understanding-homelessness/causes
[84/1,630] http_error | https://finhealthnetwork.org/wp-content/uploads/2023/08/The-Financial-Health-of-People-With-Disabilities_Key-Obstacles-a
[85/1,630] OK | https://taggd.in/hr-glossary/gender-identity
[86/1,630] OK | https://hepi.ac.uk/2024/05/23/trans-and-non-binary-student-experiences-in-higher-education
[87/1,630] http_error | https://journals.sagepub.com/doi/full/10.1177/0275074020919908
[88/1,630] OK | https://icjia.illinois.gov/researchhub/articles/examining-the-experiences-of-women-police-leaders-in-illinois
[89/1,630] OK | https://pmc.ncbi.nlm.nih.gov/articles/PMC12193340
[90/1,630] http_error | https://cis.org/Report/Welfare-Use-Immigrants-and-USBorn-2022
[91/1,630] http_error | https://iyfglobal.org/reflecting-how-hispanic-heritage-has-influenced-career-development
[92/1,630] OK | https://theblackstudentadvocatenetwork.com/blog/breaking-down-the-root-causes-of-violence-in-schools-and-what-can-be-don
[93/1,630] robots_disallowed | https://scarincihollenbeck.com/law-firm-insights/workplace-sexual-harassment-claims
[94/1,630] OK | https://cultureconusa.org/post/hiring-bias-in-2025
[95/1,630] http_error | https://nami.org/advocacy-at-nami/policy-positions/supporting-community-inclusion-and-non-discrimination/social-determin
[96/1,630] OK | https://pmc.ncbi.nlm.nih.gov/articles/PMC12051801
[97/1,630] OK | https://2021-2025.state.gov/reports/united-states-strategy-on-global-womens-economic-security
[98/1,630] OK | https://newswise.com/articles/people-in-need-of-disability-benefits-are-facing-new-barriers-and-government-cuts-and-over
[99/1,630] OK | https://ojp.gov/pdffiles1/nij/grants/310466.pdf
[100/1,630] curl_error | https://rsfjournal.org/content/11/3/22
[101/1,630] OK | https://pubmed.ncbi.nlm.nih.gov/12269173
[102/1,630] OK | https://bestcolleges.com/resources/credit-literacy-black-hispanic-students
[103/1,630] http_error | https://urban.org/urban-wire/what-will-it-take-help-latina-moms-hold-homeownership-gains
[104/1,630] OK | https://home.treasury.gov/news/featured-stories/racial-differences-in-economic-security-housing
[105/1,630] OK | https://pmc.ncbi.nlm.nih.gov/articles/PMC10466048
[106/1,630] OK | https://ihep.org/press/new-report-higher-education-opportunities-for-students-with-disabilities-a-primer-for-policymaker
[107/1,630] OK | https://nacacnet.org/resources/barriers-to-successfully-financing-a-college-education/student-access-to-college-counseli
[108/1,630] http_error | https://ncsl.org/civil-and-criminal-justice/racial-and-ethnic-disparities-in-the-criminal-justice-system
[109/1,630] http_error | https://croweshanahan.com/blog/2026/03/what-disqualifies-a-person-from-disability
[110/1,630] http_error | https://digitalcommons.library.uab.edu/cgi/viewcontent.cgi?article=1613&context=etd-collection
[111/1,630] http_error | https://sciencedirect.com/science/article/abs/pii/S0160252716300929
[112/1,630] http_error | https://uscis.gov/policy-manual/volume-8-part-g-chapter-7
[113/1,630] OK | https://youtube.com/watch?v=EKKkC5G9Nm4
[114/1,630] OK | https://247ssdi.com/f/ssdi-and-the-lgbtq-community-unique-challenges-and-resources
[115/1,630] OK | https://pmc.ncbi.nlm.nih.gov/articles/PMC12628517
[116/1,630] OK | https://corwin-connect.com/2014/10/bullying-students-with-disabilities
[117/1,630] OK | https://pmc.ncbi.nlm.nih.gov/articles/PMC10484126
[118/1,630] http_error | https://investopedia.com/terms/f/five-c-credit.asp
[119/1,630] OK | https://pn3policy.org/race-and-racial-perceptions-shape-burden-tolerance-for-medicaid-and-the-supplemental-nutrition-ass
[120/1,630] http_error | https://sciencedirect.com/science/article/pii/S2590291126002494
[121/1,630] OK | https://nationalhomeless.org/homelessness-in-the-us
[122/1,630] robots_disallowed | https://link.springer.com/article/10.1007/s00148-024-01031-w
[123/1,630] http_error | https://pewresearch.org/short-reads/2021/11/08/whats-behind-the-growing-gap-between-men-and-women-in-college-completion
[124/1,630] OK | https://youtube.com/watch?t=79s&v=8lQxsJY3D20
[125/1,630] http_error | https://journals.sagepub.com/doi/10.1177/23328584241298951
[126/1,630] OK | https://d-nb.info/1387925644/34
[127/1,630] OK | https://mhanational.org/resources/bullying-lgbt-youth
[128/1,630] OK | https://unwomen.org/en/what-we-do/economic-empowerment/facts-and-figures
[129/1,630] OK | https://hrlibrary.umn.edu/svaw/harassment/explore/3causes.htm
[130/1,630] http_error | https://safehousingpartnerships.org/wp-content/uploads/2025/05/Equal-Access-for-Transgender-People-Supporting-Inclusive-
[131/1,630] OK | https://youtube.com/watch?t=30s&v=Lih6wkmQTs0
[132/1,630] http_error | https://crosslawfirm.com/blog/2025/06/how-does-discrimination-affect-workers-with-disabilities-2
[133/1,630] OK | https://revealnews.org/article/the-secret-bias-hidden-in-mortgage-approval-algorithms
[134/1,630] http_error | https://careervillage.org/questions/704467/what-are-the-key-factors-that-employers-look-for-when-hiring-people
[135/1,630] http_error | https://epi.org/publication/chasing-the-dream-of-equity
[136/1,630] OK | https://higheredtoday.org/2017/04/10/lgbtq-students-higher-education
[137/1,630] OK | https://pmc.ncbi.nlm.nih.gov/articles/PMC11762843
[138/1,630] http_error | https://healthaffairs.org/content/briefs/administrative-burdens-can-harm-health-1773889203949
[139/1,630] http_error | https://urban.org/urban-wire/domestic-violence-survivors-urgently-need-housing-stability-and-solutions-during-pandemic
[140/1,630] OK | https://pmc.ncbi.nlm.nih.gov/articles/PMC13384522
[141/1,630] OK | https://nacacnet.org/resources/newsroom/journal-of-college-admission
[142/1,630] OK | https://census.gov/library/stories/2022/05/who-is-receiving-social-safety-net-benefits.html
[143/1,630] http_error | https://sciencedirect.com/science/article/pii/S1747938X25000260
[144/1,630] OK | https://pmc.ncbi.nlm.nih.gov/articles/PMC5976555
[145/1,630] OK | https://archive.ada.gov/criminaljustice/cj_related_resources.html
[146/1,630] OK | https://hssib.org.uk/patient-safety-investigations/caring-for-adults-with-learning-disabilities-in-acute-hospitals/inves
[147/1,630] OK | https://youtube.com/shorts/eDNFOyAXt7Q
[148/1,630] http_error | https://scholarship.law.umn.edu/cgi/viewcontent.cgi?article=1670&context=lawineq
[149/1,630] OK | https://siepr.stanford.edu/publications/policy-brief/financing-black-owned-businesses
[150/1,630] OK | https://transequality.org/resources/know-your-rights-employment
[151/1,630] OK | https://vera.org/ending-mass-incarceration/causes-of-mass-incarceration
[152/1,630] http_error | https://omahawomensfund.org/the-impact-of-housing-justice-on-gender-equity
[153/1,630] OK | https://pmc.ncbi.nlm.nih.gov/articles/PMC2831379
[154/1,630] OK | https://youtube.com/watch?t=68s&v=_X1Yd5UFUvk
[155/1,630] http_error | https://journals.sagepub.com/doi/10.1089/cyber.2012.0132?cf-mal-redirected=true
[156/1,630] OK | https://medicaleconomics.com/view/90-of-americans-delay-preventive-screenings-aflac-survey-finds
[157/1,630] OK | https://aacn.org/blog/caring-for-lgbtq-patients-in-critical-and-progressive-care
[158/1,630] OK | https://outandequal.org/resource/3insights-financialservicessector
[159/1,630] OK | https://pmc.ncbi.nlm.nih.gov/articles/PMC10726945
[160/1,630] OK | https://nacacnet.org/factors-in-college-admission
[161/1,630] OK | https://theconversation.com/white-men-who-have-been-mistreated-at-work-are-more-likely-to-notice-and-report-harassment-n
[162/1,630] http_error | https://sciencedirect.com/science/article/pii/S2211335522001887
[163/1,630] OK | https://thecicn.org/factors-and-barriers-that-influence-career-development
[164/1,630] OK | https://pmc.ncbi.nlm.nih.gov/articles/PMC9017075
[165/1,630] http_error | https://emerald.com/edi/article/39/4/395/81078/Mechanisms-for-hiring-discrimination-of-immigrant
[166/1,630] OK | https://pmc.ncbi.nlm.nih.gov/articles/PMC9931624
[167/1,630] OK | https://pmc.ncbi.nlm.nih.gov/articles/PMC8536312
[168/1,630] OK | https://kff.org/womens-health-policy/medicaid-coverage-for-women
[169/1,630] http_error | https://aarp.org/social-security/survivor-benefits-lgbtq-expansion
[170/1,630] OK | https://share.google/6j88EzTlb4q7XEpi0
[171/1,630] OK | https://brookings.edu/articles/there-are-clear-race-based-inequalities-in-health-insurance-and-health-outcomes
[172/1,630] OK | https://homelessnesssolutions.net/wp-content/uploads/2025/06/Equal-Access-for-Transgender-People-Supporting-Inclusive-Ho
[173/1,630] OK | https://pmc.ncbi.nlm.nih.gov/articles/PMC1495328
[174/1,630] OK | https://eastersealsar.com/the-effectiveness-of-inclusive-education-for-children-with-disabilities
[175/1,630] OK | https://transcanwork.org/news/mental-health-and-the-workplace-how-discrimination-impacts-noncisgender-employees
[176/1,630] OK | https://ovid.com/journals/lhub/abstract/10.1037/lhb0000218~how-suspect-race-affects-police-use-of-force-in-an?redirectio
[177/1,630] OK | https://youtube.com/shorts/TMWQW9uQ2mI
[178/1,630] OK | https://giwps.georgetown.edu/2020/04/17/at-the-intersection-of-vulnerabilities-women-and-girls-experiencing-homelessness
[179/1,630] http_error | https://finca.org/5-reasons-why-more-women-need-financial-services
[180/1,630] OK | https://nlihc.org/resource/hispanic-households-face-systemic-barriers-housing
[181/1,630] OK | https://financialplanningassociation.org/article/journal/JUN15-strategies-increase-financial-asset-ownership-among-us-hi
[182/1,630] OK | https://newamerica.org/insights/racialized-costs-banking/the-racialized-costs-of-banking
[183/1,630] OK | https://pmc.ncbi.nlm.nih.gov/articles/PMC6608682
[184/1,630] OK | https://fkc.bank/blog/serving-customers-with-disabilities-is-vital-for-financial-inclusion
[185/1,630] http_error | https://penncapital-star.com/civil-rights-social-justice/new-study-shows-roots-of-lgbtq-poverty-and-need-for-government-
[186/1,630] http_error | https://urbanhealthplan.org/medicaid-snap
[187/1,630] OK | https://apps.urban.org/features/latino-financial-needs-community-lending
[188/1,630] OK | https://pmc.ncbi.nlm.nih.gov/articles/PMC12960585
[189/1,630] http_error | https://nationaldisabilitycenter.org/resources/the-current-status-of-accessibility-in-american-higher-education
[190/1,630] OK | https://study.com/academy/lesson/video/how-demographics-contribute-to-crime.html
[191/1,630] OK | https://files.eric.ed.gov/fulltext/EJ1479001.pdf
[192/1,630] OK | https://pmc.ncbi.nlm.nih.gov/articles/PMC3545196
[193/1,630] OK | https://ivywise.com/ivywise-knowledgebase/the-truth-about-the-gender-gap-on-college-campuses
[194/1,630] OK | https://pmc.ncbi.nlm.nih.gov/articles/PMC4721598
[195/1,630] OK | https://insidehighered.com/admissions/article/2021/12/06/study-shows-ways-white-students-have-advantages-admissions
[196/1,630] http_error | https://unclenoir.org/news/2020/preventive-health-for-men--why-it-matters
[197/1,630] OK | https://sentencingproject.org/reports/one-in-five-racial-disparity-in-imprisonment-causes-and-remedies
[198/1,630] OK | https://aclu.org/press-releases/new-report-finds-harassment-mistreatment-fuels-mistrust-among-lgbtq-people-towards-polic
[199/1,630] OK | https://pmc.ncbi.nlm.nih.gov/articles/PMC11262546
[200/1,630] http_error | https://academic.oup.com/socpro/article/73/4/1138/8257659
[201/1,630] OK | https://cameron-deal.github.io/files/gov_assistance_wp.pdf
[202/1,630] OK | https://actuary.org/women-and-social-security
[203/1,630] OK | https://muse.jhu.edu/verify?r=9492787&url=%2Farticle%2F965531%2Fsummary
[204/1,630] OK | https://pmc.ncbi.nlm.nih.gov/articles/PMC7322061
[205/1,630] OK | https://youtube.com/watch?t=27s&v=7qOlZ3tG3R0
[206/1,630] OK | https://finance.yahoo.com/news/race-impacts-credit-history-effect-110039095.html
[207/1,630] http_error | https://journals.sagepub.com/doi/10.1177/21533687251314137
[208/1,630] OK | https://habitat.org/stories/research-series-how-do-racial-inequities-limit-homeownership-opportunities
[209/1,630] robots_disallowed | https://linkedin.com/top-content/recruitment-hr/importance-of-hiring-practices/how-job-postings-impact-female-hiring-rat
[210/1,630] http_error | https://transcare.ucsf.edu/guidelines/insurance
[211/1,630] http_error | https://sciencedirect.com/science/article/abs/pii/S0160252720300285
[212/1,630] OK | https://pmc.ncbi.nlm.nih.gov/articles/PMC1402283
[213/1,630] OK | https://crr.bc.edu/many-barriers-hinder-rural-use-of-government-programs
[214/1,630] OK | https://cls.ucl.ac.uk/mens-overconfidence-helps-them-reach-top-jobs
[215/1,630] http_error | https://jec.senate.gov/public/index.cfm/democrats/2022/8/new-jec-report-finds-barriers-to-financial-inclusion-cause-wide
[216/1,630] OK | https://gendergp.com/blog/being-trans-and-gender-diverse-at-the-workplace-discrimination
[217/1,630] OK | https://safetyandjusticechallenge.org/blog/reshaping-the-justice-system-for-people-with-disabilities
[218/1,630] OK | https://nsvrc.org/blog_post/what-connection-between-housing-inequality-sexual-violence-and-white-supremacy
[219/1,630] OK | https://thinkequitable.com/housing-barriers
[220/1,630] OK | https://kff.org/affordable-care-act/demographics-insurance-coverage-and-access-to-care-among-transgender-adults
[221/1,630] OK | https://pmc.ncbi.nlm.nih.gov/articles/PMC4802845
[222/1,630] OK | https://cfr.org/articles/ten-factors-affect-womens-economic-empowerment
[223/1,630] http_error | https://zakaylaw.com/blog/2026/january/gender-bias-at-work-impact-on-career-growth-what
[224/1,630] OK | https://frontiersin.org/journals/psychology/articles/10.3389/fpsyg.2025.1664252/full
[225/1,630] OK | https://youtube.com/watch?t=2s&v=YVC8aANnBIg
[226/1,630] robots_disallowed | https://link.springer.com/chapter/10.1007/978-3-031-76898-9_21
[227/1,630] http_error | https://sciencedirect.com/science/article/pii/S0749379725004453
[228/1,630] OK | https://sentencingproject.org/reports/mass-incarceration-trends
[229/1,630] OK | https://unitedwaynca.org/facts-about-homelessness
[230/1,630] http_error | https://cbpp.org/research/health/how-to-streamline-verification-of-eligibility-for-medicaid-and-snap
[231/1,630] OK | https://frontiersin.org/journals/public-health/articles/10.3389/fpubh.2026.1765145/full
[232/1,630] OK | https://dev.cjcenter.org/_files/apcj/1_1_homophobia.pdf
[233/1,630] http_error | https://sciencedirect.com/science/article/abs/pii/S1936657425000019
[234/1,630] http_error | https://academic.oup.com/sf/article/104/3/874/8163470
[235/1,630] http_error | https://journalofethics.ama-assn.org/article/how-cisgender-clinicians-can-help-prevent-harm-during-encounters-transgende
[236/1,630] http_error | https://ncsl.org/human-services/introduction-to-benefits-cliffs-and-public-assistance-programs
[237/1,630] http_error | https://repository.library.washu.edu/cgi/viewcontent.cgi?article=1978&context=csd_research
[238/1,630] robots_disallowed | https://facebook.com/StanfordHAI/videos/new-research-reveals-alarming-patterns-in-ai-hiring-toolsa-large-scale-study-of-
[239/1,630] OK | https://bankrate.com/
[240/1,630] OK | https://news.cornell.edu/stories/2017/11/people-disabilities-more-likely-be-arrested
[241/1,630] OK | https://preventcancer.org/news/u-s-adults-are-still-behind-on-routine-cancer-screenings-but-reasons-why-vary-by-race
[242/1,630] OK | https://pmc.ncbi.nlm.nih.gov/articles/PMC7173312
[243/1,630] OK | https://journalistsresource.org/politics-and-government/disabilities-insurance-affordable-care-act
[244/1,630] OK | https://nlihc.org/resource/latino-households-face-challenges-accessing-housing-assistance-programs
[245/1,630] http_error | https://emerald.com/sc/article/14/4/183/342705/Policing-uncontrollable-banshees-factors
[246/1,630] http_error | https://medstarhealth.org/blog/patient-safety-racism
[247/1,630] OK | https://pmc.ncbi.nlm.nih.gov/articles/PMC9231228
[248/1,630] robots_disallowed | https://linkedin.com/pulse/when-skills-equal-hidden-factors-influence-hiring-decisions-fwjyf
[249/1,630] http_error | https://commons.library.stonybrook.edu/cgi/viewcontent.cgi?article=1092&context=nyjsa
[250/1,630] http_error | https://bls.gov/blog/2024/employment-trends-of-hispanics-in-the-us-labor-force.htm
[251/1,630] OK | https://womensworldbanking.org/insights/policy-handbook-for-womens-financial-inclusion
[252/1,630] OK | https://sciencenews.org/article/black-hispanic-female-police-use-force-less-than-white-male-officers
[253/1,630] OK | https://pmc.ncbi.nlm.nih.gov/articles/PMC6612926
[254/1,630] OK | https://unidosus.org/blog/2019/05/16/latinos-housing-transportation-green-space
[255/1,630] OK | https://pmc.ncbi.nlm.nih.gov/articles/PMC2764046
[256/1,630] http_error | https://cis.org/Report/NonCitizen-Use-Welfare-Region-and-Country-Birth
[257/1,630] http_error | https://emerald.com/jsm/article-split/39/5/531/1254237/Unveiling-barriers-and-opportunities-for-LGBTQIA
[258/1,630] OK | https://sites.uab.edu/humanrights/2022/01/17/injustice-in-the-justice-system-disability-schools-and-incarceration
[259/1,630] OK | https://21kschool.com/ng/blog/factors-affecting-learning
[260/1,630] OK | https://univ-tours.hal.science/hal-03375121/document
[261/1,630] http_error | https://sciencedirect.com/science/article/pii/S0927537120300646
[262/1,630] OK | https://news.unitedforequity.org/federal-snap-cuts-have-denied-millions-of-latinos-and-other-americans-help-paying-for-f
[263/1,630] OK | https://schoolhouseconnection.org/article/student-homelessness-lessons-from-the-youth-risk-behavior-survey-yrbs
[264/1,630] http_error | https://opportunityhome.org/resources/lgbtq-rights-and-housing-fact-sheet
[265/1,630] OK | https://pmc.ncbi.nlm.nih.gov/articles/PMC9891494
[266/1,630] OK | https://congress.gov/117/meeting/house/115236/documents/HHRG-117-GO02-20221213-SD003.pdf
[267/1,630] OK | https://philadelphiafed.org/consumer-finance/mortgage-markets/how-much-does-racial-bias-affect-mortgage-lending-evidence
[268/1,630] OK | https://youtube.com/shorts/_DAJugTozQs
[269/1,630] OK | https://unidosus.org/progress-report/exploring-opportunities-for-and-barriers-to-latino-participation-in-the-modern-work
[270/1,630] OK | https://pmc.ncbi.nlm.nih.gov/articles/PMC11363849
[271/1,630] OK | https://hispanicresearchcenter.org/research-resources/how-hispanic-parents-perceive-their-need-and-eligibility-for-publi
[272/1,630] OK | https://pmc.ncbi.nlm.nih.gov/articles/PMC7358737
[273/1,630] http_error | https://info.nystateofhealth.ny.gov/stay-covered
[274/1,630] OK | https://pmc.ncbi.nlm.nih.gov/articles/PMC12547269
[275/1,630] OK | https://cgap.org/blog/banking-on-change-enabling-womens-access-to-financial-services
[276/1,630] OK | https://pmc.ncbi.nlm.nih.gov/articles/PMC7893374
[277/1,630] robots_disallowed | https://link.springer.com/article/10.1007/s10775-025-09788-6
[278/1,630] OK | https://giesbusiness.illinois.edu/news/2025/11/12/new-research-reveals-widespread-bias--inefficiency-in-credit-scoring-a
[279/1,630] http_error | https://bankrate.com/banking/banks-that-are-lgbtq-friendly
[280/1,630] OK | https://cnbc.com/2024/02/02/men-benefit-more-from-their-looks-at-work-than-women-do-new-research-shows.html
[281/1,630] http_error | https://sciencedirect.com/science/article/pii/S0001691825000605
[282/1,630] OK | https://theconversation.com/bullying-linked-to-gender-and-sexuality-often-goes-unchecked-in-schools-55639
[283/1,630] OK | https://eeoc.gov/federal-sector/report/eeoc-african-american-workgroup-report
[284/1,630] OK | https://hispanicresearchcenter.org/research-resources/highlights-decade-research-supports-economic-self-sufficiency-lati
[285/1,630] OK | https://povertyactionlab.org/policy-insight/increasing-college-access-making-application-process-easier
[286/1,630] OK | https://youtube.com/watch?t=76s&v=2eqk_2ZRybY
[287/1,630] OK | https://researchspace.ukzn.ac.za/items/40105654-e51e-4dc0-b1b0-e5852620749d
[288/1,630] OK | https://pmc.ncbi.nlm.nih.gov/articles/PMC5367475
[289/1,630] OK | https://pmc.ncbi.nlm.nih.gov/articles/PMC4141481
[290/1,630] OK | https://ojp.gov/ncjrs/virtual-library/abstracts/investigative-detention-constitutional-constraints-police-use-force
[291/1,630] OK | https://salud-america.org/what-do-latinos-think-about-preventative-care
[292/1,630] OK | https://youtube.com/watch?t=48s&v=96rwUA7pqYg
[293/1,630] http_error | https://aarp.org/pri/topics/work-finances-retirement/social-security/social-security-women
[294/1,630] http_error | https://sciencedirect.com/science/article/pii/S2590291125006060
[295/1,630] OK | https://wowremoteteams.com/blog/what-issues-are-important-to-latinos-in-the-workplace
[296/1,630] http_error | https://ama-assn.org/about/leadership/maintaining-preventive-coverage-vital-public-health
[297/1,630] OK | https://pmc.ncbi.nlm.nih.gov/articles/PMC12228652
[298/1,630] http_error | https://cbpp.org/research/poverty-and-inequality/expanding-work-requirements-would-make-it-harder-for-people-to-meet
[299/1,630] http_error | https://stephaniehahn.com/blog/2023/03/3-factors-that-increase-the-risk-of-workplace-sexual-harassment
[300/1,630] http_error | https://academicworks.cuny.edu/cgi/viewcontent.cgi?article=6918&context=gc_etds
[301/1,630] http_error | https://americanprogress.org/article/protecting-basic-living-standards-lgbtq-people
[302/1,630] OK | https://unidosus.org/blog/2026/06/16/federal-snap-cuts-have-denied-millions-of-latinos-and-other-americans-help-paying-f
[303/1,630] OK | https://nlc.org/article/2022/10/28/barriers-existing-practices-recommendations-in-housing-for-hispanic-latinx-latinoa-re
[304/1,630] http_error | https://glaad.org/reference/health
[305/1,630] http_error | https://americanprogress.org/article/gender-matters
[306/1,630] OK | https://pubmed.ncbi.nlm.nih.gov/38131728
[307/1,630] OK | https://ca.indeed.com/career-advice/career-development/choice-of-career
[308/1,630] OK | https://hdfc.bank.in/blogs/personal-loan/7-factors-that-determine-whether-your-loan-gets-sanctioned
[309/1,630] OK | https://pmc.ncbi.nlm.nih.gov/articles/PMC10103672
[310/1,630] OK | https://rasmussen.edu/degrees/health-sciences/blog/patient-safety-in-hospitals
[311/1,630] OK | https://unwomen.org/en/articles/facts-and-figures/facts-and-figures-economic-empowerment
[312/1,630] OK | https://wbur.org/cognoscenti/2023/10/19/racial-bullying-george-floyd-alexis-rickmers-oren-sellstrom
[313/1,630] OK | https://federalreserve.gov/econres/feds/how-much-does-racial-bias-affect-mortgage-lending.htm
[314/1,630] http_error | https://pnas.org/doi/10.1073/pnas.1903592116
[315/1,630] http_error | https://sciencedirect.com/science/article/abs/pii/S0190740909001819
[316/1,630] OK | https://ebsco.com/research-starters/history/welfares-impact-racialethnic-relations
[317/1,630] robots_disallowed | https://link.springer.com/article/10.1186/s12939-025-02603-2
[318/1,630] robots_disallowed | https://idra.org/resource-center/identity-based-bullying-undermines-student-safety-and-success
[319/1,630] OK | https://pmc.ncbi.nlm.nih.gov/articles/PMC4351276
[320/1,630] OK | https://lendingtree.com/personal/reasons-why-your-personal-loan-was-declined
[321/1,630] OK | https://abilitykc.org/5-commonly-faced-barriers-to-employment-that-persons-with-disabilities-often-face
[322/1,630] http_error | https://accessliving.org/access-to-justice-a-cross-disability-perspective-on-reducing-jail-incarceration/background-acce
[323/1,630] OK | https://nacacnet.org/factors-in-the-admission-decision
[324/1,630] http_error | https://share.google/ncA9pFtjUB5HJt89x
[325/1,630] http_error | https://digitalcommons.unomaha.edu/cgi/viewcontent.cgi?article=1058&context=criminaljusticefacpub
[326/1,630] OK | https://pmc.ncbi.nlm.nih.gov/articles/PMC8439157
[327/1,630] OK | https://williamsinstitute.law.ucla.edu/wp-content/uploads/Trans-Workplace-Discrimination-Nov-2024.pdf
[328/1,630] OK | https://pmc.ncbi.nlm.nih.gov/articles/PMC12821302
[329/1,630] http_error | https://healthaffairs.org/doi/10.1377/hlthaff.2019.01361
[330/1,630] http_error | https://inc.com/replacemeplease1456157247.html
[331/1,630] OK | https://who.int/news-room/fact-sheets/detail/patient-safety
[332/1,630] OK | https://pmc.ncbi.nlm.nih.gov/articles/PMC10937783
[333/1,630] OK | https://pmc.ncbi.nlm.nih.gov/articles/PMC12614286
[334/1,630] OK | https://youtube.com/watch?t=121s&v=n0urFzhWTZ4
[335/1,630] OK | https://generations.asaging.org/supporting-lgbtq-older-adults-in-retirement-through-research-and-advocacy
[336/1,630] http_error | https://migrationpolicy.org/publication/immigrants-eligibility-us-public-benefits-primer
[337/1,630] http_error | https://cambridge.org/core/journals/law-and-social-inquiry/article/preference-or-penalty-the-law-and-employers-diverging
[338/1,630] OK | https://familypromiseanoka.org/blog/disproportionate-homelessness
[339/1,630] OK | https://chartspan.com/blog/preventive-care-for-women-how-to-overcome-barriers
[340/1,630] OK | https://pewresearch.org/social-trends/2012/12/18/a-bipartisan-nation-of-beneficiaries
[341/1,630] http_error | https://researchgate.net/publication/249027896_Black_white_and_unequal_Examining_situational_determinants_of_arrest_deci
[342/1,630] http_error | https://cangrade.com/blog/talent-acquisition/6-science-backed-ways-to-prioritize-hiring-women
[343/1,630] OK | https://unesco.org/en/articles/what-you-need-know-about-school-violence-and-bullying
[344/1,630] OK | https://endhomelessness.org/blog/examining-latino-homelessness
[345/1,630] OK | https://youtube.com/watch?t=632s&v=68yf3xouXc8
[346/1,630] OK | https://brookings.edu/articles/an-analysis-of-financial-institutions-in-black-majority-communities-black-borrowers-and-d
[347/1,630] http_error | https://americanbar.org/groups/domestic_violence/Initiatives/five-for-five/five-facts-homelessness
[348/1,630] OK | https://share.google/KF9oqlhpCkFU8eBTC
[349/1,630] OK | https://pmc.ncbi.nlm.nih.gov/articles/PMC3935660
[350/1,630] OK | https://northeastada.org/blog/workplace-bullying-harassment-and-disability
[351/1,630] OK | https://pmc.ncbi.nlm.nih.gov/articles/PMC11292293
[352/1,630] OK | https://ncda.org/aws/NCDA/pt/sd/news_article/384442/_PARENT/CC_layout_details/false
[353/1,630] OK | https://healthcare.gov/how-plans-set-your-premiums
[354/1,630] OK | https://pmc.ncbi.nlm.nih.gov/articles/PMC5527844
[355/1,630] OK | https://thearc.org/blog/whats-happening-at-the-social-security-administration-heres-what-people-with-disabilities-need-t
[356/1,630] http_error | https://mdpi.com/2076-328X/15/1/61
[357/1,630] OK | https://undergraduate.northeastern.edu/prehealth/disabilities-in-healthcare-bridging-the-gap-for-inclusive-care
[358/1,630] http_error | https://ehealthinsurance.com/resources/individual-and-family/health-insurance-for-lgbtq-community
[359/1,630] OK | https://pmc.ncbi.nlm.nih.gov/articles/PMC9662773
[360/1,630] http_error | https://americanprogress.org/press/release-broken-criminal-justice-system-disproportionately-targets-and-harms-lgbt-peop
[361/1,630] OK | https://pmc.ncbi.nlm.nih.gov/articles/PMC11756264/https:/pmc.ncbi.nlm.nih.gov/articles/PMC11756264
[362/1,630] OK | https://mhanational.org/blog/challenges-being-lgbtq-workplace
[363/1,630] OK | https://aspe.hhs.gov/reports/federal-programs-persons-disabilities-0
[364/1,630] OK | https://williamsinstitute.law.ucla.edu/publications/medicaid-trans-health-care
[365/1,630] OK | https://williamsinstitute.law.ucla.edu/press/lgbtq-college-decisions
[366/1,630] OK | https://pmc.ncbi.nlm.nih.gov/articles/PMC5763841
[367/1,630] curl_error | https://ssa.gov/policy/docs/ssb/v83n3/v83n3p11.html
[368/1,630] OK | https://irp.wisc.edu/resource/making-the-u-s-safety-net-more-responsive-to-economic-downturns
[369/1,630] OK | https://specialneedsalliance.org/special-needs-101/government-benefits
[370/1,630] http_error | https://archive-housingmatters.urban.org/articles/five-facts-about-housing-access-lgbt-people
[371/1,630] http_error | https://tandfonline.com/doi/full/10.1080/07418825.2025.2550298
[372/1,630] OK | https://gearup.wa.gov/sites/default/files/resources/supporting_transgender%20and%20nonbinary_students_2025_0.pdf
[373/1,630] http_error | https://cato.org/testimony/many-factors-play-minority-access-higher-education
[374/1,630] http_error | https://tandfonline.com/doi/full/10.1080/15140326.2024.2324247
[375/1,630] OK | https://sph.umn.edu/news/7-factors-of-career-success
[376/1,630] OK | https://nlc.org/article/2023/08/17/housing-for-individuals-with-disabilities
[377/1,630] OK | https://pmc.ncbi.nlm.nih.gov/articles/PMC4718646
[378/1,630] OK | https://futureofhousing.aarp.org/systemic-barriers
[379/1,630] http_error | https://aarp.org/social-security/faq/same-sex-couples
[380/1,630] http_error | https://mrdrc.isr.umich.edu/publication/exploring-the-social-security-benefit-implications-of-same-sex-marriage-2
[381/1,630] http_error | https://digitalcommons.law.ou.edu/cgi/viewcontent.cgi?article=2257&context=olr
[382/1,630] OK | https://worksupport.com/research/documents/pdf/jablonskietal2024employmentbarriersexperiencedatdifferentjobacquisitionst
[383/1,630] OK | https://pmc.ncbi.nlm.nih.gov/articles/PMC11055463
[384/1,630] OK | https://irp.wisc.edu/resource/connections-among-poverty-incarceration-and-inequality
[385/1,630] http_error | https://cliniclegal.org/resources/ground-inadmissibility-and-deportability/uscis-expands-public-charge-discretion-what
[386/1,630] OK | https://brookings.edu/articles/the-racial-wealth-gap-financial-aid-and-college-access
[387/1,630] OK | https://endhomelessness.org/resources/research-and-analysis/demographic-data-project-race
[388/1,630] OK | http://ghlf.org/chronic-illness/insurance-health-care-rights-lgbtq
[389/1,630] OK | https://brookings.edu/articles/the-male-college-crisis-is-not-just-in-enrollment-but-completion
[390/1,630] OK | https://pmc.ncbi.nlm.nih.gov/articles/PMC3669464
[391/1,630] OK | https://ncan.org/Web/News/Race-Conscious-Admissions-and-Black-Students-The-Past-Present-and-Future.aspx
[392/1,630] http_error | https://vitalrecord.tamu.edu/how-race-and-racial-perceptions-shape-public-assistance-policy-opinions
[393/1,630] OK | https://pmc.ncbi.nlm.nih.gov/articles/PMC10811440
[394/1,630] OK | https://evidenceforjustice.georgetown.edu/race-gender/police-use-of-force-interactions-is-race-relevant-or-gender-german
[395/1,630] OK | https://vermontpublic.org/2013-10-22/getting-federal-benefits-to-gay-couples-its-complicated
[396/1,630] OK | https://blogs.worldbank.org/en/psd/empowering-women-through-digital-financial-inclusion
[397/1,630] OK | https://mx.com/research/what-influences-where-consumers-choose-to-bank
[398/1,630] OK | https://pmc.ncbi.nlm.nih.gov/articles/PMC4764796
[399/1,630] OK | https://mapresearch.org/report/unjust-how-the-broken-criminal-justice-system-fails-transgender-people
[400/1,630] curl_error | https://faireconomy.org/11_ways_the_federal_government_contributed_to_the_racial_wealth_divide
[401/1,630] OK | https://pmc.ncbi.nlm.nih.gov/articles/PMC2811044
[402/1,630] http_error | https://sciencedirect.com/science/article/pii/S2667321524001008
[403/1,630] OK | https://nlihc.org/explore-issues/why-we-care/problem
[404/1,630] OK | https://gennyb.com/research/trans-supportive-campus-policies/historically-womens-mens-colleges
[405/1,630] http_error | https://uscis.gov/policy-manual/volume-8-part-g-chapter-5
[406/1,630] OK | https://scielo.org.za/scielo.php?pid=S0256-01002025000600013&script=sci_arttext
[407/1,630] OK | https://safetyandjusticechallenge.org/wp-content/uploads/2022/05/LQBTQOverrepresentationReport-1.pdf
[408/1,630] OK | https://womensworldbanking.org/insights/womens-financial-inclusion-through-movable-collateral-three-case-studies
[409/1,630] OK | https://pubmed.ncbi.nlm.nih.gov/27996379
[410/1,630] http_error | https://un.org/womenwatch/daw/public/WorldSurvey2009.pdf
[411/1,630] OK | https://youtube.com/watch?t=418s&v=9_pMrBhrRWY
[412/1,630] OK | https://williamsinstitute.law.ucla.edu/publications/police-public-arrests-trans-people
[413/1,630] OK | https://pewresearch.org/short-reads/2025/11/14/what-the-data-says-about-food-stamps-in-the-us
[414/1,630] http_error | https://phys.org/news/2017-02-female-bosses-favour-gay-lesbian.html
[415/1,630] http_error | https://immigrantjustice.org/sites/default/files/INSECURE_COMMUNITIES_REPORT_FINAL.PDF
[416/1,630] OK | https://pubmed.ncbi.nlm.nih.gov/37782872
[417/1,630] OK | https://fiveable.me/sociology-of-education/unit-2/gender-educational-opportunities/study-guide/xfDWjXtpSezzdYpg
[418/1,630] http_error | https://americanprogress.org/article/racial-disparities-home-appreciation
[419/1,630] http_error | https://researchgate.net/publication/378853272_CAREER_GROWTH_OF_WOMEN_IN_PROFESSIONAL_FIELD
[420/1,630] OK | https://northwestfamilyclinics.com/blog/preventive-care-men
[421/1,630] OK | https://pmc.ncbi.nlm.nih.gov/articles/PMC6153163
[422/1,630] OK | https://pmc.ncbi.nlm.nih.gov/articles/PMC3766254
[423/1,630] OK | https://azcentralcu.org/blog/latinos-build-credit
[424/1,630] OK | https://pmc.ncbi.nlm.nih.gov/articles/PMC10335036
[425/1,630] http_error | https://acpjournals.org/doi/10.7326/ANNALS-24-02446
[426/1,630] OK | https://hai.stanford.edu/news/ai-hiring-tools-can-yield-racial-bias-and-systemic-rejection
[427/1,630] http_error | https://sciencedirect.com/science/article/pii/S1757780223007369
[428/1,630] OK | https://justiceinaging.org/equity-in-aging-public-benefits-and-the-realities-of-black-older-adults
[429/1,630] OK | https://themarkup.org/denied/2021/08/25/the-secret-bias-hidden-in-mortgage-approval-algorithms
[430/1,630] OK | https://shine.lab.uconn.edu/wp-content/uploads/sites/3321/2021/06/lessard_watson___puhl_2020.joya_.pdf
[431/1,630] OK | https://pmc.ncbi.nlm.nih.gov/articles/PMC11862866
[432/1,630] OK | https://oasas.ny.gov/providers/hr-1
[433/1,630] OK | https://theconversation.com/more-americans-of-all-political-stripes-support-government-benefits-for-low-income-people-an
[434/1,630] OK | https://pmc.ncbi.nlm.nih.gov/articles/PMC9888733
[435/1,630] OK | https://pmc.ncbi.nlm.nih.gov/articles/PMC10293911
[436/1,630] OK | https://modernmedicaid.org/wp-content/uploads/2022/06/MMA-health-equity-infographic_6.29.22.pdf
[437/1,630] OK | https://homelesslaw.org/wp-content/uploads/2020/08/Racism-Homelessness-and-Criminal-Legal-Systems.pdf
[438/1,630] OK | https://nwlc.org/housing-is-a-human-right-womens-lives-depend-on-it
[439/1,630] http_error | https://journals.sagepub.com/doi/10.1177/2156759X211018658
[440/1,630] OK | https://sentencingproject.org/press-releases/new-report-three-causes-of-racial-inequity-in-the-criminal-legal-system
[441/1,630] OK | https://action.deloitte.com/insight/3546/creative-with-credit-how-banks-can-assist-people-with-disabilities
[442/1,630] OK | https://pmc.ncbi.nlm.nih.gov/articles/PMC10323979
[443/1,630] http_error | https://sciencedirect.com/science/article/pii/S2590291126008223
[444/1,630] OK | https://wvpolicy.org/equity-in-education-closing-the-gap-for-black-students
[445/1,630] OK | https://news.unm.edu/news/research-finds-black-immigrant-girls-of-color-face-hostile-classrooms
[446/1,630] http_error | https://cgdev.org/blog/promoting-womens-financial-inclusion-quiet-revolution-taking-place-financial-sector
[447/1,630] hard_timeout | https://in.gov/icrc/enforcement/credit/disability-and-access-to-credit
[448/1,630] OK | https://pmc.ncbi.nlm.nih.gov/articles/PMC9716543
[449/1,630] OK | https://pmc.ncbi.nlm.nih.gov/articles/PMC4111266
[450/1,630] OK | https://pmc.ncbi.nlm.nih.gov/articles/PMC8137174
[451/1,630] OK | https://fedemploylaw.com/lgbtq-harassment-in-the-workplace-how-to-identify-prove-it
[452/1,630] http_error | https://ncua.gov/regulation-supervision/letters-credit-unions-other-guidance/equal-credit-opportunity-act-nondiscriminat
[453/1,630] OK | https://fedemploylaw.com/when-men-are-sexually-harassed-at-work-breaking-stereotypes-and-legal-myths
[454/1,630] http_error | https://forbes.com/sites/forbeseq/2025/07/08/the-business-benefits-of-hiring-people-with-disabilities
[455/1,630] OK | https://abcnews.com/US/meet-man-hoping-battle-lgbtq-bank-discrimination-credit/story?id=65947300
[456/1,630] OK | https://pmc.ncbi.nlm.nih.gov/articles/PMC6511003
[457/1,630] OK | https://holyfamily.edu/about/news-and-media/hfu-blog-network/ensuring-success-college-latinoa-students-insights-and-impe
[458/1,630] robots_disallowed | https://mrsc.org/stay-informed/mrsc-insight/february-2024/best-practices-shelters-part-one
[459/1,630] OK | https://library.hbs.edu/working-knowledge/breaking-through-the-self-doubt-that-keeps-talented-women-from-leading
[460/1,630] robots_disallowed | https://facebook.com/lalgbtcenter/posts/a-new-study-found-that-lgbtq-people-experience-housing-insecurity-at-a-higher-ra
[461/1,630] OK | https://ojp.gov/ncjrs/virtual-library/abstracts/factors-influencing-arrests-alcohol-related-traffic-violations
[462/1,630] OK | https://home.treasury.gov/news/featured-stories/racial-equity-benefits-all-americans
[463/1,630] OK | https://pmc.ncbi.nlm.nih.gov/articles/PMC3232414
[464/1,630] http_error | https://plannedparenthoodaction.org/communities/latinos-planned-parenthood/health-equity-issues-for-the-latino-community
[465/1,630] OK | https://ofboysandmen.substack.com/p/how-colleges-turned-pink
[466/1,630] OK | https://sentencingproject.org/reports/one-in-five-disparities-in-crime-and-policing
[467/1,630] http_error | https://sciencedirect.com/science/article/abs/pii/S0272775719302791
[468/1,630] hard_timeout | https://archives.hud.gov/reports/barriers.cfm
[469/1,630] http_error | https://designspecific.us.com/how-can-medical-practices-ensure-accessibility-for-patients-with-mobility-issues
[470/1,630] OK | https://siepr.stanford.edu/news/qa-whats-behind-gender-gap-disability-benefits
[471/1,630] OK | https://pmc.ncbi.nlm.nih.gov/articles/PMC12311976
[472/1,630] curl_error | https://ssa.gov/policy/docs/statcomps/di_asr/2020/sect04.html
[473/1,630] OK | https://prisonpolicy.org/reports/pie2024women.html
[474/1,630] OK | https://pmc.ncbi.nlm.nih.gov/articles/PMC12812978
[475/1,630] http_error | https://sciencedirect.com/science/article/pii/S1568484926000031
[476/1,630] OK | https://scholnicklaw.com/2017/02/factors-that-threaten-your-social-security-disability-benefits
[477/1,630] OK | https://youtube.com/watch?t=667s&v=jSqF4hs6910
[478/1,630] OK | https://pmc.ncbi.nlm.nih.gov/articles/PMC10985919
[479/1,630] OK | https://defendernetwork.com/news/education/black-youth-bullying-challenges
[480/1,630] OK | https://pubmed.ncbi.nlm.nih.gov/39227178
[481/1,630] http_error | https://migrationpolicy.org/explainer/immigrants-and-use-public-benefits-united-states
[482/1,630] http_error | https://consumerfinance.gov/archive/newsroom/consumer-financial-protection-bureau-study-finds-consumers-lower-income-are
[483/1,630] OK | https://feed.georgetown.edu/access-affordability/anti-dei-policies-a-threat-to-colleges-recruitment-of-male-applicants
[484/1,630] OK | https://hechingerreport.org/proof-points-research-on-increasing-diversity-in-college-admissions
[485/1,630] OK | https://ocalaemploymentlawyer.com/study-finds-half-of-all-lgbtq-workers-face-discrimination-in-the-workplace
[486/1,630] OK | https://sinbarrerascville.org/wp-content/uploads/2019/06/Issues-in-Latino-Education.pdf
[487/1,630] OK | https://kff.org/racial-equity-and-health-policy/how-present-day-health-disparities-for-black-people-are-linked-to-past-p
[488/1,630] OK | https://evidencebasedmentoring.org/lgbtq-college-student-guide
[489/1,630] OK | https://budgetandpolicy.org/resources-tools/2020/01/Gender-equity-fact-sheet.pdf
[490/1,630] OK | https://pmc.ncbi.nlm.nih.gov/articles/PMC10000362
[491/1,630] OK | https://rsisinternational.org/journals/ijriss/articles/structural-inequalities-and-racial-barriers-to-education-attainme
[492/1,630] OK | https://oxfordreference.com/display/10.1093/acref/9780195156003.001.0001/acref-9780195156003-e-265?d=%2F10.1093%2Facref%
[493/1,630] OK | https://jphmpdirect.com/homelessness-among-individuals-with-disabilities
[494/1,630] OK | https://pmc.ncbi.nlm.nih.gov/articles/PMC8726680
[495/1,630] OK | https://apha.org/publications/public-health-newswire/public-health-newswire/articles/women-in-law-enforcement-are-more-l
[496/1,630] OK | https://share.google/eWEebWqlNwzZ55upi
[497/1,630] OK | https://blog.magentafunding.com/insights/new-grants-for-women-owned-small-businesses
[498/1,630] OK | https://alsoweb.org/how-housing-affects-disability-support-services
[499/1,630] OK | https://right-to-education.org/issue-page/marginalised-groups/persons-disabilities
[500/1,630] OK | https://careers.bu.edu/videos/racial-discrimination-in-hiring-beat-the-bias-in-your-job-search
[501/1,630] OK | https://admissionbydesign.com/resources/12-most-important-admission-factors/https:/admissionbydesign.com/resources/12-mo
[502/1,630] OK | https://federalreserve.gov/publications/2024-economic-well-being-of-us-households-in-2023-banking-credit.htm
[503/1,630] http_error | https://sciencedirect.com/science/article/abs/pii/S0047235225000017
[504/1,630] http_error | https://tandfonline.com/doi/abs/10.1080/08974454.2018.1544104
[505/1,630] OK | https://niwr.org/2025/05/20/policy-brief-how-dei-combats-discrimination
[506/1,630] OK | https://youtube.com/watch?v=KmfTFZ90zsM
[507/1,630] OK | https://pmc.ncbi.nlm.nih.gov/articles/PMC12718199
[508/1,630] OK | https://pmc.ncbi.nlm.nih.gov/articles/PMC11418443
[509/1,630] robots_disallowed | https://digitalgovernmenthub.org/library/using-snap-data-for-medicaid-renewals-can-keep-eligible-beneficiaries-enrolled
[510/1,630] OK | https://cawc.org/news/understanding-domestic-violence-and-homelessness
[511/1,630] OK | https://williamsinstitute.law.ucla.edu/publications/transgender-higher-ed
[512/1,630] http_error | https://stopbullying.gov/bullying/at-risk
[513/1,630] http_error | https://consumerfinance.gov/archive/newsroom/cfpb-provides-guidance-to-help-lenders-avoid-discrimination-against-consume
[514/1,630] http_error | https://cbpp.org/research/housing/policymakers-can-solve-homelessness-by-scaling-up-proven-solutions-rental
[515/1,630] OK | https://hispanicresearchcenter.org/research-resources/state-level-tanf-policies-and-practice-may-shape-access-and-utiliz
[516/1,630] http_error | https://acus.gov/document/identifying-and-reducing-burdens-public-administrative-processes
[517/1,630] http_error | https://tandfonline.com/doi/abs/10.1080/16549716.2024.2342634
[518/1,630] http_error | https://americanprogress.org/article/lack-housing-mental-health-disabilities-exacerbate-one-another
[519/1,630] OK | https://latino.ucla.edu/debunking-myths-about-latinos-and-medicaid
[520/1,630] OK | https://ballardbrief.byu.edu/issue-briefs/mass-incarceration-in-the-united-states
[521/1,630] OK | https://changingperspectivesnow.org/2024/07/10/disability-inclusion-in-education-the-benefits-importance-for-all-student
[522/1,630] OK | https://digitalgovernmenthub.org/wp-content/uploads/2023/08/adminburden_differential.pdf
[523/1,630] robots_disallowed | https://academia.edu/138903810/_Bullying_and_Harassment_Prevention_in_the_Lives_of_Latina_and_Latino_Students_
[524/1,630] http_error | https://scholarship.law.gwu.edu/cgi/viewcontent.cgi?params=%2Fcontext%2Ffaculty_publications%2Farticle%2F2532%2F&path_in
[525/1,630] OK | https://solarisgroup.com/blog/finance-for-everyone
[526/1,630] OK | https://federalreserve.gov/econres/notes/feds-notes/gender-related-differences-in-credit-use-and-credit-scores-20180622.
[527/1,630] OK | https://pmc.ncbi.nlm.nih.gov/articles/PMC8025443
[528/1,630] OK | https://jraeducationalconsulting.com/blog/10-most-important-factors-in-college-admissions-6hxs7
[529/1,630] http_error | https://tuc.org.uk/research-analysis/reports/bullying-harassment-and-discrimination-disabled-people-workplace
[530/1,630] http_error | https://americanprogress.org/article/occupational-segregation-in-america
[531/1,630] OK | https://ecb.europa.eu/pub/pdf/scpwps/ecbwp1822.en.pdf
[532/1,630] http_error | https://finhealthnetwork.org/research/the-financial-health-of-people-with-disabilities
[533/1,630] OK | https://careercenter.fresnostate.edu/blog/2024/06/14/trans-and-non-binary-career-advancement-how-to-overcome-challenges-
[534/1,630] OK | https://nnedv.org/spotlight_on/impact-safe-housing-survivors
[535/1,630] OK | https://rainsburylawgroup.com/resources/what-conditions-automatically-qualify-for-disability-benefits
[536/1,630] OK | https://pmc.ncbi.nlm.nih.gov/articles/PMC8941671
[537/1,630] OK | https://pubmed.ncbi.nlm.nih.gov/36931857
[538/1,630] OK | https://experian.com/blogs/ask-experian/credit-education/score-basics/what-affects-your-credit-scores
[539/1,630] OK | https://pmc.ncbi.nlm.nih.gov/articles/PMC10824976
[540/1,630] OK | https://digitalgovernmenthub.org/wp-content/uploads/2025/12/Racial-and-Ethnic-Differences-in-Experiencing-Administrative
[541/1,630] http_error | https://voxdev.org/topic/firms/expanding-credit-access-women-entrepreneurs
[542/1,630] OK | https://thearc.org/policy-advocacy/housing
[543/1,630] OK | https://allsup.com/blog/invisible-disabilities-and-ssdi-approval-through-expert-representation
[544/1,630] OK | https://pmc.ncbi.nlm.nih.gov/articles/PMC1360918
[545/1,630] OK | https://feed.georgetown.edu/access-affordability/seeking-more-male-students-colleges-tailor-outreach-programming
[546/1,630] OK | https://pmc.ncbi.nlm.nih.gov/articles/PMC10445173
[547/1,630] OK | https://prisonpolicy.org/blog/2020/07/27/disparities
[548/1,630] http_error | https://journals.sagepub.com/doi/10.1177/1077801215599079
[549/1,630] http_error | https://ajpmonline.org/article/S0749-3797(25)00724-X/pdf
[550/1,630] OK | https://npr.org/2024/04/11/1243713272/resume-bias-study-white-names-black-names
[551/1,630] OK | https://lambdalegal.org/blogs/20201125_transgender-people-prisons-jails
[552/1,630] http_error | https://housingca.org/policy/focus/causes
[553/1,630] OK | https://lrn.com/blog/being-transgender-at-work-insights-from-mckinsey-dei-report
[554/1,630] http_error | https://cbpp.org/research/federal-budget/executive-action-watch?item=30447
[555/1,630] OK | https://pmc.ncbi.nlm.nih.gov/articles/PMC4899337
[556/1,630] OK | https://youtube.com/watch?t=481s&v=sIDoSDzuo-M
[557/1,630] OK | https://census.gov/library/working-papers/2025/adrm/CES-WP-25-45.html
[558/1,630] http_error | https://leaders-in-law.com/key-factors-in-getting-approved-for-social-security-disability
[559/1,630] OK | https://socialecology.uci.edu/news/new-report-sheds-light-latinos-us-criminal-justice-system
[560/1,630] OK | https://disabilitysecrets.com/resources/survey-statistics-who-is-most-likely-to-get-approved-for-social-security-disabil
[561/1,630] OK | https://pmc.ncbi.nlm.nih.gov/articles/PMC9518008
[562/1,630] OK | https://insidehighered.com/news/quick-takes/2026/09/29/trump-administration-formally-rescinds-biden-title-ix-rule
[563/1,630] OK | https://pubmed.ncbi.nlm.nih.gov/21063225
[564/1,630] OK | https://pmc.ncbi.nlm.nih.gov/articles/PMC3868476
[565/1,630] OK | https://pmc.ncbi.nlm.nih.gov/articles/PMC9565787
[566/1,630] OK | https://federalgrants.com/federal-grants-for-women.html
[567/1,630] http_error | https://cbpp.org/research/poverty-and-inequality/poverty-reduction-programs-help-adults-lacking-college-degrees-the
[568/1,630] OK | https://pmc.ncbi.nlm.nih.gov/articles/PMC7820533
[569/1,630] OK | https://ncbi.nlm.nih.gov/books/NBK24693
[570/1,630] OK | https://pmc.ncbi.nlm.nih.gov/articles/PMC5723709
[571/1,630] OK | https://kff.org/medicaid/medicaid-efforts-to-address-racial-health-disparities
[572/1,630] OK | https://pmc.ncbi.nlm.nih.gov/articles/PMC7453877
[573/1,630] OK | https://theundercoverrecruiter.com/do-men-and-women-approach-the-job-hunt-differently
[574/1,630] OK | https://kff.org/womens-health-policy/womens-health-care-utilization-and-costs-findings-from-the-2020-kff-womens-health-s
[575/1,630] OK | https://meetaugust.ai/en/articles/medicaid-renewal
[576/1,630] http_error | https://commonwealthfund.org/publications/2018/sep/focus-reducing-racial-disparities-health-care-confronting-racism
[577/1,630] OK | https://usafacts.org/articles/immigrant-program-eligibility
[578/1,630] http_error | https://commonwealthfund.org/blog/2024/hispaniclatino-adults-lack-adequate-affordable-health-insurance-coverage
[579/1,630] OK | https://pubmed.ncbi.nlm.nih.gov/37782863
[580/1,630] OK | https://alignplatform.org/gender-norms-and-education/discriminatory-gender-norms-access-and-educational-attainment
[581/1,630] OK | https://pmc.ncbi.nlm.nih.gov/articles/PMC6081855
[582/1,630] OK | https://healthlaw.org/racial-disparities-persist-during-the-unwinding-of-the-medicaid-continuous-coverage-requirement
[583/1,630] OK | https://aha-inc.org/blog/common-barriers-to-housing-stabilityand-how-we-can-help-you-overcome-them
[584/1,630] OK | https://islg.cuny.edu/blog/complex-reality-women-jails
[585/1,630] http_error | https://americanprogress.org/article/how-to-address-the-administrative-burdens-of-accessing-the-safety-net
[586/1,630] http_error | https://nilc.org/resources/new-law-limits-health-care-food-aid-for-immigrants
[587/1,630] http_error | https://genderpolicyreport.umn.edu/impacts-of-the-financial-choice-act-on-transgender-people
[588/1,630] http_error | https://cdc.gov/disability-and-health/about/disability-and-health-information-for-healthcare-providers.html
[589/1,630] http_error | https://usa.edu/blog/career-advancement
[590/1,630] OK | https://nationalacademies.org/read/9719/chapter/8
[591/1,630] OK | https://pmc.ncbi.nlm.nih.gov/articles/PMC9599998
[592/1,630] OK | https://pmc.ncbi.nlm.nih.gov/articles/PMC4838486
[593/1,630] OK | https://frac.org/blog/usda-improves-equitable-snap-access-for-lgbtqia
[594/1,630] OK | https://williamsinstitute.law.ucla.edu/publications/trans-students-higher-education
[595/1,630] OK | https://youtube.com/watch?t=38s&v=o7soCyte1RE
[596/1,630] OK | https://pmc.ncbi.nlm.nih.gov/articles/PMC5172593
[597/1,630] OK | https://covey.org/housing-for-people-with-disabilities
[598/1,630] OK | https://moonlawgroup.com/faqs/men-as-victims-of-sexual-harassment
[599/1,630] OK | https://womenshousingforum.org/our-research-2
[600/1,630] OK | https://pubmed.ncbi.nlm.nih.gov/41315115
[601/1,630] http_error | https://americanprogress.org/article/systematic-inequality-economic-opportunity
[602/1,630] OK | https://pmc.ncbi.nlm.nih.gov/articles/PMC12129408
[603/1,630] http_error | https://urban.org/urban-wire/three-ways-improving-housing-stability-can-make-long-term-progress-toward-racial-equity
[604/1,630] http_error | https://news.stanford.edu/stories/2026/06/ai-hiring-tools-racial-bias-research
[605/1,630] OK | https://williamsinstitute.law.ucla.edu/publications/law-enforcement-lgbtq-people
[606/1,630] OK | https://pfs2.acl.gov/strapib/assets/ICDR_Housing_9_8_20_508_fcb47d305d.pdf
[607/1,630] OK | https://hrc.org/resources/get-the-facts-on-transgender-healthcare
[608/1,630] OK | https://police1.com/use-of-force/articles/perceptions-about-police-use-of-deadly-force-and-race-a-psychologists-view-Rt1
[609/1,630] OK | https://pmc.ncbi.nlm.nih.gov/articles/PMC11658587
[610/1,630] OK | https://housingsolutionstulsa.org/spotlight-on-lgbtq-homelessness-and-housing-insecurity
[611/1,630] http_error | https://cdc.gov/mmwr/volumes/73/su/su7304a6.htm
[612/1,630] OK | https://nationalfairhousing.org/issue/access-to-credit
[613/1,630] OK | https://pmc.ncbi.nlm.nih.gov/articles/PMC5367473
[614/1,630] http_error | https://journals.sagepub.com/doi/10.1177/15365042251386835
[615/1,630] OK | https://odphp.health.gov/healthypeople/objectives-and-data/browse-objectives/preventive-care
[616/1,630] http_error | https://stopbullying.gov/resources/facts
[617/1,630] OK | https://pmc.ncbi.nlm.nih.gov/articles/PMC5441521
[618/1,630] OK | https://pmc.ncbi.nlm.nih.gov/articles/PMC8903243
[619/1,630] http_error | https://ed.gov/media/document/report-factors-related-college-enrollment-1998-54909.pdf
[620/1,630] OK | https://nij.ojp.gov/library/publications/understanding-use-force-and-against-police-research-brief
[621/1,630] OK | https://psqh.com/analysis/patient-engagement-in-patient-safety-barriers-and-facilitators
[622/1,630] OK | https://pmc.ncbi.nlm.nih.gov/articles/PMC10021551
[623/1,630] OK | https://pmc.ncbi.nlm.nih.gov/articles/PMC10530172
[624/1,630] http_error | https://cbpp.org/research/food-assistance/streamlining-and-modernizing-wic-enrollment
[625/1,630] http_error | https://tandfonline.com/doi/full/10.1080/08974454.2023.2271464
[626/1,630] OK | https://feed.georgetown.edu/access-affordability/why-are-fewer-white-students-attending-college
[627/1,630] OK | https://study.com/learn/lesson/video/use-of-force-continuum.html
[628/1,630] OK | https://ohchr.org/en/special-procedures/sr-housing/women-and-right-adequate-housing
[629/1,630] OK | https://luminafoundation.org/resource/race-and-ethnicity-in-higher-education
[630/1,630] OK | https://williamsinstitute.law.ucla.edu/publications/fehb-changes-trans-workers
[631/1,630] OK | https://disabilitysecrets.com/resources/gender-dysphoria-and-disability.html
[632/1,630] http_error | https://urban.org/sites/default/files/2023-01/Strategies%20for%20Improving%20Public%20Benefits%20Access%20and%20Retentio
[633/1,630] http_error | https://nytimes.com/2021/07/29/business/economy/hiring-racial-discrimination.html
[634/1,630] http_error | https://urban.org/urban-wire/young-adults-credit-trajectories-vary-widely-race-and-ethnicity
[635/1,630] OK | https://unfe.org/en/know-the-facts/challenges-solutions/lgbtiq-youth-bullying-and-violence-at-school
[636/1,630] OK | https://files.kff.org/attachment/womens-health-insurance-coverage-fact-sheet
[637/1,630] OK | https://luminafoundation.org/resource/hispanic-students-feeling-more-discrimination-at-school
[638/1,630] http_error | https://sciencedirect.com/science/article/abs/pii/S0743016725003298
[639/1,630] OK | https://youtube.com/watch?t=149s&v=sRMQF0M43L4
[640/1,630] OK | https://colegiomirasur.com/en/blog/how-to-prevent-bullying-at-school
[641/1,630] curl_error | https://blucurrent.org/blog/factors-to-consider-before-applying-for-a-loan
[642/1,630] OK | https://saraharberson.com/blog/hidden-factors-that-influence-who-gets-in
[643/1,630] OK | https://scholarworks.brandeis.edu/esploro/outputs/journalArticle/Predictors-of-Housing-Instability-in-Women/992420748630
[644/1,630] http_error | https://newsnetwork.mayoclinic.org/discussion/health-disparities-in-preventive-screenings-for-african-americans
[645/1,630] OK | https://cbalaw.org/newsroom/gender-check-the-box-options-are-expanded-on-federal-forms
[646/1,630] http_error | https://abc10.com/article/money/nerdwallet/how-latino-credit-unions-clear-banking-barriers/606-3e5fa94f-12aa-4ee5-8395-5
[647/1,630] OK | https://endhomelessness.org/blog/recognizing-women-experiencing-homelessness-a-womens-history-month-spotlight-on-downtow
[648/1,630] http_error | https://mdpi.com/2076-328X/16/4/479
[649/1,630] OK | https://pubmed.ncbi.nlm.nih.gov/22081983
[650/1,630] OK | https://pbs.org/newshour/politics/gender-dysphoria-covered-by-americans-with-disabilities-act-federal-court-rules
[651/1,630] OK | https://pt.nclrights.org/our-work/racial-economic-justice/criminalization-incarceration
[652/1,630] http_error | https://healtheasy.umn.edu/BBB
[653/1,630] OK | https://bullyingnoway.gov.au/understand/risk-factors
[654/1,630] OK | https://tgpdenver.org/publications/blog.html/article/2025/08/29/the-overlooked-connection-between-disability-and-homeles
[655/1,630] OK | https://cacp.gatech.edu/sites/default/files/2020-02/Barriers%20to%20Employment.pdf
[656/1,630] OK | https://pmc.ncbi.nlm.nih.gov/articles/PMC5509345
[657/1,630] OK | https://sentencingproject.org/app/uploads/2022/08/The-Color-of-Justice-Racial-and-Ethnic-Disparity-in-State-Prisons.pdf
[658/1,630] OK | https://equityinhighered.org/resources/ideas-and-insights/segregation-in-higher-education-and-unequal-paths-to-college-c
[659/1,630] OK | https://pmc.ncbi.nlm.nih.gov/articles/PMC7358016
[660/1,630] http_error | https://mdpi.com/2072-6643/15/3/766
[661/1,630] OK | https://youtube.com/watch?t=92s&v=UZJ4BPaFpdI
[662/1,630] OK | https://bhr-navigator.unglobalcompact.org/issues/discrimination
[663/1,630] OK | https://them.us/story/lgbtq-finances-bills-economic-insecurity
[664/1,630] OK | https://iyi.org/resources/how-does-bullying-affect-females-in-school
[665/1,630] http_error | https://urban.org/urban-wire/three-trends-lgbtq-homeownership-gaps-underscore-research-and-policy-needs
[666/1,630] OK | https://vitalcitynyc.org/police-firearm-use-gender-differences
[667/1,630] http_error | https://consumerfinance.gov/consumer-tools/credit-reports-and-scores/credit-discrimination-is-illegal
[668/1,630] http_error | https://scholarworks.seattleu.edu/cgi/viewcontent.cgi?article=1140&context=magis
[669/1,630] OK | https://theiacp.org/sites/default/files/2018-08/CPRP_Deconstructing%20the%20Power%20to%20Arrest_FINAL.PDF
[670/1,630] OK | https://pmc.ncbi.nlm.nih.gov/articles/PMC10815774
[671/1,630] OK | https://files.eric.ed.gov/fulltext/EJ1115090.pdf
[672/1,630] OK | https://pmc.ncbi.nlm.nih.gov/articles/PMC10885085
[673/1,630] OK | https://careerhub.students.duke.edu/blog/2025/02/03/how-can-i-advance-my-career-as-a-latino-professional
[674/1,630] http_error | https://weforum.org/stories/financial-and-monetary-systems/women-access-financial-services
[675/1,630] http_error | https://tandfonline.com/doi/full/10.1080/02673037.2025.2492781
[676/1,630] OK | https://experian.com/blogs/ask-experian/lgbtq-financial-inclusion
[677/1,630] OK | https://chcf.org/resource/2022/08/09/identifying-and-understanding-ways-to-address-the-impact-of-racism-on-patient-safet
[678/1,630] OK | https://endhomelessness.org/blog/homelessness-and-black-history-access-to-housing
[679/1,630] OK | https://transcanwork.org/news/span-classsqsrte-text-color-blackwhy-trans-employees-face-barriers-to-career-advancementnb
[680/1,630] OK | https://ehealthscreenings.com/blog/10-reasons-why-americans-dont-prioritize-preventative-care
[681/1,630] http_error | https://davisvanguard.org/2026/08/california-police-perceived-transgender-disparities?__cf_chl_rt_tk=QbMYuGRYnS8ykpMqz3j
[682/1,630] OK | https://pmc.ncbi.nlm.nih.gov/articles/PMC12691752
[683/1,630] OK | https://minneapolisfed.org/article/2021/barriers-to-basic-financial-services-perpetuate-persistent-economic-gaps
[684/1,630] http_error | https://crimrxiv.com/pub/l7ryrekw/release/1
[685/1,630] OK | https://pmc.ncbi.nlm.nih.gov/articles/PMC3057365
[686/1,630] http_error | https://tandfonline.com/doi/full/10.1080/26379112.2024.2357996
[687/1,630] OK | https://pmc.ncbi.nlm.nih.gov/articles/PMC11352361
[688/1,630] OK | https://deloitte.com/us/en/insights/industry/financial-services/accessible-banking-for-disabled.html
[689/1,630] OK | https://news.iastate.edu/news/lower-approval-rates-higher-finance-fees-evidence-discrimination-same-sex-borrowers
[690/1,630] OK | https://williamsinstitute.law.ucla.edu/wp-content/archive/Impact-LGBT-Support-Workplace-May-2013.pdf
[691/1,630] OK | https://opportunityinsights.org/paper/creditaccess
[692/1,630] OK | https://shvs.org/resources/new-federal-rules-affecting-coverage-of-treatment-for-gender-dysphoria-considerations-for-sta
[693/1,630] http_error | https://ed.gov/laws-and-policy/civil-rights-laws/disability-discrimination/disability-discrimination-key-issues/disabili
[694/1,630] OK | https://share.google/MJICbg8unL0SMVoMF
[695/1,630] OK | https://eeoc.gov/chart-risk-factors-harassment-and-responsive-strategies
[696/1,630] OK | https://pmc.ncbi.nlm.nih.gov/articles/PMC8312312
[697/1,630] OK | https://thetrevorproject.org/research-briefs/homelessness-and-housing-instability-among-lgbtq-youth-feb-2022
[698/1,630] OK | https://youtube.com/watch?t=17s&v=h4JhTOwNq-s
[699/1,630] OK | https://bestcolleges.com/news/gender-inequity-in-selective-college-admissions
[700/1,630] OK | https://theconversation.com/the-social-determinants-of-justice-8-factors-that-increase-your-risk-of-imprisonment-203661
[701/1,630] OK | https://nlc.org/article/2023/06/30/housing-for-lgbtqia
[702/1,630] OK | https://thearc.org/our-initiatives/criminal-justice
[703/1,630] OK | https://homelessness.ucsf.edu/LatineCAreport
[704/1,630] http_error | https://comcastnewsmakers.com/Videos/2023/11/30/Disability-Rights-and-the-Criminal-Justice-System
[705/1,630] OK | https://scale.jobs/blog/career-growth-factors-job-offers
[706/1,630] OK | https://afterschoolalliance.org/afterschoolsnack/What-does-the-state-of-educational-opportunity-look-like-in_11-07-2024.
[707/1,630] OK | https://pmc.ncbi.nlm.nih.gov/articles/PMC10799604
[708/1,630] OK | https://tacqe.com/employer-practices-for-hiring-people-with-disabilities-factsheet
[709/1,630] http_error | https://bipartisanpolicy.org/report/understanding-and-addressing-racial-and-ethnic-disparities-in-housing
[710/1,630] OK | https://govlab.hks.harvard.edu/insight/closing-the-engagement-gap-for-latino-people-experiencing-homelessness
[711/1,630] http_error | https://onlinelibrary.wiley.com/doi/10.1111/1744-7941.12377
[712/1,630] OK | https://endhomelessness.org/a-shortage-of-affordable-housing
[713/1,630] OK | https://files.crisesnotes.com/article/navigating-guide-eligibility-benefits-application-success-a-no-nonsense-breakdown
[714/1,630] OK | https://poverty-action.org/what-we-know-about-womens-access-credit-and-what-ipa-doing-about-it
[715/1,630] OK | https://kff.org/womens-health-policy/womens-health-insurance-coverage
[716/1,630] OK | https://toptieradmissions.com/the-gender-gap-in-college-admissions
[717/1,630] http_error | https://rand.org/pubs/articles/2022/the-impact-of-racism-on-patient-safety.html
[718/1,630] http_error | https://disabilityevidence.org/questions-evidence/how-do-we-overcome-barriers-accessing-higher-education-people-disabili
[719/1,630] OK | https://wotmnetwork.org/empowering-through-education
[720/1,630] OK | https://washington.edu/populationhealth/2023/09/25/measuring-the-psychological-impact-of-administrative-burdens-on-trans
[721/1,630] OK | https://dfs.ny.gov/consumers/health_insurance/transgender_healthcare
[722/1,630] OK | https://habitat.org/historic-housing-discrimination-us
[723/1,630] OK | https://hispanicstudiesreview.cofc.edu/article/123156-some-perspectives-on-university-challenges-for-latinx-undergraduat
[724/1,630] OK | https://pmc.ncbi.nlm.nih.gov/articles/PMC12428156
[725/1,630] OK | https://ncbi.nlm.nih.gov/books/NBK259474
[726/1,630] OK | https://pmc.ncbi.nlm.nih.gov/articles/PMC12625391
[727/1,630] OK | https://womensworldbanking.org/insights/womens-financial-inclusion-hub-evidence-tools-and-insights-for-action
[728/1,630] OK | https://pmc.ncbi.nlm.nih.gov/articles/PMC1447111
[729/1,630] OK | https://gov.uk/government/publications/lgbt-peoples-experiences-of-homelessness/lesbian-gay-bisexual-and-transgender-peo
[730/1,630] OK | https://pubmed.ncbi.nlm.nih.gov/12529894
[731/1,630] OK | https://pmc.ncbi.nlm.nih.gov/articles/PMC12218944
[732/1,630] OK | https://aafp.org/about/policies/social-determinants-health-family-medicine-position-paper
[733/1,630] http_error | https://tandfonline.com/doi/abs/10.1080/00918369.2021.1921508
[734/1,630] OK | https://prisonpolicy.org/blog/2021/03/02/lgbtq
[735/1,630] OK | https://ncld.org/understand-the-issues
[736/1,630] robots_disallowed | https://openurl.ebsco.com/EPDB%3Agcd%3A9%3A31152617/detailv2?crl=f&id=ebsco%3Agcd%3A185099786&jrnl=00945145&link_origin=
[737/1,630] http_error | https://merlininvestor.com/2024/03/20/unveiling-the-factors-driving-the-gender-gap-in-financial-inclusion
[738/1,630] OK | https://psychologytoday.com/us/blog/lgbtq-affirmative-psychology/202306/key-factors-related-to-lgbtq-bullying
[739/1,630] OK | https://habitat.org/our-work/impact/literature-review-gender-equity
[740/1,630] OK | https://journalistsresource.org/education/race-neutral-alternatives-affirmative-action-college-diversity
[741/1,630] OK | https://unidosus.org/wp-content/uploads/2021/07/lb_credit.pdf
[742/1,630] OK | https://cgap.org/topics/women-financial-inclusion
[743/1,630] http_error | https://urban.org/urban-wire/five-reasons-mass-incarceration-queer-issue
[744/1,630] OK | https://pubmed.ncbi.nlm.nih.gov/31520237
[745/1,630] OK | https://files.crisesnotes.com/article/the-essential-guide-managing-your-benefits-renewals
[746/1,630] http_error | https://ppic.org/publication/racial-disparities-in-law-enforcement-stops
[747/1,630] OK | https://pubmed.ncbi.nlm.nih.gov/42073842
[748/1,630] OK | https://hispanicresearchcenter.org/research-resources/state-tanf-policies-practices-overview-administrative-burdens-lati
[749/1,630] http_error | https://journals.sagepub.com/doi/10.1177/14705958231180044
[750/1,630] http_error | https://sciencedirect.com/science/article/pii/S0167268125000873
[751/1,630] OK | https://opportunityinsights.org/wp-content/uploads/2025/07/CreditAccess_Nontech.pdf
[752/1,630] OK | https://nationaldisabilityinstitute.org/wp-content/uploads/2018/12/access-credit-brief.pdf
[753/1,630] OK | https://pacer.org/bullying/info/stats
[754/1,630] OK | https://disabilityadvice.org/ssdi/approval-process/approval-by-age
[755/1,630] OK | https://endhomelessness.org/systemic-racism-and-marginalization
[756/1,630] OK | https://hostalky.com/resources-hub/your-health/what-is-preventive-care
[757/1,630] http_error | https://uhc.com/understanding-health-insurance/understanding-health-insurance-costs/types-of-health-insurance-costs/how-
[758/1,630] http_error | https://americanprogress.org/article/the-medicaid-program-and-lgbt-communities-overview-and-policy-recommendations
[759/1,630] http_error | https://tandfonline.com/doi/full/10.1080/13803611.2016.1256222
[760/1,630] http_error | https://journals.sagepub.com/doi/10.1177/27526461221092429
[761/1,630] OK | https://pmc.ncbi.nlm.nih.gov/articles/PMC8909748
[762/1,630] robots_disallowed | https://link.springer.com/article/10.1007/s10612-025-09828-1
[763/1,630] http_error | https://beckerspayer.com/payer/how-to-close-the-gap-why-members-avoid-preventive-care
[764/1,630] curl_error | https://ussc.gov/research/research-reports/2023-demographic-differences-federal-sentencing
[765/1,630] OK | https://unitedwaynca.org/blog/racial-inequality-in-education
[766/1,630] OK | https://pfva.org/what-leads-to-homelessness-top-causes
[767/1,630] OK | https://pmc.ncbi.nlm.nih.gov/articles/PMC10323066
[768/1,630] http_error | https://nationalmortgageprofessional.com/news/racial-gaps-mortgage-denials-persist-despite-industry-progress
[769/1,630] OK | https://pmc.ncbi.nlm.nih.gov/articles/PMC6661108
[770/1,630] OK | https://pmc.ncbi.nlm.nih.gov/articles/PMC11032108
[771/1,630] OK | https://youtube.com/watch?t=282s&v=09Ks_25Saao
[772/1,630] robots_disallowed | https://linkedin.com/top-content/education/education-and-child-development/how-socioeconomic-factors-affect-education
[773/1,630] OK | https://ebsco.com/research-starters/politics-and-government/employment-among-african-americans
[774/1,630] http_error | https://forbes.com/sites/michaeltnietzel/2026/02/04/five-things-the-new-data-about-race-conscious-college-admissions-tel
[775/1,630] http_error | https://tandfonline.com/doi/full/10.1080/26895269.2026.2656940
[776/1,630] OK | https://pmc.ncbi.nlm.nih.gov/articles/PMC11907768
[777/1,630] OK | https://academybank.com/article/banking-trends-and-the-us-latino-population
[778/1,630] OK | https://salud-america.org/latinos-and-the-state-of-unemployment-insurance-and-government-benefits
[779/1,630] OK | https://bja.ojp.gov/sites/bja/files/Publications/WomensPathwaysToJail.pdf
[780/1,630] http_error | https://hhs.gov/black-history-month/reading-list/index.html
[781/1,630] OK | https://kff.org/racial-equity-and-health-policy/health-coverage-by-race-and-ethnicity
[782/1,630] OK | https://kitchenerexecutive.com/5-factors-that-impact-successful-recruitment-and-hiring
[783/1,630] http_error | https://sciencedirect.com/science/article/abs/pii/S0190740924002147
[784/1,630] OK | https://them.us/politics/transgender-federal-employees-lawsuit
[785/1,630] OK | https://nacdl.org/Content/Race-and-Policing
[786/1,630] http_error | https://journalofethics.ama-assn.org/article/clinicians-racial-biases-pathways-iatrogenic-harms-black-people/2022-08
[787/1,630] OK | https://pmc.ncbi.nlm.nih.gov/articles/PMC12088145
[788/1,630] OK | https://pmc.ncbi.nlm.nih.gov/articles/PMC11319094
[789/1,630] OK | https://violence.chop.edu/bullying-schools
[790/1,630] OK | https://nclc.org/wp-content/uploads/2016/05/20240227_Issue-Brief_Past-Imperfect.pdf
[791/1,630] OK | https://ldi.upenn.edu/our-work/research-updates/breaking-the-link-between-disability-and-incarceration
[792/1,630] robots_disallowed | https://linkedin.com/blog/member/career/dismantling-barriers-to-career-advancement-for-latinos
[793/1,630] OK | https://sentencingproject.org/fact-sheet/incarcerated-women-and-girls
[794/1,630] OK | https://specialneedsanswers.com/accessible-housing-basics-guide-for-people-with-disabilities-21554
[795/1,630] OK | https://hrc.org/
[796/1,630] OK | https://prisonpolicy.org/research/lgbtq
[797/1,630] OK | https://policycommons.net/artifacts/4572272/administrative-burdens-and-economic-insecurity-among-black-latino-and-white-
[798/1,630] OK | https://takecommandhealth.com/blog/blog/how-health-insurance-premiums-are-calculated
[799/1,630] http_error | https://emerald.com/ijm/article/39/4/581/148816/What-drives-hiring-discrimination-against
[800/1,630] http_error | https://urban.org/sites/default/files/2025-08/Landscape_Analysis_of_Public_Benefit_Enrollment_Approaches_in_the_US.pdf
[801/1,630] OK | https://prisonpolicy.org/blog/2024/06/04/lgbt_incarceration
[802/1,630] OK | https://pmc.ncbi.nlm.nih.gov/articles/PMC9322545
[803/1,630] OK | https://unitedwayla.org/news/housing-inequality-within-the-lgbtq-community
[804/1,630] robots_disallowed | https://digitalgovernmenthub.org/library/strategies-for-improving-public-benefits-access-and-retention
[805/1,630] OK | https://chicagobooth.edu/review/racial-bias-hiring
[806/1,630] curl_error | https://ssa.gov/policy/docs/ssb/v85n3/v85n3p1.html
[807/1,630] OK | https://avp.org/wp-content/uploads/2017/04/FORGE_Trans_People_Police_Incarceration_Facts.pdf
[808/1,630] OK | https://endhomelessness.org/resources/sharable-graphics/racial-inequalities-homelessness-numbers
[809/1,630] http_error | https://bipartisanpolicy.org/report/housing-supply-and-homelessness
[810/1,630] OK | https://safetyandjusticechallenge.org/blog/what-is-behind-the-overrepresentation-of-people-who-identify-as-lgbtq-in-the-
[811/1,630] http_error | https://chrt.org/publication/housing-crisis-magnified
[812/1,630] OK | https://aclu.org/news/racial-justice/the-long-history-of-discrimination-in-job-hiring-assessments
[813/1,630] http_error | https://sciencedirect.com/science/article/am/pii/S0160252720300285
[814/1,630] OK | https://mitsloan.mit.edu/ideas-made-to-matter/to-keep-employees-focus-career-advancement
[815/1,630] http_error | https://researchgate.net/publication/360692134_The_effect_of_administrative_burden_on_state_safety-net_participation_Evi
[816/1,630] OK | https://nacdl.org/Content/Race-and-Sentencing
[817/1,630] OK | https://highereddive.com/news/racial-ethnicity-higher-education-college-2024/716665
[818/1,630] http_error | https://latinopolicyforum.org/housing
[819/1,630] OK | https://19thnews.org/2023/04/lgbtq-finances-bills-economic-insecurity
[820/1,630] http_error | https://americanprogress.org/article/systematic-inequality
[821/1,630] OK | https://brookings.edu/articles/latinos-and-the-future-of-finance-why-we-need-to-examine-the-motivations-and-effects-of-l
[822/1,630] OK | https://educationsupport.org.uk/resources/for-individuals/guides/bullying-and-harassment
[823/1,630] OK | https://pmc.ncbi.nlm.nih.gov/articles/PMC10834057
[824/1,630] OK | https://naacp.org/resources/racial-disparities-medicaid-reenrollment
[825/1,630] OK | https://casrf.org/post/breaking-barriers-through-access-to-education
[826/1,630] OK | https://prisonpolicy.org/racialgeography/report.html
[827/1,630] http_error | https://cbpp.org/research/food-assistance/improving-snap-and-medicaid-access-snap-renewals
[828/1,630] OK | https://endhomelessness.org/resources/toolkits-and-training-materials/how-providers-can-address-homelessness-among-gende
[829/1,630] hard_timeout | https://everycrsreport.com/reports/R45979.html
[830/1,630] OK | https://bristol.ac.uk/media-library/sites/geography/pfrc/documents/fwb-of-disabled-people-essential-services.pdf
[831/1,630] OK | https://brossfrankel.com/blog
[832/1,630] OK | https://transgenderlawcenter.org/resources/prisons
[833/1,630] http_error | https://cbpp.org/research/housing/addressing-the-housing-affordability-crisis-requires-increasing-housing-supply-and
[834/1,630] OK | https://povertyactionlab.org/evaluation/discrimination-job-market-united-states
[835/1,630] OK | https://uncf.org/pages/k-12-disparity-facts-and-stats
[836/1,630] OK | https://pmc.ncbi.nlm.nih.gov/articles/PMC9617098
[837/1,630] OK | https://newamerica.org/insights/financial-inclusion-and-access-within-the-latino-immigrant-community
[838/1,630] http_error | https://journals.sagepub.com/doi/10.1177/0731948717690115?int.sj-abstract.similar-articles.8=
[839/1,630] OK | https://pmc.ncbi.nlm.nih.gov/articles/PMC10984377
[840/1,630] OK | https://pmc.ncbi.nlm.nih.gov/articles/PMC6603960
[841/1,630] OK | https://nature.com/articles/s41599-023-01936-z
[842/1,630] OK | https://youtube.com/watch?t=55s&v=0Y8nkKlxvzE
[843/1,630] http_error | https://tcf.org/content/report/racism-inequality-health-care-african-americans
[844/1,630] OK | https://pmc.ncbi.nlm.nih.gov/articles/PMC11812675
[845/1,630] OK | https://workassist.in/blog/what-are-the-factors-that-affect-the-recruitment-process
[846/1,630] OK | https://ncan.org/Web/News/539190
[847/1,630] OK | https://alis.alberta.ca/tools-and-resources/resources-for-women/career-advancement-strategies-for-women
[848/1,630] OK | https://latino.ucla.edu/research/american-dream-deferred
[849/1,630] http_error | https://cbpp.org/blog/eliminating-structural-barriers-can-improve-latino-peoples-access-to-health-coverage
[850/1,630] OK | https://pmc.ncbi.nlm.nih.gov/articles/PMC12895444
[851/1,630] hard_timeout | https://hispanicpro.com/profiles/blogs/latinos-on-the-rise-career-power-moves-in-2025
[852/1,630] OK | https://bdplaw.com/insights/best-practices-for-employers-accommodating-transgender-workers
[853/1,630] OK | https://transequality.org/issues/resources/failing-to-protect-and-serve-police-department-policies-towards-transgender-p
[854/1,630] curl_error | https://canada.ca/en/women-gender-equality/gender-equality/facts-stats-impact.html
[855/1,630] OK | https://cdiaonline.org/cdia-statements/2022/02/02/credit-reporting-industry-helping-transgender-and-nonbinary-individual
[856/1,630] OK | https://ohchr.org/en/statements-and-speeches/2019/10/inclusion-lgbt-people-education-settings-paramount-importance
[857/1,630] OK | https://cbcfinc.org/capstones/economic-opportunity/a-net-with-gapping-holes-unemployment-insurance-and-racial-inequality
[858/1,630] OK | https://pmc.ncbi.nlm.nih.gov/articles/PMC4524744
[859/1,630] OK | https://shelteringgrace.org/the-unique-challenges-of-women-facing-homelessness
[860/1,630] http_error | https://academic.oup.com/gerontologist/article/65/9/gnaf158/8165435
[861/1,630] OK | https://womensworldbanking.org/wp-content/uploads/2022/12/Check-Your-Bias-A-Field-Guide-for-Lenders.pdf
[862/1,630] OK | https://americanhealth.jhu.edu/news/undercounted-survivors-intimate-partner-violence-who-are-experiencing-homelessness
[863/1,630] http_error | https://crimrxiv.com/pub/spfg4hk6
[864/1,630] OK | https://youtube.com/watch?t=105s&v=-oJPcnpXONA
[865/1,630] OK | https://pmc.ncbi.nlm.nih.gov/articles/PMC10241469
[866/1,630] OK | https://youtube.com/watch?v=u1GsuawCmes
[867/1,630] robots_disallowed | https://linkedin.com/top-content/career/career-advancement-tips/factors-influencing-career-advancement-opportunities
[868/1,630] OK | https://aibm.org/research/male-college-enrollment-and-completion
[869/1,630] http_error | https://academic.oup.com/policing/article/doi/10.1093/police/paag042/8758841?rss=1
[870/1,630] OK | https://libertystreeteconomics.newyorkfed.org/2024/01/an-overlooked-factor-in-banks-lending-to-minorities
[871/1,630] curl_error | https://spero.academy/news/01gg8h7ys8dqvya21rbs5gxkrk/bullying-in-special-education-what-it-is-and-how-to-help
[872/1,630] http_error | https://tcf.org/content/commentary/equitable-insurance-coverage-and-access-can-advance-lgbt-health
[873/1,630] OK | https://pegalislawgroup.com/patient-safety-concerns-in-the-lgbtqia-community
[874/1,630] OK | https://hbtbank.com/personal-banking/five-factors-that-impact-your-credit-score
[875/1,630] OK | https://pmc.ncbi.nlm.nih.gov/articles/PMC11194545
[876/1,630] http_error | https://sciencedirect.com/science/article/pii/S0047235221000490
[877/1,630] OK | https://pmc.ncbi.nlm.nih.gov/articles/PMC12513714
[878/1,630] OK | https://catalog.results4america.org/strategies/reducing-obstacles
[879/1,630] OK | https://pmc.ncbi.nlm.nih.gov/articles/PMC5744605
[880/1,630] OK | https://evidencebasedliving.human.cornell.edu/blog/what-we-know-about-trans-youth-and-bullying
[881/1,630] OK | https://nationaldisabilityinstitute.org/financial-resilience-center/credit
[882/1,630] OK | https://pmc.ncbi.nlm.nih.gov/articles/PMC4195149
[883/1,630] OK | https://binghamton.edu/news/story/6105/people-in-need-of-disability-benefits-are-facing-new-barriers-and-government-cuts
[884/1,630] OK | https://youtube.com/watch?t=280s&v=nhSuxrHmY3k
[885/1,630] OK | https://abdominalkey.com/health-seeking-behavior-and-meeting-the-needs-of-the-most-vulnerable-men
[886/1,630] OK | https://inspiredhr.ca/the-reason-men-are-more-likely-to-get-noticed-by-job-recruiters-according-to-study
[887/1,630] OK | https://ccrw.org/wp-content/uploads/2024/10/Career-advancement-pathways-for-workers-with-disabilities_CCRW_Trends-Report
[888/1,630] OK | https://washingtonblade.com/2026/09/29/hrc-report-lgbtq-students-face-far-greater-challenges-in-non-supportive-states
[889/1,630] OK | https://usich.gov/sites/default/files/document/Housing-Affordability-and-Stablility-Brief.pdf
[890/1,630] OK | https://brookings.edu/articles/homeownership-racial-segregation-and-policies-for-racial-wealth-equity
[891/1,630] http_error | https://urban.org/urban-wire/three-obstacles-federally-assisted-housing-programs-need-overcome-better-serve-residents-di
[892/1,630] http_error | https://qz.com/1074565/why-employers-favor-men
[893/1,630] http_error | https://direct.mit.edu/euso/article/27/1/144/125848/Escape-from-home-The-moderating-role-of-sexual
[894/1,630] OK | https://pmc.ncbi.nlm.nih.gov/articles/PMC8576989
[895/1,630] http_error | https://urban.org/sites/default/files/2024-04/How_Do_Financial_Attitudes_and_Preferences_Vary_among_Latine_Consumers.pdf
[896/1,630] OK | https://eeoc.gov/prohibited-employment-policiespractices
[897/1,630] OK | https://sageusa.org/news/cfpb-protects-lgbt-people-with-ecoa
[898/1,630] OK | https://cpc.unc.edu/news/study-hiring-pressures-to-diversify-influencing-patterns-of-discrimination-in-unexpected-ways
[899/1,630] OK | https://pmc.ncbi.nlm.nih.gov/articles/PMC11756264
[900/1,630] http_error | https://jamanetwork.com/journals/jamainternalmedicine/fullarticle/2825357
[901/1,630] OK | https://stlpr.org/health-science-environment/2025-11-17/barriers-block-snap-and-medicaid-users-from-keeping-vital-benefi
[902/1,630] http_error | https://fryer.scholars.harvard.edu/publications/empirical-analysis-racial-differences-police-use-force
[903/1,630] OK | https://pmc.ncbi.nlm.nih.gov/articles/PMC10955934
[904/1,630] OK | https://ncan.org/Web/News/Despite-Progress-Women-in-Higher-Ed-Still-Face-Barriers
[905/1,630] OK | https://pmc.ncbi.nlm.nih.gov/articles/PMC10142323
[906/1,630] OK | https://pmc.ncbi.nlm.nih.gov/articles/PMC12729088
[907/1,630] http_error | https://scholarworks.merrimack.edu/cgi/viewcontent.cgi?article=1138&context=soe_student_ce
[908/1,630] OK | https://ncbi.nlm.nih.gov/books/NBK596400
[909/1,630] OK | https://synchrony.com/blog/bank/financial-literacy-hispanic-communities
[910/1,630] OK | https://share.google/264J3fuqMhSrNbEKo
[911/1,630] OK | https://pmc.ncbi.nlm.nih.gov/articles/PMC4290787
[912/1,630] hard_timeout | https://usnews.com/education/best-colleges/articles/2018-11-02/how-gender-influences-college-admissions
[913/1,630] OK | https://traviscu.org/My-Life/Blogs/Financial-Wellness/May-2024/Calculate-Impact-of-Credit-Score-on-Loans
[914/1,630] OK | https://prestigepeo.com/blogs/job-quality-hispanic-latino-community
[915/1,630] http_error | https://urban.org/urban-wire/these-five-facts-reveal-current-crisis-black-homeownership
[916/1,630] http_error | https://digitalcommons.calpoly.edu/cgi/viewcontent.cgi?article=1008&context=coe_dean
[917/1,630] http_error | https://dol.gov/agencies/ebsa/about-ebsa/our-activities/resource-center/publications/women-and-retirement-savings
[918/1,630] OK | https://fdic.gov/consumer-resource-center/2023-03/financial-empowerment-and-inclusion
[919/1,630] http_error | https://cbpp.org/research/food-assistance/wics-critical-benefits-reach-only-half-of-those-eligible-0
[920/1,630] http_error | https://iaap-journals.onlinelibrary.wiley.com/doi/10.1111/apps.70103?af=R
[921/1,630] OK | https://psychologytoday.com/us/blog/gender-and-schooling/202502/what-can-help-teachers-intervene-in-anti-lgbtq-harassmen
[922/1,630] OK | https://lewitthackman.com/transgender-rights-in-the-workplace-a-guide-for-employers-to-protect-against-harassment-discri
[923/1,630] OK | https://openknowledge.worldbank.org/handle/10986/8833
[924/1,630] OK | https://hivjustice.net/news-from-other-sources/usa-new-report-shows-lgbtq-minorities-face-discriminatory-laws-and-arrest
[925/1,630] OK | https://sentencingproject.org/reports/the-color-of-justice-racial-and-ethnic-disparity-in-state-prisons-the-sentencing-p
[926/1,630] OK | https://pmc.ncbi.nlm.nih.gov/articles/PMC11821434
[927/1,630] OK | https://nlihc.org/explore-issues/why-we-care
[928/1,630] OK | https://pmc.ncbi.nlm.nih.gov/articles/PMC9375084
[929/1,630] http_error | https://urban.org/urban-wire/disability-justice-isnt-possible-without-housing-justice
[930/1,630] http_error | https://bankrate.com/credit-cards/news/credit-cards-and-race-statistics
[931/1,630] OK | https://swartz-legal.com/8-types-of-workplace-harassment-and-how-to-stop-them
[932/1,630] OK | https://publichealthpost.org/health-equity/students-of-color-are-disproportionately-bullied-and-harassed-at-school
[933/1,630] OK | https://pmc.ncbi.nlm.nih.gov/articles/PMC3953783
[934/1,630] OK | https://nelp.org/insights-research/occupational-segregation-of-black-women-workers-in-the-u-s
[935/1,630] http_error | https://researchgate.net/publication/377592331_Fewer_Burdens_but_Greater_Inequality_Reevaluating_the_Safety_Net_through_
[936/1,630] http_error | https://fletc.gov/use-force-part-ii
[937/1,630] OK | https://pmc.ncbi.nlm.nih.gov/articles/PMC11323075
[938/1,630] OK | https://prisonpolicy.org/blog/2015/04/08/nap-video
[939/1,630] OK | https://pmc.ncbi.nlm.nih.gov/articles/PMC3270932
[940/1,630] http_error | https://investopedia.com/average-credit-scores-by-race-5214521
[941/1,630] OK | https://aspe.hhs.gov/reports/health-insurance-coverage-access-care-latinos
[942/1,630] http_error | https://digitalcommons.unomaha.edu/cgi/viewcontent.cgi?article=1132&context=criminaljusticefacpub
[943/1,630] http_error | https://healthaffairs.org/doi/10.1377/hlthaff.2025.00375
[944/1,630] http_error | https://law.virginia.edu/news/201705/why-arrest
[945/1,630] OK | https://savethechildren.org.uk/blogs/gender-inequality-in-education
[946/1,630] OK | https://doingcollege.com/resources/top-ten-factors-influencing-college-admissions
[947/1,630] OK | https://kff.org/racial-equity-and-health-policy/health-and-access-to-care-and-coverage-for-lesbian-gay-bisexual-and-tran
[948/1,630] OK | https://cdaa.org.au/CDAAWebsite/Web/Blog/Posts/Career-Development-of-Transgender-and-Gender-Diverse-People.aspx
[949/1,630] OK | https://unidosus.org/publications/latinos-access-to-credit-remains-low-and-stratified
[950/1,630] OK | https://pubmed.ncbi.nlm.nih.gov/32946315
[951/1,630] hard_timeout | https://rrapp.spia.princeton.edu/how-credit-scoring-reproduces-racial-inequality
[952/1,630] curl_error | https://ssa.gov/policy/docs/ssb/v62n2/v62n2p59.pdf
[953/1,630] OK | https://williamsinstitute.law.ucla.edu/publications/lgbt-housing-instability
[954/1,630] http_error | https://pubs.aeaweb.org/doi/pdf/10.1257/jep.20231394
[955/1,630] OK | https://vzlawfirm.com/guide-to-racial-discrimination-in-the-workplace
[956/1,630] OK | https://pmc.ncbi.nlm.nih.gov/articles/PMC11227074
[957/1,630] OK | https://jff.org/blog/skills-based-hiring-alone-wont-advance-racial-equity
[958/1,630] OK | https://pmc.ncbi.nlm.nih.gov/articles/PMC1865113
[959/1,630] OK | https://pmc.ncbi.nlm.nih.gov/articles/PMC10920988
[960/1,630] OK | https://universityhealth.com/public-health/factors-shaping-health/economic-stability/housing
[961/1,630] OK | https://adata.org/research-brief/higher-education-and-ada
[962/1,630] OK | https://aclu.org/news/racial-justice/why-access-to-education-is-key-to-systemic-equality
[963/1,630] http_error | https://publichealth.jhu.edu/2026/new-study-identifies-racial-inequality-in-us-hospital-admissions
[964/1,630] http_error | https://jchs.harvard.edu/blog/locked-out-why-homeownership-out-reach-many-young-hispanic-families
[965/1,630] OK | https://ablelight.org/blog/housing-insecurity
[966/1,630] OK | https://aclu.org/issues/racial-justice/race-and-criminal-justice
[967/1,630] OK | https://engineering.stanford.edu/news/understanding-how-racism-and-emotion-impact-affordable-housing-support
[968/1,630] http_error | https://journals.sagepub.com/doi/10.1177/109861119800100403
[969/1,630] OK | https://youtube.com/watch?t=169s&v=iuzDLci1wF4
[970/1,630] http_error | https://journals.sagepub.com/doi/10.1177/00208728251336953
[971/1,630] OK | https://kff.org/wp-content/uploads/2013/01/health-insurance-coverage-and-access-to-care-among-latinos.pdf
[972/1,630] http_error | https://journals.sagepub.com/doi/10.1177/21651434231154584
[973/1,630] OK | https://pmc.ncbi.nlm.nih.gov/articles/PMC2826704
[974/1,630] OK | https://covenanthouse.org/homeless-issues/lgbtq-youth
[975/1,630] OK | https://pmc.ncbi.nlm.nih.gov/articles/PMC5472072
[976/1,630] http_error | https://americanbar.org/groups/criminal_justice/resources/magazine/2024-winter/crisis-behind-bars-legal-issues-impacting
[977/1,630] http_error | https://sciencedirect.com/science/article/abs/pii/S0749379714004966
[978/1,630] OK | https://pmc.ncbi.nlm.nih.gov/articles/PMC4425261
[979/1,630] http_error | https://digitalcommons.providence.edu/cgi/viewcontent.cgi?article=1122&context=sbg
[980/1,630] OK | https://youtube.com/watch?t=15s&v=o7yuBCVaX8Q
[981/1,630] OK | https://news.illinois.edu/how-are-lgbtq-people-treated-by-law-enforcement
[982/1,630] OK | https://equalrightscenter.org/equal-access-hud-2026
[983/1,630] OK | https://pmc.ncbi.nlm.nih.gov/articles/PMC6120354
[984/1,630] OK | https://salud-america.org/when-continuous-medicaid-renewal-ended-latinos-and-black-individuals-were-twice-as-likely-to-l
[985/1,630] http_error | https://americanprogress.org/article/recognizing-addressing-housing-insecurity-disabled-renters
[986/1,630] OK | https://youtube.com/watch?t=1s&v=ZS5nJJRR2GM
[987/1,630] http_error | https://journals.sagepub.com/doi/10.1177/00380407231182682
[988/1,630] OK | https://arxiv.org/html/2405.00895v1
[989/1,630] http_error | https://gillbranstetter.medium.com/transgender-people-incarceration-a-guide-for-reporters-ebd3c27feb8a
[990/1,630] OK | https://publicintegrity.org/inequality-poverty-opportunity/bias-mortgage-approval-algorithms
[991/1,630] http_error | https://global-solutions-initiative.org/publication/financial-inclusion-for-women-a-way-forward
[992/1,630] OK | https://policylab.rutgers.edu/publication/understanding-low-insurance-rates-among-the-hispanic-population-in-new-jersey
[993/1,630] OK | https://nationaldisabilityinstitute.org/wp-content/uploads/2023/07/fdic-credit-factsheet-2023.pdf
[994/1,630] http_error | https://ivycoach.com/the-ivy-coach-blog/college-admissions/lgbtq-college-admissions
[995/1,630] http_error | https://sciencedirect.com/science/article/abs/pii/S0047235204000637
[996/1,630] OK | https://counciloncj.org/womens-justice-a-preliminary-assessment-of-women-in-the-criminal-justice-system
[997/1,630] OK | https://desertrockcapital.com/blogs/7-factors-that-affect-loan-approval-beyond-your-credit-score
[998/1,630] OK | https://pmc.ncbi.nlm.nih.gov/articles/PMC7552981
[999/1,630] OK | https://transcen.org/top-10-reasons-to-hire-an-applicant-with-a-disability
[1,000/1,630] http_error | https://codeforamerica.org/news/getting-clear-answers-about-income-and-household-composition
[1,001/1,630] http_error | https://researchgate.net/publication/309431934_Causes_of_homelessness_prevalence_Relationship_between_homelessness_and_d
[1,002/1,630] OK | https://projectnewyorker.org/common-mistakes-people-make-when-applying-for-public-assistance
[1,003/1,630] OK | https://aclu.org/publications/policing-progress-findings-from-a-national-survey-of-lgbtq-peoples-experiences-with-law-en
[1,004/1,630] OK | https://pmc.ncbi.nlm.nih.gov/articles/PMC5060404
[1,005/1,630] http_error | https://urban.org/research/publication/why-are-there-gaps-lgbtq-homeownership
[1,006/1,630] OK | https://thepeopleconcern.org/the-intersection-of-womanhood-and-homelessness
[1,007/1,630] http_error | https://learningpolicyinstitute.org/topic/equitable-access-and-opportunity
[1,008/1,630] http_error | https://elitelearning.com/resource-center/physicians/creating-a-friendly-healthcare-environment-for-lgbtq-patients
[1,009/1,630] http_error | https://nycbar.org/get-legal-help/article/public-benefits/social-security-disability-insurance-supplemental-security-inc
[1,010/1,630] OK | https://startdisability.com/perspectives/transgender-apply-ssdi
[1,011/1,630] OK | https://azcentralcu.org/blog/financial-challenges-latinos
[1,012/1,630] http_error | https://sciencedirect.com/science/article/abs/pii/S0047235225001941
[1,013/1,630] OK | https://pmc.ncbi.nlm.nih.gov/articles/PMC12074602
[1,014/1,630] OK | https://womensworldbanking.org/insights/how-womens-financial-inclusion-contributes-to-financial-stability-and-soundness
[1,015/1,630] http_error | https://academic.oup.com/ppar/article/35/4/121/8341057
[1,016/1,630] OK | https://economics.yale.edu/sites/default/files/main-july_2016.pdf
[1,017/1,630] http_error | https://researchgate.net/publication/374826969_Education's_Role_in_Empowering_Women_and_Promoting_Gender_Inequality_A_Cr
[1,018/1,630] OK | https://youtube.com/watch?v=QKr6o7BBIG0
[1,019/1,630] OK | https://all4ed.org/future-ready-schools/emerging-practices-guides/ensuring-equity-access-and-inclusion-for-all
[1,020/1,630] OK | https://equalrightscenter.org/ada-35-inaccessible-housing
[1,021/1,630] OK | https://transequality.org/issues/employment
[1,022/1,630] OK | https://pmc.ncbi.nlm.nih.gov/articles/PMC7878644
[1,023/1,630] OK | https://pmc.ncbi.nlm.nih.gov/articles/PMC12450489
[1,024/1,630] http_error | https://ncsl.org/civil-and-criminal-justice/conditions-and-rights-for-women-in-jails
[1,025/1,630] OK | https://uri.edu/news/2025/10/homelessness-rates-vary-sharply-by-race-uri-paper-shows
[1,026/1,630] OK | https://psychologytoday.com/us/blog/shame-nation/201710/how-workplace-bullying-is-impacting-lgbt-employees
[1,027/1,630] OK | https://pubmed.ncbi.nlm.nih.gov/29910848
[1,028/1,630] http_error | https://cbpp.org/research/social-security/women-and-disability-insurance-five-facts-you-should-know
[1,029/1,630] curl_error | https://penalreform.org/issues/people-with-disabilities/the-issue
[1,030/1,630] OK | https://foropportunity.org/how-safety-net-benefits-discourage-low-income-workers-from-escaping-poverty
[1,031/1,630] OK | https://pmc.ncbi.nlm.nih.gov/articles/PMC10260689
[1,032/1,630] http_error | https://ed.gov/laws-and-policy/civil-rights-laws/disability-discrimination/disability-discrimination-key-issues/disabili
[1,033/1,630] OK | https://pmc.ncbi.nlm.nih.gov/articles/PMC8954758
[1,034/1,630] http_error | https://justia.com/employment/employment-discrimination/transgender-discrimination
[1,035/1,630] curl_error | https://ssa.gov/pubs/EN-05-10014.pdf
[1,036/1,630] http_error | https://elibrary.imf.org/view/journals/001/2024/150/article-A001-en.xml
[1,037/1,630] OK | https://profiles.umsl.edu/ws/portalfiles/portal/39865955/Culturally%20appropriate%20CC%20with%20lbgt.pdf
[1,038/1,630] http_error | https://openscholarship.wustl.edu/cgi/viewcontent.cgi?article=1978&context=csd_research
[1,039/1,630] OK | https://pmc.ncbi.nlm.nih.gov/articles/PMC7430435
[1,040/1,630] hard_timeout | https://rsfjournal.org/content/10/4/173
[1,041/1,630] OK | https://ccf.georgetown.edu/2021/06/08/health-coverage-trends-for-latino-children
[1,042/1,630] curl_error | https://trans.ac.uk/Supporting-Students/Access-to-college-and-university
[1,043/1,630] OK | https://snapguideny.org/maintaining-snap-benefits-recertification
[1,044/1,630] http_error | https://tandfonline.com/doi/abs/10.1080/26379112.2024.2357996
[1,045/1,630] http_error | https://cbpp.org/research/income-security/tanf-policies-reflect-racist-legacy-of-cash-assistance
[1,046/1,630] OK | https://vera-institute.files.svdcdn.com/production/downloads/publications/for-the-record-unjust-burden-racial-disparitie
[1,047/1,630] OK | https://youtube.com/shorts/nomALgQGD-c
[1,048/1,630] http_error | https://whijournal.com/article/S1049-3867(08)00108-4/fulltext
[1,049/1,630] OK | https://info.jff.org/end-occupational-segregation
[1,050/1,630] OK | https://youtube.com/watch?t=8s&v=hzWciDUKAPA
[1,051/1,630] hard_timeout | https://law.georgetown.edu/poverty-journal/blog/anti-lgbtq-discrimination-and-barriers-to-accessing-public-benefits
[1,052/1,630] curl_error | https://tc.columbia.edu/articles/2024/april/data-reveals-new-insights-on-transgender-workplace-experiences
[1,053/1,630] OK | https://grundydisabilitygroup.com/social-security-disability-insurance-supplemental-security-income-blogs/why-do-most-pe
[1,054/1,630] OK | https://ewa.org/issues/higher-ed/what-are-some-of-the-barriers-to-college-access
[1,055/1,630] OK | https://cgdev.org/sites/default/files/women-and-credit-narrative-review-low-and-middle-income-countries.pdf
[1,056/1,630] http_error | https://scholarworks.wmich.edu/cgi/viewcontent.cgi?article=3074&context=jssw
[1,057/1,630] OK | https://ncbi.nlm.nih.gov/books/NBK566081
[1,058/1,630] OK | https://pmc.ncbi.nlm.nih.gov/articles/PMC4196210
[1,059/1,630] OK | https://minorityhealth.hhs.gov/hispaniclatino-health
[1,060/1,630] http_error | https://peacehealth.org/healthy-you/preventive-care-different-when-youre-trans-what-know
[1,061/1,630] OK | https://pmc.ncbi.nlm.nih.gov/articles/PMC8874838
[1,062/1,630] OK | https://hechingerreport.org/facts-about-race-and-college-admission
[1,063/1,630] http_error | https://leb.fbi.gov/articles/perspective/perspective-understanding-differing-viewpoints-on-use-of-force
[1,064/1,630] OK | https://pmc.ncbi.nlm.nih.gov/articles/PMC7916133
[1,065/1,630] http_error | https://forbes.com/advisor/business-loans/business-grants-for-women
[1,066/1,630] http_error | https://journals.sagepub.com/doi/10.1177/23780231231215682
[1,067/1,630] http_error | https://sciencedirect.com/org/science/article/abs/pii/S2040714919000470
[1,068/1,630] OK | https://eeoc.gov/small-business-fact-sheet-harassment-workplace
[1,069/1,630] OK | https://ragerlawoffices.com/when-disability-discrimination-leads-to-mental-health-crises
[1,070/1,630] http_error | https://investopedia.com/lgbtq-credit-barriers-7510340
[1,071/1,630] robots_disallowed | https://google.com/goto?url=CAESbwHrOzAVMGs-Ibxp-Y4UM_nYTR5XvfF8AqmJCpMPqlUKWfpXtzs05UbN26TpluUMp7IkOVx1JjNH4XiOfsBolN76
[1,072/1,630] http_error | https://congress.gov/crs-product/R46825
[1,073/1,630] http_error | https://journals.sagepub.com/doi/10.1177/10986111221139442
[1,074/1,630] OK | https://pmc.ncbi.nlm.nih.gov/articles/PMC10937607
[1,075/1,630] http_error | https://mostpolicyinitiative.org/science-note/education-opportunity-gaps
[1,076/1,630] OK | https://huduser.gov/PORTAL/Publications/PDF/hisp_homeown8.pdf
[1,077/1,630] OK | https://pressley.house.gov/2023/03/31/pressley-unveils-bill-to-make-credit-reporting-system-more-inclusive-for-trans-non
[1,078/1,630] http_error | https://sciencedirect.com/science/article/abs/pii/S0190740920311440
[1,079/1,630] http_error | https://scholarworks.harding.edu/cgi/viewcontent.cgi?article=1278&context=tenor
[1,080/1,630] OK | https://pmc.ncbi.nlm.nih.gov/articles/PMC6298818
[1,081/1,630] OK | https://digitalforwomen.worldbank.org/access-finance
[1,082/1,630] OK | https://pmc.ncbi.nlm.nih.gov/articles/PMC13113952
[1,083/1,630] OK | https://pmc.ncbi.nlm.nih.gov/articles/PMC9977107
[1,084/1,630] curl_error | https://mckinsey.com/capabilities/people-and-organization/our-insights/women-in-the-workplace
[1,085/1,630] http_error | https://digitalfinance.worldbank.org/topics/gender/action-1
[1,086/1,630] http_error | https://americanbar.org/groups/diversity/disabilityrights/news/rethinking-debate-over-rising-disability-accomodations-hi
[1,087/1,630] http_error | https://journals.sagepub.com/doi/10.1177/00957984251319661
[1,088/1,630] OK | https://kff.org/womens-health-policy/lgbt-peoples-health-status-and-access-to-care
[1,089/1,630] http_error | https://researchgate.net/publication/344487314_Factors_Affecting_Women's_Participation_in_Career_A_Systematic_Review
[1,090/1,630] http_error | https://rand.org/pubs/research_briefs/RB4011.html
[1,091/1,630] OK | https://pathward.com/news/the-five-cs-of-credit
[1,092/1,630] OK | https://pmc.ncbi.nlm.nih.gov/articles/PMC9127679
[1,093/1,630] OK | https://pmc.ncbi.nlm.nih.gov/articles/PMC12914165
[1,094/1,630] http_error | https://congress.gov/crs-product/IF11631
[1,095/1,630] OK | https://transequality.org/issues/education
[1,096/1,630] OK | https://archive.news.ufl.edu/articles/2016/12/the-disturbing-connection-between-bullying-and-sexual-harassment-1.html
[1,097/1,630] http_error | https://congress.gov/crs-product/R47318
[1,098/1,630] http_error | https://cbpp.org/research/health/states-can-reduce-medicaids-administrative-burdens-to-advance-health-and-racial
[1,099/1,630] http_error | https://urban.org/urban-wire/building-trust-financial-system-key-closing-racial-wealth-gap
[1,100/1,630] http_error | https://healthecareers.com/career-resources/soft-skills/how-to-discuss-preventative-care-with-transgender-patients
[1,101/1,630] http_error | https://urban.org/research/publication/strategies-improving-public-benefits-access-and-retention
[1,102/1,630] OK | https://foundationfinance.com/what-factors-influence-financing-approval
[1,103/1,630] http_error | https://nilc.org/resources/overview-immeligfedprograms
[1,104/1,630] http_error | https://researchgate.net/publication/405278775_Male_and_Female_Youth's_Opportunities_to_Attend_Higher_Education_Gender_E
[1,105/1,630] OK | https://sentencingproject.org/reports/one-in-five-how-mass-incarceration-deepens-inequality-and-harms-public-safety
[1,106/1,630] OK | https://shelteringgrace.org/the-factors-fueling-homelessness-among-women-and-children
[1,107/1,630] OK | https://ncbi.nlm.nih.gov/books/NBK596380
[1,108/1,630] OK | https://hks.harvard.edu/centers/carr-ryan/our-work/carr-ryan-commentary/situation-incarcerated-women
[1,109/1,630] OK | https://pmc.ncbi.nlm.nih.gov/articles/PMC9731338
[1,110/1,630] OK | https://pmc.ncbi.nlm.nih.gov/articles/PMC4584144
[1,111/1,630] OK | https://repositori.upf.edu/server/api/core/bitstreams/a9956810-a5fa-43c6-8ed3-ba32a1d77eb3/content
[1,112/1,630] OK | https://hoaglandlongo.com/blog/breaking-barriers-when-did-women-gain-the-right-to-own-a-home-open-a-credit-card-or-start
[1,113/1,630] OK | https://journalofsocialsciences.org/article/breaking-the-binary-in-academia-a-systematic-review-on-the-barriers-facing-t
[1,114/1,630] OK | https://hechingerreport.org/colleges-men-trump-new-policies-disadvantage
[1,115/1,630] http_error | https://happen.com/resource-center/personal-loan/5-factors-that-may-affect-personal-loan-approval
[1,116/1,630] http_error | https://cdc.gov/mmwr/preview/mmwrhtml/mm5340a2.htm
[1,117/1,630] OK | https://communityalliesconsulting.com/blogs/lgbtqia-housing-challenges
[1,118/1,630] curl_error | https://mckinsey.com/mgi/our-research/tough-trade-offs-how-time-and-career-choices-shape-the-gender-pay-gap
[1,119/1,630] http_error | https://scholarship.law.vanderbilt.edu/cgi/viewcontent.cgi?article=5212&context=vlr
[1,120/1,630] OK | https://endhomelessness.org/resources/toolkits-and-training-materials/supporting-homeless-transgender-and-and-gender-non
[1,121/1,630] http_error | https://pmc.ncbi.nlm.nih.gov/articles/PMC2835305/https:/pmc.ncbi.nlm.nih.gov/articles/PMC2835305
[1,122/1,630] http_error | https://journals.uchicago.edu/doi/10.1086/728738
[1,123/1,630] OK | https://crisisassistance.org/2025/07/12/how-housing-instability-intersects-with-disability
[1,124/1,630] http_error | https://cbpp.org/research/health/leveraging-snap-information-to-renew-medicaid-eligibility-in-a-post-unwinding-world
[1,125/1,630] OK | https://pmc.ncbi.nlm.nih.gov/articles/PMC12810827
[1,126/1,630] OK | https://newamerica.org/insights/paving-way-latinx-teachers/barriers-along-the-pathway-into-teaching
[1,127/1,630] OK | https://pmc.ncbi.nlm.nih.gov/articles/PMC11970692
[1,128/1,630] http_error | https://sciencedirect.com/science/article/abs/pii/S0049089X16308444
[1,129/1,630] OK | https://endhomelessness.org/state-of-homelessness
[1,130/1,630] http_error | https://sciencedirect.com/science/article/abs/pii/S0889158318300650
[1,131/1,630] OK | https://brookings.edu/articles/college-enrollment-gaps-how-academic-preparation-influences-opportunity
[1,132/1,630] OK | https://gov-grants.org/grants-for-women
[1,133/1,630] OK | https://hopecu.org/articles/breaking-barriers-overcoming-financial-challenges-in-the-hispanic-community
[1,134/1,630] OK | https://hracuity.com/blog/workplace-harassment
[1,135/1,630] OK | https://trajectordisability.com/credit-cards-home-loans-on-disability
[1,136/1,630] OK | https://news-medical.net/news/20260929/What-helped-families-stay-with-WIC-Remote-access-may-be-key.aspx
[1,137/1,630] OK | https://rstreet.org/research/from-victim-to-defendant-how-justice-falls-short-for-women
[1,138/1,630] OK | https://lemoinelawfirm.com/what-are-the-most-approved-disabilities
[1,139/1,630] http_error | https://aei.org/research-products/report/stranded-by-the-safety-net-how-to-fix-the-benefit-cliff-problem
[1,140/1,630] OK | https://pmc.ncbi.nlm.nih.gov/articles/PMC10784545
[1,141/1,630] http_error | https://tandfonline.com/doi/full/10.1080/16549716.2024.2342634
[1,142/1,630] OK | https://justiceinaging.org/supporting-lgbtq-older-adults-basic-needs
[1,143/1,630] http_error | https://thelitbot.com/blog/2024/04/3-organizational-risk-factors-for-sexual-harassment
[1,144/1,630] OK | https://cms.gov/priorities/innovation/key-concepts/preventive-care
[1,145/1,630] OK | https://pmc.ncbi.nlm.nih.gov/articles/PMC4890541
[1,146/1,630] http_error | https://researchgate.net/publication/227764762_Sexual_Orientation_and_College_Choice_Considering_Campus_Climate
[1,147/1,630] OK | https://stwserve.com/understanding-federal-benefits-for-same-sex-couples
[1,148/1,630] OK | https://pmc.ncbi.nlm.nih.gov/articles/PMC5478215
[1,149/1,630] http_error | https://journals.sagepub.com/doi/abs/10.1177/21533687251314137
[1,150/1,630] OK | https://nber.org/system/files/working_papers/w31172/w31172.pdf
[1,151/1,630] http_error | https://urban.org/urban-wire/how-states-can-narrow-latina-benefit-and-wage-gap
[1,152/1,630] http_error | https://academic.oup.com/esr/article/42/2/301/8317978
[1,153/1,630] OK | https://bja.ojp.gov/library/publications/understanding-police-decisions-arrest-impact-situational-officer-and
[1,154/1,630] OK | https://pmc.ncbi.nlm.nih.gov/articles/PMC9955979
[1,155/1,630] http_error | https://sciencedirect.com/science/article/abs/pii/S0891422211003428
[1,156/1,630] robots_disallowed | https://linkedin.com/top-content/recruitment-hr/diversity-in-the-workplace/why-companies-hire-more-women
[1,157/1,630] OK | https://cfr.org/legal-barriers/barriers/building_credit
[1,158/1,630] OK | https://crr.bc.edu/black-workers-rely-more-on-federal-disability
[1,159/1,630] OK | https://levelaccess.com/blog/ada-financial-institutions
[1,160/1,630] robots_disallowed | https://kc.edu/healthcare-gap-a-reality-for-hispanic-latino-community
[1,161/1,630] http_error | https://commonwealthfund.org/publications/fund-reports/2024/apr/advancing-racial-equity-us-health-care
[1,162/1,630] OK | https://aspe.hhs.gov/reports/disabled-their-health-care-health-insurance-0
[1,163/1,630] OK | https://19thnews.org/2023/07/credit-hurdles-transgender-nonbinary-fetterman-smith-bill
[1,164/1,630] OK | https://nij.ojp.gov/topics/articles/race-trust-and-police-legitimacy
[1,165/1,630] OK | https://arauniversity.org/harassment-workplace
[1,166/1,630] OK | https://homelessidproject.org/how-do-people-become-homeless-understanding-the-causes-of-homelessness
[1,167/1,630] OK | https://pmc.ncbi.nlm.nih.gov/articles/PMC4940635
[1,168/1,630] http_error | https://urban.org/research/publication/hispanic-homeowners-and-physical-inadequacy-properties
[1,169/1,630] http_error | https://homelesshub.ca/collection/population-groups/people-with-disabilities
[1,170/1,630] robots_disallowed | https://facebook.com/NashvilleCriminalAttorney/videos/when-you-are-detained-but-not-arrested-it-is-because-they-are-stil
[1,171/1,630] http_error | https://psnet.ahrq.gov/perspective/patient-safety-concerns-and-lgbtq-population
[1,172/1,630] OK | https://kaplanpathways.com/blog/4-ways-title-ix-expanded-women-access-to-us-higher-education
[1,173/1,630] http_error | https://medresearch.umich.edu/sites/default/files/2024-06/RRTC-Evaluating-Housing-Concerns.pdf
[1,174/1,630] http_error | https://pinyerdlaw.com/ssdi-approval-rates-by-condition
[1,175/1,630] OK | https://unitedwaynca.org/blog/causes-of-homelessness
[1,176/1,630] OK | https://pmc.ncbi.nlm.nih.gov/articles/PMC7415496
[1,177/1,630] OK | https://ideas.repec.org/a/kap/poprpr/v42y2023i3d10.1007_s11113-023-09774-2.html
[1,178/1,630] OK | https://researchworks.laverne.edu/esploro/outputs/doctoral/Understanding-Loss-of-Medicaid-Benefits-in/991004336814506311
[1,179/1,630] http_error | https://epi.org/publication/racial-representation-prof-occ
[1,180/1,630] OK | https://pmc.ncbi.nlm.nih.gov/articles/PMC7227297
[1,181/1,630] OK | https://chrc-ccdp.gc.ca/resources/newsroom/joint-news-release-new-data-highlights-troubling-housing-inequalities-people
[1,182/1,630] OK | https://lgbtq-economics.org/research/leaf-report-2023
[1,183/1,630] http_error | https://sciencedirect.com/science/article/abs/pii/S0047272725000994
[1,184/1,630] OK | https://ebsco.com/research-starters/education/privilege-and-disadvantage-us-education
[1,185/1,630] http_error | https://cbpp.org/research/health/health-coverage-rates-vary-widely-across-and-within-racial-and-ethnic-groups
[1,186/1,630] http_error | https://americanprogress.org/article/african-americans-face-systematic-obstacles-getting-good-jobs
[1,187/1,630] OK | https://williamsinstitute.law.ucla.edu/press/law-enforcement-lgbtq-interactions
[1,188/1,630] OK | https://aspe.hhs.gov/reports/economic-risk-report
[1,189/1,630] OK | https://pmc.ncbi.nlm.nih.gov/articles/PMC10595555
[1,190/1,630] OK | https://psychology.town/psychosocial-issues-in-disability/career-development-strategies-disabilities
[1,191/1,630] OK | https://today.ucsd.edu/story/closing-gender-gaps-in-career-advancement
[1,192/1,630] OK | https://jbhe.com/2021/11/study-finds-persisting-racial-inequality-in-access-to-financial-services-and-credit
[1,193/1,630] http_error | https://commonwealthfund.org/publications/issue-briefs/2025/jun/reducing-medicaid-churn-policies-promote-stable-health-c
[1,194/1,630] OK | https://transequality.org/issues/housing-homelessness
[1,195/1,630] OK | https://lemoinelawfirm.com/top-10-signs-you-will-win-disability-benefits
[1,196/1,630] OK | https://pmc.ncbi.nlm.nih.gov/articles/PMC11708084
[1,197/1,630] OK | https://pmc.ncbi.nlm.nih.gov/articles/PMC6708348
[1,198/1,630] OK | https://experian.com/blogs/ask-experian/what-do-mortgage-lenders-look-for
[1,199/1,630] OK | https://thetrevorproject.org/research-briefs/school-related-protective-factors-for-lgbtq-middle-and-high-school-students
[1,200/1,630] OK | https://pmc.ncbi.nlm.nih.gov/articles/PMC6497454
[1,201/1,630] http_error | https://calltherightattorney.com/blog/2025/10/what-does-a-racially-hostile-workplace-look-like-for-white-employees
[1,202/1,630] OK | https://youtube.com/watch?t=2258s&v=EYnXTuHdOEk
[1,203/1,630] OK | https://frontiersin.org/journals/education/articles/10.3389/feduc.2025.1631418/full
[1,204/1,630] OK | https://childtrends.org/publications/application-data-can-help-us-understand-hispanic-families-uptake-of-child-care-subs
[1,205/1,630] OK | https://bostonfed.org/news-and-events/news/2021/11/racism-and-the-economy-barriers-to-financial-services-perpetuate-econ
[1,206/1,630] OK | https://pmc.ncbi.nlm.nih.gov/articles/PMC8483182
[1,207/1,630] OK | https://pmc.ncbi.nlm.nih.gov/articles/PMC10172218
[1,208/1,630] OK | https://pmc.ncbi.nlm.nih.gov/articles/PMC11799928
[1,209/1,630] OK | https://luminafoundation.org/news-and-views/hispanic-students-can-shape-our-future-if-we-reshape-college
[1,210/1,630] OK | https://kff.org/medicaid/5-key-facts-about-medicaid-coverage-for-people-with-disabilities
[1,211/1,630] OK | https://pmc.ncbi.nlm.nih.gov/articles/PMC9341318
[1,212/1,630] OK | https://ebsco.com/research-starters/politics-and-government/housing-stability
[1,213/1,630] OK | https://washingtoninformer.com/race-based-loan-approval-disparities
[1,214/1,630] OK | https://pmc.ncbi.nlm.nih.gov/articles/PMC8559954
[1,215/1,630] OK | https://nlc.org/article/2023/03/21/housing-for-women-female-headed-households
[1,216/1,630] OK | https://menarddisabilitylaw.com/disability-support-for-the-lgbtq-community
[1,217/1,630] OK | https://clasp.org/blog/the-racist-roots-of-work-requirements-in-public-benefits-programs
[1,218/1,630] OK | https://rennepubliclawgroup.com/investigating-same-culture-bias-with-spanish-speaking-employees
[1,219/1,630] OK | https://employerscouncil.org/resources/examination-gender-bias-hiring
[1,220/1,630] OK | https://disabledworkersusa.com/factors-that-can-affect-your-social-security-disability-benefits
[1,221/1,630] http_error | https://advancingpretrial.org/story/racism-policing-and-the-criminal-justice-system
[1,222/1,630] OK | https://pubmed.ncbi.nlm.nih.gov/26131944
[1,223/1,630] OK | https://pmc.ncbi.nlm.nih.gov/articles/PMC11731762
[1,224/1,630] OK | https://nij.ojp.gov/topics/articles/use-force-continuum
[1,225/1,630] OK | https://home.treasury.gov/news/featured-stories/post-5-racial-differences-in-educational-experiences-and-attainment
[1,226/1,630] http_error | https://urban.org/urban-wire/no-cops-pride-how-criminal-justice-system-harms-lgbtq-people
[1,227/1,630] http_error | https://cbpp.org/blog/americans-especially-women-benefit-hugely-from-social-security
[1,228/1,630] http_error | https://researchgate.net/publication/336971674_Women's_college_admissions_and_retention_policies_pertaining_to_transgend
[1,229/1,630] OK | https://youtube.com/watch?v=YhaTyOY5eHM
[1,230/1,630] curl_error | https://caf.com/en/currently/news/women-are-less-likely-to-access-consumer-credit
[1,231/1,630] OK | https://lawofficesgailfisher.com/when-a-disability-worsens-do-government-benefits-increase
[1,232/1,630] http_error | https://journals.sagepub.com/doi/10.1177/10986111251372007
[1,233/1,630] OK | https://pmc.ncbi.nlm.nih.gov/articles/PMC11982999
[1,234/1,630] OK | https://youtube.com/watch?t=41s&v=_TUydUMazkc
[1,235/1,630] OK | https://brookings.edu/articles/unequal-opportunity-race-and-education
[1,236/1,630] OK | https://hhs.nd.gov/health/prevention-healthy-living/domestic-violence-sexual-assault/prevention-toolkit/bullying-and-sex
[1,237/1,630] OK | https://williamsinstitute.law.ucla.edu/publications/policing-lgbq-people
[1,238/1,630] OK | https://prisonpolicy.org/reports/pie2025.html
[1,239/1,630] OK | https://ncbi.nlm.nih.gov/sites/books/NBK19909
[1,240/1,630] http_error | https://humanrights.gov.au/resource-hub/by-resource-type/education/know-your-rights/homelessness
[1,241/1,630] OK | https://pmc.ncbi.nlm.nih.gov/articles/PMC13017733
[1,242/1,630] OK | https://scholarlycommons.henryford.com/nursing_articles/6
[1,243/1,630] OK | https://rcej.scholasticahq.com/article/142768-infusing-disability-into-a-career-development-course
[1,244/1,630] OK | https://theconversation.com/how-ethnic-minorities-face-higher-levels-of-financial-exclusion-71960
[1,245/1,630] OK | https://transequality.org/resources/know-your-rights-housing-and-homelessness
[1,246/1,630] http_error | https://sciencedirect.com/science/article/pii/S074937972500724X
[1,247/1,630] OK | https://cnbc.com/2019/03/08/linkedin-study-reveals-why-men-are-more-likely-to-get-noticed-by-job-recruiters-than-women.h
[1,248/1,630] http_error | https://torontocentre.org/index.php?Itemid=99&id=33&option=com_content&view=article
[1,249/1,630] OK | https://ballardbrief.byu.edu/issue-briefs/educational-disparities-among-racial-and-ethnic-minority-youth-in-the-united-s
[1,250/1,630] http_error | https://providentcu.org/blog/news/5-key-factors-that-impact-your-credit-score
[1,251/1,630] OK | https://roblevine.com/faqs/what-conditions-automatically-qualify-you-for-disability
[1,252/1,630] OK | https://ic3movement.com/post/students-with-learning-disabilities-why-inclusion-must-go-beyond-access
[1,253/1,630] http_error | https://sciencedirect.com/science/article/abs/pii/S0749379710001777
[1,254/1,630] OK | https://ncd.gov/report/2023-progress-report-toward-economic-security-the-impact-of-income-and-asset-limits-on-people-wit
[1,255/1,630] OK | https://rfi.global/breaking-barriers-the-banks-that-are-supporting-black-financial-inclusion
[1,256/1,630] http_error | https://stopbullying.gov/bullying/special-needs
[1,257/1,630] OK | https://pmc.ncbi.nlm.nih.gov/articles/PMC5836796
[1,258/1,630] OK | https://aaidd.org/news-policy/policy/position-statements-2/housing
[1,259/1,630] OK | https://carleton.edu/accessibility-resources/newsletter/disability-and-homelessness-in-america
[1,260/1,630] OK | https://pmc.ncbi.nlm.nih.gov/articles/PMC5657251
[1,261/1,630] robots_disallowed | https://google.com/goto?url=CAESWAHrOzAV2J3c-MnbZi7ioQN_AjdKDQmy9VTeGwztTzo__31ueVhcXu50mROjPxA26bA7ZFO5W4ESYn5K3fOLeTKA
[1,262/1,630] OK | https://ebsco.com/research-starters/politics-and-government/employment-among-latinos
[1,263/1,630] http_error | https://dl.acm.org/doi/full/10.1145/3769994.3770011
[1,264/1,630] http_error | https://scholarworks.waldenu.edu/cgi/viewcontent.cgi?article=16615&context=dissertations
[1,265/1,630] robots_disallowed | https://wol.iza.org/articles/how-to-improve-participation-in-social-assistance-programs/long
[1,266/1,630] http_error | https://opportunityhome.org/wp-content/uploads/2020/10/Final-Racial-Equity-Page-Fact-Sheet.pdf
[1,267/1,630] OK | https://mecklenburghousingdata.org/frontpage-article/addressing-lgbtq-homelessness-challenges-disparities-and-promising-
[1,268/1,630] http_error | https://tandfonline.com/doi/full/10.1080/26895269.2026.2644589
[1,269/1,630] OK | https://williamsinstitute.law.ucla.edu/publications/lgbt-workplace-discrimination
[1,270/1,630] OK | https://nelp.org/insights-research/why-women-need-a-stronger-unemployment-insurance-system
[1,271/1,630] OK | https://law.stanford.edu/wp-content/uploads/2024/06/2024-Bias-Criminal-Legal-System.pdf
[1,272/1,630] OK | https://grants.gov/learn-grants/grant-eligibility
[1,273/1,630] http_error | https://cbpp.org/blog/more-frequent-medicaid-renewals-would-increase-errors-and-lead-eligible-people-to-lose-health
[1,274/1,630] OK | https://upistudy.com/blog/introduction-to-criminology/what-are-the-demographic-influences-on-crime
[1,275/1,630] OK | https://elker.com/articles/5-risk-factors-for-sexual-harassment-in-the-workplace
[1,276/1,630] OK | https://cavignac.com/blog/risk-factors-for-harassment-in-the-workplace
[1,277/1,630] OK | https://youtube.com/watch?t=23s&v=09Ks_25Saao
[1,278/1,630] http_error | https://onlinelibrary.wiley.com/doi/10.1111/jofi.13444
[1,279/1,630] http_error | https://justanswer.com/social-security/r71ud-disability-medical-waiver-deined-re-new.html
[1,280/1,630] OK | https://insidehighered.com/news/students/diversity/2024/10/23/latino-students-face-major-obstacles-while-college
[1,281/1,630] http_error | https://tcf.org/content/commentary/no-ramp-out-the-payday-loan-hole-of-the-disability-community
[1,282/1,630] OK | https://allsupemploymentservices.com/blog/overcoming-barriers-to-employment-with-disabilities
[1,283/1,630] OK | https://youtube.com/watch?t=339s&v=hC0ZgtIKe48
[1,284/1,630] OK | https://pmc.ncbi.nlm.nih.gov/articles/PMC7899057
[1,285/1,630] OK | https://nn4youth.org/learn/lgbtq-homeless-youth
[1,286/1,630] OK | https://pmc.ncbi.nlm.nih.gov/articles/PMC8916710
[1,287/1,630] OK | https://pmc.ncbi.nlm.nih.gov/articles/PMC11160937
[1,288/1,630] http_error | https://upward-mobility.urban.org/framework/neighborhoods/stability
[1,289/1,630] http_error | https://opportunityhome.org/resources/racial-equity-housing
[1,290/1,630] OK | https://macfound.org/press/grantee-news/examining-the-justice-systems-impact-on-disabled-people
[1,291/1,630] OK | https://onpointcu.com/blog/lending-discrimination-part-1-what-you-need-to-know-about-credit-and-lending-discrimination
[1,292/1,630] OK | https://pmc.ncbi.nlm.nih.gov/articles/PMC12306465
[1,293/1,630] OK | https://files.eric.ed.gov/fulltext/EJ992995.pdf
[1,294/1,630] http_error | https://congress.gov/crs-product/R45979
[1,295/1,630] OK | https://insidehighered.com/news/student-success/health-wellness/2024/08/27/how-institutional-practices-can-impact-lgbtq
[1,296/1,630] OK | https://youtube.com/watch?t=171s&v=XhZxwOdnzS4
[1,297/1,630] OK | https://workforceedge.com/blog/creating-career-growth-opportunities-employees
[1,298/1,630] OK | https://youtube.com/watch?t=1s&v=-4EbTEjvQyw
[1,299/1,630] OK | https://highereddive.com/news/diversity-college-admissions-enrollment-nacac-2025/760807
[1,300/1,630] OK | https://prisonpolicy.org/scans/LatinoReport_lowres_6.17.14.pdf
[1,301/1,630] OK | https://williamsinstitute.law.ucla.edu/press/trans-higher-ed-press-release
[1,302/1,630] OK | https://ere.net/articles/ways-to-remove-barriers-to-hiring-people-with-disabilities
[1,303/1,630] http_error | https://journals.sagepub.com/doi/10.1177/00187267261480591
[1,304/1,630] http_error | https://cgdev.org/blog/women-policymaking-why-it-matters
[1,305/1,630] OK | https://ebsco.com/research-starters/education/bullying-schools-overview
[1,306/1,630] OK | https://pmc.ncbi.nlm.nih.gov/articles/PMC11817108
[1,307/1,630] http_error | https://justia.com/employment/employment-discrimination/ethnicity-discrimination
[1,308/1,630] OK | https://buckeyecu.org/the-role-of-black-credit-unions-in-financial-inclusion
[1,309/1,630] http_error | https://uscis.gov/save/benefit-and-license-applicants
[1,310/1,630] http_error | https://journals.sagepub.com/doi/10.1177/21533687251314137?int.sj-abstract.similar-articles.7=
[1,311/1,630] OK | https://plaid.com/resources/fintech/financial-inclusion
[1,312/1,630] OK | https://pmc.ncbi.nlm.nih.gov/articles/PMC12573526
[1,313/1,630] OK | https://kff.org/womens-health-policy/update-on-medicaid-coverage-of-gender-affirming-health-services
[1,314/1,630] OK | https://lse.ac.uk/research/research-for-the-world/society/tackling-school-bullying-mexico
[1,315/1,630] http_error | https://onlinelibrary.wiley.com/doi/10.1111/puar.13497
[1,316/1,630] http_error | https://americanprogress.org/article/fact-sheet-protecting-advancing-health-care-transgender-adult-communities
[1,317/1,630] OK | https://pointofpride.org/blog/new-executive-order-targets-transgender-and-non-binary-americans-what-you-need-to-know
[1,318/1,630] OK | https://wanderingeducators.com/intercultural-education/resources/educational-disparities-latino-students-us
[1,319/1,630] http_error | https://sciencedirect.com/science/article/pii/S2590291125006060?__cf_chl_rt_tk=eAaa8E26I1G3T_n7h4raEreOdOcbWY4VU0W8MtFp8
[1,320/1,630] OK | https://endhomelessness.org/resources/research-and-analysis/housing-instability-among-gender-expansive-people-and-paths-
[1,321/1,630] http_error | https://tcf.org/content/report/advancing-health-equity-for-black-communities-through-insurance-reform
[1,322/1,630] OK | https://richmondfed.org/publications/research/econ_focus/2022/q4_district_digest
[1,323/1,630] http_error | https://digitalcommons.liberty.edu/cgi/viewcontent.cgi?article=8700&context=doctoral
[1,324/1,630] OK | https://pmc.ncbi.nlm.nih.gov/articles/PMC11196069
[1,325/1,630] http_error | https://cbpp.org/research/health/using-snap-data-for-medicaid-renewals-can-keep-eligible-beneficiaries-enrolled
[1,326/1,630] OK | https://equity.army/financial-services
[1,327/1,630] http_error | https://psnet.ahrq.gov/perspective/ensuring-patient-and-workforce-safety-culture-healthcare
[1,328/1,630] OK | https://mayfieldis.com/blogs/factors-that-influence-health-insurance-premiums
[1,329/1,630] OK | https://census.gov/newsroom/blogs/random-samplings/2015/09/another-difference-between-the-sexes-health-insurance-coverag
[1,330/1,630] OK | https://kff.org/uninsured/characteristics-of-remaining-uninsured-men-and-potential-strategies-to-reach-and-enroll-them-i
[1,331/1,630] OK | https://patientsafetylearning.org/blog/womens-health-and-patient-safety-accelerating-action-in-four-key-areas
[1,332/1,630] http_error | https://digitalcommons.calpoly.edu/cgi/viewcontent.cgi?article=1010&context=coe_dean
[1,333/1,630] OK | https://williamsinstitute.law.ucla.edu/press/latinx-workplace-press-release
[1,334/1,630] OK | https://pmc.ncbi.nlm.nih.gov/articles/PMC12274773
[1,335/1,630] OK | https://csgjusticecenter.org/2021/10/12/how-are-hispanic-individuals-represented-in-the-criminal-justice-system
[1,336/1,630] http_error | https://journals.sagepub.com/doi/10.1177/02724316221142247
[1,337/1,630] http_error | https://cbpp.org/research/streamlining-and-coordinating-benefit-programs-application-procedures
[1,338/1,630] OK | https://pmc.ncbi.nlm.nih.gov/articles/PMC6290583
[1,339/1,630] OK | https://sentencingproject.org/policy-brief/incarcerated-lgbtq-adults-and-youth
[1,340/1,630] http_error | https://ama-assn.org/system/files/transgender-coverage-issue-brief.pdf
[1,341/1,630] robots_disallowed | https://sjcexchange.org/HigherLogic/Security/ScheduledForDeletion.aspx
[1,342/1,630] http_error | https://fahe.org/the-benefits-cliff-eliminating-barriers-to-transitioning-off-public-benefits
[1,343/1,630] OK | https://mapresearch.org/equality-map/medicaid-coverage-of-transgender-related-health-care
[1,344/1,630] OK | https://pmc.ncbi.nlm.nih.gov/articles/PMC10953678
[1,345/1,630] OK | https://jennifertardy.com/linkedin-newsletter-articles/four-barriers-to-equal-representation-for-hispanic-workers-in-us
[1,346/1,630] OK | https://hrc.org/resources/transitioning-in-the-workplace-a-guide-for-trans-employees
[1,347/1,630] http_error | https://homelesshub.ca/blog/2023/five-arguments-trans-inclusion-homelessness-sector
[1,348/1,630] OK | https://floridacollegeaccess.org/research-and-policy/targeted-supports-help-latino-students-in-college-according-to-new-
[1,349/1,630] OK | https://naacp.org/resources/criminal-justice-fact-sheet
[1,350/1,630] OK | https://pmc.ncbi.nlm.nih.gov/articles/PMC11148781
[1,351/1,630] OK | https://aclrc.com/education-programs/resources-for-teachers/bullying/bullying-and-lgbt-students
[1,352/1,630] OK | https://en.wikipedia.org/wiki/Unbanked
[1,353/1,630] OK | https://pmc.ncbi.nlm.nih.gov/articles/PMC10820636
[1,354/1,630] OK | https://housingup.org/2025/02/26/racism-and-homelessness
[1,355/1,630] http_error | https://researchgate.net/publication/247748498_Predictors_of_the_Police_Use_of_Force_The_Application_of_a_Continuum_Pers
[1,356/1,630] http_error | https://aecf.org/resources/improving-access-to-public-benefits
[1,357/1,630] curl_error | https://otda.ny.gov/programs/snap
[1,358/1,630] OK | https://worldebhcday.org/blog/2023/ethnic-and-racial-disparities-and-patient-safety
[1,359/1,630] http_error | https://tandfonline.com/doi/abs/10.2147/RMHP.S497337
[1,360/1,630] http_error | https://sciencedirect.com/science/article/abs/pii/S0149718918303823
[1,361/1,630] OK | https://pmc.ncbi.nlm.nih.gov/articles/PMC7842519
[1,362/1,630] OK | https://bofcu.com/unlocking-opportunities-understanding-the-impact-of-credit-scores-on-loan-approvals
[1,363/1,630] http_error | https://sciencedirect.com/science/article/abs/pii/S1359178920301452
[1,364/1,630] OK | https://hope.temple.edu/newsroom/hope-blog/securing-basic-needs-transgender-students
[1,365/1,630] OK | https://ivypanda.com/essays/racist-bullying-among-black-students-in-us-universities
[1,366/1,630] OK | https://usich.gov/guidance-reports-data/data-trends
[1,367/1,630] OK | https://ojp.gov/library/publications/understanding-police-decisions-arrest-impact-situational-officer-and
[1,368/1,630] OK | https://pmc.ncbi.nlm.nih.gov/articles/PMC12836853
[1,369/1,630] OK | https://share.google/mjqnOrCFpIb7oft39
[1,370/1,630] OK | https://housingvisions.org/lgbtq-and-fair-housing
[1,371/1,630] OK | https://pmc.ncbi.nlm.nih.gov/articles/PMC5943618
[1,372/1,630] OK | https://applerouth.com/blog/troubling-gender-gaps-in-education
[1,373/1,630] OK | https://pmc.ncbi.nlm.nih.gov/articles/PMC6502664
[1,374/1,630] OK | https://finance.yahoo.com/news/establish-credit-adults-disabilities-203405315.html
[1,375/1,630] http_error | https://acl.gov/HousingAndServices/Homelessness
[1,376/1,630] OK | https://pmc.ncbi.nlm.nih.gov/articles/PMC12371776
[1,377/1,630] OK | https://prostaffworkforce.com/8-influences-that-impact-a-candidates-decision-to-accept-a-job
[1,378/1,630] OK | https://adata.org/research-brief/digital-access-students-higher-education-and-ada
[1,379/1,630] robots_disallowed | https://google.com/goto?url=CAESvwEB6zswFYOnKcjBcxXIYQO4Gz6GSU6dZ69EGs523IdwCoAODo7rDGd0mzbVSz7qwq3GSQ_gIj02_109G72IdC24
[1,380/1,630] OK | https://youtube.com/watch?t=54s&v=LSyQuO_7i04
[1,381/1,630] http_error | https://medium.com/@jeankquam/falling-behind-understanding-the-challenges-facing-latino-education-in-the-u-s-f92bd776110
[1,382/1,630] OK | https://pmc.ncbi.nlm.nih.gov/articles/PMC11188510
[1,383/1,630] OK | https://online.campbellsville.edu/social-work/factors-that-cause-homelessness
[1,384/1,630] OK | https://prisonpolicy.org/research/disability
[1,385/1,630] OK | https://includedhealth.com/blog/health/types-of-preventive-care-for-black-health
[1,386/1,630] OK | https://pmc.ncbi.nlm.nih.gov/articles/PMC9723913
[1,387/1,630] OK | https://economyleague.org/resources/color-inequality-part-4-barriers-sustainable-employment-workers-color
[1,388/1,630] OK | https://pmc.ncbi.nlm.nih.gov/articles/PMC5798675
[1,389/1,630] OK | https://bostonindicators.org/article-pages/2025/july/black-male-workforce
[1,390/1,630] OK | https://eeoc.gov/youth/racecolor-discrimination
[1,391/1,630] OK | https://afi-global.org/opinion/financially-including-people-with-disabilities-is-possible-heres-how
[1,392/1,630] OK | https://pmc.ncbi.nlm.nih.gov/articles/PMC10501741
[1,393/1,630] OK | https://hrw.org/report/2016/12/07/walking-through-hailstorm/discrimination-against-lgbt-youth-us-schools
[1,394/1,630] OK | https://cgap.org/research/publication/invisible-barriers-how-gender-norms-impact-financial-inclusion
[1,395/1,630] http_error | https://housingmatterssc.org/rise-in-latinx-and-hispanic-homelessness
[1,396/1,630] OK | https://hks.harvard.edu/centers/mrcbg/programs/growthpolicy/reducing-administrative-burdens-increase-access-safety-net
[1,397/1,630] http_error | https://michiganmedicine.org/health-lab/health-care-access-gaps-people-disabilities
[1,398/1,630] OK | https://centerforfinancialinclusion.org/article/financial-inclusion-must-address-restrictive-social-and-gender-norms
[1,399/1,630] OK | https://pmc.ncbi.nlm.nih.gov/articles/PMC10167762
[1,400/1,630] OK | https://cunninghampllc.com/blog/when-does-disability-discrimination-cross-into-harassment
[1,401/1,630] http_error | https://tandfonline.com/doi/abs/10.1300/J012v16n04_05
[1,402/1,630] OK | https://ebsco.com/research-starters/womens-studies-and-feminism/gender-and-welfare-policy
[1,403/1,630] OK | https://motherjones.com/criminal-justice/2016/02/why-are-lgbt-people-overrepresented-prisons-and-jails
[1,404/1,630] http_error | https://digitalcommons.odu.edu/cgi/viewcontent.cgi?article=1023&context=sociology_criminaljustice_etds
[1,405/1,630] robots_disallowed | https://link.springer.com/article/10.1057/s41261-026-00344-y
[1,406/1,630] robots_disallowed | https://google.com/goto?url=CAESYAHrOzAV1-FsdU-iSDYU7z5lPElpnx4yLgmisnuafmyiYwA7yHAvISG6-KzGujdRpbEqZntDqWosgd8z2Mj7OPug
[1,407/1,630] OK | https://yahoo.com/news/us/article/most-disability-claims-get-denied-heres-why--and-what-social-security-is-actually-look
[1,408/1,630] http_error | https://borgenproject.org/lack-of-access-to-education?ki-cf-botcl=1
[1,409/1,630] OK | https://maineemployeerights.com/practice-areas/sex-gender-discrimination-and-harassment-including-sexual-harass
[1,410/1,630] OK | https://thetrevorproject.org/research-briefs/anti-bullying-policies-in-school-and-lgbtq-young-people
[1,411/1,630] http_error | https://archive-housingmatters.urban.org/articles/how-can-we-advance-latino-homeownership-and-housing-stability
[1,412/1,630] OK | https://gylawny.com/dont-let-dac-benefits-disrupt-medicaid-and-ssi
[1,413/1,630] OK | https://tylerclementi.org/why-do-students-bully
[1,414/1,630] OK | https://nlihc.org/resource/study-finds-significant-racial-disparities-homelessness-rates
[1,415/1,630] OK | https://sussex.ac.uk/broadcast/read/39309
[1,416/1,630] OK | https://ballardbrief.byu.edu/issue-briefs/racial-inequality-in-public-school-discipline-for-black-students-in-the-united
[1,417/1,630] OK | https://chenmed.com/blog/understanding-healthcare-hesitancy-black-patients-historical-perspective
[1,418/1,630] robots_disallowed | https://link.springer.com/article/10.1007/s40847-024-00346-4
[1,419/1,630] OK | https://cgap.org/research/publication/gender-intentional-credit-scoring
[1,420/1,630] http_error | https://journals.sagepub.com/doi/full/10.1177/00131245261436401
[1,421/1,630] http_error | https://cbpp.org/research/poverty-and-inequality/for-lgbtq-people-recent-anti-discrimination-advances-could-lessen
[1,422/1,630] OK | https://icjia.illinois.gov/researchhub/articles/an-overview-of-police-use-of-force-policies-and-research
[1,423/1,630] OK | https://prisonpolicy.org/research/racial_and_ethnic_disparities
[1,424/1,630] OK | https://eab.com/resources/blog/student-success-blog/how-to-navigate-policy-challenges-and-show-support-for-your-trans-st
[1,425/1,630] http_error | https://aecf.org/blog/prioritizing-housing-security-for-young-people-and-families-during-the-pand
[1,426/1,630] http_error | https://americanprogress.org/article/discrimination-prevents-lgbtq-people-accessing-health-care
[1,427/1,630] OK | https://ideas.repec.org/p/soa/wpaper/265.html
[1,428/1,630] OK | https://steinhardt.nyu.edu/metrocenter/research-evaluation/section-2-higher-education-context-and-barriers-equitable-col
[1,429/1,630] OK | https://aeaweb.org/articles?id=10.1257%2Fjep.20231394
[1,430/1,630] OK | https://williamsinstitute.law.ucla.edu/press/lgbt-housing-press-release
[1,431/1,630] OK | https://pmc.ncbi.nlm.nih.gov/articles/PMC9963383
[1,432/1,630] OK | https://diversitybuilder.com/sexual-harassment-training-women
[1,433/1,630] OK | https://endhomelessness.org/marginalized-groups-subject-to-systemic-disinvestment-and-discrimination
[1,434/1,630] OK | https://kff.org/racial-equity-and-health-policy/how-history-has-shaped-racial-and-ethnic-health-disparities-a-timeline-o
[1,435/1,630] OK | https://online.uncp.edu/degrees/business/mba/healthcare-administration/insurance-influence-on-policy
[1,436/1,630] OK | https://probonoinst.org/2023/07/13/race-income-and-the-effect-on-educational-opportunity
[1,437/1,630] OK | https://latinoslead.org/the-growing-influence-of-latino-millennials-in-todays-workplace
[1,438/1,630] OK | https://pmc.ncbi.nlm.nih.gov/articles/PMC4560686
[1,439/1,630] curl_error | https://ssa.gov/disability/step4and5.htm
[1,440/1,630] OK | https://library.hbs.edu/working-knowledge/why-employers-favor-men
[1,441/1,630] http_error | https://gao.gov/products/gao-22-104468
[1,442/1,630] OK | https://pmc.ncbi.nlm.nih.gov/articles/PMC6234844
[1,443/1,630] http_error | https://scholarworks.sjsu.edu/cgi/viewcontent.cgi?article=1061&context=themis
[1,444/1,630] OK | https://pmc.ncbi.nlm.nih.gov/articles/PMC12412225
[1,445/1,630] http_error | https://academic.oup.com/epirev/article/48/1/mxag004/8512140
[1,446/1,630] OK | https://williamsinstitute.law.ucla.edu/wp-content/uploads/Trans-Higher-Ed-Apr-2022.pdf
[1,447/1,630] OK | https://ahcstaff.com/nursing-best-practices-caring-for-disabled-patients
[1,448/1,630] OK | https://pmc.ncbi.nlm.nih.gov/articles/PMC10525602
[1,449/1,630] OK | https://pmc.ncbi.nlm.nih.gov/articles/PMC11024909
[1,450/1,630] OK | https://healthcare.gov/people-with-disabilities
[1,451/1,630] OK | https://phreesia.com/resources/infographic-lgbtq-preventive-health
[1,452/1,630] OK | https://humanrights.unsw.edu.au/research/commentary/social-determinants-justice-increase-risk-prison
[1,453/1,630] http_error | https://americanprogress.org/article/5-reasons-support-affirmative-action-college-admissions
[1,454/1,630] robots_disallowed | https://linkedin.com/pulse/50-key-factors-influencing-hiring-decisions-shailesh-kumar-mehta-sqthf
[1,455/1,630] OK | https://cambercollective.com/2024/01/04/public-benefit-disparities
[1,456/1,630] robots_disallowed | https://link.springer.com/article/10.1007/s13178-025-01182-9
[1,457/1,630] http_error | https://medium.com/@ucgeorge/the-hidden-factors-that-impact-your-career-growth-0792e5210f18
[1,458/1,630] curl_error | https://proquest.com/openview/8111229575801516f615926b47af752b/1?cbl=18750&diss=y&pq-origsite=gscholar
[1,459/1,630] OK | https://experian.com/blogs/ask-experian/women-and-credit
[1,460/1,630] OK | https://chegg.com/homework-help/questions-and-answers/factors-play-significant-role-influencing-officers-arrest-decision
[1,461/1,630] OK | https://minneapolisfed.org/article/2024/lender-reported-reasons-for-mortgage-denials-dont-explain-racial-disparities
[1,462/1,630] http_error | https://cbpp.org/research/geographic-pattern-of-disability-receipt-largely-reflects-economic-and-demographic-factors
[1,463/1,630] http_error | https://redbanklegal.com/2026/01/15/disability-discrimination-law-firm
[1,464/1,630] http_error | https://edsource.org/updates/more-black-and-latino-students-are-applying-for-colleges-but-fewer-are-getting-in
[1,465/1,630] OK | https://pmc.ncbi.nlm.nih.gov/articles/PMC11782051
[1,466/1,630] robots_disallowed | https://wol.iza.org/articles/sexual-orientation-and-labor-market-outcomes/long
[1,467/1,630] OK | https://meps.ahrq.gov/mepsweb/data_files/publications/rf17/rf17.shtml
[1,468/1,630] OK | https://disability-benefits-help.org/blog/gender-and-social-security-disability-benefits
[1,469/1,630] OK | https://kff.org/affordable-care-act/health-care-access-and-coverage-for-the-lesbian-gay-bisexual-and-transgender-lgbt-co
[1,470/1,630] http_error | https://journals.uchicago.edu/doi/full/10.1086%2F701423
[1,471/1,630] OK | https://finovate.com/fintech-and-the-lgbtq-community-3-resources-for-banking-and-financial-wellness
[1,472/1,630] OK | https://habitatcltregion.org/blog/homeownership-in-latino-and-hispanic-communities
[1,473/1,630] OK | https://dwd.wisconsin.gov/er/digest/125.3.htm
[1,474/1,630] http_error | https://scholarworks.calstate.edu/downloads/bv73c633w
[1,475/1,630] http_error | https://healthaffairs.org/doi/10.1377/hlthaff.2024.00672
[1,476/1,630] http_error | https://studentscholarships.org/articles/856/education-and-equity-bridging-the-opportunity-gap
[1,477/1,630] OK | https://pmc.ncbi.nlm.nih.gov/articles/PMC5370590
[1,478/1,630] OK | https://youtube.com/watch?v=SxOD7cBDoxM
[1,479/1,630] http_error | http://nami.org/advocacy-at-nami/policy-positions/supporting-community-inclusion-and-non-discrimination/social-determina
[1,480/1,630] http_error | https://jec.senate.gov/public/_cache/files/2756e78d-cd64-4413-8d26-a4f9c2756947/banking-and-financial-exclusion-final.pd
[1,481/1,630] http_error | https://homelesshub.ca/collection/homelessness-101/what-are-the-causes-of-homelessness
[1,482/1,630] OK | https://pointfoundation.org/hubfs/Research%20Reports/2111-Trans-Higher-Ed-FINAL.pdf
[1,483/1,630] OK | https://bestcolleges.com/resources/history-women-higher-education
[1,484/1,630] http_error | https://urban.org/urban-wire/improving-homebuying-opportunities-latino-families-would-benefit-entire-housing-market
[1,485/1,630] OK | https://pmc.ncbi.nlm.nih.gov/articles/PMC4554714
[1,486/1,630] OK | https://lundelllawfirm.com/post/common-sources-of-workplace-harassment
[1,487/1,630] OK | https://unidosus.org/higher-ed
[1,488/1,630] OK | https://youtube.com/watch?t=100s&v=OQr00k_iJ3k
[1,489/1,630] OK | https://pn3policy.org/blog/administrative-burden-blog
[1,490/1,630] OK | https://poverty.ucdavis.edu/post/safety-net-programs-underused-eligible-hispanic-families
[1,491/1,630] OK | https://naceweb.org/job-market/trends-and-predictions/early-career-talent-and-the-effects-of--gender
[1,492/1,630] OK | https://researchforaction.org/research-resources/k-12/unequal-access-to-educational-opportunity-in-the-united-states
[1,493/1,630] OK | https://freopp.org/whitepapers/fixing-the-broken-incentives-in-the-u-s-welfare-system
[1,494/1,630] OK | https://unidosus.org/blog/2022/09/28/latinos-remain-disproportionately-impacted-by-food-insecurity-usda-can-make-progres
[1,495/1,630] OK | https://youtube.com/shorts/bma-nImTFsQ
[1,496/1,630] OK | https://apps.urban.org/features/latino-criminal-justice-data
[1,497/1,630] http_error | https://opportunityhome.org/resources/disability-rights-advocates-and-housing-fact-sheet
[1,498/1,630] OK | https://pubmed.ncbi.nlm.nih.gov/39780193
[1,499/1,630] http_error | https://ed.gov/laws-and-policy/civil-rights-laws/ensuring-equal-access
[1,500/1,630] OK | https://highereddive.com/news/transgender-college-student-supports-trump/746381
[1,501/1,630] OK | https://prisonpolicy.org/blog/2019/05/14/policingwomen
[1,502/1,630] http_error | https://cepr.org/voxeu/columns/gender-bias-access-finance-and-implications-capital-misallocation
[1,503/1,630] OK | https://additionsolutions.co.uk/the-psychology-of-hiring-what-makes-a-great-candidate-stand-out
[1,504/1,630] OK | https://justice.gc.ca/socjs-esjp/en/women-femmes/ao-ad
[1,505/1,630] OK | https://nefe.org/news/2022/06/lgbtqia-discrimination-in-financial-services.aspx
[1,506/1,630] OK | https://unidosus.org/wp-content/uploads/2021/07/27583file_congressionalbriefing.pdf
[1,507/1,630] OK | https://pubmed.ncbi.nlm.nih.gov/37782861
[1,508/1,630] http_error | https://scholarworks.wmich.edu/cgi/viewcontent.cgi?article=3024&context=jssw
[1,509/1,630] http_error | https://sciencedirect.com/science/article/abs/pii/S1544612316300459
[1,510/1,630] OK | https://transgenderlawcenter.org/resources/law-enforcement-interactions-rights-and-realities
[1,511/1,630] robots_disallowed | https://facebook.com/wqad8/posts/a-first-of-its-kind-report-was-released-earlier-this-year-examining-the-structur/163923
[1,512/1,630] OK | https://minneapolisfed.org/-/media/assets/events/2025/2025-institute-research-conference/the-determinants-of-credit-acce
[1,513/1,630] downloaded | https://apa.org/topics/healthy-workplaces/growth-opportunities
[1,514/1,630] OK | https://eprints.leedsbeckett.ac.uk/id/eprint/1648/2/Revised%20Manuscript%20.pdf
[1,515/1,630] http_error | https://psnet.ahrq.gov/perspective/equity-patient-safety
[1,516/1,630] http_error | https://gao.gov/women-and-gender-public-policy
[1,517/1,630] http_error | https://sciencedirect.com/science/article/pii/S0929119920302261
[1,518/1,630] curl_error | https://ussc.gov/sites/default/files/pdf/research-and-publications/research-publications/2023/20231114_Demographic-Diffe
[1,519/1,630] http_error | https://compass.onlinelibrary.wiley.com/doi/10.1111/j.1751-9020.2012.00459.x
[1,520/1,630] http_error | https://voxdev.org/voxdevlit/female-labour-force-participation-issue-2/factors-affect-employers-decision-hire-female
[1,521/1,630] robots_disallowed | https://linkedin.com/top-content/career/barriers-to-career-growth/overlooked-factors-in-women-s-career-success
[1,522/1,630] OK | https://nmmc.org/mens-health-and-preventive-care-why-routine-checkups-matter
[1,523/1,630] OK | https://pmc.ncbi.nlm.nih.gov/articles/PMC9707003
[1,524/1,630] OK | https://pmc.ncbi.nlm.nih.gov/articles/PMC2764043
[1,525/1,630] OK | https://nlihc.org/resource/transgender-individuals-experience-homelessness-eight-times-rate-general-us-population
[1,526/1,630] OK | https://bettercarenetwork.org/library/particular-threats-to-childrens-care-and-protection/effects-of-institutional-care/
[1,527/1,630] OK | https://sepsis.org/news/how-does-lgbtq-identity-impact-healthcare-experiences
[1,528/1,630] robots_disallowed | https://google.com/goto?url=CAESjwEB6zswFQ00gO8lp1jRc6zlL6bBJRAQ6TyNSANaYltnumSBcm3Bbqb2MEhPX9Me6jakvtq9u0QC2tiTnQjJKu1v
[1,529/1,630] http_error | https://onlinelibrary.wiley.com/doi/10.1111/joca.12343
[1,530/1,630] OK | https://pubmed.ncbi.nlm.nih.gov/37926958
[1,531/1,630] OK | https://grundydisabilitygroup.com/social-security-disability-insurance-supplemental-security-income-blogs/what-are-non-m
[1,532/1,630] OK | https://heraldopenaccess.us/openaccess/the-effect-of-housing-instability-on-risky-sexual-behavior-and-hiv-and-stis-for-a
[1,533/1,630] OK | https://naacpldf.org/pride-history-police-violence
[1,534/1,630] OK | https://endhomelessness.org/people-with-unaddressed-health-conditions
[1,535/1,630] OK | https://disabilityhelpline.com/ssi-denial-reasons
[1,536/1,630] http_error | https://nytimes.com/2024/06/03/us/politics/medicaid-reenrollment-black-hispanic.html
[1,537/1,630] http_error | https://sciencedirect.com/science/article/pii/S0929119922001584
[1,538/1,630] OK | https://pmc.ncbi.nlm.nih.gov/articles/PMC5493509
[1,539/1,630] OK | https://idbinvest.org/en/blog/gender/uncovering-hidden-cost-gender-biases-lending-women
[1,540/1,630] OK | https://serottelaw.com/articles/congress-further-limits-immigrants-access-to-public-benefits
[1,541/1,630] OK | https://prisonpolicy.org/blog/2020/06/05/policingfacts
[1,542/1,630] http_error | https://urban.org/research/publication/people-disabilities-living-us-face-urgent-barriers-housing
[1,543/1,630] OK | https://pmc.ncbi.nlm.nih.gov/articles/PMC10251765
[1,544/1,630] http_error | https://preprints.org/manuscript/202410.0403/v1
[1,545/1,630] http_error | https://researchgate.net/publication/372905281_Administrative_Burdens_and_Economic_Insecurity_Among_Black_Latino_and_Whi
[1,546/1,630] OK | https://hispanicresearchcenter.org/hisp-family-facts/hispanic-family-facts-low-income-hispanics-may-have-misconceptions-
[1,547/1,630] OK | https://betterangels.la/halo/preventions/why-are-people-homeless
[1,548/1,630] OK | https://normtherapy.com/blog/examining-the-disparities-in-assistance-for-homeless-men
[1,549/1,630] OK | https://pmc.ncbi.nlm.nih.gov/articles/PMC9744995
[1,550/1,630] OK | https://pmc.ncbi.nlm.nih.gov/articles/PMC6002151
[1,551/1,630] OK | https://pmc.ncbi.nlm.nih.gov/articles/PMC12135156
[1,552/1,630] OK | https://pmc.ncbi.nlm.nih.gov/articles/PMC7376301
[1,553/1,630] OK | https://pmc.ncbi.nlm.nih.gov/articles/PMC11523499
[1,554/1,630] http_error | https://researchgate.net/publication/391420316_Access_Denied_Enrollment_and_Retention_Challenges_for_Transgender_Student
[1,555/1,630] OK | https://aft.org/ae/spring2017/gandara
[1,556/1,630] OK | https://nwlc.org/resource/by-the-numbers-data-on-key-programs-for-the-well-being-of-women-lgbtqi-people-and-their-famili
[1,557/1,630] OK | https://eric.ed.gov/?id=EJ1129434
[1,558/1,630] OK | https://pmc.ncbi.nlm.nih.gov/articles/PMC10431638
[1,559/1,630] OK | https://williamsinstitute.law.ucla.edu/press/lgbt-snap-benefits-press-release
[1,560/1,630] OK | https://thetrevorproject.org/research-briefs/bullying-and-suicide-risk-among-lgbtq-youth
[1,561/1,630] OK | https://theconversation.com/the-disturbing-connection-between-bullying-and-sexual-harassment-68033
[1,562/1,630] OK | https://nsuworks.nova.edu/fse_etd/1194
[1,563/1,630] http_error | https://repositories.lib.utexas.edu/items/17ba30b4-025e-4d71-af1c-6f1d988445d1
[1,564/1,630] http_error | https://epi.org/unequalpower/publications/understanding-black-white-disparities-in-labor-market-outcomes
[1,565/1,630] http_error | https://tuc.org.uk/research-analysis/reports/bullying-harassment-and-discrimination-lgbt-people-workplace
[1,566/1,630] http_error | https://cdc.gov/places/measure-definitions/prevention.html
[1,567/1,630] http_error | https://aecf.org/blog/racial-inequality-in-education
[1,568/1,630] OK | https://cluballiance.aaa.com/the-extra-mile/advice/budget/factors-lenders-consider-for-credit-approval
[1,569/1,630] OK | https://unesco.org/en/health-education/safe-learning-environments
[1,570/1,630] OK | https://betsylehmancenterma.gov/news/racial-bias-can-affect-how-patient-safety-events-are-reported
[1,571/1,630] OK | https://pmc.ncbi.nlm.nih.gov/articles/PMC4651212
[1,572/1,630] OK | https://ojp.gov/ncjrs/virtual-library/abstracts/understanding-police-decisions-arrest-impact-situational-officer
[1,573/1,630] OK | https://pmc.ncbi.nlm.nih.gov/articles/PMC9636806
[1,574/1,630] OK | https://vera.org/news/mass-incarceration-is-a-public-health-crisis
[1,575/1,630] OK | https://csd.wustl.edu/26-30
[1,576/1,630] http_error | https://americanprogress.org/article/lgbtqi-people-are-underinsured-and-experience-health-insurance-discrimination-in-ke
[1,577/1,630] OK | https://pmc.ncbi.nlm.nih.gov/articles/PMC1495054
[1,578/1,630] OK | https://right-to-education.org/girlswomen
[1,579/1,630] http_error | https://scholarcommons.sc.edu/cgi/viewcontent.cgi?article=1006&context=crim_facpub
[1,580/1,630] http_error | https://corescholar.libraries.wright.edu/cgi/viewcontent.cgi?article=2710&context=etd_all
[1,581/1,630] OK | https://rudermanfoundation.org/white_papers/media-coverage-of-law-enforcement-use-of-force-and-disability
[1,582/1,630] http_error | https://sciencedirect.com/science/article/abs/pii/S0047235220300684
[1,583/1,630] OK | https://epgn.com/2020/10/28/new-study-shows-roots-of-lgbtq-poverty-and-need-for-government-data
[1,584/1,630] OK | https://a816-dohbesp.nyc.gov/IndicatorPublic/data-stories/housing-creates-health
[1,585/1,630] http_error | https://americanprogress.org/article/advancing-economic-security-people-disabilities
[1,586/1,630] http_error | https://wcnc.com/article/life/holidays/black-history-month/investopedia-report-financial-disparities-credit-scores-black
[1,587/1,630] OK | https://endhomelessness.org/overview
[1,588/1,630] OK | https://policingequity.org/resource-library/use-of-force
[1,589/1,630] OK | https://stpaulscenter.com/racial-inequities
[1,590/1,630] http_error | https://americanbar.org/groups/diversity/sexual_orientation/publications/equalizer/2019-july/impact-of-incarceration-and
[1,591/1,630] OK | https://nces.ed.gov/programs/coe/indicator/a10/bullying-electronic-bullying
[1,592/1,630] http_error | https://offitkurman.com/offit-kurman-blogs/essential-legal-documents-transpeople-must-update-for-protection
[1,593/1,630] OK | https://williamsinstitute.law.ucla.edu/publications/lgbtq-colleges-grad-school
[1,594/1,630] OK | https://patientsafetylearning.org/blog/dangerous-exclusions-the-risk-to-patient-safety-of-sex-and-gender-bias
[1,595/1,630] http_error | https://mdpi.com/1660-4601/19/8/4502
[1,596/1,630] OK | https://news-medical.net/news/20260923/Socioeconomic-factors-explain-racial-differences-in-disability-insurance-approval
[1,597/1,630] http_error | https://tandfonline.com/doi/full/10.1080/15348431.2024.2333885
[1,598/1,630] OK | https://accessiblelaw.untdallas.edu/post/when-algorithms-judge-your-credit-understanding-ai-bias-in-lending-decisions
[1,599/1,630] OK | https://latino.ucla.edu/research/redefine-latinx-homelessness
[1,600/1,630] robots_disallowed | https://digitalgovernmenthub.org/library/fewer-burdens-but-greater-inequality-reevaluating-the-safety-net-through-the-le
[1,601/1,630] OK | https://prisonpolicy.org/blog/2022/03/31/transgender_incarceration
[1,602/1,630] http_error | https://cato.org/sites/cato.org/files/serials/files/cato-journal/1995/11/cj15n2-3-5.pdf
[1,603/1,630] http_error | https://scholars.org/brief/how-federal-government-policies-have-helped-women-earn-college-degrees
[1,604/1,630] OK | https://pmc.ncbi.nlm.nih.gov/articles/PMC7794398
[1,605/1,630] http_error | https://nhchc.org/wp-content/uploads/2019/08/in-focus_transgender_sep2014_final.pdf
[1,606/1,630] OK | https://hiplatina.com/snap-benefits-latine-community
[1,607/1,630] OK | https://files.crisesnotes.com/article/navigating-the-complete-guide-to-snap-benefits-applications
[1,608/1,630] OK | https://pmc.ncbi.nlm.nih.gov/articles/PMC8252906
[1,609/1,630] OK | https://greatplacetowork.com/resources/blog/hiring-employees-with-disabilities
[1,610/1,630] OK | https://pmc.ncbi.nlm.nih.gov/articles/PMC10174265
[1,611/1,630] http_error | https://foxrothschild.com/publications/the-eeocs-enforcement-guidance-on-harassment-in-the-workplace-what-employers-need
[1,612/1,630] OK | https://eeoc.gov/youth/disability-discrimination
[1,613/1,630] OK | https://merckmanuals.com/home/special-subjects/prevention/overview-of-preventive-care
[1,614/1,630] OK | https://comptroller.nyc.gov/reports/access-to-banking-credit-in-new-york-city
[1,615/1,630] OK | https://triagecancer.org/financial-assistance-can-impact-your-government-benefits
[1,616/1,630] OK | https://pmc.ncbi.nlm.nih.gov/articles/PMC3375851
[1,617/1,630] http_error | https://equineteurope.org/wp-content/uploads/2021/01/Women-in-Poverty_-Access-to-Education.pdf
[1,618/1,630] OK | https://prisonpolicy.org/research/women_and_gender
[1,619/1,630] OK | https://arlingtonlifeshelter.org/how-we-help/resources/causes-of-homelessness.html
[1,620/1,630] OK | https://pmc.ncbi.nlm.nih.gov/articles/PMC8848989
[1,621/1,630] http_error | https://urban.org/urban-wire/how-can-we-reduce-housing-instability-among-lgbtq-americans
[1,622/1,630] OK | https://pmc.ncbi.nlm.nih.gov/articles/PMC13252812
[1,623/1,630] http_error | https://sciencedirect.com/science/article/abs/pii/S1053482213000648
[1,624/1,630] OK | https://jff.org/blog/how-employers-can-address-social-determinants-work
[1,625/1,630] OK | https://ewa.org/data-research-tips/how-black-girls-are-harmed-in-schools
[1,626/1,630] OK | https://youtube.com/watch?t=136s&v=duCGAeNglcw
[1,627/1,630] OK | https://study.com/academy/lesson/video/factors-that-affect-credit-worthiness.html
[1,628/1,630] http_error | https://stopbullying.gov/sites/default/files/2017-09/lgbtyouthtipsheet.pdf
[1,629/1,630] OK | https://hispanicresearchcenter.org/research-resources/national-profile-of-latino-parents-education-attainment-underscore
[1,630/1,630] http_error | https://naspa.org/blog/supporting-queer-and-trans-college-students-amidst-political-turmoil

================================================================================
REBUILDING COMPLETE MANIFEST
================================================================================

================================================================================
SOURCE COLLECTION FINISHED
================================================================================

Source occurrences: 2,225
Unique URLs: 1,630

Already present before this run: 0
Scheduled this run: 1,630
New successful extractions: 1,102
New failed/incomplete: 528

Successful downloads total: 1,103/1,630
Successful text extractions total: 1,102/1,630
Text extraction coverage: 67.61%

Hard timeouts: 8
Robots blocked: 39
HTTP errors: 453
curl errors: 27
Exceptions: 0
Empty text extractions: 1
Missing metadata after run: 0

Corpus directory:
/scratch/victoria.estanislau/ai-summary/annotations/v2_ny/source_corpus

Reports directory:
/scratch/victoria.estanislau/ai-summary/results/source_collection_ny

Main files:
  /scratch/victoria.estanislau/ai-summary/annotations/v2_ny/source_corpus/manifest.csv
  /scratch/victoria.estanislau/ai-summary/annotations/v2_ny/source_corpus/url_usage.csv
  /scratch/victoria.estanislau/ai-summary/annotations/v2_ny/source_corpus/url_usage_enriched.csv
  /scratch/victoria.estanislau/ai-summary/annotations/v2_ny/source_corpus/corpus.jsonl
  /scratch/victoria.estanislau/ai-summary/results/source_collection_ny/collection_summary.json
  /scratch/victoria.estanislau/ai-summary/results/source_collection_ny/failed_or_incomplete_sources.csv
  /scratch/victoria.estanislau/ai-summary/results/source_collection_ny/missing_after_run.csv
  /scratch/victoria.estanislau/ai-summary/results/source_collection_ny/collection_quality_by_domain.csv

Done.
