source_id,normalized_url,fetch_timestamp_utc,registrable_domain,success,status,curl_returncode,http_status,final_url,content_type,error,extraction_status,text_chars,text_words,headers,downloaded_bytes,curl_stderr,content_kind,raw_path,text_path,page_title,page_author,page_date,site_name,canonical_url
000f8ac50fe9744330fb,https://mckinsey.com/featured-insights/diversity-and-inclusion/being-transgender-at-work,2026-10-04T02:32:26.163821+00:00,mckinsey.com,False,curl_error,60.0,0.0,https://mckinsey.com/featured-insights/diversity-and-inclusion/being-transgender-at-work,,"curl: (60) SSL certificate problem: unable to get local issuer certificate
More details here: https://curl.se/docs/sslcerts.html

curl failed to verify the legitimacy of the server and therefore could not
establish a secure connection to it. To learn more about this situation and
how to fix it, please visit the web page mentioned above.",not_extracted,0,0,,,,,,,,,,,
006e7f06cb87878206de,https://weforum.org/stories/2015/08/why-lgbti-people-face-barriers-to-education-and-employment,2026-10-04T02:32:26.165366+00:00,weforum.org,False,http_error,0.0,403.0,https://www.weforum.org:443/stories/2015/08/why-lgbti-people-face-barriers-to-education-and-employment,text/html,,not_extracted,0,0,{'Content-Type': 'text/html'},485.0,,,,,,,,,
0083125adb5af11831f3,https://americanprogress.org/article/understanding-policing-black-disabled-bodies,2026-10-04T02:32:26.165697+00:00,americanprogress.org,False,http_error,0.0,403.0,https://www.americanprogress.org/article/understanding-policing-black-disabled-bodies,text/html; charset=UTF-8,,not_extracted,0,0,{'Content-Type': 'text/html; charset=UTF-8'},5806.0,,,,,,,,,
0088a7400c6412a3a602,https://penalreform.org/issues/women/key-facts,2026-10-04T02:32:26.166132+00:00,penalreform.org,False,curl_error,35.0,0.0,https://penalreform.org/issues/women/key-facts,,curl: (35) OpenSSL/3.0.13: error:0A000438:SSL routines::tlsv1 alert internal error,not_extracted,0,0,,,,,,,,,,,
00cd8bf9b831c3df6bca,https://lulac.org/advocacy/issues/criminal_justice_reform,2026-10-04T02:32:26.166435+00:00,lulac.org,False,http_error,0.0,403.0,https://lulac.org/advocacy/issues/criminal_justice_reform,text/html,,not_extracted,0,0,{'Content-Type': 'text/html'},118.0,,,,,,,,,
01e803968456fd7ed9aa,https://urban.org/urban-wire/policing-killing-black-disabled-people-centering-intersectionality-critical-reducing-harm,2026-10-04T02:32:33.279275+00:00,urban.org,False,http_error,0.0,403.0,https://www.urban.org/urban-wire/policing-killing-black-disabled-people-centering-intersectionality-critical-reducing-harm,text/html; charset=UTF-8,,not_extracted,0,0,{'Content-Type': 'text/html; charset=UTF-8'},6023.0,,,,,,,,,
02b103afba40aa5a8301,https://nasfaa.org/news-item/34147/Report_The_Biggest_Barriers_to_Higher_Ed_Enrollment_Are_Cost_and_Lack_of_Financial_Aid,2026-10-04T02:32:37.984999+00:00,nasfaa.org,False,http_error,0.0,403.0,https://nasfaa.org/news-item/34147/Report_The_Biggest_Barriers_to_Higher_Ed_Enrollment_Are_Cost_and_Lack_of_Financial_Aid,text/html; charset=UTF-8,,not_extracted,0,0,{'Content-Type': 'text/html; charset=UTF-8'},4929.0,,,,,,,,,
03306ce64dffbb25ac8b,https://researchgate.net/publication/225650664_Men_accessing_education_Masculinities_class_and_choice,2026-10-04T02:32:39.191963+00:00,researchgate.net,False,http_error,0.0,403.0,https://www.researchgate.net/publication/225650664_Men_accessing_education_Masculinities_class_and_choice,text/html; charset=UTF-8,,not_extracted,0,0,{'Content-Type': 'text/html; charset=UTF-8'},21138.0,,,,,,,,,
03361f844d7b821c1054,https://scholarworks.gvsu.edu/cgi/viewcontent.cgi?article=1135&context=gradprojects,2026-10-04T02:32:40.121040+00:00,gvsu.edu,False,http_error,0.0,403.0,https://scholarworks.gvsu.edu/cgi/viewcontent.cgi?article=1135&context=gradprojects,text/html; charset=UTF-8,,not_extracted,0,0,{'Content-Type': 'text/html; charset=UTF-8'},5792.0,,,,,,,,,
03e1023fb714f77185c7,https://researchgate.net/publication/230566333_What_Do_Women_Know_about_Government_Services_and_Benefits,2026-10-04T02:32:43.334110+00:00,researchgate.net,False,http_error,0.0,403.0,https://www.researchgate.net/publication/230566333_What_Do_Women_Know_about_Government_Services_and_Benefits,text/html; charset=UTF-8,,not_extracted,0,0,{'Content-Type': 'text/html; charset=UTF-8'},21138.0,,,,,,,,,
045f5ff380c4f521c84f,https://americanprogress.org/article/fact-sheet-lgbt-discrimination-in-higher-education-financial-aid,2026-10-04T02:32:45.737527+00:00,americanprogress.org,False,http_error,0.0,403.0,https://www.americanprogress.org/article/fact-sheet-lgbt-discrimination-in-higher-education-financial-aid,text/html; charset=UTF-8,,not_extracted,0,0,{'Content-Type': 'text/html; charset=UTF-8'},5887.0,,,,,,,,,
0532d50b71cc98ac6202,https://ssa.gov/disability/eligibility,2026-10-04T02:32:48.456473+00:00,ssa.gov,False,curl_error,60.0,0.0,https://ssa.gov/disability/eligibility,,"curl: (60) SSL certificate problem: unable to get local issuer certificate
More details here: https://curl.se/docs/sslcerts.html

curl failed to verify the legitimacy of the server and therefore could not
establish a secure connection to it. To learn more about this situation and
how to fix it, please visit the web page mentioned above.",not_extracted,0,0,,,,,,,,,,,
05d10a2abc021d0ad93c,https://admissionsmom.college/lgbtq-resources/navigating-college-admissions-as-a-transgender-applicant-2026,2026-10-04T02:32:49.351713+00:00,admissionsmom.college,False,http_error,0.0,403.0,https://admissionsmom.college/lgbtq-resources/navigating-college-admissions-as-a-transgender-applicant-2026,text/html,,not_extracted,0,0,{'Content-Type': 'text/html'},52.0,,,,,,,,,
06233dcc7cf9f0bf09e1,https://archive-housingmatters.urban.org/research-summary/transgender-and-gender-nonconforming-people-experiencing-housing-insecurity-rely,2026-10-04T02:32:50.035519+00:00,urban.org,False,http_error,0.0,403.0,https://archive-housingmatters.urban.org/research-summary/transgender-and-gender-nonconforming-people-experiencing-housing-insecurity-rely,text/html; charset=UTF-8,,not_extracted,0,0,{'Content-Type': 'text/html; charset=UTF-8'},6077.0,,,,,,,,,
06582bbd68942112cd27,https://stopbullying.gov/bullying/groups,2026-10-04T02:32:52.249909+00:00,stopbullying.gov,False,http_error,0.0,403.0,https://www.stopbullying.gov/bullying/groups,text/html,,not_extracted,0,0,{'Content-Type': 'text/html'},393.0,,,,,,,,,
0679c0707f83a0cb6e50,https://scholarworks.umt.edu/cgi/viewcontent.cgi?article=13174&context=etd,2026-10-04T02:32:57.283728+00:00,umt.edu,False,http_error,0.0,403.0,https://scholarworks.umt.edu/cgi/viewcontent.cgi?article=13174&context=etd,text/html; charset=UTF-8,,not_extracted,0,0,{'Content-Type': 'text/html; charset=UTF-8'},5767.0,,,,,,,,,
07536d083b6b422772ae,https://stlouisfed.org/community-development/publications/access-credit-financial-services-bridge-financial-well-being,2026-10-04T02:32:58.393572+00:00,stlouisfed.org,False,curl_error,92.0,0.0,https://stlouisfed.org/community-development/publications/access-credit-financial-services-bridge-financial-well-being,,curl: (92) HTTP/2 stream 1 was not closed cleanly: INTERNAL_ERROR (err 2),not_extracted,0,0,,,,,,,,,,,
0779fe2c96edab85c775,https://ssa.gov/benefits/disability/work.html,2026-10-04T02:32:59.927140+00:00,ssa.gov,False,curl_error,60.0,0.0,https://ssa.gov/benefits/disability/work.html,,"curl: (60) SSL certificate problem: unable to get local issuer certificate
More details here: https://curl.se/docs/sslcerts.html

curl failed to verify the legitimacy of the server and therefore could not
establish a secure connection to it. To learn more about this situation and
how to fix it, please visit the web page mentioned above.",not_extracted,0,0,,,,,,,,,,,
07ba4b5032ff17f6c8af,https://eji.org/criminal-justice-reform,2026-10-04T02:33:01.570010+00:00,eji.org,False,http_error,0.0,403.0,https://eji.org/criminal-justice-reform,text/html; charset=UTF-8,,not_extracted,0,0,{'Content-Type': 'text/html; charset=UTF-8'},5624.0,,,,,,,,,
07e8c7c5fc894c551635,https://dcba.org/mpage/v32-James-Naughton,2026-10-04T02:33:02.287985+00:00,dcba.org,False,http_error,0.0,403.0,https://dcba.org/mpage/v32-James-Naughton,text/html; charset=UTF-8,,not_extracted,0,0,{'Content-Type': 'text/html; charset=UTF-8'},5598.0,,,,,,,,,
07f365dab35a937791bf,https://digitalgovernmenthub.org/library/racial-and-ethnic-differences-in-experiencing-administrative-burdens-in-public-benefit-programs,2026-10-04T02:33:04.538369+00:00,digitalgovernmenthub.org,False,robots_disallowed,,,https://digitalgovernmenthub.org/library/racial-and-ethnic-differences-in-experiencing-administrative-burdens-in-public-benefit-programs,,,not_extracted,0,0,,,,,,,,,,,
082256847a9dfc55ede5,https://urban.org/urban-wire/how-can-we-advance-latino-homeownership-and-housing-stability,2026-10-04T02:33:05.184387+00:00,urban.org,False,http_error,0.0,403.0,https://www.urban.org/urban-wire/how-can-we-advance-latino-homeownership-and-housing-stability,text/html; charset=UTF-8,,not_extracted,0,0,{'Content-Type': 'text/html; charset=UTF-8'},5897.0,,,,,,,,,
0878eb8525e2cea01264,https://urban.org/urban-wire/how-local-differences-race-and-place-affect-mortgage-lending,2026-10-04T02:33:05.852112+00:00,urban.org,False,http_error,0.0,403.0,https://www.urban.org/urban-wire/how-local-differences-race-and-place-affect-mortgage-lending,text/html; charset=UTF-8,,not_extracted,0,0,{'Content-Type': 'text/html; charset=UTF-8'},5894.0,,,,,,,,,
0898fc95d43b48986fe1,https://resources.healthgrades.com/pro/americans-put-off-health-screenings,2026-10-04T02:33:07.999308+00:00,healthgrades.com,False,http_error,0.0,403.0,https://resources.healthgrades.com/pro/americans-put-off-health-screenings,text/html,,not_extracted,0,0,{'Content-Type': 'text/html'},19603.0,,,,,,,,,
08f1c805a1a6ff242619,https://acog.org/clinical/clinical-guidance/committee-opinion/articles/2021/03/health-care-for-transgender-and-gender-diverse-individuals,2026-10-04T02:33:08.698628+00:00,acog.org,False,http_error,0.0,403.0,https://www.acog.org/clinical/clinical-guidance/committee-opinion/articles/2021/03/health-care-for-transgender-and-gender-diverse-individuals,text/html; charset=UTF-8,,not_extracted,0,0,{'Content-Type': 'text/html; charset=UTF-8'},6082.0,,,,,,,,,
0979fc2c476bb0879759,https://mdpi.com/2673-995X/5/4/128,2026-10-04T02:33:11.637320+00:00,mdpi.com,False,http_error,0.0,403.0,https://mdpi.com/2673-995X/5/4/128,text/html,,not_extracted,0,0,{'Content-Type': 'text/html'},391.0,,,,,,,,,
098940caf98752eb321f,https://medium.com/commonfuture/why-credit-scores-are-racist-da109fcfb300,2026-10-04T02:33:11.807993+00:00,medium.com,False,http_error,0.0,403.0,https://medium.com/commonfuture/why-credit-scores-are-racist-da109fcfb300,text/html; charset=UTF-8,,not_extracted,0,0,{'Content-Type': 'text/html; charset=UTF-8'},5402.0,,,,,,,,,
09ddc2eccbb4e8940510,https://cis.org/Report/Welfare-Use-Immigrants-and-USBorn-2024,2026-10-04T02:33:15.214189+00:00,cis.org,False,http_error,0.0,403.0,https://cis.org/Report/Welfare-Use-Immigrants-and-USBorn-2024,text/html; charset=UTF-8,,not_extracted,0,0,{'Content-Type': 'text/html; charset=UTF-8'},5703.0,,,,,,,,,
09e1ba586bde8bccfc4b,https://cambridge.org/core/books/cambridge-handbook-of-policing-in-the-united-states/police-and-the-criminalization-of-lgbt-people/A69F0F1898FA0C0834ED8E8DC5650F2F,2026-10-04T02:33:15.472465+00:00,cambridge.org,False,http_error,0.0,429.0,https://www.cambridge.org/core/books/cambridge-handbook-of-policing-in-the-united-states/police-and-the-criminalization-of-lgbt-people/A69F0F1898FA0C0834ED8E8DC5650F2F,text/html; charset=utf-8,,not_extracted,0,0,{'Content-Type': 'text/html; charset=utf-8'},1302.0,,,,,,,,,
09fe3db4ae061898f701,https://finhealthnetwork.org/research/the-financial-health-of-people-with-disabilities?ki-cf-botcl=1,2026-10-04T02:33:15.514632+00:00,finhealthnetwork.org,False,http_error,0.0,403.0,https://finhealthnetwork.org/research/the-financial-health-of-people-with-disabilities?ki-cf-botcl=1,text/html; charset=UTF-8,,not_extracted,0,0,{'Content-Type': 'text/html; charset=UTF-8'},5830.0,,,,,,,,,
0a56f5a052156cb8abc9,https://penalreform.org/issues/lgbtq-people/the-issue,2026-10-04T02:33:17.742825+00:00,penalreform.org,False,curl_error,35.0,0.0,https://penalreform.org/issues/lgbtq-people/the-issue,,curl: (35) OpenSSL/3.0.13: error:0A000438:SSL routines::tlsv1 alert internal error,not_extracted,0,0,,,,,,,,,,,
0a76b3f3589420022d2e,https://pfizer.com/news/articles/health_disparities_among_african_americans,2026-10-04T02:33:18.172614+00:00,pfizer.com,False,http_error,0.0,403.0,https://www.pfizer.com/news/articles/health_disparities_among_african_americans,text/html; charset=UTF-8,,not_extracted,0,0,{'Content-Type': 'text/html; charset=UTF-8'},5743.0,,,,,,,,,
0a816f83daddf6c98cb8,https://nerdwallet.com/credit-cards/learn/how-lgbtq-americans-can-build-credit,2026-10-04T02:33:18.390942+00:00,nerdwallet.com,False,http_error,0.0,403.0,https://www.nerdwallet.com/credit-cards/learn/how-lgbtq-americans-can-build-credit,text/html; charset=UTF-8,,not_extracted,0,0,{'Content-Type': 'text/html; charset=UTF-8'},5787.0,,,,,,,,,
0ba96aa00e638a0e3ce5,https://americanprogress.org/article/improving-lives-rights-lgbtq-people-america,2026-10-04T02:33:29.756040+00:00,americanprogress.org,False,http_error,0.0,403.0,https://www.americanprogress.org/article/improving-lives-rights-lgbtq-people-america,text/html; charset=UTF-8,,not_extracted,0,0,{'Content-Type': 'text/html; charset=UTF-8'},5803.0,,,,,,,,,
0c05c07ba52215d0fc9f,https://google.com/goto?url=CAESZQHrOzAV_gdo9o_W8NHkxEt0t8CK2M5dRSyqmnAnT8rLa_jN4znYv5G5X4N6YgKwsppbj6HmQDjcm-0_-ot_m7qGf-WCmTcpwSyQLoHz-OHa6sj4bSLWKybvsRPph1tnPBKYBuic,2026-10-04T02:33:31.177522+00:00,google.com,False,robots_disallowed,,,https://google.com/goto?url=CAESZQHrOzAV_gdo9o_W8NHkxEt0t8CK2M5dRSyqmnAnT8rLa_jN4znYv5G5X4N6YgKwsppbj6HmQDjcm-0_-ot_m7qGf-WCmTcpwSyQLoHz-OHa6sj4bSLWKybvsRPph1tnPBKYBuic,,,not_extracted,0,0,,,,,,,,,,,
0c55a513766c080a8ac5,https://osmosis.org/blog/preventive-health-screenings-for-lgbtq-patients-what-you-need-to-know,2026-10-04T02:33:31.862134+00:00,osmosis.org,False,http_error,0.0,403.0,https://osmosis.org/blog/preventive-health-screenings-for-lgbtq-patients-what-you-need-to-know,text/html; charset=UTF-8,,not_extracted,0,0,{'Content-Type': 'text/html; charset=UTF-8'},5837.0,,,,,,,,,
0cddeb593865510a8c02,https://cepr.net/publications/the-continuing-power-of-white-preferences-in-employment,2026-10-04T02:33:33.330874+00:00,cepr.net,False,http_error,0.0,403.0,https://cepr.net/publications/the-continuing-power-of-white-preferences-in-employment,text/html; charset=UTF-8,,not_extracted,0,0,{'Content-Type': 'text/html; charset=UTF-8'},5773.0,,,,,,,,,
0ce28a08f79c59455936,https://nilc.org/articles/what-new-federal-snap-restrictions-and-guidance-mean-for-immigrant-communities,2026-10-04T02:33:33.574694+00:00,nilc.org,False,http_error,0.0,403.0,https://nilc.org/articles/what-new-federal-snap-restrictions-and-guidance-mean-for-immigrant-communities,text/html; charset=UTF-8,,not_extracted,0,0,{'Content-Type': 'text/html; charset=UTF-8'},5894.0,,,,,,,,,
0dae4b3b5ea1d1dd4717,https://rsfjournal.org/content/11/3/22,2026-10-04T02:33:36.477913+00:00,rsfjournal.org,False,curl_error,6.0,0.0,https://rsfjournal.org/content/11/3/22,,"curl: (6) Could not resolve host: rsfjournal.org
curl: (6) Could not resolve host: rsfjournal.org",not_extracted,0,0,,,,,,,,,,,
0e3c40472242641ffcdd,https://journals.sagepub.com/doi/full/10.1177/0275074020919908,2026-10-04T02:33:39.958766+00:00,sagepub.com,False,http_error,0.0,403.0,https://journals.sagepub.com/doi/full/10.1177/0275074020919908,text/html; charset=UTF-8,,not_extracted,0,0,{'Content-Type': 'text/html; charset=UTF-8'},5752.0,,,,,,,,,
0ede82650fa0c593d28b,https://finhealthnetwork.org/wp-content/uploads/2023/08/The-Financial-Health-of-People-With-Disabilities_Key-Obstacles-and-Opportunities.pdf?ki-cf-botcl=1,2026-10-04T02:33:46.092067+00:00,finhealthnetwork.org,False,http_error,0.0,403.0,https://finhealthnetwork.org/wp-content/uploads/2023/08/The-Financial-Health-of-People-With-Disabilities_Key-Obstacles-and-Opportunities.pdf?ki-cf-botcl=1,text/html; charset=UTF-8,,not_extracted,0,0,{'Content-Type': 'text/html; charset=UTF-8'},6078.0,,,,,,,,,
0fa1472e4226e287fc66,https://cis.org/Report/Welfare-Use-Immigrants-and-USBorn-2022,2026-10-04T02:33:46.663982+00:00,cis.org,False,http_error,0.0,403.0,https://cis.org/Report/Welfare-Use-Immigrants-and-USBorn-2022,text/html; charset=UTF-8,,not_extracted,0,0,{'Content-Type': 'text/html; charset=UTF-8'},5703.0,,,,,,,,,
0fd1f45abaa3521f95c2,https://iyfglobal.org/reflecting-how-hispanic-heritage-has-influenced-career-development,2026-10-04T02:33:49.480010+00:00,iyfglobal.org,False,http_error,0.0,403.0,https://iyfglobal.org/reflecting-how-hispanic-heritage-has-influenced-career-development,text/html; charset=UTF-8,,not_extracted,0,0,{'Content-Type': 'text/html; charset=UTF-8'},5815.0,,,,,,,,,
1092b86fcd899a7e3adc,https://scarincihollenbeck.com/law-firm-insights/workplace-sexual-harassment-claims,2026-10-04T02:33:49.981165+00:00,scarincihollenbeck.com,False,robots_disallowed,,,https://scarincihollenbeck.com/law-firm-insights/workplace-sexual-harassment-claims,,,not_extracted,0,0,,,,,,,,,,,
10cee10e3b890b7de5c3,https://nami.org/advocacy-at-nami/policy-positions/supporting-community-inclusion-and-non-discrimination/social-determinants-of-health-housing,2026-10-04T02:33:52.513392+00:00,nami.org,False,http_error,0.0,403.0,https://nami.org/advocacy-at-nami/policy-positions/supporting-community-inclusion-and-non-discrimination/social-determinants-of-health-housing,text/html; charset=UTF-8,,not_extracted,0,0,{'Content-Type': 'text/html; charset=UTF-8'},6072.0,,,,,,,,,
118003e321aa210c8edb,https://urban.org/urban-wire/what-will-it-take-help-latina-moms-hold-homeownership-gains,2026-10-04T02:33:57.136151+00:00,urban.org,False,http_error,0.0,403.0,https://www.urban.org/urban-wire/what-will-it-take-help-latina-moms-hold-homeownership-gains,text/html; charset=UTF-8,,not_extracted,0,0,{'Content-Type': 'text/html; charset=UTF-8'},5891.0,,,,,,,,,
11f0dfc2f2e3c61028a4,https://sciencedirect.com/science/article/abs/pii/S0160252716300929,2026-10-04T02:33:57.422221+00:00,sciencedirect.com,False,http_error,0.0,403.0,https://www.sciencedirect.com/science/article/abs/pii/S0160252716300929,text/html; charset=UTF-8,,not_extracted,0,0,{'Content-Type': 'text/html; charset=UTF-8'},1207905.0,,,,,,,,,
125f8520e8a90a6debc8,https://croweshanahan.com/blog/2026/03/what-disqualifies-a-person-from-disability,2026-10-04T02:34:00.115473+00:00,croweshanahan.com,False,http_error,0.0,403.0,https://croweshanahan.com/blog/2026/03/what-disqualifies-a-person-from-disability,text/html,,not_extracted,0,0,{'Content-Type': 'text/html'},52.0,,,,,,,,,
13102169fdbf1093ca52,https://ncsl.org/civil-and-criminal-justice/racial-and-ethnic-disparities-in-the-criminal-justice-system,2026-10-04T02:34:03.503135+00:00,ncsl.org,False,http_error,0.0,403.0,https://ncsl.org/civil-and-criminal-justice/racial-and-ethnic-disparities-in-the-criminal-justice-system,text/html; charset=UTF-8,,not_extracted,0,0,{'Content-Type': 'text/html; charset=UTF-8'},5915.0,,,,,,,,,
13123e88c82b0967ac2e,https://digitalcommons.library.uab.edu/cgi/viewcontent.cgi?article=1613&context=etd-collection,2026-10-04T02:34:04.025692+00:00,uab.edu,False,http_error,0.0,403.0,https://digitalcommons.library.uab.edu/cgi/viewcontent.cgi?article=1613&context=etd-collection,text/html; charset=UTF-8,,not_extracted,0,0,{'Content-Type': 'text/html; charset=UTF-8'},5851.0,,,,,,,,,
13124df66a011cdd5b0e,https://investopedia.com/terms/f/five-c-credit.asp,2026-10-04T02:34:04.268572+00:00,investopedia.com,False,http_error,0.0,402.0,https://www.investopedia.com/terms/f/five-c-credit.asp,text/html,,not_extracted,0,0,{'Content-Type': 'text/html'},612.0,,,,,,,,,
1329ff148461994b165b,https://uscis.gov/policy-manual/volume-8-part-g-chapter-7,2026-10-04T02:34:04.417883+00:00,uscis.gov,False,http_error,0.0,403.0,https://uscis.gov/policy-manual/volume-8-part-g-chapter-7,text/html,,not_extracted,0,0,{'Content-Type': 'text/html'},424.0,,,,,,,,,
13d6cf4b07f62ebe6b53,https://pewresearch.org/short-reads/2021/11/08/whats-behind-the-growing-gap-between-men-and-women-in-college-completion,2026-10-04T02:34:08.334678+00:00,pewresearch.org,False,http_error,0.0,403.0,https://pewresearch.org/short-reads/2021/11/08/whats-behind-the-growing-gap-between-men-and-women-in-college-completion,text/html,,not_extracted,0,0,{'Content-Type': 'text/html'},4215.0,,,,,,,,,
145808ef415e04529608,https://sciencedirect.com/science/article/pii/S2590291126002494,2026-10-04T02:34:10.812035+00:00,sciencedirect.com,False,http_error,0.0,403.0,https://www.sciencedirect.com/science/article/pii/S2590291126002494,text/html; charset=UTF-8,,not_extracted,0,0,{'Content-Type': 'text/html; charset=UTF-8'},1207871.0,,,,,,,,,
14f95c75dfed774b533c,https://link.springer.com/article/10.1007/s00148-024-01031-w,2026-10-04T02:34:12.962011+00:00,springer.com,False,robots_disallowed,,,https://link.springer.com/article/10.1007/s00148-024-01031-w,,,not_extracted,0,0,,,,,,,,,,,
15927ae56cb45a407606,https://journals.sagepub.com/doi/10.1177/23328584241298951,2026-10-04T02:34:17.209835+00:00,sagepub.com,False,http_error,0.0,403.0,https://journals.sagepub.com/doi/10.1177/23328584241298951,text/html; charset=UTF-8,,not_extracted,0,0,{'Content-Type': 'text/html; charset=UTF-8'},5740.0,,,,,,,,,
15b9a9a4a56279c94c7e,https://safehousingpartnerships.org/wp-content/uploads/2025/05/Equal-Access-for-Transgender-People-Supporting-Inclusive-Housing-and-Shelters.pdf,2026-10-04T02:34:17.352133+00:00,safehousingpartnerships.org,False,http_error,0.0,403.0,https://safehousingpartnerships.org/wp-content/uploads/2025/05/Equal-Access-for-Transgender-People-Supporting-Inclusive-Housing-and-Shelters.pdf,text/html,,not_extracted,0,0,{'Content-Type': 'text/html'},52.0,,,,,,,,,
1634f35e739b61af2842,https://careervillage.org/questions/704467/what-are-the-key-factors-that-employers-look-for-when-hiring-people,2026-10-04T02:34:20.260269+00:00,careervillage.org,False,http_error,0.0,403.0,https://careervillage.org/questions/704467/what-are-the-key-factors-that-employers-look-for-when-hiring-people,text/html; charset=UTF-8,,not_extracted,0,0,{'Content-Type': 'text/html; charset=UTF-8'},5894.0,,,,,,,,,
16737f1f9f84c9af64c8,https://epi.org/publication/chasing-the-dream-of-equity,2026-10-04T02:34:22.062654+00:00,epi.org,False,http_error,0.0,403.0,https://epi.org/publication/chasing-the-dream-of-equity,text/html; charset=UTF-8,,not_extracted,0,0,{'Content-Type': 'text/html; charset=UTF-8'},5864.0,,,,,,,,,
167f3a975696cae08691,https://crosslawfirm.com/blog/2025/06/how-does-discrimination-affect-workers-with-disabilities-2,2026-10-04T02:34:22.168155+00:00,crosslawfirm.com,False,http_error,0.0,403.0,https://crosslawfirm.com/blog/2025/06/how-does-discrimination-affect-workers-with-disabilities-2,text/plain; charset=UTF-8,,not_extracted,0,0,{'Content-Type': 'text/plain; charset=UTF-8'},17.0,,,,,,,,,
172b515123646d2b146d,https://urban.org/urban-wire/domestic-violence-survivors-urgently-need-housing-stability-and-solutions-during-pandemic,2026-10-04T02:34:26.225935+00:00,urban.org,False,http_error,0.0,403.0,https://www.urban.org/urban-wire/domestic-violence-survivors-urgently-need-housing-stability-and-solutions-during-pandemic,text/html; charset=UTF-8,,not_extracted,0,0,{'Content-Type': 'text/html; charset=UTF-8'},6023.0,,,,,,,,,
1760483afe70176c1873,https://healthaffairs.org/content/briefs/administrative-burdens-can-harm-health-1773889203949,2026-10-04T02:34:28.451327+00:00,healthaffairs.org,False,http_error,0.0,403.0,https://healthaffairs.org/content/briefs/administrative-burdens-can-harm-health-1773889203949,text/html; charset=UTF-8,,not_extracted,0,0,{'Content-Type': 'text/html; charset=UTF-8'},5894.0,,,,,,,,,
17936b7d1f54530d580b,https://sciencedirect.com/science/article/pii/S1747938X25000260,2026-10-04T02:34:30.164573+00:00,sciencedirect.com,False,http_error,0.0,403.0,https://www.sciencedirect.com/science/article/pii/S1747938X25000260,text/html; charset=UTF-8,,not_extracted,0,0,{'Content-Type': 'text/html; charset=UTF-8'},1207871.0,,,,,,,,,
186adfcb832b027a017f,https://scholarship.law.umn.edu/cgi/viewcontent.cgi?article=1670&context=lawineq,2026-10-04T02:34:34.255777+00:00,umn.edu,False,http_error,0.0,403.0,https://scholarship.law.umn.edu/cgi/viewcontent.cgi?article=1670&context=lawineq,text/html; charset=UTF-8,,not_extracted,0,0,{'Content-Type': 'text/html; charset=UTF-8'},5801.0,,,,,,,,,
19d0c6cccdac61ea50b6,https://omahawomensfund.org/the-impact-of-housing-justice-on-gender-equity,2026-10-04T02:34:40.740771+00:00,omahawomensfund.org,False,http_error,0.0,403.0,https://omahawomensfund.org/the-impact-of-housing-justice-on-gender-equity,text/html; charset=UTF-8,,not_extracted,0,0,{'Content-Type': 'text/html; charset=UTF-8'},5782.0,,,,,,,,,
1a891f5bf0848c83b9b6,https://journals.sagepub.com/doi/10.1089/cyber.2012.0132?cf-mal-redirected=true,2026-10-04T02:34:42.743320+00:00,sagepub.com,False,http_error,0.0,403.0,https://journals.sagepub.com/doi/10.1089/cyber.2012.0132?cf-mal-redirected=true,text/html; charset=UTF-8,,not_extracted,0,0,{'Content-Type': 'text/html; charset=UTF-8'},5861.0,,,,,,,,,
1acc8421c9b20e6563af,https://emerald.com/edi/article/39/4/395/81078/Mechanisms-for-hiring-discrimination-of-immigrant,2026-10-04T02:34:44.721967+00:00,emerald.com,False,http_error,0.0,403.0,https://www.emerald.com/edi/article/39/4/395/81078/Mechanisms-for-hiring-discrimination-of-immigrant,text/html; charset=UTF-8,,not_extracted,0,0,{'Content-Type': 'text/html; charset=UTF-8'},5868.0,,,,,,,,,
1c2ca4bf3b3d352ef26c,https://sciencedirect.com/science/article/pii/S2211335522001887,2026-10-04T02:34:49.577653+00:00,sciencedirect.com,False,http_error,0.0,403.0,https://www.sciencedirect.com/science/article/pii/S2211335522001887,text/html; charset=UTF-8,,not_extracted,0,0,{'Content-Type': 'text/html; charset=UTF-8'},1207871.0,,,,,,,,,
1d4b0a9b5e6c2224e6d3,https://aarp.org/social-security/survivor-benefits-lgbtq-expansion,2026-10-04T02:34:54.733823+00:00,aarp.org,False,http_error,0.0,403.0,https://aarp.org/social-security/survivor-benefits-lgbtq-expansion,text/html,,not_extracted,0,0,{'Content-Type': 'text/html'},867.0,,,,,,,,,
1de646775400355ce27b,https://nationaldisabilitycenter.org/resources/the-current-status-of-accessibility-in-american-higher-education,2026-10-04T02:34:58.715177+00:00,nationaldisabilitycenter.org,False,http_error,0.0,504.0,https://nationaldisabilitycenter.org/resources/the-current-status-of-accessibility-in-american-higher-education/,text/plain; charset=UTF-8,,not_extracted,0,0,{'Content-Type': 'text/plain; charset=UTF-8'},16.0,,,,,,,,,
1e4321a8c4eb0a18a69e,https://finca.org/5-reasons-why-more-women-need-financial-services,2026-10-04T02:35:02.791779+00:00,finca.org,False,http_error,0.0,403.0,https://finca.org/5-reasons-why-more-women-need-financial-services,text/html; charset=UTF-8,,not_extracted,0,0,{'Content-Type': 'text/html; charset=UTF-8'},5693.0,,,,,,,,,
1ec2c1160cc6fa17e7d8,https://penncapital-star.com/civil-rights-social-justice/new-study-shows-roots-of-lgbtq-poverty-and-need-for-government-data-analysis,2026-10-04T02:35:06.594859+00:00,penncapital-star.com,False,http_error,0.0,403.0,https://penncapital-star.com/civil-rights-social-justice/new-study-shows-roots-of-lgbtq-poverty-and-need-for-government-data-analysis,text/html; charset=UTF-8,,not_extracted,0,0,{'Content-Type': 'text/html; charset=UTF-8'},6000.0,,,,,,,,,
1efc45d83bcea1ce4941,https://urbanhealthplan.org/medicaid-snap,2026-10-04T02:35:09.620768+00:00,urbanhealthplan.org,False,http_error,0.0,403.0,https://urbanhealthplan.org/medicaid-snap,text/html; charset=UTF-8,,not_extracted,0,0,{'Content-Type': 'text/html; charset=UTF-8'},5598.0,,,,,,,,,
1f57739c4231177b982b,https://unclenoir.org/news/2020/preventive-health-for-men--why-it-matters,2026-10-04T02:35:11.082760+00:00,unclenoir.org,False,http_error,0.0,403.0,https://www.unclenoir.org/news/2020/preventive-health-for-men--why-it-matters,text/html,,not_extracted,0,0,{'Content-Type': 'text/html'},458.0,,,,,,,,,
21071e3cef9378cbc076,https://academic.oup.com/socpro/article/73/4/1138/8257659,2026-10-04T02:35:18.780318+00:00,oup.com,False,http_error,0.0,403.0,https://academic.oup.com/socpro/article/73/4/1138/8257659,text/html; charset=UTF-8,,not_extracted,0,0,{'Content-Type': 'text/html; charset=UTF-8'},5652.0,,,,,,,,,
222c9cca9b0f5897cd1d,https://transcare.ucsf.edu/guidelines/insurance,2026-10-04T02:35:24.536747+00:00,ucsf.edu,False,http_error,0.0,403.0,https://transcare.ucsf.edu/guidelines/insurance,text/html; charset=UTF-8,,not_extracted,0,0,{'Content-Type': 'text/html; charset=UTF-8'},5622.0,,,,,,,,,
229175f5d91538ce9bdd,https://jec.senate.gov/public/index.cfm/democrats/2022/8/new-jec-report-finds-barriers-to-financial-inclusion-cause-widespread-economic-harm,2026-10-04T02:35:24.905312+00:00,senate.gov,False,http_error,0.0,403.0,https://www.jec.senate.gov/public/index.cfm/democrats/2022/8/new-jec-report-finds-barriers-to-financial-inclusion-cause-widespread-economic-harm,text/html,,not_extracted,0,0,{'Content-Type': 'text/html'},599.0,,,,,,,,,
22dbf73ed9b575b454a2,https://linkedin.com/top-content/recruitment-hr/importance-of-hiring-practices/how-job-postings-impact-female-hiring-rates,2026-10-04T02:35:27.383875+00:00,linkedin.com,False,robots_disallowed,,,https://linkedin.com/top-content/recruitment-hr/importance-of-hiring-practices/how-job-postings-impact-female-hiring-rates,,,not_extracted,0,0,,,,,,,,,,,
232adb63d9c78d29d59b,https://journals.sagepub.com/doi/10.1177/21533687251314137,2026-10-04T02:35:29.491066+00:00,sagepub.com,False,http_error,0.0,403.0,https://journals.sagepub.com/doi/10.1177/21533687251314137,text/html; charset=UTF-8,,not_extracted,0,0,{'Content-Type': 'text/html; charset=UTF-8'},5762.0,,,,,,,,,
235a19e4450cb7cddab2,https://sciencedirect.com/science/article/abs/pii/S0160252720300285,2026-10-04T02:35:29.538433+00:00,sciencedirect.com,False,http_error,0.0,403.0,https://www.sciencedirect.com/science/article/abs/pii/S0160252720300285,text/html; charset=UTF-8,,not_extracted,0,0,{'Content-Type': 'text/html; charset=UTF-8'},1207883.0,,,,,,,,,
2430835173e1b7d26684,https://zakaylaw.com/blog/2026/january/gender-bias-at-work-impact-on-career-growth-what,2026-10-04T02:35:35.677084+00:00,zakaylaw.com,False,http_error,0.0,403.0,https://www.zakaylaw.com/blog/2026/january/gender-bias-at-work-impact-on-career-growth-what,text/html; charset=UTF-8,,not_extracted,0,0,{'Content-Type': 'text/html; charset=UTF-8'},5489.0,,,,,,,,,
244dc8fe151f1b04785f,https://sciencedirect.com/science/article/pii/S0749379725004453,2026-10-04T02:35:38.959321+00:00,sciencedirect.com,False,http_error,0.0,403.0,https://www.sciencedirect.com/science/article/pii/S0749379725004453,text/html; charset=UTF-8,,not_extracted,0,0,{'Content-Type': 'text/html; charset=UTF-8'},1207871.0,,,,,,,,,
2518ed438510361c7178,https://cbpp.org/research/health/how-to-streamline-verification-of-eligibility-for-medicaid-and-snap,2026-10-04T02:35:41.690478+00:00,cbpp.org,False,http_error,0.0,403.0,https://cbpp.org/research/health/how-to-streamline-verification-of-eligibility-for-medicaid-and-snap,text/html; charset=UTF-8,,not_extracted,0,0,{'Content-Type': 'text/html; charset=UTF-8'},6158.0,,,,,,,,,
2568f883b62e8f44cfe7,https://sciencedirect.com/science/article/abs/pii/S1936657425000019,2026-10-04T02:35:43.367976+00:00,sciencedirect.com,False,http_error,0.0,403.0,https://www.sciencedirect.com/science/article/abs/pii/S1936657425000019,text/html; charset=UTF-8,,not_extracted,0,0,{'Content-Type': 'text/html; charset=UTF-8'},1207905.0,,,,,,,,,
2584870c7bec5e2ca5c2,https://link.springer.com/chapter/10.1007/978-3-031-76898-9_21,2026-10-04T02:35:43.957509+00:00,springer.com,False,robots_disallowed,,,https://link.springer.com/chapter/10.1007/978-3-031-76898-9_21,,,not_extracted,0,0,,,,,,,,,,,
25b3d8a901e96abb948f,https://repository.library.washu.edu/cgi/viewcontent.cgi?article=1978&context=csd_research,2026-10-04T02:35:45.147179+00:00,washu.edu,False,http_error,0.0,403.0,https://repository.library.washu.edu/cgi/viewcontent.cgi?article=1978&context=csd_research,text/html; charset=UTF-8,,not_extracted,0,0,{'Content-Type': 'text/html; charset=UTF-8'},5843.0,,,,,,,,,
262b10b784bff23430fb,https://academic.oup.com/sf/article/104/3/874/8163470,2026-10-04T02:35:47.113017+00:00,oup.com,False,http_error,0.0,403.0,https://academic.oup.com/sf/article/104/3/874/8163470,text/html; charset=UTF-8,,not_extracted,0,0,{'Content-Type': 'text/html; charset=UTF-8'},5618.0,,,,,,,,,
268cc0a2adbd302f5ea1,https://ncsl.org/human-services/introduction-to-benefits-cliffs-and-public-assistance-programs,2026-10-04T02:35:48.374800+00:00,ncsl.org,False,http_error,0.0,403.0,https://ncsl.org/human-services/introduction-to-benefits-cliffs-and-public-assistance-programs,text/html; charset=UTF-8,,not_extracted,0,0,{'Content-Type': 'text/html; charset=UTF-8'},5864.0,,,,,,,,,
269d91d181cf1fe4ff33,https://journalofethics.ama-assn.org/article/how-cisgender-clinicians-can-help-prevent-harm-during-encounters-transgender-patients/2022-08,2026-10-04T02:35:48.441763+00:00,ama-assn.org,False,http_error,0.0,403.0,https://journalofethics.ama-assn.org/article/how-cisgender-clinicians-can-help-prevent-harm-during-encounters-transgender-patients/2022-08,text/html; charset=UTF-8,,not_extracted,0,0,{'Content-Type': 'text/html; charset=UTF-8'},5493.0,,,,,,,,,
26e1cf3475e3d6a14019,https://facebook.com/StanfordHAI/videos/new-research-reveals-alarming-patterns-in-ai-hiring-toolsa-large-scale-study-of-/1483164443302591,2026-10-04T02:35:50.168588+00:00,facebook.com,False,robots_disallowed,,,https://facebook.com/StanfordHAI/videos/new-research-reveals-alarming-patterns-in-ai-hiring-toolsa-large-scale-study-of-/1483164443302591,,,not_extracted,0,0,,,,,,,,,,,
2935b2a3da70bbfc9027,https://bls.gov/blog/2024/employment-trends-of-hispanics-in-the-us-labor-force.htm,2026-10-04T02:35:53.434739+00:00,bls.gov,False,http_error,0.0,403.0,https://www.bls.gov/,text/html,,not_extracted,0,0,{'Content-Type': 'text/html'},1325.0,,,,,,,,,
29878dce40e2ac8255d5,https://medstarhealth.org/blog/patient-safety-racism,2026-10-04T02:35:54.017638+00:00,medstarhealth.org,False,http_error,0.0,403.0,https://medstarhealth.org/blog/patient-safety-racism,text/plain; charset=UTF-8,,not_extracted,0,0,{'Content-Type': 'text/plain; charset=UTF-8'},17.0,,,,,,,,,
29cbf66fad9d61074133,https://emerald.com/sc/article/14/4/183/342705/Policing-uncontrollable-banshees-factors,2026-10-04T02:35:56.614023+00:00,emerald.com,False,http_error,0.0,403.0,https://www.emerald.com/sc/article/14/4/183/342705/Policing-uncontrollable-banshees-factors,text/html; charset=UTF-8,,not_extracted,0,0,{'Content-Type': 'text/html; charset=UTF-8'},5841.0,,,,,,,,,
29febc26811223ac56a8,https://commons.library.stonybrook.edu/cgi/viewcontent.cgi?article=1092&context=nyjsa,2026-10-04T02:35:57.125485+00:00,stonybrook.edu,False,http_error,0.0,403.0,https://commons.library.stonybrook.edu/cgi/viewcontent.cgi?article=1092&context=nyjsa,text/html; charset=UTF-8,,not_extracted,0,0,{'Content-Type': 'text/html; charset=UTF-8'},5802.0,,,,,,,,,
2a614817cfa2a8d08525,https://linkedin.com/pulse/when-skills-equal-hidden-factors-influence-hiring-decisions-fwjyf,2026-10-04T02:36:01.215229+00:00,linkedin.com,False,robots_disallowed,,,https://linkedin.com/pulse/when-skills-equal-hidden-factors-influence-hiring-decisions-fwjyf,,,not_extracted,0,0,,,,,,,,,,,
2acb88989e1b34071cae,https://cis.org/Report/NonCitizen-Use-Welfare-Region-and-Country-Birth,2026-10-04T02:36:01.736957+00:00,cis.org,False,http_error,0.0,403.0,https://cis.org/Report/NonCitizen-Use-Welfare-Region-and-Country-Birth,text/html; charset=UTF-8,,not_extracted,0,0,{'Content-Type': 'text/html; charset=UTF-8'},5751.0,,,,,,,,,
2c03a46630219fb22868,https://emerald.com/jsm/article-split/39/5/531/1254237/Unveiling-barriers-and-opportunities-for-LGBTQIA,2026-10-04T02:36:03.570171+00:00,emerald.com,False,http_error,0.0,403.0,https://www.emerald.com/jsm/article-split/39/5/531/1254237/Unveiling-barriers-and-opportunities-for-LGBTQIA,text/html; charset=UTF-8,,not_extracted,0,0,{'Content-Type': 'text/html; charset=UTF-8'},5910.0,,,,,,,,,
2d886c9239454f4fad85,https://sciencedirect.com/science/article/pii/S0927537120300646,2026-10-04T02:36:07.281026+00:00,sciencedirect.com,False,http_error,0.0,403.0,https://www.sciencedirect.com/science/article/pii/S0927537120300646,text/html; charset=UTF-8,,not_extracted,0,0,{'Content-Type': 'text/html; charset=UTF-8'},1207871.0,,,,,,,,,
2de4e693758fd4f1de69,https://opportunityhome.org/resources/lgbtq-rights-and-housing-fact-sheet,2026-10-04T02:36:12.162268+00:00,opportunityhome.org,False,http_error,0.0,404.0,https://opportunityhome.org/resources/lgbtq-rights-and-housing-fact-sheet,text/plain; charset=utf-8,,not_extracted,0,0,{'Content-Type': 'text/plain; charset=utf-8'},10.0,,,,,,,,,
2e2b4fb05a98c19d05cb,https://info.nystateofhealth.ny.gov/stay-covered,2026-10-04T02:36:13.737897+00:00,ny.gov,False,http_error,0.0,403.0,https://info.nystateofhealth.ny.gov/stay-covered,text/html,,not_extracted,0,0,{'Content-Type': 'text/html'},986.0,,,,,,,,,
2eabc6c6e9222aa34431,https://bankrate.com/banking/banks-that-are-lgbtq-friendly,2026-10-04T02:36:14.756265+00:00,bankrate.com,False,http_error,0.0,405.0,https://www.bankrate.com/banking/banks-that-are-lgbtq-friendly,text/html; charset=UTF-8,,not_extracted,0,0,{'Content-Type': 'text/html; charset=UTF-8'},2111.0,,,,,,,,,
2fded60bd97a21041fd0,https://sciencedirect.com/science/article/pii/S0001691825000605,2026-10-04T02:36:17.980636+00:00,sciencedirect.com,False,http_error,0.0,403.0,https://www.sciencedirect.com/science/article/pii/S0001691825000605,text/html; charset=UTF-8,,not_extracted,0,0,{'Content-Type': 'text/html; charset=UTF-8'},1207871.0,,,,,,,,,
30375f0ee98739e6c944,https://link.springer.com/article/10.1007/s10775-025-09788-6,2026-10-04T02:36:20.677184+00:00,springer.com,False,robots_disallowed,,,https://link.springer.com/article/10.1007/s10775-025-09788-6,,,not_extracted,0,0,,,,,,,,,,,
30e3af1b20ad69a5ad7e,https://ama-assn.org/about/leadership/maintaining-preventive-coverage-vital-public-health,2026-10-04T02:36:21.154906+00:00,ama-assn.org,False,http_error,0.0,403.0,https://www.ama-assn.org/about/leadership/maintaining-preventive-coverage-vital-public-health,text/html; charset=UTF-8,,not_extracted,0,0,{'Content-Type': 'text/html; charset=UTF-8'},5487.0,,,,,,,,,
3264383bc930bdb312b6,https://sciencedirect.com/science/article/pii/S2590291125006060,2026-10-04T02:36:28.750815+00:00,sciencedirect.com,False,http_error,0.0,403.0,https://www.sciencedirect.com/science/article/pii/S2590291125006060,text/html; charset=UTF-8,,not_extracted,0,0,{'Content-Type': 'text/html; charset=UTF-8'},1207871.0,,,,,,,,,
328843a9c7d9effafa7a,https://aarp.org/pri/topics/work-finances-retirement/social-security/social-security-women,2026-10-04T02:36:31.395497+00:00,aarp.org,False,http_error,0.0,403.0,https://aarp.org/pri/topics/work-finances-retirement/social-security/social-security-women,text/html,,not_extracted,0,0,{'Content-Type': 'text/html'},866.0,,,,,,,,,
32cc5980a89e0abd4bb7,https://academicworks.cuny.edu/cgi/viewcontent.cgi?article=6918&context=gc_etds,2026-10-04T02:36:31.644937+00:00,cuny.edu,False,http_error,0.0,403.0,https://academicworks.cuny.edu/cgi/viewcontent.cgi?article=6918&context=gc_etds,text/html; charset=UTF-8,,not_extracted,0,0,{'Content-Type': 'text/html; charset=UTF-8'},5778.0,,,,,,,,,
33746694a7aefbf498ac,https://stephaniehahn.com/blog/2023/03/3-factors-that-increase-the-risk-of-workplace-sexual-harassment,2026-10-04T02:36:31.694134+00:00,stephaniehahn.com,False,http_error,0.0,403.0,https://stephaniehahn.com/blog/2023/03/3-factors-that-increase-the-risk-of-workplace-sexual-harassment,text/html; charset=UTF-8,,not_extracted,0,0,{'Content-Type': 'text/html; charset=UTF-8'},5827.0,,,,,,,,,
33d5a2463b5d66f100cd,https://cbpp.org/research/poverty-and-inequality/expanding-work-requirements-would-make-it-harder-for-people-to-meet,2026-10-04T02:36:32.590413+00:00,cbpp.org,False,http_error,0.0,403.0,https://cbpp.org/research/poverty-and-inequality/expanding-work-requirements-would-make-it-harder-for-people-to-meet,text/html; charset=UTF-8,,not_extracted,0,0,{'Content-Type': 'text/html; charset=UTF-8'},6157.0,,,,,,,,,
33f7534926f2acebe58d,https://americanprogress.org/article/protecting-basic-living-standards-lgbtq-people,2026-10-04T02:36:34.835841+00:00,americanprogress.org,False,http_error,0.0,403.0,https://www.americanprogress.org/article/protecting-basic-living-standards-lgbtq-people,text/html; charset=UTF-8,,not_extracted,0,0,{'Content-Type': 'text/html; charset=UTF-8'},5812.0,,,,,,,,,
342117959d3d2d752b68,https://glaad.org/reference/health,2026-10-04T02:36:35.911432+00:00,glaad.org,False,http_error,0.0,403.0,https://glaad.org/reference/health,text/html,,not_extracted,0,0,{'Content-Type': 'text/html'},118.0,,,,,,,,,
348352c77181b74779f4,https://americanprogress.org/article/gender-matters,2026-10-04T02:36:38.223568+00:00,americanprogress.org,False,http_error,0.0,403.0,https://www.americanprogress.org/article/gender-matters,text/html; charset=UTF-8,,not_extracted,0,0,{'Content-Type': 'text/html; charset=UTF-8'},5673.0,,,,,,,,,
35eb5a322178dfbb8246,https://pnas.org/doi/10.1073/pnas.1903592116,2026-10-04T02:36:41.586363+00:00,pnas.org,False,http_error,0.0,403.0,https://pnas.org/doi/10.1073/pnas.1903592116,text/html; charset=UTF-8,,not_extracted,0,0,{'Content-Type': 'text/html; charset=UTF-8'},5701.0,,,,,,,,,
37844408c2855aec8c95,https://sciencedirect.com/science/article/abs/pii/S0190740909001819,2026-10-04T02:36:42.620734+00:00,sciencedirect.com,False,http_error,0.0,403.0,https://www.sciencedirect.com/science/article/abs/pii/S0190740909001819,text/html; charset=UTF-8,,not_extracted,0,0,{'Content-Type': 'text/html; charset=UTF-8'},1207905.0,,,,,,,,,
37fd2ac44536dd15fd6c,https://idra.org/resource-center/identity-based-bullying-undermines-student-safety-and-success,2026-10-04T02:36:46.046892+00:00,idra.org,False,robots_disallowed,,,https://idra.org/resource-center/identity-based-bullying-undermines-student-safety-and-success,,,not_extracted,0,0,,,,,,,,,,,
380510dde65fa3c6d64a,https://share.google/ncA9pFtjUB5HJt89x,2026-10-04T02:36:48.266779+00:00,share.google,False,http_error,0.0,403.0,https://mavmatrix.uta.edu/cgi/viewcontent.cgi?params=/context/crcj_theses/article/1068/type/native/&path_info=,text/html; charset=UTF-8,,not_extracted,0,0,{'Content-Type': 'text/html; charset=UTF-8'},5924.0,,,,,,,,,
389e6c1d560ec25dd2a2,https://digitalcommons.unomaha.edu/cgi/viewcontent.cgi?article=1058&context=criminaljusticefacpub,2026-10-04T02:36:48.746816+00:00,unomaha.edu,False,http_error,0.0,403.0,https://digitalcommons.unomaha.edu/cgi/viewcontent.cgi?article=1058&context=criminaljusticefacpub,text/html; charset=UTF-8,,not_extracted,0,0,{'Content-Type': 'text/html; charset=UTF-8'},5868.0,,,,,,,,,
38f3493e6a8492913407,https://link.springer.com/article/10.1186/s12939-025-02603-2,2026-10-04T02:36:48.869846+00:00,springer.com,False,robots_disallowed,,,https://link.springer.com/article/10.1186/s12939-025-02603-2,,,not_extracted,0,0,,,,,,,,,,,
390647047124e5ee7d50,https://accessliving.org/access-to-justice-a-cross-disability-perspective-on-reducing-jail-incarceration/background-access-to-justice,2026-10-04T02:36:48.870056+00:00,accessliving.org,False,http_error,0.0,403.0,https://accessliving.org/access-to-justice-a-cross-disability-perspective-on-reducing-jail-incarceration/background-access-to-justice,text/html,,not_extracted,0,0,{'Content-Type': 'text/html'},103.0,,,,,,,,,
397cf5e43effd5aa7a2a,https://inc.com/replacemeplease1456157247.html,2026-10-04T02:36:53.093183+00:00,inc.com,False,http_error,0.0,403.0,https://www.inc.com/replacemeplease1456157247.html,text/html;charset=utf-8,,not_extracted,0,0,{'Content-Type': 'text/html;charset=utf-8'},767.0,,,,,,,,,
39cc59d2c9d1bdd21d47,https://healthaffairs.org/doi/10.1377/hlthaff.2019.01361,2026-10-04T02:36:56.182514+00:00,healthaffairs.org,False,http_error,0.0,403.0,https://healthaffairs.org/doi/10.1377/hlthaff.2019.01361,text/html; charset=UTF-8,,not_extracted,0,0,{'Content-Type': 'text/html; charset=UTF-8'},5719.0,,,,,,,,,
3a763bb5661a878f139e,https://cambridge.org/core/journals/law-and-social-inquiry/article/preference-or-penalty-the-law-and-employers-diverging-hiring-intentions-of-latino-immigrants/6FBDB6E32D19F7CBCC94B1452E29CF48,2026-10-04T02:36:58.947879+00:00,cambridge.org,False,http_error,0.0,429.0,https://www.cambridge.org/core/journals/law-and-social-inquiry/article/preference-or-penalty-the-law-and-employers-diverging-hiring-intentions-of-latino-immigrants/6FBDB6E32D19F7CBCC94B1452E29CF48,text/html; charset=utf-8,,not_extracted,0,0,{'Content-Type': 'text/html; charset=utf-8'},1302.0,,,,,,,,,
3a9a917d88b655783c05,https://migrationpolicy.org/publication/immigrants-eligibility-us-public-benefits-primer,2026-10-04T02:36:59.874243+00:00,migrationpolicy.org,False,http_error,0.0,403.0,https://migrationpolicy.org/publication/immigrants-eligibility-us-public-benefits-primer,text/html; charset=UTF-8,,not_extracted,0,0,{'Content-Type': 'text/html; charset=UTF-8'},5876.0,,,,,,,,,
3afcc56e22742afe274e,https://cangrade.com/blog/talent-acquisition/6-science-backed-ways-to-prioritize-hiring-women,2026-10-04T02:37:03.224854+00:00,cangrade.com,False,http_error,0.0,404.0,https://cangrade.com/blog/talent-acquisition/6-science-backed-ways-to-prioritize-hiring-women,text/plain; charset=utf-8,,not_extracted,0,0,{'Content-Type': 'text/plain; charset=utf-8'},10.0,,,,,,,,,
3b4bcc955ccd2c993b86,https://researchgate.net/publication/249027896_Black_white_and_unequal_Examining_situational_determinants_of_arrest_decisions_from_police-suspect_encounters,2026-10-04T02:37:07.237755+00:00,researchgate.net,False,http_error,0.0,403.0,https://www.researchgate.net/publication/249027896_Black_white_and_unequal_Examining_situational_determinants_of_arrest_decisions_from_police-suspect_encounters,text/html; charset=UTF-8,,not_extracted,0,0,{'Content-Type': 'text/html; charset=UTF-8'},21138.0,,,,,,,,,
3c1ab936db939e36f0c4,https://americanbar.org/groups/domestic_violence/Initiatives/five-for-five/five-facts-homelessness,2026-10-04T02:37:11.384373+00:00,americanbar.org,False,http_error,0.0,403.0,https://americanbar.org/groups/domestic_violence/Initiatives/five-for-five/five-facts-homelessness,text/html; charset=UTF-8,,not_extracted,0,0,{'Content-Type': 'text/html; charset=UTF-8'},5884.0,,,,,,,,,
3c6d87a4269eefcba6ec,https://mdpi.com/2076-328X/15/1/61,2026-10-04T02:37:15.768706+00:00,mdpi.com,False,http_error,0.0,403.0,https://mdpi.com/2076-328X/15/1/61,text/html,,not_extracted,0,0,{'Content-Type': 'text/html'},391.0,,,,,,,,,
3d39668b388de84e4776,https://ehealthinsurance.com/resources/individual-and-family/health-insurance-for-lgbtq-community,2026-10-04T02:37:17.919250+00:00,ehealthinsurance.com,False,http_error,0.0,403.0,https://ehealthinsurance.com/resources/individual-and-family/health-insurance-for-lgbtq-community,text/html,,not_extracted,0,0,{'Content-Type': 'text/html'},1816.0,,,,,,,,,
3d58c3a70dd8b3ec039d,https://americanprogress.org/press/release-broken-criminal-justice-system-disproportionately-targets-and-harms-lgbt-people,2026-10-04T02:37:18.389244+00:00,americanprogress.org,False,http_error,0.0,403.0,https://www.americanprogress.org/press/release-broken-criminal-justice-system-disproportionately-targets-and-harms-lgbt-people,text/html; charset=UTF-8,,not_extracted,0,0,{'Content-Type': 'text/html; charset=UTF-8'},5971.0,,,,,,,,,
3e10af1d5c38bb91825f,https://tandfonline.com/doi/full/10.1080/07418825.2025.2550298,2026-10-04T02:37:21.746835+00:00,tandfonline.com,False,http_error,0.0,403.0,https://tandfonline.com/doi/full/10.1080/07418825.2025.2550298,text/html; charset=UTF-8,,not_extracted,0,0,{'Content-Type': 'text/html; charset=UTF-8'},5805.0,,,,,,,,,
3e3c9e7be9a61984f9e4,https://cato.org/testimony/many-factors-play-minority-access-higher-education,2026-10-04T02:37:22.403361+00:00,cato.org,False,http_error,0.0,403.0,https://www.cato.org/testimony/many-factors-play-minority-access-higher-education,text/html,,not_extracted,0,0,{'Content-Type': 'text/html'},885.0,,,,,,,,,
3e7b4a72333074616446,https://ssa.gov/policy/docs/ssb/v83n3/v83n3p11.html,2026-10-04T02:37:25.274771+00:00,ssa.gov,False,curl_error,60.0,0.0,https://ssa.gov/policy/docs/ssb/v83n3/v83n3p11.html,,"curl: (60) SSL certificate problem: unable to get local issuer certificate
More details here: https://curl.se/docs/sslcerts.html

curl failed to verify the legitimacy of the server and therefore could not
establish a secure connection to it. To learn more about this situation and
how to fix it, please visit the web page mentioned above.",not_extracted,0,0,,,,,,,,,,,
3e823021c0e3a6e02a57,https://archive-housingmatters.urban.org/articles/five-facts-about-housing-access-lgbt-people,2026-10-04T02:37:26.252661+00:00,urban.org,False,http_error,0.0,403.0,https://archive-housingmatters.urban.org/articles/five-facts-about-housing-access-lgbt-people,text/html; charset=UTF-8,,not_extracted,0,0,{'Content-Type': 'text/html; charset=UTF-8'},5878.0,,,,,,,,,
3ee47d738413588bb211,https://tandfonline.com/doi/full/10.1080/15140326.2024.2324247,2026-10-04T02:37:28.553884+00:00,tandfonline.com,False,http_error,0.0,403.0,https://tandfonline.com/doi/full/10.1080/15140326.2024.2324247,text/html; charset=UTF-8,,not_extracted,0,0,{'Content-Type': 'text/html; charset=UTF-8'},5805.0,,,,,,,,,
3fbbf935f4f7d72a0735,https://digitalcommons.law.ou.edu/cgi/viewcontent.cgi?article=2257&context=olr,2026-10-04T02:37:31.740328+00:00,ou.edu,False,http_error,0.0,403.0,https://digitalcommons.law.ou.edu/cgi/viewcontent.cgi?article=2257&context=olr,text/html; charset=UTF-8,,not_extracted,0,0,{'Content-Type': 'text/html; charset=UTF-8'},5791.0,,,,,,,,,
4008d3a7e5894a0bf318,https://faireconomy.org/11_ways_the_federal_government_contributed_to_the_racial_wealth_divide,2026-10-04T02:37:32.184544+00:00,faireconomy.org,False,curl_error,6.0,0.0,https://faireconomy.org/11_ways_the_federal_government_contributed_to_the_racial_wealth_divide,,"curl: (6) Could not resolve host: faireconomy.org
curl: (6) Could not resolve host: faireconomy.org",not_extracted,0,0,,,,,,,,,,,
40c2fe592bd4a1f7487a,https://aarp.org/social-security/faq/same-sex-couples,2026-10-04T02:37:33.812394+00:00,aarp.org,False,http_error,0.0,403.0,https://aarp.org/social-security/faq/same-sex-couples,text/html,,not_extracted,0,0,{'Content-Type': 'text/html'},865.0,,,,,,,,,
410ed6d381cd8d40cc57,https://cliniclegal.org/resources/ground-inadmissibility-and-deportability/uscis-expands-public-charge-discretion-what,2026-10-04T02:37:35.918643+00:00,cliniclegal.org,False,http_error,0.0,403.0,https://cliniclegal.org/resources/ground-inadmissibility-and-deportability/uscis-expands-public-charge-discretion-what,text/html; charset=UTF-8,,not_extracted,0,0,{'Content-Type': 'text/html; charset=UTF-8'},5943.0,,,,,,,,,
41129db0fb699b250ed4,https://mrdrc.isr.umich.edu/publication/exploring-the-social-security-benefit-implications-of-same-sex-marriage-2,2026-10-04T02:37:37.141605+00:00,umich.edu,False,http_error,0.0,403.0,https://mrdrc.isr.umich.edu/publication/exploring-the-social-security-benefit-implications-of-same-sex-marriage-2,text/html; charset=UTF-8,,not_extracted,0,0,{'Content-Type': 'text/html; charset=UTF-8'},43251.0,,,,,,,,,
42157260c827e979dba5,https://vitalrecord.tamu.edu/how-race-and-racial-perceptions-shape-public-assistance-policy-opinions,2026-10-04T02:37:43.396683+00:00,tamu.edu,False,http_error,0.0,403.0,https://vitalrecord.tamu.edu/how-race-and-racial-perceptions-shape-public-assistance-policy-opinions,text/html; charset=UTF-8,,not_extracted,0,0,{'Content-Type': 'text/html; charset=UTF-8'},5516.0,,,,,,,,,
4317517a5dfe1bafba33,https://un.org/womenwatch/daw/public/WorldSurvey2009.pdf,2026-10-04T02:37:50.868758+00:00,un.org,False,http_error,0.0,404.0,https://maintenance.un.org/womenwatch/daw/public/WorldSurvey2009.pdf,text/html,,not_extracted,0,0,{'Content-Type': 'text/html'},357.0,,,,,,,,,
438f700d344abdd420c0,https://sciencedirect.com/science/article/pii/S2667321524001008,2026-10-04T02:37:52.440070+00:00,sciencedirect.com,False,http_error,0.0,403.0,https://www.sciencedirect.com/science/article/pii/S2667321524001008,text/html; charset=UTF-8,,not_extracted,0,0,{'Content-Type': 'text/html; charset=UTF-8'},1207871.0,,,,,,,,,
43fb2376c7c5d4de383b,https://uscis.gov/policy-manual/volume-8-part-g-chapter-5,2026-10-04T02:37:55.791175+00:00,uscis.gov,False,http_error,0.0,403.0,https://uscis.gov/policy-manual/volume-8-part-g-chapter-5,text/html,,not_extracted,0,0,{'Content-Type': 'text/html'},426.0,,,,,,,,,
448f991285087c223303,https://in.gov/icrc/enforcement/credit/disability-and-access-to-credit,2026-10-04T02:37:59.312949+00:00,in.gov,False,hard_timeout,28.0,0.0,https://in.gov/icrc/enforcement/credit/disability-and-access-to-credit,,"curl: (28) Failed to connect to in.gov port 443 after 8003 ms: Timeout was reached
curl: (28) Failed to connect to in.gov port 443 after 8002 ms: Timeout was reached",not_extracted,0,0,,,,,,,,,,,
4511eeb570fbe1d1742e,https://immigrantjustice.org/sites/default/files/INSECURE_COMMUNITIES_REPORT_FINAL.PDF,2026-10-04T02:38:00.057271+00:00,immigrantjustice.org,False,http_error,0.0,403.0,https://immigrantjustice.org/sites/default/files/INSECURE_COMMUNITIES_REPORT_FINAL.PDF,text/html,,not_extracted,0,0,{'Content-Type': 'text/html'},52.0,,,,,,,,,
45a3a7f87508eb824ec8,https://phys.org/news/2017-02-female-bosses-favour-gay-lesbian.html,2026-10-04T02:38:01.127290+00:00,phys.org,False,http_error,0.0,403.0,https://phys.org/news/2017-02-female-bosses-favour-gay-lesbian.html,text/html; charset=utf-8,,not_extracted,0,0,{'Content-Type': 'text/html; charset=utf-8'},17730.0,,,,,,,,,
45a466cf9585e71df4be,https://researchgate.net/publication/378853272_CAREER_GROWTH_OF_WOMEN_IN_PROFESSIONAL_FIELD,2026-10-04T02:38:03.024080+00:00,researchgate.net,False,http_error,0.0,403.0,https://www.researchgate.net/publication/378853272_CAREER_GROWTH_OF_WOMEN_IN_PROFESSIONAL_FIELD,text/html; charset=UTF-8,,not_extracted,0,0,{'Content-Type': 'text/html; charset=UTF-8'},21138.0,,,,,,,,,
4618632a37304f1d8821,https://americanprogress.org/article/racial-disparities-home-appreciation,2026-10-04T02:38:05.061173+00:00,americanprogress.org,False,http_error,0.0,403.0,https://www.americanprogress.org/article/racial-disparities-home-appreciation,text/html; charset=UTF-8,,not_extracted,0,0,{'Content-Type': 'text/html; charset=UTF-8'},5760.0,,,,,,,,,
468f0c4f07c7d36c1197,https://acpjournals.org/doi/10.7326/ANNALS-24-02446,2026-10-04T02:38:08.286454+00:00,acpjournals.org,False,http_error,0.0,403.0,https://acpjournals.org/doi/10.7326/ANNALS-24-02446,text/html; charset=UTF-8,,not_extracted,0,0,{'Content-Type': 'text/html; charset=UTF-8'},5708.0,,,,,,,,,
47687bd49b3ebdbfb438,https://sciencedirect.com/science/article/pii/S1757780223007369,2026-10-04T02:38:13.429540+00:00,sciencedirect.com,False,http_error,0.0,403.0,https://www.sciencedirect.com/science/article/pii/S1757780223007369,text/html; charset=UTF-8,,not_extracted,0,0,{'Content-Type': 'text/html; charset=UTF-8'},1207871.0,,,,,,,,,
4784547ca4187b626a93,https://archives.hud.gov/reports/barriers.cfm,2026-10-04T02:38:15.107862+00:00,hud.gov,False,hard_timeout,28.0,0.0,https://archives.hud.gov/reports/barriers.cfm,,"curl: (28) Failed to connect to archives.hud.gov port 443 after 8002 ms: Timeout was reached
curl: (28) Failed to connect to archives.hud.gov port 443 after 8001 ms: Timeout was reached",not_extracted,0,0,,,,,,,,,,,
48ee06dad03c5c444dc6,https://cgdev.org/blog/promoting-womens-financial-inclusion-quiet-revolution-taking-place-financial-sector,2026-10-04T02:38:23.094942+00:00,cgdev.org,False,http_error,0.0,403.0,https://cgdev.org/blog/promoting-womens-financial-inclusion-quiet-revolution-taking-place-financial-sector,text/html; charset=UTF-8,,not_extracted,0,0,{'Content-Type': 'text/html; charset=UTF-8'},5898.0,,,,,,,,,
493a0e435a2848a33289,https://journals.sagepub.com/doi/10.1177/2156759X211018658,2026-10-04T02:38:23.436871+00:00,sagepub.com,False,http_error,0.0,403.0,https://journals.sagepub.com/doi/10.1177/2156759X211018658,text/html; charset=UTF-8,,not_extracted,0,0,{'Content-Type': 'text/html; charset=UTF-8'},5762.0,,,,,,,,,
49ec94df2803e3fc5419,https://sciencedirect.com/science/article/pii/S2590291126008223,2026-10-04T02:38:24.157801+00:00,sciencedirect.com,False,http_error,0.0,403.0,https://www.sciencedirect.com/science/article/pii/S2590291126008223,text/html; charset=UTF-8,,not_extracted,0,0,{'Content-Type': 'text/html; charset=UTF-8'},1207871.0,,,,,,,,,
4b14eff886e30b0d27e7,https://forbes.com/sites/forbeseq/2025/07/08/the-business-benefits-of-hiring-people-with-disabilities,2026-10-04T02:38:30.866083+00:00,forbes.com,False,http_error,0.0,403.0,https://forbes.com/sites/forbeseq/2025/07/08/the-business-benefits-of-hiring-people-with-disabilities,text/html;charset=utf-8,,not_extracted,0,0,{'Content-Type': 'text/html;charset=utf-8'},773.0,,,,,,,,,
4b7b9437bf5c6becdd1e,https://ncua.gov/regulation-supervision/letters-credit-unions-other-guidance/equal-credit-opportunity-act-nondiscrimination-requirements,2026-10-04T02:38:36.142578+00:00,ncua.gov,False,http_error,0.0,403.0,https://ncua.gov/regulation-supervision/letters-credit-unions-other-guidance/equal-credit-opportunity-act-nondiscrimination-requirements,,,not_extracted,0,0,{'Content-Type': ''},0.0,,,,,,,,,
4bf3675996305752ed3a,https://plannedparenthoodaction.org/communities/latinos-planned-parenthood/health-equity-issues-for-the-latino-community,2026-10-04T02:38:37.747754+00:00,plannedparenthoodaction.org,False,http_error,0.0,403.0,https://www.plannedparenthoodaction.org/communities/latinos-planned-parenthood/health-equity-issues-for-the-latino-community,text/html,,not_extracted,0,0,{'Content-Type': 'text/html'},118.0,,,,,,,,,
4bfc8f269f2c96759b8c,https://mrsc.org/stay-informed/mrsc-insight/february-2024/best-practices-shelters-part-one,2026-10-04T02:38:37.796868+00:00,mrsc.org,False,robots_disallowed,,,https://mrsc.org/stay-informed/mrsc-insight/february-2024/best-practices-shelters-part-one,,,not_extracted,0,0,,,,,,,,,,,
4d06d2d79c25bc793721,https://designspecific.us.com/how-can-medical-practices-ensure-accessibility-for-patients-with-mobility-issues,2026-10-04T02:38:42.127909+00:00,us.com,False,http_error,0.0,403.0,https://designspecific.us.com/how-can-medical-practices-ensure-accessibility-for-patients-with-mobility-issues,text/html,,not_extracted,0,0,{'Content-Type': 'text/html'},52.0,,,,,,,,,
4d22274831e76539b591,https://facebook.com/lalgbtcenter/posts/a-new-study-found-that-lgbtq-people-experience-housing-insecurity-at-a-higher-ra/10158858422451429,2026-10-04T02:38:42.691186+00:00,facebook.com,False,robots_disallowed,,,https://facebook.com/lalgbtcenter/posts/a-new-study-found-that-lgbtq-people-experience-housing-insecurity-at-a-higher-ra/10158858422451429,,,not_extracted,0,0,,,,,,,,,,,
4df329f74afd9c2744cc,https://sciencedirect.com/science/article/abs/pii/S0272775719302791,2026-10-04T02:38:45.565768+00:00,sciencedirect.com,False,http_error,0.0,403.0,https://www.sciencedirect.com/science/article/abs/pii/S0272775719302791,text/html; charset=UTF-8,,not_extracted,0,0,{'Content-Type': 'text/html; charset=UTF-8'},1207905.0,,,,,,,,,
4e27ce9a64e7b47db5eb,https://ssa.gov/policy/docs/statcomps/di_asr/2020/sect04.html,2026-10-04T02:38:47.612598+00:00,ssa.gov,False,curl_error,60.0,0.0,https://ssa.gov/policy/docs/statcomps/di_asr/2020/sect04.html,,"curl: (60) SSL certificate problem: unable to get local issuer certificate
More details here: https://curl.se/docs/sslcerts.html

curl failed to verify the legitimacy of the server and therefore could not
establish a secure connection to it. To learn more about this situation and
how to fix it, please visit the web page mentioned above.",not_extracted,0,0,,,,,,,,,,,
4e474dcf718835e1c64e,https://consumerfinance.gov/archive/newsroom/consumer-financial-protection-bureau-study-finds-consumers-lower-income-areas-are-more-likely-become-credit-visible-due-negative-records,2026-10-04T02:38:48.156784+00:00,consumerfinance.gov,False,http_error,0.0,403.0,https://www.consumerfinance.gov/archive/newsroom/consumer-financial-protection-bureau-study-finds-consumers-lower-income-areas-are-more-likely-become-credit-visible-due-negative-records,text/html,,not_extracted,0,0,{'Content-Type': 'text/html'},606.0,,,,,,,,,
4f84fb30bf4473321a1a,https://sciencedirect.com/science/article/pii/S1568484926000031,2026-10-04T02:38:51.742505+00:00,sciencedirect.com,False,http_error,0.0,403.0,https://www.sciencedirect.com/science/article/pii/S1568484926000031,text/html; charset=UTF-8,,not_extracted,0,0,{'Content-Type': 'text/html; charset=UTF-8'},1207871.0,,,,,,,,,
5037ac1aa325bdb89647,https://migrationpolicy.org/explainer/immigrants-and-use-public-benefits-united-states,2026-10-04T02:38:55.267275+00:00,migrationpolicy.org,False,http_error,0.0,403.0,https://migrationpolicy.org/explainer/immigrants-and-use-public-benefits-united-states,text/html; charset=UTF-8,,not_extracted,0,0,{'Content-Type': 'text/html; charset=UTF-8'},5876.0,,,,,,,,,
534fb4d9f9b49b9151e3,https://sciencedirect.com/science/article/abs/pii/S0047235225000017,2026-10-04T02:39:14.452656+00:00,sciencedirect.com,False,http_error,0.0,403.0,https://www.sciencedirect.com/science/article/abs/pii/S0047235225000017,text/html; charset=UTF-8,,not_extracted,0,0,{'Content-Type': 'text/html; charset=UTF-8'},1207905.0,,,,,,,,,
53579641740771b039d7,https://stopbullying.gov/bullying/at-risk,2026-10-04T02:39:15.005329+00:00,stopbullying.gov,False,http_error,0.0,403.0,https://www.stopbullying.gov/bullying/at-risk,text/html,,not_extracted,0,0,{'Content-Type': 'text/html'},398.0,,,,,,,,,
53e475eaaccad61edcde,https://tandfonline.com/doi/abs/10.1080/08974454.2018.1544104,2026-10-04T02:39:17.665851+00:00,tandfonline.com,False,http_error,0.0,403.0,https://tandfonline.com/doi/abs/10.1080/08974454.2018.1544104,text/html; charset=UTF-8,,not_extracted,0,0,{'Content-Type': 'text/html; charset=UTF-8'},5780.0,,,,,,,,,
53f543762617e964da96,https://consumerfinance.gov/archive/newsroom/cfpb-provides-guidance-to-help-lenders-avoid-discrimination-against-consumers-receiving-disability-income,2026-10-04T02:39:18.526244+00:00,consumerfinance.gov,False,http_error,0.0,403.0,https://www.consumerfinance.gov/archive/newsroom/cfpb-provides-guidance-to-help-lenders-avoid-discrimination-against-consumers-receiving-disability-income,text/html,,not_extracted,0,0,{'Content-Type': 'text/html'},551.0,,,,,,,,,
548e29b964394debac77,https://digitalgovernmenthub.org/library/using-snap-data-for-medicaid-renewals-can-keep-eligible-beneficiaries-enrolled,2026-10-04T02:39:20.856871+00:00,digitalgovernmenthub.org,False,robots_disallowed,,,https://digitalgovernmenthub.org/library/using-snap-data-for-medicaid-renewals-can-keep-eligible-beneficiaries-enrolled,,,not_extracted,0,0,,,,,,,,,,,
54a5cc7dd59bec95edc5,https://americanprogress.org/article/lack-housing-mental-health-disabilities-exacerbate-one-another,2026-10-04T02:39:20.977919+00:00,americanprogress.org,False,http_error,0.0,403.0,https://www.americanprogress.org/article/lack-housing-mental-health-disabilities-exacerbate-one-another,text/html; charset=UTF-8,,not_extracted,0,0,{'Content-Type': 'text/html; charset=UTF-8'},5881.0,,,,,,,,,
54d1a49b59bd181e5258,https://acus.gov/document/identifying-and-reducing-burdens-public-administrative-processes,2026-10-04T02:39:21.628765+00:00,acus.gov,False,http_error,0.0,403.0,https://acus.gov/document/identifying-and-reducing-burdens-public-administrative-processes,text/html,,not_extracted,0,0,{'Content-Type': 'text/html'},118.0,,,,,,,,,
552101df75a0fb3cc284,https://cbpp.org/research/housing/policymakers-can-solve-homelessness-by-scaling-up-proven-solutions-rental,2026-10-04T02:39:22.530713+00:00,cbpp.org,False,http_error,0.0,403.0,https://cbpp.org/research/housing/policymakers-can-solve-homelessness-by-scaling-up-proven-solutions-rental,text/html; charset=UTF-8,,not_extracted,0,0,{'Content-Type': 'text/html; charset=UTF-8'},6158.0,,,,,,,,,
5555b09c9089128dc60d,https://tandfonline.com/doi/abs/10.1080/16549716.2024.2342634,2026-10-04T02:39:22.851283+00:00,tandfonline.com,False,http_error,0.0,403.0,https://tandfonline.com/doi/abs/10.1080/16549716.2024.2342634,text/html; charset=UTF-8,,not_extracted,0,0,{'Content-Type': 'text/html; charset=UTF-8'},5780.0,,,,,,,,,
55791d2443e36e2372e2,https://tuc.org.uk/research-analysis/reports/bullying-harassment-and-discrimination-disabled-people-workplace,2026-10-04T02:39:23.480967+00:00,tuc.org.uk,False,http_error,0.0,403.0,https://www.tuc.org.uk/research-analysis/reports/bullying-harassment-and-discrimination-disabled-people-workplace,text/html; charset=UTF-8,,not_extracted,0,0,{'Content-Type': 'text/html; charset=UTF-8'},5909.0,,,,,,,,,
55c135db0fe0e3daf2c4,https://academia.edu/138903810/_Bullying_and_Harassment_Prevention_in_the_Lives_of_Latina_and_Latino_Students_,2026-10-04T02:39:27.128701+00:00,academia.edu,False,robots_disallowed,,,https://academia.edu/138903810/_Bullying_and_Harassment_Prevention_in_the_Lives_of_Latina_and_Latino_Students_,,,not_extracted,0,0,,,,,,,,,,,
55cb9e6d13c3506001de,https://scholarship.law.gwu.edu/cgi/viewcontent.cgi?params=%2Fcontext%2Ffaculty_publications%2Farticle%2F2532%2F&path_info=Heteronormativity_in_Employment_Discrimination_Law.pdf,2026-10-04T02:39:27.306164+00:00,gwu.edu,False,http_error,0.0,403.0,https://scholarship.law.gwu.edu/cgi/viewcontent.cgi?params=%2Fcontext%2Ffaculty_publications%2Farticle%2F2532%2F&path_info=Heteronormativity_in_Employment_Discrimination_Law.pdf,text/html; charset=UTF-8,,not_extracted,0,0,{'Content-Type': 'text/html; charset=UTF-8'},6220.0,,,,,,,,,
5694135bfac27c3e11c2,https://americanprogress.org/article/occupational-segregation-in-america,2026-10-04T02:39:30.515374+00:00,americanprogress.org,False,http_error,0.0,403.0,https://www.americanprogress.org/article/occupational-segregation-in-america,text/html; charset=UTF-8,,not_extracted,0,0,{'Content-Type': 'text/html; charset=UTF-8'},5757.0,,,,,,,,,
58509264051bab46810a,https://voxdev.org/topic/firms/expanding-credit-access-women-entrepreneurs,2026-10-04T02:39:36.615742+00:00,voxdev.org,False,http_error,0.0,403.0,https://voxdev.org/topic/firms/expanding-credit-access-women-entrepreneurs,text/html; charset=UTF-8,,not_extracted,0,0,{'Content-Type': 'text/html; charset=UTF-8'},5757.0,,,,,,,,,
5858325da9645a255771,https://finhealthnetwork.org/research/the-financial-health-of-people-with-disabilities,2026-10-04T02:39:37.741888+00:00,finhealthnetwork.org,False,http_error,0.0,403.0,https://finhealthnetwork.org/research/the-financial-health-of-people-with-disabilities,text/html; charset=utf-8,,not_extracted,0,0,{'Content-Type': 'text/html; charset=utf-8'},1635.0,,,,,,,,,
58ece26e7293070e94f7,https://ajpmonline.org/article/S0749-3797(25)00724-X/pdf,2026-10-04T02:39:41.376808+00:00,ajpmonline.org,False,http_error,0.0,403.0,https://ajpmonline.org/article/S0749-3797(25)00724-X/pdf,text/html; charset=UTF-8,,not_extracted,0,0,{'Content-Type': 'text/html; charset=UTF-8'},5725.0,,,,,,,,,
59f00128ab8a8d96d30e,https://journals.sagepub.com/doi/10.1177/1077801215599079,2026-10-04T02:39:44.770151+00:00,sagepub.com,False,http_error,0.0,403.0,https://journals.sagepub.com/doi/10.1177/1077801215599079,text/html; charset=UTF-8,,not_extracted,0,0,{'Content-Type': 'text/html; charset=UTF-8'},5716.0,,,,,,,,,
5a36f74ec1a10f43b982,https://cbpp.org/research/federal-budget/executive-action-watch?item=30447,2026-10-04T02:39:47.516059+00:00,cbpp.org,False,http_error,0.0,403.0,https://cbpp.org/research/federal-budget/executive-action-watch?item=30447,text/html; charset=UTF-8,,not_extracted,0,0,{'Content-Type': 'text/html; charset=UTF-8'},6157.0,,,,,,,,,
5a97ee3ff7e6e6e0e799,https://housingca.org/policy/focus/causes,2026-10-04T02:39:48.725453+00:00,housingca.org,False,http_error,0.0,403.0,https://housingca.org/policy/focus/causes,text/html,,not_extracted,0,0,{'Content-Type': 'text/html'},52.0,,,,,,,,,
5bd114ec901c806e801e,https://leaders-in-law.com/key-factors-in-getting-approved-for-social-security-disability,2026-10-04T02:39:50.838999+00:00,leaders-in-law.com,False,http_error,0.0,403.0,https://leaders-in-law.com/key-factors-in-getting-approved-for-social-security-disability,text/html,,not_extracted,0,0,{'Content-Type': 'text/html'},52.0,,,,,,,,,
5ccc67f8562848534e99,https://cbpp.org/research/poverty-and-inequality/poverty-reduction-programs-help-adults-lacking-college-degrees-the,2026-10-04T02:39:57.274193+00:00,cbpp.org,False,http_error,0.0,403.0,https://cbpp.org/research/poverty-and-inequality/poverty-reduction-programs-help-adults-lacking-college-degrees-the,text/html; charset=UTF-8,,not_extracted,0,0,{'Content-Type': 'text/html; charset=UTF-8'},6158.0,,,,,,,,,
5e0931d26e71c73fcc93,https://commonwealthfund.org/publications/2018/sep/focus-reducing-racial-disparities-health-care-confronting-racism,2026-10-04T02:40:03.391838+00:00,commonwealthfund.org,False,http_error,0.0,403.0,https://commonwealthfund.org/publications/2018/sep/focus-reducing-racial-disparities-health-care-confronting-racism,text/html; charset=UTF-8,,not_extracted,0,0,{'Content-Type': 'text/html; charset=UTF-8'},5946.0,,,,,,,,,
5eadcb73a3686320ef7a,https://commonwealthfund.org/blog/2024/hispaniclatino-adults-lack-adequate-affordable-health-insurance-coverage,2026-10-04T02:40:05.880318+00:00,commonwealthfund.org,False,http_error,0.0,403.0,https://commonwealthfund.org/blog/2024/hispaniclatino-adults-lack-adequate-affordable-health-insurance-coverage,text/html; charset=UTF-8,,not_extracted,0,0,{'Content-Type': 'text/html; charset=UTF-8'},5913.0,,,,,,,,,
5ef71b2f1c1ceabd80fb,https://genderpolicyreport.umn.edu/impacts-of-the-financial-choice-act-on-transgender-people,2026-10-04T02:40:08.940721+00:00,umn.edu,False,http_error,0.0,403.0,https://genderpolicyreport.umn.edu/impacts-of-the-financial-choice-act-on-transgender-people,text/html,,not_extracted,0,0,{'Content-Type': 'text/html'},52.0,,,,,,,,,
5f250bd6cecd12f45831,https://americanprogress.org/article/how-to-address-the-administrative-burdens-of-accessing-the-safety-net,2026-10-04T02:40:10.264941+00:00,americanprogress.org,False,http_error,0.0,403.0,https://www.americanprogress.org/article/how-to-address-the-administrative-burdens-of-accessing-the-safety-net,text/html; charset=UTF-8,,not_extracted,0,0,{'Content-Type': 'text/html; charset=UTF-8'},5902.0,,,,,,,,,
5f3fa12e1232285b75e8,https://cdc.gov/disability-and-health/about/disability-and-health-information-for-healthcare-providers.html,2026-10-04T02:40:10.434286+00:00,cdc.gov,False,http_error,0.0,403.0,https://cdc.gov/disability-and-health/about/disability-and-health-information-for-healthcare-providers.html,text/html,,not_extracted,0,0,{'Content-Type': 'text/html'},492.0,,,,,,,,,
5f6ec06ba38dc9ccf4ed,https://nilc.org/resources/new-law-limits-health-care-food-aid-for-immigrants,2026-10-04T02:40:10.811834+00:00,nilc.org,False,http_error,0.0,403.0,https://nilc.org/resources/new-law-limits-health-care-food-aid-for-immigrants,text/html; charset=UTF-8,,not_extracted,0,0,{'Content-Type': 'text/html; charset=UTF-8'},5770.0,,,,,,,,,
5f724bc07d49df55375b,https://usa.edu/blog/career-advancement,2026-10-04T02:40:11.770057+00:00,usa.edu,False,http_error,0.0,403.0,https://usa.edu/blog/career-advancement,text/html; charset=UTF-8,,not_extracted,0,0,{'Content-Type': 'text/html; charset=UTF-8'},4565.0,,,,,,,,,
619eb5929638344771fd,https://urban.org/urban-wire/three-ways-improving-housing-stability-can-make-long-term-progress-toward-racial-equity,2026-10-04T02:40:19.818291+00:00,urban.org,False,http_error,0.0,403.0,https://www.urban.org/urban-wire/three-ways-improving-housing-stability-can-make-long-term-progress-toward-racial-equity,text/html; charset=UTF-8,,not_extracted,0,0,{'Content-Type': 'text/html; charset=UTF-8'},6017.0,,,,,,,,,
61c0a6ac5798ee53953b,https://news.stanford.edu/stories/2026/06/ai-hiring-tools-racial-bias-research,2026-10-04T02:40:21.109708+00:00,stanford.edu,False,http_error,0.0,403.0,https://news.stanford.edu/stories/2026/06/ai-hiring-tools-racial-bias-research,text/html; charset=UTF-8,,not_extracted,0,0,{'Content-Type': 'text/html; charset=UTF-8'},5777.0,,,,,,,,,
61d2ef42b15db2f7cfa5,https://americanprogress.org/article/systematic-inequality-economic-opportunity,2026-10-04T02:40:21.510958+00:00,americanprogress.org,False,http_error,0.0,403.0,https://www.americanprogress.org/article/systematic-inequality-economic-opportunity,text/html; charset=UTF-8,,not_extracted,0,0,{'Content-Type': 'text/html; charset=UTF-8'},5800.0,,,,,,,,,
626a9e1e982742fb64b4,https://ed.gov/media/document/report-factors-related-college-enrollment-1998-54909.pdf,2026-10-04T02:40:24.607068+00:00,ed.gov,False,http_error,0.0,403.0,https://www.ed.gov/media/document/report-factors-related-college-enrollment-1998-54909.pdf,text/html,,not_extracted,0,0,{'Content-Type': 'text/html'},11677.0,,,,,,,,,
639a602a4ac52159e10b,https://cdc.gov/mmwr/volumes/73/su/su7304a6.htm,2026-10-04T02:40:29.266019+00:00,cdc.gov,False,http_error,0.0,403.0,https://cdc.gov/mmwr/volumes/73/su/su7304a6.htm,text/html,,not_extracted,0,0,{'Content-Type': 'text/html'},408.0,,,,,,,,,
63b4276651a284a5ea30,https://journals.sagepub.com/doi/10.1177/15365042251386835,2026-10-04T02:40:31.620754+00:00,sagepub.com,False,http_error,0.0,403.0,https://journals.sagepub.com/doi/10.1177/15365042251386835,text/html; charset=UTF-8,,not_extracted,0,0,{'Content-Type': 'text/html; charset=UTF-8'},5762.0,,,,,,,,,
642c76c5bcdc2136ae97,https://stopbullying.gov/resources/facts,2026-10-04T02:40:32.478234+00:00,stopbullying.gov,False,http_error,0.0,403.0,https://www.stopbullying.gov/resources/facts,text/html,,not_extracted,0,0,{'Content-Type': 'text/html'},393.0,,,,,,,,,
650d2f0a47e875e45fcd,https://nytimes.com/2021/07/29/business/economy/hiring-racial-discrimination.html,2026-10-04T02:40:35.569539+00:00,nytimes.com,False,http_error,0.0,403.0,https://www.nytimes.com/2021/07/29/business/economy/hiring-racial-discrimination.html,text/html;charset=utf-8,,not_extracted,0,0,{'Content-Type': 'text/html;charset=utf-8'},771.0,,,,,,,,,
6589515a80becf6c5e05,https://cbpp.org/research/food-assistance/streamlining-and-modernizing-wic-enrollment,2026-10-04T02:40:37.131100+00:00,cbpp.org,False,http_error,0.0,403.0,https://cbpp.org/research/food-assistance/streamlining-and-modernizing-wic-enrollment,text/html; charset=UTF-8,,not_extracted,0,0,{'Content-Type': 'text/html; charset=UTF-8'},6158.0,,,,,,,,,
6605b075d11360f433e4,https://tandfonline.com/doi/full/10.1080/08974454.2023.2271464,2026-10-04T02:40:40.453912+00:00,tandfonline.com,False,http_error,0.0,403.0,https://tandfonline.com/doi/full/10.1080/08974454.2023.2271464,text/html; charset=UTF-8,,not_extracted,0,0,{'Content-Type': 'text/html; charset=UTF-8'},5805.0,,,,,,,,,
669391f18662c52dc0ff,https://urban.org/urban-wire/young-adults-credit-trajectories-vary-widely-race-and-ethnicity,2026-10-04T02:40:40.802083+00:00,urban.org,False,http_error,0.0,403.0,https://www.urban.org/urban-wire/young-adults-credit-trajectories-vary-widely-race-and-ethnicity,text/html; charset=UTF-8,,not_extracted,0,0,{'Content-Type': 'text/html; charset=UTF-8'},5924.0,,,,,,,,,
66a64a7ebcadd2568298,https://urban.org/sites/default/files/2023-01/Strategies%20for%20Improving%20Public%20Benefits%20Access%20and%20Retention.pdf,2026-10-04T02:40:42.062004+00:00,urban.org,False,http_error,0.0,403.0,https://www.urban.org/sites/default/files/2023-01/Strategies%20for%20Improving%20Public%20Benefits%20Access%20and%20Retention.pdf,text/html; charset=UTF-8,,not_extracted,0,0,{'Content-Type': 'text/html; charset=UTF-8'},6066.0,,,,,,,,,
66c3ca44c4087d837af2,https://sciencedirect.com/science/article/abs/pii/S0743016725003298,2026-10-04T02:40:44.053168+00:00,sciencedirect.com,False,http_error,0.0,403.0,https://www.sciencedirect.com/science/article/abs/pii/S0743016725003298,text/html; charset=UTF-8,,not_extracted,0,0,{'Content-Type': 'text/html; charset=UTF-8'},1207905.0,,,,,,,,,
67b5248e81474aa78459,https://abc10.com/article/money/nerdwallet/how-latino-credit-unions-clear-banking-barriers/606-3e5fa94f-12aa-4ee5-8395-59a1d175544d,2026-10-04T02:40:46.161242+00:00,abc10.com,False,http_error,0.0,403.0,https://www.abc10.com/article/money/nerdwallet/how-latino-credit-unions-clear-banking-barriers/606-3e5fa94f-12aa-4ee5-8395-59a1d175544d,text/html,,not_extracted,0,0,{'Content-Type': 'text/html'},540.0,,,,,,,,,
6855e06eda74cf03bbd3,https://blucurrent.org/blog/factors-to-consider-before-applying-for-a-loan,2026-10-04T02:40:48.527121+00:00,blucurrent.org,False,curl_error,60.0,0.0,https://blucurrent.org/blog/factors-to-consider-before-applying-for-a-loan,,"curl: (60) SSL certificate problem: unable to get local issuer certificate
More details here: https://curl.se/docs/sslcerts.html

curl failed to verify the legitimacy of the server and therefore could not
establish a secure connection to it. To learn more about this situation and
how to fix it, please visit the web page mentioned above.",not_extracted,0,0,,,,,,,,,,,
688f1532e5b974614683,https://newsnetwork.mayoclinic.org/discussion/health-disparities-in-preventive-screenings-for-african-americans,2026-10-04T02:40:51.977083+00:00,mayoclinic.org,False,http_error,0.0,403.0,https://newsnetwork.mayoclinic.org/discussion/health-disparities-in-preventive-screenings-for-african-americans,text/html,,not_extracted,0,0,{'Content-Type': 'text/html'},488.0,,,,,,,,,
69057c578a82e643e33e,https://mdpi.com/2076-328X/16/4/479,2026-10-04T02:40:58.235558+00:00,mdpi.com,False,http_error,0.0,403.0,https://mdpi.com/2076-328X/16/4/479,text/html,,not_extracted,0,0,{'Content-Type': 'text/html'},392.0,,,,,,,,,
69931e68a0b89a9dbb3b,https://healtheasy.umn.edu/BBB,2026-10-04T02:41:00.095806+00:00,umn.edu,False,http_error,0.0,403.0,https://healtheasy.umn.edu/BBB,text/html; charset=UTF-8,,not_extracted,0,0,{'Content-Type': 'text/html; charset=UTF-8'},5592.0,,,,,,,,,
6abb00083ecdf3ca14c6,https://mdpi.com/2072-6643/15/3/766,2026-10-04T02:41:06.943484+00:00,mdpi.com,False,http_error,0.0,403.0,https://mdpi.com/2072-6643/15/3/766,text/html,,not_extracted,0,0,{'Content-Type': 'text/html'},392.0,,,,,,,,,
6b6f1f00596dcb2f0875,https://urban.org/urban-wire/three-trends-lgbtq-homeownership-gaps-underscore-research-and-policy-needs,2026-10-04T02:41:10.010503+00:00,urban.org,False,http_error,0.0,403.0,https://www.urban.org/urban-wire/three-trends-lgbtq-homeownership-gaps-underscore-research-and-policy-needs,text/html; charset=UTF-8,,not_extracted,0,0,{'Content-Type': 'text/html; charset=UTF-8'},5957.0,,,,,,,,,
6b7bdeace7ff87a1e7b8,https://consumerfinance.gov/consumer-tools/credit-reports-and-scores/credit-discrimination-is-illegal,2026-10-04T02:41:11.363933+00:00,consumerfinance.gov,False,http_error,0.0,403.0,https://www.consumerfinance.gov/consumer-tools/credit-reports-and-scores/credit-discrimination-is-illegal,text/html,,not_extracted,0,0,{'Content-Type': 'text/html'},482.0,,,,,,,,,
6bc54d0b43b2550e1a49,https://scholarworks.seattleu.edu/cgi/viewcontent.cgi?article=1140&context=magis,2026-10-04T02:41:12.860648+00:00,seattleu.edu,False,http_error,0.0,403.0,https://scholarworks.seattleu.edu/cgi/viewcontent.cgi?article=1140&context=magis,text/html; charset=UTF-8,,not_extracted,0,0,{'Content-Type': 'text/html; charset=UTF-8'},5797.0,,,,,,,,,
6ca719c33fb003e6a5e5,https://tandfonline.com/doi/full/10.1080/02673037.2025.2492781,2026-10-04T02:41:17.016261+00:00,tandfonline.com,False,http_error,0.0,403.0,https://tandfonline.com/doi/full/10.1080/02673037.2025.2492781,text/html; charset=UTF-8,,not_extracted,0,0,{'Content-Type': 'text/html; charset=UTF-8'},5805.0,,,,,,,,,
6cbb226c2690ac0effde,https://weforum.org/stories/financial-and-monetary-systems/women-access-financial-services,2026-10-04T02:41:17.408808+00:00,weforum.org,False,http_error,0.0,403.0,https://www.weforum.org:443/stories/financial-and-monetary-systems/women-access-financial-services,text/html,,not_extracted,0,0,{'Content-Type': 'text/html'},469.0,,,,,,,,,
6d0f0df0b034d7e2da6f,https://crimrxiv.com/pub/l7ryrekw/release/1,2026-10-04T02:41:21.382849+00:00,crimrxiv.com,False,http_error,0.0,403.0,https://www.crimrxiv.com/pub/l7ryrekw/release/1,text/html; charset=UTF-8,,not_extracted,0,0,{'Content-Type': 'text/html; charset=UTF-8'},5811.0,,,,,,,,,
6d227b7c7631275ba229,https://davisvanguard.org/2026/08/california-police-perceived-transgender-disparities?__cf_chl_rt_tk=QbMYuGRYnS8ykpMqz3jF6UcZjCDPNEzd_.ZA87rmnkE-1790610712-1.0.1.1-jQhTZ2uFcpxsG9yQ9FrzSnmD7G1m510E3._IBC9EHHM,2026-10-04T02:41:21.424172+00:00,davisvanguard.org,False,http_error,0.0,403.0,https://davisvanguard.org/2026/08/california-police-perceived-transgender-disparities?__cf_chl_rt_tk=QbMYuGRYnS8ykpMqz3jF6UcZjCDPNEzd_.ZA87rmnkE-1790610712-1.0.1.1-jQhTZ2uFcpxsG9yQ9FrzSnmD7G1m510E3._IBC9EHHM,text/html; charset=UTF-8,,not_extracted,0,0,{'Content-Type': 'text/html; charset=UTF-8'},5755.0,,,,,,,,,
6d7fc7bd39c6666c48e5,https://tandfonline.com/doi/full/10.1080/26379112.2024.2357996,2026-10-04T02:41:26.647846+00:00,tandfonline.com,False,http_error,0.0,403.0,https://tandfonline.com/doi/full/10.1080/26379112.2024.2357996,text/html; charset=UTF-8,,not_extracted,0,0,{'Content-Type': 'text/html; charset=UTF-8'},5805.0,,,,,,,,,
6eb13ce75e0ef9c61845,https://ed.gov/laws-and-policy/civil-rights-laws/disability-discrimination/disability-discrimination-key-issues/disability-discrimination-equal-access-opportunities,2026-10-04T02:41:31.256259+00:00,ed.gov,False,http_error,0.0,403.0,https://www.ed.gov/laws-and-policy/civil-rights-laws/disability-discrimination/disability-discrimination-key-issues/disability-discrimination-equal-access-opportunities,text/html,,not_extracted,0,0,{'Content-Type': 'text/html'},11852.0,,,,,,,,,
6f8afea238fc3e87f518,https://comcastnewsmakers.com/Videos/2023/11/30/Disability-Rights-and-the-Criminal-Justice-System,2026-10-04T02:41:34.452100+00:00,comcastnewsmakers.com,False,http_error,0.0,403.0,https://comcastnewsmakers.com/Videos/2023/11/30/Disability-Rights-and-the-Criminal-Justice-System,text/html,,not_extracted,0,0,{'Content-Type': 'text/html'},986.0,,,,,,,,,
700b83abcede3d0dbea8,https://bipartisanpolicy.org/report/understanding-and-addressing-racial-and-ethnic-disparities-in-housing,2026-10-04T02:41:38.004250+00:00,bipartisanpolicy.org,False,http_error,0.0,403.0,https://bipartisanpolicy.org/report/understanding-and-addressing-racial-and-ethnic-disparities-in-housing,text/html; charset=UTF-8,,not_extracted,0,0,{'Content-Type': 'text/html; charset=UTF-8'},5873.0,,,,,,,,,
707cd43c5a7a67a00714,https://onlinelibrary.wiley.com/doi/10.1111/1744-7941.12377,2026-10-04T02:41:38.807738+00:00,wiley.com,False,http_error,0.0,403.0,https://onlinelibrary.wiley.com/doi/10.1111/1744-7941.12377,text/html; charset=UTF-8,,not_extracted,0,0,{'Content-Type': 'text/html; charset=UTF-8'},5780.0,,,,,,,,,
715251ecd028f2662dae,https://disabilityevidence.org/questions-evidence/how-do-we-overcome-barriers-accessing-higher-education-people-disabilities,2026-10-04T02:41:44.256552+00:00,disabilityevidence.org,False,http_error,0.0,403.0,https://www.disabilityevidence.org/questions-evidence/how-do-we-overcome-barriers-accessing-higher-education-people-disabilities,text/html,,not_extracted,0,0,{'Content-Type': 'text/html'},919.0,,,,,,,,,
7163115964ac99af7373,https://rand.org/pubs/articles/2022/the-impact-of-racism-on-patient-safety.html,2026-10-04T02:41:44.435427+00:00,rand.org,False,http_error,0.0,403.0,https://www.rand.org:443/pubs/articles/2022/the-impact-of-racism-on-patient-safety.html,text/html,,not_extracted,0,0,{'Content-Type': 'text/html'},919.0,,,,,,,,,
730d92f0d0b1aff41db8,https://ussc.gov/research/research-reports/2023-demographic-differences-federal-sentencing,2026-10-04T02:41:58.048612+00:00,ussc.gov,False,curl_error,6.0,0.0,https://ussc.gov/research/research-reports/2023-demographic-differences-federal-sentencing,,"curl: (28) Resolving timed out after 8000 milliseconds
curl: (6) Could not resolve host: ussc.gov",not_extracted,0,0,,,,,,,,,,,
74014d98c8648ea4bb26,https://merlininvestor.com/2024/03/20/unveiling-the-factors-driving-the-gender-gap-in-financial-inclusion,2026-10-04T02:42:00.090346+00:00,merlininvestor.com,False,http_error,0.0,403.0,https://merlininvestor.com/2024/03/20/unveiling-the-factors-driving-the-gender-gap-in-financial-inclusion,text/html,,not_extracted,0,0,{'Content-Type': 'text/html'},52.0,,,,,,,,,
7583c97e26041fb937bc,https://tandfonline.com/doi/abs/10.1080/00918369.2021.1921508,2026-10-04T02:42:02.166934+00:00,tandfonline.com,False,http_error,0.0,403.0,https://tandfonline.com/doi/abs/10.1080/00918369.2021.1921508,text/html; charset=UTF-8,,not_extracted,0,0,{'Content-Type': 'text/html; charset=UTF-8'},5780.0,,,,,,,,,
75e307ba197c819f5c43,https://openurl.ebsco.com/EPDB%3Agcd%3A9%3A31152617/detailv2?crl=f&id=ebsco%3Agcd%3A185099786&jrnl=00945145&link_origin=www.google.com&sid=ebsco%3Aplink%3Acrawler-gcd,2026-10-04T02:42:03.732559+00:00,ebsco.com,False,robots_disallowed,,,https://openurl.ebsco.com/EPDB%3Agcd%3A9%3A31152617/detailv2?crl=f&id=ebsco%3Agcd%3A185099786&jrnl=00945145&link_origin=www.google.com&sid=ebsco%3Aplink%3Acrawler-gcd,,,not_extracted,0,0,,,,,,,,,,,
76a6212482e1e9e96dbd,https://urban.org/urban-wire/five-reasons-mass-incarceration-queer-issue,2026-10-04T02:42:07.315262+00:00,urban.org,False,http_error,0.0,403.0,https://www.urban.org/urban-wire/five-reasons-mass-incarceration-queer-issue,text/html; charset=UTF-8,,not_extracted,0,0,{'Content-Type': 'text/html; charset=UTF-8'},5821.0,,,,,,,,,
77104fe421bc68a94cc4,https://ppic.org/publication/racial-disparities-in-law-enforcement-stops,2026-10-04T02:42:09.997206+00:00,ppic.org,False,http_error,0.0,403.0,https://ppic.org/publication/racial-disparities-in-law-enforcement-stops,text/html; charset=UTF-8,,not_extracted,0,0,{'Content-Type': 'text/html; charset=UTF-8'},5755.0,,,,,,,,,
77f600d5708d2cd1006b,https://sciencedirect.com/science/article/pii/S0167268125000873,2026-10-04T02:42:10.940271+00:00,sciencedirect.com,False,http_error,0.0,403.0,https://www.sciencedirect.com/science/article/pii/S0167268125000873,text/html; charset=UTF-8,,not_extracted,0,0,{'Content-Type': 'text/html; charset=UTF-8'},1207871.0,,,,,,,,,
7818703d419dc17e343b,https://uhc.com/understanding-health-insurance/understanding-health-insurance-costs/types-of-health-insurance-costs/how-insurance-premiums-work,2026-10-04T02:42:12.154583+00:00,uhc.com,False,http_error,0.0,403.0,https://www.uhc.com/understanding-health-insurance/understanding-health-insurance-costs/types-of-health-insurance-costs/how-insurance-premiums-work,text/html,,not_extracted,0,0,{'Content-Type': 'text/html'},919.0,,,,,,,,,
78565ed65f3d04ed104f,https://journals.sagepub.com/doi/10.1177/14705958231180044,2026-10-04T02:42:13.422044+00:00,sagepub.com,False,http_error,0.0,403.0,https://journals.sagepub.com/doi/10.1177/14705958231180044,text/html; charset=UTF-8,,not_extracted,0,0,{'Content-Type': 'text/html; charset=UTF-8'},5762.0,,,,,,,,,
78eb386810fd108281a7,https://americanprogress.org/article/the-medicaid-program-and-lgbt-communities-overview-and-policy-recommendations,2026-10-04T02:42:17.137537+00:00,americanprogress.org,False,http_error,0.0,403.0,https://www.americanprogress.org/article/the-medicaid-program-and-lgbt-communities-overview-and-policy-recommendations,text/html; charset=UTF-8,,not_extracted,0,0,{'Content-Type': 'text/html; charset=UTF-8'},5947.0,,,,,,,,,
790de1d59c2ba19e552a,https://beckerspayer.com/payer/how-to-close-the-gap-why-members-avoid-preventive-care,2026-10-04T02:42:18.116156+00:00,beckerspayer.com,False,http_error,0.0,403.0,https://www.beckerspayer.com/payer/how-to-close-the-gap-why-members-avoid-preventive-care,text/html;charset=utf-8,,not_extracted,0,0,{'Content-Type': 'text/html;charset=utf-8'},776.0,,,,,,,,,
7a4dd3a46a4ac0628a1f,https://journals.sagepub.com/doi/10.1177/27526461221092429,2026-10-04T02:42:20.731069+00:00,sagepub.com,False,http_error,0.0,403.0,https://journals.sagepub.com/doi/10.1177/27526461221092429,text/html; charset=UTF-8,,not_extracted,0,0,{'Content-Type': 'text/html; charset=UTF-8'},5762.0,,,,,,,,,
7a800d272f1d22c267ef,https://nationalmortgageprofessional.com/news/racial-gaps-mortgage-denials-persist-despite-industry-progress,2026-10-04T02:42:22.635749+00:00,nationalmortgageprofessional.com,False,http_error,0.0,403.0,https://nationalmortgageprofessional.com/news/racial-gaps-mortgage-denials-persist-despite-industry-progress,text/html; charset=UTF-8,,not_extracted,0,0,{'Content-Type': 'text/html; charset=UTF-8'},5867.0,,,,,,,,,
7a8bd4474918da996d77,https://tandfonline.com/doi/full/10.1080/13803611.2016.1256222,2026-10-04T02:42:23.330811+00:00,tandfonline.com,False,http_error,0.0,403.0,https://tandfonline.com/doi/full/10.1080/13803611.2016.1256222,text/html; charset=UTF-8,,not_extracted,0,0,{'Content-Type': 'text/html; charset=UTF-8'},5805.0,,,,,,,,,
7acb0dc72ed57b557ac3,https://link.springer.com/article/10.1007/s10612-025-09828-1,2026-10-04T02:42:24.367912+00:00,springer.com,False,robots_disallowed,,,https://link.springer.com/article/10.1007/s10612-025-09828-1,,,not_extracted,0,0,,,,,,,,,,,
7c422a7456f54535b16b,https://tandfonline.com/doi/full/10.1080/26895269.2026.2656940,2026-10-04T02:42:29.235313+00:00,tandfonline.com,False,http_error,0.0,403.0,https://tandfonline.com/doi/full/10.1080/26895269.2026.2656940,text/html; charset=UTF-8,,not_extracted,0,0,{'Content-Type': 'text/html; charset=UTF-8'},5805.0,,,,,,,,,
7c454196835a01621ed2,https://hhs.gov/black-history-month/reading-list/index.html,2026-10-04T02:42:30.003889+00:00,hhs.gov,False,http_error,0.0,403.0,https://www.hhs.gov/black-history-month/reading-list/index.html,text/html,,not_extracted,0,0,{'Content-Type': 'text/html'},432.0,,,,,,,,,
7c6121a09f4512295bbe,https://linkedin.com/top-content/education/education-and-child-development/how-socioeconomic-factors-affect-education,2026-10-04T02:42:30.733328+00:00,linkedin.com,False,robots_disallowed,,,https://linkedin.com/top-content/education/education-and-child-development/how-socioeconomic-factors-affect-education,,,not_extracted,0,0,,,,,,,,,,,
7c89c2adfae318c12ee9,https://forbes.com/sites/michaeltnietzel/2026/02/04/five-things-the-new-data-about-race-conscious-college-admissions-tell-us,2026-10-04T02:42:31.351512+00:00,forbes.com,False,http_error,0.0,403.0,https://forbes.com/sites/michaeltnietzel/2026/02/04/five-things-the-new-data-about-race-conscious-college-admissions-tell-us,text/html;charset=utf-8,,not_extracted,0,0,{'Content-Type': 'text/html;charset=utf-8'},773.0,,,,,,,,,
7dadd6508fd6537c5b31,https://sciencedirect.com/science/article/abs/pii/S0190740924002147,2026-10-04T02:42:34.834579+00:00,sciencedirect.com,False,http_error,0.0,403.0,https://www.sciencedirect.com/science/article/abs/pii/S0190740924002147,text/html; charset=UTF-8,,not_extracted,0,0,{'Content-Type': 'text/html; charset=UTF-8'},1207905.0,,,,,,,,,
7ebddbb6775ff7d42a81,https://journalofethics.ama-assn.org/article/clinicians-racial-biases-pathways-iatrogenic-harms-black-people/2022-08,2026-10-04T02:42:37.425079+00:00,ama-assn.org,False,http_error,0.0,403.0,https://journalofethics.ama-assn.org/article/clinicians-racial-biases-pathways-iatrogenic-harms-black-people/2022-08,text/html; charset=UTF-8,,not_extracted,0,0,{'Content-Type': 'text/html; charset=UTF-8'},5493.0,,,,,,,,,
7f1f54904d34251b89de,https://everycrsreport.com/reports/R45979.html,2026-10-04T02:42:39.978780+00:00,everycrsreport.com,False,hard_timeout,28.0,0.0,https://everycrsreport.com/reports/R45979.html,,"curl: (28) Failed to connect to everycrsreport.com port 443 after 8002 ms: Timeout was reached
curl: (28) Failed to connect to everycrsreport.com port 443 after 8003 ms: Timeout was reached",not_extracted,0,0,,,,,,,,,,,
7fe698313a06f31bc42f,https://linkedin.com/blog/member/career/dismantling-barriers-to-career-advancement-for-latinos,2026-10-04T02:42:45.072354+00:00,linkedin.com,False,robots_disallowed,,,https://linkedin.com/blog/member/career/dismantling-barriers-to-career-advancement-for-latinos,,,not_extracted,0,0,,,,,,,,,,,
801a28453709aa103c6f,https://emerald.com/ijm/article/39/4/581/148816/What-drives-hiring-discrimination-against,2026-10-04T02:42:45.072637+00:00,emerald.com,False,http_error,0.0,403.0,https://www.emerald.com/ijm/article/39/4/581/148816/What-drives-hiring-discrimination-against,text/html; charset=UTF-8,,not_extracted,0,0,{'Content-Type': 'text/html; charset=UTF-8'},5847.0,,,,,,,,,
8039ac50558d8e9d67c4,https://urban.org/sites/default/files/2025-08/Landscape_Analysis_of_Public_Benefit_Enrollment_Approaches_in_the_US.pdf,2026-10-04T02:42:45.369720+00:00,urban.org,False,http_error,0.0,403.0,https://www.urban.org/sites/default/files/2025-08/Landscape_Analysis_of_Public_Benefit_Enrollment_Approaches_in_the_US.pdf,text/html; charset=UTF-8,,not_extracted,0,0,{'Content-Type': 'text/html; charset=UTF-8'},6023.0,,,,,,,,,
80fd3130802ea248e5d6,https://ssa.gov/policy/docs/ssb/v85n3/v85n3p1.html,2026-10-04T02:42:51.729182+00:00,ssa.gov,False,curl_error,60.0,0.0,https://ssa.gov/policy/docs/ssb/v85n3/v85n3p1.html,,"curl: (60) SSL certificate problem: unable to get local issuer certificate
More details here: https://curl.se/docs/sslcerts.html

curl failed to verify the legitimacy of the server and therefore could not
establish a secure connection to it. To learn more about this situation and
how to fix it, please visit the web page mentioned above.",not_extracted,0,0,,,,,,,,,,,
814b499c56030da76e5b,https://digitalgovernmenthub.org/library/strategies-for-improving-public-benefits-access-and-retention,2026-10-04T02:42:53.260532+00:00,digitalgovernmenthub.org,False,robots_disallowed,,,https://digitalgovernmenthub.org/library/strategies-for-improving-public-benefits-access-and-retention,,,not_extracted,0,0,,,,,,,,,,,
817957efcb5351dea826,https://bipartisanpolicy.org/report/housing-supply-and-homelessness,2026-10-04T02:42:53.260794+00:00,bipartisanpolicy.org,False,http_error,0.0,403.0,https://bipartisanpolicy.org/report/housing-supply-and-homelessness,text/html; charset=UTF-8,,not_extracted,0,0,{'Content-Type': 'text/html; charset=UTF-8'},5716.0,,,,,,,,,
818a3e772d18cde98eee,https://chrt.org/publication/housing-crisis-magnified,2026-10-04T02:42:53.656250+00:00,chrt.org,False,http_error,0.0,403.0,https://chrt.org/publication/housing-crisis-magnified,text/html; charset=UTF-8,,not_extracted,0,0,{'Content-Type': 'text/html; charset=UTF-8'},5698.0,,,,,,,,,
82614369e1ad8f8d31ca,https://researchgate.net/publication/360692134_The_effect_of_administrative_burden_on_state_safety-net_participation_Evidence_from_food_assistance_cash_assistance_and_Medicaid,2026-10-04T02:42:56.727754+00:00,researchgate.net,False,http_error,0.0,403.0,https://www.researchgate.net/publication/360692134_The_effect_of_administrative_burden_on_state_safety-net_participation_Evidence_from_food_assistance_cash_assistance_and_Medicaid,text/html; charset=UTF-8,,not_extracted,0,0,{'Content-Type': 'text/html; charset=UTF-8'},21138.0,,,,,,,,,
82baf099d99ab62f07f8,https://sciencedirect.com/science/article/am/pii/S0160252720300285,2026-10-04T02:42:57.561577+00:00,sciencedirect.com,False,http_error,0.0,403.0,https://www.sciencedirect.com/science/article/am/pii/S0160252720300285,text/html; charset=UTF-8,,not_extracted,0,0,{'Content-Type': 'text/html; charset=UTF-8'},1207902.0,,,,,,,,,
82ed2c3257a4974f88ec,https://latinopolicyforum.org/housing,2026-10-04T02:43:01.695816+00:00,latinopolicyforum.org,False,http_error,0.0,403.0,https://latinopolicyforum.org/housing,text/html; charset=UTF-8,,not_extracted,0,0,{'Content-Type': 'text/html; charset=UTF-8'},5582.0,,,,,,,,,
833d8196d72d4faa41e5,https://hispanicpro.com/profiles/blogs/latinos-on-the-rise-career-power-moves-in-2025,2026-10-04T02:43:03.325440+00:00,hispanicpro.com,False,hard_timeout,28.0,0.0,https://hispanicpro.com/profiles/blogs/latinos-on-the-rise-career-power-moves-in-2025,,"curl: (28) Resolving timed out after 8000 milliseconds
curl: (28) Resolving timed out after 8000 milliseconds",not_extracted,0,0,,,,,,,,,,,
83411753bc19d954c68f,https://americanprogress.org/article/systematic-inequality,2026-10-04T02:43:04.424610+00:00,americanprogress.org,False,http_error,0.0,403.0,https://www.americanprogress.org/article/systematic-inequality,text/html; charset=UTF-8,,not_extracted,0,0,{'Content-Type': 'text/html; charset=UTF-8'},5694.0,,,,,,,,,
83eb4980a1e130d9237c,https://cbpp.org/research/food-assistance/improving-snap-and-medicaid-access-snap-renewals,2026-10-04T02:43:09.800123+00:00,cbpp.org,False,http_error,0.0,403.0,https://cbpp.org/research/food-assistance/improving-snap-and-medicaid-access-snap-renewals,text/html; charset=UTF-8,,not_extracted,0,0,{'Content-Type': 'text/html; charset=UTF-8'},6158.0,,,,,,,,,
8528f7fc73279817293b,https://cbpp.org/research/housing/addressing-the-housing-affordability-crisis-requires-increasing-housing-supply-and,2026-10-04T02:43:16.911064+00:00,cbpp.org,False,http_error,0.0,403.0,https://cbpp.org/research/housing/addressing-the-housing-affordability-crisis-requires-increasing-housing-supply-and,text/html; charset=UTF-8,,not_extracted,0,0,{'Content-Type': 'text/html; charset=UTF-8'},6158.0,,,,,,,,,
85a05533b7951f3fcf96,https://tcf.org/content/report/racism-inequality-health-care-african-americans,2026-10-04T02:43:20.688026+00:00,tcf.org,False,http_error,0.0,403.0,https://tcf.org/content/report/racism-inequality-health-care-african-americans,text/html; charset=UTF-8,,not_extracted,0,0,{'Content-Type': 'text/html; charset=UTF-8'},4857.0,,,,,,,,,
866082191518cc0423d8,https://journals.sagepub.com/doi/10.1177/0731948717690115?int.sj-abstract.similar-articles.8=,2026-10-04T02:43:22.514015+00:00,sagepub.com,False,http_error,0.0,403.0,https://journals.sagepub.com/doi/10.1177/0731948717690115?int.sj-abstract.similar-articles.8=,text/html; charset=UTF-8,,not_extracted,0,0,{'Content-Type': 'text/html; charset=UTF-8'},5903.0,,,,,,,,,
87cb728b8e03bc5e7c78,https://canada.ca/en/women-gender-equality/gender-equality/facts-stats-impact.html,2026-10-04T02:43:26.968459+00:00,canada.ca,False,curl_error,92.0,302.0,https://www.canada.ca/en/women-gender-equality/gender-equality/facts-stats-impact.html,,curl: (92) HTTP/2 stream 1 was not closed cleanly: INTERNAL_ERROR (err 2),not_extracted,0,0,,,,,,,,,,,
88d111577fbc186be2a5,https://cbpp.org/blog/eliminating-structural-barriers-can-improve-latino-peoples-access-to-health-coverage,2026-10-04T02:43:33.381178+00:00,cbpp.org,False,http_error,0.0,403.0,https://cbpp.org/blog/eliminating-structural-barriers-can-improve-latino-peoples-access-to-health-coverage,text/html; charset=UTF-8,,not_extracted,0,0,{'Content-Type': 'text/html; charset=UTF-8'},6158.0,,,,,,,,,
897258a90e31a5f433b0,https://usnews.com/education/best-colleges/articles/2018-11-02/how-gender-influences-college-admissions,2026-10-04T02:43:36.345625+00:00,usnews.com,False,hard_timeout,28.0,0.0,https://usnews.com/education/best-colleges/articles/2018-11-02/how-gender-influences-college-admissions,,curl: (28) Operation timed out after 45002 milliseconds with 0 bytes received,not_extracted,0,0,,,,,,,,,,,
8a096aee0a6e9c899ee1,https://crimrxiv.com/pub/spfg4hk6,2026-10-04T02:43:41.423677+00:00,crimrxiv.com,False,http_error,0.0,403.0,https://www.crimrxiv.com/pub/spfg4hk6,text/html; charset=UTF-8,,not_extracted,0,0,{'Content-Type': 'text/html; charset=UTF-8'},5811.0,,,,,,,,,
8a1d357c50e1c67ba9dc,https://academic.oup.com/gerontologist/article/65/9/gnaf158/8165435,2026-10-04T02:43:42.342103+00:00,oup.com,False,http_error,0.0,403.0,https://academic.oup.com/gerontologist/article/65/9/gnaf158/8165435,text/html; charset=UTF-8,,not_extracted,0,0,{'Content-Type': 'text/html; charset=UTF-8'},5682.0,,,,,,,,,
8c14e8282edc19771c78,https://spero.academy/news/01gg8h7ys8dqvya21rbs5gxkrk/bullying-in-special-education-what-it-is-and-how-to-help,2026-10-04T02:43:44.814046+00:00,spero.academy,False,curl_error,60.0,0.0,https://spero.academy/news/01gg8h7ys8dqvya21rbs5gxkrk/bullying-in-special-education-what-it-is-and-how-to-help,,"curl: (60) SSL: no alternative certificate subject name matches target host name 'spero.academy'
More details here: https://curl.se/docs/sslcerts.html

curl failed to verify the legitimacy of the server and therefore could not
establish a secure connection to it. To learn more about this situation and
how to fix it, please visit the web page mentioned above.",not_extracted,0,0,,,,,,,,,,,
8c700dbdd65b91a02243,https://linkedin.com/top-content/career/career-advancement-tips/factors-influencing-career-advancement-opportunities,2026-10-04T02:43:47.277027+00:00,linkedin.com,False,robots_disallowed,,,https://linkedin.com/top-content/career/career-advancement-tips/factors-influencing-career-advancement-opportunities,,,not_extracted,0,0,,,,,,,,,,,
8c85fca2e5d2bf577e9d,https://tcf.org/content/commentary/equitable-insurance-coverage-and-access-can-advance-lgbt-health,2026-10-04T02:43:47.277277+00:00,tcf.org,False,http_error,0.0,403.0,https://tcf.org/content/commentary/equitable-insurance-coverage-and-access-can-advance-lgbt-health,text/html; charset=UTF-8,,not_extracted,0,0,{'Content-Type': 'text/html; charset=UTF-8'},4857.0,,,,,,,,,
8c8c92f29590dee34454,https://academic.oup.com/policing/article/doi/10.1093/police/paag042/8758841?rss=1,2026-10-04T02:43:48.555833+00:00,oup.com,False,http_error,0.0,403.0,https://academic.oup.com/policing/article/doi/10.1093/police/paag042/8758841?rss=1,text/html; charset=UTF-8,,not_extracted,0,0,{'Content-Type': 'text/html; charset=UTF-8'},5763.0,,,,,,,,,
8cf3998227ccd6fc035f,https://sciencedirect.com/science/article/pii/S0047235221000490,2026-10-04T02:43:50.337254+00:00,sciencedirect.com,False,http_error,0.0,403.0,https://www.sciencedirect.com/science/article/pii/S0047235221000490,text/html; charset=UTF-8,,not_extracted,0,0,{'Content-Type': 'text/html; charset=UTF-8'},1207849.0,,,,,,,,,
8fc8459f46000eeae2d8,https://urban.org/urban-wire/three-obstacles-federally-assisted-housing-programs-need-overcome-better-serve-residents-disabilities,2026-10-04T02:44:03.386457+00:00,urban.org,False,http_error,0.0,403.0,https://www.urban.org/urban-wire/three-obstacles-federally-assisted-housing-programs-need-overcome-better-serve-residents-disabilities,text/html; charset=UTF-8,,not_extracted,0,0,{'Content-Type': 'text/html; charset=UTF-8'},6081.0,,,,,,,,,
8fe463b2c38f0da93cdb,https://qz.com/1074565/why-employers-favor-men,2026-10-04T02:44:05.034610+00:00,qz.com,False,http_error,0.0,403.0,https://qz.com/1074565/why-employers-favor-men,text/html; charset=UTF-8,,not_extracted,0,0,{'Content-Type': 'text/html; charset=UTF-8'},5639.0,,,,,,,,,
902200e0130085037aa3,https://direct.mit.edu/euso/article/27/1/144/125848/Escape-from-home-The-moderating-role-of-sexual,2026-10-04T02:44:05.425616+00:00,mit.edu,False,http_error,0.0,403.0,https://direct.mit.edu/euso/article/27/1/144/125848/Escape-from-home-The-moderating-role-of-sexual,text/html; charset=UTF-8,,not_extracted,0,0,{'Content-Type': 'text/html; charset=UTF-8'},5864.0,,,,,,,,,
9065dc668396db3d6456,https://urban.org/sites/default/files/2024-04/How_Do_Financial_Attitudes_and_Preferences_Vary_among_Latine_Consumers.pdf,2026-10-04T02:44:07.011802+00:00,urban.org,False,http_error,0.0,403.0,https://www.urban.org/sites/default/files/2024-04/How_Do_Financial_Attitudes_and_Preferences_Vary_among_Latine_Consumers.pdf,text/html; charset=UTF-8,,not_extracted,0,0,{'Content-Type': 'text/html; charset=UTF-8'},6029.0,,,,,,,,,
9168e3a7f0519de2c77c,https://jamanetwork.com/journals/jamainternalmedicine/fullarticle/2825357,2026-10-04T02:44:10.377199+00:00,jamanetwork.com,False,http_error,0.0,403.0,https://jamanetwork.com/journals/jamainternalmedicine/fullarticle/2825357,text/html; charset=UTF-8,,not_extracted,0,0,{'Content-Type': 'text/html; charset=UTF-8'},5766.0,,,,,,,,,
91bab48e336f57d3d6d1,https://fryer.scholars.harvard.edu/publications/empirical-analysis-racial-differences-police-use-force,2026-10-04T02:44:12.341254+00:00,harvard.edu,False,http_error,0.0,403.0,https://fryer.scholars.harvard.edu/publications/empirical-analysis-racial-differences-police-use-force,text/html,,not_extracted,0,0,{'Content-Type': 'text/html'},477.0,,,,,,,,,
92868aa8acb452aa530d,https://scholarworks.merrimack.edu/cgi/viewcontent.cgi?article=1138&context=soe_student_ce,2026-10-04T02:44:15.807225+00:00,merrimack.edu,False,http_error,0.0,403.0,https://scholarworks.merrimack.edu/cgi/viewcontent.cgi?article=1138&context=soe_student_ce,text/html; charset=UTF-8,,not_extracted,0,0,{'Content-Type': 'text/html; charset=UTF-8'},5847.0,,,,,,,,,
945b71b0515865939cca,https://urban.org/urban-wire/these-five-facts-reveal-current-crisis-black-homeownership,2026-10-04T02:44:20.906474+00:00,urban.org,False,http_error,0.0,403.0,https://www.urban.org/urban-wire/these-five-facts-reveal-current-crisis-black-homeownership,text/html; charset=UTF-8,,not_extracted,0,0,{'Content-Type': 'text/html; charset=UTF-8'},5888.0,,,,,,,,,
9460109b178358db6e38,https://rrapp.spia.princeton.edu/how-credit-scoring-reproduces-racial-inequality,2026-10-04T02:44:21.017536+00:00,princeton.edu,False,hard_timeout,28.0,0.0,https://rrapp.spia.princeton.edu/how-credit-scoring-reproduces-racial-inequality,,"curl: (28) Failed to connect to rrapp.spia.princeton.edu port 443 after 8001 ms: Timeout was reached
curl: (28) Failed to connect to rrapp.spia.princeton.edu port 443 after 8002 ms: Timeout was reached",not_extracted,0,0,,,,,,,,,,,
94df1d3401f7a478c0b1,https://digitalcommons.calpoly.edu/cgi/viewcontent.cgi?article=1008&context=coe_dean,2026-10-04T02:44:25.606083+00:00,calpoly.edu,False,http_error,0.0,403.0,https://digitalcommons.calpoly.edu/cgi/viewcontent.cgi?article=1008&context=coe_dean,text/html; charset=UTF-8,,not_extracted,0,0,{'Content-Type': 'text/html; charset=UTF-8'},5807.0,,,,,,,,,
94f6b3560e1e96e0124e,https://dol.gov/agencies/ebsa/about-ebsa/our-activities/resource-center/publications/women-and-retirement-savings,2026-10-04T02:44:26.625836+00:00,dol.gov,False,http_error,0.0,403.0,https://dol.gov/agencies/ebsa/about-ebsa/our-activities/resource-center/publications/women-and-retirement-savings,text/html,,not_extracted,0,0,{'Content-Type': 'text/html'},502.0,,,,,,,,,
9535022a5ffb99a005e5,https://cbpp.org/research/food-assistance/wics-critical-benefits-reach-only-half-of-those-eligible-0,2026-10-04T02:44:29.165076+00:00,cbpp.org,False,http_error,0.0,403.0,https://cbpp.org/research/food-assistance/wics-critical-benefits-reach-only-half-of-those-eligible-0,text/html; charset=UTF-8,,not_extracted,0,0,{'Content-Type': 'text/html; charset=UTF-8'},6157.0,,,,,,,,,
954e907399c977ef416a,https://iaap-journals.onlinelibrary.wiley.com/doi/10.1111/apps.70103?af=R,2026-10-04T02:44:30.536331+00:00,wiley.com,False,http_error,0.0,403.0,https://iaap-journals.onlinelibrary.wiley.com/doi/10.1111/apps.70103?af=R,text/html; charset=UTF-8,,not_extracted,0,0,{'Content-Type': 'text/html; charset=UTF-8'},5852.0,,,,,,,,,
95e23011c3ababc6a7c9,https://urban.org/urban-wire/disability-justice-isnt-possible-without-housing-justice,2026-10-04T02:44:34.617257+00:00,urban.org,False,http_error,0.0,403.0,https://www.urban.org/urban-wire/disability-justice-isnt-possible-without-housing-justice,text/html; charset=UTF-8,,not_extracted,0,0,{'Content-Type': 'text/html; charset=UTF-8'},5882.0,,,,,,,,,
95e8aca593ad0b1471a0,https://bankrate.com/credit-cards/news/credit-cards-and-race-statistics,2026-10-04T02:44:35.558455+00:00,bankrate.com,False,http_error,0.0,405.0,https://www.bankrate.com/credit-cards/news/credit-cards-and-race-statistics,text/html; charset=UTF-8,,not_extracted,0,0,{'Content-Type': 'text/html; charset=UTF-8'},2111.0,,,,,,,,,
963e81564704833497bb,https://fletc.gov/use-force-part-ii,2026-10-04T02:44:37.686256+00:00,fletc.gov,False,http_error,0.0,403.0,https://fletc.gov/use-force-part-ii,text/html,,not_extracted,0,0,{'Content-Type': 'text/html'},386.0,,,,,,,,,
963fb0ec7b67b3c6c915,https://researchgate.net/publication/377592331_Fewer_Burdens_but_Greater_Inequality_Reevaluating_the_Safety_Net_through_the_Lens_of_Administrative_Burden,2026-10-04T02:44:40.421329+00:00,researchgate.net,False,http_error,0.0,403.0,https://www.researchgate.net/publication/377592331_Fewer_Burdens_but_Greater_Inequality_Reevaluating_the_Safety_Net_through_the_Lens_of_Administrative_Burden,text/html; charset=UTF-8,,not_extracted,0,0,{'Content-Type': 'text/html; charset=UTF-8'},21138.0,,,,,,,,,
96437a65a313b21480cf,https://investopedia.com/average-credit-scores-by-race-5214521,2026-10-04T02:44:40.957987+00:00,investopedia.com,False,http_error,0.0,402.0,https://www.investopedia.com/average-credit-scores-by-race-5214521,text/html,,not_extracted,0,0,{'Content-Type': 'text/html'},612.0,,,,,,,,,
96e5f5dd953927f14fae,https://digitalcommons.unomaha.edu/cgi/viewcontent.cgi?article=1132&context=criminaljusticefacpub,2026-10-04T02:44:45.271756+00:00,unomaha.edu,False,http_error,0.0,403.0,https://digitalcommons.unomaha.edu/cgi/viewcontent.cgi?article=1132&context=criminaljusticefacpub,text/html; charset=UTF-8,,not_extracted,0,0,{'Content-Type': 'text/html; charset=UTF-8'},5868.0,,,,,,,,,
96ea6f0edd68714182b8,https://law.virginia.edu/news/201705/why-arrest,2026-10-04T02:44:45.666832+00:00,virginia.edu,False,http_error,0.0,403.0,https://law.virginia.edu/news/201705/why-arrest,text/html; charset=UTF-8,,not_extracted,0,0,{'Content-Type': 'text/html; charset=UTF-8'},5630.0,,,,,,,,,
97aea39789c23a617380,https://healthaffairs.org/doi/10.1377/hlthaff.2025.00375,2026-10-04T02:44:48.371300+00:00,healthaffairs.org,False,http_error,0.0,403.0,https://healthaffairs.org/doi/10.1377/hlthaff.2025.00375,text/html; charset=UTF-8,,not_extracted,0,0,{'Content-Type': 'text/html; charset=UTF-8'},5719.0,,,,,,,,,
98dac0da412339e97486,https://ssa.gov/policy/docs/ssb/v62n2/v62n2p59.pdf,2026-10-04T02:44:53.246916+00:00,ssa.gov,False,curl_error,60.0,0.0,https://ssa.gov/policy/docs/ssb/v62n2/v62n2p59.pdf,,"curl: (60) SSL certificate problem: unable to get local issuer certificate
More details here: https://curl.se/docs/sslcerts.html

curl failed to verify the legitimacy of the server and therefore could not
establish a secure connection to it. To learn more about this situation and
how to fix it, please visit the web page mentioned above.",not_extracted,0,0,,,,,,,,,,,
992ae1da0f2dd22a818d,https://pubs.aeaweb.org/doi/pdf/10.1257/jep.20231394,2026-10-04T02:44:54.302006+00:00,aeaweb.org,False,http_error,0.0,403.0,https://pubs.aeaweb.org/doi/pdf/10.1257/jep.20231394,text/html; charset=UTF-8,,not_extracted,0,0,{'Content-Type': 'text/html; charset=UTF-8'},5711.0,,,,,,,,,
9a9832e4b17a35949138,https://publichealth.jhu.edu/2026/new-study-identifies-racial-inequality-in-us-hospital-admissions,2026-10-04T02:44:58.568406+00:00,jhu.edu,False,http_error,0.0,403.0,https://publichealth.jhu.edu/2026/new-study-identifies-racial-inequality-in-us-hospital-admissions,text/html; charset=UTF-8,,not_extracted,0,0,{'Content-Type': 'text/html; charset=UTF-8'},5516.0,,,,,,,,,
9acebb2b4972976061b3,https://jchs.harvard.edu/blog/locked-out-why-homeownership-out-reach-many-young-hispanic-families,2026-10-04T02:45:01.943429+00:00,harvard.edu,False,http_error,0.0,403.0,https://jchs.harvard.edu/blog/locked-out-why-homeownership-out-reach-many-young-hispanic-families,text/html; charset=UTF-8,,not_extracted,0,0,{'Content-Type': 'text/html; charset=UTF-8'},5836.0,,,,,,,,,
9b4e29ec812746856293,https://journals.sagepub.com/doi/10.1177/109861119800100403,2026-10-04T02:45:04.946959+00:00,sagepub.com,False,http_error,0.0,403.0,https://journals.sagepub.com/doi/10.1177/109861119800100403,text/html; charset=UTF-8,,not_extracted,0,0,{'Content-Type': 'text/html; charset=UTF-8'},5765.0,,,,,,,,,
9b999a907fd0c2e7d218,https://journals.sagepub.com/doi/10.1177/00208728251336953,2026-10-04T02:45:05.358130+00:00,sagepub.com,False,http_error,0.0,403.0,https://journals.sagepub.com/doi/10.1177/00208728251336953,text/html; charset=UTF-8,,not_extracted,0,0,{'Content-Type': 'text/html; charset=UTF-8'},5762.0,,,,,,,,,
9bd92a39c6f1fd3bfb75,https://journals.sagepub.com/doi/10.1177/21651434231154584,2026-10-04T02:45:05.499353+00:00,sagepub.com,False,http_error,0.0,403.0,https://journals.sagepub.com/doi/10.1177/21651434231154584,text/html; charset=UTF-8,,not_extracted,0,0,{'Content-Type': 'text/html; charset=UTF-8'},5762.0,,,,,,,,,
9c24d2589dfff1c4b2af,https://sciencedirect.com/science/article/abs/pii/S0749379714004966,2026-10-04T02:45:05.826541+00:00,sciencedirect.com,False,http_error,0.0,403.0,https://www.sciencedirect.com/science/article/abs/pii/S0749379714004966,text/html; charset=UTF-8,,not_extracted,0,0,{'Content-Type': 'text/html; charset=UTF-8'},1207905.0,,,,,,,,,
9c2972660ed14276769d,https://americanbar.org/groups/criminal_justice/resources/magazine/2024-winter/crisis-behind-bars-legal-issues-impacting-transgender-people-prisons,2026-10-04T02:45:08.020744+00:00,americanbar.org,False,http_error,0.0,403.0,https://americanbar.org/groups/criminal_justice/resources/magazine/2024-winter/crisis-behind-bars-legal-issues-impacting-transgender-people-prisons,text/html; charset=UTF-8,,not_extracted,0,0,{'Content-Type': 'text/html; charset=UTF-8'},6095.0,,,,,,,,,
9c805746e577ff080d0d,https://digitalcommons.providence.edu/cgi/viewcontent.cgi?article=1122&context=sbg,2026-10-04T02:45:08.997350+00:00,providence.edu,False,http_error,0.0,403.0,https://digitalcommons.providence.edu/cgi/viewcontent.cgi?article=1122&context=sbg,text/html; charset=UTF-8,,not_extracted,0,0,{'Content-Type': 'text/html; charset=UTF-8'},5795.0,,,,,,,,,
9c8778bb46fa8eb44702,https://americanprogress.org/article/recognizing-addressing-housing-insecurity-disabled-renters,2026-10-04T02:45:11.501811+00:00,americanprogress.org,False,http_error,0.0,403.0,https://www.americanprogress.org/article/recognizing-addressing-housing-insecurity-disabled-renters,text/html; charset=UTF-8,,not_extracted,0,0,{'Content-Type': 'text/html; charset=UTF-8'},5869.0,,,,,,,,,
9cb2b8f61c71e0fdfb4d,https://global-solutions-initiative.org/publication/financial-inclusion-for-women-a-way-forward,2026-10-04T02:45:12.018196+00:00,global-solutions-initiative.org,False,http_error,0.0,403.0,https://global-solutions-initiative.org/publication/financial-inclusion-for-women-a-way-forward,text/html; charset=UTF-8,,not_extracted,0,0,{'Content-Type': 'text/html; charset=UTF-8'},5888.0,,,,,,,,,
9cfec005d1e53f63a932,https://gillbranstetter.medium.com/transgender-people-incarceration-a-guide-for-reporters-ebd3c27feb8a,2026-10-04T02:45:12.751067+00:00,medium.com,False,http_error,0.0,403.0,https://gillbranstetter.medium.com/transgender-people-incarceration-a-guide-for-reporters-ebd3c27feb8a,text/html; charset=UTF-8,,not_extracted,0,0,{'Content-Type': 'text/html; charset=UTF-8'},5402.0,,,,,,,,,
9d91707d34ac3c96b6fa,https://journals.sagepub.com/doi/10.1177/00380407231182682,2026-10-04T02:45:14.873679+00:00,sagepub.com,False,http_error,0.0,403.0,https://journals.sagepub.com/doi/10.1177/00380407231182682,text/html; charset=UTF-8,,not_extracted,0,0,{'Content-Type': 'text/html; charset=UTF-8'},5762.0,,,,,,,,,
9e174cc4ac3524bbc6a6,https://ivycoach.com/the-ivy-coach-blog/college-admissions/lgbtq-college-admissions,2026-10-04T02:45:16.238679+00:00,ivycoach.com,False,http_error,0.0,403.0,https://ivycoach.com/the-ivy-coach-blog/college-admissions/lgbtq-college-admissions,text/html,,not_extracted,0,0,{'Content-Type': 'text/html'},52.0,,,,,,,,,
9e4b49becfb9a382018a,https://sciencedirect.com/science/article/abs/pii/S0047235204000637,2026-10-04T02:45:17.975736+00:00,sciencedirect.com,False,http_error,0.0,403.0,https://www.sciencedirect.com/science/article/abs/pii/S0047235204000637,text/html; charset=UTF-8,,not_extracted,0,0,{'Content-Type': 'text/html; charset=UTF-8'},1207905.0,,,,,,,,,
9e715f5ab53af741d71d,https://codeforamerica.org/news/getting-clear-answers-about-income-and-household-composition,2026-10-04T02:45:19.711398+00:00,codeforamerica.org,False,http_error,0.0,403.0,https://codeforamerica.org/news/getting-clear-answers-about-income-and-household-composition,text/html; charset=utf-8,,not_extracted,0,0,{'Content-Type': 'text/html; charset=utf-8'},1665.0,,,,,,,,,
9eeb49b97abaf12ea3ed,https://researchgate.net/publication/309431934_Causes_of_homelessness_prevalence_Relationship_between_homelessness_and_disability,2026-10-04T02:45:22.115666+00:00,researchgate.net,False,http_error,0.0,403.0,https://www.researchgate.net/publication/309431934_Causes_of_homelessness_prevalence_Relationship_between_homelessness_and_disability,text/html; charset=UTF-8,,not_extracted,0,0,{'Content-Type': 'text/html; charset=UTF-8'},21138.0,,,,,,,,,
9f6f5d35f02baabf9af0,https://nycbar.org/get-legal-help/article/public-benefits/social-security-disability-insurance-supplemental-security-income/typical-reasons-for-denial-of-benefits,2026-10-04T02:45:26.545879+00:00,nycbar.org,False,http_error,0.0,403.0,https://nycbar.org/get-legal-help/article/public-benefits/social-security-disability-insurance-supplemental-security-income/typical-reasons-for-denial-of-benefits,text/html,,not_extracted,0,0,{'Content-Type': 'text/html'},52.0,,,,,,,,,
9f8d204a6f455a62c29b,https://elitelearning.com/resource-center/physicians/creating-a-friendly-healthcare-environment-for-lgbtq-patients,2026-10-04T02:45:26.615359+00:00,elitelearning.com,False,http_error,0.0,403.0,https://www.elitelearning.com/resource-center/physicians/creating-a-friendly-healthcare-environment-for-lgbtq-patients/,text/html; charset=UTF-8,,not_extracted,0,0,{'Content-Type': 'text/html; charset=UTF-8'},5921.0,,,,,,,,,
9f983c14d9f5c79c2f1f,https://urban.org/research/publication/why-are-there-gaps-lgbtq-homeownership,2026-10-04T02:45:28.340613+00:00,urban.org,False,http_error,0.0,403.0,https://www.urban.org/research/publication/why-are-there-gaps-lgbtq-homeownership,text/html; charset=UTF-8,,not_extracted,0,0,{'Content-Type': 'text/html; charset=UTF-8'},5858.0,,,,,,,,,
9fbb6af46bf8cb60cf6e,https://learningpolicyinstitute.org/topic/equitable-access-and-opportunity,2026-10-04T02:45:30.297203+00:00,learningpolicyinstitute.org,False,http_error,0.0,403.0,https://learningpolicyinstitute.org/topic/equitable-access-and-opportunity,text/html; charset=UTF-8,,not_extracted,0,0,{'Content-Type': 'text/html; charset=UTF-8'},5767.0,,,,,,,,,
9fd7da673f5b1acc1cd9,https://sciencedirect.com/science/article/abs/pii/S0047235225001941,2026-10-04T02:45:30.510795+00:00,sciencedirect.com,False,http_error,0.0,403.0,https://www.sciencedirect.com/science/article/abs/pii/S0047235225001941,text/html; charset=UTF-8,,not_extracted,0,0,{'Content-Type': 'text/html; charset=UTF-8'},1207905.0,,,,,,,,,
a053ebdf4cb1ea352400,https://researchgate.net/publication/374826969_Education's_Role_in_Empowering_Women_and_Promoting_Gender_Inequality_A_Critical_Review,2026-10-04T02:45:33.854406+00:00,researchgate.net,False,http_error,0.0,403.0,https://www.researchgate.net/publication/374826969_Education's_Role_in_Empowering_Women_and_Promoting_Gender_Inequality_A_Critical_Review,text/html; charset=UTF-8,,not_extracted,0,0,{'Content-Type': 'text/html; charset=UTF-8'},21138.0,,,,,,,,,
a0c1f43ccc60c708707a,https://academic.oup.com/ppar/article/35/4/121/8341057,2026-10-04T02:45:34.185114+00:00,oup.com,False,http_error,0.0,403.0,https://academic.oup.com/ppar/article/35/4/121/8341057,text/html; charset=UTF-8,,not_extracted,0,0,{'Content-Type': 'text/html; charset=UTF-8'},5621.0,,,,,,,,,
a166231099c7b016c673,https://law.georgetown.edu/poverty-journal/blog/anti-lgbtq-discrimination-and-barriers-to-accessing-public-benefits,2026-10-04T02:45:36.919579+00:00,georgetown.edu,False,hard_timeout,28.0,0.0,https://law.georgetown.edu/poverty-journal/blog/anti-lgbtq-discrimination-and-barriers-to-accessing-public-benefits,,"curl: (28) Resolving timed out after 8000 milliseconds
curl: (28) Resolving timed out after 8000 milliseconds",not_extracted,0,0,,,,,,,,,,,
a174a42949ad20f791de,https://trans.ac.uk/Supporting-Students/Access-to-college-and-university,2026-10-04T02:45:37.238788+00:00,trans.ac.uk,False,curl_error,6.0,0.0,https://trans.ac.uk/Supporting-Students/Access-to-college-and-university,,"curl: (6) Could not resolve host: trans.ac.uk
curl: (6) Could not resolve host: trans.ac.uk",not_extracted,0,0,,,,,,,,,,,
a24a91c0bcbc3fbe2ee3,https://justia.com/employment/employment-discrimination/transgender-discrimination,2026-10-04T02:45:41.967157+00:00,justia.com,False,http_error,0.0,403.0,https://www.justia.com/employment/employment-discrimination/transgender-discrimination,text/html; charset=UTF-8,,not_extracted,0,0,{'Content-Type': 'text/html; charset=UTF-8'},5785.0,,,,,,,,,
a2bbdbc6ea1853bdfdff,https://ncsl.org/civil-and-criminal-justice/conditions-and-rights-for-women-in-jails,2026-10-04T02:45:42.214123+00:00,ncsl.org,False,http_error,0.0,403.0,https://ncsl.org/civil-and-criminal-justice/conditions-and-rights-for-women-in-jails,text/html; charset=UTF-8,,not_extracted,0,0,{'Content-Type': 'text/html; charset=UTF-8'},5834.0,,,,,,,,,
a39ebc8b7647ae97da07,https://rsfjournal.org/content/10/4/173,2026-10-04T02:45:43.187745+00:00,rsfjournal.org,False,hard_timeout,28.0,0.0,https://rsfjournal.org/content/10/4/173,,"curl: (28) Resolving timed out after 8000 milliseconds
curl: (28) Resolving timed out after 8000 milliseconds",not_extracted,0,0,,,,,,,,,,,
a40b1cb4fe4b998ee707,https://penalreform.org/issues/people-with-disabilities/the-issue,2026-10-04T02:45:45.463157+00:00,penalreform.org,False,curl_error,35.0,0.0,https://penalreform.org/issues/people-with-disabilities/the-issue,,curl: (35) OpenSSL/3.0.13: error:0A000438:SSL routines::tlsv1 alert internal error,not_extracted,0,0,,,,,,,,,,,
a436bd3bb670dcfe1d52,https://cbpp.org/research/social-security/women-and-disability-insurance-five-facts-you-should-know,2026-10-04T02:45:48.500800+00:00,cbpp.org,False,http_error,0.0,403.0,https://cbpp.org/research/social-security/women-and-disability-insurance-five-facts-you-should-know,text/html; charset=UTF-8,,not_extracted,0,0,{'Content-Type': 'text/html; charset=UTF-8'},6157.0,,,,,,,,,
a440ac1996fbeabd926c,https://openscholarship.wustl.edu/cgi/viewcontent.cgi?article=1978&context=csd_research,2026-10-04T02:45:48.539447+00:00,wustl.edu,False,http_error,0.0,403.0,https://openscholarship.wustl.edu/cgi/viewcontent.cgi?article=1978&context=csd_research,text/html; charset=UTF-8,,not_extracted,0,0,{'Content-Type': 'text/html; charset=UTF-8'},5840.0,,,,,,,,,
a50b21d79c5179336819,https://ed.gov/laws-and-policy/civil-rights-laws/disability-discrimination/disability-discrimination-key-issues/disability-discrimination-bullying-and-harassment,2026-10-04T02:45:49.545122+00:00,ed.gov,False,http_error,0.0,403.0,https://www.ed.gov/laws-and-policy/civil-rights-laws/disability-discrimination/disability-discrimination-key-issues/disability-discrimination-bullying-and-harassment,text/html,,not_extracted,0,0,{'Content-Type': 'text/html'},11798.0,,,,,,,,,
a5814d0c3c0dae88d5c5,https://ssa.gov/pubs/EN-05-10014.pdf,2026-10-04T02:45:52.761185+00:00,ssa.gov,False,curl_error,60.0,0.0,https://ssa.gov/pubs/EN-05-10014.pdf,,"curl: (60) SSL certificate problem: unable to get local issuer certificate
More details here: https://curl.se/docs/sslcerts.html

curl failed to verify the legitimacy of the server and therefore could not
establish a secure connection to it. To learn more about this situation and
how to fix it, please visit the web page mentioned above.",not_extracted,0,0,,,,,,,,,,,
a59ecd06a34d35790f09,https://elibrary.imf.org/view/journals/001/2024/150/article-A001-en.xml,2026-10-04T02:45:55.681328+00:00,imf.org,False,http_error,0.0,403.0,https://elibrary.imf.org/view/journals/001/2024/150/article-A001-en.xml,text/html,,not_extracted,0,0,{'Content-Type': 'text/html'},919.0,,,,,,,,,
a642ecd4fe6cf29285fc,https://whijournal.com/article/S1049-3867(08)00108-4/fulltext,2026-10-04T02:45:59.482701+00:00,whijournal.com,False,http_error,0.0,403.0,https://whijournal.com/article/S1049-3867(08)00108-4/fulltext,text/html; charset=UTF-8,,not_extracted,0,0,{'Content-Type': 'text/html; charset=UTF-8'},5761.0,,,,,,,,,
a645c67598936410fbdd,https://tandfonline.com/doi/abs/10.1080/26379112.2024.2357996,2026-10-04T02:45:59.767024+00:00,tandfonline.com,False,http_error,0.0,403.0,https://tandfonline.com/doi/abs/10.1080/26379112.2024.2357996,text/html; charset=UTF-8,,not_extracted,0,0,{'Content-Type': 'text/html; charset=UTF-8'},5780.0,,,,,,,,,
a6521bc05a4d4f69140f,https://cbpp.org/research/income-security/tanf-policies-reflect-racist-legacy-of-cash-assistance,2026-10-04T02:46:00.196583+00:00,cbpp.org,False,http_error,0.0,403.0,https://cbpp.org/research/income-security/tanf-policies-reflect-racist-legacy-of-cash-assistance,text/html; charset=UTF-8,,not_extracted,0,0,{'Content-Type': 'text/html; charset=UTF-8'},6158.0,,,,,,,,,
a673f827bd8515c2fb12,https://peacehealth.org/healthy-you/preventive-care-different-when-youre-trans-what-know,2026-10-04T02:46:02.920055+00:00,peacehealth.org,False,http_error,0.0,403.0,https://www.peacehealth.org/healthy-you/preventive-care-different-when-youre-trans-what-know,text/html; charset=UTF-8,,not_extracted,0,0,{'Content-Type': 'text/html; charset=UTF-8'},5879.0,,,,,,,,,
a6b8d692e6407a9cfa1f,https://tc.columbia.edu/articles/2024/april/data-reveals-new-insights-on-transgender-workplace-experiences,2026-10-04T02:46:06.651418+00:00,columbia.edu,False,curl_error,60.0,0.0,https://tc.columbia.edu/articles/2024/april/data-reveals-new-insights-on-transgender-workplace-experiences,,"curl: (60) SSL certificate problem: unable to get local issuer certificate
More details here: https://curl.se/docs/sslcerts.html

curl failed to verify the legitimacy of the server and therefore could not
establish a secure connection to it. To learn more about this situation and
how to fix it, please visit the web page mentioned above.",not_extracted,0,0,,,,,,,,,,,
a6b906fffbdf5f42d46e,https://scholarworks.wmich.edu/cgi/viewcontent.cgi?article=3074&context=jssw,2026-10-04T02:46:07.925578+00:00,wmich.edu,False,http_error,0.0,403.0,https://scholarworks.wmich.edu/cgi/viewcontent.cgi?article=3074&context=jssw,text/html; charset=UTF-8,,not_extracted,0,0,{'Content-Type': 'text/html; charset=UTF-8'},5769.0,,,,,,,,,
a73b4f94270de914ec44,https://leb.fbi.gov/articles/perspective/perspective-understanding-differing-viewpoints-on-use-of-force,2026-10-04T02:46:10.403260+00:00,fbi.gov,False,http_error,0.0,403.0,https://leb.fbi.gov/articles/perspective/perspective-understanding-differing-viewpoints-on-use-of-force,text/html; charset=UTF-8,,not_extracted,0,0,{'Content-Type': 'text/html; charset=UTF-8'},5885.0,,,,,,,,,
a80ed33f2712d9d7081f,https://sciencedirect.com/org/science/article/abs/pii/S2040714919000470,2026-10-04T02:46:13.687694+00:00,sciencedirect.com,False,http_error,0.0,403.0,https://www.sciencedirect.com/org/science/article/abs/pii/S2040714919000470,text/html; charset=UTF-8,,not_extracted,0,0,{'Content-Type': 'text/html; charset=UTF-8'},1207917.0,,,,,,,,,
a82e3d5f389879509e46,https://investopedia.com/lgbtq-credit-barriers-7510340,2026-10-04T02:46:13.729113+00:00,investopedia.com,False,http_error,0.0,402.0,https://www.investopedia.com/lgbtq-credit-barriers-7510340,text/html,,not_extracted,0,0,{'Content-Type': 'text/html'},612.0,,,,,,,,,
a83925cf74728a497e32,https://journals.sagepub.com/doi/10.1177/23780231231215682,2026-10-04T02:46:13.810165+00:00,sagepub.com,False,http_error,0.0,403.0,https://journals.sagepub.com/doi/10.1177/23780231231215682,text/html; charset=UTF-8,,not_extracted,0,0,{'Content-Type': 'text/html; charset=UTF-8'},5762.0,,,,,,,,,
a84db898e6fe1dbfea30,https://mostpolicyinitiative.org/science-note/education-opportunity-gaps,2026-10-04T02:46:13.877855+00:00,mostpolicyinitiative.org,False,http_error,0.0,403.0,https://mostpolicyinitiative.org/science-note/education-opportunity-gaps,text/html,,not_extracted,0,0,{'Content-Type': 'text/html'},52.0,,,,,,,,,
a88d9630d18bf8be7bd2,https://forbes.com/advisor/business-loans/business-grants-for-women,2026-10-04T02:46:15.463505+00:00,forbes.com,False,http_error,0.0,403.0,https://forbes.com/advisor/business-loans/business-grants-for-women,text/html;charset=utf-8,,not_extracted,0,0,{'Content-Type': 'text/html;charset=utf-8'},770.0,,,,,,,,,
a894a12df0d173544a37,https://scholarworks.harding.edu/cgi/viewcontent.cgi?article=1278&context=tenor,2026-10-04T02:46:15.673584+00:00,harding.edu,False,http_error,0.0,403.0,https://scholarworks.harding.edu/cgi/viewcontent.cgi?article=1278&context=tenor,text/html; charset=UTF-8,,not_extracted,0,0,{'Content-Type': 'text/html; charset=UTF-8'},5796.0,,,,,,,,,
a89bdda20e1aa35598a6,https://congress.gov/crs-product/R46825,2026-10-04T02:46:16.863107+00:00,congress.gov,False,http_error,0.0,403.0,https://congress.gov/crs-product/R46825,text/html; charset=UTF-8,,not_extracted,0,0,{'Content-Type': 'text/html; charset=UTF-8'},5670.0,,,,,,,,,
a8a2fdc925467baf25c3,https://journals.sagepub.com/doi/10.1177/10986111221139442,2026-10-04T02:46:16.942346+00:00,sagepub.com,False,http_error,0.0,403.0,https://journals.sagepub.com/doi/10.1177/10986111221139442,text/html; charset=UTF-8,,not_extracted,0,0,{'Content-Type': 'text/html; charset=UTF-8'},5762.0,,,,,,,,,
a8d47d35242ebab2ca40,https://sciencedirect.com/science/article/abs/pii/S0190740920311440,2026-10-04T02:46:19.688247+00:00,sciencedirect.com,False,http_error,0.0,403.0,https://www.sciencedirect.com/science/article/abs/pii/S0190740920311440,text/html; charset=UTF-8,,not_extracted,0,0,{'Content-Type': 'text/html; charset=UTF-8'},1207905.0,,,,,,,,,
a910a5cb185c4b04025b,https://google.com/goto?url=CAESbwHrOzAVMGs-Ibxp-Y4UM_nYTR5XvfF8AqmJCpMPqlUKWfpXtzs05UbN26TpluUMp7IkOVx1JjNH4XiOfsBolN766uahMhxg15j0d1DHW8hH3mcn-xGzYa3zcRUtXkig7zzk_tA52QI6F6hxEJVxlA,2026-10-04T02:46:19.897542+00:00,google.com,False,robots_disallowed,,,https://google.com/goto?url=CAESbwHrOzAVMGs-Ibxp-Y4UM_nYTR5XvfF8AqmJCpMPqlUKWfpXtzs05UbN26TpluUMp7IkOVx1JjNH4XiOfsBolN766uahMhxg15j0d1DHW8hH3mcn-xGzYa3zcRUtXkig7zzk_tA52QI6F6hxEJVxlA,,,not_extracted,0,0,,,,,,,,,,,
a9f56dbbcbe863d609a4,https://digitalfinance.worldbank.org/topics/gender/action-1,2026-10-04T02:46:21.380308+00:00,worldbank.org,False,http_error,0.0,403.0,https://digitalfinance.worldbank.org/topics/gender/action-1,text/html; charset=UTF-8,,not_extracted,0,0,{'Content-Type': 'text/html; charset=UTF-8'},5677.0,,,,,,,,,
aa122174ce21eeec92a2,https://rand.org/pubs/research_briefs/RB4011.html,2026-10-04T02:46:22.880252+00:00,rand.org,False,http_error,0.0,403.0,https://www.rand.org:443/pubs/research_briefs/RB4011.html,text/html,,not_extracted,0,0,{'Content-Type': 'text/html'},919.0,,,,,,,,,
aa369377e3f3d4c0c707,https://researchgate.net/publication/344487314_Factors_Affecting_Women's_Participation_in_Career_A_Systematic_Review,2026-10-04T02:46:22.989178+00:00,researchgate.net,False,http_error,0.0,403.0,https://www.researchgate.net/publication/344487314_Factors_Affecting_Women's_Participation_in_Career_A_Systematic_Review,text/html; charset=UTF-8,,not_extracted,0,0,{'Content-Type': 'text/html; charset=UTF-8'},21138.0,,,,,,,,,
aa82b8e70a8c29d1dfed,https://americanbar.org/groups/diversity/disabilityrights/news/rethinking-debate-over-rising-disability-accomodations-higher-education,2026-10-04T02:46:24.724350+00:00,americanbar.org,False,http_error,0.0,403.0,https://americanbar.org/groups/diversity/disabilityrights/news/rethinking-debate-over-rising-disability-accomodations-higher-education,text/html; charset=UTF-8,,not_extracted,0,0,{'Content-Type': 'text/html; charset=UTF-8'},6056.0,,,,,,,,,
aaa94ac886e2f7723b50,https://journals.sagepub.com/doi/10.1177/00957984251319661,2026-10-04T02:46:24.858338+00:00,sagepub.com,False,http_error,0.0,403.0,https://journals.sagepub.com/doi/10.1177/00957984251319661,text/html; charset=UTF-8,,not_extracted,0,0,{'Content-Type': 'text/html; charset=UTF-8'},5740.0,,,,,,,,,
aad3a83add8429842a35,https://mckinsey.com/capabilities/people-and-organization/our-insights/women-in-the-workplace,2026-10-04T02:46:26.371816+00:00,mckinsey.com,False,curl_error,60.0,0.0,https://mckinsey.com/capabilities/people-and-organization/our-insights/women-in-the-workplace,,"curl: (60) SSL certificate problem: unable to get local issuer certificate
More details here: https://curl.se/docs/sslcerts.html

curl failed to verify the legitimacy of the server and therefore could not
establish a secure connection to it. To learn more about this situation and
how to fix it, please visit the web page mentioned above.",not_extracted,0,0,,,,,,,,,,,
ab1f631c394c47d5085b,https://healthecareers.com/career-resources/soft-skills/how-to-discuss-preventative-care-with-transgender-patients,2026-10-04T02:46:27.863459+00:00,healthecareers.com,False,http_error,0.0,403.0,https://healthecareers.com/career-resources/soft-skills/how-to-discuss-preventative-care-with-transgender-patients,text/html,,not_extracted,0,0,{'Content-Type': 'text/html'},118.0,,,,,,,,,
ab8847a5c89dec52a46b,https://urban.org/research/publication/strategies-improving-public-benefits-access-and-retention,2026-10-04T02:46:29.165959+00:00,urban.org,False,http_error,0.0,403.0,https://www.urban.org/research/publication/strategies-improving-public-benefits-access-and-retention,text/html; charset=UTF-8,,not_extracted,0,0,{'Content-Type': 'text/html; charset=UTF-8'},5936.0,,,,,,,,,
abbd9bf42db3f4d6d28b,https://congress.gov/crs-product/R47318,2026-10-04T02:46:30.161843+00:00,congress.gov,False,http_error,0.0,403.0,https://congress.gov/crs-product/R47318,text/html; charset=UTF-8,,not_extracted,0,0,{'Content-Type': 'text/html; charset=UTF-8'},5670.0,,,,,,,,,
abcda7ac0179481466dd,https://congress.gov/crs-product/IF11631,2026-10-04T02:46:30.447817+00:00,congress.gov,False,http_error,0.0,403.0,https://congress.gov/crs-product/IF11631,text/html; charset=UTF-8,,not_extracted,0,0,{'Content-Type': 'text/html; charset=UTF-8'},5673.0,,,,,,,,,
abf88c40aca7475f6fb1,https://researchgate.net/publication/405278775_Male_and_Female_Youth's_Opportunities_to_Attend_Higher_Education_Gender_Equality_Perspective_in_the_Village,2026-10-04T02:46:30.789970+00:00,researchgate.net,False,http_error,0.0,403.0,https://www.researchgate.net/publication/405278775_Male_and_Female_Youth's_Opportunities_to_Attend_Higher_Education_Gender_Equality_Perspective_in_the_Village,text/html; charset=UTF-8,,not_extracted,0,0,{'Content-Type': 'text/html; charset=UTF-8'},21138.0,,,,,,,,,
ac0d900517f34f0bf085,https://urban.org/urban-wire/building-trust-financial-system-key-closing-racial-wealth-gap,2026-10-04T02:46:31.540072+00:00,urban.org,False,http_error,0.0,403.0,https://www.urban.org/urban-wire/building-trust-financial-system-key-closing-racial-wealth-gap,text/html; charset=UTF-8,,not_extracted,0,0,{'Content-Type': 'text/html; charset=UTF-8'},5897.0,,,,,,,,,
ac3eeb580aa80a940d14,https://cbpp.org/research/health/states-can-reduce-medicaids-administrative-burdens-to-advance-health-and-racial,2026-10-04T02:46:33.298382+00:00,cbpp.org,False,http_error,0.0,403.0,https://cbpp.org/research/health/states-can-reduce-medicaids-administrative-burdens-to-advance-health-and-racial,text/html; charset=UTF-8,,not_extracted,0,0,{'Content-Type': 'text/html; charset=UTF-8'},6158.0,,,,,,,,,
acb929a0da25e083e369,https://nilc.org/resources/overview-immeligfedprograms,2026-10-04T02:46:33.355536+00:00,nilc.org,False,http_error,0.0,403.0,https://nilc.org/resources/overview-immeligfedprograms,text/html; charset=UTF-8,,not_extracted,0,0,{'Content-Type': 'text/html; charset=UTF-8'},5680.0,,,,,,,,,
ad9fddec7ff4370b4d31,https://happen.com/resource-center/personal-loan/5-factors-that-may-affect-personal-loan-approval,2026-10-04T02:46:35.999581+00:00,happen.com,False,http_error,0.0,403.0,https://www.happen.com/resource-center/personal-loan/5-factors-that-may-affect-personal-loan-approval,application/json,,not_extracted,0,0,{'Content-Type': 'application/json'},147.0,,,,,,,,,
ae48da14fdcae32d32c0,https://journals.uchicago.edu/doi/10.1086/728738,2026-10-04T02:46:41.505125+00:00,uchicago.edu,False,http_error,0.0,403.0,https://journals.uchicago.edu/doi/10.1086/728738,text/html; charset=UTF-8,,not_extracted,0,0,{'Content-Type': 'text/html; charset=UTF-8'},5751.0,,,,,,,,,
aea82a9ea3312b3cad18,https://scholarship.law.vanderbilt.edu/cgi/viewcontent.cgi?article=5212&context=vlr,2026-10-04T02:46:43.387502+00:00,vanderbilt.edu,False,http_error,0.0,403.0,https://scholarship.law.vanderbilt.edu/cgi/viewcontent.cgi?article=5212&context=vlr,text/html; charset=UTF-8,,not_extracted,0,0,{'Content-Type': 'text/html; charset=UTF-8'},5796.0,,,,,,,,,
aec0c8f5d032718558f0,https://cdc.gov/mmwr/preview/mmwrhtml/mm5340a2.htm,2026-10-04T02:46:43.405182+00:00,cdc.gov,False,http_error,0.0,403.0,https://cdc.gov/mmwr/preview/mmwrhtml/mm5340a2.htm,text/html,,not_extracted,0,0,{'Content-Type': 'text/html'},405.0,,,,,,,,,
af33c99c8678fd129155,https://mckinsey.com/mgi/our-research/tough-trade-offs-how-time-and-career-choices-shape-the-gender-pay-gap,2026-10-04T02:46:44.172674+00:00,mckinsey.com,False,curl_error,60.0,0.0,https://mckinsey.com/mgi/our-research/tough-trade-offs-how-time-and-career-choices-shape-the-gender-pay-gap,,"curl: (60) SSL certificate problem: unable to get local issuer certificate
More details here: https://curl.se/docs/sslcerts.html

curl failed to verify the legitimacy of the server and therefore could not
establish a secure connection to it. To learn more about this situation and
how to fix it, please visit the web page mentioned above.",not_extracted,0,0,,,,,,,,,,,
afb8d3dcd565a02e0684,https://sciencedirect.com/science/article/abs/pii/S0889158318300650,2026-10-04T02:46:47.441569+00:00,sciencedirect.com,False,http_error,0.0,403.0,https://www.sciencedirect.com/science/article/abs/pii/S0889158318300650,text/html; charset=UTF-8,,not_extracted,0,0,{'Content-Type': 'text/html; charset=UTF-8'},1207883.0,,,,,,,,,
b03b8dfbbcaa074b55e2,https://pmc.ncbi.nlm.nih.gov/articles/PMC2835305/https:/pmc.ncbi.nlm.nih.gov/articles/PMC2835305,2026-10-04T02:46:48.445587+00:00,nih.gov,False,http_error,0.0,404.0,https://pmc.ncbi.nlm.nih.gov/articles/PMC2835305/https:/pmc.ncbi.nlm.nih.gov/articles/PMC2835305,text/html; charset=utf-8,,not_extracted,0,0,{'Content-Type': 'text/html; charset=utf-8'},48716.0,,,,,,,,,
b0a662b5bd1532f7ec6b,https://cbpp.org/research/health/leveraging-snap-information-to-renew-medicaid-eligibility-in-a-post-unwinding-world,2026-10-04T02:46:49.692796+00:00,cbpp.org,False,http_error,0.0,403.0,https://cbpp.org/research/health/leveraging-snap-information-to-renew-medicaid-eligibility-in-a-post-unwinding-world,text/html; charset=UTF-8,,not_extracted,0,0,{'Content-Type': 'text/html; charset=UTF-8'},6158.0,,,,,,,,,
b0cc333afa567458df6f,https://sciencedirect.com/science/article/abs/pii/S0049089X16308444,2026-10-04T02:46:50.013511+00:00,sciencedirect.com,False,http_error,0.0,403.0,https://www.sciencedirect.com/science/article/abs/pii/S0049089X16308444,text/html; charset=UTF-8,,not_extracted,0,0,{'Content-Type': 'text/html; charset=UTF-8'},1207905.0,,,,,,,,,
b293e0c5b5c4585a6c5b,https://aei.org/research-products/report/stranded-by-the-safety-net-how-to-fix-the-benefit-cliff-problem,2026-10-04T02:46:59.062259+00:00,aei.org,False,http_error,0.0,403.0,https://aei.org/research-products/report/stranded-by-the-safety-net-how-to-fix-the-benefit-cliff-problem,text/html; charset=UTF-8,,not_extracted,0,0,{'Content-Type': 'text/html; charset=UTF-8'},5725.0,,,,,,,,,
b322fa957e1c9a1b7cbb,https://thelitbot.com/blog/2024/04/3-organizational-risk-factors-for-sexual-harassment,2026-10-04T02:47:00.187455+00:00,thelitbot.com,False,http_error,0.0,403.0,https://thelitbot.com/blog/2024/04/3-organizational-risk-factors-for-sexual-harassment,text/html; charset=UTF-8,,not_extracted,0,0,{'Content-Type': 'text/html; charset=UTF-8'},5766.0,,,,,,,,,
b35d580a439134282f9d,https://researchgate.net/publication/227764762_Sexual_Orientation_and_College_Choice_Considering_Campus_Climate,2026-10-04T02:47:02.628914+00:00,researchgate.net,False,http_error,0.0,403.0,https://www.researchgate.net/publication/227764762_Sexual_Orientation_and_College_Choice_Considering_Campus_Climate,text/html; charset=UTF-8,,not_extracted,0,0,{'Content-Type': 'text/html; charset=UTF-8'},21138.0,,,,,,,,,
b364864f741a35bbd532,https://tandfonline.com/doi/full/10.1080/16549716.2024.2342634,2026-10-04T02:47:04.754265+00:00,tandfonline.com,False,http_error,0.0,403.0,https://tandfonline.com/doi/full/10.1080/16549716.2024.2342634,text/html; charset=UTF-8,,not_extracted,0,0,{'Content-Type': 'text/html; charset=UTF-8'},5805.0,,,,,,,,,
b3f9e027b55fbe441ff5,https://urban.org/urban-wire/how-states-can-narrow-latina-benefit-and-wage-gap,2026-10-04T02:47:07.840096+00:00,urban.org,False,http_error,0.0,403.0,https://www.urban.org/urban-wire/how-states-can-narrow-latina-benefit-and-wage-gap,text/html; charset=UTF-8,,not_extracted,0,0,{'Content-Type': 'text/html; charset=UTF-8'},5861.0,,,,,,,,,
b47b9f132e9872ad315e,https://journals.sagepub.com/doi/abs/10.1177/21533687251314137,2026-10-04T02:47:10.057277+00:00,sagepub.com,False,http_error,0.0,403.0,https://journals.sagepub.com/doi/abs/10.1177/21533687251314137,text/html; charset=UTF-8,,not_extracted,0,0,{'Content-Type': 'text/html; charset=UTF-8'},5752.0,,,,,,,,,
b5459e925d59811b25fe,https://academic.oup.com/esr/article/42/2/301/8317978,2026-10-04T02:47:10.423755+00:00,oup.com,False,http_error,0.0,403.0,https://academic.oup.com/esr/article/42/2/301/8317978,text/html; charset=UTF-8,,not_extracted,0,0,{'Content-Type': 'text/html; charset=UTF-8'},5618.0,,,,,,,,,
b55280b78fa9a6cf41a2,https://sciencedirect.com/science/article/abs/pii/S0891422211003428,2026-10-04T02:47:10.944675+00:00,sciencedirect.com,False,http_error,0.0,403.0,https://www.sciencedirect.com/science/article/abs/pii/S0891422211003428,text/html; charset=UTF-8,,not_extracted,0,0,{'Content-Type': 'text/html; charset=UTF-8'},1207905.0,,,,,,,,,
b666fc455452e8dfd702,https://commonwealthfund.org/publications/fund-reports/2024/apr/advancing-racial-equity-us-health-care,2026-10-04T02:47:14.109694+00:00,commonwealthfund.org,False,http_error,0.0,403.0,https://commonwealthfund.org/publications/fund-reports/2024/apr/advancing-racial-equity-us-health-care,text/html; charset=UTF-8,,not_extracted,0,0,{'Content-Type': 'text/html; charset=UTF-8'},5886.0,,,,,,,,,
b67945ec0b1b2b19cd97,https://linkedin.com/top-content/recruitment-hr/diversity-in-the-workplace/why-companies-hire-more-women,2026-10-04T02:47:14.113014+00:00,linkedin.com,False,robots_disallowed,,,https://linkedin.com/top-content/recruitment-hr/diversity-in-the-workplace/why-companies-hire-more-women,,,not_extracted,0,0,,,,,,,,,,,
b6ea8b216f734829e21b,https://homelesshub.ca/collection/population-groups/people-with-disabilities,2026-10-04T02:47:14.930732+00:00,homelesshub.ca,False,http_error,0.0,403.0,https://homelesshub.ca/collection/population-groups/people-with-disabilities,text/html,,not_extracted,0,0,{'Content-Type': 'text/html'},52.0,,,,,,,,,
b6ed57ff178d5dfb6059,https://kc.edu/healthcare-gap-a-reality-for-hispanic-latino-community,2026-10-04T02:47:16.799456+00:00,kc.edu,False,robots_disallowed,,,https://kc.edu/healthcare-gap-a-reality-for-hispanic-latino-community,,,not_extracted,0,0,,,,,,,,,,,
b7631880e713c9874778,https://urban.org/research/publication/hispanic-homeowners-and-physical-inadequacy-properties,2026-10-04T02:47:17.923938+00:00,urban.org,False,http_error,0.0,403.0,https://www.urban.org/research/publication/hispanic-homeowners-and-physical-inadequacy-properties,text/html; charset=UTF-8,,not_extracted,0,0,{'Content-Type': 'text/html; charset=UTF-8'},5927.0,,,,,,,,,
b77d7fd8053e5fbe6f2b,https://pinyerdlaw.com/ssdi-approval-rates-by-condition,2026-10-04T02:47:17.990848+00:00,pinyerdlaw.com,False,http_error,0.0,403.0,https://pinyerdlaw.com/ssdi-approval-rates-by-condition,text/html,,not_extracted,0,0,{'Content-Type': 'text/html'},52.0,,,,,,,,,
b7a3e143339ef1b70344,https://psnet.ahrq.gov/perspective/patient-safety-concerns-and-lgbtq-population,2026-10-04T02:47:18.543538+00:00,ahrq.gov,False,http_error,0.0,403.0,https://psnet.ahrq.gov/perspective/patient-safety-concerns-and-lgbtq-population,text/html,,not_extracted,0,0,{'Content-Type': 'text/html'},986.0,,,,,,,,,
b7c998a266298a228465,https://medresearch.umich.edu/sites/default/files/2024-06/RRTC-Evaluating-Housing-Concerns.pdf,2026-10-04T02:47:20.082935+00:00,umich.edu,False,http_error,0.0,403.0,https://medresearch.umich.edu/sites/default/files/2024-06/RRTC-Evaluating-Housing-Concerns.pdf,text/html; charset=UTF-8,,not_extracted,0,0,{'Content-Type': 'text/html; charset=UTF-8'},5817.0,,,,,,,,,
b83f124f9fa1912be8c5,https://facebook.com/NashvilleCriminalAttorney/videos/when-you-are-detained-but-not-arrested-it-is-because-they-are-still-looking-for-/972670218805614,2026-10-04T02:47:22.380122+00:00,facebook.com,False,robots_disallowed,,,https://facebook.com/NashvilleCriminalAttorney/videos/when-you-are-detained-but-not-arrested-it-is-because-they-are-still-looking-for-/972670218805614,,,not_extracted,0,0,,,,,,,,,,,
b8f705f8e02301d19d38,https://sciencedirect.com/science/article/abs/pii/S0047272725000994,2026-10-04T02:47:26.433504+00:00,sciencedirect.com,False,http_error,0.0,403.0,https://www.sciencedirect.com/science/article/abs/pii/S0047272725000994,text/html; charset=UTF-8,,not_extracted,0,0,{'Content-Type': 'text/html; charset=UTF-8'},1207905.0,,,,,,,,,
b934157df7b8d5def47c,https://epi.org/publication/racial-representation-prof-occ,2026-10-04T02:47:26.939723+00:00,epi.org,False,http_error,0.0,403.0,https://epi.org/publication/racial-representation-prof-occ,text/html; charset=UTF-8,,not_extracted,0,0,{'Content-Type': 'text/html; charset=UTF-8'},5864.0,,,,,,,,,
b97cba4c529844cb4856,https://americanprogress.org/article/african-americans-face-systematic-obstacles-getting-good-jobs,2026-10-04T02:47:27.427362+00:00,americanprogress.org,False,http_error,0.0,403.0,https://www.americanprogress.org/article/african-americans-face-systematic-obstacles-getting-good-jobs,text/html; charset=UTF-8,,not_extracted,0,0,{'Content-Type': 'text/html; charset=UTF-8'},5878.0,,,,,,,,,
ba5d3d442b0a1768e239,https://cbpp.org/research/health/health-coverage-rates-vary-widely-across-and-within-racial-and-ethnic-groups,2026-10-04T02:47:33.306150+00:00,cbpp.org,False,http_error,0.0,403.0,https://cbpp.org/research/health/health-coverage-rates-vary-widely-across-and-within-racial-and-ethnic-groups,text/html; charset=UTF-8,,not_extracted,0,0,{'Content-Type': 'text/html; charset=UTF-8'},6158.0,,,,,,,,,
babc6f854c065a43c0f9,https://commonwealthfund.org/publications/issue-briefs/2025/jun/reducing-medicaid-churn-policies-promote-stable-health-coverage,2026-10-04T02:47:34.361435+00:00,commonwealthfund.org,False,http_error,0.0,403.0,https://commonwealthfund.org/publications/issue-briefs/2025/jun/reducing-medicaid-churn-policies-promote-stable-health-coverage,text/html; charset=UTF-8,,not_extracted,0,0,{'Content-Type': 'text/html; charset=UTF-8'},5960.0,,,,,,,,,
bc777d1fe70b343beb2e,https://calltherightattorney.com/blog/2025/10/what-does-a-racially-hostile-workplace-look-like-for-white-employees,2026-10-04T02:47:37.683635+00:00,calltherightattorney.com,False,http_error,0.0,403.0,https://calltherightattorney.com/blog/2025/10/what-does-a-racially-hostile-workplace-look-like-for-white-employees,text/html; charset=UTF-8,,not_extracted,0,0,{'Content-Type': 'text/html; charset=UTF-8'},5893.0,,,,,,,,,
bee014e59384dbab3865,https://advancingpretrial.org/story/racism-policing-and-the-criminal-justice-system,2026-10-04T02:47:52.465299+00:00,advancingpretrial.org,False,http_error,0.0,403.0,https://www.advancingpretrial.org/story/racism-policing-and-the-criminal-justice-system,text/html; charset=UTF-8,,not_extracted,0,0,{'Content-Type': 'text/html; charset=UTF-8'},5852.0,,,,,,,,,
bf90e3b3bba7319379f8,https://urban.org/urban-wire/no-cops-pride-how-criminal-justice-system-harms-lgbtq-people,2026-10-04T02:47:55.724835+00:00,urban.org,False,http_error,0.0,403.0,https://www.urban.org/urban-wire/no-cops-pride-how-criminal-justice-system-harms-lgbtq-people,text/html; charset=UTF-8,,not_extracted,0,0,{'Content-Type': 'text/html; charset=UTF-8'},5894.0,,,,,,,,,
bfedb452c6d8ff5f3952,https://researchgate.net/publication/336971674_Women's_college_admissions_and_retention_policies_pertaining_to_transgender_students_a_comprehensive_analysis,2026-10-04T02:47:56.410095+00:00,researchgate.net,False,http_error,0.0,403.0,https://www.researchgate.net/publication/336971674_Women's_college_admissions_and_retention_policies_pertaining_to_transgender_students_a_comprehensive_analysis,text/html; charset=UTF-8,,not_extracted,0,0,{'Content-Type': 'text/html; charset=UTF-8'},21138.0,,,,,,,,,
c00a35542b0181ce61e5,https://caf.com/en/currently/news/women-are-less-likely-to-access-consumer-credit,2026-10-04T02:47:57.815071+00:00,caf.com,False,curl_error,60.0,0.0,https://caf.com/en/currently/news/women-are-less-likely-to-access-consumer-credit,,"curl: (60) SSL certificate problem: unable to get local issuer certificate
More details here: https://curl.se/docs/sslcerts.html

curl failed to verify the legitimacy of the server and therefore could not
establish a secure connection to it. To learn more about this situation and
how to fix it, please visit the web page mentioned above.",not_extracted,0,0,,,,,,,,,,,
c0ac36716203d9b2c2d6,https://cbpp.org/blog/americans-especially-women-benefit-hugely-from-social-security,2026-10-04T02:47:59.354308+00:00,cbpp.org,False,http_error,0.0,403.0,https://cbpp.org/blog/americans-especially-women-benefit-hugely-from-social-security,text/html; charset=UTF-8,,not_extracted,0,0,{'Content-Type': 'text/html; charset=UTF-8'},6158.0,,,,,,,,,
c172665575ca399f8795,https://journals.sagepub.com/doi/10.1177/10986111251372007,2026-10-04T02:48:02.416567+00:00,sagepub.com,False,http_error,0.0,403.0,https://journals.sagepub.com/doi/10.1177/10986111251372007,text/html; charset=UTF-8,,not_extracted,0,0,{'Content-Type': 'text/html; charset=UTF-8'},5762.0,,,,,,,,,
c1b99db1ffa316639c4a,https://humanrights.gov.au/resource-hub/by-resource-type/education/know-your-rights/homelessness,2026-10-04T02:48:04.600768+00:00,humanrights.gov.au,False,http_error,0.0,403.0,https://humanrights.gov.au/resource-hub/by-resource-type/education/know-your-rights/homelessness,text/html; charset=UTF-8,,not_extracted,0,0,{'Content-Type': 'text/html; charset=UTF-8'},5850.0,,,,,,,,,
c2d21894a9bef1afe689,https://torontocentre.org/index.php?Itemid=99&id=33&option=com_content&view=article,2026-10-04T02:48:09.919583+00:00,torontocentre.org,False,http_error,0.0,403.0,https://torontocentre.org/index.php?Itemid=99&id=33&option=com_content&view=article,text/html; charset=UTF-8,,not_extracted,0,0,{'Content-Type': 'text/html; charset=UTF-8'},5852.0,,,,,,,,,
c378ab290784b331a1b6,https://sciencedirect.com/science/article/pii/S074937972500724X,2026-10-04T02:48:11.207985+00:00,sciencedirect.com,False,http_error,0.0,403.0,https://www.sciencedirect.com/science/article/pii/S074937972500724X,text/html; charset=UTF-8,,not_extracted,0,0,{'Content-Type': 'text/html; charset=UTF-8'},1207871.0,,,,,,,,,
c4c0909074eaad74d2e2,https://sciencedirect.com/science/article/abs/pii/S0749379710001777,2026-10-04T02:48:14.384149+00:00,sciencedirect.com,False,http_error,0.0,403.0,https://www.sciencedirect.com/science/article/abs/pii/S0749379710001777,text/html; charset=UTF-8,,not_extracted,0,0,{'Content-Type': 'text/html; charset=UTF-8'},1207905.0,,,,,,,,,
c4e24e6347b9aa5690d9,https://providentcu.org/blog/news/5-key-factors-that-impact-your-credit-score,2026-10-04T02:48:16.481321+00:00,providentcu.org,False,http_error,0.0,403.0,https://providentcu.org/blog/news/5-key-factors-that-impact-your-credit-score,text/html; charset=UTF-8,,not_extracted,0,0,{'Content-Type': 'text/html; charset=UTF-8'},309.0,,,,,,,,,
c5289737e03e107c70a9,https://stopbullying.gov/bullying/special-needs,2026-10-04T02:48:16.500611+00:00,stopbullying.gov,False,http_error,0.0,403.0,https://www.stopbullying.gov/bullying/special-needs,text/html,,not_extracted,0,0,{'Content-Type': 'text/html'},404.0,,,,,,,,,
c54cc39aed7d1b37afab,https://dl.acm.org/doi/full/10.1145/3769994.3770011,2026-10-04T02:48:19.624590+00:00,acm.org,False,http_error,0.0,403.0,https://dl.acm.org/doi/full/10.1145/3769994.3770011,text/html; charset=UTF-8,,not_extracted,0,0,{'Content-Type': 'text/html; charset=UTF-8'},5718.0,,,,,,,,,
c605c43db3423bd3f043,https://opportunityhome.org/wp-content/uploads/2020/10/Final-Racial-Equity-Page-Fact-Sheet.pdf,2026-10-04T02:48:23.546472+00:00,opportunityhome.org,False,http_error,0.0,404.0,https://opportunityhome.org/wp-content/uploads/2020/10/Final-Racial-Equity-Page-Fact-Sheet.pdf,text/plain; charset=utf-8,,not_extracted,0,0,{'Content-Type': 'text/plain; charset=utf-8'},10.0,,,,,,,,,
c6064b35d5feb8b3e109,https://scholarworks.waldenu.edu/cgi/viewcontent.cgi?article=16615&context=dissertations,2026-10-04T02:48:23.625519+00:00,waldenu.edu,False,http_error,0.0,403.0,https://scholarworks.waldenu.edu/cgi/viewcontent.cgi?article=16615&context=dissertations,text/html; charset=UTF-8,,not_extracted,0,0,{'Content-Type': 'text/html; charset=UTF-8'},7455.0,,,,,,,,,
c689c3dbc65a84639b02,https://google.com/goto?url=CAESWAHrOzAV2J3c-MnbZi7ioQN_AjdKDQmy9VTeGwztTzo__31ueVhcXu50mROjPxA26bA7ZFO5W4ESYn5K3fOLeTKAk6vndVFdW9rcB-lJr6hHUgi5-mBQ4z4,2026-10-04T02:48:24.006454+00:00,google.com,False,robots_disallowed,,,https://google.com/goto?url=CAESWAHrOzAV2J3c-MnbZi7ioQN_AjdKDQmy9VTeGwztTzo__31ueVhcXu50mROjPxA26bA7ZFO5W4ESYn5K3fOLeTKAk6vndVFdW9rcB-lJr6hHUgi5-mBQ4z4,,,not_extracted,0,0,,,,,,,,,,,
c726ad6eb55d8b943279,https://tandfonline.com/doi/full/10.1080/26895269.2026.2644589,2026-10-04T02:48:24.753007+00:00,tandfonline.com,False,http_error,0.0,403.0,https://tandfonline.com/doi/full/10.1080/26895269.2026.2644589,text/html; charset=UTF-8,,not_extracted,0,0,{'Content-Type': 'text/html; charset=UTF-8'},5805.0,,,,,,,,,
c773d4e08fa48337c774,https://wol.iza.org/articles/how-to-improve-participation-in-social-assistance-programs/long,2026-10-04T02:48:25.955623+00:00,iza.org,False,robots_disallowed,,,https://wol.iza.org/articles/how-to-improve-participation-in-social-assistance-programs/long,,,not_extracted,0,0,,,,,,,,,,,
c849cb7c6183216bd141,https://justanswer.com/social-security/r71ud-disability-medical-waiver-deined-re-new.html,2026-10-04T02:48:27.209200+00:00,justanswer.com,False,http_error,0.0,403.0,https://www.justanswer.com/social-security/r71ud-disability-medical-waiver-deined-re-new.html,text/html; charset=UTF-8,,not_extracted,0,0,{'Content-Type': 'text/html; charset=UTF-8'},5862.0,,,,,,,,,
c8847313a26f23c32591,https://cbpp.org/blog/more-frequent-medicaid-renewals-would-increase-errors-and-lead-eligible-people-to-lose-health,2026-10-04T02:48:28.045306+00:00,cbpp.org,False,http_error,0.0,403.0,https://cbpp.org/blog/more-frequent-medicaid-renewals-would-increase-errors-and-lead-eligible-people-to-lose-health,text/html; charset=UTF-8,,not_extracted,0,0,{'Content-Type': 'text/html; charset=UTF-8'},6158.0,,,,,,,,,
c9b0a80b2900e9c4d501,https://onlinelibrary.wiley.com/doi/10.1111/jofi.13444,2026-10-04T02:48:34.906782+00:00,wiley.com,False,http_error,0.0,403.0,https://onlinelibrary.wiley.com/doi/10.1111/jofi.13444,text/html; charset=UTF-8,,not_extracted,0,0,{'Content-Type': 'text/html; charset=UTF-8'},5765.0,,,,,,,,,
ca27d95d77da8aa6397a,https://tcf.org/content/commentary/no-ramp-out-the-payday-loan-hole-of-the-disability-community,2026-10-04T02:48:35.356988+00:00,tcf.org,False,http_error,0.0,403.0,https://tcf.org/content/commentary/no-ramp-out-the-payday-loan-hole-of-the-disability-community,text/html; charset=UTF-8,,not_extracted,0,0,{'Content-Type': 'text/html; charset=UTF-8'},4857.0,,,,,,,,,
cab70c6cd5488a2612ee,https://upward-mobility.urban.org/framework/neighborhoods/stability,2026-10-04T02:48:38.694368+00:00,urban.org,False,http_error,0.0,403.0,https://upward-mobility.urban.org/framework/neighborhoods/stability,text/html; charset=UTF-8,,not_extracted,0,0,{'Content-Type': 'text/html; charset=UTF-8'},5792.0,,,,,,,,,
caf34933050d2fccae9f,https://opportunityhome.org/resources/racial-equity-housing,2026-10-04T02:48:41.379766+00:00,opportunityhome.org,False,http_error,0.0,404.0,https://opportunityhome.org/resources/racial-equity-housing,text/plain; charset=utf-8,,not_extracted,0,0,{'Content-Type': 'text/plain; charset=utf-8'},10.0,,,,,,,,,
cb8a234f2713209a8b7d,https://congress.gov/crs-product/R45979,2026-10-04T02:48:44.573405+00:00,congress.gov,False,http_error,0.0,403.0,https://congress.gov/crs-product/R45979,text/html; charset=UTF-8,,not_extracted,0,0,{'Content-Type': 'text/html; charset=UTF-8'},5670.0,,,,,,,,,
ccd779ecf2bb10969dd9,https://justia.com/employment/employment-discrimination/ethnicity-discrimination,2026-10-04T02:48:51.631342+00:00,justia.com,False,http_error,0.0,403.0,https://www.justia.com/employment/employment-discrimination/ethnicity-discrimination,text/html; charset=UTF-8,,not_extracted,0,0,{'Content-Type': 'text/html; charset=UTF-8'},5779.0,,,,,,,,,
cd3ad747b1007c7f2070,https://cgdev.org/blog/women-policymaking-why-it-matters,2026-10-04T02:48:53.345618+00:00,cgdev.org,False,http_error,0.0,403.0,https://cgdev.org/blog/women-policymaking-why-it-matters,text/html; charset=UTF-8,,not_extracted,0,0,{'Content-Type': 'text/html; charset=UTF-8'},5684.0,,,,,,,,,
cd461de5272cc0d1bc58,https://journals.sagepub.com/doi/10.1177/00187267261480591,2026-10-04T02:48:54.695409+00:00,sagepub.com,False,http_error,0.0,403.0,https://journals.sagepub.com/doi/10.1177/00187267261480591,text/html; charset=UTF-8,,not_extracted,0,0,{'Content-Type': 'text/html; charset=UTF-8'},5762.0,,,,,,,,,
cda2990e50705c1f5abd,https://journals.sagepub.com/doi/10.1177/21533687251314137?int.sj-abstract.similar-articles.7=,2026-10-04T02:48:56.664562+00:00,sagepub.com,False,http_error,0.0,403.0,https://journals.sagepub.com/doi/10.1177/21533687251314137?int.sj-abstract.similar-articles.7=,text/html; charset=UTF-8,,not_extracted,0,0,{'Content-Type': 'text/html; charset=UTF-8'},5928.0,,,,,,,,,
cde3aa13ded42d6cc27a,https://uscis.gov/save/benefit-and-license-applicants,2026-10-04T02:48:59.015238+00:00,uscis.gov,False,http_error,0.0,403.0,https://uscis.gov/save/benefit-and-license-applicants,text/html,,not_extracted,0,0,{'Content-Type': 'text/html'},408.0,,,,,,,,,
cdf2ff1088f1cbf3eb12,https://sciencedirect.com/science/article/pii/S2590291125006060?__cf_chl_rt_tk=eAaa8E26I1G3T_n7h4raEreOdOcbWY4VU0W8MtFp89s-1790903105-1.0.1.1-s1JgmSktNeYQ0mtUsyqXPTdxQ.0hPZP_IP2gwgejk8M,2026-10-04T02:48:59.714256+00:00,sciencedirect.com,False,http_error,0.0,403.0,https://www.sciencedirect.com/science/article/pii/S2590291125006060,text/html; charset=UTF-8,,not_extracted,0,0,{'Content-Type': 'text/html; charset=UTF-8'},1207849.0,,,,,,,,,
ce20ffdae2a53c621c4d,https://americanprogress.org/article/fact-sheet-protecting-advancing-health-care-transgender-adult-communities,2026-10-04T02:49:01.986772+00:00,americanprogress.org,False,http_error,0.0,403.0,https://www.americanprogress.org/article/fact-sheet-protecting-advancing-health-care-transgender-adult-communities,text/html; charset=UTF-8,,not_extracted,0,0,{'Content-Type': 'text/html; charset=UTF-8'},5914.0,,,,,,,,,
ceaae4f8b0c7affb4b99,https://onlinelibrary.wiley.com/doi/10.1111/puar.13497,2026-10-04T02:49:04.935568+00:00,wiley.com,False,http_error,0.0,403.0,https://onlinelibrary.wiley.com/doi/10.1111/puar.13497,text/html; charset=UTF-8,,not_extracted,0,0,{'Content-Type': 'text/html; charset=UTF-8'},5765.0,,,,,,,,,
cf6e50ed8ab733829e10,https://digitalcommons.liberty.edu/cgi/viewcontent.cgi?article=8700&context=doctoral,2026-10-04T02:49:05.934062+00:00,liberty.edu,False,http_error,0.0,403.0,https://digitalcommons.liberty.edu/cgi/viewcontent.cgi?article=8700&context=doctoral,text/html; charset=UTF-8,,not_extracted,0,0,{'Content-Type': 'text/html; charset=UTF-8'},5807.0,,,,,,,,,
cfa5b8762afbcf250fc8,https://tcf.org/content/report/advancing-health-equity-for-black-communities-through-insurance-reform,2026-10-04T02:49:07.097547+00:00,tcf.org,False,http_error,0.0,403.0,https://tcf.org/content/report/advancing-health-equity-for-black-communities-through-insurance-reform,text/html; charset=UTF-8,,not_extracted,0,0,{'Content-Type': 'text/html; charset=UTF-8'},4857.0,,,,,,,,,
d02fec0d45ede1aebf9b,https://cbpp.org/research/health/using-snap-data-for-medicaid-renewals-can-keep-eligible-beneficiaries-enrolled,2026-10-04T02:49:08.509802+00:00,cbpp.org,False,http_error,0.0,403.0,https://cbpp.org/research/health/using-snap-data-for-medicaid-renewals-can-keep-eligible-beneficiaries-enrolled,text/html; charset=UTF-8,,not_extracted,0,0,{'Content-Type': 'text/html; charset=UTF-8'},6158.0,,,,,,,,,
d0535f747cd36a56b206,https://psnet.ahrq.gov/perspective/ensuring-patient-and-workforce-safety-culture-healthcare,2026-10-04T02:49:09.485269+00:00,ahrq.gov,False,http_error,0.0,403.0,https://psnet.ahrq.gov/perspective/ensuring-patient-and-workforce-safety-culture-healthcare,text/html,,not_extracted,0,0,{'Content-Type': 'text/html'},986.0,,,,,,,,,
d08871979fe50398d067,https://digitalcommons.calpoly.edu/cgi/viewcontent.cgi?article=1010&context=coe_dean,2026-10-04T02:49:11.584803+00:00,calpoly.edu,False,http_error,0.0,403.0,https://digitalcommons.calpoly.edu/cgi/viewcontent.cgi?article=1010&context=coe_dean,text/html; charset=UTF-8,,not_extracted,0,0,{'Content-Type': 'text/html; charset=UTF-8'},5807.0,,,,,,,,,
d0a550a68fecf7fca168,https://journals.sagepub.com/doi/10.1177/02724316221142247,2026-10-04T02:49:12.814632+00:00,sagepub.com,False,http_error,0.0,403.0,https://journals.sagepub.com/doi/10.1177/02724316221142247,text/html; charset=UTF-8,,not_extracted,0,0,{'Content-Type': 'text/html; charset=UTF-8'},5762.0,,,,,,,,,
d1890756a60b73ad1abd,https://ama-assn.org/system/files/transgender-coverage-issue-brief.pdf,2026-10-04T02:49:15.069099+00:00,ama-assn.org,False,http_error,0.0,403.0,https://www.ama-assn.org/system/files/transgender-coverage-issue-brief.pdf,text/html; charset=UTF-8,,not_extracted,0,0,{'Content-Type': 'text/html; charset=UTF-8'},4549.0,,,,,,,,,
d1ab963fa1d1040ccb20,https://cbpp.org/research/streamlining-and-coordinating-benefit-programs-application-procedures,2026-10-04T02:49:15.868996+00:00,cbpp.org,False,http_error,0.0,403.0,https://cbpp.org/research/streamlining-and-coordinating-benefit-programs-application-procedures,text/html; charset=UTF-8,,not_extracted,0,0,{'Content-Type': 'text/html; charset=UTF-8'},6157.0,,,,,,,,,
d238c748ad89db5af572,https://sjcexchange.org/HigherLogic/Security/ScheduledForDeletion.aspx,2026-10-04T02:49:15.927756+00:00,sjcexchange.org,False,robots_disallowed,,,https://sjcexchange.org/HigherLogic/Security/ScheduledForDeletion.aspx,,,not_extracted,0,0,,,,,,,,,,,
d27c8750ae3d8e513f78,https://fahe.org/the-benefits-cliff-eliminating-barriers-to-transitioning-off-public-benefits,2026-10-04T02:49:16.750687+00:00,fahe.org,False,http_error,0.0,403.0,https://fahe.org/the-benefits-cliff-eliminating-barriers-to-transitioning-off-public-benefits,text/html; charset=UTF-8,,not_extracted,0,0,{'Content-Type': 'text/html; charset=UTF-8'},5861.0,,,,,,,,,
d2ca68f23ead6fa5fb5b,https://aecf.org/resources/improving-access-to-public-benefits,2026-10-04T02:49:19.689082+00:00,aecf.org,False,http_error,0.0,403.0,https://www.aecf.org/resources/improving-access-to-public-benefits,text/html; charset=UTF-8,,not_extracted,0,0,{'Content-Type': 'text/html; charset=UTF-8'},5708.0,,,,,,,,,
d3957e808a99d7ffee84,https://homelesshub.ca/blog/2023/five-arguments-trans-inclusion-homelessness-sector,2026-10-04T02:49:23.840189+00:00,homelesshub.ca,False,http_error,0.0,403.0,https://homelesshub.ca/blog/2023/five-arguments-trans-inclusion-homelessness-sector,text/html,,not_extracted,0,0,{'Content-Type': 'text/html'},52.0,,,,,,,,,
d43d78784f177271346d,https://researchgate.net/publication/247748498_Predictors_of_the_Police_Use_of_Force_The_Application_of_a_Continuum_Perspective_in_Phoenix,2026-10-04T02:49:26.650440+00:00,researchgate.net,False,http_error,0.0,403.0,https://www.researchgate.net/publication/247748498_Predictors_of_the_Police_Use_of_Force_The_Application_of_a_Continuum_Perspective_in_Phoenix,text/html; charset=UTF-8,,not_extracted,0,0,{'Content-Type': 'text/html; charset=UTF-8'},21138.0,,,,,,,,,
d4517863e07a363b01fe,https://otda.ny.gov/programs/snap,2026-10-04T02:49:27.465148+00:00,ny.gov,False,curl_error,56.0,0.0,https://otda.ny.gov/programs/snap,,curl: (56) Recv failure: Connection reset by peer,not_extracted,0,0,,,,,,,,,,,
d4b2ed9143a0c4445638,https://sciencedirect.com/science/article/abs/pii/S0149718918303823,2026-10-04T02:49:29.730102+00:00,sciencedirect.com,False,http_error,0.0,403.0,https://www.sciencedirect.com/science/article/abs/pii/S0149718918303823,text/html; charset=UTF-8,,not_extracted,0,0,{'Content-Type': 'text/html; charset=UTF-8'},1207905.0,,,,,,,,,
d4ba29bad9fb86cb87fd,https://tandfonline.com/doi/abs/10.2147/RMHP.S497337,2026-10-04T02:49:29.803699+00:00,tandfonline.com,False,http_error,0.0,403.0,https://tandfonline.com/doi/abs/10.2147/RMHP.S497337,text/html; charset=UTF-8,,not_extracted,0,0,{'Content-Type': 'text/html; charset=UTF-8'},5753.0,,,,,,,,,
d4f5913412b9f4dd4108,https://sciencedirect.com/science/article/abs/pii/S1359178920301452,2026-10-04T02:49:30.651266+00:00,sciencedirect.com,False,http_error,0.0,403.0,https://www.sciencedirect.com/science/article/abs/pii/S1359178920301452,text/html; charset=UTF-8,,not_extracted,0,0,{'Content-Type': 'text/html; charset=UTF-8'},1207905.0,,,,,,,,,
d6b6d3f9857de00d81ec,https://acl.gov/HousingAndServices/Homelessness,2026-10-04T02:49:37.717510+00:00,acl.gov,False,http_error,0.0,403.0,https://acl.gov/HousingAndServices/Homelessness,text/html,,not_extracted,0,0,{'Content-Type': 'text/html'},179.0,,,,,,,,,
d9e0b48aa427e28c276e,https://google.com/goto?url=CAESvwEB6zswFYOnKcjBcxXIYQO4Gz6GSU6dZ69EGs523IdwCoAODo7rDGd0mzbVSz7qwq3GSQ_gIj02_109G72IdC24lbwlWHjQ-CbkJtJhUJFFI881A1vWPis34mYEF3SOnSqL7jaXoTUYtIk2-cHVwYHmjn4yUPYmkMJm6dRiCucGa_BQbD0g8AIwvfUNGCwgdMd3wrGu8fCn8Nq-Vbs5aLrv5Y4KiIQMmZbPpZDwXZbgOQjeyNRW28N31wPtX2Xkuw,2026-10-04T02:49:45.538330+00:00,google.com,False,robots_disallowed,,,https://google.com/goto?url=CAESvwEB6zswFYOnKcjBcxXIYQO4Gz6GSU6dZ69EGs523IdwCoAODo7rDGd0mzbVSz7qwq3GSQ_gIj02_109G72IdC24lbwlWHjQ-CbkJtJhUJFFI881A1vWPis34mYEF3SOnSqL7jaXoTUYtIk2-cHVwYHmjn4yUPYmkMJm6dRiCucGa_BQbD0g8AIwvfUNGCwgdMd3wrGu8fCn8Nq-Vbs5aLrv5Y4KiIQMmZbPpZDwXZbgOQjeyNRW28N31wPtX2Xkuw,,,not_extracted,0,0,,,,,,,,,,,
da025fc3fb4e84ef3e4b,https://medium.com/@jeankquam/falling-behind-understanding-the-challenges-facing-latino-education-in-the-u-s-f92bd776110b,2026-10-04T02:49:45.538572+00:00,medium.com,False,http_error,0.0,403.0,https://medium.com/@jeankquam/falling-behind-understanding-the-challenges-facing-latino-education-in-the-u-s-f92bd776110b,text/html; charset=UTF-8,,not_extracted,0,0,{'Content-Type': 'text/html; charset=UTF-8'},5402.0,,,,,,,,,
db5e25af6b32a2dc326c,https://housingmatterssc.org/rise-in-latinx-and-hispanic-homelessness,2026-10-04T02:49:52.298862+00:00,housingmatterssc.org,False,http_error,0.0,403.0,https://housingmatterssc.org/rise-in-latinx-and-hispanic-homelessness,text/html,,not_extracted,0,0,{'Content-Type': 'text/html'},52.0,,,,,,,,,
dc9f31c4aa97bb7221e0,https://michiganmedicine.org/health-lab/health-care-access-gaps-people-disabilities,2026-10-04T02:49:59.348367+00:00,michiganmedicine.org,False,http_error,0.0,403.0,https://michiganmedicine.org/health-lab/health-care-access-gaps-people-disabilities,text/html; charset=UTF-8,,not_extracted,0,0,{'Content-Type': 'text/html; charset=UTF-8'},5764.0,,,,,,,,,
dcb63be64b3ec7af1b56,https://digitalcommons.odu.edu/cgi/viewcontent.cgi?article=1023&context=sociology_criminaljustice_etds,2026-10-04T02:49:59.691015+00:00,odu.edu,False,http_error,0.0,403.0,https://digitalcommons.odu.edu/cgi/viewcontent.cgi?article=1023&context=sociology_criminaljustice_etds,text/html; charset=UTF-8,,not_extracted,0,0,{'Content-Type': 'text/html; charset=UTF-8'},5912.0,,,,,,,,,
dd3a3796bc25c285c683,https://tandfonline.com/doi/abs/10.1300/J012v16n04_05,2026-10-04T02:50:05.018639+00:00,tandfonline.com,False,http_error,0.0,403.0,https://tandfonline.com/doi/abs/10.1300/J012v16n04_05,text/html; charset=UTF-8,,not_extracted,0,0,{'Content-Type': 'text/html; charset=UTF-8'},5756.0,,,,,,,,,
ddae8711636264112ac5,https://link.springer.com/article/10.1057/s41261-026-00344-y,2026-10-04T02:50:06.525740+00:00,springer.com,False,robots_disallowed,,,https://link.springer.com/article/10.1057/s41261-026-00344-y,,,not_extracted,0,0,,,,,,,,,,,
de1ede878e878af760d3,https://google.com/goto?url=CAESYAHrOzAV1-FsdU-iSDYU7z5lPElpnx4yLgmisnuafmyiYwA7yHAvISG6-KzGujdRpbEqZntDqWosgd8z2Mj7OPugwr3WRBfcshyya8a4Qob3lGgpn0QIlpN0NQJRe3xnzQ,2026-10-04T02:50:06.525932+00:00,google.com,False,robots_disallowed,,,https://google.com/goto?url=CAESYAHrOzAV1-FsdU-iSDYU7z5lPElpnx4yLgmisnuafmyiYwA7yHAvISG6-KzGujdRpbEqZntDqWosgd8z2Mj7OPugwr3WRBfcshyya8a4Qob3lGgpn0QIlpN0NQJRe3xnzQ,,,not_extracted,0,0,,,,,,,,,,,
de2bdeb1657c83f766b3,https://borgenproject.org/lack-of-access-to-education?ki-cf-botcl=1,2026-10-04T02:50:06.526071+00:00,borgenproject.org,False,http_error,0.0,403.0,https://borgenproject.org/lack-of-access-to-education?ki-cf-botcl=1,text/html; charset=UTF-8,,not_extracted,0,0,{'Content-Type': 'text/html; charset=UTF-8'},5695.0,,,,,,,,,
de878ec6e15882cf332e,https://archive-housingmatters.urban.org/articles/how-can-we-advance-latino-homeownership-and-housing-stability,2026-10-04T02:50:10.981688+00:00,urban.org,False,http_error,0.0,403.0,https://archive-housingmatters.urban.org/articles/how-can-we-advance-latino-homeownership-and-housing-stability,text/html; charset=UTF-8,,not_extracted,0,0,{'Content-Type': 'text/html; charset=UTF-8'},5974.0,,,,,,,,,
def99d1099c5b6eb8c19,https://cbpp.org/research/poverty-and-inequality/for-lgbtq-people-recent-anti-discrimination-advances-could-lessen,2026-10-04T02:50:13.668140+00:00,cbpp.org,False,http_error,0.0,403.0,https://cbpp.org/research/poverty-and-inequality/for-lgbtq-people-recent-anti-discrimination-advances-could-lessen,text/html; charset=UTF-8,,not_extracted,0,0,{'Content-Type': 'text/html; charset=UTF-8'},6157.0,,,,,,,,,
df138a449aa14d845450,https://journals.sagepub.com/doi/full/10.1177/00131245261436401,2026-10-04T02:50:13.809925+00:00,sagepub.com,False,http_error,0.0,403.0,https://journals.sagepub.com/doi/full/10.1177/00131245261436401,text/html; charset=UTF-8,,not_extracted,0,0,{'Content-Type': 'text/html; charset=UTF-8'},5777.0,,,,,,,,,
df368a14deec19a7b09c,https://link.springer.com/article/10.1007/s40847-024-00346-4,2026-10-04T02:50:14.572616+00:00,springer.com,False,robots_disallowed,,,https://link.springer.com/article/10.1007/s40847-024-00346-4,,,not_extracted,0,0,,,,,,,,,,,
df463b9cd8ea5a163548,https://aecf.org/blog/prioritizing-housing-security-for-young-people-and-families-during-the-pand,2026-10-04T02:50:14.632806+00:00,aecf.org,False,http_error,0.0,403.0,https://www.aecf.org/blog/prioritizing-housing-security-for-young-people-and-families-during-the-pand,text/html; charset=UTF-8,,not_extracted,0,0,{'Content-Type': 'text/html; charset=UTF-8'},5877.0,,,,,,,,,
df76840f6bd299c78b9a,https://americanprogress.org/article/discrimination-prevents-lgbtq-people-accessing-health-care,2026-10-04T02:50:17.815542+00:00,americanprogress.org,False,http_error,0.0,403.0,https://www.americanprogress.org/article/discrimination-prevents-lgbtq-people-accessing-health-care,text/html; charset=UTF-8,,not_extracted,0,0,{'Content-Type': 'text/html; charset=UTF-8'},5869.0,,,,,,,,,
dffd4aa0b0cd4865855d,https://proquest.com/openview/8111229575801516f615926b47af752b/1?cbl=18750&diss=y&pq-origsite=gscholar,2026-10-04T02:50:21.234056+00:00,proquest.com,False,curl_error,47.0,302.0,https://www.proquest.com/intermediateredirectforezproxy,text/html,curl: (47) Maximum (50) redirects followed,not_extracted,0,0,,,,,,,,,,,
e084a327a48bb17dfb1d,https://gao.gov/products/gao-22-104468,2026-10-04T02:50:22.675899+00:00,gao.gov,False,http_error,0.0,403.0,https://www.gao.gov/products/gao-22-104468,text/html,,not_extracted,0,0,{'Content-Type': 'text/html'},399.0,,,,,,,,,
e100485c5eeb9b2c92ca,https://scholarworks.sjsu.edu/cgi/viewcontent.cgi?article=1061&context=themis,2026-10-04T02:50:30.076615+00:00,sjsu.edu,False,http_error,0.0,403.0,https://scholarworks.sjsu.edu/cgi/viewcontent.cgi?article=1061&context=themis,text/html; charset=UTF-8,,not_extracted,0,0,{'Content-Type': 'text/html; charset=UTF-8'},5774.0,,,,,,,,,
e10f01d0aa6426d9b7f0,https://ssa.gov/disability/step4and5.htm,2026-10-04T02:50:30.845760+00:00,ssa.gov,False,curl_error,60.0,0.0,https://ssa.gov/disability/step4and5.htm,,"curl: (60) SSL certificate problem: unable to get local issuer certificate
More details here: https://curl.se/docs/sslcerts.html

curl failed to verify the legitimacy of the server and therefore could not
establish a secure connection to it. To learn more about this situation and
how to fix it, please visit the web page mentioned above.",not_extracted,0,0,,,,,,,,,,,
e1cad6122fdb16efa41a,https://academic.oup.com/epirev/article/48/1/mxag004/8512140,2026-10-04T02:50:31.263541+00:00,oup.com,False,http_error,0.0,403.0,https://academic.oup.com/epirev/article/48/1/mxag004/8512140,text/html; charset=UTF-8,,not_extracted,0,0,{'Content-Type': 'text/html; charset=UTF-8'},5661.0,,,,,,,,,
e2ed1e61fb969c56cbe9,https://americanprogress.org/article/5-reasons-support-affirmative-action-college-admissions,2026-10-04T02:50:37.552281+00:00,americanprogress.org,False,http_error,0.0,403.0,https://www.americanprogress.org/article/5-reasons-support-affirmative-action-college-admissions,text/html; charset=UTF-8,,not_extracted,0,0,{'Content-Type': 'text/html; charset=UTF-8'},5839.0,,,,,,,,,
e3150dc8f93248f29d4f,https://redbanklegal.com/2026/01/15/disability-discrimination-law-firm,2026-10-04T02:50:41.812176+00:00,redbanklegal.com,False,http_error,0.0,403.0,http://www.redbanklegal.com/2026/01/15/disability-discrimination-law-firm,text/html; charset=UTF-8,,not_extracted,0,0,{'Content-Type': 'text/html; charset=UTF-8'},5717.0,,,,,,,,,
e3ce18f84c506fd95d7f,https://linkedin.com/pulse/50-key-factors-influencing-hiring-decisions-shailesh-kumar-mehta-sqthf,2026-10-04T02:50:43.938420+00:00,linkedin.com,False,robots_disallowed,,,https://linkedin.com/pulse/50-key-factors-influencing-hiring-decisions-shailesh-kumar-mehta-sqthf,,,not_extracted,0,0,,,,,,,,,,,
e3e140b40c2eb058683f,https://medium.com/@ucgeorge/the-hidden-factors-that-impact-your-career-growth-0792e5210f18,2026-10-04T02:50:43.939013+00:00,medium.com,False,http_error,0.0,403.0,https://medium.com/@ucgeorge/the-hidden-factors-that-impact-your-career-growth-0792e5210f18,text/html; charset=UTF-8,,not_extracted,0,0,{'Content-Type': 'text/html; charset=UTF-8'},5402.0,,,,,,,,,
e4070c292d221e1580ab,https://link.springer.com/article/10.1007/s13178-025-01182-9,2026-10-04T02:50:45.705935+00:00,springer.com,False,robots_disallowed,,,https://link.springer.com/article/10.1007/s13178-025-01182-9,,,not_extracted,0,0,,,,,,,,,,,
e44728089487fd06fde7,https://edsource.org/updates/more-black-and-latino-students-are-applying-for-colleges-but-fewer-are-getting-in,2026-10-04T02:50:45.706128+00:00,edsource.org,False,http_error,0.0,403.0,https://edsource.org/updates/more-black-and-latino-students-are-applying-for-colleges-but-fewer-are-getting-in,text/html,,not_extracted,0,0,{'Content-Type': 'text/html'},103.0,,,,,,,,,
e4611b486758bcaf966e,https://cbpp.org/research/geographic-pattern-of-disability-receipt-largely-reflects-economic-and-demographic-factors,2026-10-04T02:50:48.376165+00:00,cbpp.org,False,http_error,0.0,403.0,https://cbpp.org/research/geographic-pattern-of-disability-receipt-largely-reflects-economic-and-demographic-factors,text/html; charset=UTF-8,,not_extracted,0,0,{'Content-Type': 'text/html; charset=UTF-8'},6158.0,,,,,,,,,
e54df6359994b4c428fb,http://nami.org/advocacy-at-nami/policy-positions/supporting-community-inclusion-and-non-discrimination/social-determinants-of-health-housing,2026-10-04T02:50:51.557733+00:00,nami.org,False,http_error,0.0,403.0,https://nami.org/advocacy-at-nami/policy-positions/supporting-community-inclusion-and-non-discrimination/social-determinants-of-health-housing,text/html; charset=UTF-8,,not_extracted,0,0,{'Content-Type': 'text/html; charset=UTF-8'},6072.0,,,,,,,,,
e55c1ef739b07c74ad84,https://wol.iza.org/articles/sexual-orientation-and-labor-market-outcomes/long,2026-10-04T02:50:52.194861+00:00,iza.org,False,robots_disallowed,,,https://wol.iza.org/articles/sexual-orientation-and-labor-market-outcomes/long,,,not_extracted,0,0,,,,,,,,,,,
e57b55d6f8be5ad173cc,https://journals.uchicago.edu/doi/full/10.1086%2F701423,2026-10-04T02:50:52.195057+00:00,uchicago.edu,False,http_error,0.0,403.0,https://journals.uchicago.edu/doi/full/10.1086%2F701423,text/html; charset=UTF-8,,not_extracted,0,0,{'Content-Type': 'text/html; charset=UTF-8'},5750.0,,,,,,,,,
e5d1b70b8330a164f383,https://scholarworks.calstate.edu/downloads/bv73c633w,2026-10-04T02:50:54.527076+00:00,calstate.edu,False,http_error,0.0,403.0,https://scholarworks.calstate.edu/downloads/bv73c633w,text/html; charset=UTF-8,,not_extracted,0,0,{'Content-Type': 'text/html; charset=UTF-8'},4910.0,,,,,,,,,
e5ee56ed37d8b4c34dd4,https://studentscholarships.org/articles/856/education-and-equity-bridging-the-opportunity-gap,2026-10-04T02:50:56.040959+00:00,studentscholarships.org,False,http_error,0.0,403.0,https://studentscholarships.org/articles/856/education-and-equity-bridging-the-opportunity-gap,text/html; charset=UTF-8,,not_extracted,0,0,{'Content-Type': 'text/html; charset=UTF-8'},5835.0,,,,,,,,,
e63e646c68042089a365,https://jec.senate.gov/public/_cache/files/2756e78d-cd64-4413-8d26-a4f9c2756947/banking-and-financial-exclusion-final.pdf,2026-10-04T02:50:57.079650+00:00,senate.gov,False,http_error,0.0,403.0,https://www.jec.senate.gov/public/_cache/files/2756e78d-cd64-4413-8d26-a4f9c2756947/banking-and-financial-exclusion-final.pdf,text/html,,not_extracted,0,0,{'Content-Type': 'text/html'},566.0,,,,,,,,,
e6834740e8a7bf5c9b9e,https://healthaffairs.org/doi/10.1377/hlthaff.2024.00672,2026-10-04T02:50:58.080768+00:00,healthaffairs.org,False,http_error,0.0,403.0,https://healthaffairs.org/doi/10.1377/hlthaff.2024.00672,text/html; charset=UTF-8,,not_extracted,0,0,{'Content-Type': 'text/html; charset=UTF-8'},5719.0,,,,,,,,,
e6e6bd74c1e8f1785dfb,https://homelesshub.ca/collection/homelessness-101/what-are-the-causes-of-homelessness,2026-10-04T02:50:58.174347+00:00,homelesshub.ca,False,http_error,0.0,403.0,https://homelesshub.ca/collection/homelessness-101/what-are-the-causes-of-homelessness,text/html,,not_extracted,0,0,{'Content-Type': 'text/html'},52.0,,,,,,,,,
e7ee35e8768cc98b3be8,https://urban.org/urban-wire/improving-homebuying-opportunities-latino-families-would-benefit-entire-housing-market,2026-10-04T02:51:01.057525+00:00,urban.org,False,http_error,0.0,403.0,https://www.urban.org/urban-wire/improving-homebuying-opportunities-latino-families-would-benefit-entire-housing-market,text/html; charset=UTF-8,,not_extracted,0,0,{'Content-Type': 'text/html; charset=UTF-8'},6014.0,,,,,,,,,
e94d3e3e9b396dc106dd,https://ed.gov/laws-and-policy/civil-rights-laws/ensuring-equal-access,2026-10-04T02:51:08.768220+00:00,ed.gov,False,http_error,0.0,403.0,https://www.ed.gov/laws-and-policy/civil-rights-laws/ensuring-equal-access,text/html,,not_extracted,0,0,{'Content-Type': 'text/html'},11706.0,,,,,,,,,
e971ba7c6e8e610c6260,https://opportunityhome.org/resources/disability-rights-advocates-and-housing-fact-sheet,2026-10-04T02:51:10.521516+00:00,opportunityhome.org,False,http_error,0.0,404.0,https://opportunityhome.org/resources/disability-rights-advocates-and-housing-fact-sheet,text/plain; charset=utf-8,,not_extracted,0,0,{'Content-Type': 'text/plain; charset=utf-8'},10.0,,,,,,,,,
ea09a7afcf87a62cdf50,https://apa.org/topics/healthy-workplaces/growth-opportunities,2026-10-04T02:51:13.907840+00:00,apa.org,True,downloaded,0.0,200.0,https://www.apa.org/topics/healthy-workplaces/growth-opportunities,text/html,,empty_text,0,0,{'Content-Type': 'text/html'},212.0,,html,/scratch/victoria.estanislau/ai-summary/annotations/v2_ny/source_corpus/raw/ea09a7afcf87a62cdf50.html,/scratch/victoria.estanislau/ai-summary/annotations/v2_ny/source_corpus/text/ea09a7afcf87a62cdf50.txt,,,,apa.org,https://www.apa.org/topics/healthy-workplaces/growth-opportunities
ea20398a95be00073735,https://cepr.org/voxeu/columns/gender-bias-access-finance-and-implications-capital-misallocation,2026-10-04T02:51:14.551230+00:00,cepr.org,False,http_error,0.0,403.0,https://cepr.org/voxeu/columns/gender-bias-access-finance-and-implications-capital-misallocation,text/html; charset=UTF-8,,not_extracted,0,0,{'Content-Type': 'text/html; charset=UTF-8'},5797.0,,,,,,,,,
eaf961400280cf40c99a,https://scholarworks.wmich.edu/cgi/viewcontent.cgi?article=3024&context=jssw,2026-10-04T02:51:17.694832+00:00,wmich.edu,False,http_error,0.0,403.0,https://scholarworks.wmich.edu/cgi/viewcontent.cgi?article=3024&context=jssw,text/html; charset=UTF-8,,not_extracted,0,0,{'Content-Type': 'text/html; charset=UTF-8'},5791.0,,,,,,,,,
eb1c571f7cc9642b549b,https://sciencedirect.com/science/article/abs/pii/S1544612316300459,2026-10-04T02:51:17.982576+00:00,sciencedirect.com,False,http_error,0.0,403.0,https://www.sciencedirect.com/science/article/abs/pii/S1544612316300459,text/html; charset=UTF-8,,not_extracted,0,0,{'Content-Type': 'text/html; charset=UTF-8'},1207905.0,,,,,,,,,
eb536516942e3c316472,https://ussc.gov/sites/default/files/pdf/research-and-publications/research-publications/2023/20231114_Demographic-Differences.pdf,2026-10-04T02:51:19.960234+00:00,ussc.gov,False,curl_error,6.0,0.0,https://ussc.gov/sites/default/files/pdf/research-and-publications/research-publications/2023/20231114_Demographic-Differences.pdf,,"curl: (6) Could not resolve host: ussc.gov
curl: (6) Could not resolve host: ussc.gov",not_extracted,0,0,,,,,,,,,,,
ebcb0c2c35c0eeeb5c23,https://psnet.ahrq.gov/perspective/equity-patient-safety,2026-10-04T02:51:21.180868+00:00,ahrq.gov,False,http_error,0.0,403.0,https://psnet.ahrq.gov/perspective/equity-patient-safety,text/html,,not_extracted,0,0,{'Content-Type': 'text/html'},986.0,,,,,,,,,
ec26790291d393dae7d6,https://compass.onlinelibrary.wiley.com/doi/10.1111/j.1751-9020.2012.00459.x,2026-10-04T02:51:21.301766+00:00,wiley.com,False,http_error,0.0,403.0,https://compass.onlinelibrary.wiley.com/doi/10.1111/j.1751-9020.2012.00459.x,text/html; charset=UTF-8,,not_extracted,0,0,{'Content-Type': 'text/html; charset=UTF-8'},5837.0,,,,,,,,,
ec6cfa598c1cb6ab0699,https://facebook.com/wqad8/posts/a-first-of-its-kind-report-was-released-earlier-this-year-examining-the-structur/1639230681123662,2026-10-04T02:51:21.730092+00:00,facebook.com,False,robots_disallowed,,,https://facebook.com/wqad8/posts/a-first-of-its-kind-report-was-released-earlier-this-year-examining-the-structur/1639230681123662,,,not_extracted,0,0,,,,,,,,,,,
ec7b44c925312f6e6a62,https://gao.gov/women-and-gender-public-policy,2026-10-04T02:51:21.730386+00:00,gao.gov,False,http_error,0.0,403.0,https://www.gao.gov/women-and-gender-public-policy,text/html,,not_extracted,0,0,{'Content-Type': 'text/html'},411.0,,,,,,,,,
ec7d704bca1818930516,https://sciencedirect.com/science/article/pii/S0929119920302261,2026-10-04T02:51:22.567888+00:00,sciencedirect.com,False,http_error,0.0,403.0,https://www.sciencedirect.com/science/article/pii/S0929119920302261,text/html; charset=UTF-8,,not_extracted,0,0,{'Content-Type': 'text/html; charset=UTF-8'},1207849.0,,,,,,,,,
ed19e9cbb61aa338feb4,https://voxdev.org/voxdevlit/female-labour-force-participation-issue-2/factors-affect-employers-decision-hire-female,2026-10-04T02:51:24.523989+00:00,voxdev.org,False,http_error,0.0,403.0,https://voxdev.org/voxdevlit/female-labour-force-participation-issue-2/factors-affect-employers-decision-hire-female,text/html; charset=UTF-8,,not_extracted,0,0,{'Content-Type': 'text/html; charset=UTF-8'},5947.0,,,,,,,,,
edecf6db877cd8e55ff2,https://linkedin.com/top-content/career/barriers-to-career-growth/overlooked-factors-in-women-s-career-success,2026-10-04T02:51:28.437997+00:00,linkedin.com,False,robots_disallowed,,,https://linkedin.com/top-content/career/barriers-to-career-growth/overlooked-factors-in-women-s-career-success,,,not_extracted,0,0,,,,,,,,,,,
ee881b80a2ffa0e2ade3,https://onlinelibrary.wiley.com/doi/10.1111/joca.12343,2026-10-04T02:51:30.252457+00:00,wiley.com,False,http_error,0.0,403.0,https://onlinelibrary.wiley.com/doi/10.1111/joca.12343,text/html; charset=UTF-8,,not_extracted,0,0,{'Content-Type': 'text/html; charset=UTF-8'},5765.0,,,,,,,,,
eee1f674780ef1f1ed0e,https://google.com/goto?url=CAESjwEB6zswFQ00gO8lp1jRc6zlL6bBJRAQ6TyNSANaYltnumSBcm3Bbqb2MEhPX9Me6jakvtq9u0QC2tiTnQjJKu1vfq74TUUfQvzwgUzaA_UWedaOCJr-PLCwZyL7nxZYlo79U8oXM4K2XpcaTqxGB5mq74fVK4KyzyDdzpcH77k8MMTT_8dzwITjGcb3eP8RNA,2026-10-04T02:51:32.731454+00:00,google.com,False,robots_disallowed,,,https://google.com/goto?url=CAESjwEB6zswFQ00gO8lp1jRc6zlL6bBJRAQ6TyNSANaYltnumSBcm3Bbqb2MEhPX9Me6jakvtq9u0QC2tiTnQjJKu1vfq74TUUfQvzwgUzaA_UWedaOCJr-PLCwZyL7nxZYlo79U8oXM4K2XpcaTqxGB5mq74fVK4KyzyDdzpcH77k8MMTT_8dzwITjGcb3eP8RNA,,,not_extracted,0,0,,,,,,,,,,,
eeeb01c5f98c311eb587,https://sciencedirect.com/science/article/pii/S0929119922001584,2026-10-04T02:51:32.731718+00:00,sciencedirect.com,False,http_error,0.0,403.0,https://www.sciencedirect.com/science/article/pii/S0929119922001584,text/html; charset=UTF-8,,not_extracted,0,0,{'Content-Type': 'text/html; charset=UTF-8'},1207871.0,,,,,,,,,
ef0fccbe8b397fd5725e,https://nytimes.com/2024/06/03/us/politics/medicaid-reenrollment-black-hispanic.html,2026-10-04T02:51:34.822372+00:00,nytimes.com,False,http_error,0.0,403.0,https://www.nytimes.com/2024/06/03/us/politics/medicaid-reenrollment-black-hispanic.html,text/html;charset=utf-8,,not_extracted,0,0,{'Content-Type': 'text/html;charset=utf-8'},771.0,,,,,,,,,
f0a17de66346b422c1d0,https://urban.org/research/publication/people-disabilities-living-us-face-urgent-barriers-housing,2026-10-04T02:51:39.066691+00:00,urban.org,False,http_error,0.0,403.0,https://www.urban.org/research/publication/people-disabilities-living-us-face-urgent-barriers-housing,text/html; charset=UTF-8,,not_extracted,0,0,{'Content-Type': 'text/html; charset=UTF-8'},5939.0,,,,,,,,,
f0db666701ff351ea267,https://preprints.org/manuscript/202410.0403/v1,2026-10-04T02:51:39.851647+00:00,preprints.org,False,http_error,0.0,403.0,https://preprints.org/manuscript/202410.0403/v1,text/html,,not_extracted,0,0,{'Content-Type': 'text/html'},398.0,,,,,,,,,
f1f322951bb563e6320a,https://researchgate.net/publication/372905281_Administrative_Burdens_and_Economic_Insecurity_Among_Black_Latino_and_White_Families,2026-10-04T02:51:40.970121+00:00,researchgate.net,False,http_error,0.0,403.0,https://www.researchgate.net/publication/372905281_Administrative_Burdens_and_Economic_Insecurity_Among_Black_Latino_and_White_Families,text/html; charset=UTF-8,,not_extracted,0,0,{'Content-Type': 'text/html; charset=UTF-8'},21138.0,,,,,,,,,
f207cfdba70c76b9c8a6,https://researchgate.net/publication/391420316_Access_Denied_Enrollment_and_Retention_Challenges_for_Transgender_Students,2026-10-04T02:51:42.688705+00:00,researchgate.net,False,http_error,0.0,403.0,https://www.researchgate.net/publication/391420316_Access_Denied_Enrollment_and_Retention_Challenges_for_Transgender_Students,text/html; charset=UTF-8,,not_extracted,0,0,{'Content-Type': 'text/html; charset=UTF-8'},21138.0,,,,,,,,,
f456c2e05709aa038238,https://repositories.lib.utexas.edu/items/17ba30b4-025e-4d71-af1c-6f1d988445d1,2026-10-04T02:51:48.895146+00:00,utexas.edu,False,http_error,0.0,403.0,https://repositories.lib.utexas.edu/items/17ba30b4-025e-4d71-af1c-6f1d988445d1,text/html,,not_extracted,0,0,{'Content-Type': 'text/html'},919.0,,,,,,,,,
f497b1c93274e3fb3f4a,https://tuc.org.uk/research-analysis/reports/bullying-harassment-and-discrimination-lgbt-people-workplace,2026-10-04T02:51:48.982002+00:00,tuc.org.uk,False,http_error,0.0,403.0,https://www.tuc.org.uk/research-analysis/reports/bullying-harassment-and-discrimination-lgbt-people-workplace,text/html; charset=UTF-8,,not_extracted,0,0,{'Content-Type': 'text/html; charset=UTF-8'},5897.0,,,,,,,,,
f4ed77128ae6a6f08b44,https://epi.org/unequalpower/publications/understanding-black-white-disparities-in-labor-market-outcomes,2026-10-04T02:51:49.226764+00:00,epi.org,False,http_error,0.0,403.0,https://epi.org/unequalpower/publications/understanding-black-white-disparities-in-labor-market-outcomes,text/html; charset=UTF-8,,not_extracted,0,0,{'Content-Type': 'text/html; charset=UTF-8'},5864.0,,,,,,,,,
f50c2056208064c7c952,https://cdc.gov/places/measure-definitions/prevention.html,2026-10-04T02:51:51.645440+00:00,cdc.gov,False,http_error,0.0,403.0,https://cdc.gov/places/measure-definitions/prevention.html,text/html,,not_extracted,0,0,{'Content-Type': 'text/html'},413.0,,,,,,,,,
f552be868377ebcb3e62,https://aecf.org/blog/racial-inequality-in-education,2026-10-04T02:51:51.951095+00:00,aecf.org,False,http_error,0.0,403.0,https://www.aecf.org/blog/racial-inequality-in-education,text/html; charset=UTF-8,,not_extracted,0,0,{'Content-Type': 'text/html; charset=UTF-8'},5678.0,,,,,,,,,
f62ef303d6874e05ede7,https://americanprogress.org/article/lgbtqi-people-are-underinsured-and-experience-health-insurance-discrimination-in-key-areas,2026-10-04T02:51:57.878407+00:00,americanprogress.org,False,http_error,0.0,403.0,https://www.americanprogress.org/article/lgbtqi-people-are-underinsured-and-experience-health-insurance-discrimination-in-key-areas,text/html; charset=UTF-8,,not_extracted,0,0,{'Content-Type': 'text/html; charset=UTF-8'},6008.0,,,,,,,,,
f6894e6336bab15580f5,https://corescholar.libraries.wright.edu/cgi/viewcontent.cgi?article=2710&context=etd_all,2026-10-04T02:51:59.972103+00:00,wright.edu,False,http_error,0.0,403.0,https://corescholar.libraries.wright.edu/cgi/viewcontent.cgi?article=2710&context=etd_all,text/html; charset=UTF-8,,not_extracted,0,0,{'Content-Type': 'text/html; charset=UTF-8'},5832.0,,,,,,,,,
f68fae81696e5183ceac,https://wcnc.com/article/life/holidays/black-history-month/investopedia-report-financial-disparities-credit-scores-black-hispanic-native-communities/275-4f317033-2a1d-459a-b38c-1e9e43860e1e,2026-10-04T02:52:00.000093+00:00,wcnc.com,False,http_error,0.0,403.0,https://www.wcnc.com/article/life/holidays/black-history-month/investopedia-report-financial-disparities-credit-scores-black-hispanic-native-communities/275-4f317033-2a1d-459a-b38c-1e9e43860e1e,text/html,,not_extracted,0,0,{'Content-Type': 'text/html'},620.0,,,,,,,,,
f6af88bbf431c831beb1,https://scholarcommons.sc.edu/cgi/viewcontent.cgi?article=1006&context=crim_facpub,2026-10-04T02:52:00.010739+00:00,sc.edu,False,http_error,0.0,403.0,https://scholarcommons.sc.edu/cgi/viewcontent.cgi?article=1006&context=crim_facpub,text/html; charset=UTF-8,,not_extracted,0,0,{'Content-Type': 'text/html; charset=UTF-8'},5811.0,,,,,,,,,
f70b8298fc944a353a19,https://sciencedirect.com/science/article/abs/pii/S0047235220300684,2026-10-04T02:52:01.141523+00:00,sciencedirect.com,False,http_error,0.0,403.0,https://www.sciencedirect.com/science/article/abs/pii/S0047235220300684,text/html; charset=UTF-8,,not_extracted,0,0,{'Content-Type': 'text/html; charset=UTF-8'},1207905.0,,,,,,,,,
f7618c663e12a3e7225d,https://offitkurman.com/offit-kurman-blogs/essential-legal-documents-transpeople-must-update-for-protection,2026-10-04T02:52:03.993763+00:00,offitkurman.com,False,http_error,0.0,403.0,https://www.offitkurman.com/offit-kurman-blogs/essential-legal-documents-transpeople-must-update-for-protection,text/html; charset=UTF-8,,not_extracted,0,0,{'Content-Type': 'text/html; charset=UTF-8'},5893.0,,,,,,,,,
f7651059ee321a0fa4e6,https://americanprogress.org/article/advancing-economic-security-people-disabilities,2026-10-04T02:52:07.185221+00:00,americanprogress.org,False,http_error,0.0,403.0,https://www.americanprogress.org/article/advancing-economic-security-people-disabilities,text/html; charset=UTF-8,,not_extracted,0,0,{'Content-Type': 'text/html; charset=UTF-8'},5815.0,,,,,,,,,
f8da42d42df89f65688b,https://americanbar.org/groups/diversity/sexual_orientation/publications/equalizer/2019-july/impact-of-incarceration-and-policing-in-our-community,2026-10-04T02:52:10.663777+00:00,americanbar.org,False,http_error,0.0,403.0,https://americanbar.org/groups/diversity/sexual_orientation/publications/equalizer/2019-july/impact-of-incarceration-and-policing-in-our-community,text/html; charset=UTF-8,,not_extracted,0,0,{'Content-Type': 'text/html; charset=UTF-8'},6092.0,,,,,,,,,
f9a04b1ac569dcdba52f,https://mdpi.com/1660-4601/19/8/4502,2026-10-04T02:52:12.248749+00:00,mdpi.com,False,http_error,0.0,403.0,https://mdpi.com/1660-4601/19/8/4502,text/html,,not_extracted,0,0,{'Content-Type': 'text/html'},391.0,,,,,,,,,
fa826f7b52a5840332f9,https://foxrothschild.com/publications/the-eeocs-enforcement-guidance-on-harassment-in-the-workplace-what-employers-need-to-know,2026-10-04T02:52:14.693717+00:00,foxrothschild.com,False,http_error,0.0,403.0,https://www.foxrothschild.com/publications/the-eeocs-enforcement-guidance-on-harassment-in-the-workplace-what-employers-need-to-know,text/html; charset=UTF-8,,not_extracted,0,0,{'Content-Type': 'text/html; charset=UTF-8'},6017.0,,,,,,,,,
faaf6ee34b43ee3962e3,https://tandfonline.com/doi/full/10.1080/15348431.2024.2333885,2026-10-04T02:52:14.739887+00:00,tandfonline.com,False,http_error,0.0,403.0,https://tandfonline.com/doi/full/10.1080/15348431.2024.2333885,text/html; charset=UTF-8,,not_extracted,0,0,{'Content-Type': 'text/html; charset=UTF-8'},5805.0,,,,,,,,,
fae834cfbefcbd5521c4,https://nhchc.org/wp-content/uploads/2019/08/in-focus_transgender_sep2014_final.pdf,2026-10-04T02:52:15.688634+00:00,nhchc.org,False,http_error,0.0,403.0,https://nhchc.org/wp-content/uploads/2019/08/in-focus_transgender_sep2014_final.pdf,text/html,,not_extracted,0,0,{'Content-Type': 'text/html'},52.0,,,,,,,,,
fb0dfff5ec86ba8d6cd1,https://cato.org/sites/cato.org/files/serials/files/cato-journal/1995/11/cj15n2-3-5.pdf,2026-10-04T02:52:16.934628+00:00,cato.org,False,http_error,0.0,403.0,https://www.cato.org/sites/cato.org/files/serials/files/cato-journal/1995/11/cj15n2-3-5.pdf,text/html,,not_extracted,0,0,{'Content-Type': 'text/html'},884.0,,,,,,,,,
fb8b1f823b432a9f612a,https://scholars.org/brief/how-federal-government-policies-have-helped-women-earn-college-degrees,2026-10-04T02:52:17.901387+00:00,scholars.org,False,http_error,0.0,403.0,https://scholars.org/brief/how-federal-government-policies-have-helped-women-earn-college-degrees,text/html; charset=UTF-8,,not_extracted,0,0,{'Content-Type': 'text/html; charset=UTF-8'},5844.0,,,,,,,,,
fbe40da610701a77acf3,https://digitalgovernmenthub.org/library/fewer-burdens-but-greater-inequality-reevaluating-the-safety-net-through-the-lens-of-administrative-burden,2026-10-04T02:52:19.047293+00:00,digitalgovernmenthub.org,False,robots_disallowed,,,https://digitalgovernmenthub.org/library/fewer-burdens-but-greater-inequality-reevaluating-the-safety-net-through-the-lens-of-administrative-burden,,,not_extracted,0,0,,,,,,,,,,,
fd671b6e0608b9cf2e0b,https://urban.org/urban-wire/how-can-we-reduce-housing-instability-among-lgbtq-americans,2026-10-04T02:52:27.344468+00:00,urban.org,False,http_error,0.0,403.0,https://www.urban.org/urban-wire/how-can-we-reduce-housing-instability-among-lgbtq-americans,text/html; charset=UTF-8,,not_extracted,0,0,{'Content-Type': 'text/html; charset=UTF-8'},5891.0,,,,,,,,,
fdc0935d622d821f9d9c,https://equineteurope.org/wp-content/uploads/2021/01/Women-in-Poverty_-Access-to-Education.pdf,2026-10-04T02:52:27.902178+00:00,equineteurope.org,False,http_error,0.0,403.0,https://equineteurope.org/wp-content/uploads/2021/01/Women-in-Poverty_-Access-to-Education.pdf,text/html; charset=UTF-8,,not_extracted,0,0,{'Content-Type': 'text/html; charset=UTF-8'},5718.0,,,,,,,,,
fdef0ff68550ff94af47,https://sciencedirect.com/science/article/abs/pii/S1053482213000648,2026-10-04T02:52:28.673594+00:00,sciencedirect.com,False,http_error,0.0,403.0,https://www.sciencedirect.com/science/article/abs/pii/S1053482213000648,text/html; charset=UTF-8,,not_extracted,0,0,{'Content-Type': 'text/html; charset=UTF-8'},1207883.0,,,,,,,,,
fefb43cfbc966d91f8bd,https://naspa.org/blog/supporting-queer-and-trans-college-students-amidst-political-turmoil,2026-10-04T02:52:31.462813+00:00,naspa.org,False,http_error,0.0,403.0,https://www.naspa.org/blog/supporting-queer-and-trans-college-students-amidst-political-turmoil,text/html; charset=UTF-8,,not_extracted,0,0,{'Content-Type': 'text/html; charset=UTF-8'},10153.0,,,,,,,,,
ffad66be1cd04074d5dd,https://stopbullying.gov/sites/default/files/2017-09/lgbtyouthtipsheet.pdf,2026-10-04T02:52:33.708013+00:00,stopbullying.gov,False,http_error,0.0,403.0,https://www.stopbullying.gov/sites/default/files/2017-09/lgbtyouthtipsheet.pdf,text/html,,not_extracted,0,0,{'Content-Type': 'text/html'},447.0,,,,,,,,,
