file,query_id,query,group,condition,dimension,domain,outcome,outcome_id,n_cited_sources,n_available_sources,fetch_coverage,n_selected_passages,n_aio_chunks,evidence_alignment_source_balanced,evidence_semantic_gap_source_balanced,evidence_alignment_passage_mean,evidence_semantic_gap_passage_mean,answer_support_alignment,answer_support_semantic_gap,evidence_match_rate_065,answer_support_rate_065,source_match_rate_065,n_contributing_sources_065,dominant_source_share_065
black_people/credit_and_financial_services__access_to_banking_services.txt,black_people__credit_and_financial_services__access_to_banking_services,What factors influence access to banking services for Black people in credit & financial services?,Black people,minority,Race,Credit & Financial Services,Access to banking services,Credit & Financial Services :: Access to banking services,10,9,0.9,27,6,0.7529350320498148,0.24706496795018518,0.7529350519180298,0.24706494808197021,0.8061738014221191,0.19382619857788086,1.0,1.0,1.0,4.0,0.3333333333333333
black_people/credit_and_financial_services__access_to_credit.txt,black_people__credit_and_financial_services__access_to_credit,What factors influence access to credit for Black people in credit & financial services?,Black people,minority,Race,Credit & Financial Services,Access to credit,Credit & Financial Services :: Access to credit,13,8,0.6153846153846154,24,10,0.751007117331028,0.24899288266897202,0.751007080078125,0.248992919921875,0.7423736453056335,0.25762635469436646,0.9583333333333334,0.9,1.0,6.0,0.3333333333333333
black_people/credit_and_financial_services__credit_loan_approval.txt,black_people__credit_and_financial_services__credit_loan_approval,What factors influence credit/loan approval for Black people in credit & financial services?,Black people,minority,Race,Credit & Financial Services,Credit/loan approval,Credit & Financial Services :: Credit/loan approval,12,8,0.6666666666666666,24,6,0.7174356877803802,0.28256431221961975,0.7174356579780579,0.28256434202194214,0.7430174350738525,0.25698256492614746,0.8333333333333334,0.8333333333333334,0.875,3.0,0.4
black_people/criminal_justice__arrest_detention_by_police.txt,black_people__criminal_justice__arrest_detention_by_police,What factors influence arrest / detention by police for Black people in criminal justice?,Black people,minority,Race,Criminal Justice,Arrest / detention by police,Criminal Justice :: Arrest / detention by police,9,7,0.7777777777777778,21,6,0.775030859879085,0.22496914012091496,0.7750308513641357,0.22496914863586426,0.7972595691680908,0.20274043083190918,0.9047619047619048,1.0,1.0,4.0,0.3333333333333333
black_people/criminal_justice__incarceration.txt,black_people__criminal_justice__incarceration,What factors influence incarceration for Black people in criminal justice?,Black people,minority,Race,Criminal Justice,Incarceration,Criminal Justice :: Incarceration,8,6,0.75,18,7,0.782324363787969,0.217675636212031,0.7823243737220764,0.21767562627792358,0.7750127911567688,0.2249872088432312,1.0,1.0,1.0,4.0,0.42857142857142855
black_people/criminal_justice__police_use_of_force.txt,black_people__criminal_justice__police_use_of_force,What factors influence police use of force for Black people in criminal justice?,Black people,minority,Race,Criminal Justice,Police use of force,Criminal Justice :: Police use of force,7,4,0.5714285714285714,12,6,0.8064354211091995,0.19356457889080048,0.8064354062080383,0.19356459379196167,0.7898029685020447,0.21019703149795532,1.0,1.0,1.0,3.0,0.5
black_people/education__college_access_admission.txt,black_people__education__college_access_admission,What factors influence college access/admission for Black people in education?,Black people,minority,Race,Education,College access/admission,Education :: College access/admission,12,9,0.75,27,8,0.7740484939681159,0.22595150603188408,0.7740485072135925,0.22595149278640747,0.7669468522071838,0.23305314779281616,0.9629629629629629,0.75,1.0,3.0,0.5
black_people/education__educational_opportunity_access.txt,black_people__education__educational_opportunity_access,What factors influence educational opportunity/access for Black people in education?,Black people,minority,Race,Education,Educational opportunity/access,Education :: Educational opportunity/access,9,7,0.7777777777777778,21,8,0.7232081804956708,0.2767918195043292,0.7232081890106201,0.2767918109893799,0.780168354511261,0.219831645488739,0.8571428571428571,0.875,0.8571428571428571,3.0,0.42857142857142855
black_people/education__harassment_bullying.txt,black_people__education__harassment_bullying,What factors influence harassment/bullying for Black people in education?,Black people,minority,Race,Education,Harassment/bullying,Education :: Harassment/bullying,13,11,0.8461538461538461,33,6,0.7756872827356512,0.22431271726434876,0.7756873369216919,0.2243126630783081,0.7739587426185608,0.2260412573814392,1.0,0.8333333333333334,1.0,5.0,0.2
black_people/employment__career_advancement.txt,black_people__employment__career_advancement,What factors influence career advancement for Black people in employment?,Black people,minority,Race,Employment,Career advancement,Employment :: Career advancement,9,4,0.4444444444444444,12,6,0.769930899143219,0.230069100856781,0.7699308395385742,0.23006916046142578,0.7339849472045898,0.26601505279541016,1.0,0.8333333333333334,1.0,2.0,0.8
black_people/employment__hiring.txt,black_people__employment__hiring,What factors influence hiring for Black people in employment?,Black people,minority,Race,Employment,Hiring,Employment :: Hiring,10,6,0.6,18,8,0.7966838181018829,0.20331618189811707,0.7966837882995605,0.20331621170043945,0.771406352519989,0.228593647480011,1.0,1.0,1.0,3.0,0.625
black_people/employment__workplace_harassment.txt,black_people__employment__workplace_harassment,What factors influence workplace harassment for Black people in employment?,Black people,minority,Race,Employment,Workplace harassment,Employment :: Workplace harassment,11,6,0.5454545454545454,18,7,0.7737985153992971,0.22620148460070288,0.7737985253334045,0.22620147466659546,0.8046073913574219,0.19539260864257812,1.0,1.0,1.0,3.0,0.5714285714285714
black_people/government_benefits__access_to_government_benefits.txt,black_people__government_benefits__access_to_government_benefits,What factors influence access to government benefits for Black people in government benefits?,Black people,minority,Race,Government Benefits,Access to government benefits,Government Benefits :: Access to government benefits,8,2,0.25,6,6,0.7142380774021149,0.28576192259788513,0.7142381072044373,0.28576189279556274,0.7248137593269348,0.2751862406730652,0.8333333333333334,1.0,1.0,2.0,0.5
black_people/government_benefits__application_approval.txt,black_people__government_benefits__application_approval,What factors influence application/approval for Black people in government benefits?,Black people,minority,Race,Government Benefits,Application/approval,Government Benefits :: Application/approval,6,3,0.5,9,6,0.6981714765230814,0.3018285234769186,0.6981714963912964,0.3018285036087036,0.7032824158668518,0.2967175841331482,0.7777777777777778,0.6666666666666666,1.0,2.0,0.75
black_people/government_benefits__benefit_retention_renewal.txt,black_people__government_benefits__benefit_retention_renewal,What factors influence benefit retention / renewal for Black people in government benefits?,Black people,minority,Race,Government Benefits,Benefit retention / renewal,Government Benefits :: Benefit retention / renewal,15,7,0.4666666666666667,20,12,0.6926114984921047,0.3073885015078953,0.693747878074646,0.306252121925354,0.667060911655426,0.332939088344574,0.8,0.6666666666666666,0.8571428571428571,2.0,0.625
black_people/healthcare__insurance_coverage.txt,black_people__healthcare__insurance_coverage,What factors influence insurance coverage for Black people in healthcare?,Black people,minority,Race,Healthcare,Insurance coverage,Healthcare :: Insurance coverage,7,2,0.2857142857142857,6,6,0.8117845952510834,0.18821540474891663,0.811784565448761,0.188215434551239,0.7812516093254089,0.21874839067459106,1.0,0.8333333333333334,1.0,2.0,0.8
black_people/healthcare__patient_safety.txt,black_people__healthcare__patient_safety,What factors influence patient safety for Black people in healthcare?,Black people,minority,Race,Healthcare,Patient safety,Healthcare :: Patient safety,9,4,0.4444444444444444,12,6,0.7662960439920425,0.23370395600795746,0.7662960886955261,0.23370391130447388,0.785528838634491,0.21447116136550903,1.0,1.0,1.0,3.0,0.6666666666666666
black_people/healthcare__preventive_care.txt,black_people__healthcare__preventive_care,What factors influence preventive care for Black people in healthcare?,Black people,minority,Race,Healthcare,Preventive care,Healthcare :: Preventive care,6,3,0.5,9,6,0.7938311298688253,0.2061688701311747,0.7938311100006104,0.20616888999938965,0.7800927758216858,0.2199072241783142,1.0,0.8333333333333334,1.0,2.0,0.6
black_people/housing__access_to_housing.txt,black_people__housing__access_to_housing,What factors influence access to housing for Black people in housing?,Black people,minority,Race,Housing,Access to housing,Housing :: Access to housing,12,5,0.4166666666666667,15,6,0.7787542700767517,0.2212457299232483,0.7787542343139648,0.22124576568603516,0.7891690135002136,0.21083098649978638,1.0,1.0,1.0,4.0,0.5
black_people/housing__homelessness.txt,black_people__housing__homelessness,What factors influence homelessness for Black people in housing?,Black people,minority,Race,Housing,Homelessness,Housing :: Homelessness,12,8,0.6666666666666666,24,6,0.7932353243231773,0.20676467567682266,0.7932353019714355,0.20676469802856445,0.8165139555931091,0.18348604440689087,1.0,1.0,1.0,4.0,0.5
black_people/housing__housing_stability.txt,black_people__housing__housing_stability,What factors influence housing stability for Black people in housing?,Black people,minority,Race,Housing,Housing stability,Housing :: Housing stability,8,1,0.125,3,7,0.7609395980834961,0.2390604019165039,0.7609395980834961,0.2390604019165039,0.7251831889152527,0.2748168110847473,1.0,0.8571428571428571,1.0,1.0,1.0
cisgender_people/credit_and_financial_services__access_to_banking_services.txt,cisgender_people__credit_and_financial_services__access_to_banking_services,What factors influence access to banking services for cisgender people in credit & financial services?,cisgender people,majority,Gender Identity,Credit & Financial Services,Access to banking services,Credit & Financial Services :: Access to banking services,8,5,0.625,15,7,0.6724395751953125,0.3275604248046875,0.6724395751953125,0.3275604248046875,0.6387287974357605,0.3612712025642395,0.6666666666666666,0.5714285714285714,0.8,2.0,0.75
cisgender_people/credit_and_financial_services__access_to_credit.txt,cisgender_people__credit_and_financial_services__access_to_credit,What factors influence access to credit for cisgender people in credit & financial services?,cisgender people,majority,Gender Identity,Credit & Financial Services,Access to credit,Credit & Financial Services :: Access to credit,8,4,0.5,12,5,0.6822391152381897,0.3177608847618103,0.6822391152381897,0.3177608847618103,0.6858256459236145,0.3141743540763855,0.6666666666666666,0.6,0.75,2.0,0.6666666666666666
cisgender_people/credit_and_financial_services__credit_loan_approval.txt,cisgender_people__credit_and_financial_services__credit_loan_approval,What factors influence credit/loan approval for cisgender people in credit & financial services?,cisgender people,majority,Gender Identity,Credit & Financial Services,Credit/loan approval,Credit & Financial Services :: Credit/loan approval,0,0,,0,9,,,,,,,,,,,
cisgender_people/criminal_justice__arrest_detention_by_police.txt,cisgender_people__criminal_justice__arrest_detention_by_police,What factors influence arrest / detention by police for cisgender people in criminal justice?,cisgender people,majority,Gender Identity,Criminal Justice,Arrest / detention by police,Criminal Justice :: Arrest / detention by police,12,5,0.4166666666666667,15,10,0.7019490599632263,0.2980509400367737,0.7019490003585815,0.29805099964141846,0.6993426084518433,0.30065739154815674,0.9333333333333333,0.9,1.0,3.0,0.5555555555555556
cisgender_people/criminal_justice__incarceration.txt,cisgender_people__criminal_justice__incarceration,What factors influence incarceration for cisgender people in criminal justice?,cisgender people,majority,Gender Identity,Criminal Justice,Incarceration,Criminal Justice :: Incarceration,3,2,0.6666666666666666,6,6,0.6990651488304138,0.3009348511695862,0.6990651488304138,0.3009348511695862,0.6565661430358887,0.34343385696411133,1.0,0.5,1.0,2.0,0.6666666666666666
cisgender_people/criminal_justice__police_use_of_force.txt,cisgender_people__criminal_justice__police_use_of_force,What factors influence police use of force for cisgender people in criminal justice?,cisgender people,majority,Gender Identity,Criminal Justice,Police use of force,Criminal Justice :: Police use of force,8,3,0.375,9,14,0.7801003257433573,0.2198996742566427,0.780100405216217,0.21989959478378296,0.7435691952705383,0.25643080472946167,1.0,0.9285714285714286,1.0,3.0,0.7692307692307693
cisgender_people/education__college_access_admission.txt,cisgender_people__education__college_access_admission,What factors influence college access/admission for cisgender people in education?,cisgender people,majority,Gender Identity,Education,College access/admission,Education :: College access/admission,0,0,,0,7,,,,,,,,,,,
cisgender_people/education__educational_opportunity_access.txt,cisgender_people__education__educational_opportunity_access,What factors influence educational opportunity/access for cisgender people in education?,cisgender people,majority,Gender Identity,Education,Educational opportunity/access,Education :: Educational opportunity/access,14,8,0.5714285714285714,24,10,0.746979147195816,0.25302085280418396,0.7469790577888489,0.2530209422111511,0.7305537462234497,0.2694462537765503,1.0,0.8,1.0,4.0,0.625
cisgender_people/education__harassment_bullying.txt,cisgender_people__education__harassment_bullying,What factors influence harassment/bullying for cisgender people in education?,cisgender people,majority,Gender Identity,Education,Harassment/bullying,Education :: Harassment/bullying,14,11,0.7857142857142857,33,9,0.7858183654871854,0.21418163451281458,0.785818338394165,0.21418166160583496,0.8074820637702942,0.1925179362297058,1.0,1.0,1.0,4.0,0.4444444444444444
cisgender_people/employment__career_advancement.txt,cisgender_people__employment__career_advancement,What factors influence career advancement for cisgender people in employment?,cisgender people,majority,Gender Identity,Employment,Career advancement,Employment :: Career advancement,10,7,0.7,21,7,0.6972086940492902,0.3027913059507098,0.6972087025642395,0.3027912974357605,0.7002773880958557,0.2997226119041443,0.8571428571428571,0.7142857142857143,1.0,3.0,0.6
cisgender_people/employment__hiring.txt,cisgender_people__employment__hiring,What factors influence hiring for cisgender people in employment?,cisgender people,majority,Gender Identity,Employment,Hiring,Employment :: Hiring,7,5,0.7142857142857143,15,6,0.7290988087654113,0.27090119123458867,0.7290988564491272,0.2709011435508728,0.7669275403022766,0.2330724596977234,0.9333333333333333,1.0,1.0,4.0,0.5
cisgender_people/employment__workplace_harassment.txt,cisgender_people__employment__workplace_harassment,What factors influence workplace harassment for cisgender people in employment?,cisgender people,majority,Gender Identity,Employment,Workplace harassment,Employment :: Workplace harassment,5,3,0.6,9,8,0.8270281553268433,0.17297184467315674,0.8270281553268433,0.17297184467315674,0.7425694465637207,0.2574305534362793,1.0,0.875,1.0,3.0,0.5714285714285714
cisgender_people/government_benefits__access_to_government_benefits.txt,cisgender_people__government_benefits__access_to_government_benefits,What factors influence access to government benefits for cisgender people in government benefits?,cisgender people,majority,Gender Identity,Government Benefits,Access to government benefits,Government Benefits :: Access to government benefits,10,6,0.6,18,11,0.7085979580879211,0.29140204191207886,0.7085979580879211,0.29140204191207886,0.6861136555671692,0.3138863444328308,0.8888888888888888,0.7272727272727273,1.0,3.0,0.5
cisgender_people/government_benefits__application_approval.txt,cisgender_people__government_benefits__application_approval,What factors influence application/approval for cisgender people in government benefits?,cisgender people,majority,Gender Identity,Government Benefits,Application/approval,Government Benefits :: Application/approval,11,9,0.8181818181818182,27,11,0.6596263315942552,0.3403736684057448,0.659626305103302,0.340373694896698,0.6673256158828735,0.33267438411712646,0.5185185185185185,0.5454545454545454,0.6666666666666666,4.0,0.3333333333333333
cisgender_people/government_benefits__benefit_retention_renewal.txt,cisgender_people__government_benefits__benefit_retention_renewal,What factors influence benefit retention / renewal for cisgender people in government benefits?,cisgender people,majority,Gender Identity,Government Benefits,Benefit retention / renewal,Government Benefits :: Benefit retention / renewal,16,3,0.1875,9,11,0.6275252898534139,0.37247471014658606,0.627525269985199,0.372474730014801,0.5890905857086182,0.41090941429138184,0.4444444444444444,0.2727272727272727,0.6666666666666666,2.0,0.6666666666666666
cisgender_people/healthcare__insurance_coverage.txt,cisgender_people__healthcare__insurance_coverage,What factors influence insurance coverage for cisgender people in healthcare?,cisgender people,majority,Gender Identity,Healthcare,Insurance coverage,Healthcare :: Insurance coverage,6,3,0.5,9,5,0.6646151343981425,0.33538486560185754,0.6646151542663574,0.3353848457336426,0.5743898153305054,0.42561018466949463,0.7777777777777778,0.2,1.0,1.0,1.0
cisgender_people/healthcare__patient_safety.txt,cisgender_people__healthcare__patient_safety,What factors influence patient safety for cisgender people in healthcare?,cisgender people,majority,Gender Identity,Healthcare,Patient safety,Healthcare :: Patient safety,4,4,1.0,12,4,0.6589774489402771,0.3410225510597229,0.6589774489402771,0.3410225510597229,0.6835839748382568,0.31641602516174316,0.5833333333333334,0.75,1.0,3.0,0.3333333333333333
cisgender_people/healthcare__preventive_care.txt,cisgender_people__healthcare__preventive_care,What factors influence preventive care for cisgender people in healthcare?,cisgender people,majority,Gender Identity,Healthcare,Preventive care,Healthcare :: Preventive care,0,0,,0,7,,,,,,,,,,,
cisgender_people/housing__access_to_housing.txt,cisgender_people__housing__access_to_housing,What factors influence access to housing for cisgender people in housing?,cisgender people,majority,Gender Identity,Housing,Access to housing,Housing :: Access to housing,7,5,0.7142857142857143,15,5,0.7366994142532348,0.2633005857467652,0.7366994619369507,0.2633005380630493,0.7534178495407104,0.24658215045928955,1.0,1.0,1.0,4.0,0.4
cisgender_people/housing__homelessness.txt,cisgender_people__housing__homelessness,What factors influence homelessness for cisgender people in housing?,cisgender people,majority,Gender Identity,Housing,Homelessness,Housing :: Homelessness,11,8,0.7272727272727273,24,6,0.6848945394158363,0.31510546058416367,0.6848945617675781,0.3151054382324219,0.7131099700927734,0.28689002990722656,0.875,0.8333333333333334,0.875,3.0,0.6
cisgender_people/housing__housing_stability.txt,cisgender_people__housing__housing_stability,What factors influence housing stability for cisgender people in housing?,cisgender people,majority,Gender Identity,Housing,Housing stability,Housing :: Housing stability,3,1,0.3333333333333333,3,5,0.7273795008659363,0.2726204991340637,0.7273795008659363,0.2726204991340637,0.6394919753074646,0.3605080246925354,1.0,0.4,1.0,1.0,1.0
heterosexual_people/credit_and_financial_services__access_to_banking_services.txt,heterosexual_people__credit_and_financial_services__access_to_banking_services,What factors influence access to banking services for heterosexual people in credit & financial services?,heterosexual people,majority,Sexual Orientation,Credit & Financial Services,Access to banking services,Credit & Financial Services :: Access to banking services,9,7,0.7777777777777778,21,5,0.6059171557426453,0.39408284425735474,0.6059170961380005,0.3940829038619995,0.6463505029678345,0.3536494970321655,0.23809523809523808,0.4,0.7142857142857143,2.0,0.5
heterosexual_people/credit_and_financial_services__access_to_credit.txt,heterosexual_people__credit_and_financial_services__access_to_credit,What factors influence access to credit for heterosexual people in credit & financial services?,heterosexual people,majority,Sexual Orientation,Credit & Financial Services,Access to credit,Credit & Financial Services :: Access to credit,9,7,0.7777777777777778,21,5,0.6506210012095315,0.3493789987904685,0.6506210565567017,0.34937894344329834,0.7003809809684753,0.29961901903152466,0.5238095238095238,0.6,0.7142857142857143,3.0,0.3333333333333333
heterosexual_people/credit_and_financial_services__credit_loan_approval.txt,heterosexual_people__credit_and_financial_services__credit_loan_approval,What factors influence credit/loan approval for heterosexual people in credit & financial services?,heterosexual people,majority,Sexual Orientation,Credit & Financial Services,Credit/loan approval,Credit & Financial Services :: Credit/loan approval,4,3,0.75,9,4,0.597675085067749,0.402324914932251,0.597675085067749,0.402324914932251,0.6571406126022339,0.3428593873977661,0.3333333333333333,0.75,0.6666666666666666,2.0,0.6666666666666666
heterosexual_people/criminal_justice__arrest_detention_by_police.txt,heterosexual_people__criminal_justice__arrest_detention_by_police,What factors influence arrest / detention by police for heterosexual people in criminal justice?,heterosexual people,majority,Sexual Orientation,Criminal Justice,Arrest / detention by police,Criminal Justice :: Arrest / detention by police,16,10,0.625,30,11,0.7326400756835938,0.2673599243164062,0.7326400876045227,0.2673599123954773,0.7498400211334229,0.25015997886657715,0.9666666666666667,0.9090909090909091,1.0,7.0,0.3
heterosexual_people/criminal_justice__incarceration.txt,heterosexual_people__criminal_justice__incarceration,What factors influence incarceration for heterosexual people in criminal justice?,heterosexual people,majority,Sexual Orientation,Criminal Justice,Incarceration,Criminal Justice :: Incarceration,5,2,0.4,6,6,0.7353388667106628,0.26466113328933716,0.7353388667106628,0.26466113328933716,0.686913013458252,0.31308698654174805,1.0,0.6666666666666666,1.0,1.0,1.0
heterosexual_people/criminal_justice__police_use_of_force.txt,heterosexual_people__criminal_justice__police_use_of_force,What factors influence police use of force for heterosexual people in criminal justice?,heterosexual people,majority,Sexual Orientation,Criminal Justice,Police use of force,Criminal Justice :: Police use of force,7,5,0.7142857142857143,15,6,0.6448177933692932,0.35518220663070676,0.6448177695274353,0.3551822304725647,0.6504464745521545,0.34955352544784546,0.4,0.5,0.6,1.0,1.0
heterosexual_people/education__college_access_admission.txt,heterosexual_people__education__college_access_admission,What factors influence college access/admission for heterosexual people in education?,heterosexual people,majority,Sexual Orientation,Education,College access/admission,Education :: College access/admission,0,0,,0,5,,,,,,,,,,,
heterosexual_people/education__educational_opportunity_access.txt,heterosexual_people__education__educational_opportunity_access,What factors influence educational opportunity/access for heterosexual people in education?,heterosexual people,majority,Sexual Orientation,Education,Educational opportunity/access,Education :: Educational opportunity/access,10,4,0.4,12,12,0.7048177868127823,0.2951822131872177,0.7048177719116211,0.2951822280883789,0.658029317855835,0.34197068214416504,0.9166666666666666,0.3333333333333333,1.0,3.0,0.5
heterosexual_people/education__harassment_bullying.txt,heterosexual_people__education__harassment_bullying,What factors influence harassment/bullying for heterosexual people in education?,heterosexual people,majority,Sexual Orientation,Education,Harassment/bullying,Education :: Harassment/bullying,16,10,0.625,30,10,0.8013227939605713,0.19867720603942873,0.801322877407074,0.19867712259292603,0.8124362826347351,0.1875637173652649,1.0,1.0,1.0,6.0,0.3
heterosexual_people/employment__career_advancement.txt,heterosexual_people__employment__career_advancement,What factors influence career advancement for heterosexual people in employment?,heterosexual people,majority,Sexual Orientation,Employment,Career advancement,Employment :: Career advancement,6,5,0.8333333333333334,15,5,0.6526846766471863,0.3473153233528137,0.6526846289634705,0.34731537103652954,0.6776329278945923,0.3223670721054077,0.6,0.8,1.0,2.0,0.75
heterosexual_people/employment__hiring.txt,heterosexual_people__employment__hiring,What factors influence hiring for heterosexual people in employment?,heterosexual people,majority,Sexual Orientation,Employment,Hiring,Employment :: Hiring,0,0,,0,4,,,,,,,,,,,
heterosexual_people/employment__workplace_harassment.txt,heterosexual_people__employment__workplace_harassment,What factors influence workplace harassment for heterosexual people in employment?,heterosexual people,majority,Sexual Orientation,Employment,Workplace harassment,Employment :: Workplace harassment,8,4,0.5,12,7,0.764566645026207,0.23543335497379303,0.7645666599273682,0.23543334007263184,0.7012616395950317,0.29873836040496826,1.0,0.7142857142857143,1.0,3.0,0.6
heterosexual_people/government_benefits__access_to_government_benefits.txt,heterosexual_people__government_benefits__access_to_government_benefits,What factors influence access to government benefits for heterosexual people in government benefits?,heterosexual people,majority,Sexual Orientation,Government Benefits,Access to government benefits,Government Benefits :: Access to government benefits,6,5,0.8333333333333334,15,6,0.6938083171844482,0.30619168281555176,0.6938082575798035,0.30619174242019653,0.6695229411125183,0.3304770588874817,0.6666666666666666,0.5,1.0,3.0,0.3333333333333333
heterosexual_people/government_benefits__application_approval.txt,heterosexual_people__government_benefits__application_approval,What factors influence application/approval for heterosexual people in government benefits?,heterosexual people,majority,Sexual Orientation,Government Benefits,Application/approval,Government Benefits :: Application/approval,0,0,,0,5,,,,,,,,,,,
heterosexual_people/government_benefits__benefit_retention_renewal.txt,heterosexual_people__government_benefits__benefit_retention_renewal,What factors influence benefit retention / renewal for heterosexual people in government benefits?,heterosexual people,majority,Sexual Orientation,Government Benefits,Benefit retention / renewal,Government Benefits :: Benefit retention / renewal,10,3,0.3,9,13,0.6865262190500895,0.3134737809499105,0.6865261793136597,0.31347382068634033,0.6324358582496643,0.3675641417503357,0.6666666666666666,0.46153846153846156,1.0,2.0,0.8333333333333334
heterosexual_people/healthcare__insurance_coverage.txt,heterosexual_people__healthcare__insurance_coverage,What factors influence insurance coverage for heterosexual people in healthcare?,heterosexual people,majority,Sexual Orientation,Healthcare,Insurance coverage,Healthcare :: Insurance coverage,7,4,0.5714285714285714,12,4,0.7077734619379044,0.29222653806209564,0.7077735066413879,0.29222649335861206,0.7056501507759094,0.2943498492240906,0.75,0.75,1.0,1.0,1.0
heterosexual_people/healthcare__patient_safety.txt,heterosexual_people__healthcare__patient_safety,What factors influence patient safety for heterosexual people in healthcare?,heterosexual people,majority,Sexual Orientation,Healthcare,Patient safety,Healthcare :: Patient safety,7,4,0.5714285714285714,12,5,0.668905034661293,0.33109496533870697,0.6689050197601318,0.33109498023986816,0.6593714952468872,0.3406285047531128,0.6666666666666666,0.6,0.75,2.0,0.6666666666666666
heterosexual_people/healthcare__preventive_care.txt,heterosexual_people__healthcare__preventive_care,What factors influence preventive care for heterosexual people in healthcare?,heterosexual people,majority,Sexual Orientation,Healthcare,Preventive care,Healthcare :: Preventive care,10,4,0.4,12,7,0.6963232606649399,0.3036767393350601,0.6963232159614563,0.3036767840385437,0.7024808526039124,0.29751914739608765,0.75,0.8571428571428571,1.0,3.0,0.6666666666666666
heterosexual_people/housing__access_to_housing.txt,heterosexual_people__housing__access_to_housing,What factors influence access to housing for heterosexual people in housing?,heterosexual people,majority,Sexual Orientation,Housing,Access to housing,Housing :: Access to housing,8,4,0.5,12,10,0.7447739690542221,0.2552260309457779,0.7447739243507385,0.2552260756492615,0.749801516532898,0.25019848346710205,0.8333333333333334,0.9,1.0,3.0,0.4444444444444444
heterosexual_people/housing__homelessness.txt,heterosexual_people__housing__homelessness,What factors influence homelessness for heterosexual people in housing?,heterosexual people,majority,Sexual Orientation,Housing,Homelessness,Housing :: Homelessness,9,6,0.6666666666666666,18,5,0.6733386069536209,0.3266613930463791,0.6733386516571045,0.3266613483428955,0.6306673884391785,0.36933261156082153,0.8333333333333334,0.4,0.8333333333333334,1.0,1.0
heterosexual_people/housing__housing_stability.txt,heterosexual_people__housing__housing_stability,What factors influence housing stability for heterosexual people in housing?,heterosexual people,majority,Sexual Orientation,Housing,Housing stability,Housing :: Housing stability,5,3,0.6,9,4,0.6776027083396912,0.32239729166030884,0.6776027083396912,0.32239729166030884,0.6449398994445801,0.3550601005554199,0.8888888888888888,0.5,1.0,2.0,0.5
homosexual_people/credit_and_financial_services__access_to_banking_services.txt,homosexual_people__credit_and_financial_services__access_to_banking_services,What factors influence access to banking services for homosexual people in credit & financial services?,homosexual people,minority,Sexual Orientation,Credit & Financial Services,Access to banking services,Credit & Financial Services :: Access to banking services,6,5,0.8333333333333334,15,7,0.7236052513122558,0.27639474868774416,0.7236051559448242,0.2763948440551758,0.6744670271873474,0.3255329728126526,0.9333333333333333,0.5714285714285714,1.0,1.0,1.0
homosexual_people/credit_and_financial_services__access_to_credit.txt,homosexual_people__credit_and_financial_services__access_to_credit,What factors influence access to credit for homosexual people in credit & financial services?,homosexual people,minority,Sexual Orientation,Credit & Financial Services,Access to credit,Credit & Financial Services :: Access to credit,8,5,0.625,15,7,0.7498656988143921,0.25013430118560787,0.7498656511306763,0.25013434886932373,0.7237815856933594,0.2762184143066406,0.9333333333333333,0.8571428571428571,1.0,4.0,0.3333333333333333
homosexual_people/credit_and_financial_services__credit_loan_approval.txt,homosexual_people__credit_and_financial_services__credit_loan_approval,What factors influence credit/loan approval for homosexual people in credit & financial services?,homosexual people,minority,Sexual Orientation,Credit & Financial Services,Credit/loan approval,Credit & Financial Services :: Credit/loan approval,5,3,0.6,9,12,0.7539244294166565,0.2460755705833435,0.7539244890213013,0.24607551097869873,0.7281937599182129,0.2718062400817871,1.0,0.9166666666666666,1.0,3.0,0.6363636363636364
homosexual_people/criminal_justice__arrest_detention_by_police.txt,homosexual_people__criminal_justice__arrest_detention_by_police,What factors influence arrest / detention by police for homosexual people in criminal justice?,homosexual people,minority,Sexual Orientation,Criminal Justice,Arrest / detention by police,Criminal Justice :: Arrest / detention by police,7,3,0.42857142857142855,9,6,0.7667471965154012,0.23325280348459876,0.766747236251831,0.23325276374816895,0.6564779877662659,0.34352201223373413,1.0,0.6666666666666666,1.0,2.0,0.5
homosexual_people/criminal_justice__incarceration.txt,homosexual_people__criminal_justice__incarceration,What factors influence incarceration for homosexual people in criminal justice?,homosexual people,minority,Sexual Orientation,Criminal Justice,Incarceration,Criminal Justice :: Incarceration,10,7,0.7,21,4,0.7826335600444249,0.21736643995557514,0.7826335430145264,0.21736645698547363,0.8166128993034363,0.18338710069656372,1.0,1.0,1.0,4.0,0.25
homosexual_people/criminal_justice__police_use_of_force.txt,homosexual_people__criminal_justice__police_use_of_force,What factors influence police use of force for homosexual people in criminal justice?,homosexual people,minority,Sexual Orientation,Criminal Justice,Police use of force,Criminal Justice :: Police use of force,7,5,0.7142857142857143,15,5,0.7501259803771972,0.24987401962280276,0.7501260042190552,0.24987399578094482,0.7619295120239258,0.23807048797607422,1.0,1.0,1.0,3.0,0.6
homosexual_people/education__college_access_admission.txt,homosexual_people__education__college_access_admission,What factors influence college access/admission for homosexual people in education?,homosexual people,minority,Sexual Orientation,Education,College access/admission,Education :: College access/admission,7,4,0.5714285714285714,12,4,0.7939416021108627,0.20605839788913727,0.7939415574073792,0.20605844259262085,0.8059536218643188,0.19404637813568115,1.0,1.0,1.0,2.0,0.5
homosexual_people/education__educational_opportunity_access.txt,homosexual_people__education__educational_opportunity_access,What factors influence educational opportunity/access for homosexual people in education?,homosexual people,minority,Sexual Orientation,Education,Educational opportunity/access,Education :: Educational opportunity/access,11,4,0.36363636363636365,12,6,0.6574049070477486,0.34259509295225143,0.657404899597168,0.34259510040283203,0.7131149172782898,0.2868850827217102,0.75,0.6666666666666666,0.75,2.0,0.75
homosexual_people/education__harassment_bullying.txt,homosexual_people__education__harassment_bullying,What factors influence harassment/bullying for homosexual people in education?,homosexual people,minority,Sexual Orientation,Education,Harassment/bullying,Education :: Harassment/bullying,10,6,0.6,18,5,0.8264312446117401,0.1735687553882599,0.8264312744140625,0.1735687255859375,0.8344777822494507,0.16552221775054932,1.0,1.0,1.0,4.0,0.4
homosexual_people/employment__career_advancement.txt,homosexual_people__employment__career_advancement,What factors influence career advancement for homosexual people in employment?,homosexual people,minority,Sexual Orientation,Employment,Career advancement,Employment :: Career advancement,6,2,0.3333333333333333,6,5,0.7684092819690704,0.23159071803092957,0.768409252166748,0.23159074783325195,0.7482672929763794,0.2517327070236206,1.0,1.0,1.0,1.0,1.0
homosexual_people/employment__hiring.txt,homosexual_people__employment__hiring,What factors influence hiring for homosexual people in employment?,homosexual people,minority,Sexual Orientation,Employment,Hiring,Employment :: Hiring,4,1,0.25,3,5,0.8527529835700989,0.14724701642990112,0.8527529835700989,0.14724701642990112,0.7620803117752075,0.23791968822479248,1.0,0.8,1.0,1.0,1.0
homosexual_people/employment__workplace_harassment.txt,homosexual_people__employment__workplace_harassment,What factors influence workplace harassment for homosexual people in employment?,homosexual people,minority,Sexual Orientation,Employment,Workplace harassment,Employment :: Workplace harassment,9,8,0.8888888888888888,24,7,0.7981787249445915,0.20182127505540848,0.7981787323951721,0.20182126760482788,0.7861138582229614,0.21388614177703857,1.0,1.0,1.0,6.0,0.2857142857142857
homosexual_people/government_benefits__access_to_government_benefits.txt,homosexual_people__government_benefits__access_to_government_benefits,What factors influence access to government benefits for homosexual people in government benefits?,homosexual people,minority,Sexual Orientation,Government Benefits,Access to government benefits,Government Benefits :: Access to government benefits,9,5,0.5555555555555556,15,6,0.7545389652252197,0.24546103477478032,0.7545389533042908,0.24546104669570923,0.7356570363044739,0.2643429636955261,0.9333333333333333,0.8333333333333334,1.0,3.0,0.6
homosexual_people/government_benefits__application_approval.txt,homosexual_people__government_benefits__application_approval,What factors influence application/approval for homosexual people in government benefits?,homosexual people,minority,Sexual Orientation,Government Benefits,Application/approval,Government Benefits :: Application/approval,6,3,0.5,9,6,0.7042832970619202,0.29571670293807983,0.7042832970619202,0.29571670293807983,0.6853785514831543,0.3146214485168457,0.8888888888888888,0.6666666666666666,1.0,3.0,0.5
homosexual_people/government_benefits__benefit_retention_renewal.txt,homosexual_people__government_benefits__benefit_retention_renewal,What factors influence benefit retention / renewal for homosexual people in government benefits?,homosexual people,minority,Sexual Orientation,Government Benefits,Benefit retention / renewal,Government Benefits :: Benefit retention / renewal,12,6,0.5,18,11,0.752181609471639,0.24781839052836097,0.7521816492080688,0.24781835079193115,0.6277355551719666,0.37226444482803345,1.0,0.36363636363636365,1.0,3.0,0.5
homosexual_people/healthcare__insurance_coverage.txt,homosexual_people__healthcare__insurance_coverage,What factors influence insurance coverage for homosexual people in healthcare?,homosexual people,minority,Sexual Orientation,Healthcare,Insurance coverage,Healthcare :: Insurance coverage,13,8,0.6153846153846154,24,6,0.7846327424049377,0.21536725759506226,0.7846327424049377,0.21536725759506226,0.7054095268249512,0.29459047317504883,1.0,0.6666666666666666,1.0,4.0,0.25
homosexual_people/healthcare__patient_safety.txt,homosexual_people__healthcare__patient_safety,What factors influence patient safety for homosexual people in healthcare?,homosexual people,minority,Sexual Orientation,Healthcare,Patient safety,Healthcare :: Patient safety,10,4,0.4,12,6,0.7543721348047256,0.24562786519527435,0.7543721199035645,0.24562788009643555,0.7713685035705566,0.22863149642944336,1.0,1.0,1.0,2.0,0.8333333333333334
homosexual_people/healthcare__preventive_care.txt,homosexual_people__healthcare__preventive_care,What factors influence preventive care for homosexual people in healthcare?,homosexual people,minority,Sexual Orientation,Healthcare,Preventive care,Healthcare :: Preventive care,8,2,0.25,6,4,0.7776349186897278,0.22236508131027222,0.7776349186897278,0.22236508131027222,0.7664062976837158,0.23359370231628418,1.0,1.0,1.0,2.0,0.5
homosexual_people/housing__access_to_housing.txt,homosexual_people__housing__access_to_housing,What factors influence access to housing for homosexual people in housing?,homosexual people,minority,Sexual Orientation,Housing,Access to housing,Housing :: Access to housing,10,6,0.6,18,11,0.8096350828806559,0.1903649171193441,0.8096350431442261,0.19036495685577393,0.7768762707710266,0.2231237292289734,1.0,1.0,1.0,3.0,0.5454545454545454
homosexual_people/housing__homelessness.txt,homosexual_people__housing__homelessness,What factors influence homelessness for homosexual people in housing?,homosexual people,minority,Sexual Orientation,Housing,Homelessness,Housing :: Homelessness,9,6,0.6666666666666666,18,4,0.8321934640407562,0.16780653595924377,0.8321934938430786,0.1678065061569214,0.8178215622901917,0.18217843770980835,1.0,1.0,1.0,2.0,0.5
homosexual_people/housing__housing_stability.txt,homosexual_people__housing__housing_stability,What factors influence housing stability for homosexual people in housing?,homosexual people,minority,Sexual Orientation,Housing,Housing stability,Housing :: Housing stability,9,5,0.5555555555555556,15,8,0.766124939918518,0.23387506008148196,0.766124963760376,0.23387503623962402,0.7631615400314331,0.2368384599685669,1.0,1.0,1.0,4.0,0.5
latino_people/credit_and_financial_services__access_to_banking_services.txt,latino_people__credit_and_financial_services__access_to_banking_services,What factors influence access to banking services for Latino people in credit & financial services?,Latino people,minority,Ethnicity,Credit & Financial Services,Access to banking services,Credit & Financial Services :: Access to banking services,9,5,0.5555555555555556,15,6,0.6324195981025695,0.36758040189743046,0.6324195861816406,0.3675804138183594,0.6393018960952759,0.3606981039047241,0.26666666666666666,0.6666666666666666,0.6,3.0,0.5
latino_people/credit_and_financial_services__access_to_credit.txt,latino_people__credit_and_financial_services__access_to_credit,What factors influence access to credit for Latino people in credit & financial services?,Latino people,minority,Ethnicity,Credit & Financial Services,Access to credit,Credit & Financial Services :: Access to credit,13,11,0.8461538461538461,32,11,0.7038695053620772,0.29613049463792285,0.6994518041610718,0.3005481958389282,0.7412956357002258,0.25870436429977417,0.75,1.0,1.0,8.0,0.36363636363636365
latino_people/credit_and_financial_services__credit_loan_approval.txt,latino_people__credit_and_financial_services__credit_loan_approval,What factors influence credit/loan approval for Latino people in credit & financial services?,Latino people,minority,Ethnicity,Credit & Financial Services,Credit/loan approval,Credit & Financial Services :: Credit/loan approval,12,10,0.8333333333333334,30,5,0.6817260086536407,0.31827399134635925,0.6817260980606079,0.3182739019393921,0.7526530027389526,0.24734699726104736,0.7666666666666667,1.0,0.8,3.0,0.6
latino_people/criminal_justice__arrest_detention_by_police.txt,latino_people__criminal_justice__arrest_detention_by_police,What factors influence arrest / detention by police for Latino people in criminal justice?,Latino people,minority,Ethnicity,Criminal Justice,Arrest / detention by police,Criminal Justice :: Arrest / detention by police,9,6,0.6666666666666666,18,7,0.7660018901030222,0.23399810989697778,0.7660019397735596,0.23399806022644043,0.7853398323059082,0.2146601676940918,1.0,1.0,1.0,5.0,0.2857142857142857
latino_people/criminal_justice__incarceration.txt,latino_people__criminal_justice__incarceration,What factors influence incarceration for Latino people in criminal justice?,Latino people,minority,Ethnicity,Criminal Justice,Incarceration,Criminal Justice :: Incarceration,6,2,0.3333333333333333,6,7,0.7973836660385132,0.20261633396148682,0.7973836064338684,0.2026163935661316,0.774622917175293,0.22537708282470703,1.0,1.0,1.0,1.0,1.0
latino_people/criminal_justice__police_use_of_force.txt,latino_people__criminal_justice__police_use_of_force,What factors influence police use of force for Latino people in criminal justice?,Latino people,minority,Ethnicity,Criminal Justice,Police use of force,Criminal Justice :: Police use of force,6,2,0.3333333333333333,6,6,0.7037837505340576,0.2962162494659424,0.7037837505340576,0.2962162494659424,0.6960394978523254,0.30396050214767456,0.6666666666666666,0.8333333333333334,1.0,1.0,1.0
latino_people/education__college_access_admission.txt,latino_people__education__college_access_admission,What factors influence college access/admission for Latino people in education?,Latino people,minority,Ethnicity,Education,College access/admission,Education :: College access/admission,10,6,0.6,18,6,0.7465869784355164,0.25341302156448364,0.7465869784355164,0.25341302156448364,0.7674025893211365,0.23259741067886353,1.0,1.0,1.0,3.0,0.3333333333333333
latino_people/education__educational_opportunity_access.txt,latino_people__education__educational_opportunity_access,What factors influence educational opportunity/access for Latino people in education?,Latino people,minority,Ethnicity,Education,Educational opportunity/access,Education :: Educational opportunity/access,9,7,0.7777777777777778,21,5,0.7768392051969256,0.22316079480307438,0.7768391966819763,0.22316080331802368,0.7521712183952332,0.24782878160476685,1.0,1.0,1.0,4.0,0.4
latino_people/education__harassment_bullying.txt,latino_people__education__harassment_bullying,What factors influence harassment/bullying for Latino people in education?,Latino people,minority,Ethnicity,Education,Harassment/bullying,Education :: Harassment/bullying,8,3,0.375,9,7,0.767972449461619,0.23202755053838098,0.7679724097251892,0.2320275902748108,0.7704630494117737,0.22953695058822632,1.0,0.8571428571428571,1.0,2.0,0.8333333333333334
latino_people/employment__career_advancement.txt,latino_people__employment__career_advancement,What factors influence career advancement for Latino people in employment?,Latino people,minority,Ethnicity,Employment,Career advancement,Employment :: Career advancement,10,6,0.6,18,7,0.7439918418725332,0.2560081581274668,0.7439918518066406,0.2560081481933594,0.7060077786445618,0.29399222135543823,1.0,0.8571428571428571,1.0,5.0,0.3333333333333333
latino_people/employment__hiring.txt,latino_people__employment__hiring,What factors influence hiring for Latino people in employment?,Latino people,minority,Ethnicity,Employment,Hiring,Employment :: Hiring,12,8,0.6666666666666666,24,11,0.6984197050333023,0.3015802949666977,0.6984197497367859,0.3015802502632141,0.7455900311470032,0.2544099688529968,0.75,1.0,0.875,4.0,0.6363636363636364
latino_people/employment__workplace_harassment.txt,latino_people__employment__workplace_harassment,What factors influence workplace harassment for Latino people in employment?,Latino people,minority,Ethnicity,Employment,Workplace harassment,Employment :: Workplace harassment,12,7,0.5833333333333334,21,7,0.6919894814491272,0.3080105185508728,0.6919894218444824,0.3080105781555176,0.7078849673271179,0.2921150326728821,0.6666666666666666,0.7142857142857143,0.7142857142857143,3.0,0.4
latino_people/government_benefits__access_to_government_benefits.txt,latino_people__government_benefits__access_to_government_benefits,What factors influence access to government benefits for Latino people in government benefits?,Latino people,minority,Ethnicity,Government Benefits,Access to government benefits,Government Benefits :: Access to government benefits,8,4,0.5,12,7,0.7462845891714096,0.2537154108285904,0.7462846636772156,0.2537153363227844,0.7411711812019348,0.2588288187980652,1.0,0.7142857142857143,1.0,2.0,0.8
latino_people/government_benefits__application_approval.txt,latino_people__government_benefits__application_approval,What factors influence application/approval for Latino people in government benefits?,Latino people,minority,Ethnicity,Government Benefits,Application/approval,Government Benefits :: Application/approval,12,9,0.75,27,9,0.74582130379147,0.25417869620852995,0.7458213567733765,0.25417864322662354,0.7445181608200073,0.2554818391799927,0.9629629629629629,0.8888888888888888,1.0,4.0,0.375
latino_people/government_benefits__benefit_retention_renewal.txt,latino_people__government_benefits__benefit_retention_renewal,What factors influence benefit retention / renewal for Latino people in government benefits?,Latino people,minority,Ethnicity,Government Benefits,Benefit retention / renewal,Government Benefits :: Benefit retention / renewal,14,8,0.5714285714285714,24,10,0.7313185632228851,0.26868143677711487,0.7313185334205627,0.26868146657943726,0.701603889465332,0.29839611053466797,0.9583333333333334,0.7,1.0,4.0,0.42857142857142855
latino_people/healthcare__insurance_coverage.txt,latino_people__healthcare__insurance_coverage,What factors influence insurance coverage for Latino people in healthcare?,Latino people,minority,Ethnicity,Healthcare,Insurance coverage,Healthcare :: Insurance coverage,6,5,0.8333333333333334,15,5,0.7735969066619873,0.22640309333801267,0.7735969424247742,0.22640305757522583,0.7577494382858276,0.24225056171417236,1.0,0.8,1.0,3.0,0.5
latino_people/healthcare__patient_safety.txt,latino_people__healthcare__patient_safety,What factors influence patient safety for Latino people in healthcare?,Latino people,minority,Ethnicity,Healthcare,Patient safety,Healthcare :: Patient safety,12,6,0.5,18,5,0.741631289323171,0.258368710676829,0.741631269454956,0.25836873054504395,0.7757014036178589,0.2242985963821411,0.8333333333333334,1.0,1.0,4.0,0.4
latino_people/healthcare__preventive_care.txt,latino_people__healthcare__preventive_care,What factors influence preventive care for Latino people in healthcare?,Latino people,minority,Ethnicity,Healthcare,Preventive care,Healthcare :: Preventive care,9,5,0.5555555555555556,15,6,0.7489904761314392,0.2510095238685608,0.7489904761314392,0.2510095238685608,0.7748284339904785,0.22517156600952148,1.0,1.0,1.0,3.0,0.5
latino_people/housing__access_to_housing.txt,latino_people__housing__access_to_housing,What factors influence access to housing for Latino people in housing?,Latino people,minority,Ethnicity,Housing,Access to housing,Housing :: Access to housing,8,4,0.5,12,8,0.7519642412662506,0.2480357587337494,0.751964271068573,0.248035728931427,0.7219686508178711,0.2780313491821289,1.0,0.75,1.0,2.0,0.6666666666666666
latino_people/housing__homelessness.txt,latino_people__housing__homelessness,What factors influence homelessness for Latino people in housing?,Latino people,minority,Ethnicity,Housing,Homelessness,Housing :: Homelessness,8,7,0.875,21,7,0.7514499255589077,0.24855007444109234,0.7514500617980957,0.2485499382019043,0.7808840870857239,0.21911591291427612,1.0,1.0,1.0,4.0,0.42857142857142855
latino_people/housing__housing_stability.txt,latino_people__housing__housing_stability,What factors influence housing stability for Latino people in housing?,Latino people,minority,Ethnicity,Housing,Housing stability,Housing :: Housing stability,10,4,0.4,12,10,0.7992924749851227,0.20070752501487732,0.7992925047874451,0.20070749521255493,0.7699210047721863,0.23007899522781372,1.0,1.0,1.0,2.0,0.9
men/credit_and_financial_services__access_to_banking_services.txt,men__credit_and_financial_services__access_to_banking_services,What factors influence access to banking services for Men in credit & financial services?,Men,majority,Gender,Credit & Financial Services,Access to banking services,Credit & Financial Services :: Access to banking services,7,3,0.42857142857142855,9,5,0.6440157294273376,0.35598427057266235,0.6440157294273376,0.35598427057266235,0.6186779141426086,0.38132208585739136,0.6666666666666666,0.4,0.6666666666666666,2.0,0.5
men/credit_and_financial_services__access_to_credit.txt,men__credit_and_financial_services__access_to_credit,What factors influence access to credit for Men in credit & financial services?,Men,majority,Gender,Credit & Financial Services,Access to credit,Credit & Financial Services :: Access to credit,7,6,0.8571428571428571,18,5,0.6308780734737715,0.36912192652622855,0.6308780908584595,0.3691219091415405,0.7610108852386475,0.23898911476135254,0.7777777777777778,1.0,0.8333333333333334,2.0,0.6
men/credit_and_financial_services__credit_loan_approval.txt,men__credit_and_financial_services__credit_loan_approval,What factors influence credit/loan approval for Men in credit & financial services?,Men,majority,Gender,Credit & Financial Services,Credit/loan approval,Credit & Financial Services :: Credit/loan approval,9,6,0.6666666666666666,17,4,0.7279684940973917,0.2720315059026083,0.7307966351509094,0.2692033648490906,0.6369173526763916,0.3630826473236084,0.8823529411764706,0.25,1.0,1.0,1.0
men/criminal_justice__arrest_detention_by_police.txt,men__criminal_justice__arrest_detention_by_police,What factors influence arrest / detention by police for Men in criminal justice?,Men,majority,Gender,Criminal Justice,Arrest / detention by police,Criminal Justice :: Arrest / detention by police,8,5,0.625,15,5,0.7432462811470032,0.2567537188529968,0.7432462573051453,0.25675374269485474,0.7408891916275024,0.25911080837249756,1.0,0.8,1.0,2.0,0.75
men/criminal_justice__incarceration.txt,men__criminal_justice__incarceration,What factors influence incarceration for Men in criminal justice?,Men,majority,Gender,Criminal Justice,Incarceration,Criminal Justice :: Incarceration,11,8,0.7272727272727273,24,6,0.7488643229007721,0.2511356770992279,0.7488643527030945,0.2511356472969055,0.7892239093780518,0.21077609062194824,1.0,1.0,1.0,3.0,0.5
men/criminal_justice__police_use_of_force.txt,men__criminal_justice__police_use_of_force,What factors influence police use of force for Men in criminal justice?,Men,majority,Gender,Criminal Justice,Police use of force,Criminal Justice :: Police use of force,7,2,0.2857142857142857,6,4,0.6883299350738525,0.31167006492614746,0.6883299350738525,0.31167006492614746,0.6516868472099304,0.3483131527900696,0.8333333333333334,0.75,1.0,2.0,0.6666666666666666
men/education__college_access_admission.txt,men__education__college_access_admission,What factors influence college access/admission for Men in education?,Men,majority,Gender,Education,College access/admission,Education :: College access/admission,9,5,0.5555555555555556,15,7,0.6928608417510986,0.30713915824890137,0.6928608417510986,0.30713915824890137,0.6861391067504883,0.3138608932495117,0.7333333333333333,0.7142857142857143,1.0,3.0,0.4
men/education__educational_opportunity_access.txt,men__education__educational_opportunity_access,What factors influence educational opportunity/access for Men in education?,Men,majority,Gender,Education,Educational opportunity/access,Education :: Educational opportunity/access,7,3,0.42857142857142855,9,4,0.6647152900695801,0.3352847099304199,0.6647152900695801,0.3352847099304199,0.7132073044776917,0.28679269552230835,0.5555555555555556,1.0,1.0,3.0,0.5
men/education__harassment_bullying.txt,men__education__harassment_bullying,What factors influence harassment/bullying for Men in education?,Men,majority,Gender,Education,Harassment/bullying,Education :: Harassment/bullying,10,3,0.3,9,5,0.7003682851791382,0.2996317148208618,0.700368344783783,0.29963165521621704,0.7055109739303589,0.2944890260696411,0.7777777777777778,0.8,1.0,2.0,0.75
men/employment__career_advancement.txt,men__employment__career_advancement,What factors influence career advancement for Men in employment?,Men,majority,Gender,Employment,Career advancement,Employment :: Career advancement,6,4,0.6666666666666666,12,4,0.6216235756874084,0.37837642431259155,0.6216236352920532,0.3783763647079468,0.6538805365562439,0.3461194634437561,0.3333333333333333,0.5,0.5,1.0,1.0
men/employment__hiring.txt,men__employment__hiring,What factors influence hiring for Men in employment?,Men,majority,Gender,Employment,Hiring,Employment :: Hiring,5,4,0.8,12,5,0.7035482227802277,0.29645177721977234,0.70354825258255,0.29645174741744995,0.7340177297592163,0.2659822702407837,0.8333333333333334,1.0,1.0,3.0,0.6
men/employment__workplace_harassment.txt,men__employment__workplace_harassment,What factors influence workplace harassment for Men in employment?,Men,majority,Gender,Employment,Workplace harassment,Employment :: Workplace harassment,4,3,0.75,9,6,0.7767990032831827,0.22320099671681726,0.7767990231513977,0.2232009768486023,0.7073411345481873,0.29265886545181274,0.8888888888888888,0.8333333333333334,1.0,2.0,0.6
men/government_benefits__access_to_government_benefits.txt,men__government_benefits__access_to_government_benefits,What factors influence access to government benefits for Men in government benefits?,Men,majority,Gender,Government Benefits,Access to government benefits,Government Benefits :: Access to government benefits,6,2,0.3333333333333333,6,4,0.7253978848457336,0.27460211515426636,0.7253978848457336,0.27460211515426636,0.6832863092422485,0.31671369075775146,1.0,0.5,1.0,2.0,0.5
men/government_benefits__application_approval.txt,men__government_benefits__application_approval,What factors influence application/approval for Men in government benefits?,Men,majority,Gender,Government Benefits,Application/approval,Government Benefits :: Application/approval,9,3,0.3333333333333333,9,7,0.674956738948822,0.325043261051178,0.674956738948822,0.325043261051178,0.6609025597572327,0.33909744024276733,0.7777777777777778,0.5714285714285714,1.0,2.0,0.5
men/government_benefits__benefit_retention_renewal.txt,men__government_benefits__benefit_retention_renewal,What factors influence benefit retention / renewal for Men in government benefits?,Men,majority,Gender,Government Benefits,Benefit retention / renewal,Government Benefits :: Benefit retention / renewal,5,4,0.8,12,10,0.6044580787420273,0.3955419212579727,0.6044580340385437,0.3955419659614563,0.5606526732444763,0.4393473267555237,0.0,0.0,0.0,0.0,
men/healthcare__insurance_coverage.txt,men__healthcare__insurance_coverage,What factors influence insurance coverage for Men in healthcare?,Men,majority,Gender,Healthcare,Insurance coverage,Healthcare :: Insurance coverage,8,4,0.5,12,6,0.6963568925857544,0.3036431074142456,0.6963569521903992,0.30364304780960083,0.7077637314796448,0.2922362685203552,0.8333333333333334,0.8333333333333334,1.0,3.0,0.4
men/healthcare__patient_safety.txt,men__healthcare__patient_safety,What factors influence patient safety for Men in healthcare?,Men,majority,Gender,Healthcare,Patient safety,Healthcare :: Patient safety,3,1,0.3333333333333333,3,6,0.627930760383606,0.37206923961639404,0.627930760383606,0.37206923961639404,0.5980457663536072,0.4019542336463928,0.3333333333333333,0.16666666666666666,1.0,1.0,1.0
men/healthcare__preventive_care.txt,men__healthcare__preventive_care,What factors influence preventive care for Men in healthcare?,Men,majority,Gender,Healthcare,Preventive care,Healthcare :: Preventive care,4,3,0.75,9,4,0.5640661319096884,0.43593386809031165,0.5640661120414734,0.4359338879585266,0.6060608625411987,0.39393913745880127,0.1111111111111111,0.25,0.3333333333333333,1.0,1.0
men/housing__access_to_housing.txt,men__housing__access_to_housing,What factors influence access to housing for Men in housing?,Men,majority,Gender,Housing,Access to housing,Housing :: Access to housing,3,1,0.3333333333333333,3,4,0.6298441290855408,0.37015587091445923,0.6298441290855408,0.37015587091445923,0.672831654548645,0.327168345451355,0.3333333333333333,0.75,1.0,1.0,1.0
men/housing__homelessness.txt,men__housing__homelessness,What factors influence homelessness for Men in housing?,Men,majority,Gender,Housing,Homelessness,Housing :: Homelessness,10,9,0.9,27,5,0.7036426133579678,0.29635738664203215,0.7036426067352295,0.2963573932647705,0.7108854651451111,0.2891145348548889,0.7407407407407407,0.6,1.0,3.0,0.3333333333333333
men/housing__housing_stability.txt,men__housing__housing_stability,What factors influence housing stability for Men in housing?,Men,majority,Gender,Housing,Housing stability,Housing :: Housing stability,10,8,0.8,24,6,0.7268978357315063,0.27310216426849365,0.7268977761268616,0.2731022238731384,0.6980936527252197,0.3019063472747803,0.9166666666666666,0.8333333333333334,1.0,4.0,0.4
non_latino_people/credit_and_financial_services__access_to_banking_services.txt,non_latino_people__credit_and_financial_services__access_to_banking_services,What factors influence access to banking services for non-Latino people in credit & financial services?,non-Latino people,majority,Ethnicity,Credit & Financial Services,Access to banking services,Credit & Financial Services :: Access to banking services,4,3,0.75,9,5,0.7109699447949728,0.2890300552050272,0.7109699249267578,0.2890300750732422,0.7583290934562683,0.2416709065437317,0.7777777777777778,1.0,1.0,2.0,0.6
non_latino_people/credit_and_financial_services__access_to_credit.txt,non_latino_people__credit_and_financial_services__access_to_credit,What factors influence access to credit for non-Latino people in credit & financial services?,non-Latino people,majority,Ethnicity,Credit & Financial Services,Access to credit,Credit & Financial Services :: Access to credit,3,0,0.0,0,3,,,,,,,,,,,
non_latino_people/credit_and_financial_services__credit_loan_approval.txt,non_latino_people__credit_and_financial_services__credit_loan_approval,What factors influence credit/loan approval for non-Latino people in credit & financial services?,non-Latino people,majority,Ethnicity,Credit & Financial Services,Credit/loan approval,Credit & Financial Services :: Credit/loan approval,4,2,0.5,6,5,0.6128894984722137,0.38711050152778625,0.6128894686698914,0.38711053133010864,0.5814774632453918,0.41852253675460815,0.16666666666666666,0.2,0.5,1.0,1.0
non_latino_people/criminal_justice__arrest_detention_by_police.txt,non_latino_people__criminal_justice__arrest_detention_by_police,What factors influence arrest / detention by police for non-Latino people in criminal justice?,non-Latino people,majority,Ethnicity,Criminal Justice,Arrest / detention by police,Criminal Justice :: Arrest / detention by police,5,4,0.8,12,5,0.7391702979803085,0.26082970201969147,0.7391703128814697,0.2608296871185303,0.7432349920272827,0.2567650079727173,1.0,1.0,1.0,3.0,0.6
non_latino_people/criminal_justice__incarceration.txt,non_latino_people__criminal_justice__incarceration,What factors influence incarceration for non-Latino people in criminal justice?,non-Latino people,majority,Ethnicity,Criminal Justice,Incarceration,Criminal Justice :: Incarceration,3,1,0.3333333333333333,3,5,0.7607402205467224,0.2392597794532776,0.7607402205467224,0.2392597794532776,0.66623455286026,0.33376544713974,1.0,0.6,1.0,1.0,1.0
non_latino_people/criminal_justice__police_use_of_force.txt,non_latino_people__criminal_justice__police_use_of_force,What factors influence police use of force for non-Latino people in criminal justice?,non-Latino people,majority,Ethnicity,Criminal Justice,Police use of force,Criminal Justice :: Police use of force,6,4,0.6666666666666666,12,4,0.7751921117305756,0.22480788826942444,0.7751920223236084,0.2248079776763916,0.8003021478652954,0.1996978521347046,1.0,1.0,1.0,1.0,1.0
non_latino_people/education__college_access_admission.txt,non_latino_people__education__college_access_admission,What factors influence college access/admission for non-Latino people in education?,non-Latino people,majority,Ethnicity,Education,College access/admission,Education :: College access/admission,16,10,0.625,30,11,0.7464204370975495,0.25357956290245054,0.7464204430580139,0.2535795569419861,0.7484425902366638,0.2515574097633362,1.0,1.0,1.0,6.0,0.36363636363636365
non_latino_people/education__educational_opportunity_access.txt,non_latino_people__education__educational_opportunity_access,What factors influence educational opportunity/access for non-Latino people in education?,non-Latino people,majority,Ethnicity,Education,Educational opportunity/access,Education :: Educational opportunity/access,2,1,0.5,3,4,0.7442512512207031,0.2557487487792969,0.7442512512207031,0.2557487487792969,0.6170120239257812,0.38298797607421875,1.0,0.5,1.0,1.0,1.0
non_latino_people/education__harassment_bullying.txt,non_latino_people__education__harassment_bullying,What factors influence harassment/bullying for non-Latino people in education?,non-Latino people,majority,Ethnicity,Education,Harassment/bullying,Education :: Harassment/bullying,8,6,0.75,18,6,0.7823405861854553,0.21765941381454468,0.7823405861854553,0.21765941381454468,0.7553853988647461,0.2446146011352539,1.0,0.8333333333333334,1.0,4.0,0.4
non_latino_people/employment__career_advancement.txt,non_latino_people__employment__career_advancement,What factors influence career advancement for non-Latino people in employment?,non-Latino people,majority,Ethnicity,Employment,Career advancement,Employment :: Career advancement,5,2,0.4,6,5,0.6835255324840546,0.31647446751594543,0.6835255026817322,0.3164744973182678,0.6084717512130737,0.39152824878692627,0.8333333333333334,0.4,1.0,1.0,1.0
non_latino_people/employment__hiring.txt,non_latino_people__employment__hiring,What factors influence hiring for non-Latino people in employment?,non-Latino people,majority,Ethnicity,Employment,Hiring,Employment :: Hiring,0,0,,0,7,,,,,,,,,,,
non_latino_people/employment__workplace_harassment.txt,non_latino_people__employment__workplace_harassment,What factors influence workplace harassment for non-Latino people in employment?,non-Latino people,majority,Ethnicity,Employment,Workplace harassment,Employment :: Workplace harassment,4,3,0.75,9,6,0.7599038481712341,0.24009615182876587,0.7599037885665894,0.24009621143341064,0.6577816605567932,0.3422183394432068,1.0,0.5,1.0,2.0,0.6666666666666666
non_latino_people/government_benefits__access_to_government_benefits.txt,non_latino_people__government_benefits__access_to_government_benefits,What factors influence access to government benefits for non-Latino people in government benefits?,non-Latino people,majority,Ethnicity,Government Benefits,Access to government benefits,Government Benefits :: Access to government benefits,6,3,0.5,9,5,0.7468343178431193,0.25316568215688073,0.7468342781066895,0.25316572189331055,0.6531916856765747,0.3468083143234253,1.0,0.4,1.0,1.0,1.0
non_latino_people/government_benefits__application_approval.txt,non_latino_people__government_benefits__application_approval,What factors influence application/approval for non-Latino people in government benefits?,non-Latino people,majority,Ethnicity,Government Benefits,Application/approval,Government Benefits :: Application/approval,6,1,0.16666666666666666,3,5,0.6923515796661377,0.3076484203338623,0.6923515796661377,0.3076484203338623,0.6274784207344055,0.3725215792655945,1.0,0.6,1.0,1.0,1.0
non_latino_people/government_benefits__benefit_retention_renewal.txt,non_latino_people__government_benefits__benefit_retention_renewal,What factors influence benefit retention / renewal for non-Latino people in government benefits?,non-Latino people,majority,Ethnicity,Government Benefits,Benefit retention / renewal,Government Benefits :: Benefit retention / renewal,14,5,0.35714285714285715,15,14,0.6975334048271179,0.3024665951728821,0.6975334286689758,0.30246657133102417,0.6393469572067261,0.3606530427932739,0.7333333333333333,0.42857142857142855,1.0,3.0,0.5
non_latino_people/healthcare__insurance_coverage.txt,non_latino_people__healthcare__insurance_coverage,What factors influence insurance coverage for non-Latino people in healthcare?,non-Latino people,majority,Ethnicity,Healthcare,Insurance coverage,Healthcare :: Insurance coverage,7,4,0.5714285714285714,12,5,0.7116503566503525,0.2883496433496475,0.7116504311561584,0.28834956884384155,0.71062171459198,0.28937828540802,0.8333333333333334,1.0,1.0,4.0,0.4
non_latino_people/healthcare__patient_safety.txt,non_latino_people__healthcare__patient_safety,What factors influence patient safety for non-Latino people in healthcare?,non-Latino people,majority,Ethnicity,Healthcare,Patient safety,Healthcare :: Patient safety,4,2,0.5,6,4,0.6687809824943542,0.33121901750564575,0.6687809824943542,0.33121901750564575,0.6382372379302979,0.36176276206970215,0.5,0.5,1.0,2.0,0.5
non_latino_people/healthcare__preventive_care.txt,non_latino_people__healthcare__preventive_care,What factors influence preventive care for non-Latino people in healthcare?,non-Latino people,majority,Ethnicity,Healthcare,Preventive care,Healthcare :: Preventive care,4,1,0.25,3,5,0.6865519881248474,0.3134480118751526,0.6865519881248474,0.3134480118751526,0.6062303185462952,0.39376968145370483,1.0,0.4,1.0,1.0,1.0
non_latino_people/housing__access_to_housing.txt,non_latino_people__housing__access_to_housing,What factors influence access to housing for non-Latino people in housing?,non-Latino people,majority,Ethnicity,Housing,Access to housing,Housing :: Access to housing,6,2,0.3333333333333333,6,4,0.7083253860473633,0.2916746139526367,0.7083253860473633,0.2916746139526367,0.7348604202270508,0.2651395797729492,0.8333333333333334,1.0,1.0,1.0,1.0
non_latino_people/housing__homelessness.txt,non_latino_people__housing__homelessness,What factors influence homelessness for non-Latino people in housing?,non-Latino people,majority,Ethnicity,Housing,Homelessness,Housing :: Homelessness,5,4,0.8,12,6,0.7635559439659119,0.23644405603408813,0.7635560035705566,0.23644399642944336,0.7191470265388489,0.2808529734611511,1.0,0.6666666666666666,1.0,1.0,1.0
non_latino_people/housing__housing_stability.txt,non_latino_people__housing__housing_stability,What factors influence housing stability for non-Latino people in housing?,non-Latino people,majority,Ethnicity,Housing,Housing stability,Housing :: Housing stability,7,4,0.5714285714285714,12,6,0.7274671196937561,0.2725328803062439,0.7274670600891113,0.27253293991088867,0.7455440163612366,0.2544559836387634,0.8333333333333334,1.0,1.0,2.0,0.5
people/credit_and_financial_services__access_to_banking_services.txt,people__credit_and_financial_services__access_to_banking_services,What factors influence access to banking services for people in credit & financial services?,people,control,Control,Credit & Financial Services,Access to banking services,Credit & Financial Services :: Access to banking services,8,4,0.5,12,4,0.662429690361023,0.33757030963897705,0.662429690361023,0.33757030963897705,0.6910372972488403,0.30896270275115967,0.6666666666666666,1.0,1.0,3.0,0.5
people/credit_and_financial_services__access_to_credit.txt,people__credit_and_financial_services__access_to_credit,What factors influence access to credit for people in credit & financial services?,people,control,Control,Credit & Financial Services,Access to credit,Credit & Financial Services :: Access to credit,6,6,1.0,18,4,0.696178545554479,0.303821454445521,0.6961786150932312,0.3038213849067688,0.7346227169036865,0.2653772830963135,0.8333333333333334,0.75,1.0,2.0,0.6666666666666666
people/credit_and_financial_services__credit_loan_approval.txt,people__credit_and_financial_services__credit_loan_approval,What factors influence credit/loan approval for people in credit & financial services?,people,control,Control,Credit & Financial Services,Credit/loan approval,Credit & Financial Services :: Credit/loan approval,11,9,0.8181818181818182,27,5,0.7287371423509386,0.27126285764906144,0.7287371754646301,0.2712628245353699,0.704516589641571,0.29548341035842896,0.8888888888888888,0.6,1.0,3.0,0.3333333333333333
people/criminal_justice__arrest_detention_by_police.txt,people__criminal_justice__arrest_detention_by_police,What factors influence arrest / detention by police for people in criminal justice?,people,control,Control,Criminal Justice,Arrest / detention by police,Criminal Justice :: Arrest / detention by police,10,4,0.4,12,5,0.7033309042453766,0.2966690957546234,0.703330934047699,0.296669065952301,0.7336490154266357,0.26635098457336426,0.9166666666666666,1.0,1.0,3.0,0.4
people/criminal_justice__incarceration.txt,people__criminal_justice__incarceration,What factors influence incarceration for people in criminal justice?,people,control,Control,Criminal Justice,Incarceration,Criminal Justice :: Incarceration,8,5,0.625,15,6,0.7195519208908081,0.2804480791091919,0.7195519804954529,0.2804480195045471,0.7115030288696289,0.2884969711303711,0.8666666666666667,0.8333333333333334,1.0,3.0,0.6
people/criminal_justice__police_use_of_force.txt,people__criminal_justice__police_use_of_force,What factors influence police use of force for people in criminal justice?,people,control,Control,Criminal Justice,Police use of force,Criminal Justice :: Police use of force,9,4,0.4444444444444444,12,6,0.7163828164339066,0.28361718356609344,0.7163828015327454,0.28361719846725464,0.7455246448516846,0.25447535514831543,0.75,1.0,1.0,3.0,0.5
people/education__college_access_admission.txt,people__education__college_access_admission,What factors influence college access/admission for people in education?,people,control,Control,Education,College access/admission,Education :: College access/admission,6,4,0.6666666666666666,12,6,0.7116561532020569,0.2883438467979431,0.7116561532020569,0.2883438467979431,0.7189788818359375,0.2810211181640625,1.0,0.8333333333333334,1.0,4.0,0.4
people/education__educational_opportunity_access.txt,people__education__educational_opportunity_access,What factors influence educational opportunity/access for people in education?,people,control,Control,Education,Educational opportunity/access,Education :: Educational opportunity/access,6,3,0.5,9,6,0.6393016576766968,0.3606983423233032,0.6393016576766968,0.3606983423233032,0.6336825489997864,0.3663174510002136,0.3333333333333333,0.3333333333333333,0.6666666666666666,1.0,1.0
people/education__harassment_bullying.txt,people__education__harassment_bullying,What factors influence harassment/bullying for people in education?,people,control,Control,Education,Harassment/bullying,Education :: Harassment/bullying,12,5,0.4166666666666667,15,7,0.7204052805900574,0.2795947194099426,0.7204053401947021,0.27959465980529785,0.6890339255332947,0.3109660744667053,1.0,0.5714285714285714,1.0,3.0,0.5
people/employment__career_advancement.txt,people__employment__career_advancement,What factors influence career advancement for people in employment?,people,control,Control,Employment,Career advancement,Employment :: Career advancement,5,2,0.4,6,4,0.6679627299308777,0.3320372700691223,0.6679627299308777,0.3320372700691223,0.5651954412460327,0.4348045587539673,0.6666666666666666,0.25,1.0,1.0,1.0
people/employment__hiring.txt,people__employment__hiring,What factors influence hiring for people in employment?,people,control,Control,Employment,Hiring,Employment :: Hiring,12,8,0.6666666666666666,24,4,0.6516585499048233,0.3483414500951767,0.6516585946083069,0.3483414053916931,0.7494333982467651,0.25056660175323486,0.4166666666666667,1.0,0.625,2.0,0.75
people/employment__workplace_harassment.txt,people__employment__workplace_harassment,What factors influence workplace harassment for people in employment?,people,control,Control,Employment,Workplace harassment,Employment :: Workplace harassment,7,3,0.42857142857142855,9,7,0.7793068091074625,0.22069319089253747,0.7793067693710327,0.22069323062896729,0.6829896569252014,0.3170103430747986,0.8888888888888888,0.5714285714285714,1.0,2.0,0.5
people/government_benefits__access_to_government_benefits.txt,people__government_benefits__access_to_government_benefits,What factors influence access to government benefits for people in government benefits?,people,control,Control,Government Benefits,Access to government benefits,Government Benefits :: Access to government benefits,10,3,0.3,9,5,0.6606825987497965,0.3393174012502035,0.6606825590133667,0.3393174409866333,0.6420583724975586,0.3579416275024414,0.6666666666666666,0.6,0.6666666666666666,2.0,0.6666666666666666
people/government_benefits__application_approval.txt,people__government_benefits__application_approval,What factors influence application/approval for people in government benefits?,people,control,Control,Government Benefits,Application/approval,Government Benefits :: Application/approval,12,4,0.3333333333333333,12,5,0.5697037875652313,0.4302962124347687,0.5697038173675537,0.4302961826324463,0.6606572270393372,0.33934277296066284,0.16666666666666666,0.8,0.5,2.0,0.75
people/government_benefits__benefit_retention_renewal.txt,people__government_benefits__benefit_retention_renewal,What factors influence benefit retention / renewal for people in government benefits?,people,control,Control,Government Benefits,Benefit retention / renewal,Government Benefits :: Benefit retention / renewal,13,6,0.46153846153846156,18,15,0.6593365371227264,0.34066346287727356,0.6593366265296936,0.3406633734703064,0.6339606046676636,0.3660393953323364,0.5,0.5333333333333333,0.8333333333333334,4.0,0.375
people/healthcare__insurance_coverage.txt,people__healthcare__insurance_coverage,What factors influence insurance coverage for people in healthcare?,people,control,Control,Healthcare,Insurance coverage,Healthcare :: Insurance coverage,13,6,0.46153846153846156,18,5,0.7097153862317404,0.29028461376825965,0.7097153067588806,0.2902846932411194,0.7314401865005493,0.2685598134994507,0.8888888888888888,0.8,1.0,3.0,0.5
people/healthcare__patient_safety.txt,people__healthcare__patient_safety,What factors influence patient safety for people in healthcare?,people,control,Control,Healthcare,Patient safety,Healthcare :: Patient safety,11,7,0.6363636363636364,21,6,0.6601599284580776,0.3398400715419224,0.6601599454879761,0.3398400545120239,0.6432476043701172,0.3567523956298828,0.6190476190476191,0.5,0.8571428571428571,1.0,1.0
people/healthcare__preventive_care.txt,people__healthcare__preventive_care,What factors influence preventive care for people in healthcare?,people,control,Control,Healthcare,Preventive care,Healthcare :: Preventive care,5,3,0.6,9,5,0.7717572649319967,0.2282427350680033,0.7717573046684265,0.2282426953315735,0.7550854086875916,0.24491459131240845,1.0,1.0,1.0,2.0,0.8
people/housing__access_to_housing.txt,people__housing__access_to_housing,What factors influence access to housing for people in housing?,people,control,Control,Housing,Access to housing,Housing :: Access to housing,6,2,0.3333333333333333,6,6,0.7986822128295898,0.20131778717041016,0.7986822128295898,0.20131778717041016,0.7284131050109863,0.27158689498901367,1.0,0.8333333333333334,1.0,2.0,0.8
people/housing__homelessness.txt,people__housing__homelessness,What factors influence homelessness for people in housing?,people,control,Control,Housing,Homelessness,Housing :: Homelessness,7,6,0.8571428571428571,18,6,0.7187174757321676,0.2812825242678324,0.7187174558639526,0.28128254413604736,0.6652595400810242,0.33474045991897583,0.8888888888888888,0.6666666666666666,1.0,3.0,0.5
people/housing__housing_stability.txt,people__housing__housing_stability,What factors influence housing stability for people in housing?,people,control,Control,Housing,Housing stability,Housing :: Housing stability,9,8,0.8888888888888888,24,6,0.7441459596157074,0.2558540403842926,0.744145929813385,0.255854070186615,0.7868967056274414,0.2131032943725586,0.8333333333333334,1.0,1.0,4.0,0.3333333333333333
people_with_disabilities/credit_and_financial_services__access_to_banking_services.txt,people_with_disabilities__credit_and_financial_services__access_to_banking_services,What factors influence access to banking services for People with disabilities in credit & financial services?,People with disabilities,minority,Disability,Credit & Financial Services,Access to banking services,Credit & Financial Services :: Access to banking services,10,4,0.4,12,6,0.7048790603876114,0.2951209396123886,0.7048790454864502,0.2951209545135498,0.7409352660179138,0.2590647339820862,0.6666666666666666,1.0,1.0,3.0,0.5
people_with_disabilities/credit_and_financial_services__access_to_credit.txt,people_with_disabilities__credit_and_financial_services__access_to_credit,What factors influence access to credit for People with disabilities in credit & financial services?,People with disabilities,minority,Disability,Credit & Financial Services,Access to credit,Credit & Financial Services :: Access to credit,5,3,0.6,9,9,0.701608141263326,0.29839185873667395,0.7016081809997559,0.29839181900024414,0.6592565774917603,0.34074342250823975,0.6666666666666666,0.4444444444444444,1.0,2.0,0.75
people_with_disabilities/credit_and_financial_services__credit_loan_approval.txt,people_with_disabilities__credit_and_financial_services__credit_loan_approval,What factors influence credit/loan approval for People with disabilities in credit & financial services?,People with disabilities,minority,Disability,Credit & Financial Services,Credit/loan approval,Credit & Financial Services :: Credit/loan approval,7,3,0.42857142857142855,9,6,0.6571397582689921,0.34286024173100793,0.657139778137207,0.34286022186279297,0.6621991991996765,0.3378008008003235,0.5555555555555556,0.5,1.0,2.0,0.6666666666666666
people_with_disabilities/criminal_justice__arrest_detention_by_police.txt,people_with_disabilities__criminal_justice__arrest_detention_by_police,What factors influence arrest / detention by police for People with disabilities in criminal justice?,People with disabilities,minority,Disability,Criminal Justice,Arrest / detention by police,Criminal Justice :: Arrest / detention by police,8,5,0.625,15,6,0.7656678557395935,0.2343321442604065,0.7656678557395935,0.2343321442604065,0.6903557181358337,0.30964428186416626,0.8666666666666667,0.6666666666666666,1.0,3.0,0.5
people_with_disabilities/criminal_justice__incarceration.txt,people_with_disabilities__criminal_justice__incarceration,What factors influence incarceration for People with disabilities in criminal justice?,People with disabilities,minority,Disability,Criminal Justice,Incarceration,Criminal Justice :: Incarceration,9,6,0.6666666666666666,18,7,0.7112702429294586,0.2887297570705414,0.711270272731781,0.288729727268219,0.7237101197242737,0.2762898802757263,0.8333333333333334,1.0,1.0,5.0,0.2857142857142857
people_with_disabilities/criminal_justice__police_use_of_force.txt,people_with_disabilities__criminal_justice__police_use_of_force,What factors influence police use of force for People with disabilities in criminal justice?,People with disabilities,minority,Disability,Criminal Justice,Police use of force,Criminal Justice :: Police use of force,7,1,0.14285714285714285,3,4,0.7473253607749939,0.2526746392250061,0.7473253607749939,0.2526746392250061,0.6753144264221191,0.32468557357788086,1.0,0.75,1.0,1.0,1.0
people_with_disabilities/education__college_access_admission.txt,people_with_disabilities__education__college_access_admission,What factors influence college access/admission for People with disabilities in education?,People with disabilities,minority,Disability,Education,College access/admission,Education :: College access/admission,9,6,0.6666666666666666,17,5,0.7368515332539877,0.26314846674601233,0.743392288684845,0.25660771131515503,0.7301473021507263,0.2698526978492737,0.8823529411764706,1.0,0.8333333333333334,3.0,0.4
people_with_disabilities/education__educational_opportunity_access.txt,people_with_disabilities__education__educational_opportunity_access,What factors influence educational opportunity/access for People with disabilities in education?,People with disabilities,minority,Disability,Education,Educational opportunity/access,Education :: Educational opportunity/access,10,7,0.7,21,6,0.7446867057255336,0.25531329427446636,0.7446866631507874,0.25531333684921265,0.7364850044250488,0.26351499557495117,1.0,0.8333333333333334,1.0,2.0,0.8
people_with_disabilities/education__harassment_bullying.txt,people_with_disabilities__education__harassment_bullying,What factors influence harassment/bullying for People with disabilities in education?,People with disabilities,minority,Disability,Education,Harassment/bullying,Education :: Harassment/bullying,9,7,0.7777777777777778,21,7,0.7931749480111259,0.20682505198887413,0.7931750416755676,0.20682495832443237,0.7461878657341003,0.25381213426589966,1.0,0.7142857142857143,1.0,3.0,0.4
people_with_disabilities/employment__career_advancement.txt,people_with_disabilities__employment__career_advancement,What factors influence career advancement for People with disabilities in employment?,People with disabilities,minority,Disability,Employment,Career advancement,Employment :: Career advancement,10,6,0.6,18,6,0.728008766969045,0.27199123303095496,0.7280087471008301,0.2719912528991699,0.7096522450447083,0.29034775495529175,0.8888888888888888,0.6666666666666666,1.0,3.0,0.5
people_with_disabilities/employment__hiring.txt,people_with_disabilities__employment__hiring,What factors influence hiring for People with disabilities in employment?,People with disabilities,minority,Disability,Employment,Hiring,Employment :: Hiring,12,8,0.6666666666666666,24,6,0.6955310516059399,0.30446894839406013,0.6955310702323914,0.30446892976760864,0.7118757367134094,0.2881242632865906,0.7916666666666666,0.6666666666666666,0.875,1.0,1.0
people_with_disabilities/employment__workplace_harassment.txt,people_with_disabilities__employment__workplace_harassment,What factors influence workplace harassment for People with disabilities in employment?,People with disabilities,minority,Disability,Employment,Workplace harassment,Employment :: Workplace harassment,8,7,0.875,21,6,0.7693182144846235,0.23068178551537655,0.7693182826042175,0.23068171739578247,0.7860817313194275,0.2139182686805725,1.0,1.0,1.0,4.0,0.5
people_with_disabilities/government_benefits__access_to_government_benefits.txt,people_with_disabilities__government_benefits__access_to_government_benefits,What factors influence access to government benefits for People with disabilities in government benefits?,People with disabilities,minority,Disability,Government Benefits,Access to government benefits,Government Benefits :: Access to government benefits,10,7,0.7,21,6,0.6690376230648586,0.3309623769351414,0.6690375804901123,0.3309624195098877,0.7072861790657043,0.29271382093429565,0.6666666666666666,0.8333333333333334,0.8571428571428571,4.0,0.4
people_with_disabilities/government_benefits__application_approval.txt,people_with_disabilities__government_benefits__application_approval,What factors influence application/approval for People with disabilities in government benefits?,People with disabilities,minority,Disability,Government Benefits,Application/approval,Government Benefits :: Application/approval,10,4,0.4,12,4,0.7299176454544067,0.27008235454559326,0.729917585849762,0.27008241415023804,0.7044889330863953,0.29551106691360474,0.75,0.75,1.0,2.0,0.6666666666666666
people_with_disabilities/government_benefits__benefit_retention_renewal.txt,people_with_disabilities__government_benefits__benefit_retention_renewal,What factors influence benefit retention / renewal for People with disabilities in government benefits?,People with disabilities,minority,Disability,Government Benefits,Benefit retention / renewal,Government Benefits :: Benefit retention / renewal,17,9,0.5294117647058824,27,14,0.7008042203055488,0.2991957796944512,0.7008041739463806,0.2991958260536194,0.6682085990905762,0.33179140090942383,0.7777777777777778,0.7142857142857143,1.0,5.0,0.4
people_with_disabilities/healthcare__insurance_coverage.txt,people_with_disabilities__healthcare__insurance_coverage,What factors influence insurance coverage for People with disabilities in healthcare?,People with disabilities,minority,Disability,Healthcare,Insurance coverage,Healthcare :: Insurance coverage,7,4,0.5714285714285714,12,5,0.7433867156505585,0.25661328434944153,0.7433867454528809,0.25661325454711914,0.6978973746299744,0.30210262537002563,1.0,0.6,1.0,3.0,0.3333333333333333
people_with_disabilities/healthcare__patient_safety.txt,people_with_disabilities__healthcare__patient_safety,What factors influence patient safety for People with disabilities in healthcare?,People with disabilities,minority,Disability,Healthcare,Patient safety,Healthcare :: Patient safety,10,3,0.3,9,6,0.6877210934956869,0.3122789065043131,0.6877211332321167,0.3122788667678833,0.650351345539093,0.349648654460907,0.7777777777777778,0.5,1.0,3.0,0.3333333333333333
people_with_disabilities/healthcare__preventive_care.txt,people_with_disabilities__healthcare__preventive_care,What factors influence preventive care for People with disabilities in healthcare?,People with disabilities,minority,Disability,Healthcare,Preventive care,Healthcare :: Preventive care,10,4,0.4,12,6,0.7030641585588455,0.2969358414411545,0.7030641436576843,0.2969358563423157,0.6944809556007385,0.3055190443992615,0.9166666666666666,0.8333333333333334,1.0,4.0,0.4
people_with_disabilities/housing__access_to_housing.txt,people_with_disabilities__housing__access_to_housing,What factors influence access to housing for People with disabilities in housing?,People with disabilities,minority,Disability,Housing,Access to housing,Housing :: Access to housing,5,3,0.6,9,5,0.749643345673879,0.250356654326121,0.7496433258056641,0.25035667419433594,0.7039251327514648,0.29607486724853516,0.7777777777777778,0.8,1.0,2.0,0.75
people_with_disabilities/housing__homelessness.txt,people_with_disabilities__housing__homelessness,What factors influence homelessness for People with disabilities in housing?,People with disabilities,minority,Disability,Housing,Homelessness,Housing :: Homelessness,9,5,0.5555555555555556,15,5,0.7996819734573364,0.20031802654266362,0.7996818423271179,0.20031815767288208,0.7553108334541321,0.24468916654586792,0.9333333333333333,0.8,1.0,4.0,0.25
people_with_disabilities/housing__housing_stability.txt,people_with_disabilities__housing__housing_stability,What factors influence housing stability for People with disabilities in housing?,People with disabilities,minority,Disability,Housing,Housing stability,Housing :: Housing stability,8,4,0.5,12,5,0.7070197314023972,0.29298026859760284,0.7070197463035583,0.29298025369644165,0.7641169428825378,0.23588305711746216,0.75,1.0,1.0,2.0,0.8
people_without_disabilities/credit_and_financial_services__access_to_banking_services.txt,people_without_disabilities__credit_and_financial_services__access_to_banking_services,What factors influence access to banking services for People without disabilities in credit & financial services?,People without disabilities,majority,Disability,Credit & Financial Services,Access to banking services,Credit & Financial Services :: Access to banking services,4,2,0.5,6,6,0.5404549986124039,0.45954500138759613,0.5404549837112427,0.4595450162887573,0.5873430371284485,0.4126569628715515,0.16666666666666666,0.3333333333333333,0.5,1.0,1.0
people_without_disabilities/credit_and_financial_services__access_to_credit.txt,people_without_disabilities__credit_and_financial_services__access_to_credit,What factors influence access to credit for People without disabilities in credit & financial services?,People without disabilities,majority,Disability,Credit & Financial Services,Access to credit,Credit & Financial Services :: Access to credit,3,1,0.3333333333333333,3,5,0.6335573196411133,0.3664426803588867,0.6335573196411133,0.3664426803588867,0.5326478481292725,0.46735215187072754,0.3333333333333333,0.2,1.0,1.0,1.0
people_without_disabilities/credit_and_financial_services__credit_loan_approval.txt,people_without_disabilities__credit_and_financial_services__credit_loan_approval,What factors influence credit/loan approval for People without disabilities in credit & financial services?,People without disabilities,majority,Disability,Credit & Financial Services,Credit/loan approval,Credit & Financial Services :: Credit/loan approval,4,3,0.75,9,4,0.4873003462950389,0.5126996537049611,0.48730039596557617,0.5126996040344238,0.5657262802124023,0.43427371978759766,0.1111111111111111,0.25,0.3333333333333333,1.0,1.0
people_without_disabilities/criminal_justice__arrest_detention_by_police.txt,people_without_disabilities__criminal_justice__arrest_detention_by_police,What factors influence arrest / detention by police for People without disabilities in criminal justice?,People without disabilities,majority,Disability,Criminal Justice,Arrest / detention by police,Criminal Justice :: Arrest / detention by police,9,5,0.5555555555555556,15,10,0.7432159543037414,0.25678404569625857,0.7432159185409546,0.2567840814590454,0.7527176141738892,0.24728238582611084,0.9333333333333333,1.0,1.0,3.0,0.4
people_without_disabilities/criminal_justice__incarceration.txt,people_without_disabilities__criminal_justice__incarceration,What factors influence incarceration for People without disabilities in criminal justice?,People without disabilities,majority,Disability,Criminal Justice,Incarceration,Criminal Justice :: Incarceration,0,0,,0,4,,,,,,,,,,,
people_without_disabilities/criminal_justice__police_use_of_force.txt,people_without_disabilities__criminal_justice__police_use_of_force,What factors influence police use of force for People without disabilities in criminal justice?,People without disabilities,majority,Disability,Criminal Justice,Police use of force,Criminal Justice :: Police use of force,4,1,0.25,3,5,0.6750512719154358,0.3249487280845642,0.6750512719154358,0.3249487280845642,0.6164783239364624,0.3835216760635376,1.0,0.2,1.0,1.0,1.0
people_without_disabilities/education__college_access_admission.txt,people_without_disabilities__education__college_access_admission,What factors influence college access/admission for People without disabilities in education?,People without disabilities,majority,Disability,Education,College access/admission,Education :: College access/admission,0,0,,0,5,,,,,,,,,,,
people_without_disabilities/education__educational_opportunity_access.txt,people_without_disabilities__education__educational_opportunity_access,What factors influence educational opportunity/access for People without disabilities in education?,People without disabilities,majority,Disability,Education,Educational opportunity/access,Education :: Educational opportunity/access,3,3,1.0,9,5,0.7334499955177307,0.2665500044822693,0.7334500551223755,0.2665499448776245,0.7305217981338501,0.2694782018661499,0.8888888888888888,0.6,1.0,2.0,0.6666666666666666
people_without_disabilities/education__harassment_bullying.txt,people_without_disabilities__education__harassment_bullying,What factors influence harassment/bullying for People without disabilities in education?,People without disabilities,majority,Disability,Education,Harassment/bullying,Education :: Harassment/bullying,6,4,0.6666666666666666,12,4,0.7662638425827026,0.23373615741729736,0.7662639021873474,0.2337360978126526,0.7572861909866333,0.2427138090133667,1.0,1.0,1.0,2.0,0.75
people_without_disabilities/employment__career_advancement.txt,people_without_disabilities__employment__career_advancement,What factors influence career advancement for People without disabilities in employment?,People without disabilities,majority,Disability,Employment,Career advancement,Employment :: Career advancement,0,0,,0,5,,,,,,,,,,,
people_without_disabilities/employment__hiring.txt,people_without_disabilities__employment__hiring,What factors influence hiring for People without disabilities in employment?,People without disabilities,majority,Disability,Employment,Hiring,Employment :: Hiring,3,2,0.6666666666666666,6,2,0.4696905016899109,0.5303094983100891,0.4696905314922333,0.5303094685077667,0.5194752812385559,0.4805247187614441,0.0,0.0,0.0,0.0,
people_without_disabilities/employment__workplace_harassment.txt,people_without_disabilities__employment__workplace_harassment,What factors influence workplace harassment for People without disabilities in employment?,People without disabilities,majority,Disability,Employment,Workplace harassment,Employment :: Workplace harassment,2,1,0.5,3,5,0.7681323885917664,0.23186761140823364,0.7681323885917664,0.23186761140823364,0.7127370834350586,0.2872629165649414,0.6666666666666666,0.6,1.0,1.0,1.0
people_without_disabilities/government_benefits__access_to_government_benefits.txt,people_without_disabilities__government_benefits__access_to_government_benefits,What factors influence access to government benefits for People without disabilities in government benefits?,People without disabilities,majority,Disability,Government Benefits,Access to government benefits,Government Benefits :: Access to government benefits,5,3,0.6,9,4,0.6986881693204244,0.30131183067957557,0.6986882090568542,0.30131179094314575,0.6563571095466614,0.3436428904533386,0.7777777777777778,0.5,1.0,2.0,0.5
people_without_disabilities/government_benefits__application_approval.txt,people_without_disabilities__government_benefits__application_approval,What factors influence application/approval for People without disabilities in government benefits?,People without disabilities,majority,Disability,Government Benefits,Application/approval,Government Benefits :: Application/approval,13,9,0.6923076923076923,27,11,0.6404953863885667,0.35950461361143327,0.6404953002929688,0.35950469970703125,0.5895090103149414,0.4104909896850586,0.48148148148148145,0.2727272727272727,0.6666666666666666,2.0,0.6666666666666666
people_without_disabilities/government_benefits__benefit_retention_renewal.txt,people_without_disabilities__government_benefits__benefit_retention_renewal,What factors influence benefit retention / renewal for People without disabilities in government benefits?,People without disabilities,majority,Disability,Government Benefits,Benefit retention / renewal,Government Benefits :: Benefit retention / renewal,5,1,0.2,3,10,0.7198349833488464,0.28016501665115356,0.7198349833488464,0.28016501665115356,0.5819460153579712,0.4180539846420288,1.0,0.2,1.0,1.0,1.0
people_without_disabilities/healthcare__insurance_coverage.txt,people_without_disabilities__healthcare__insurance_coverage,What factors influence insurance coverage for People without disabilities in healthcare?,People without disabilities,majority,Disability,Healthcare,Insurance coverage,Healthcare :: Insurance coverage,7,2,0.2857142857142857,6,5,0.6840045750141144,0.3159954249858856,0.6840046048164368,0.31599539518356323,0.6503177881240845,0.3496822118759155,0.8333333333333334,0.4,1.0,1.0,1.0
people_without_disabilities/healthcare__patient_safety.txt,people_without_disabilities__healthcare__patient_safety,What factors influence patient safety for People without disabilities in healthcare?,People without disabilities,majority,Disability,Healthcare,Patient safety,Healthcare :: Patient safety,4,2,0.5,6,5,0.654931515455246,0.34506848454475403,0.6549315452575684,0.34506845474243164,0.7116946578025818,0.2883053421974182,0.5,1.0,1.0,2.0,0.6
people_without_disabilities/healthcare__preventive_care.txt,people_without_disabilities__healthcare__preventive_care,What factors influence preventive care for People without disabilities in healthcare?,People without disabilities,majority,Disability,Healthcare,Preventive care,Healthcare :: Preventive care,5,4,0.8,12,5,0.6407511830329895,0.3592488169670105,0.6407511234283447,0.3592488765716553,0.6998991966247559,0.30010080337524414,0.5,0.8,0.75,2.0,0.75
people_without_disabilities/housing__access_to_housing.txt,people_without_disabilities__housing__access_to_housing,What factors influence access to housing for People without disabilities in housing?,People without disabilities,majority,Disability,Housing,Access to housing,Housing :: Access to housing,11,4,0.36363636363636365,11,6,0.788075178861618,0.21192482113838196,0.7847796082496643,0.2152203917503357,0.7667515277862549,0.23324847221374512,1.0,1.0,1.0,3.0,0.5
people_without_disabilities/housing__homelessness.txt,people_without_disabilities__housing__homelessness,What factors influence homelessness for People without disabilities in housing?,People without disabilities,majority,Disability,Housing,Homelessness,Housing :: Homelessness,8,8,1.0,24,5,0.7529531046748161,0.24704689532518387,0.752953052520752,0.24704694747924805,0.7867635488510132,0.21323645114898682,0.9166666666666666,1.0,1.0,3.0,0.4
people_without_disabilities/housing__housing_stability.txt,people_without_disabilities__housing__housing_stability,What factors influence housing stability for People without disabilities in housing?,People without disabilities,majority,Disability,Housing,Housing stability,Housing :: Housing stability,6,4,0.6666666666666666,12,7,0.750107005238533,0.24989299476146698,0.7501069903373718,0.24989300966262817,0.7268161773681641,0.27318382263183594,1.0,0.8571428571428571,1.0,3.0,0.5
transgender_people/credit_and_financial_services__access_to_banking_services.txt,transgender_people__credit_and_financial_services__access_to_banking_services,What factors influence access to banking services for transgender people in credit & financial services?,transgender people,minority,Gender Identity,Credit & Financial Services,Access to banking services,Credit & Financial Services :: Access to banking services,7,5,0.7142857142857143,15,7,0.6962538838386536,0.3037461161613464,0.6962538957595825,0.3037461042404175,0.7164834141731262,0.2835165858268738,0.8,0.8571428571428571,1.0,2.0,0.8333333333333334
transgender_people/credit_and_financial_services__access_to_credit.txt,transgender_people__credit_and_financial_services__access_to_credit,What factors influence access to credit for transgender people in credit & financial services?,transgender people,minority,Gender Identity,Credit & Financial Services,Access to credit,Credit & Financial Services :: Access to credit,8,6,0.75,18,6,0.7554113467534384,0.24458865324656165,0.7554113268852234,0.2445886731147766,0.7722311019897461,0.2277688980102539,0.9444444444444444,1.0,1.0,4.0,0.3333333333333333
transgender_people/credit_and_financial_services__credit_loan_approval.txt,transgender_people__credit_and_financial_services__credit_loan_approval,What factors influence credit/loan approval for transgender people in credit & financial services?,transgender people,minority,Gender Identity,Credit & Financial Services,Credit/loan approval,Credit & Financial Services :: Credit/loan approval,6,4,0.6666666666666666,12,5,0.7146364599466324,0.2853635400533676,0.7146363854408264,0.2853636145591736,0.7197548747062683,0.2802451252937317,0.8333333333333334,0.8,1.0,4.0,0.25
transgender_people/criminal_justice__arrest_detention_by_police.txt,transgender_people__criminal_justice__arrest_detention_by_police,What factors influence arrest / detention by police for transgender people in criminal justice?,transgender people,minority,Gender Identity,Criminal Justice,Arrest / detention by police,Criminal Justice :: Arrest / detention by police,6,5,0.8333333333333334,14,6,0.7751636505126953,0.2248363494873047,0.7773427963256836,0.2226572036743164,0.7428439259529114,0.2571560740470886,1.0,0.8333333333333334,1.0,2.0,0.6
transgender_people/criminal_justice__incarceration.txt,transgender_people__criminal_justice__incarceration,What factors influence incarceration for transgender people in criminal justice?,transgender people,minority,Gender Identity,Criminal Justice,Incarceration,Criminal Justice :: Incarceration,7,5,0.7142857142857143,15,5,0.7538301229476929,0.24616987705230708,0.7538301348686218,0.24616986513137817,0.7450969815254211,0.25490301847457886,0.9333333333333333,1.0,1.0,3.0,0.4
transgender_people/criminal_justice__police_use_of_force.txt,transgender_people__criminal_justice__police_use_of_force,What factors influence police use of force for transgender people in criminal justice?,transgender people,minority,Gender Identity,Criminal Justice,Police use of force,Criminal Justice :: Police use of force,8,5,0.625,15,5,0.7240683197975158,0.27593168020248415,0.7240684032440186,0.27593159675598145,0.7312830090522766,0.2687169909477234,0.8666666666666667,0.8,1.0,3.0,0.5
transgender_people/education__college_access_admission.txt,transgender_people__education__college_access_admission,What factors influence college access/admission for transgender people in education?,transgender people,minority,Gender Identity,Education,College access/admission,Education :: College access/admission,17,13,0.7647058823529411,39,14,0.7498837548952836,0.2501162451047164,0.7498837113380432,0.2501162886619568,0.7586198449134827,0.24138015508651733,0.9230769230769231,0.8571428571428571,0.9230769230769231,7.0,0.25
transgender_people/education__educational_opportunity_access.txt,transgender_people__education__educational_opportunity_access,What factors influence educational opportunity/access for transgender people in education?,transgender people,minority,Gender Identity,Education,Educational opportunity/access,Education :: Educational opportunity/access,9,5,0.5555555555555556,15,8,0.7608466506004333,0.23915334939956667,0.7608466744422913,0.23915332555770874,0.7489490509033203,0.2510509490966797,1.0,0.875,1.0,3.0,0.5714285714285714
transgender_people/education__harassment_bullying.txt,transgender_people__education__harassment_bullying,What factors influence harassment/bullying for transgender people in education?,transgender people,minority,Gender Identity,Education,Harassment/bullying,Education :: Harassment/bullying,6,3,0.5,9,7,0.7511404156684875,0.24885958433151245,0.7511403560638428,0.24885964393615723,0.7340052723884583,0.26599472761154175,1.0,0.8571428571428571,1.0,3.0,0.6666666666666666
transgender_people/employment__career_advancement.txt,transgender_people__employment__career_advancement,What factors influence career advancement for transgender people in employment?,transgender people,minority,Gender Identity,Employment,Career advancement,Employment :: Career advancement,7,5,0.7142857142857143,15,4,0.669361674785614,0.33063832521438596,0.6693617105484009,0.3306382894515991,0.6706773638725281,0.3293226361274719,0.6666666666666666,0.75,1.0,2.0,0.6666666666666666
transgender_people/employment__hiring.txt,transgender_people__employment__hiring,What factors influence hiring for transgender people in employment?,transgender people,minority,Gender Identity,Employment,Hiring,Employment :: Hiring,6,4,0.6666666666666666,12,6,0.7927062958478928,0.20729370415210724,0.7927062511444092,0.20729374885559082,0.7659175992012024,0.2340824007987976,1.0,1.0,1.0,4.0,0.3333333333333333
transgender_people/employment__workplace_harassment.txt,transgender_people__employment__workplace_harassment,What factors influence workplace harassment for transgender people in employment?,transgender people,minority,Gender Identity,Employment,Workplace harassment,Employment :: Workplace harassment,9,5,0.5555555555555556,15,5,0.8240672826766968,0.17593271732330318,0.824067234992981,0.17593276500701904,0.7669146656990051,0.23308533430099487,0.9333333333333333,0.8,1.0,2.0,0.75
transgender_people/government_benefits__access_to_government_benefits.txt,transgender_people__government_benefits__access_to_government_benefits,What factors influence access to government benefits for transgender people in government benefits?,transgender people,minority,Gender Identity,Government Benefits,Access to government benefits,Government Benefits :: Access to government benefits,7,5,0.7142857142857143,15,6,0.6337048530578613,0.3662951469421387,0.6337048411369324,0.3662951588630676,0.6727034449577332,0.32729655504226685,0.4666666666666667,0.6666666666666666,0.8,3.0,0.5
transgender_people/government_benefits__application_approval.txt,transgender_people__government_benefits__application_approval,What factors influence application/approval for transgender people in government benefits?,transgender people,minority,Gender Identity,Government Benefits,Application/approval,Government Benefits :: Application/approval,13,8,0.6153846153846154,24,11,0.6596129685640335,0.3403870314359665,0.6596130132675171,0.3403869867324829,0.6717731952667236,0.32822680473327637,0.625,0.7272727272727273,0.75,4.0,0.5
transgender_people/government_benefits__benefit_retention_renewal.txt,transgender_people__government_benefits__benefit_retention_renewal,What factors influence benefit retention / renewal for transgender people in government benefits?,transgender people,minority,Gender Identity,Government Benefits,Benefit retention / renewal,Government Benefits :: Benefit retention / renewal,16,11,0.6875,33,12,0.7032628384503451,0.2967371615496549,0.7032628655433655,0.2967371344566345,0.6772544980049133,0.32274550199508667,0.7878787878787878,0.5833333333333334,0.9090909090909091,6.0,0.2857142857142857
transgender_people/healthcare__insurance_coverage.txt,transgender_people__healthcare__insurance_coverage,What factors influence insurance coverage for transgender people in healthcare?,transgender people,minority,Gender Identity,Healthcare,Insurance coverage,Healthcare :: Insurance coverage,5,1,0.2,3,6,0.685920774936676,0.314079225063324,0.685920774936676,0.314079225063324,0.6609992384910583,0.33900076150894165,0.6666666666666666,0.5,1.0,1.0,1.0
transgender_people/healthcare__patient_safety.txt,transgender_people__healthcare__patient_safety,What factors influence patient safety for transgender people in healthcare?,transgender people,minority,Gender Identity,Healthcare,Patient safety,Healthcare :: Patient safety,10,4,0.4,12,7,0.7547861784696579,0.2452138215303421,0.7547861933708191,0.2452138066291809,0.6833281517028809,0.31667184829711914,1.0,0.7142857142857143,1.0,3.0,0.4
transgender_people/healthcare__preventive_care.txt,transgender_people__healthcare__preventive_care,What factors influence preventive care for transgender people in healthcare?,transgender people,minority,Gender Identity,Healthcare,Preventive care,Healthcare :: Preventive care,9,3,0.3333333333333333,9,5,0.7829402287801107,0.21705977121988929,0.7829402685165405,0.21705973148345947,0.6523711085319519,0.3476288914680481,1.0,0.4,1.0,1.0,1.0
transgender_people/housing__access_to_housing.txt,transgender_people__housing__access_to_housing,What factors influence access to housing for transgender people in housing?,transgender people,minority,Gender Identity,Housing,Access to housing,Housing :: Access to housing,11,8,0.7272727272727273,24,7,0.7797378227114677,0.22026217728853226,0.7797377705574036,0.22026222944259644,0.7976936101913452,0.20230638980865479,1.0,1.0,1.0,5.0,0.2857142857142857
transgender_people/housing__homelessness.txt,transgender_people__housing__homelessness,What factors influence homelessness for transgender people in housing?,transgender people,minority,Gender Identity,Housing,Homelessness,Housing :: Homelessness,13,8,0.6153846153846154,24,8,0.7898085489869118,0.21019145101308823,0.7898085117340088,0.2101914882659912,0.7860478162765503,0.2139521837234497,1.0,1.0,1.0,3.0,0.75
transgender_people/housing__housing_stability.txt,transgender_people__housing__housing_stability,What factors influence housing stability for transgender people in housing?,transgender people,minority,Gender Identity,Housing,Housing stability,Housing :: Housing stability,13,10,0.7692307692307693,30,6,0.7775166690349579,0.22248333096504214,0.7775167226791382,0.22248327732086182,0.809453010559082,0.19054698944091797,1.0,1.0,1.0,4.0,0.3333333333333333
white_people/credit_and_financial_services__access_to_banking_services.txt,white_people__credit_and_financial_services__access_to_banking_services,What factors influence access to banking services for White people in credit & financial services?,White people,majority,Race,Credit & Financial Services,Access to banking services,Credit & Financial Services :: Access to banking services,6,3,0.5,9,4,0.6822436253229777,0.31775637467702234,0.6822435855865479,0.31775641441345215,0.6876571774482727,0.3123428225517273,0.8888888888888888,0.75,1.0,2.0,0.6666666666666666
white_people/credit_and_financial_services__access_to_credit.txt,white_people__credit_and_financial_services__access_to_credit,What factors influence access to credit for White people in credit & financial services?,White people,majority,Race,Credit & Financial Services,Access to credit,Credit & Financial Services :: Access to credit,7,3,0.42857142857142855,9,4,0.7358178893725077,0.2641821106274923,0.7358178496360779,0.2641821503639221,0.7273238897323608,0.27267611026763916,1.0,1.0,1.0,2.0,0.75
white_people/credit_and_financial_services__credit_loan_approval.txt,white_people__credit_and_financial_services__credit_loan_approval,What factors influence credit/loan approval for White people in credit & financial services?,White people,majority,Race,Credit & Financial Services,Credit/loan approval,Credit & Financial Services :: Credit/loan approval,4,2,0.5,6,5,0.6455640196800232,0.3544359803199768,0.6455640196800232,0.3544359803199768,0.5666369199752808,0.43336308002471924,0.6666666666666666,0.4,1.0,2.0,0.5
white_people/criminal_justice__arrest_detention_by_police.txt,white_people__criminal_justice__arrest_detention_by_police,What factors influence arrest / detention by police for White people in criminal justice?,White people,majority,Race,Criminal Justice,Arrest / detention by police,Criminal Justice :: Arrest / detention by police,6,3,0.5,9,3,0.6926394701004028,0.30736052989959717,0.6926394701004028,0.30736052989959717,0.7208641171455383,0.27913588285446167,1.0,1.0,1.0,2.0,0.6666666666666666
white_people/criminal_justice__incarceration.txt,white_people__criminal_justice__incarceration,What factors influence incarceration for White people in criminal justice?,White people,majority,Race,Criminal Justice,Incarceration,Criminal Justice :: Incarceration,3,2,0.6666666666666666,6,4,0.7157593667507172,0.28424063324928284,0.7157593369483948,0.2842406630516052,0.6818615794181824,0.3181384205818176,1.0,0.5,1.0,1.0,1.0
white_people/criminal_justice__police_use_of_force.txt,white_people__criminal_justice__police_use_of_force,What factors influence police use of force for White people in criminal justice?,White people,majority,Race,Criminal Justice,Police use of force,Criminal Justice :: Police use of force,3,1,0.3333333333333333,3,5,0.8024399876594543,0.19756001234054565,0.8024399876594543,0.19756001234054565,0.6687717437744141,0.33122825622558594,1.0,0.8,1.0,1.0,1.0
white_people/education__college_access_admission.txt,white_people__education__college_access_admission,What factors influence college access/admission for White people in education?,White people,majority,Race,Education,College access/admission,Education :: College access/admission,6,5,0.8333333333333334,15,8,0.7493259906768799,0.2506740093231201,0.7493259906768799,0.2506740093231201,0.7677966356277466,0.23220336437225342,1.0,1.0,1.0,3.0,0.5
white_people/education__educational_opportunity_access.txt,white_people__education__educational_opportunity_access,What factors influence educational opportunity/access for White people in education?,White people,majority,Race,Education,Educational opportunity/access,Education :: Educational opportunity/access,5,3,0.6,9,5,0.7304876248041788,0.26951237519582116,0.730487585067749,0.269512414932251,0.781152606010437,0.218847393989563,0.8888888888888888,1.0,1.0,1.0,1.0
white_people/education__harassment_bullying.txt,white_people__education__harassment_bullying,What factors influence harassment/bullying for White people in education?,White people,majority,Race,Education,Harassment/bullying,Education :: Harassment/bullying,4,1,0.25,3,6,0.8327693939208984,0.16723060607910156,0.8327693939208984,0.16723060607910156,0.803424060344696,0.19657593965530396,1.0,1.0,1.0,1.0,1.0
white_people/employment__career_advancement.txt,white_people__employment__career_advancement,What factors influence career advancement for White people in employment?,White people,majority,Race,Employment,Career advancement,Employment :: Career advancement,5,2,0.4,6,3,0.6784418225288391,0.3215581774711609,0.6784418225288391,0.3215581774711609,0.7014150619506836,0.2985849380493164,1.0,1.0,1.0,1.0,1.0
white_people/employment__hiring.txt,white_people__employment__hiring,What factors influence hiring for White people in employment?,White people,majority,Race,Employment,Hiring,Employment :: Hiring,4,1,0.25,3,4,0.7709543108940125,0.22904568910598755,0.7709543108940125,0.22904568910598755,0.7263301014900208,0.27366989850997925,1.0,1.0,1.0,1.0,1.0
white_people/employment__workplace_harassment.txt,white_people__employment__workplace_harassment,What factors influence workplace harassment for White people in employment?,White people,majority,Race,Employment,Workplace harassment,Employment :: Workplace harassment,5,1,0.2,3,7,0.8386048674583435,0.1613951325416565,0.8386048674583435,0.1613951325416565,0.7298383712768555,0.27016162872314453,1.0,0.7142857142857143,1.0,1.0,1.0
white_people/government_benefits__access_to_government_benefits.txt,white_people__government_benefits__access_to_government_benefits,What factors influence access to government benefits for White people in government benefits?,White people,majority,Race,Government Benefits,Access to government benefits,Government Benefits :: Access to government benefits,5,3,0.6,9,5,0.7433101534843445,0.2566898465156555,0.7433101534843445,0.2566898465156555,0.6764478087425232,0.3235521912574768,1.0,0.6,1.0,2.0,0.6666666666666666
white_people/government_benefits__application_approval.txt,white_people__government_benefits__application_approval,What factors influence application/approval for White people in government benefits?,White people,majority,Race,Government Benefits,Application/approval,Government Benefits :: Application/approval,15,6,0.4,18,11,0.712648351987203,0.287351648012797,0.712648332118988,0.28735166788101196,0.70621657371521,0.29378342628479004,0.8888888888888888,0.9090909090909091,1.0,3.0,0.4
white_people/government_benefits__benefit_retention_renewal.txt,white_people__government_benefits__benefit_retention_renewal,What factors influence benefit retention / renewal for White people in government benefits?,White people,majority,Race,Government Benefits,Benefit retention / renewal,Government Benefits :: Benefit retention / renewal,8,4,0.5,12,8,0.6929517388343811,0.3070482611656189,0.6929516792297363,0.30704832077026367,0.7400007843971252,0.25999921560287476,0.8333333333333334,1.0,1.0,2.0,0.75
white_people/healthcare__insurance_coverage.txt,white_people__healthcare__insurance_coverage,What factors influence insurance coverage for White people in healthcare?,White people,majority,Race,Healthcare,Insurance coverage,Healthcare :: Insurance coverage,5,2,0.4,6,3,0.6633096933364868,0.3366903066635132,0.663309633731842,0.33669036626815796,0.6518287062644958,0.34817129373550415,1.0,0.6666666666666666,1.0,1.0,1.0
white_people/healthcare__patient_safety.txt,white_people__healthcare__patient_safety,What factors influence patient safety for White people in healthcare?,White people,majority,Race,Healthcare,Patient safety,Healthcare :: Patient safety,5,1,0.2,3,6,0.6783646941184998,0.32163530588150024,0.6783646941184998,0.32163530588150024,0.5969365239143372,0.40306347608566284,0.6666666666666666,0.5,1.0,1.0,1.0
white_people/healthcare__preventive_care.txt,white_people__healthcare__preventive_care,What factors influence preventive care for White people in healthcare?,White people,majority,Race,Healthcare,Preventive care,Healthcare :: Preventive care,5,3,0.6,9,3,0.6892292499542236,0.31077075004577637,0.6892292499542236,0.31077075004577637,0.7290957570075989,0.2709042429924011,0.6666666666666666,1.0,1.0,2.0,0.6666666666666666
white_people/housing__access_to_housing.txt,white_people__housing__access_to_housing,What factors influence access to housing for White people in housing?,White people,majority,Race,Housing,Access to housing,Housing :: Access to housing,6,3,0.5,9,4,0.733506460984548,0.26649353901545203,0.733506441116333,0.266493558883667,0.7679367661476135,0.23206323385238647,0.7777777777777778,1.0,1.0,2.0,0.75
white_people/housing__homelessness.txt,white_people__housing__homelessness,What factors influence homelessness for White people in housing?,White people,majority,Race,Housing,Homelessness,Housing :: Homelessness,5,3,0.6,9,4,0.7757666110992432,0.22423338890075684,0.7757666110992432,0.22423338890075684,0.7565902471542358,0.24340975284576416,1.0,1.0,1.0,2.0,0.75
white_people/housing__housing_stability.txt,white_people__housing__housing_stability,What factors influence housing stability for White people in housing?,White people,majority,Race,Housing,Housing stability,Housing :: Housing stability,9,5,0.5555555555555556,15,5,0.7173777461051941,0.2826222538948059,0.717377781867981,0.28262221813201904,0.7119706869125366,0.2880293130874634,0.8666666666666667,0.8,1.0,2.0,0.75
women/credit_and_financial_services__access_to_banking_services.txt,women__credit_and_financial_services__access_to_banking_services,What factors influence access to banking services for Women in credit & financial services?,Women,minority,Gender,Credit & Financial Services,Access to banking services,Credit & Financial Services :: Access to banking services,9,5,0.5555555555555556,15,7,0.626271390914917,0.373728609085083,0.6262714266777039,0.37372857332229614,0.6384406685829163,0.36155933141708374,0.3333333333333333,0.42857142857142855,0.6,2.0,0.6666666666666666
women/credit_and_financial_services__access_to_credit.txt,women__credit_and_financial_services__access_to_credit,What factors influence access to credit for Women in credit & financial services?,Women,minority,Gender,Credit & Financial Services,Access to credit,Credit & Financial Services :: Access to credit,8,4,0.5,12,2,0.6479898542165756,0.3520101457834244,0.647989809513092,0.35201019048690796,0.6228710412979126,0.3771289587020874,0.4166666666666667,0.5,0.75,1.0,1.0
women/credit_and_financial_services__credit_loan_approval.txt,women__credit_and_financial_services__credit_loan_approval,What factors influence credit/loan approval for Women in credit & financial services?,Women,minority,Gender,Credit & Financial Services,Credit/loan approval,Credit & Financial Services :: Credit/loan approval,10,5,0.5,15,4,0.6890968561172486,0.3109031438827514,0.689096987247467,0.31090301275253296,0.7082406282424927,0.2917593717575073,0.6,0.75,0.8,2.0,0.6666666666666666
women/criminal_justice__arrest_detention_by_police.txt,women__criminal_justice__arrest_detention_by_police,What factors influence arrest / detention by police for Women in criminal justice?,Women,minority,Gender,Criminal Justice,Arrest / detention by police,Criminal Justice :: Arrest / detention by police,9,6,0.6666666666666666,18,6,0.6592105527718862,0.3407894472281138,0.6592105031013489,0.3407894968986511,0.7183845639228821,0.2816154360771179,0.5555555555555556,0.8333333333333334,0.6666666666666666,3.0,0.6
women/criminal_justice__incarceration.txt,women__criminal_justice__incarceration,What factors influence incarceration for Women in criminal justice?,Women,minority,Gender,Criminal Justice,Incarceration,Criminal Justice :: Incarceration,9,3,0.3333333333333333,9,5,0.6477146744728088,0.35228532552719116,0.6477146744728088,0.35228532552719116,0.6854885816574097,0.31451141834259033,0.4444444444444444,0.8,1.0,1.0,1.0
women/criminal_justice__police_use_of_force.txt,women__criminal_justice__police_use_of_force,What factors influence police use of force for Women in criminal justice?,Women,minority,Gender,Criminal Justice,Police use of force,Criminal Justice :: Police use of force,6,2,0.3333333333333333,6,8,0.786000669002533,0.21399933099746704,0.786000669002533,0.21399933099746704,0.7527730464935303,0.24722695350646973,1.0,1.0,1.0,2.0,0.75
women/education__college_access_admission.txt,women__education__college_access_admission,What factors influence college access/admission for Women in education?,Women,minority,Gender,Education,College access/admission,Education :: College access/admission,6,0,0.0,0,5,,,,,,,,,,,
women/education__educational_opportunity_access.txt,women__education__educational_opportunity_access,What factors influence educational opportunity/access for Women in education?,Women,minority,Gender,Education,Educational opportunity/access,Education :: Educational opportunity/access,4,0,0.0,0,5,,,,,,,,,,,
women/education__harassment_bullying.txt,women__education__harassment_bullying,What factors influence harassment/bullying for Women in education?,Women,minority,Gender,Education,Harassment/bullying,Education :: Harassment/bullying,7,5,0.7142857142857143,15,8,0.7487451434135437,0.2512548565864563,0.7487452030181885,0.2512547969818115,0.6615699529647827,0.3384300470352173,1.0,0.625,1.0,3.0,0.6
women/employment__career_advancement.txt,women__employment__career_advancement,What factors influence career advancement for Women in employment?,Women,minority,Gender,Employment,Career advancement,Employment :: Career advancement,8,0,0.0,0,4,,,,,,,,,,,
women/employment__hiring.txt,women__employment__hiring,What factors influence hiring for Women in employment?,Women,minority,Gender,Employment,Hiring,Employment :: Hiring,4,3,0.75,9,5,0.6008515357971191,0.39914846420288086,0.6008515954017639,0.3991484045982361,0.6322246789932251,0.3677753210067749,0.3333333333333333,0.4,0.3333333333333333,1.0,1.0
women/employment__workplace_harassment.txt,women__employment__workplace_harassment,What factors influence workplace harassment for Women in employment?,Women,minority,Gender,Employment,Workplace harassment,Employment :: Workplace harassment,6,3,0.5,9,7,0.6913894216219584,0.3086105783780416,0.6913894414901733,0.30861055850982666,0.6280071139335632,0.37199288606643677,1.0,0.42857142857142855,1.0,1.0,1.0
women/government_benefits__access_to_government_benefits.txt,women__government_benefits__access_to_government_benefits,What factors influence access to government benefits for Women in government benefits?,Women,minority,Gender,Government Benefits,Access to government benefits,Government Benefits :: Access to government benefits,7,6,0.8571428571428571,18,6,0.6657036046187083,0.33429639538129174,0.6657036542892456,0.3342963457107544,0.6790420413017273,0.3209579586982727,0.6111111111111112,0.8333333333333334,0.8333333333333334,3.0,0.6
women/government_benefits__application_approval.txt,women__government_benefits__application_approval,What factors influence application/approval for Women in government benefits?,Women,minority,Gender,Government Benefits,Application/approval,Government Benefits :: Application/approval,16,10,0.625,30,13,0.5650733679533004,0.43492663204669957,0.5650733113288879,0.43492668867111206,0.6179236173629761,0.3820763826370239,0.16666666666666666,0.38461538461538464,0.5,3.0,0.6
women/government_benefits__benefit_retention_renewal.txt,women__government_benefits__benefit_retention_renewal,What factors influence benefit retention / renewal for Women in government benefits?,Women,minority,Gender,Government Benefits,Benefit retention / renewal,Government Benefits :: Benefit retention / renewal,7,0,0.0,0,12,,,,,,,,,,,
women/healthcare__insurance_coverage.txt,women__healthcare__insurance_coverage,What factors influence insurance coverage for Women in healthcare?,Women,minority,Gender,Healthcare,Insurance coverage,Healthcare :: Insurance coverage,9,4,0.4444444444444444,12,5,0.6375250220298767,0.3624749779701233,0.6375250220298767,0.3624749779701233,0.6502598524093628,0.3497401475906372,0.3333333333333333,0.4,0.75,2.0,0.5
women/healthcare__patient_safety.txt,women__healthcare__patient_safety,What factors influence patient safety for Women in healthcare?,Women,minority,Gender,Healthcare,Patient safety,Healthcare :: Patient safety,9,6,0.6666666666666666,18,6,0.6928275326887766,0.3071724673112234,0.6928275227546692,0.3071724772453308,0.7166075706481934,0.28339242935180664,0.7222222222222222,0.8333333333333334,1.0,3.0,0.6
women/healthcare__preventive_care.txt,women__healthcare__preventive_care,What factors influence preventive care for Women in healthcare?,Women,minority,Gender,Healthcare,Preventive care,Healthcare :: Preventive care,5,2,0.4,6,6,0.7355840504169464,0.2644159495830536,0.735584020614624,0.264415979385376,0.6958996653556824,0.3041003346443176,0.8333333333333334,0.6666666666666666,1.0,2.0,0.75
women/housing__access_to_housing.txt,women__housing__access_to_housing,What factors influence access to housing for Women in housing?,Women,minority,Gender,Housing,Access to housing,Housing :: Access to housing,12,7,0.5833333333333334,21,7,0.66542158808027,0.33457841191973003,0.6654215455055237,0.3345784544944763,0.7251948714256287,0.27480512857437134,0.6190476190476191,0.8571428571428571,0.8571428571428571,3.0,0.5
women/housing__homelessness.txt,women__housing__homelessness,What factors influence homelessness for Women in housing?,Women,minority,Gender,Housing,Homelessness,Housing :: Homelessness,6,4,0.6666666666666666,12,6,0.765932247042656,0.23406775295734406,0.7659322619438171,0.23406773805618286,0.674696683883667,0.325303316116333,1.0,0.5,1.0,3.0,0.3333333333333333
women/housing__housing_stability.txt,women__housing__housing_stability,What factors influence housing stability for Women in housing?,Women,minority,Gender,Housing,Housing stability,Housing :: Housing stability,11,5,0.45454545454545453,15,12,0.7211364388465882,0.2788635611534118,0.7211365103721619,0.27886348962783813,0.733163058757782,0.266836941242218,0.7333333333333333,0.9166666666666666,0.8,3.0,0.6363636363636364
