analysis,variant,metric,dimension,comparison,estimate,ci_low,ci_high,n_pairs,n_outcomes,method,omitted_cue,cue_occurrences,top_10_frequent,removal_definition,baseline_estimate,change_from_baseline
contextual_hedging,detected_cue_removed,hedged_sentence_rate,Race,Minority - People,0.04724106998543089,-0.02315334423652092,0.11709588031016603,21,21,paired difference with outcome-cluster percentile bootstrap,or,172,True,remove detected cue occurrences from AIO predictions; retain a sentence if another detected cue remains,0.029212182971581478,0.018028887013849415
contextual_hedging,detected_cue_removed,hedged_sentence_rate,Race,Majority - People,0.05987735113674965,0.0022502574875695206,0.11451257406614551,21,21,paired difference with outcome-cluster percentile bootstrap,or,172,True,remove detected cue occurrences from AIO predictions; retain a sentence if another detected cue remains,0.03616759528413665,0.023709755852613
contextual_hedging,detected_cue_removed,hedged_sentence_rate,Race,Minority - Majority,-0.012636281151318752,-0.08902189298100954,0.059865488695375925,21,21,paired difference with outcome-cluster percentile bootstrap,or,172,True,remove detected cue occurrences from AIO predictions; retain a sentence if another detected cue remains,-0.006955412312555172,-0.00568086883876358
contextual_hedging,detected_cue_removed,hedged_sentence_rate,Ethnicity,Minority - People,0.03406820381610298,-0.0206672890601462,0.08957507293904353,21,21,paired difference with outcome-cluster percentile bootstrap,or,172,True,remove detected cue occurrences from AIO predictions; retain a sentence if another detected cue remains,0.021055376307477152,0.01301282750862583
contextual_hedging,detected_cue_removed,hedged_sentence_rate,Ethnicity,Majority - People,-0.0034866414565662683,-0.0543377520210227,0.04611881052670526,21,21,paired difference with outcome-cluster percentile bootstrap,or,172,True,remove detected cue occurrences from AIO predictions; retain a sentence if another detected cue remains,-0.017771794134576076,0.014285152678009809
contextual_hedging,detected_cue_removed,hedged_sentence_rate,Ethnicity,Minority - Majority,0.037554845272669245,-0.02023541166149525,0.09097153187226717,21,21,paired difference with outcome-cluster percentile bootstrap,or,172,True,remove detected cue occurrences from AIO predictions; retain a sentence if another detected cue remains,0.03882717044205323,-0.0012723251693839838
contextual_hedging,detected_cue_removed,hedged_sentence_rate,Gender,Minority - People,0.10656969094857294,0.056228312189880524,0.15868024369810083,21,21,paired difference with outcome-cluster percentile bootstrap,or,172,True,remove detected cue occurrences from AIO predictions; retain a sentence if another detected cue remains,0.09679180033217301,0.009777890616399929
contextual_hedging,detected_cue_removed,hedged_sentence_rate,Gender,Majority - People,0.08685881501007553,0.025364528095620533,0.14671261443582873,21,21,paired difference with outcome-cluster percentile bootstrap,or,172,True,remove detected cue occurrences from AIO predictions; retain a sentence if another detected cue remains,0.0792282180937643,0.007630596916311225
contextual_hedging,detected_cue_removed,hedged_sentence_rate,Gender,Minority - Majority,0.019710875938497425,-0.04657779015376293,0.08552663395938424,21,21,paired difference with outcome-cluster percentile bootstrap,or,172,True,remove detected cue occurrences from AIO predictions; retain a sentence if another detected cue remains,0.017563582238408697,0.002147293700088728
contextual_hedging,detected_cue_removed,hedged_sentence_rate,Disability,Minority - People,0.011015703872846732,-0.05750061116132544,0.08346914494235924,21,21,paired difference with outcome-cluster percentile bootstrap,or,172,True,remove detected cue occurrences from AIO predictions; retain a sentence if another detected cue remains,0.006978867693153413,0.0040368361796933195
contextual_hedging,detected_cue_removed,hedged_sentence_rate,Disability,Majority - People,0.020596839111876705,-0.03569110965962469,0.07233611235255971,21,21,paired difference with outcome-cluster percentile bootstrap,or,172,True,remove detected cue occurrences from AIO predictions; retain a sentence if another detected cue remains,0.016314349115101,0.004282489996775704
contextual_hedging,detected_cue_removed,hedged_sentence_rate,Disability,Minority - Majority,-0.009581135239029974,-0.07274628688632448,0.05998864517896475,21,21,paired difference with outcome-cluster percentile bootstrap,or,172,True,remove detected cue occurrences from AIO predictions; retain a sentence if another detected cue remains,-0.009335481421947582,-0.0002456538170823915
contextual_hedging,detected_cue_removed,hedged_sentence_rate,Sexual Orientation,Minority - People,0.03268343938401434,-0.036789034843684336,0.10117747508973736,21,21,paired difference with outcome-cluster percentile bootstrap,or,172,True,remove detected cue occurrences from AIO predictions; retain a sentence if another detected cue remains,0.0668497972124686,-0.03416635782845426
contextual_hedging,detected_cue_removed,hedged_sentence_rate,Sexual Orientation,Majority - People,0.04341258005854279,-0.04092461835668357,0.1376418396992931,21,21,paired difference with outcome-cluster percentile bootstrap,or,172,True,remove detected cue occurrences from AIO predictions; retain a sentence if another detected cue remains,0.037814583622037046,0.005597996436505742
contextual_hedging,detected_cue_removed,hedged_sentence_rate,Sexual Orientation,Minority - Majority,-0.010729140674528443,-0.10537633833437682,0.07745643759922985,21,21,paired difference with outcome-cluster percentile bootstrap,or,172,True,remove detected cue occurrences from AIO predictions; retain a sentence if another detected cue remains,0.029035213590431548,-0.03976435426495999
contextual_hedging,detected_cue_removed,hedged_sentence_rate,Gender Identity,Minority - People,0.030809166523452232,-0.029936510472224766,0.09044804522483094,21,21,paired difference with outcome-cluster percentile bootstrap,or,172,True,remove detected cue occurrences from AIO predictions; retain a sentence if another detected cue remains,0.04029427481808435,-0.009485108294632116
contextual_hedging,detected_cue_removed,hedged_sentence_rate,Gender Identity,Majority - People,0.00944139402786019,-0.03892198531766201,0.05598582677765008,21,21,paired difference with outcome-cluster percentile bootstrap,or,172,True,remove detected cue occurrences from AIO predictions; retain a sentence if another detected cue remains,0.010848000509654652,-0.0014066064817944614
contextual_hedging,detected_cue_removed,hedged_sentence_rate,Gender Identity,Minority - Majority,0.021367772495592047,-0.03009465363788671,0.07366633190411387,21,21,paired difference with outcome-cluster percentile bootstrap,or,172,True,remove detected cue occurrences from AIO predictions; retain a sentence if another detected cue remains,0.0294462743084297,-0.008078501812837653
contextual_hedging,detected_cue_removed,hedged_sentence_rate,Race,Minority - People,0.027834460165287227,-0.05330002025960672,0.10401984537322886,21,21,paired difference with outcome-cluster percentile bootstrap,would,107,True,remove detected cue occurrences from AIO predictions; retain a sentence if another detected cue remains,0.029212182971581478,-0.0013777228062942515
contextual_hedging,detected_cue_removed,hedged_sentence_rate,Race,Majority - People,0.01804471287553994,-0.03981332577197238,0.07262348762348762,21,21,paired difference with outcome-cluster percentile bootstrap,would,107,True,remove detected cue occurrences from AIO predictions; retain a sentence if another detected cue remains,0.03616759528413665,-0.01812288240859671
contextual_hedging,detected_cue_removed,hedged_sentence_rate,Race,Minority - Majority,0.009789747289747288,-0.06398139558853845,0.07862922443749511,21,21,paired difference with outcome-cluster percentile bootstrap,would,107,True,remove detected cue occurrences from AIO predictions; retain a sentence if another detected cue remains,-0.006955412312555172,0.01674515960230246
contextual_hedging,detected_cue_removed,hedged_sentence_rate,Ethnicity,Minority - People,0.007551136227606816,-0.04637783512783512,0.06130964536164119,21,21,paired difference with outcome-cluster percentile bootstrap,would,107,True,remove detected cue occurrences from AIO predictions; retain a sentence if another detected cue remains,0.021055376307477152,-0.013504240079870337
contextual_hedging,detected_cue_removed,hedged_sentence_rate,Ethnicity,Majority - People,-0.02710782847061043,-0.08891297599121846,0.034676772119206334,21,21,paired difference with outcome-cluster percentile bootstrap,would,107,True,remove detected cue occurrences from AIO predictions; retain a sentence if another detected cue remains,-0.017771794134576076,-0.009336034336034353
contextual_hedging,detected_cue_removed,hedged_sentence_rate,Ethnicity,Minority - Majority,0.03465896469821724,-0.039152059563243774,0.09757321873255091,21,21,paired difference with outcome-cluster percentile bootstrap,would,107,True,remove detected cue occurrences from AIO predictions; retain a sentence if another detected cue remains,0.03882717044205323,-0.004168205743835987
contextual_hedging,detected_cue_removed,hedged_sentence_rate,Gender,Minority - People,0.07541872895910162,0.011873078698389257,0.14625107634773782,21,21,paired difference with outcome-cluster percentile bootstrap,would,107,True,remove detected cue occurrences from AIO predictions; retain a sentence if another detected cue remains,0.09679180033217301,-0.021373071373071387
contextual_hedging,detected_cue_removed,hedged_sentence_rate,Gender,Majority - People,0.062445444378217495,-0.003319570640999214,0.12488793885852711,21,21,paired difference with outcome-cluster percentile bootstrap,would,107,True,remove detected cue occurrences from AIO predictions; retain a sentence if another detected cue remains,0.0792282180937643,-0.01678277371554681
contextual_hedging,detected_cue_removed,hedged_sentence_rate,Gender,Minority - Majority,0.01297328458088414,-0.06366949315958266,0.08921590331345539,21,21,paired difference with outcome-cluster percentile bootstrap,would,107,True,remove detected cue occurrences from AIO predictions; retain a sentence if another detected cue remains,0.017563582238408697,-0.0045902976575245575
contextual_hedging,detected_cue_removed,hedged_sentence_rate,Disability,Minority - People,0.016293627007912714,-0.05892567088995662,0.09585898228755377,21,21,paired difference with outcome-cluster percentile bootstrap,would,107,True,remove detected cue occurrences from AIO predictions; retain a sentence if another detected cue remains,0.006978867693153413,0.0093147593147593
contextual_hedging,detected_cue_removed,hedged_sentence_rate,Disability,Majority - People,0.015744548545300417,-0.04542932135742286,0.07316455700384275,21,21,paired difference with outcome-cluster percentile bootstrap,would,107,True,remove detected cue occurrences from AIO predictions; retain a sentence if another detected cue remains,0.016314349115101,-0.000569800569800584
contextual_hedging,detected_cue_removed,hedged_sentence_rate,Disability,Minority - Majority,0.0005490784626122928,-0.07602666617704211,0.08456476124474245,21,21,paired difference with outcome-cluster percentile bootstrap,would,107,True,remove detected cue occurrences from AIO predictions; retain a sentence if another detected cue remains,-0.009335481421947582,0.009884559884559874
contextual_hedging,detected_cue_removed,hedged_sentence_rate,Sexual Orientation,Minority - People,0.06606191898098135,-0.028447751882211193,0.15898417993950947,21,21,paired difference with outcome-cluster percentile bootstrap,would,107,True,remove detected cue occurrences from AIO predictions; retain a sentence if another detected cue remains,0.0668497972124686,-0.0007878782314872518
contextual_hedging,detected_cue_removed,hedged_sentence_rate,Sexual Orientation,Majority - People,0.035167891689630824,-0.0469104408215433,0.11855953074703078,21,21,paired difference with outcome-cluster percentile bootstrap,would,107,True,remove detected cue occurrences from AIO predictions; retain a sentence if another detected cue remains,0.037814583622037046,-0.0026466919324062213
contextual_hedging,detected_cue_removed,hedged_sentence_rate,Sexual Orientation,Minority - Majority,0.03089402729135053,-0.08093343942216844,0.1467547743130402,21,21,paired difference with outcome-cluster percentile bootstrap,would,107,True,remove detected cue occurrences from AIO predictions; retain a sentence if another detected cue remains,0.029035213590431548,0.0018588137009189834
contextual_hedging,detected_cue_removed,hedged_sentence_rate,Gender Identity,Minority - People,0.021841607555893268,-0.04597662794091365,0.08851415244272387,21,21,paired difference with outcome-cluster percentile bootstrap,would,107,True,remove detected cue occurrences from AIO predictions; retain a sentence if another detected cue remains,0.04029427481808435,-0.01845266726219108
contextual_hedging,detected_cue_removed,hedged_sentence_rate,Gender Identity,Majority - People,-0.002153944635147645,-0.05007604829033399,0.045483433563790726,21,21,paired difference with outcome-cluster percentile bootstrap,would,107,True,remove detected cue occurrences from AIO predictions; retain a sentence if another detected cue remains,0.010848000509654652,-0.013001945144802296
contextual_hedging,detected_cue_removed,hedged_sentence_rate,Gender Identity,Minority - Majority,0.023995552191040912,-0.039607838494116684,0.08394331804106243,21,21,paired difference with outcome-cluster percentile bootstrap,would,107,True,remove detected cue occurrences from AIO predictions; retain a sentence if another detected cue remains,0.0294462743084297,-0.005450722117388788
contextual_hedging,detected_cue_removed,hedged_sentence_rate,Race,Minority - People,-0.004440672109845046,-0.07576861865160738,0.06668550147638497,21,21,paired difference with outcome-cluster percentile bootstrap,likely,77,True,remove detected cue occurrences from AIO predictions; retain a sentence if another detected cue remains,0.029212182971581478,-0.03365285508142653
contextual_hedging,detected_cue_removed,hedged_sentence_rate,Race,Majority - People,0.03278918589068965,-0.02754965351064974,0.08904629266236411,21,21,paired difference with outcome-cluster percentile bootstrap,likely,77,True,remove detected cue occurrences from AIO predictions; retain a sentence if another detected cue remains,0.03616759528413665,-0.003378409393446996
contextual_hedging,detected_cue_removed,hedged_sentence_rate,Race,Minority - Majority,-0.03722985800053469,-0.09989928522118369,0.02665106127512144,21,21,paired difference with outcome-cluster percentile bootstrap,likely,77,True,remove detected cue occurrences from AIO predictions; retain a sentence if another detected cue remains,-0.006955412312555172,-0.030274445687979518
contextual_hedging,detected_cue_removed,hedged_sentence_rate,Ethnicity,Minority - People,0.005768527302140748,-0.04977612801142212,0.05981893340086618,21,21,paired difference with outcome-cluster percentile bootstrap,likely,77,True,remove detected cue occurrences from AIO predictions; retain a sentence if another detected cue remains,0.021055376307477152,-0.015286849005336403
contextual_hedging,detected_cue_removed,hedged_sentence_rate,Ethnicity,Majority - People,-0.019166076543896095,-0.07928437772892662,0.04608281829733904,21,21,paired difference with outcome-cluster percentile bootstrap,likely,77,True,remove detected cue occurrences from AIO predictions; retain a sentence if another detected cue remains,-0.017771794134576076,-0.001394282409320019
contextual_hedging,detected_cue_removed,hedged_sentence_rate,Ethnicity,Minority - Majority,0.02493460384603684,-0.03865785076656926,0.07954628549166365,21,21,paired difference with outcome-cluster percentile bootstrap,likely,77,True,remove detected cue occurrences from AIO predictions; retain a sentence if another detected cue remains,0.03882717044205323,-0.013892566596016388
contextual_hedging,detected_cue_removed,hedged_sentence_rate,Gender,Minority - People,0.09314187882510863,0.03505430870027143,0.1581002947334469,21,21,paired difference with outcome-cluster percentile bootstrap,likely,77,True,remove detected cue occurrences from AIO predictions; retain a sentence if another detected cue remains,0.09679180033217301,-0.003649921507064377
contextual_hedging,detected_cue_removed,hedged_sentence_rate,Gender,Majority - People,0.07379258230098565,0.0025592365928500307,0.14469470509649082,21,21,paired difference with outcome-cluster percentile bootstrap,likely,77,True,remove detected cue occurrences from AIO predictions; retain a sentence if another detected cue remains,0.0792282180937643,-0.005435635792778656
contextual_hedging,detected_cue_removed,hedged_sentence_rate,Gender,Minority - Majority,0.019349296524122973,-0.06518593822110445,0.10753868632179742,21,21,paired difference with outcome-cluster percentile bootstrap,likely,77,True,remove detected cue occurrences from AIO predictions; retain a sentence if another detected cue remains,0.017563582238408697,0.001785714285714276
contextual_hedging,detected_cue_removed,hedged_sentence_rate,Disability,Minority - People,0.009714227571370422,-0.062314249903535616,0.08559873162551733,21,21,paired difference with outcome-cluster percentile bootstrap,likely,77,True,remove detected cue occurrences from AIO predictions; retain a sentence if another detected cue remains,0.006978867693153413,0.0027353598782170092
contextual_hedging,detected_cue_removed,hedged_sentence_rate,Disability,Majority - People,-0.0028779004342914197,-0.0602774316848565,0.05131123671302243,21,21,paired difference with outcome-cluster percentile bootstrap,likely,77,True,remove detected cue occurrences from AIO predictions; retain a sentence if another detected cue remains,0.016314349115101,-0.019192249549392422
contextual_hedging,detected_cue_removed,hedged_sentence_rate,Disability,Minority - Majority,0.012592128005661849,-0.0631580147087666,0.0897128291160246,21,21,paired difference with outcome-cluster percentile bootstrap,likely,77,True,remove detected cue occurrences from AIO predictions; retain a sentence if another detected cue remains,-0.009335481421947582,0.02192760942760943
contextual_hedging,detected_cue_removed,hedged_sentence_rate,Sexual Orientation,Minority - People,0.03941739947931898,-0.04051717638861048,0.11827222369543243,21,21,paired difference with outcome-cluster percentile bootstrap,likely,77,True,remove detected cue occurrences from AIO predictions; retain a sentence if another detected cue remains,0.0668497972124686,-0.02743239773314962
contextual_hedging,detected_cue_removed,hedged_sentence_rate,Sexual Orientation,Majority - People,0.01803284707011415,-0.062044131894675385,0.10472952972952974,21,21,paired difference with outcome-cluster percentile bootstrap,likely,77,True,remove detected cue occurrences from AIO predictions; retain a sentence if another detected cue remains,0.037814583622037046,-0.019781736551922897
contextual_hedging,detected_cue_removed,hedged_sentence_rate,Sexual Orientation,Minority - Majority,0.021384552409204834,-0.06966802749407841,0.11271482805230858,21,21,paired difference with outcome-cluster percentile bootstrap,likely,77,True,remove detected cue occurrences from AIO predictions; retain a sentence if another detected cue remains,0.029035213590431548,-0.007650661181226714
contextual_hedging,detected_cue_removed,hedged_sentence_rate,Gender Identity,Minority - People,0.036433270957080474,-0.025390154660988,0.09566773169451742,21,21,paired difference with outcome-cluster percentile bootstrap,likely,77,True,remove detected cue occurrences from AIO predictions; retain a sentence if another detected cue remains,0.04029427481808435,-0.003861003861003874
contextual_hedging,detected_cue_removed,hedged_sentence_rate,Gender Identity,Majority - People,0.011109643628440614,-0.044947065518024173,0.06318442896215452,21,21,paired difference with outcome-cluster percentile bootstrap,likely,77,True,remove detected cue occurrences from AIO predictions; retain a sentence if another detected cue remains,0.010848000509654652,0.0002616431187859626
contextual_hedging,detected_cue_removed,hedged_sentence_rate,Gender Identity,Minority - Majority,0.02532362732863986,-0.026936724573002762,0.07363188153914972,21,21,paired difference with outcome-cluster percentile bootstrap,likely,77,True,remove detected cue occurrences from AIO predictions; retain a sentence if another detected cue remains,0.0294462743084297,-0.00412264697978984
contextual_hedging,detected_cue_removed,hedged_sentence_rate,Race,Minority - People,0.04421768011993577,-0.030298926306915025,0.11485856022980083,21,21,paired difference with outcome-cluster percentile bootstrap,whether,69,True,remove detected cue occurrences from AIO predictions; retain a sentence if another detected cue remains,0.029212182971581478,0.015005497148354294
contextual_hedging,detected_cue_removed,hedged_sentence_rate,Race,Majority - People,0.026420464108434027,-0.029709165190838122,0.08531934665863238,21,21,paired difference with outcome-cluster percentile bootstrap,whether,69,True,remove detected cue occurrences from AIO predictions; retain a sentence if another detected cue remains,0.03616759528413665,-0.009747131175702622
contextual_hedging,detected_cue_removed,hedged_sentence_rate,Race,Minority - Majority,0.017797216011501717,-0.07315915600690037,0.10668952410023845,21,21,paired difference with outcome-cluster percentile bootstrap,whether,69,True,remove detected cue occurrences from AIO predictions; retain a sentence if another detected cue remains,-0.006955412312555172,0.02475262832405689
contextual_hedging,detected_cue_removed,hedged_sentence_rate,Ethnicity,Minority - People,0.04038987778483577,-0.003032983881198163,0.08606611311968457,21,21,paired difference with outcome-cluster percentile bootstrap,whether,69,True,remove detected cue occurrences from AIO predictions; retain a sentence if another detected cue remains,0.021055376307477152,0.01933450147735862
contextual_hedging,detected_cue_removed,hedged_sentence_rate,Ethnicity,Majority - People,-0.019072213292138103,-0.06289521486067538,0.029048754694901327,21,21,paired difference with outcome-cluster percentile bootstrap,whether,69,True,remove detected cue occurrences from AIO predictions; retain a sentence if another detected cue remains,-0.017771794134576076,-0.0013004191575620265
contextual_hedging,detected_cue_removed,hedged_sentence_rate,Ethnicity,Minority - Majority,0.059462091076973866,0.014072727777877603,0.09930892107231393,21,21,paired difference with outcome-cluster percentile bootstrap,whether,69,True,remove detected cue occurrences from AIO predictions; retain a sentence if another detected cue remains,0.03882717044205323,0.020634920634920638
contextual_hedging,detected_cue_removed,hedged_sentence_rate,Gender,Minority - People,0.09809662617116034,0.03957979708639646,0.15629932963861537,21,21,paired difference with outcome-cluster percentile bootstrap,whether,69,True,remove detected cue occurrences from AIO predictions; retain a sentence if another detected cue remains,0.09679180033217301,0.0013048258389873335
contextual_hedging,detected_cue_removed,hedged_sentence_rate,Gender,Majority - People,0.09034276492259685,0.027403538921396058,0.15182853026603027,21,21,paired difference with outcome-cluster percentile bootstrap,whether,69,True,remove detected cue occurrences from AIO predictions; retain a sentence if another detected cue remains,0.0792282180937643,0.011114546828832547
contextual_hedging,detected_cue_removed,hedged_sentence_rate,Gender,Minority - Majority,0.007753861248563479,-0.08224831125991154,0.09050714561862716,21,21,paired difference with outcome-cluster percentile bootstrap,whether,69,True,remove detected cue occurrences from AIO predictions; retain a sentence if another detected cue remains,0.017563582238408697,-0.009809720989845217
contextual_hedging,detected_cue_removed,hedged_sentence_rate,Disability,Minority - People,0.008588501445644303,-0.057911009294937865,0.08662354345390061,21,21,paired difference with outcome-cluster percentile bootstrap,whether,69,True,remove detected cue occurrences from AIO predictions; retain a sentence if another detected cue remains,0.006978867693153413,0.00160963375249089
contextual_hedging,detected_cue_removed,hedged_sentence_rate,Disability,Majority - People,0.029696469640078667,-0.02019322869416854,0.07858926291962007,21,21,paired difference with outcome-cluster percentile bootstrap,whether,69,True,remove detected cue occurrences from AIO predictions; retain a sentence if another detected cue remains,0.016314349115101,0.013382120524977666
contextual_hedging,detected_cue_removed,hedged_sentence_rate,Disability,Minority - Majority,-0.021107968194434362,-0.10038403769371813,0.06560514508117894,21,21,paired difference with outcome-cluster percentile bootstrap,whether,69,True,remove detected cue occurrences from AIO predictions; retain a sentence if another detected cue remains,-0.009335481421947582,-0.01177248677248678
contextual_hedging,detected_cue_removed,hedged_sentence_rate,Sexual Orientation,Minority - People,0.07097265847818701,-0.007988904012510829,0.15090396685501176,21,21,paired difference with outcome-cluster percentile bootstrap,whether,69,True,remove detected cue occurrences from AIO predictions; retain a sentence if another detected cue remains,0.0668497972124686,0.004122861265718411
contextual_hedging,detected_cue_removed,hedged_sentence_rate,Sexual Orientation,Majority - People,0.032857701879441,-0.0351846488570091,0.10466509379164658,21,21,paired difference with outcome-cluster percentile bootstrap,whether,69,True,remove detected cue occurrences from AIO predictions; retain a sentence if another detected cue remains,0.037814583622037046,-0.0049568817425960435
contextual_hedging,detected_cue_removed,hedged_sentence_rate,Sexual Orientation,Minority - Majority,0.038114956598745996,-0.05760369245249926,0.13884255848715232,21,21,paired difference with outcome-cluster percentile bootstrap,whether,69,True,remove detected cue occurrences from AIO predictions; retain a sentence if another detected cue remains,0.029035213590431548,0.009079743008314448
contextual_hedging,detected_cue_removed,hedged_sentence_rate,Gender Identity,Minority - People,0.04191242048384906,-0.014165907603407602,0.09634690969512398,21,21,paired difference with outcome-cluster percentile bootstrap,whether,69,True,remove detected cue occurrences from AIO predictions; retain a sentence if another detected cue remains,0.04029427481808435,0.0016181456657647086
contextual_hedging,detected_cue_removed,hedged_sentence_rate,Gender Identity,Majority - People,0.013155084959596238,-0.025362975666077172,0.054319288081036206,21,21,paired difference with outcome-cluster percentile bootstrap,whether,69,True,remove detected cue occurrences from AIO predictions; retain a sentence if another detected cue remains,0.010848000509654652,0.0023070844499415866
contextual_hedging,detected_cue_removed,hedged_sentence_rate,Gender Identity,Minority - Majority,0.028757335524252827,-0.0303785006839518,0.08521520976878123,21,21,paired difference with outcome-cluster percentile bootstrap,whether,69,True,remove detected cue occurrences from AIO predictions; retain a sentence if another detected cue remains,0.0294462743084297,-0.0006889387841768728
contextual_hedging,detected_cue_removed,hedged_sentence_rate,Race,Minority - People,0.004953108712507209,-0.06883949270932355,0.07418014490382911,21,21,paired difference with outcome-cluster percentile bootstrap,can,66,True,remove detected cue occurrences from AIO predictions; retain a sentence if another detected cue remains,0.029212182971581478,-0.024259074259074268
contextual_hedging,detected_cue_removed,hedged_sentence_rate,Race,Majority - People,0.03586234497888634,-0.021061518542721546,0.0897467197067761,21,21,paired difference with outcome-cluster percentile bootstrap,can,66,True,remove detected cue occurrences from AIO predictions; retain a sentence if another detected cue remains,0.03616759528413665,-0.0003052503052503111
contextual_hedging,detected_cue_removed,hedged_sentence_rate,Race,Minority - Majority,-0.030909236266379134,-0.10506885110503533,0.04132666145119155,21,21,paired difference with outcome-cluster percentile bootstrap,can,66,True,remove detected cue occurrences from AIO predictions; retain a sentence if another detected cue remains,-0.006955412312555172,-0.023953823953823963
contextual_hedging,detected_cue_removed,hedged_sentence_rate,Ethnicity,Minority - People,0.014179164284206297,-0.038885531193829516,0.06878600459220209,21,21,paired difference with outcome-cluster percentile bootstrap,can,66,True,remove detected cue occurrences from AIO predictions; retain a sentence if another detected cue remains,0.021055376307477152,-0.006876212023270855
contextual_hedging,detected_cue_removed,hedged_sentence_rate,Ethnicity,Majority - People,-0.0209115115600078,-0.07895361535046687,0.04096090460987078,21,21,paired difference with outcome-cluster percentile bootstrap,can,66,True,remove detected cue occurrences from AIO predictions; retain a sentence if another detected cue remains,-0.017771794134576076,-0.0031397174254317248
contextual_hedging,detected_cue_removed,hedged_sentence_rate,Ethnicity,Minority - Majority,0.035090675844214096,-0.028233811198691228,0.08710396891856975,21,21,paired difference with outcome-cluster percentile bootstrap,can,66,True,remove detected cue occurrences from AIO predictions; retain a sentence if another detected cue remains,0.03882717044205323,-0.0037364945978391323
contextual_hedging,detected_cue_removed,hedged_sentence_rate,Gender,Minority - People,0.09342532553712678,0.029914337186852713,0.16244000047571475,21,21,paired difference with outcome-cluster percentile bootstrap,can,66,True,remove detected cue occurrences from AIO predictions; retain a sentence if another detected cue remains,0.09679180033217301,-0.0033664747950462315
contextual_hedging,detected_cue_removed,hedged_sentence_rate,Gender,Majority - People,0.06502018445295756,-0.0009565377238696632,0.12785648379398382,21,21,paired difference with outcome-cluster percentile bootstrap,can,66,True,remove detected cue occurrences from AIO predictions; retain a sentence if another detected cue remains,0.0792282180937643,-0.01420803364080675
contextual_hedging,detected_cue_removed,hedged_sentence_rate,Gender,Minority - Majority,0.028405141084169208,-0.04702389570401993,0.10341454215211981,21,21,paired difference with outcome-cluster percentile bootstrap,can,66,True,remove detected cue occurrences from AIO predictions; retain a sentence if another detected cue remains,0.017563582238408697,0.010841558845760511
contextual_hedging,detected_cue_removed,hedged_sentence_rate,Disability,Minority - People,-0.0024253083776893353,-0.073539547423476,0.0723136227749323,21,21,paired difference with outcome-cluster percentile bootstrap,can,66,True,remove detected cue occurrences from AIO predictions; retain a sentence if another detected cue remains,0.006978867693153413,-0.009404176070842749
contextual_hedging,detected_cue_removed,hedged_sentence_rate,Disability,Majority - People,0.011757398129578578,-0.04705523060551257,0.06305159396089846,21,21,paired difference with outcome-cluster percentile bootstrap,can,66,True,remove detected cue occurrences from AIO predictions; retain a sentence if another detected cue remains,0.016314349115101,-0.004556950985522423
contextual_hedging,detected_cue_removed,hedged_sentence_rate,Disability,Minority - Majority,-0.014182706507267918,-0.08963701905979474,0.0642895476495101,21,21,paired difference with outcome-cluster percentile bootstrap,can,66,True,remove detected cue occurrences from AIO predictions; retain a sentence if another detected cue remains,-0.009335481421947582,-0.004847225085320336
contextual_hedging,detected_cue_removed,hedged_sentence_rate,Sexual Orientation,Minority - People,0.06522179558446697,-0.024919466431933265,0.15432014957252688,21,21,paired difference with outcome-cluster percentile bootstrap,can,66,True,remove detected cue occurrences from AIO predictions; retain a sentence if another detected cue remains,0.0668497972124686,-0.0016280016280016268
contextual_hedging,detected_cue_removed,hedged_sentence_rate,Sexual Orientation,Majority - People,0.036942439892750444,-0.05075817722362752,0.12916633494467353,21,21,paired difference with outcome-cluster percentile bootstrap,can,66,True,remove detected cue occurrences from AIO predictions; retain a sentence if another detected cue remains,0.037814583622037046,-0.0008721437292866022
contextual_hedging,detected_cue_removed,hedged_sentence_rate,Sexual Orientation,Minority - Majority,0.02827935569171651,-0.08077964051998002,0.14145121025078672,21,21,paired difference with outcome-cluster percentile bootstrap,can,66,True,remove detected cue occurrences from AIO predictions; retain a sentence if another detected cue remains,0.029035213590431548,-0.0007558578987150386
contextual_hedging,detected_cue_removed,hedged_sentence_rate,Gender Identity,Minority - People,0.026526737241022946,-0.03990900508757652,0.09172720311113171,21,21,paired difference with outcome-cluster percentile bootstrap,can,66,True,remove detected cue occurrences from AIO predictions; retain a sentence if another detected cue remains,0.04029427481808435,-0.013767537577061402
contextual_hedging,detected_cue_removed,hedged_sentence_rate,Gender Identity,Majority - People,0.0014518411134952476,-0.042932860790003656,0.0471888620290876,21,21,paired difference with outcome-cluster percentile bootstrap,can,66,True,remove detected cue occurrences from AIO predictions; retain a sentence if another detected cue remains,0.010848000509654652,-0.009396159396159405
contextual_hedging,detected_cue_removed,hedged_sentence_rate,Gender Identity,Minority - Majority,0.025074896127527706,-0.03219186500671462,0.08056519903794339,21,21,paired difference with outcome-cluster percentile bootstrap,can,66,True,remove detected cue occurrences from AIO predictions; retain a sentence if another detected cue remains,0.0294462743084297,-0.0043713781809019935
contextual_hedging,detected_cue_removed,hedged_sentence_rate,Race,Minority - People,0.02822011947951797,-0.04887962070997785,0.10294152258907902,21,21,paired difference with outcome-cluster percentile bootstrap,may,49,True,remove detected cue occurrences from AIO predictions; retain a sentence if another detected cue remains,0.029212182971581478,-0.0009920634920635094
contextual_hedging,detected_cue_removed,hedged_sentence_rate,Race,Majority - People,0.02644537306191442,-0.029866762223435157,0.07879062553639621,21,21,paired difference with outcome-cluster percentile bootstrap,may,49,True,remove detected cue occurrences from AIO predictions; retain a sentence if another detected cue remains,0.03616759528413665,-0.00972222222222223
contextual_hedging,detected_cue_removed,hedged_sentence_rate,Race,Minority - Majority,0.0017747464176035592,-0.0805424591420832,0.07894024130631278,21,21,paired difference with outcome-cluster percentile bootstrap,may,49,True,remove detected cue occurrences from AIO predictions; retain a sentence if another detected cue remains,-0.006955412312555172,0.00873015873015873
contextual_hedging,detected_cue_removed,hedged_sentence_rate,Ethnicity,Minority - People,0.011539297148540848,-0.04367495065236661,0.06321345855747118,21,21,paired difference with outcome-cluster percentile bootstrap,may,49,True,remove detected cue occurrences from AIO predictions; retain a sentence if another detected cue remains,0.021055376307477152,-0.009516079158936304
contextual_hedging,detected_cue_removed,hedged_sentence_rate,Ethnicity,Majority - People,-0.024021794134576096,-0.08526961003699725,0.04174254977826407,21,21,paired difference with outcome-cluster percentile bootstrap,may,49,True,remove detected cue occurrences from AIO predictions; retain a sentence if another detected cue remains,-0.017771794134576076,-0.006250000000000019
contextual_hedging,detected_cue_removed,hedged_sentence_rate,Ethnicity,Minority - Majority,0.03556109128311694,-0.029032742263060705,0.09089256968583041,21,21,paired difference with outcome-cluster percentile bootstrap,may,49,True,remove detected cue occurrences from AIO predictions; retain a sentence if another detected cue remains,0.03882717044205323,-0.003266079158936286
contextual_hedging,detected_cue_removed,hedged_sentence_rate,Gender,Minority - People,0.0916589500906271,0.027882594645405198,0.1601273835435326,21,21,paired difference with outcome-cluster percentile bootstrap,may,49,True,remove detected cue occurrences from AIO predictions; retain a sentence if another detected cue remains,0.09679180033217301,-0.005132850241545903
contextual_hedging,detected_cue_removed,hedged_sentence_rate,Gender,Majority - People,0.0782361546017008,0.009111274851821064,0.14530227864261483,21,21,paired difference with outcome-cluster percentile bootstrap,may,49,True,remove detected cue occurrences from AIO predictions; retain a sentence if another detected cue remains,0.0792282180937643,-0.0009920634920635024
contextual_hedging,detected_cue_removed,hedged_sentence_rate,Gender,Minority - Majority,0.01342279548892629,-0.06921498569868134,0.09559379454460752,21,21,paired difference with outcome-cluster percentile bootstrap,may,49,True,remove detected cue occurrences from AIO predictions; retain a sentence if another detected cue remains,0.017563582238408697,-0.004140786749482407
contextual_hedging,detected_cue_removed,hedged_sentence_rate,Disability,Minority - People,-0.006505465434036868,-0.08064653104831679,0.07500846541025112,21,21,paired difference with outcome-cluster percentile bootstrap,may,49,True,remove detected cue occurrences from AIO predictions; retain a sentence if another detected cue remains,0.006978867693153413,-0.01348433312719028
contextual_hedging,detected_cue_removed,hedged_sentence_rate,Disability,Majority - People,0.0100785214507019,-0.04796362463420735,0.0608168677083151,21,21,paired difference with outcome-cluster percentile bootstrap,may,49,True,remove detected cue occurrences from AIO predictions; retain a sentence if another detected cue remains,0.016314349115101,-0.006235827664399101
contextual_hedging,detected_cue_removed,hedged_sentence_rate,Disability,Minority - Majority,-0.01658398688473877,-0.09612374997948304,0.0717235558753416,21,21,paired difference with outcome-cluster percentile bootstrap,may,49,True,remove detected cue occurrences from AIO predictions; retain a sentence if another detected cue remains,-0.009335481421947582,-0.007248505462791188
contextual_hedging,detected_cue_removed,hedged_sentence_rate,Sexual Orientation,Minority - People,0.056442856658469216,-0.03804377365287913,0.1465361710821408,21,21,paired difference with outcome-cluster percentile bootstrap,may,49,True,remove detected cue occurrences from AIO predictions; retain a sentence if another detected cue remains,0.0668497972124686,-0.010406940553999385
contextual_hedging,detected_cue_removed,hedged_sentence_rate,Sexual Orientation,Majority - People,0.033846329653783064,-0.050265422910997455,0.12325653391064885,21,21,paired difference with outcome-cluster percentile bootstrap,may,49,True,remove detected cue occurrences from AIO predictions; retain a sentence if another detected cue remains,0.037814583622037046,-0.003968253968253982
contextual_hedging,detected_cue_removed,hedged_sentence_rate,Sexual Orientation,Minority - Majority,0.022596527004686146,-0.08568246207983939,0.13100660908847456,21,21,paired difference with outcome-cluster percentile bootstrap,may,49,True,remove detected cue occurrences from AIO predictions; retain a sentence if another detected cue remains,0.029035213590431548,-0.006438686585745403
contextual_hedging,detected_cue_removed,hedged_sentence_rate,Gender Identity,Minority - People,0.032332329356138875,-0.033435539759944524,0.09623488904738904,21,21,paired difference with outcome-cluster percentile bootstrap,may,49,True,remove detected cue occurrences from AIO predictions; retain a sentence if another detected cue remains,0.04029427481808435,-0.007961945461945473
contextual_hedging,detected_cue_removed,hedged_sentence_rate,Gender Identity,Majority - People,-0.001284551566506457,-0.04555785814714387,0.039704137063159624,21,21,paired difference with outcome-cluster percentile bootstrap,may,49,True,remove detected cue occurrences from AIO predictions; retain a sentence if another detected cue remains,0.010848000509654652,-0.012132552076161108
contextual_hedging,detected_cue_removed,hedged_sentence_rate,Gender Identity,Minority - Majority,0.033616880922645344,-0.026598103318028123,0.08954444531042277,21,21,paired difference with outcome-cluster percentile bootstrap,may,49,True,remove detected cue occurrences from AIO predictions; retain a sentence if another detected cue remains,0.0294462743084297,0.004170606614215644
contextual_hedging,detected_cue_removed,hedged_sentence_rate,Race,Minority - People,0.023354284256539893,-0.057653188412116974,0.10456743748802022,21,21,paired difference with outcome-cluster percentile bootstrap,indicates that,28,True,remove detected cue occurrences from AIO predictions; retain a sentence if another detected cue remains,0.029212182971581478,-0.005857898715041585
contextual_hedging,detected_cue_removed,hedged_sentence_rate,Race,Majority - People,0.024327253086651592,-0.02916769972925988,0.07260071556124187,21,21,paired difference with outcome-cluster percentile bootstrap,indicates that,28,True,remove detected cue occurrences from AIO predictions; retain a sentence if another detected cue remains,0.03616759528413665,-0.011840342197485056
contextual_hedging,detected_cue_removed,hedged_sentence_rate,Race,Minority - Majority,-0.0009729688301116857,-0.08093609363346206,0.07583625369339655,21,21,paired difference with outcome-cluster percentile bootstrap,indicates that,28,True,remove detected cue occurrences from AIO predictions; retain a sentence if another detected cue remains,-0.006955412312555172,0.005982443482443487
contextual_hedging,detected_cue_removed,hedged_sentence_rate,Ethnicity,Minority - People,0.010341090593191432,-0.04221797479675631,0.06264874782469321,21,21,paired difference with outcome-cluster percentile bootstrap,indicates that,28,True,remove detected cue occurrences from AIO predictions; retain a sentence if another detected cue remains,0.021055376307477152,-0.01071428571428572
contextual_hedging,detected_cue_removed,hedged_sentence_rate,Ethnicity,Majority - People,-0.014370433590358405,-0.0751555161282605,0.04983762521591469,21,21,paired difference with outcome-cluster percentile bootstrap,indicates that,28,True,remove detected cue occurrences from AIO predictions; retain a sentence if another detected cue remains,-0.017771794134576076,0.0034013605442176718
contextual_hedging,detected_cue_removed,hedged_sentence_rate,Ethnicity,Minority - Majority,0.024711524183549837,-0.036807655207423,0.07536781811853684,21,21,paired difference with outcome-cluster percentile bootstrap,indicates that,28,True,remove detected cue occurrences from AIO predictions; retain a sentence if another detected cue remains,0.03882717044205323,-0.014115646258503391
contextual_hedging,detected_cue_removed,hedged_sentence_rate,Gender,Minority - People,0.10019316087639069,0.03846123013747237,0.16847346502703647,21,21,paired difference with outcome-cluster percentile bootstrap,indicates that,28,True,remove detected cue occurrences from AIO predictions; retain a sentence if another detected cue remains,0.09679180033217301,0.003401360544217677
contextual_hedging,detected_cue_removed,hedged_sentence_rate,Gender,Majority - People,0.06348575949416284,-0.004518296732057243,0.12907017585589015,21,21,paired difference with outcome-cluster percentile bootstrap,indicates that,28,True,remove detected cue occurrences from AIO predictions; retain a sentence if another detected cue remains,0.0792282180937643,-0.015742458599601467
contextual_hedging,detected_cue_removed,hedged_sentence_rate,Gender,Minority - Majority,0.036707401382227826,-0.04187132036693601,0.11476033017341933,21,21,paired difference with outcome-cluster percentile bootstrap,indicates that,28,True,remove detected cue occurrences from AIO predictions; retain a sentence if another detected cue remains,0.017563582238408697,0.01914381914381913
contextual_hedging,detected_cue_removed,hedged_sentence_rate,Disability,Minority - People,0.006411974269117122,-0.07128737499273215,0.09058049258942119,21,21,paired difference with outcome-cluster percentile bootstrap,indicates that,28,True,remove detected cue occurrences from AIO predictions; retain a sentence if another detected cue remains,0.006978867693153413,-0.0005668934240362911
contextual_hedging,detected_cue_removed,hedged_sentence_rate,Disability,Majority - People,0.017070207013816036,-0.042277642557247815,0.07131042073006359,21,21,paired difference with outcome-cluster percentile bootstrap,indicates that,28,True,remove detected cue occurrences from AIO predictions; retain a sentence if another detected cue remains,0.016314349115101,0.0007558578987150351
contextual_hedging,detected_cue_removed,hedged_sentence_rate,Disability,Minority - Majority,-0.010658232744698917,-0.09175929664181544,0.07633706258236332,21,21,paired difference with outcome-cluster percentile bootstrap,indicates that,28,True,remove detected cue occurrences from AIO predictions; retain a sentence if another detected cue remains,-0.009335481421947582,-0.0013227513227513348
contextual_hedging,detected_cue_removed,hedged_sentence_rate,Sexual Orientation,Minority - People,0.0631210329795027,-0.027238193267328608,0.15142612191484375,21,21,paired difference with outcome-cluster percentile bootstrap,indicates that,28,True,remove detected cue occurrences from AIO predictions; retain a sentence if another detected cue remains,0.0668497972124686,-0.003728764232965906
contextual_hedging,detected_cue_removed,hedged_sentence_rate,Sexual Orientation,Majority - People,0.029906420356730915,-0.05063157792000961,0.11477623071373075,21,21,paired difference with outcome-cluster percentile bootstrap,indicates that,28,True,remove detected cue occurrences from AIO predictions; retain a sentence if another detected cue remains,0.037814583622037046,-0.00790816326530613
contextual_hedging,detected_cue_removed,hedged_sentence_rate,Sexual Orientation,Minority - Majority,0.033214612622771776,-0.06942945597046682,0.14371788430246596,21,21,paired difference with outcome-cluster percentile bootstrap,indicates that,28,True,remove detected cue occurrences from AIO predictions; retain a sentence if another detected cue remains,0.029035213590431548,0.004179399032340228
contextual_hedging,detected_cue_removed,hedged_sentence_rate,Gender Identity,Minority - People,0.04240863407530073,-0.024757540739683608,0.10694815776661018,21,21,paired difference with outcome-cluster percentile bootstrap,indicates that,28,True,remove detected cue occurrences from AIO predictions; retain a sentence if another detected cue remains,0.04029427481808435,0.0021143592572163833
contextual_hedging,detected_cue_removed,hedged_sentence_rate,Gender Identity,Majority - People,0.014249361053872327,-0.032932550601723544,0.05998940074128044,21,21,paired difference with outcome-cluster percentile bootstrap,indicates that,28,True,remove detected cue occurrences from AIO predictions; retain a sentence if another detected cue remains,0.010848000509654652,0.0034013605442176752
contextual_hedging,detected_cue_removed,hedged_sentence_rate,Gender Identity,Minority - Majority,0.028159273021428417,-0.028929482519708078,0.08183217349884017,21,21,paired difference with outcome-cluster percentile bootstrap,indicates that,28,True,remove detected cue occurrences from AIO predictions; retain a sentence if another detected cue remains,0.0294462743084297,-0.0012870012870012833
contextual_hedging,detected_cue_removed,hedged_sentence_rate,Race,Minority - People,0.029212182971581468,-0.05078752944354447,0.10691345839137197,21,21,paired difference with outcome-cluster percentile bootstrap,like,28,True,remove detected cue occurrences from AIO predictions; retain a sentence if another detected cue remains,0.029212182971581478,-1.0408340855860843e-17
contextual_hedging,detected_cue_removed,hedged_sentence_rate,Race,Majority - People,0.03616759528413664,-0.02155023965174341,0.08977982465529458,21,21,paired difference with outcome-cluster percentile bootstrap,like,28,True,remove detected cue occurrences from AIO predictions; retain a sentence if another detected cue remains,0.03616759528413665,-6.938893903907228e-18
contextual_hedging,detected_cue_removed,hedged_sentence_rate,Race,Minority - Majority,-0.006955412312555177,-0.08931605396830962,0.07100700703849204,21,21,paired difference with outcome-cluster percentile bootstrap,like,28,True,remove detected cue occurrences from AIO predictions; retain a sentence if another detected cue remains,-0.006955412312555172,-5.204170427930421e-18
contextual_hedging,detected_cue_removed,hedged_sentence_rate,Ethnicity,Minority - People,0.021055376307477145,-0.032814448234616295,0.07514400680629672,21,21,paired difference with outcome-cluster percentile bootstrap,like,28,True,remove detected cue occurrences from AIO predictions; retain a sentence if another detected cue remains,0.021055376307477152,-6.938893903907228e-18
contextual_hedging,detected_cue_removed,hedged_sentence_rate,Ethnicity,Majority - People,-0.01777179413457609,-0.07619838073198035,0.04504839245793193,21,21,paired difference with outcome-cluster percentile bootstrap,like,28,True,remove detected cue occurrences from AIO predictions; retain a sentence if another detected cue remains,-0.017771794134576076,-1.3877787807814457e-17
contextual_hedging,detected_cue_removed,hedged_sentence_rate,Ethnicity,Minority - Majority,0.038827170442053235,-0.02503679428719511,0.09169392232417449,21,21,paired difference with outcome-cluster percentile bootstrap,like,28,True,remove detected cue occurrences from AIO predictions; retain a sentence if another detected cue remains,0.03882717044205323,6.938893903907228e-18
contextual_hedging,detected_cue_removed,hedged_sentence_rate,Gender,Minority - People,0.09679180033217301,0.03749274224740063,0.16256835133465566,21,21,paired difference with outcome-cluster percentile bootstrap,like,28,True,remove detected cue occurrences from AIO predictions; retain a sentence if another detected cue remains,0.09679180033217301,0.0
contextual_hedging,detected_cue_removed,hedged_sentence_rate,Gender,Majority - People,0.0792282180937643,0.009483051184731852,0.1455621742675314,21,21,paired difference with outcome-cluster percentile bootstrap,like,28,True,remove detected cue occurrences from AIO predictions; retain a sentence if another detected cue remains,0.0792282180937643,0.0
contextual_hedging,detected_cue_removed,hedged_sentence_rate,Gender,Minority - Majority,0.017563582238408686,-0.0648677401790756,0.09955256416103146,21,21,paired difference with outcome-cluster percentile bootstrap,like,28,True,remove detected cue occurrences from AIO predictions; retain a sentence if another detected cue remains,0.017563582238408697,-1.0408340855860843e-17
contextual_hedging,detected_cue_removed,hedged_sentence_rate,Disability,Minority - People,0.0069788676931533955,-0.06917683011433012,0.08855046408617848,21,21,paired difference with outcome-cluster percentile bootstrap,like,28,True,remove detected cue occurrences from AIO predictions; retain a sentence if another detected cue remains,0.006978867693153413,-1.734723475976807e-17
contextual_hedging,detected_cue_removed,hedged_sentence_rate,Disability,Majority - People,0.01631434911510099,-0.04318008623929677,0.07015507310150165,21,21,paired difference with outcome-cluster percentile bootstrap,like,28,True,remove detected cue occurrences from AIO predictions; retain a sentence if another detected cue remains,0.016314349115101,-1.0408340855860843e-17
contextual_hedging,detected_cue_removed,hedged_sentence_rate,Disability,Minority - Majority,-0.009335481421947595,-0.09030169896241325,0.07747841939806226,21,21,paired difference with outcome-cluster percentile bootstrap,like,28,True,remove detected cue occurrences from AIO predictions; retain a sentence if another detected cue remains,-0.009335481421947582,-1.214306433183765e-17
contextual_hedging,detected_cue_removed,hedged_sentence_rate,Sexual Orientation,Minority - People,0.0668497972124686,-0.0244627194516624,0.15838367553192298,21,21,paired difference with outcome-cluster percentile bootstrap,like,28,True,remove detected cue occurrences from AIO predictions; retain a sentence if another detected cue remains,0.0668497972124686,0.0
contextual_hedging,detected_cue_removed,hedged_sentence_rate,Sexual Orientation,Majority - People,0.03781458362203703,-0.04797632340916501,0.12896362214102902,21,21,paired difference with outcome-cluster percentile bootstrap,like,28,True,remove detected cue occurrences from AIO predictions; retain a sentence if another detected cue remains,0.037814583622037046,-1.3877787807814457e-17
contextual_hedging,detected_cue_removed,hedged_sentence_rate,Sexual Orientation,Minority - Majority,0.02903521359043156,-0.08183878721166234,0.1439259348886679,21,21,paired difference with outcome-cluster percentile bootstrap,like,28,True,remove detected cue occurrences from AIO predictions; retain a sentence if another detected cue remains,0.029035213590431548,1.0408340855860843e-17
contextual_hedging,detected_cue_removed,hedged_sentence_rate,Gender Identity,Minority - People,0.04029427481808434,-0.025348426806760138,0.10303605901820188,21,21,paired difference with outcome-cluster percentile bootstrap,like,28,True,remove detected cue occurrences from AIO predictions; retain a sentence if another detected cue remains,0.04029427481808435,-6.938893903907228e-18
contextual_hedging,detected_cue_removed,hedged_sentence_rate,Gender Identity,Majority - People,0.010848000509654641,-0.03672925193366923,0.05577192179165864,21,21,paired difference with outcome-cluster percentile bootstrap,like,28,True,remove detected cue occurrences from AIO predictions; retain a sentence if another detected cue remains,0.010848000509654652,-1.0408340855860843e-17
contextual_hedging,detected_cue_removed,hedged_sentence_rate,Gender Identity,Minority - Majority,0.0294462743084297,-0.028176665762818635,0.08376714132666514,21,21,paired difference with outcome-cluster percentile bootstrap,like,28,True,remove detected cue occurrences from AIO predictions; retain a sentence if another detected cue remains,0.0294462743084297,0.0
contextual_hedging,detected_cue_removed,hedged_sentence_rate,Race,Minority - People,0.01840865901016277,-0.059588399712929785,0.0940055720177901,21,21,paired difference with outcome-cluster percentile bootstrap,indicate that,21,True,remove detected cue occurrences from AIO predictions; retain a sentence if another detected cue remains,0.029212182971581478,-0.010803523961418707
contextual_hedging,detected_cue_removed,hedged_sentence_rate,Race,Majority - People,0.027870336986878345,-0.035211814518675416,0.08523586036978896,21,21,paired difference with outcome-cluster percentile bootstrap,indicate that,21,True,remove detected cue occurrences from AIO predictions; retain a sentence if another detected cue remains,0.03616759528413665,-0.008297258297258303
contextual_hedging,detected_cue_removed,hedged_sentence_rate,Race,Minority - Majority,-0.009461677976715578,-0.08994525863651805,0.06689706022882715,21,21,paired difference with outcome-cluster percentile bootstrap,indicate that,21,True,remove detected cue occurrences from AIO predictions; retain a sentence if another detected cue remains,-0.006955412312555172,-0.002506265664160406
contextual_hedging,detected_cue_removed,hedged_sentence_rate,Ethnicity,Minority - People,0.01598668216315275,-0.036809168208853084,0.0691958263491877,21,21,paired difference with outcome-cluster percentile bootstrap,indicate that,21,True,remove detected cue occurrences from AIO predictions; retain a sentence if another detected cue remains,0.021055376307477152,-0.005068694144324402
contextual_hedging,detected_cue_removed,hedged_sentence_rate,Ethnicity,Majority - People,-0.024021794134576096,-0.08144977577073441,0.035590476861623505,21,21,paired difference with outcome-cluster percentile bootstrap,indicate that,21,True,remove detected cue occurrences from AIO predictions; retain a sentence if another detected cue remains,-0.017771794134576076,-0.006250000000000019
contextual_hedging,detected_cue_removed,hedged_sentence_rate,Ethnicity,Minority - Majority,0.04000847629772884,-0.02294867858197138,0.09162759048125038,21,21,paired difference with outcome-cluster percentile bootstrap,indicate that,21,True,remove detected cue occurrences from AIO predictions; retain a sentence if another detected cue remains,0.03882717044205323,0.0011813058556756142
contextual_hedging,detected_cue_removed,hedged_sentence_rate,Gender,Minority - People,0.09083941937979205,0.03676754117747905,0.14983038786610212,21,21,paired difference with outcome-cluster percentile bootstrap,indicate that,21,True,remove detected cue occurrences from AIO predictions; retain a sentence if another detected cue remains,0.09679180033217301,-0.005952380952380959
contextual_hedging,detected_cue_removed,hedged_sentence_rate,Gender,Majority - People,0.070930959796506,0.000587116451087038,0.13935918335865818,21,21,paired difference with outcome-cluster percentile bootstrap,indicate that,21,True,remove detected cue occurrences from AIO predictions; retain a sentence if another detected cue remains,0.0792282180937643,-0.008297258297258303
contextual_hedging,detected_cue_removed,hedged_sentence_rate,Gender,Minority - Majority,0.019908459583286037,-0.06062298411983284,0.1029271876160349,21,21,paired difference with outcome-cluster percentile bootstrap,indicate that,21,True,remove detected cue occurrences from AIO predictions; retain a sentence if another detected cue remains,0.017563582238408697,0.0023448773448773406
contextual_hedging,detected_cue_removed,hedged_sentence_rate,Disability,Minority - People,0.0069788676931533955,-0.06917683011433012,0.08855046408617848,21,21,paired difference with outcome-cluster percentile bootstrap,indicate that,21,True,remove detected cue occurrences from AIO predictions; retain a sentence if another detected cue remains,0.006978867693153413,-1.734723475976807e-17
contextual_hedging,detected_cue_removed,hedged_sentence_rate,Disability,Majority - People,0.01631434911510099,-0.04318008623929677,0.07015507310150165,21,21,paired difference with outcome-cluster percentile bootstrap,indicate that,21,True,remove detected cue occurrences from AIO predictions; retain a sentence if another detected cue remains,0.016314349115101,-1.0408340855860843e-17
contextual_hedging,detected_cue_removed,hedged_sentence_rate,Disability,Minority - Majority,-0.009335481421947595,-0.09030169896241325,0.07747841939806226,21,21,paired difference with outcome-cluster percentile bootstrap,indicate that,21,True,remove detected cue occurrences from AIO predictions; retain a sentence if another detected cue remains,-0.009335481421947582,-1.214306433183765e-17
contextual_hedging,detected_cue_removed,hedged_sentence_rate,Sexual Orientation,Minority - People,0.06155879192146331,-0.03234985759117782,0.15484893052424015,21,21,paired difference with outcome-cluster percentile bootstrap,indicate that,21,True,remove detected cue occurrences from AIO predictions; retain a sentence if another detected cue remains,0.0668497972124686,-0.005291005291005291
contextual_hedging,detected_cue_removed,hedged_sentence_rate,Sexual Orientation,Majority - People,0.03781458362203703,-0.04797632340916501,0.12896362214102902,21,21,paired difference with outcome-cluster percentile bootstrap,indicate that,21,True,remove detected cue occurrences from AIO predictions; retain a sentence if another detected cue remains,0.037814583622037046,-1.3877787807814457e-17
contextual_hedging,detected_cue_removed,hedged_sentence_rate,Sexual Orientation,Minority - Majority,0.023744208299426268,-0.09113495514933895,0.14021452714552163,21,21,paired difference with outcome-cluster percentile bootstrap,indicate that,21,True,remove detected cue occurrences from AIO predictions; retain a sentence if another detected cue remains,0.029035213590431548,-0.00529100529100528
contextual_hedging,detected_cue_removed,hedged_sentence_rate,Gender Identity,Minority - People,0.04029427481808434,-0.025348426806760138,0.10303605901820188,21,21,paired difference with outcome-cluster percentile bootstrap,indicate that,21,True,remove detected cue occurrences from AIO predictions; retain a sentence if another detected cue remains,0.04029427481808435,-6.938893903907228e-18
contextual_hedging,detected_cue_removed,hedged_sentence_rate,Gender Identity,Majority - People,0.004254593916248046,-0.04458894115144115,0.05121284139141282,21,21,paired difference with outcome-cluster percentile bootstrap,indicate that,21,True,remove detected cue occurrences from AIO predictions; retain a sentence if another detected cue remains,0.010848000509654652,-0.0065934065934066055
contextual_hedging,detected_cue_removed,hedged_sentence_rate,Gender Identity,Minority - Majority,0.0360396809018363,-0.02414654323018984,0.09418916592632132,21,21,paired difference with outcome-cluster percentile bootstrap,indicate that,21,True,remove detected cue occurrences from AIO predictions; retain a sentence if another detected cue remains,0.0294462743084297,0.006593406593406598
contextual_hedging,detected_cue_removed,hedged_sentence_rate,Race,Minority - People,0.03287518663458513,-0.04645191335745848,0.11129600340831546,21,21,paired difference with outcome-cluster percentile bootstrap,'d,19,True,remove detected cue occurrences from AIO predictions; retain a sentence if another detected cue remains,0.029212182971581478,0.00366300366300365
contextual_hedging,detected_cue_removed,hedged_sentence_rate,Race,Majority - People,0.039830598947140305,-0.018865708400482833,0.09440781588572943,21,21,paired difference with outcome-cluster percentile bootstrap,'d,19,True,remove detected cue occurrences from AIO predictions; retain a sentence if another detected cue remains,0.03616759528413665,0.003663003663003657
contextual_hedging,detected_cue_removed,hedged_sentence_rate,Race,Minority - Majority,-0.006955412312555177,-0.08931605396830962,0.07100700703849204,21,21,paired difference with outcome-cluster percentile bootstrap,'d,19,True,remove detected cue occurrences from AIO predictions; retain a sentence if another detected cue remains,-0.006955412312555172,-5.204170427930421e-18
contextual_hedging,detected_cue_removed,hedged_sentence_rate,Ethnicity,Minority - People,0.02191725952230154,-0.03223651280636573,0.07671357247250107,21,21,paired difference with outcome-cluster percentile bootstrap,'d,19,True,remove detected cue occurrences from AIO predictions; retain a sentence if another detected cue remains,0.021055376307477152,0.0008618832148243882
contextual_hedging,detected_cue_removed,hedged_sentence_rate,Ethnicity,Majority - People,-0.014108790471572425,-0.07277006553909748,0.04952031686289205,21,21,paired difference with outcome-cluster percentile bootstrap,'d,19,True,remove detected cue occurrences from AIO predictions; retain a sentence if another detected cue remains,-0.017771794134576076,0.0036630036630036517
contextual_hedging,detected_cue_removed,hedged_sentence_rate,Ethnicity,Minority - Majority,0.03602604999387397,-0.027946653587824537,0.08857598133720423,21,21,paired difference with outcome-cluster percentile bootstrap,'d,19,True,remove detected cue occurrences from AIO predictions; retain a sentence if another detected cue remains,0.03882717044205323,-0.0028011204481792618
contextual_hedging,detected_cue_removed,hedged_sentence_rate,Gender,Minority - People,0.08174732100197939,0.031095907658019464,0.13555800515621946,21,21,paired difference with outcome-cluster percentile bootstrap,'d,19,True,remove detected cue occurrences from AIO predictions; retain a sentence if another detected cue remains,0.09679180033217301,-0.015044479330193622
contextual_hedging,detected_cue_removed,hedged_sentence_rate,Gender,Majority - People,0.07283831170385792,0.006048108831722272,0.13697653692401593,21,21,paired difference with outcome-cluster percentile bootstrap,'d,19,True,remove detected cue occurrences from AIO predictions; retain a sentence if another detected cue remains,0.0792282180937643,-0.006389906389906386
contextual_hedging,detected_cue_removed,hedged_sentence_rate,Gender,Minority - Majority,0.00890900929812146,-0.06605750001091616,0.08914792437193794,21,21,paired difference with outcome-cluster percentile bootstrap,'d,19,True,remove detected cue occurrences from AIO predictions; retain a sentence if another detected cue remains,0.017563582238408697,-0.008654572940287236
contextual_hedging,detected_cue_removed,hedged_sentence_rate,Disability,Minority - People,0.004065907637336199,-0.07184842604485464,0.08750521634450206,21,21,paired difference with outcome-cluster percentile bootstrap,'d,19,True,remove detected cue occurrences from AIO predictions; retain a sentence if another detected cue remains,0.006978867693153413,-0.0029129600558172137
contextual_hedging,detected_cue_removed,hedged_sentence_rate,Disability,Majority - People,0.013741525113705563,-0.046325193881584854,0.06834569365819367,21,21,paired difference with outcome-cluster percentile bootstrap,'d,19,True,remove detected cue occurrences from AIO predictions; retain a sentence if another detected cue remains,0.016314349115101,-0.002572824001395437
contextual_hedging,detected_cue_removed,hedged_sentence_rate,Disability,Minority - Majority,-0.00967561747636936,-0.08899202736138825,0.07706517149656247,21,21,paired difference with outcome-cluster percentile bootstrap,'d,19,True,remove detected cue occurrences from AIO predictions; retain a sentence if another detected cue remains,-0.009335481421947582,-0.0003401360544217774
contextual_hedging,detected_cue_removed,hedged_sentence_rate,Sexual Orientation,Minority - People,0.0668497972124686,-0.026639439386149922,0.15979508702736808,21,21,paired difference with outcome-cluster percentile bootstrap,'d,19,True,remove detected cue occurrences from AIO predictions; retain a sentence if another detected cue remains,0.0668497972124686,0.0
contextual_hedging,detected_cue_removed,hedged_sentence_rate,Sexual Orientation,Majority - People,0.03830298411043752,-0.05084737704497022,0.13235167200811615,21,21,paired difference with outcome-cluster percentile bootstrap,'d,19,True,remove detected cue occurrences from AIO predictions; retain a sentence if another detected cue remains,0.037814583622037046,0.0004884004884004728
contextual_hedging,detected_cue_removed,hedged_sentence_rate,Sexual Orientation,Minority - Majority,0.028546813102031072,-0.0859901913630665,0.1480176626315431,21,21,paired difference with outcome-cluster percentile bootstrap,'d,19,True,remove detected cue occurrences from AIO predictions; retain a sentence if another detected cue remains,0.029035213590431548,-0.0004884004884004763
contextual_hedging,detected_cue_removed,hedged_sentence_rate,Gender Identity,Minority - People,0.043957278481088005,-0.023596927212998643,0.11041923314244746,21,21,paired difference with outcome-cluster percentile bootstrap,'d,19,True,remove detected cue occurrences from AIO predictions; retain a sentence if another detected cue remains,0.04029427481808435,0.003663003663003657
contextual_hedging,detected_cue_removed,hedged_sentence_rate,Gender Identity,Majority - People,0.002398117059771193,-0.044863470558959284,0.04998855372210635,21,21,paired difference with outcome-cluster percentile bootstrap,'d,19,True,remove detected cue occurrences from AIO predictions; retain a sentence if another detected cue remains,0.010848000509654652,-0.008449883449883459
contextual_hedging,detected_cue_removed,hedged_sentence_rate,Gender Identity,Minority - Majority,0.04155916142131681,-0.01641808153556273,0.09629519113698311,21,21,paired difference with outcome-cluster percentile bootstrap,'d,19,True,remove detected cue occurrences from AIO predictions; retain a sentence if another detected cue remains,0.0294462743084297,0.012112887112887112
contextual_hedging,detected_cue_removed,hedged_sentence_rate,Race,Minority - People,0.023891115150513644,-0.058235313315200536,0.10133360799949148,21,21,paired difference with outcome-cluster percentile bootstrap,tend,12,False,remove detected cue occurrences from AIO predictions; retain a sentence if another detected cue remains,0.029212182971581478,-0.005321067821067834
contextual_hedging,detected_cue_removed,hedged_sentence_rate,Race,Majority - People,0.03914378576032712,-0.0181035722318617,0.09215266510849218,21,21,paired difference with outcome-cluster percentile bootstrap,tend,12,False,remove detected cue occurrences from AIO predictions; retain a sentence if another detected cue remains,0.03616759528413665,0.0029761904761904726
contextual_hedging,detected_cue_removed,hedged_sentence_rate,Race,Minority - Majority,-0.015252670609813467,-0.09731724807147742,0.06170946482506635,21,21,paired difference with outcome-cluster percentile bootstrap,tend,12,False,remove detected cue occurrences from AIO predictions; retain a sentence if another detected cue remains,-0.006955412312555172,-0.008297258297258294
contextual_hedging,detected_cue_removed,hedged_sentence_rate,Ethnicity,Minority - People,0.02123044633548835,-0.031612340740492,0.07296678111804163,21,21,paired difference with outcome-cluster percentile bootstrap,tend,12,False,remove detected cue occurrences from AIO predictions; retain a sentence if another detected cue remains,0.021055376307477152,0.00017507002801119692
contextual_hedging,detected_cue_removed,hedged_sentence_rate,Ethnicity,Majority - People,-0.014795603658385614,-0.0753833446819819,0.048958696726553924,21,21,paired difference with outcome-cluster percentile bootstrap,tend,12,False,remove detected cue occurrences from AIO predictions; retain a sentence if another detected cue remains,-0.017771794134576076,0.002976190476190462
contextual_hedging,detected_cue_removed,hedged_sentence_rate,Ethnicity,Minority - Majority,0.03602604999387397,-0.027946653587824537,0.08857598133720423,21,21,paired difference with outcome-cluster percentile bootstrap,tend,12,False,remove detected cue occurrences from AIO predictions; retain a sentence if another detected cue remains,0.03882717044205323,-0.0028011204481792618
contextual_hedging,detected_cue_removed,hedged_sentence_rate,Gender,Minority - People,0.09296526971992809,0.033436615704861054,0.16041261384118524,21,21,paired difference with outcome-cluster percentile bootstrap,tend,12,False,remove detected cue occurrences from AIO predictions; retain a sentence if another detected cue remains,0.09679180033217301,-0.003826530612244916
contextual_hedging,detected_cue_removed,hedged_sentence_rate,Gender,Majority - People,0.08220440856995477,0.010854728740758149,0.15004373427692755,21,21,paired difference with outcome-cluster percentile bootstrap,tend,12,False,remove detected cue occurrences from AIO predictions; retain a sentence if another detected cue remains,0.0792282180937643,0.0029761904761904656
contextual_hedging,detected_cue_removed,hedged_sentence_rate,Gender,Minority - Majority,0.010760861149973313,-0.06901967485585497,0.09137953527581771,21,21,paired difference with outcome-cluster percentile bootstrap,tend,12,False,remove detected cue occurrences from AIO predictions; retain a sentence if another detected cue remains,0.017563582238408697,-0.0068027210884353834
contextual_hedging,detected_cue_removed,hedged_sentence_rate,Disability,Minority - People,0.009955058169343872,-0.0674192292495864,0.09389634505705932,21,21,paired difference with outcome-cluster percentile bootstrap,tend,12,False,remove detected cue occurrences from AIO predictions; retain a sentence if another detected cue remains,0.006978867693153413,0.0029761904761904587
contextual_hedging,detected_cue_removed,hedged_sentence_rate,Disability,Majority - People,0.019290539591291466,-0.04162991248517564,0.07411687562298465,21,21,paired difference with outcome-cluster percentile bootstrap,tend,12,False,remove detected cue occurrences from AIO predictions; retain a sentence if another detected cue remains,0.016314349115101,0.0029761904761904656
contextual_hedging,detected_cue_removed,hedged_sentence_rate,Disability,Minority - Majority,-0.009335481421947595,-0.09030169896241325,0.07747841939806226,21,21,paired difference with outcome-cluster percentile bootstrap,tend,12,False,remove detected cue occurrences from AIO predictions; retain a sentence if another detected cue remains,-0.009335481421947582,-1.214306433183765e-17
contextual_hedging,detected_cue_removed,hedged_sentence_rate,Sexual Orientation,Minority - People,0.06505214832835356,-0.025616625611926375,0.1557330684032088,21,21,paired difference with outcome-cluster percentile bootstrap,tend,12,False,remove detected cue occurrences from AIO predictions; retain a sentence if another detected cue remains,0.0668497972124686,-0.001797648884115044
contextual_hedging,detected_cue_removed,hedged_sentence_rate,Sexual Orientation,Majority - People,0.033647916955370366,-0.050621162323413876,0.12400419650225557,21,21,paired difference with outcome-cluster percentile bootstrap,tend,12,False,remove detected cue occurrences from AIO predictions; retain a sentence if another detected cue remains,0.037814583622037046,-0.00416666666666668
contextual_hedging,detected_cue_removed,hedged_sentence_rate,Sexual Orientation,Minority - Majority,0.031404231372983184,-0.07486022048933083,0.14276237838183786,21,21,paired difference with outcome-cluster percentile bootstrap,tend,12,False,remove detected cue occurrences from AIO predictions; retain a sentence if another detected cue remains,0.029035213590431548,0.0023690177825516356
contextual_hedging,detected_cue_removed,hedged_sentence_rate,Gender Identity,Minority - People,0.03894146096527048,-0.025867874350017212,0.10216240845705132,21,21,paired difference with outcome-cluster percentile bootstrap,tend,12,False,remove detected cue occurrences from AIO predictions; retain a sentence if another detected cue remains,0.04029427481808435,-0.0013528138528138695
contextual_hedging,detected_cue_removed,hedged_sentence_rate,Gender Identity,Majority - People,0.013824190985845117,-0.03454513409870553,0.06105175969602661,21,21,paired difference with outcome-cluster percentile bootstrap,tend,12,False,remove detected cue occurrences from AIO predictions; retain a sentence if another detected cue remains,0.010848000509654652,0.0029761904761904656
contextual_hedging,detected_cue_removed,hedged_sentence_rate,Gender Identity,Minority - Majority,0.02511726997942537,-0.03128448844614257,0.07806468663611522,21,21,paired difference with outcome-cluster percentile bootstrap,tend,12,False,remove detected cue occurrences from AIO predictions; retain a sentence if another detected cue remains,0.0294462743084297,-0.004329004329004332
contextual_hedging,detected_cue_removed,hedged_sentence_rate,Race,Minority - People,0.029212182971581468,-0.05078752944354447,0.10691345839137197,21,21,paired difference with outcome-cluster percentile bootstrap,if,10,False,remove detected cue occurrences from AIO predictions; retain a sentence if another detected cue remains,0.029212182971581478,-1.0408340855860843e-17
contextual_hedging,detected_cue_removed,hedged_sentence_rate,Race,Majority - People,0.03616759528413664,-0.02155023965174341,0.08977982465529458,21,21,paired difference with outcome-cluster percentile bootstrap,if,10,False,remove detected cue occurrences from AIO predictions; retain a sentence if another detected cue remains,0.03616759528413665,-6.938893903907228e-18
contextual_hedging,detected_cue_removed,hedged_sentence_rate,Race,Minority - Majority,-0.006955412312555177,-0.08931605396830962,0.07100700703849204,21,21,paired difference with outcome-cluster percentile bootstrap,if,10,False,remove detected cue occurrences from AIO predictions; retain a sentence if another detected cue remains,-0.006955412312555172,-5.204170427930421e-18
contextual_hedging,detected_cue_removed,hedged_sentence_rate,Ethnicity,Minority - People,0.021055376307477145,-0.032814448234616295,0.07514400680629672,21,21,paired difference with outcome-cluster percentile bootstrap,if,10,False,remove detected cue occurrences from AIO predictions; retain a sentence if another detected cue remains,0.021055376307477152,-6.938893903907228e-18
contextual_hedging,detected_cue_removed,hedged_sentence_rate,Ethnicity,Majority - People,-0.01777179413457609,-0.07619838073198035,0.04504839245793193,21,21,paired difference with outcome-cluster percentile bootstrap,if,10,False,remove detected cue occurrences from AIO predictions; retain a sentence if another detected cue remains,-0.017771794134576076,-1.3877787807814457e-17
contextual_hedging,detected_cue_removed,hedged_sentence_rate,Ethnicity,Minority - Majority,0.038827170442053235,-0.02503679428719511,0.09169392232417449,21,21,paired difference with outcome-cluster percentile bootstrap,if,10,False,remove detected cue occurrences from AIO predictions; retain a sentence if another detected cue remains,0.03882717044205323,6.938893903907228e-18
contextual_hedging,detected_cue_removed,hedged_sentence_rate,Gender,Minority - People,0.09679180033217301,0.03749274224740063,0.16256835133465566,21,21,paired difference with outcome-cluster percentile bootstrap,if,10,False,remove detected cue occurrences from AIO predictions; retain a sentence if another detected cue remains,0.09679180033217301,0.0
contextual_hedging,detected_cue_removed,hedged_sentence_rate,Gender,Majority - People,0.07327583714138335,0.00642734337324673,0.13732994023172598,21,21,paired difference with outcome-cluster percentile bootstrap,if,10,False,remove detected cue occurrences from AIO predictions; retain a sentence if another detected cue remains,0.0792282180937643,-0.005952380952380959
contextual_hedging,detected_cue_removed,hedged_sentence_rate,Gender,Minority - Majority,0.023515963190789642,-0.05648828023828023,0.10273861795317768,21,21,paired difference with outcome-cluster percentile bootstrap,if,10,False,remove detected cue occurrences from AIO predictions; retain a sentence if another detected cue remains,0.017563582238408697,0.005952380952380945
contextual_hedging,detected_cue_removed,hedged_sentence_rate,Disability,Minority - People,0.0034515308324832017,-0.07259312116454975,0.0862710773573869,21,21,paired difference with outcome-cluster percentile bootstrap,if,10,False,remove detected cue occurrences from AIO predictions; retain a sentence if another detected cue remains,0.006978867693153413,-0.003527336860670211
contextual_hedging,detected_cue_removed,hedged_sentence_rate,Disability,Majority - People,0.01265134545209733,-0.04512186574216649,0.06471156984549842,21,21,paired difference with outcome-cluster percentile bootstrap,if,10,False,remove detected cue occurrences from AIO predictions; retain a sentence if another detected cue remains,0.016314349115101,-0.003663003663003671
contextual_hedging,detected_cue_removed,hedged_sentence_rate,Disability,Minority - Majority,-0.009199814619614123,-0.08843819693835359,0.07529521856589527,21,21,paired difference with outcome-cluster percentile bootstrap,if,10,False,remove detected cue occurrences from AIO predictions; retain a sentence if another detected cue remains,-0.009335481421947582,0.00013566680233345965
contextual_hedging,detected_cue_removed,hedged_sentence_rate,Sexual Orientation,Minority - People,0.0668497972124686,-0.0244627194516624,0.15838367553192298,21,21,paired difference with outcome-cluster percentile bootstrap,if,10,False,remove detected cue occurrences from AIO predictions; retain a sentence if another detected cue remains,0.0668497972124686,0.0
contextual_hedging,detected_cue_removed,hedged_sentence_rate,Sexual Orientation,Majority - People,0.03483839314584655,-0.04911951194365789,0.12474366177588228,21,21,paired difference with outcome-cluster percentile bootstrap,if,10,False,remove detected cue occurrences from AIO predictions; retain a sentence if another detected cue remains,0.037814583622037046,-0.0029761904761904934
contextual_hedging,detected_cue_removed,hedged_sentence_rate,Sexual Orientation,Minority - Majority,0.032011404066622035,-0.07809504536084613,0.1464872546573122,21,21,paired difference with outcome-cluster percentile bootstrap,if,10,False,remove detected cue occurrences from AIO predictions; retain a sentence if another detected cue remains,0.029035213590431548,0.0029761904761904864
contextual_hedging,detected_cue_removed,hedged_sentence_rate,Gender Identity,Minority - People,0.04029427481808434,-0.025348426806760138,0.10303605901820188,21,21,paired difference with outcome-cluster percentile bootstrap,if,10,False,remove detected cue occurrences from AIO predictions; retain a sentence if another detected cue remains,0.04029427481808435,-6.938893903907228e-18
contextual_hedging,detected_cue_removed,hedged_sentence_rate,Gender Identity,Majority - People,0.010848000509654641,-0.03672925193366923,0.05577192179165864,21,21,paired difference with outcome-cluster percentile bootstrap,if,10,False,remove detected cue occurrences from AIO predictions; retain a sentence if another detected cue remains,0.010848000509654652,-1.0408340855860843e-17
contextual_hedging,detected_cue_removed,hedged_sentence_rate,Gender Identity,Minority - Majority,0.0294462743084297,-0.028176665762818635,0.08376714132666514,21,21,paired difference with outcome-cluster percentile bootstrap,if,10,False,remove detected cue occurrences from AIO predictions; retain a sentence if another detected cue remains,0.0294462743084297,0.0
contextual_hedging,detected_cue_removed,hedged_sentence_rate,Race,Minority - People,0.029212182971581468,-0.05078752944354447,0.10691345839137197,21,21,paired difference with outcome-cluster percentile bootstrap,could,6,False,remove detected cue occurrences from AIO predictions; retain a sentence if another detected cue remains,0.029212182971581478,-1.0408340855860843e-17
contextual_hedging,detected_cue_removed,hedged_sentence_rate,Race,Majority - People,0.03616759528413664,-0.02155023965174341,0.08977982465529458,21,21,paired difference with outcome-cluster percentile bootstrap,could,6,False,remove detected cue occurrences from AIO predictions; retain a sentence if another detected cue remains,0.03616759528413665,-6.938893903907228e-18
contextual_hedging,detected_cue_removed,hedged_sentence_rate,Race,Minority - Majority,-0.006955412312555177,-0.08931605396830962,0.07100700703849204,21,21,paired difference with outcome-cluster percentile bootstrap,could,6,False,remove detected cue occurrences from AIO predictions; retain a sentence if another detected cue remains,-0.006955412312555172,-5.204170427930421e-18
contextual_hedging,detected_cue_removed,hedged_sentence_rate,Ethnicity,Minority - People,0.01788077313287397,-0.03886153334682745,0.07269141184057154,21,21,paired difference with outcome-cluster percentile bootstrap,could,6,False,remove detected cue occurrences from AIO predictions; retain a sentence if another detected cue remains,0.021055376307477152,-0.0031746031746031807
contextual_hedging,detected_cue_removed,hedged_sentence_rate,Ethnicity,Majority - People,-0.01777179413457609,-0.07619838073198035,0.04504839245793193,21,21,paired difference with outcome-cluster percentile bootstrap,could,6,False,remove detected cue occurrences from AIO predictions; retain a sentence if another detected cue remains,-0.017771794134576076,-1.3877787807814457e-17
contextual_hedging,detected_cue_removed,hedged_sentence_rate,Ethnicity,Minority - Majority,0.035652567267450065,-0.02860062633455215,0.08908244474946156,21,21,paired difference with outcome-cluster percentile bootstrap,could,6,False,remove detected cue occurrences from AIO predictions; retain a sentence if another detected cue remains,0.03882717044205323,-0.0031746031746031633
contextual_hedging,detected_cue_removed,hedged_sentence_rate,Gender,Minority - People,0.0894304016664265,0.026452153494078954,0.15865861981933416,21,21,paired difference with outcome-cluster percentile bootstrap,could,6,False,remove detected cue occurrences from AIO predictions; retain a sentence if another detected cue remains,0.09679180033217301,-0.007361398665746505
contextual_hedging,detected_cue_removed,hedged_sentence_rate,Gender,Majority - People,0.0792282180937643,0.009483051184731852,0.1455621742675314,21,21,paired difference with outcome-cluster percentile bootstrap,could,6,False,remove detected cue occurrences from AIO predictions; retain a sentence if another detected cue remains,0.0792282180937643,0.0
contextual_hedging,detected_cue_removed,hedged_sentence_rate,Gender,Minority - Majority,0.010202183572662197,-0.07598054593277465,0.09598899460632201,21,21,paired difference with outcome-cluster percentile bootstrap,could,6,False,remove detected cue occurrences from AIO predictions; retain a sentence if another detected cue remains,0.017563582238408697,-0.0073613986657464995
contextual_hedging,detected_cue_removed,hedged_sentence_rate,Disability,Minority - People,0.0069788676931533955,-0.06917683011433012,0.08855046408617848,21,21,paired difference with outcome-cluster percentile bootstrap,could,6,False,remove detected cue occurrences from AIO predictions; retain a sentence if another detected cue remains,0.006978867693153413,-1.734723475976807e-17
contextual_hedging,detected_cue_removed,hedged_sentence_rate,Disability,Majority - People,0.006502888645745785,-0.05634455821955822,0.062212332971261546,21,21,paired difference with outcome-cluster percentile bootstrap,could,6,False,remove detected cue occurrences from AIO predictions; retain a sentence if another detected cue remains,0.016314349115101,-0.009811460469355215
contextual_hedging,detected_cue_removed,hedged_sentence_rate,Disability,Minority - Majority,0.000475979047407605,-0.07934401412079983,0.08622445015302158,21,21,paired difference with outcome-cluster percentile bootstrap,could,6,False,remove detected cue occurrences from AIO predictions; retain a sentence if another detected cue remains,-0.009335481421947582,0.009811460469355188
contextual_hedging,detected_cue_removed,hedged_sentence_rate,Sexual Orientation,Minority - People,0.0668497972124686,-0.0244627194516624,0.15838367553192298,21,21,paired difference with outcome-cluster percentile bootstrap,could,6,False,remove detected cue occurrences from AIO predictions; retain a sentence if another detected cue remains,0.0668497972124686,0.0
contextual_hedging,detected_cue_removed,hedged_sentence_rate,Sexual Orientation,Majority - People,0.03781458362203703,-0.04797632340916501,0.12896362214102902,21,21,paired difference with outcome-cluster percentile bootstrap,could,6,False,remove detected cue occurrences from AIO predictions; retain a sentence if another detected cue remains,0.037814583622037046,-1.3877787807814457e-17
contextual_hedging,detected_cue_removed,hedged_sentence_rate,Sexual Orientation,Minority - Majority,0.02903521359043156,-0.08183878721166234,0.1439259348886679,21,21,paired difference with outcome-cluster percentile bootstrap,could,6,False,remove detected cue occurrences from AIO predictions; retain a sentence if another detected cue remains,0.029035213590431548,1.0408340855860843e-17
contextual_hedging,detected_cue_removed,hedged_sentence_rate,Gender Identity,Minority - People,0.04029427481808434,-0.025348426806760138,0.10303605901820188,21,21,paired difference with outcome-cluster percentile bootstrap,could,6,False,remove detected cue occurrences from AIO predictions; retain a sentence if another detected cue remains,0.04029427481808435,-6.938893903907228e-18
contextual_hedging,detected_cue_removed,hedged_sentence_rate,Gender Identity,Majority - People,0.010848000509654641,-0.03672925193366923,0.05577192179165864,21,21,paired difference with outcome-cluster percentile bootstrap,could,6,False,remove detected cue occurrences from AIO predictions; retain a sentence if another detected cue remains,0.010848000509654652,-1.0408340855860843e-17
contextual_hedging,detected_cue_removed,hedged_sentence_rate,Gender Identity,Minority - Majority,0.0294462743084297,-0.028176665762818635,0.08376714132666514,21,21,paired difference with outcome-cluster percentile bootstrap,could,6,False,remove detected cue occurrences from AIO predictions; retain a sentence if another detected cue remains,0.0294462743084297,0.0
contextual_hedging,detected_cue_removed,hedged_sentence_rate,Race,Minority - People,0.029212182971581468,-0.05078752944354447,0.10691345839137197,21,21,paired difference with outcome-cluster percentile bootstrap,appear,4,False,remove detected cue occurrences from AIO predictions; retain a sentence if another detected cue remains,0.029212182971581478,-1.0408340855860843e-17
contextual_hedging,detected_cue_removed,hedged_sentence_rate,Race,Majority - People,0.03366132961997624,-0.027265797416173364,0.089310471274757,21,21,paired difference with outcome-cluster percentile bootstrap,appear,4,False,remove detected cue occurrences from AIO predictions; retain a sentence if another detected cue remains,0.03616759528413665,-0.002506265664160408
contextual_hedging,detected_cue_removed,hedged_sentence_rate,Race,Minority - Majority,-0.004449146648394774,-0.08516587622555669,0.07276493269679364,21,21,paired difference with outcome-cluster percentile bootstrap,appear,4,False,remove detected cue occurrences from AIO predictions; retain a sentence if another detected cue remains,-0.006955412312555172,0.0025062656641603983
contextual_hedging,detected_cue_removed,hedged_sentence_rate,Ethnicity,Minority - People,0.021055376307477145,-0.032814448234616295,0.07514400680629672,21,21,paired difference with outcome-cluster percentile bootstrap,appear,4,False,remove detected cue occurrences from AIO predictions; retain a sentence if another detected cue remains,0.021055376307477152,-6.938893903907228e-18
contextual_hedging,detected_cue_removed,hedged_sentence_rate,Ethnicity,Majority - People,-0.01777179413457609,-0.07619838073198035,0.04504839245793193,21,21,paired difference with outcome-cluster percentile bootstrap,appear,4,False,remove detected cue occurrences from AIO predictions; retain a sentence if another detected cue remains,-0.017771794134576076,-1.3877787807814457e-17
contextual_hedging,detected_cue_removed,hedged_sentence_rate,Ethnicity,Minority - Majority,0.038827170442053235,-0.02503679428719511,0.09169392232417449,21,21,paired difference with outcome-cluster percentile bootstrap,appear,4,False,remove detected cue occurrences from AIO predictions; retain a sentence if another detected cue remains,0.03882717044205323,6.938893903907228e-18
contextual_hedging,detected_cue_removed,hedged_sentence_rate,Gender,Minority - People,0.09679180033217301,0.03749274224740063,0.16256835133465566,21,21,paired difference with outcome-cluster percentile bootstrap,appear,4,False,remove detected cue occurrences from AIO predictions; retain a sentence if another detected cue remains,0.09679180033217301,0.0
contextual_hedging,detected_cue_removed,hedged_sentence_rate,Gender,Majority - People,0.0792282180937643,0.009483051184731852,0.1455621742675314,21,21,paired difference with outcome-cluster percentile bootstrap,appear,4,False,remove detected cue occurrences from AIO predictions; retain a sentence if another detected cue remains,0.0792282180937643,0.0
contextual_hedging,detected_cue_removed,hedged_sentence_rate,Gender,Minority - Majority,0.017563582238408686,-0.0648677401790756,0.09955256416103146,21,21,paired difference with outcome-cluster percentile bootstrap,appear,4,False,remove detected cue occurrences from AIO predictions; retain a sentence if another detected cue remains,0.017563582238408697,-1.0408340855860843e-17
contextual_hedging,detected_cue_removed,hedged_sentence_rate,Disability,Minority - People,0.0069788676931533955,-0.06917683011433012,0.08855046408617848,21,21,paired difference with outcome-cluster percentile bootstrap,appear,4,False,remove detected cue occurrences from AIO predictions; retain a sentence if another detected cue remains,0.006978867693153413,-1.734723475976807e-17
contextual_hedging,detected_cue_removed,hedged_sentence_rate,Disability,Majority - People,0.01631434911510099,-0.04318008623929677,0.07015507310150165,21,21,paired difference with outcome-cluster percentile bootstrap,appear,4,False,remove detected cue occurrences from AIO predictions; retain a sentence if another detected cue remains,0.016314349115101,-1.0408340855860843e-17
contextual_hedging,detected_cue_removed,hedged_sentence_rate,Disability,Minority - Majority,-0.009335481421947595,-0.09030169896241325,0.07747841939806226,21,21,paired difference with outcome-cluster percentile bootstrap,appear,4,False,remove detected cue occurrences from AIO predictions; retain a sentence if another detected cue remains,-0.009335481421947582,-1.214306433183765e-17
contextual_hedging,detected_cue_removed,hedged_sentence_rate,Sexual Orientation,Minority - People,0.06288154324421462,-0.029238381260163662,0.15405330740953807,21,21,paired difference with outcome-cluster percentile bootstrap,appear,4,False,remove detected cue occurrences from AIO predictions; retain a sentence if another detected cue remains,0.0668497972124686,-0.003968253968253982
contextual_hedging,detected_cue_removed,hedged_sentence_rate,Sexual Orientation,Majority - People,0.03781458362203703,-0.04797632340916501,0.12896362214102902,21,21,paired difference with outcome-cluster percentile bootstrap,appear,4,False,remove detected cue occurrences from AIO predictions; retain a sentence if another detected cue remains,0.037814583622037046,-1.3877787807814457e-17
contextual_hedging,detected_cue_removed,hedged_sentence_rate,Sexual Orientation,Minority - Majority,0.025066959622177594,-0.08466517724281701,0.1387797558272338,21,21,paired difference with outcome-cluster percentile bootstrap,appear,4,False,remove detected cue occurrences from AIO predictions; retain a sentence if another detected cue remains,0.029035213590431548,-0.003968253968253954
contextual_hedging,detected_cue_removed,hedged_sentence_rate,Gender Identity,Minority - People,0.04029427481808434,-0.025348426806760138,0.10303605901820188,21,21,paired difference with outcome-cluster percentile bootstrap,appear,4,False,remove detected cue occurrences from AIO predictions; retain a sentence if another detected cue remains,0.04029427481808435,-6.938893903907228e-18
contextual_hedging,detected_cue_removed,hedged_sentence_rate,Gender Identity,Majority - People,0.005556995218649348,-0.04014221958770832,0.050798257628614764,21,21,paired difference with outcome-cluster percentile bootstrap,appear,4,False,remove detected cue occurrences from AIO predictions; retain a sentence if another detected cue remains,0.010848000509654652,-0.005291005291005304
contextual_hedging,detected_cue_removed,hedged_sentence_rate,Gender Identity,Minority - Majority,0.03473727959943499,-0.019553292565510597,0.08519246971627924,21,21,paired difference with outcome-cluster percentile bootstrap,appear,4,False,remove detected cue occurrences from AIO predictions; retain a sentence if another detected cue remains,0.0294462743084297,0.005291005291005291
contextual_hedging,detected_cue_removed,hedged_sentence_rate,Race,Minority - People,0.029212182971581468,-0.05078752944354447,0.10691345839137197,21,21,paired difference with outcome-cluster percentile bootstrap,that,4,False,remove detected cue occurrences from AIO predictions; retain a sentence if another detected cue remains,0.029212182971581478,-1.0408340855860843e-17
contextual_hedging,detected_cue_removed,hedged_sentence_rate,Race,Majority - People,0.018707277823819174,-0.03610153674298413,0.07412471439727082,21,21,paired difference with outcome-cluster percentile bootstrap,that,4,False,remove detected cue occurrences from AIO predictions; retain a sentence if another detected cue remains,0.03616759528413665,-0.017460317460317475
contextual_hedging,detected_cue_removed,hedged_sentence_rate,Race,Minority - Majority,0.010504905147762287,-0.06904429069607641,0.0845953700817423,21,21,paired difference with outcome-cluster percentile bootstrap,that,4,False,remove detected cue occurrences from AIO predictions; retain a sentence if another detected cue remains,-0.006955412312555172,0.01746031746031746
contextual_hedging,detected_cue_removed,hedged_sentence_rate,Ethnicity,Minority - People,0.021055376307477145,-0.032814448234616295,0.07514400680629672,21,21,paired difference with outcome-cluster percentile bootstrap,that,4,False,remove detected cue occurrences from AIO predictions; retain a sentence if another detected cue remains,0.021055376307477152,-6.938893903907228e-18
contextual_hedging,detected_cue_removed,hedged_sentence_rate,Ethnicity,Majority - People,-0.01777179413457609,-0.07619838073198035,0.04504839245793193,21,21,paired difference with outcome-cluster percentile bootstrap,that,4,False,remove detected cue occurrences from AIO predictions; retain a sentence if another detected cue remains,-0.017771794134576076,-1.3877787807814457e-17
contextual_hedging,detected_cue_removed,hedged_sentence_rate,Ethnicity,Minority - Majority,0.038827170442053235,-0.02503679428719511,0.09169392232417449,21,21,paired difference with outcome-cluster percentile bootstrap,that,4,False,remove detected cue occurrences from AIO predictions; retain a sentence if another detected cue remains,0.03882717044205323,6.938893903907228e-18
contextual_hedging,detected_cue_removed,hedged_sentence_rate,Gender,Minority - People,0.09679180033217301,0.03749274224740063,0.16256835133465566,21,21,paired difference with outcome-cluster percentile bootstrap,that,4,False,remove detected cue occurrences from AIO predictions; retain a sentence if another detected cue remains,0.09679180033217301,0.0
contextual_hedging,detected_cue_removed,hedged_sentence_rate,Gender,Majority - People,0.0792282180937643,0.009483051184731852,0.1455621742675314,21,21,paired difference with outcome-cluster percentile bootstrap,that,4,False,remove detected cue occurrences from AIO predictions; retain a sentence if another detected cue remains,0.0792282180937643,0.0
contextual_hedging,detected_cue_removed,hedged_sentence_rate,Gender,Minority - Majority,0.017563582238408686,-0.0648677401790756,0.09955256416103146,21,21,paired difference with outcome-cluster percentile bootstrap,that,4,False,remove detected cue occurrences from AIO predictions; retain a sentence if another detected cue remains,0.017563582238408697,-1.0408340855860843e-17
contextual_hedging,detected_cue_removed,hedged_sentence_rate,Disability,Minority - People,0.0069788676931533955,-0.06917683011433012,0.08855046408617848,21,21,paired difference with outcome-cluster percentile bootstrap,that,4,False,remove detected cue occurrences from AIO predictions; retain a sentence if another detected cue remains,0.006978867693153413,-1.734723475976807e-17
contextual_hedging,detected_cue_removed,hedged_sentence_rate,Disability,Majority - People,0.01631434911510099,-0.04318008623929677,0.07015507310150165,21,21,paired difference with outcome-cluster percentile bootstrap,that,4,False,remove detected cue occurrences from AIO predictions; retain a sentence if another detected cue remains,0.016314349115101,-1.0408340855860843e-17
contextual_hedging,detected_cue_removed,hedged_sentence_rate,Disability,Minority - Majority,-0.009335481421947595,-0.09030169896241325,0.07747841939806226,21,21,paired difference with outcome-cluster percentile bootstrap,that,4,False,remove detected cue occurrences from AIO predictions; retain a sentence if another detected cue remains,-0.009335481421947582,-1.214306433183765e-17
contextual_hedging,detected_cue_removed,hedged_sentence_rate,Sexual Orientation,Minority - People,0.0668497972124686,-0.0244627194516624,0.15838367553192298,21,21,paired difference with outcome-cluster percentile bootstrap,that,4,False,remove detected cue occurrences from AIO predictions; retain a sentence if another detected cue remains,0.0668497972124686,0.0
contextual_hedging,detected_cue_removed,hedged_sentence_rate,Sexual Orientation,Majority - People,0.03781458362203703,-0.04797632340916501,0.12896362214102902,21,21,paired difference with outcome-cluster percentile bootstrap,that,4,False,remove detected cue occurrences from AIO predictions; retain a sentence if another detected cue remains,0.037814583622037046,-1.3877787807814457e-17
contextual_hedging,detected_cue_removed,hedged_sentence_rate,Sexual Orientation,Minority - Majority,0.02903521359043156,-0.08183878721166234,0.1439259348886679,21,21,paired difference with outcome-cluster percentile bootstrap,that,4,False,remove detected cue occurrences from AIO predictions; retain a sentence if another detected cue remains,0.029035213590431548,1.0408340855860843e-17
contextual_hedging,detected_cue_removed,hedged_sentence_rate,Gender Identity,Minority - People,0.035965270489080006,-0.028374598225788708,0.0987198930204883,21,21,paired difference with outcome-cluster percentile bootstrap,that,4,False,remove detected cue occurrences from AIO predictions; retain a sentence if another detected cue remains,0.04029427481808435,-0.004329004329004342
contextual_hedging,detected_cue_removed,hedged_sentence_rate,Gender Identity,Majority - People,0.010848000509654641,-0.03672925193366923,0.05577192179165864,21,21,paired difference with outcome-cluster percentile bootstrap,that,4,False,remove detected cue occurrences from AIO predictions; retain a sentence if another detected cue remains,0.010848000509654652,-1.0408340855860843e-17
contextual_hedging,detected_cue_removed,hedged_sentence_rate,Gender Identity,Minority - Majority,0.02511726997942537,-0.03128448844614257,0.07806468663611522,21,21,paired difference with outcome-cluster percentile bootstrap,that,4,False,remove detected cue occurrences from AIO predictions; retain a sentence if another detected cue remains,0.0294462743084297,-0.004329004329004332
contextual_hedging,detected_cue_removed,hedged_sentence_rate,Race,Minority - People,0.024883178642577133,-0.05523596790984008,0.10355597244929955,21,21,paired difference with outcome-cluster percentile bootstrap,suggest,4,False,remove detected cue occurrences from AIO predictions; retain a sentence if another detected cue remains,0.029212182971581478,-0.0043290043290043455
contextual_hedging,detected_cue_removed,hedged_sentence_rate,Race,Majority - People,0.03616759528413664,-0.02155023965174341,0.08977982465529458,21,21,paired difference with outcome-cluster percentile bootstrap,suggest,4,False,remove detected cue occurrences from AIO predictions; retain a sentence if another detected cue remains,0.03616759528413665,-6.938893903907228e-18
contextual_hedging,detected_cue_removed,hedged_sentence_rate,Race,Minority - Majority,-0.011284416641559502,-0.092380194036679,0.0654819287855002,21,21,paired difference with outcome-cluster percentile bootstrap,suggest,4,False,remove detected cue occurrences from AIO predictions; retain a sentence if another detected cue remains,-0.006955412312555172,-0.00432900432900433
contextual_hedging,detected_cue_removed,hedged_sentence_rate,Ethnicity,Minority - People,0.018254255859297873,-0.03462691273090433,0.07134965582969784,21,21,paired difference with outcome-cluster percentile bootstrap,suggest,4,False,remove detected cue occurrences from AIO predictions; retain a sentence if another detected cue remains,0.021055376307477152,-0.002801120448179279
contextual_hedging,detected_cue_removed,hedged_sentence_rate,Ethnicity,Majority - People,-0.01777179413457609,-0.07619838073198035,0.04504839245793193,21,21,paired difference with outcome-cluster percentile bootstrap,suggest,4,False,remove detected cue occurrences from AIO predictions; retain a sentence if another detected cue remains,-0.017771794134576076,-1.3877787807814457e-17
contextual_hedging,detected_cue_removed,hedged_sentence_rate,Ethnicity,Minority - Majority,0.03602604999387397,-0.0272370379724703,0.08758699629097133,21,21,paired difference with outcome-cluster percentile bootstrap,suggest,4,False,remove detected cue occurrences from AIO predictions; retain a sentence if another detected cue remains,0.03882717044205323,-0.0028011204481792618
contextual_hedging,detected_cue_removed,hedged_sentence_rate,Gender,Minority - People,0.09679180033217301,0.03749274224740063,0.16256835133465566,21,21,paired difference with outcome-cluster percentile bootstrap,suggest,4,False,remove detected cue occurrences from AIO predictions; retain a sentence if another detected cue remains,0.09679180033217301,0.0
contextual_hedging,detected_cue_removed,hedged_sentence_rate,Gender,Majority - People,0.07489921376475997,0.006108176856601222,0.14105759582387734,21,21,paired difference with outcome-cluster percentile bootstrap,suggest,4,False,remove detected cue occurrences from AIO predictions; retain a sentence if another detected cue remains,0.0792282180937643,-0.004329004329004335
contextual_hedging,detected_cue_removed,hedged_sentence_rate,Gender,Minority - Majority,0.021892586567413014,-0.06119608525312763,0.10394432338997554,21,21,paired difference with outcome-cluster percentile bootstrap,suggest,4,False,remove detected cue occurrences from AIO predictions; retain a sentence if another detected cue remains,0.017563582238408697,0.004329004329004318
contextual_hedging,detected_cue_removed,hedged_sentence_rate,Disability,Minority - People,0.0069788676931533955,-0.06917683011433012,0.08855046408617848,21,21,paired difference with outcome-cluster percentile bootstrap,suggest,4,False,remove detected cue occurrences from AIO predictions; retain a sentence if another detected cue remains,0.006978867693153413,-1.734723475976807e-17
contextual_hedging,detected_cue_removed,hedged_sentence_rate,Disability,Majority - People,0.01631434911510099,-0.04318008623929677,0.07015507310150165,21,21,paired difference with outcome-cluster percentile bootstrap,suggest,4,False,remove detected cue occurrences from AIO predictions; retain a sentence if another detected cue remains,0.016314349115101,-1.0408340855860843e-17
contextual_hedging,detected_cue_removed,hedged_sentence_rate,Disability,Minority - Majority,-0.009335481421947595,-0.09030169896241325,0.07747841939806226,21,21,paired difference with outcome-cluster percentile bootstrap,suggest,4,False,remove detected cue occurrences from AIO predictions; retain a sentence if another detected cue remains,-0.009335481421947582,-1.214306433183765e-17
contextual_hedging,detected_cue_removed,hedged_sentence_rate,Sexual Orientation,Minority - People,0.0668497972124686,-0.0244627194516624,0.15838367553192298,21,21,paired difference with outcome-cluster percentile bootstrap,suggest,4,False,remove detected cue occurrences from AIO predictions; retain a sentence if another detected cue remains,0.0668497972124686,0.0
contextual_hedging,detected_cue_removed,hedged_sentence_rate,Sexual Orientation,Majority - People,0.03781458362203703,-0.04797632340916501,0.12896362214102902,21,21,paired difference with outcome-cluster percentile bootstrap,suggest,4,False,remove detected cue occurrences from AIO predictions; retain a sentence if another detected cue remains,0.037814583622037046,-1.3877787807814457e-17
contextual_hedging,detected_cue_removed,hedged_sentence_rate,Sexual Orientation,Minority - Majority,0.02903521359043156,-0.08183878721166234,0.1439259348886679,21,21,paired difference with outcome-cluster percentile bootstrap,suggest,4,False,remove detected cue occurrences from AIO predictions; retain a sentence if another detected cue remains,0.029035213590431548,1.0408340855860843e-17
contextual_hedging,detected_cue_removed,hedged_sentence_rate,Gender Identity,Minority - People,0.04029427481808434,-0.025348426806760138,0.10303605901820188,21,21,paired difference with outcome-cluster percentile bootstrap,suggest,4,False,remove detected cue occurrences from AIO predictions; retain a sentence if another detected cue remains,0.04029427481808435,-6.938893903907228e-18
contextual_hedging,detected_cue_removed,hedged_sentence_rate,Gender Identity,Majority - People,0.010848000509654641,-0.03672925193366923,0.05577192179165864,21,21,paired difference with outcome-cluster percentile bootstrap,suggest,4,False,remove detected cue occurrences from AIO predictions; retain a sentence if another detected cue remains,0.010848000509654652,-1.0408340855860843e-17
contextual_hedging,detected_cue_removed,hedged_sentence_rate,Gender Identity,Minority - Majority,0.0294462743084297,-0.028176665762818635,0.08376714132666514,21,21,paired difference with outcome-cluster percentile bootstrap,suggest,4,False,remove detected cue occurrences from AIO predictions; retain a sentence if another detected cue remains,0.0294462743084297,0.0
contextual_hedging,detected_cue_removed,hedged_sentence_rate,Race,Minority - People,0.029212182971581468,-0.05078752944354447,0.10691345839137197,21,21,paired difference with outcome-cluster percentile bootstrap,or if,3,False,remove detected cue occurrences from AIO predictions; retain a sentence if another detected cue remains,0.029212182971581478,-1.0408340855860843e-17
contextual_hedging,detected_cue_removed,hedged_sentence_rate,Race,Majority - People,0.03616759528413664,-0.02155023965174341,0.08977982465529458,21,21,paired difference with outcome-cluster percentile bootstrap,or if,3,False,remove detected cue occurrences from AIO predictions; retain a sentence if another detected cue remains,0.03616759528413665,-6.938893903907228e-18
contextual_hedging,detected_cue_removed,hedged_sentence_rate,Race,Minority - Majority,-0.006955412312555177,-0.08931605396830962,0.07100700703849204,21,21,paired difference with outcome-cluster percentile bootstrap,or if,3,False,remove detected cue occurrences from AIO predictions; retain a sentence if another detected cue remains,-0.006955412312555172,-5.204170427930421e-18
contextual_hedging,detected_cue_removed,hedged_sentence_rate,Ethnicity,Minority - People,0.021055376307477145,-0.032814448234616295,0.07514400680629672,21,21,paired difference with outcome-cluster percentile bootstrap,or if,3,False,remove detected cue occurrences from AIO predictions; retain a sentence if another detected cue remains,0.021055376307477152,-6.938893903907228e-18
contextual_hedging,detected_cue_removed,hedged_sentence_rate,Ethnicity,Majority - People,-0.01777179413457609,-0.07619838073198035,0.04504839245793193,21,21,paired difference with outcome-cluster percentile bootstrap,or if,3,False,remove detected cue occurrences from AIO predictions; retain a sentence if another detected cue remains,-0.017771794134576076,-1.3877787807814457e-17
contextual_hedging,detected_cue_removed,hedged_sentence_rate,Ethnicity,Minority - Majority,0.038827170442053235,-0.02503679428719511,0.09169392232417449,21,21,paired difference with outcome-cluster percentile bootstrap,or if,3,False,remove detected cue occurrences from AIO predictions; retain a sentence if another detected cue remains,0.03882717044205323,6.938893903907228e-18
contextual_hedging,detected_cue_removed,hedged_sentence_rate,Gender,Minority - People,0.09679180033217301,0.03749274224740063,0.16256835133465566,21,21,paired difference with outcome-cluster percentile bootstrap,or if,3,False,remove detected cue occurrences from AIO predictions; retain a sentence if another detected cue remains,0.09679180033217301,0.0
contextual_hedging,detected_cue_removed,hedged_sentence_rate,Gender,Majority - People,0.0792282180937643,0.009483051184731852,0.1455621742675314,21,21,paired difference with outcome-cluster percentile bootstrap,or if,3,False,remove detected cue occurrences from AIO predictions; retain a sentence if another detected cue remains,0.0792282180937643,0.0
contextual_hedging,detected_cue_removed,hedged_sentence_rate,Gender,Minority - Majority,0.017563582238408686,-0.0648677401790756,0.09955256416103146,21,21,paired difference with outcome-cluster percentile bootstrap,or if,3,False,remove detected cue occurrences from AIO predictions; retain a sentence if another detected cue remains,0.017563582238408697,-1.0408340855860843e-17
contextual_hedging,detected_cue_removed,hedged_sentence_rate,Disability,Minority - People,0.0069788676931533955,-0.06917683011433012,0.08855046408617848,21,21,paired difference with outcome-cluster percentile bootstrap,or if,3,False,remove detected cue occurrences from AIO predictions; retain a sentence if another detected cue remains,0.006978867693153413,-1.734723475976807e-17
contextual_hedging,detected_cue_removed,hedged_sentence_rate,Disability,Majority - People,0.012346095146847022,-0.0468841411651562,0.0673555858823716,21,21,paired difference with outcome-cluster percentile bootstrap,or if,3,False,remove detected cue occurrences from AIO predictions; retain a sentence if another detected cue remains,0.016314349115101,-0.0039682539682539784
contextual_hedging,detected_cue_removed,hedged_sentence_rate,Disability,Minority - Majority,-0.005367227453693625,-0.08699554292129479,0.08175763511759751,21,21,paired difference with outcome-cluster percentile bootstrap,or if,3,False,remove detected cue occurrences from AIO predictions; retain a sentence if another detected cue remains,-0.009335481421947582,0.003968253968253958
contextual_hedging,detected_cue_removed,hedged_sentence_rate,Sexual Orientation,Minority - People,0.0668497972124686,-0.0244627194516624,0.15838367553192298,21,21,paired difference with outcome-cluster percentile bootstrap,or if,3,False,remove detected cue occurrences from AIO predictions; retain a sentence if another detected cue remains,0.0668497972124686,0.0
contextual_hedging,detected_cue_removed,hedged_sentence_rate,Sexual Orientation,Majority - People,0.03781458362203703,-0.04797632340916501,0.12896362214102902,21,21,paired difference with outcome-cluster percentile bootstrap,or if,3,False,remove detected cue occurrences from AIO predictions; retain a sentence if another detected cue remains,0.037814583622037046,-1.3877787807814457e-17
contextual_hedging,detected_cue_removed,hedged_sentence_rate,Sexual Orientation,Minority - Majority,0.02903521359043156,-0.08183878721166234,0.1439259348886679,21,21,paired difference with outcome-cluster percentile bootstrap,or if,3,False,remove detected cue occurrences from AIO predictions; retain a sentence if another detected cue remains,0.029035213590431548,1.0408340855860843e-17
contextual_hedging,detected_cue_removed,hedged_sentence_rate,Gender Identity,Minority - People,0.04029427481808434,-0.025348426806760138,0.10303605901820188,21,21,paired difference with outcome-cluster percentile bootstrap,or if,3,False,remove detected cue occurrences from AIO predictions; retain a sentence if another detected cue remains,0.04029427481808435,-6.938893903907228e-18
contextual_hedging,detected_cue_removed,hedged_sentence_rate,Gender Identity,Majority - People,0.010848000509654641,-0.03672925193366923,0.05577192179165864,21,21,paired difference with outcome-cluster percentile bootstrap,or if,3,False,remove detected cue occurrences from AIO predictions; retain a sentence if another detected cue remains,0.010848000509654652,-1.0408340855860843e-17
contextual_hedging,detected_cue_removed,hedged_sentence_rate,Gender Identity,Minority - Majority,0.0294462743084297,-0.028176665762818635,0.08376714132666514,21,21,paired difference with outcome-cluster percentile bootstrap,or if,3,False,remove detected cue occurrences from AIO predictions; retain a sentence if another detected cue remains,0.0294462743084297,0.0
contextual_hedging,detected_cue_removed,hedged_sentence_rate,Race,Minority - People,0.029212182971581468,-0.05078752944354447,0.10691345839137197,21,21,paired difference with outcome-cluster percentile bootstrap,must,3,False,remove detected cue occurrences from AIO predictions; retain a sentence if another detected cue remains,0.029212182971581478,-1.0408340855860843e-17
contextual_hedging,detected_cue_removed,hedged_sentence_rate,Race,Majority - People,0.03616759528413664,-0.02155023965174341,0.08977982465529458,21,21,paired difference with outcome-cluster percentile bootstrap,must,3,False,remove detected cue occurrences from AIO predictions; retain a sentence if another detected cue remains,0.03616759528413665,-6.938893903907228e-18
contextual_hedging,detected_cue_removed,hedged_sentence_rate,Race,Minority - Majority,-0.006955412312555177,-0.08931605396830962,0.07100700703849204,21,21,paired difference with outcome-cluster percentile bootstrap,must,3,False,remove detected cue occurrences from AIO predictions; retain a sentence if another detected cue remains,-0.006955412312555172,-5.204170427930421e-18
contextual_hedging,detected_cue_removed,hedged_sentence_rate,Ethnicity,Minority - People,0.021055376307477145,-0.032814448234616295,0.07514400680629672,21,21,paired difference with outcome-cluster percentile bootstrap,must,3,False,remove detected cue occurrences from AIO predictions; retain a sentence if another detected cue remains,0.021055376307477152,-6.938893903907228e-18
contextual_hedging,detected_cue_removed,hedged_sentence_rate,Ethnicity,Majority - People,-0.01777179413457609,-0.07619838073198035,0.04504839245793193,21,21,paired difference with outcome-cluster percentile bootstrap,must,3,False,remove detected cue occurrences from AIO predictions; retain a sentence if another detected cue remains,-0.017771794134576076,-1.3877787807814457e-17
contextual_hedging,detected_cue_removed,hedged_sentence_rate,Ethnicity,Minority - Majority,0.038827170442053235,-0.02503679428719511,0.09169392232417449,21,21,paired difference with outcome-cluster percentile bootstrap,must,3,False,remove detected cue occurrences from AIO predictions; retain a sentence if another detected cue remains,0.03882717044205323,6.938893903907228e-18
contextual_hedging,detected_cue_removed,hedged_sentence_rate,Gender,Minority - People,0.09679180033217301,0.03749274224740063,0.16256835133465566,21,21,paired difference with outcome-cluster percentile bootstrap,must,3,False,remove detected cue occurrences from AIO predictions; retain a sentence if another detected cue remains,0.09679180033217301,0.0
contextual_hedging,detected_cue_removed,hedged_sentence_rate,Gender,Majority - People,0.0792282180937643,0.009483051184731852,0.1455621742675314,21,21,paired difference with outcome-cluster percentile bootstrap,must,3,False,remove detected cue occurrences from AIO predictions; retain a sentence if another detected cue remains,0.0792282180937643,0.0
contextual_hedging,detected_cue_removed,hedged_sentence_rate,Gender,Minority - Majority,0.017563582238408686,-0.0648677401790756,0.09955256416103146,21,21,paired difference with outcome-cluster percentile bootstrap,must,3,False,remove detected cue occurrences from AIO predictions; retain a sentence if another detected cue remains,0.017563582238408697,-1.0408340855860843e-17
contextual_hedging,detected_cue_removed,hedged_sentence_rate,Disability,Minority - People,0.0069788676931533955,-0.06917683011433012,0.08855046408617848,21,21,paired difference with outcome-cluster percentile bootstrap,must,3,False,remove detected cue occurrences from AIO predictions; retain a sentence if another detected cue remains,0.006978867693153413,-1.734723475976807e-17
contextual_hedging,detected_cue_removed,hedged_sentence_rate,Disability,Majority - People,0.011023343824095701,-0.05091935859323077,0.06676265037872181,21,21,paired difference with outcome-cluster percentile bootstrap,must,3,False,remove detected cue occurrences from AIO predictions; retain a sentence if another detected cue remains,0.016314349115101,-0.005291005291005299
contextual_hedging,detected_cue_removed,hedged_sentence_rate,Disability,Minority - Majority,-0.004044476130942301,-0.08316149667653425,0.08147986186050095,21,21,paired difference with outcome-cluster percentile bootstrap,must,3,False,remove detected cue occurrences from AIO predictions; retain a sentence if another detected cue remains,-0.009335481421947582,0.005291005291005281
contextual_hedging,detected_cue_removed,hedged_sentence_rate,Sexual Orientation,Minority - People,0.0668497972124686,-0.0244627194516624,0.15838367553192298,21,21,paired difference with outcome-cluster percentile bootstrap,must,3,False,remove detected cue occurrences from AIO predictions; retain a sentence if another detected cue remains,0.0668497972124686,0.0
contextual_hedging,detected_cue_removed,hedged_sentence_rate,Sexual Orientation,Majority - People,0.033485579293032704,-0.057094852898424336,0.12723594074719852,21,21,paired difference with outcome-cluster percentile bootstrap,must,3,False,remove detected cue occurrences from AIO predictions; retain a sentence if another detected cue remains,0.037814583622037046,-0.004329004329004342
contextual_hedging,detected_cue_removed,hedged_sentence_rate,Sexual Orientation,Minority - Majority,0.03336421791943588,-0.07877781987774442,0.14918184100685597,21,21,paired difference with outcome-cluster percentile bootstrap,must,3,False,remove detected cue occurrences from AIO predictions; retain a sentence if another detected cue remains,0.029035213590431548,0.004329004329004335
contextual_hedging,detected_cue_removed,hedged_sentence_rate,Gender Identity,Minority - People,0.04029427481808434,-0.025348426806760138,0.10303605901820188,21,21,paired difference with outcome-cluster percentile bootstrap,must,3,False,remove detected cue occurrences from AIO predictions; retain a sentence if another detected cue remains,0.04029427481808435,-6.938893903907228e-18
contextual_hedging,detected_cue_removed,hedged_sentence_rate,Gender Identity,Majority - People,0.010848000509654641,-0.03672925193366923,0.05577192179165864,21,21,paired difference with outcome-cluster percentile bootstrap,must,3,False,remove detected cue occurrences from AIO predictions; retain a sentence if another detected cue remains,0.010848000509654652,-1.0408340855860843e-17
contextual_hedging,detected_cue_removed,hedged_sentence_rate,Gender Identity,Minority - Majority,0.0294462743084297,-0.028176665762818635,0.08376714132666514,21,21,paired difference with outcome-cluster percentile bootstrap,must,3,False,remove detected cue occurrences from AIO predictions; retain a sentence if another detected cue remains,0.0294462743084297,0.0
contextual_hedging,detected_cue_removed,hedged_sentence_rate,Race,Minority - People,0.029212182971581468,-0.05078752944354447,0.10691345839137197,21,21,paired difference with outcome-cluster percentile bootstrap,potentially,3,False,remove detected cue occurrences from AIO predictions; retain a sentence if another detected cue remains,0.029212182971581478,-1.0408340855860843e-17
contextual_hedging,detected_cue_removed,hedged_sentence_rate,Race,Majority - People,0.03616759528413664,-0.02155023965174341,0.08977982465529458,21,21,paired difference with outcome-cluster percentile bootstrap,potentially,3,False,remove detected cue occurrences from AIO predictions; retain a sentence if another detected cue remains,0.03616759528413665,-6.938893903907228e-18
contextual_hedging,detected_cue_removed,hedged_sentence_rate,Race,Minority - Majority,-0.006955412312555177,-0.08931605396830962,0.07100700703849204,21,21,paired difference with outcome-cluster percentile bootstrap,potentially,3,False,remove detected cue occurrences from AIO predictions; retain a sentence if another detected cue remains,-0.006955412312555172,-5.204170427930421e-18
contextual_hedging,detected_cue_removed,hedged_sentence_rate,Ethnicity,Minority - People,0.021055376307477145,-0.032814448234616295,0.07514400680629672,21,21,paired difference with outcome-cluster percentile bootstrap,potentially,3,False,remove detected cue occurrences from AIO predictions; retain a sentence if another detected cue remains,0.021055376307477152,-6.938893903907228e-18
contextual_hedging,detected_cue_removed,hedged_sentence_rate,Ethnicity,Majority - People,-0.01777179413457609,-0.07619838073198035,0.04504839245793193,21,21,paired difference with outcome-cluster percentile bootstrap,potentially,3,False,remove detected cue occurrences from AIO predictions; retain a sentence if another detected cue remains,-0.017771794134576076,-1.3877787807814457e-17
contextual_hedging,detected_cue_removed,hedged_sentence_rate,Ethnicity,Minority - Majority,0.038827170442053235,-0.02503679428719511,0.09169392232417449,21,21,paired difference with outcome-cluster percentile bootstrap,potentially,3,False,remove detected cue occurrences from AIO predictions; retain a sentence if another detected cue remains,0.03882717044205323,6.938893903907228e-18
contextual_hedging,detected_cue_removed,hedged_sentence_rate,Gender,Minority - People,0.09679180033217301,0.03749274224740063,0.16256835133465566,21,21,paired difference with outcome-cluster percentile bootstrap,potentially,3,False,remove detected cue occurrences from AIO predictions; retain a sentence if another detected cue remains,0.09679180033217301,0.0
contextual_hedging,detected_cue_removed,hedged_sentence_rate,Gender,Majority - People,0.0792282180937643,0.009483051184731852,0.1455621742675314,21,21,paired difference with outcome-cluster percentile bootstrap,potentially,3,False,remove detected cue occurrences from AIO predictions; retain a sentence if another detected cue remains,0.0792282180937643,0.0
contextual_hedging,detected_cue_removed,hedged_sentence_rate,Gender,Minority - Majority,0.017563582238408686,-0.0648677401790756,0.09955256416103146,21,21,paired difference with outcome-cluster percentile bootstrap,potentially,3,False,remove detected cue occurrences from AIO predictions; retain a sentence if another detected cue remains,0.017563582238408697,-1.0408340855860843e-17
contextual_hedging,detected_cue_removed,hedged_sentence_rate,Disability,Minority - People,0.0069788676931533955,-0.06917683011433012,0.08855046408617848,21,21,paired difference with outcome-cluster percentile bootstrap,potentially,3,False,remove detected cue occurrences from AIO predictions; retain a sentence if another detected cue remains,0.006978867693153413,-1.734723475976807e-17
contextual_hedging,detected_cue_removed,hedged_sentence_rate,Disability,Majority - People,0.01631434911510099,-0.04318008623929677,0.07015507310150165,21,21,paired difference with outcome-cluster percentile bootstrap,potentially,3,False,remove detected cue occurrences from AIO predictions; retain a sentence if another detected cue remains,0.016314349115101,-1.0408340855860843e-17
contextual_hedging,detected_cue_removed,hedged_sentence_rate,Disability,Minority - Majority,-0.009335481421947595,-0.09030169896241325,0.07747841939806226,21,21,paired difference with outcome-cluster percentile bootstrap,potentially,3,False,remove detected cue occurrences from AIO predictions; retain a sentence if another detected cue remains,-0.009335481421947582,-1.214306433183765e-17
contextual_hedging,detected_cue_removed,hedged_sentence_rate,Sexual Orientation,Minority - People,0.0668497972124686,-0.0244627194516624,0.15838367553192298,21,21,paired difference with outcome-cluster percentile bootstrap,potentially,3,False,remove detected cue occurrences from AIO predictions; retain a sentence if another detected cue remains,0.0668497972124686,0.0
contextual_hedging,detected_cue_removed,hedged_sentence_rate,Sexual Orientation,Majority - People,0.03781458362203703,-0.04797632340916501,0.12896362214102902,21,21,paired difference with outcome-cluster percentile bootstrap,potentially,3,False,remove detected cue occurrences from AIO predictions; retain a sentence if another detected cue remains,0.037814583622037046,-1.3877787807814457e-17
contextual_hedging,detected_cue_removed,hedged_sentence_rate,Sexual Orientation,Minority - Majority,0.02903521359043156,-0.08183878721166234,0.1439259348886679,21,21,paired difference with outcome-cluster percentile bootstrap,potentially,3,False,remove detected cue occurrences from AIO predictions; retain a sentence if another detected cue remains,0.029035213590431548,1.0408340855860843e-17
contextual_hedging,detected_cue_removed,hedged_sentence_rate,Gender Identity,Minority - People,0.04029427481808434,-0.025348426806760138,0.10303605901820188,21,21,paired difference with outcome-cluster percentile bootstrap,potentially,3,False,remove detected cue occurrences from AIO predictions; retain a sentence if another detected cue remains,0.04029427481808435,-6.938893903907228e-18
contextual_hedging,detected_cue_removed,hedged_sentence_rate,Gender Identity,Majority - People,0.010848000509654641,-0.03672925193366923,0.05577192179165864,21,21,paired difference with outcome-cluster percentile bootstrap,potentially,3,False,remove detected cue occurrences from AIO predictions; retain a sentence if another detected cue remains,0.010848000509654652,-1.0408340855860843e-17
contextual_hedging,detected_cue_removed,hedged_sentence_rate,Gender Identity,Minority - Majority,0.0294462743084297,-0.028176665762818635,0.08376714132666514,21,21,paired difference with outcome-cluster percentile bootstrap,potentially,3,False,remove detected cue occurrences from AIO predictions; retain a sentence if another detected cue remains,0.0294462743084297,0.0
contextual_hedging,detected_cue_removed,hedged_sentence_rate,Race,Minority - People,0.029212182971581468,-0.05078752944354447,0.10691345839137197,21,21,paired difference with outcome-cluster percentile bootstrap,might,3,False,remove detected cue occurrences from AIO predictions; retain a sentence if another detected cue remains,0.029212182971581478,-1.0408340855860843e-17
contextual_hedging,detected_cue_removed,hedged_sentence_rate,Race,Majority - People,0.03616759528413664,-0.02155023965174341,0.08977982465529458,21,21,paired difference with outcome-cluster percentile bootstrap,might,3,False,remove detected cue occurrences from AIO predictions; retain a sentence if another detected cue remains,0.03616759528413665,-6.938893903907228e-18
contextual_hedging,detected_cue_removed,hedged_sentence_rate,Race,Minority - Majority,-0.006955412312555177,-0.08931605396830962,0.07100700703849204,21,21,paired difference with outcome-cluster percentile bootstrap,might,3,False,remove detected cue occurrences from AIO predictions; retain a sentence if another detected cue remains,-0.006955412312555172,-5.204170427930421e-18
contextual_hedging,detected_cue_removed,hedged_sentence_rate,Ethnicity,Minority - People,0.01807918583128667,-0.034883452798368755,0.07227567202094513,21,21,paired difference with outcome-cluster percentile bootstrap,might,3,False,remove detected cue occurrences from AIO predictions; retain a sentence if another detected cue remains,0.021055376307477152,-0.002976190476190483
contextual_hedging,detected_cue_removed,hedged_sentence_rate,Ethnicity,Majority - People,-0.01777179413457609,-0.07619838073198035,0.04504839245793193,21,21,paired difference with outcome-cluster percentile bootstrap,might,3,False,remove detected cue occurrences from AIO predictions; retain a sentence if another detected cue remains,-0.017771794134576076,-1.3877787807814457e-17
contextual_hedging,detected_cue_removed,hedged_sentence_rate,Ethnicity,Minority - Majority,0.03585097996586276,-0.02757894819226919,0.08913253442913992,21,21,paired difference with outcome-cluster percentile bootstrap,might,3,False,remove detected cue occurrences from AIO predictions; retain a sentence if another detected cue remains,0.03882717044205323,-0.0029761904761904656
contextual_hedging,detected_cue_removed,hedged_sentence_rate,Gender,Minority - People,0.09679180033217301,0.03749274224740063,0.16256835133465566,21,21,paired difference with outcome-cluster percentile bootstrap,might,3,False,remove detected cue occurrences from AIO predictions; retain a sentence if another detected cue remains,0.09679180033217301,0.0
contextual_hedging,detected_cue_removed,hedged_sentence_rate,Gender,Majority - People,0.0792282180937643,0.009483051184731852,0.1455621742675314,21,21,paired difference with outcome-cluster percentile bootstrap,might,3,False,remove detected cue occurrences from AIO predictions; retain a sentence if another detected cue remains,0.0792282180937643,0.0
contextual_hedging,detected_cue_removed,hedged_sentence_rate,Gender,Minority - Majority,0.017563582238408686,-0.0648677401790756,0.09955256416103146,21,21,paired difference with outcome-cluster percentile bootstrap,might,3,False,remove detected cue occurrences from AIO predictions; retain a sentence if another detected cue remains,0.017563582238408697,-1.0408340855860843e-17
contextual_hedging,detected_cue_removed,hedged_sentence_rate,Disability,Minority - People,0.0069788676931533955,-0.06917683011433012,0.08855046408617848,21,21,paired difference with outcome-cluster percentile bootstrap,might,3,False,remove detected cue occurrences from AIO predictions; retain a sentence if another detected cue remains,0.006978867693153413,-1.734723475976807e-17
contextual_hedging,detected_cue_removed,hedged_sentence_rate,Disability,Majority - People,0.01631434911510099,-0.04318008623929677,0.07015507310150165,21,21,paired difference with outcome-cluster percentile bootstrap,might,3,False,remove detected cue occurrences from AIO predictions; retain a sentence if another detected cue remains,0.016314349115101,-1.0408340855860843e-17
contextual_hedging,detected_cue_removed,hedged_sentence_rate,Disability,Minority - Majority,-0.009335481421947595,-0.09030169896241325,0.07747841939806226,21,21,paired difference with outcome-cluster percentile bootstrap,might,3,False,remove detected cue occurrences from AIO predictions; retain a sentence if another detected cue remains,-0.009335481421947582,-1.214306433183765e-17
contextual_hedging,detected_cue_removed,hedged_sentence_rate,Sexual Orientation,Minority - People,0.0668497972124686,-0.0244627194516624,0.15838367553192298,21,21,paired difference with outcome-cluster percentile bootstrap,might,3,False,remove detected cue occurrences from AIO predictions; retain a sentence if another detected cue remains,0.0668497972124686,0.0
contextual_hedging,detected_cue_removed,hedged_sentence_rate,Sexual Orientation,Majority - People,0.035547009925891916,-0.049991205884063035,0.12622805298853434,21,21,paired difference with outcome-cluster percentile bootstrap,might,3,False,remove detected cue occurrences from AIO predictions; retain a sentence if another detected cue remains,0.037814583622037046,-0.0022675736961451295
contextual_hedging,detected_cue_removed,hedged_sentence_rate,Sexual Orientation,Minority - Majority,0.03130278728657668,-0.08038700520498446,0.14715594380702643,21,21,paired difference with outcome-cluster percentile bootstrap,might,3,False,remove detected cue occurrences from AIO predictions; retain a sentence if another detected cue remains,0.029035213590431548,0.0022675736961451295
contextual_hedging,detected_cue_removed,hedged_sentence_rate,Gender Identity,Minority - People,0.04029427481808434,-0.025348426806760138,0.10303605901820188,21,21,paired difference with outcome-cluster percentile bootstrap,might,3,False,remove detected cue occurrences from AIO predictions; retain a sentence if another detected cue remains,0.04029427481808435,-6.938893903907228e-18
contextual_hedging,detected_cue_removed,hedged_sentence_rate,Gender Identity,Majority - People,0.009016498678152811,-0.038053980445897743,0.05415690356009905,21,21,paired difference with outcome-cluster percentile bootstrap,might,3,False,remove detected cue occurrences from AIO predictions; retain a sentence if another detected cue remains,0.010848000509654652,-0.0018315018315018406
contextual_hedging,detected_cue_removed,hedged_sentence_rate,Gender Identity,Minority - Majority,0.03127777613993153,-0.026871550659144632,0.08664023557977191,21,21,paired difference with outcome-cluster percentile bootstrap,might,3,False,remove detected cue occurrences from AIO predictions; retain a sentence if another detected cue remains,0.0294462743084297,0.001831501831501832
contextual_hedging,detected_cue_removed,hedged_sentence_rate,Race,Minority - People,0.029212182971581468,-0.05078752944354447,0.10691345839137197,21,21,paired difference with outcome-cluster percentile bootstrap,potential,3,False,remove detected cue occurrences from AIO predictions; retain a sentence if another detected cue remains,0.029212182971581478,-1.0408340855860843e-17
contextual_hedging,detected_cue_removed,hedged_sentence_rate,Race,Majority - People,0.03616759528413664,-0.02155023965174341,0.08977982465529458,21,21,paired difference with outcome-cluster percentile bootstrap,potential,3,False,remove detected cue occurrences from AIO predictions; retain a sentence if another detected cue remains,0.03616759528413665,-6.938893903907228e-18
contextual_hedging,detected_cue_removed,hedged_sentence_rate,Race,Minority - Majority,-0.006955412312555177,-0.08931605396830962,0.07100700703849204,21,21,paired difference with outcome-cluster percentile bootstrap,potential,3,False,remove detected cue occurrences from AIO predictions; retain a sentence if another detected cue remains,-0.006955412312555172,-5.204170427930421e-18
contextual_hedging,detected_cue_removed,hedged_sentence_rate,Ethnicity,Minority - People,0.021055376307477145,-0.032814448234616295,0.07514400680629672,21,21,paired difference with outcome-cluster percentile bootstrap,potential,3,False,remove detected cue occurrences from AIO predictions; retain a sentence if another detected cue remains,0.021055376307477152,-6.938893903907228e-18
contextual_hedging,detected_cue_removed,hedged_sentence_rate,Ethnicity,Majority - People,-0.01777179413457609,-0.07619838073198035,0.04504839245793193,21,21,paired difference with outcome-cluster percentile bootstrap,potential,3,False,remove detected cue occurrences from AIO predictions; retain a sentence if another detected cue remains,-0.017771794134576076,-1.3877787807814457e-17
contextual_hedging,detected_cue_removed,hedged_sentence_rate,Ethnicity,Minority - Majority,0.038827170442053235,-0.02503679428719511,0.09169392232417449,21,21,paired difference with outcome-cluster percentile bootstrap,potential,3,False,remove detected cue occurrences from AIO predictions; retain a sentence if another detected cue remains,0.03882717044205323,6.938893903907228e-18
contextual_hedging,detected_cue_removed,hedged_sentence_rate,Gender,Minority - People,0.09679180033217301,0.03749274224740063,0.16256835133465566,21,21,paired difference with outcome-cluster percentile bootstrap,potential,3,False,remove detected cue occurrences from AIO predictions; retain a sentence if another detected cue remains,0.09679180033217301,0.0
contextual_hedging,detected_cue_removed,hedged_sentence_rate,Gender,Majority - People,0.0792282180937643,0.009483051184731852,0.1455621742675314,21,21,paired difference with outcome-cluster percentile bootstrap,potential,3,False,remove detected cue occurrences from AIO predictions; retain a sentence if another detected cue remains,0.0792282180937643,0.0
contextual_hedging,detected_cue_removed,hedged_sentence_rate,Gender,Minority - Majority,0.017563582238408686,-0.0648677401790756,0.09955256416103146,21,21,paired difference with outcome-cluster percentile bootstrap,potential,3,False,remove detected cue occurrences from AIO predictions; retain a sentence if another detected cue remains,0.017563582238408697,-1.0408340855860843e-17
contextual_hedging,detected_cue_removed,hedged_sentence_rate,Disability,Minority - People,0.0069788676931533955,-0.06917683011433012,0.08855046408617848,21,21,paired difference with outcome-cluster percentile bootstrap,potential,3,False,remove detected cue occurrences from AIO predictions; retain a sentence if another detected cue remains,0.006978867693153413,-1.734723475976807e-17
contextual_hedging,detected_cue_removed,hedged_sentence_rate,Disability,Majority - People,0.01631434911510099,-0.04318008623929677,0.07015507310150165,21,21,paired difference with outcome-cluster percentile bootstrap,potential,3,False,remove detected cue occurrences from AIO predictions; retain a sentence if another detected cue remains,0.016314349115101,-1.0408340855860843e-17
contextual_hedging,detected_cue_removed,hedged_sentence_rate,Disability,Minority - Majority,-0.009335481421947595,-0.09030169896241325,0.07747841939806226,21,21,paired difference with outcome-cluster percentile bootstrap,potential,3,False,remove detected cue occurrences from AIO predictions; retain a sentence if another detected cue remains,-0.009335481421947582,-1.214306433183765e-17
contextual_hedging,detected_cue_removed,hedged_sentence_rate,Sexual Orientation,Minority - People,0.0668497972124686,-0.0244627194516624,0.15838367553192298,21,21,paired difference with outcome-cluster percentile bootstrap,potential,3,False,remove detected cue occurrences from AIO predictions; retain a sentence if another detected cue remains,0.0668497972124686,0.0
contextual_hedging,detected_cue_removed,hedged_sentence_rate,Sexual Orientation,Majority - People,0.03186220266965608,-0.050064328428070674,0.11655755002416492,21,21,paired difference with outcome-cluster percentile bootstrap,potential,3,False,remove detected cue occurrences from AIO predictions; retain a sentence if another detected cue remains,0.037814583622037046,-0.005952380952380966
contextual_hedging,detected_cue_removed,hedged_sentence_rate,Sexual Orientation,Minority - Majority,0.034987594542812514,-0.07078297251906226,0.14659218170135815,21,21,paired difference with outcome-cluster percentile bootstrap,potential,3,False,remove detected cue occurrences from AIO predictions; retain a sentence if another detected cue remains,0.029035213590431548,0.005952380952380966
contextual_hedging,detected_cue_removed,hedged_sentence_rate,Gender Identity,Minority - People,0.04029427481808434,-0.025348426806760138,0.10303605901820188,21,21,paired difference with outcome-cluster percentile bootstrap,potential,3,False,remove detected cue occurrences from AIO predictions; retain a sentence if another detected cue remains,0.04029427481808435,-6.938893903907228e-18
contextual_hedging,detected_cue_removed,hedged_sentence_rate,Gender Identity,Majority - People,0.006879746541400672,-0.0391462905654635,0.05046773984508947,21,21,paired difference with outcome-cluster percentile bootstrap,potential,3,False,remove detected cue occurrences from AIO predictions; retain a sentence if another detected cue remains,0.010848000509654652,-0.00396825396825398
contextual_hedging,detected_cue_removed,hedged_sentence_rate,Gender Identity,Minority - Majority,0.03341452827668367,-0.02528058036829966,0.08913830562640086,21,21,paired difference with outcome-cluster percentile bootstrap,potential,3,False,remove detected cue occurrences from AIO predictions; retain a sentence if another detected cue remains,0.0294462743084297,0.003968253968253968
contextual_hedging,detected_cue_removed,hedged_sentence_rate,Race,Minority - People,0.029212182971581468,-0.05078752944354447,0.10691345839137197,21,21,paired difference with outcome-cluster percentile bootstrap,approve,2,False,remove detected cue occurrences from AIO predictions; retain a sentence if another detected cue remains,0.029212182971581478,-1.0408340855860843e-17
contextual_hedging,detected_cue_removed,hedged_sentence_rate,Race,Majority - People,0.03616759528413664,-0.02155023965174341,0.08977982465529458,21,21,paired difference with outcome-cluster percentile bootstrap,approve,2,False,remove detected cue occurrences from AIO predictions; retain a sentence if another detected cue remains,0.03616759528413665,-6.938893903907228e-18
contextual_hedging,detected_cue_removed,hedged_sentence_rate,Race,Minority - Majority,-0.006955412312555177,-0.08931605396830962,0.07100700703849204,21,21,paired difference with outcome-cluster percentile bootstrap,approve,2,False,remove detected cue occurrences from AIO predictions; retain a sentence if another detected cue remains,-0.006955412312555172,-5.204170427930421e-18
contextual_hedging,detected_cue_removed,hedged_sentence_rate,Ethnicity,Minority - People,0.021055376307477145,-0.032814448234616295,0.07514400680629672,21,21,paired difference with outcome-cluster percentile bootstrap,approve,2,False,remove detected cue occurrences from AIO predictions; retain a sentence if another detected cue remains,0.021055376307477152,-6.938893903907228e-18
contextual_hedging,detected_cue_removed,hedged_sentence_rate,Ethnicity,Majority - People,-0.01777179413457609,-0.07619838073198035,0.04504839245793193,21,21,paired difference with outcome-cluster percentile bootstrap,approve,2,False,remove detected cue occurrences from AIO predictions; retain a sentence if another detected cue remains,-0.017771794134576076,-1.3877787807814457e-17
contextual_hedging,detected_cue_removed,hedged_sentence_rate,Ethnicity,Minority - Majority,0.038827170442053235,-0.02503679428719511,0.09169392232417449,21,21,paired difference with outcome-cluster percentile bootstrap,approve,2,False,remove detected cue occurrences from AIO predictions; retain a sentence if another detected cue remains,0.03882717044205323,6.938893903907228e-18
contextual_hedging,detected_cue_removed,hedged_sentence_rate,Gender,Minority - People,0.09679180033217301,0.03749274224740063,0.16256835133465566,21,21,paired difference with outcome-cluster percentile bootstrap,approve,2,False,remove detected cue occurrences from AIO predictions; retain a sentence if another detected cue remains,0.09679180033217301,0.0
contextual_hedging,detected_cue_removed,hedged_sentence_rate,Gender,Majority - People,0.0792282180937643,0.009483051184731852,0.1455621742675314,21,21,paired difference with outcome-cluster percentile bootstrap,approve,2,False,remove detected cue occurrences from AIO predictions; retain a sentence if another detected cue remains,0.0792282180937643,0.0
contextual_hedging,detected_cue_removed,hedged_sentence_rate,Gender,Minority - Majority,0.017563582238408686,-0.0648677401790756,0.09955256416103146,21,21,paired difference with outcome-cluster percentile bootstrap,approve,2,False,remove detected cue occurrences from AIO predictions; retain a sentence if another detected cue remains,0.017563582238408697,-1.0408340855860843e-17
contextual_hedging,detected_cue_removed,hedged_sentence_rate,Disability,Minority - People,0.0069788676931533955,-0.06917683011433012,0.08855046408617848,21,21,paired difference with outcome-cluster percentile bootstrap,approve,2,False,remove detected cue occurrences from AIO predictions; retain a sentence if another detected cue remains,0.006978867693153413,-1.734723475976807e-17
contextual_hedging,detected_cue_removed,hedged_sentence_rate,Disability,Majority - People,0.01631434911510099,-0.04318008623929677,0.07015507310150165,21,21,paired difference with outcome-cluster percentile bootstrap,approve,2,False,remove detected cue occurrences from AIO predictions; retain a sentence if another detected cue remains,0.016314349115101,-1.0408340855860843e-17
contextual_hedging,detected_cue_removed,hedged_sentence_rate,Disability,Minority - Majority,-0.009335481421947595,-0.09030169896241325,0.07747841939806226,21,21,paired difference with outcome-cluster percentile bootstrap,approve,2,False,remove detected cue occurrences from AIO predictions; retain a sentence if another detected cue remains,-0.009335481421947582,-1.214306433183765e-17
contextual_hedging,detected_cue_removed,hedged_sentence_rate,Sexual Orientation,Minority - People,0.0668497972124686,-0.0244627194516624,0.15838367553192298,21,21,paired difference with outcome-cluster percentile bootstrap,approve,2,False,remove detected cue occurrences from AIO predictions; retain a sentence if another detected cue remains,0.0668497972124686,0.0
contextual_hedging,detected_cue_removed,hedged_sentence_rate,Sexual Orientation,Majority - People,0.03781458362203703,-0.04797632340916501,0.12896362214102902,21,21,paired difference with outcome-cluster percentile bootstrap,approve,2,False,remove detected cue occurrences from AIO predictions; retain a sentence if another detected cue remains,0.037814583622037046,-1.3877787807814457e-17
contextual_hedging,detected_cue_removed,hedged_sentence_rate,Sexual Orientation,Minority - Majority,0.02903521359043156,-0.08183878721166234,0.1439259348886679,21,21,paired difference with outcome-cluster percentile bootstrap,approve,2,False,remove detected cue occurrences from AIO predictions; retain a sentence if another detected cue remains,0.029035213590431548,1.0408340855860843e-17
contextual_hedging,detected_cue_removed,hedged_sentence_rate,Gender Identity,Minority - People,0.04029427481808434,-0.025348426806760138,0.10303605901820188,21,21,paired difference with outcome-cluster percentile bootstrap,approve,2,False,remove detected cue occurrences from AIO predictions; retain a sentence if another detected cue remains,0.04029427481808435,-6.938893903907228e-18
contextual_hedging,detected_cue_removed,hedged_sentence_rate,Gender Identity,Majority - People,0.010848000509654641,-0.03672925193366923,0.05577192179165864,21,21,paired difference with outcome-cluster percentile bootstrap,approve,2,False,remove detected cue occurrences from AIO predictions; retain a sentence if another detected cue remains,0.010848000509654652,-1.0408340855860843e-17
contextual_hedging,detected_cue_removed,hedged_sentence_rate,Gender Identity,Minority - Majority,0.0294462743084297,-0.028176665762818635,0.08376714132666514,21,21,paired difference with outcome-cluster percentile bootstrap,approve,2,False,remove detected cue occurrences from AIO predictions; retain a sentence if another detected cue remains,0.0294462743084297,0.0
contextual_hedging,detected_cue_removed,hedged_sentence_rate,Race,Minority - People,0.029212182971581468,-0.05078752944354447,0.10691345839137197,21,21,paired difference with outcome-cluster percentile bootstrap,raises,2,False,remove detected cue occurrences from AIO predictions; retain a sentence if another detected cue remains,0.029212182971581478,-1.0408340855860843e-17
contextual_hedging,detected_cue_removed,hedged_sentence_rate,Race,Majority - People,0.03616759528413664,-0.02155023965174341,0.08977982465529458,21,21,paired difference with outcome-cluster percentile bootstrap,raises,2,False,remove detected cue occurrences from AIO predictions; retain a sentence if another detected cue remains,0.03616759528413665,-6.938893903907228e-18
contextual_hedging,detected_cue_removed,hedged_sentence_rate,Race,Minority - Majority,-0.006955412312555177,-0.08931605396830962,0.07100700703849204,21,21,paired difference with outcome-cluster percentile bootstrap,raises,2,False,remove detected cue occurrences from AIO predictions; retain a sentence if another detected cue remains,-0.006955412312555172,-5.204170427930421e-18
contextual_hedging,detected_cue_removed,hedged_sentence_rate,Ethnicity,Minority - People,0.021055376307477145,-0.032814448234616295,0.07514400680629672,21,21,paired difference with outcome-cluster percentile bootstrap,raises,2,False,remove detected cue occurrences from AIO predictions; retain a sentence if another detected cue remains,0.021055376307477152,-6.938893903907228e-18
contextual_hedging,detected_cue_removed,hedged_sentence_rate,Ethnicity,Majority - People,-0.01777179413457609,-0.07619838073198035,0.04504839245793193,21,21,paired difference with outcome-cluster percentile bootstrap,raises,2,False,remove detected cue occurrences from AIO predictions; retain a sentence if another detected cue remains,-0.017771794134576076,-1.3877787807814457e-17
contextual_hedging,detected_cue_removed,hedged_sentence_rate,Ethnicity,Minority - Majority,0.038827170442053235,-0.02503679428719511,0.09169392232417449,21,21,paired difference with outcome-cluster percentile bootstrap,raises,2,False,remove detected cue occurrences from AIO predictions; retain a sentence if another detected cue remains,0.03882717044205323,6.938893903907228e-18
contextual_hedging,detected_cue_removed,hedged_sentence_rate,Gender,Minority - People,0.09679180033217301,0.03749274224740063,0.16256835133465566,21,21,paired difference with outcome-cluster percentile bootstrap,raises,2,False,remove detected cue occurrences from AIO predictions; retain a sentence if another detected cue remains,0.09679180033217301,0.0
contextual_hedging,detected_cue_removed,hedged_sentence_rate,Gender,Majority - People,0.0792282180937643,0.009483051184731852,0.1455621742675314,21,21,paired difference with outcome-cluster percentile bootstrap,raises,2,False,remove detected cue occurrences from AIO predictions; retain a sentence if another detected cue remains,0.0792282180937643,0.0
contextual_hedging,detected_cue_removed,hedged_sentence_rate,Gender,Minority - Majority,0.017563582238408686,-0.0648677401790756,0.09955256416103146,21,21,paired difference with outcome-cluster percentile bootstrap,raises,2,False,remove detected cue occurrences from AIO predictions; retain a sentence if another detected cue remains,0.017563582238408697,-1.0408340855860843e-17
contextual_hedging,detected_cue_removed,hedged_sentence_rate,Disability,Minority - People,0.0069788676931533955,-0.06917683011433012,0.08855046408617848,21,21,paired difference with outcome-cluster percentile bootstrap,raises,2,False,remove detected cue occurrences from AIO predictions; retain a sentence if another detected cue remains,0.006978867693153413,-1.734723475976807e-17
contextual_hedging,detected_cue_removed,hedged_sentence_rate,Disability,Majority - People,0.01631434911510099,-0.04318008623929677,0.07015507310150165,21,21,paired difference with outcome-cluster percentile bootstrap,raises,2,False,remove detected cue occurrences from AIO predictions; retain a sentence if another detected cue remains,0.016314349115101,-1.0408340855860843e-17
contextual_hedging,detected_cue_removed,hedged_sentence_rate,Disability,Minority - Majority,-0.009335481421947595,-0.09030169896241325,0.07747841939806226,21,21,paired difference with outcome-cluster percentile bootstrap,raises,2,False,remove detected cue occurrences from AIO predictions; retain a sentence if another detected cue remains,-0.009335481421947582,-1.214306433183765e-17
contextual_hedging,detected_cue_removed,hedged_sentence_rate,Sexual Orientation,Minority - People,0.0668497972124686,-0.0244627194516624,0.15838367553192298,21,21,paired difference with outcome-cluster percentile bootstrap,raises,2,False,remove detected cue occurrences from AIO predictions; retain a sentence if another detected cue remains,0.0668497972124686,0.0
contextual_hedging,detected_cue_removed,hedged_sentence_rate,Sexual Orientation,Majority - People,0.03781458362203703,-0.04797632340916501,0.12896362214102902,21,21,paired difference with outcome-cluster percentile bootstrap,raises,2,False,remove detected cue occurrences from AIO predictions; retain a sentence if another detected cue remains,0.037814583622037046,-1.3877787807814457e-17
contextual_hedging,detected_cue_removed,hedged_sentence_rate,Sexual Orientation,Minority - Majority,0.02903521359043156,-0.08183878721166234,0.1439259348886679,21,21,paired difference with outcome-cluster percentile bootstrap,raises,2,False,remove detected cue occurrences from AIO predictions; retain a sentence if another detected cue remains,0.029035213590431548,1.0408340855860843e-17
contextual_hedging,detected_cue_removed,hedged_sentence_rate,Gender Identity,Minority - People,0.03500326952707905,-0.029196280401637548,0.09666147895314563,21,21,paired difference with outcome-cluster percentile bootstrap,raises,2,False,remove detected cue occurrences from AIO predictions; retain a sentence if another detected cue remains,0.04029427481808435,-0.005291005291005298
contextual_hedging,detected_cue_removed,hedged_sentence_rate,Gender Identity,Majority - People,0.010848000509654641,-0.03672925193366923,0.05577192179165864,21,21,paired difference with outcome-cluster percentile bootstrap,raises,2,False,remove detected cue occurrences from AIO predictions; retain a sentence if another detected cue remains,0.010848000509654652,-1.0408340855860843e-17
contextual_hedging,detected_cue_removed,hedged_sentence_rate,Gender Identity,Minority - Majority,0.024155269017424413,-0.032171730212143736,0.07590964936203033,21,21,paired difference with outcome-cluster percentile bootstrap,raises,2,False,remove detected cue occurrences from AIO predictions; retain a sentence if another detected cue remains,0.0294462743084297,-0.005291005291005287
contextual_hedging,detected_cue_removed,hedged_sentence_rate,Race,Minority - People,0.029212182971581468,-0.05078752944354447,0.10691345839137197,21,21,paired difference with outcome-cluster percentile bootstrap,suggests,2,False,remove detected cue occurrences from AIO predictions; retain a sentence if another detected cue remains,0.029212182971581478,-1.0408340855860843e-17
contextual_hedging,detected_cue_removed,hedged_sentence_rate,Race,Majority - People,0.03616759528413664,-0.02155023965174341,0.08977982465529458,21,21,paired difference with outcome-cluster percentile bootstrap,suggests,2,False,remove detected cue occurrences from AIO predictions; retain a sentence if another detected cue remains,0.03616759528413665,-6.938893903907228e-18
contextual_hedging,detected_cue_removed,hedged_sentence_rate,Race,Minority - Majority,-0.006955412312555177,-0.08931605396830962,0.07100700703849204,21,21,paired difference with outcome-cluster percentile bootstrap,suggests,2,False,remove detected cue occurrences from AIO predictions; retain a sentence if another detected cue remains,-0.006955412312555172,-5.204170427930421e-18
contextual_hedging,detected_cue_removed,hedged_sentence_rate,Ethnicity,Minority - People,0.021055376307477145,-0.032814448234616295,0.07514400680629672,21,21,paired difference with outcome-cluster percentile bootstrap,suggests,2,False,remove detected cue occurrences from AIO predictions; retain a sentence if another detected cue remains,0.021055376307477152,-6.938893903907228e-18
contextual_hedging,detected_cue_removed,hedged_sentence_rate,Ethnicity,Majority - People,-0.01777179413457609,-0.07619838073198035,0.04504839245793193,21,21,paired difference with outcome-cluster percentile bootstrap,suggests,2,False,remove detected cue occurrences from AIO predictions; retain a sentence if another detected cue remains,-0.017771794134576076,-1.3877787807814457e-17
contextual_hedging,detected_cue_removed,hedged_sentence_rate,Ethnicity,Minority - Majority,0.038827170442053235,-0.02503679428719511,0.09169392232417449,21,21,paired difference with outcome-cluster percentile bootstrap,suggests,2,False,remove detected cue occurrences from AIO predictions; retain a sentence if another detected cue remains,0.03882717044205323,6.938893903907228e-18
contextual_hedging,detected_cue_removed,hedged_sentence_rate,Gender,Minority - People,0.09083941937979205,0.03381350497616026,0.15549557075372294,21,21,paired difference with outcome-cluster percentile bootstrap,suggests,2,False,remove detected cue occurrences from AIO predictions; retain a sentence if another detected cue remains,0.09679180033217301,-0.005952380952380959
contextual_hedging,detected_cue_removed,hedged_sentence_rate,Gender,Majority - People,0.0792282180937643,0.009483051184731852,0.1455621742675314,21,21,paired difference with outcome-cluster percentile bootstrap,suggests,2,False,remove detected cue occurrences from AIO predictions; retain a sentence if another detected cue remains,0.0792282180937643,0.0
contextual_hedging,detected_cue_removed,hedged_sentence_rate,Gender,Minority - Majority,0.011611201286027733,-0.07027406996040536,0.09414917249119845,21,21,paired difference with outcome-cluster percentile bootstrap,suggests,2,False,remove detected cue occurrences from AIO predictions; retain a sentence if another detected cue remains,0.017563582238408697,-0.005952380952380964
contextual_hedging,detected_cue_removed,hedged_sentence_rate,Disability,Minority - People,0.0069788676931533955,-0.06917683011433012,0.08855046408617848,21,21,paired difference with outcome-cluster percentile bootstrap,suggests,2,False,remove detected cue occurrences from AIO predictions; retain a sentence if another detected cue remains,0.006978867693153413,-1.734723475976807e-17
contextual_hedging,detected_cue_removed,hedged_sentence_rate,Disability,Majority - People,0.01631434911510099,-0.04318008623929677,0.07015507310150165,21,21,paired difference with outcome-cluster percentile bootstrap,suggests,2,False,remove detected cue occurrences from AIO predictions; retain a sentence if another detected cue remains,0.016314349115101,-1.0408340855860843e-17
contextual_hedging,detected_cue_removed,hedged_sentence_rate,Disability,Minority - Majority,-0.009335481421947595,-0.09030169896241325,0.07747841939806226,21,21,paired difference with outcome-cluster percentile bootstrap,suggests,2,False,remove detected cue occurrences from AIO predictions; retain a sentence if another detected cue remains,-0.009335481421947582,-1.214306433183765e-17
contextual_hedging,detected_cue_removed,hedged_sentence_rate,Sexual Orientation,Minority - People,0.0668497972124686,-0.0244627194516624,0.15838367553192298,21,21,paired difference with outcome-cluster percentile bootstrap,suggests,2,False,remove detected cue occurrences from AIO predictions; retain a sentence if another detected cue remains,0.0668497972124686,0.0
contextual_hedging,detected_cue_removed,hedged_sentence_rate,Sexual Orientation,Majority - People,0.03781458362203703,-0.04797632340916501,0.12896362214102902,21,21,paired difference with outcome-cluster percentile bootstrap,suggests,2,False,remove detected cue occurrences from AIO predictions; retain a sentence if another detected cue remains,0.037814583622037046,-1.3877787807814457e-17
contextual_hedging,detected_cue_removed,hedged_sentence_rate,Sexual Orientation,Minority - Majority,0.02903521359043156,-0.08183878721166234,0.1439259348886679,21,21,paired difference with outcome-cluster percentile bootstrap,suggests,2,False,remove detected cue occurrences from AIO predictions; retain a sentence if another detected cue remains,0.029035213590431548,1.0408340855860843e-17
contextual_hedging,detected_cue_removed,hedged_sentence_rate,Gender Identity,Minority - People,0.04029427481808434,-0.025348426806760138,0.10303605901820188,21,21,paired difference with outcome-cluster percentile bootstrap,suggests,2,False,remove detected cue occurrences from AIO predictions; retain a sentence if another detected cue remains,0.04029427481808435,-6.938893903907228e-18
contextual_hedging,detected_cue_removed,hedged_sentence_rate,Gender Identity,Majority - People,0.010848000509654641,-0.03672925193366923,0.05577192179165864,21,21,paired difference with outcome-cluster percentile bootstrap,suggests,2,False,remove detected cue occurrences from AIO predictions; retain a sentence if another detected cue remains,0.010848000509654652,-1.0408340855860843e-17
contextual_hedging,detected_cue_removed,hedged_sentence_rate,Gender Identity,Minority - Majority,0.0294462743084297,-0.028176665762818635,0.08376714132666514,21,21,paired difference with outcome-cluster percentile bootstrap,suggests,2,False,remove detected cue occurrences from AIO predictions; retain a sentence if another detected cue remains,0.0294462743084297,0.0
contextual_hedging,detected_cue_removed,hedged_sentence_rate,Race,Minority - People,0.025243929003327503,-0.055001448965264765,0.10366569094717593,21,21,paired difference with outcome-cluster percentile bootstrap,implicit,1,False,remove detected cue occurrences from AIO predictions; retain a sentence if another detected cue remains,0.029212182971581478,-0.003968253968253975
contextual_hedging,detected_cue_removed,hedged_sentence_rate,Race,Majority - People,0.03616759528413664,-0.02155023965174341,0.08977982465529458,21,21,paired difference with outcome-cluster percentile bootstrap,implicit,1,False,remove detected cue occurrences from AIO predictions; retain a sentence if another detected cue remains,0.03616759528413665,-6.938893903907228e-18
contextual_hedging,detected_cue_removed,hedged_sentence_rate,Race,Minority - Majority,-0.010923666280809145,-0.09412953266101763,0.06748447685007834,21,21,paired difference with outcome-cluster percentile bootstrap,implicit,1,False,remove detected cue occurrences from AIO predictions; retain a sentence if another detected cue remains,-0.006955412312555172,-0.003968253968253973
contextual_hedging,detected_cue_removed,hedged_sentence_rate,Ethnicity,Minority - People,0.021055376307477145,-0.032814448234616295,0.07514400680629672,21,21,paired difference with outcome-cluster percentile bootstrap,implicit,1,False,remove detected cue occurrences from AIO predictions; retain a sentence if another detected cue remains,0.021055376307477152,-6.938893903907228e-18
contextual_hedging,detected_cue_removed,hedged_sentence_rate,Ethnicity,Majority - People,-0.01777179413457609,-0.07619838073198035,0.04504839245793193,21,21,paired difference with outcome-cluster percentile bootstrap,implicit,1,False,remove detected cue occurrences from AIO predictions; retain a sentence if another detected cue remains,-0.017771794134576076,-1.3877787807814457e-17
contextual_hedging,detected_cue_removed,hedged_sentence_rate,Ethnicity,Minority - Majority,0.038827170442053235,-0.02503679428719511,0.09169392232417449,21,21,paired difference with outcome-cluster percentile bootstrap,implicit,1,False,remove detected cue occurrences from AIO predictions; retain a sentence if another detected cue remains,0.03882717044205323,6.938893903907228e-18
contextual_hedging,detected_cue_removed,hedged_sentence_rate,Gender,Minority - People,0.09679180033217301,0.03749274224740063,0.16256835133465566,21,21,paired difference with outcome-cluster percentile bootstrap,implicit,1,False,remove detected cue occurrences from AIO predictions; retain a sentence if another detected cue remains,0.09679180033217301,0.0
contextual_hedging,detected_cue_removed,hedged_sentence_rate,Gender,Majority - People,0.0792282180937643,0.009483051184731852,0.1455621742675314,21,21,paired difference with outcome-cluster percentile bootstrap,implicit,1,False,remove detected cue occurrences from AIO predictions; retain a sentence if another detected cue remains,0.0792282180937643,0.0
contextual_hedging,detected_cue_removed,hedged_sentence_rate,Gender,Minority - Majority,0.017563582238408686,-0.0648677401790756,0.09955256416103146,21,21,paired difference with outcome-cluster percentile bootstrap,implicit,1,False,remove detected cue occurrences from AIO predictions; retain a sentence if another detected cue remains,0.017563582238408697,-1.0408340855860843e-17
contextual_hedging,detected_cue_removed,hedged_sentence_rate,Disability,Minority - People,0.0069788676931533955,-0.06917683011433012,0.08855046408617848,21,21,paired difference with outcome-cluster percentile bootstrap,implicit,1,False,remove detected cue occurrences from AIO predictions; retain a sentence if another detected cue remains,0.006978867693153413,-1.734723475976807e-17
contextual_hedging,detected_cue_removed,hedged_sentence_rate,Disability,Majority - People,0.01631434911510099,-0.04318008623929677,0.07015507310150165,21,21,paired difference with outcome-cluster percentile bootstrap,implicit,1,False,remove detected cue occurrences from AIO predictions; retain a sentence if another detected cue remains,0.016314349115101,-1.0408340855860843e-17
contextual_hedging,detected_cue_removed,hedged_sentence_rate,Disability,Minority - Majority,-0.009335481421947595,-0.09030169896241325,0.07747841939806226,21,21,paired difference with outcome-cluster percentile bootstrap,implicit,1,False,remove detected cue occurrences from AIO predictions; retain a sentence if another detected cue remains,-0.009335481421947582,-1.214306433183765e-17
contextual_hedging,detected_cue_removed,hedged_sentence_rate,Sexual Orientation,Minority - People,0.0668497972124686,-0.0244627194516624,0.15838367553192298,21,21,paired difference with outcome-cluster percentile bootstrap,implicit,1,False,remove detected cue occurrences from AIO predictions; retain a sentence if another detected cue remains,0.0668497972124686,0.0
contextual_hedging,detected_cue_removed,hedged_sentence_rate,Sexual Orientation,Majority - People,0.03781458362203703,-0.04797632340916501,0.12896362214102902,21,21,paired difference with outcome-cluster percentile bootstrap,implicit,1,False,remove detected cue occurrences from AIO predictions; retain a sentence if another detected cue remains,0.037814583622037046,-1.3877787807814457e-17
contextual_hedging,detected_cue_removed,hedged_sentence_rate,Sexual Orientation,Minority - Majority,0.02903521359043156,-0.08183878721166234,0.1439259348886679,21,21,paired difference with outcome-cluster percentile bootstrap,implicit,1,False,remove detected cue occurrences from AIO predictions; retain a sentence if another detected cue remains,0.029035213590431548,1.0408340855860843e-17
contextual_hedging,detected_cue_removed,hedged_sentence_rate,Gender Identity,Minority - People,0.04029427481808434,-0.025348426806760138,0.10303605901820188,21,21,paired difference with outcome-cluster percentile bootstrap,implicit,1,False,remove detected cue occurrences from AIO predictions; retain a sentence if another detected cue remains,0.04029427481808435,-6.938893903907228e-18
contextual_hedging,detected_cue_removed,hedged_sentence_rate,Gender Identity,Majority - People,0.010848000509654641,-0.03672925193366923,0.05577192179165864,21,21,paired difference with outcome-cluster percentile bootstrap,implicit,1,False,remove detected cue occurrences from AIO predictions; retain a sentence if another detected cue remains,0.010848000509654652,-1.0408340855860843e-17
contextual_hedging,detected_cue_removed,hedged_sentence_rate,Gender Identity,Minority - Majority,0.0294462743084297,-0.028176665762818635,0.08376714132666514,21,21,paired difference with outcome-cluster percentile bootstrap,implicit,1,False,remove detected cue occurrences from AIO predictions; retain a sentence if another detected cue remains,0.0294462743084297,0.0
contextual_hedging,detected_cue_removed,hedged_sentence_rate,Race,Minority - People,0.029212182971581468,-0.05078752944354447,0.10691345839137197,21,21,paired difference with outcome-cluster percentile bootstrap,indicate varying,1,False,remove detected cue occurrences from AIO predictions; retain a sentence if another detected cue remains,0.029212182971581478,-1.0408340855860843e-17
contextual_hedging,detected_cue_removed,hedged_sentence_rate,Race,Majority - People,0.03616759528413664,-0.02155023965174341,0.08977982465529458,21,21,paired difference with outcome-cluster percentile bootstrap,indicate varying,1,False,remove detected cue occurrences from AIO predictions; retain a sentence if another detected cue remains,0.03616759528413665,-6.938893903907228e-18
contextual_hedging,detected_cue_removed,hedged_sentence_rate,Race,Minority - Majority,-0.006955412312555177,-0.08931605396830962,0.07100700703849204,21,21,paired difference with outcome-cluster percentile bootstrap,indicate varying,1,False,remove detected cue occurrences from AIO predictions; retain a sentence if another detected cue remains,-0.006955412312555172,-5.204170427930421e-18
contextual_hedging,detected_cue_removed,hedged_sentence_rate,Ethnicity,Minority - People,0.021055376307477145,-0.032814448234616295,0.07514400680629672,21,21,paired difference with outcome-cluster percentile bootstrap,indicate varying,1,False,remove detected cue occurrences from AIO predictions; retain a sentence if another detected cue remains,0.021055376307477152,-6.938893903907228e-18
contextual_hedging,detected_cue_removed,hedged_sentence_rate,Ethnicity,Majority - People,-0.01777179413457609,-0.07619838073198035,0.04504839245793193,21,21,paired difference with outcome-cluster percentile bootstrap,indicate varying,1,False,remove detected cue occurrences from AIO predictions; retain a sentence if another detected cue remains,-0.017771794134576076,-1.3877787807814457e-17
contextual_hedging,detected_cue_removed,hedged_sentence_rate,Ethnicity,Minority - Majority,0.038827170442053235,-0.02503679428719511,0.09169392232417449,21,21,paired difference with outcome-cluster percentile bootstrap,indicate varying,1,False,remove detected cue occurrences from AIO predictions; retain a sentence if another detected cue remains,0.03882717044205323,6.938893903907228e-18
contextual_hedging,detected_cue_removed,hedged_sentence_rate,Gender,Minority - People,0.09679180033217301,0.03749274224740063,0.16256835133465566,21,21,paired difference with outcome-cluster percentile bootstrap,indicate varying,1,False,remove detected cue occurrences from AIO predictions; retain a sentence if another detected cue remains,0.09679180033217301,0.0
contextual_hedging,detected_cue_removed,hedged_sentence_rate,Gender,Majority - People,0.0792282180937643,0.009483051184731852,0.1455621742675314,21,21,paired difference with outcome-cluster percentile bootstrap,indicate varying,1,False,remove detected cue occurrences from AIO predictions; retain a sentence if another detected cue remains,0.0792282180937643,0.0
contextual_hedging,detected_cue_removed,hedged_sentence_rate,Gender,Minority - Majority,0.017563582238408686,-0.0648677401790756,0.09955256416103146,21,21,paired difference with outcome-cluster percentile bootstrap,indicate varying,1,False,remove detected cue occurrences from AIO predictions; retain a sentence if another detected cue remains,0.017563582238408697,-1.0408340855860843e-17
contextual_hedging,detected_cue_removed,hedged_sentence_rate,Disability,Minority - People,0.0069788676931533955,-0.06917683011433012,0.08855046408617848,21,21,paired difference with outcome-cluster percentile bootstrap,indicate varying,1,False,remove detected cue occurrences from AIO predictions; retain a sentence if another detected cue remains,0.006978867693153413,-1.734723475976807e-17
contextual_hedging,detected_cue_removed,hedged_sentence_rate,Disability,Majority - People,0.01631434911510099,-0.04318008623929677,0.07015507310150165,21,21,paired difference with outcome-cluster percentile bootstrap,indicate varying,1,False,remove detected cue occurrences from AIO predictions; retain a sentence if another detected cue remains,0.016314349115101,-1.0408340855860843e-17
contextual_hedging,detected_cue_removed,hedged_sentence_rate,Disability,Minority - Majority,-0.009335481421947595,-0.09030169896241325,0.07747841939806226,21,21,paired difference with outcome-cluster percentile bootstrap,indicate varying,1,False,remove detected cue occurrences from AIO predictions; retain a sentence if another detected cue remains,-0.009335481421947582,-1.214306433183765e-17
contextual_hedging,detected_cue_removed,hedged_sentence_rate,Sexual Orientation,Minority - People,0.0668497972124686,-0.0244627194516624,0.15838367553192298,21,21,paired difference with outcome-cluster percentile bootstrap,indicate varying,1,False,remove detected cue occurrences from AIO predictions; retain a sentence if another detected cue remains,0.0668497972124686,0.0
contextual_hedging,detected_cue_removed,hedged_sentence_rate,Sexual Orientation,Majority - People,0.03781458362203703,-0.04797632340916501,0.12896362214102902,21,21,paired difference with outcome-cluster percentile bootstrap,indicate varying,1,False,remove detected cue occurrences from AIO predictions; retain a sentence if another detected cue remains,0.037814583622037046,-1.3877787807814457e-17
contextual_hedging,detected_cue_removed,hedged_sentence_rate,Sexual Orientation,Minority - Majority,0.02903521359043156,-0.08183878721166234,0.1439259348886679,21,21,paired difference with outcome-cluster percentile bootstrap,indicate varying,1,False,remove detected cue occurrences from AIO predictions; retain a sentence if another detected cue remains,0.029035213590431548,1.0408340855860843e-17
contextual_hedging,detected_cue_removed,hedged_sentence_rate,Gender Identity,Minority - People,0.04029427481808434,-0.025348426806760138,0.10303605901820188,21,21,paired difference with outcome-cluster percentile bootstrap,indicate varying,1,False,remove detected cue occurrences from AIO predictions; retain a sentence if another detected cue remains,0.04029427481808435,-6.938893903907228e-18
contextual_hedging,detected_cue_removed,hedged_sentence_rate,Gender Identity,Majority - People,0.0074466399654369506,-0.03849726566596867,0.05225945611753883,21,21,paired difference with outcome-cluster percentile bootstrap,indicate varying,1,False,remove detected cue occurrences from AIO predictions; retain a sentence if another detected cue remains,0.010848000509654652,-0.0034013605442177013
contextual_hedging,detected_cue_removed,hedged_sentence_rate,Gender Identity,Minority - Majority,0.03284763485264739,-0.025888630827540598,0.08838402231259374,21,21,paired difference with outcome-cluster percentile bootstrap,indicate varying,1,False,remove detected cue occurrences from AIO predictions; retain a sentence if another detected cue remains,0.0294462743084297,0.003401360544217691
contextual_hedging,detected_cue_removed,hedged_sentence_rate,Race,Minority - People,0.029212182971581468,-0.05078752944354447,0.10691345839137197,21,21,paired difference with outcome-cluster percentile bootstrap,out,1,False,remove detected cue occurrences from AIO predictions; retain a sentence if another detected cue remains,0.029212182971581478,-1.0408340855860843e-17
contextual_hedging,detected_cue_removed,hedged_sentence_rate,Race,Majority - People,0.03616759528413664,-0.02155023965174341,0.08977982465529458,21,21,paired difference with outcome-cluster percentile bootstrap,out,1,False,remove detected cue occurrences from AIO predictions; retain a sentence if another detected cue remains,0.03616759528413665,-6.938893903907228e-18
contextual_hedging,detected_cue_removed,hedged_sentence_rate,Race,Minority - Majority,-0.006955412312555177,-0.08931605396830962,0.07100700703849204,21,21,paired difference with outcome-cluster percentile bootstrap,out,1,False,remove detected cue occurrences from AIO predictions; retain a sentence if another detected cue remains,-0.006955412312555172,-5.204170427930421e-18
contextual_hedging,detected_cue_removed,hedged_sentence_rate,Ethnicity,Minority - People,0.021055376307477145,-0.032814448234616295,0.07514400680629672,21,21,paired difference with outcome-cluster percentile bootstrap,out,1,False,remove detected cue occurrences from AIO predictions; retain a sentence if another detected cue remains,0.021055376307477152,-6.938893903907228e-18
contextual_hedging,detected_cue_removed,hedged_sentence_rate,Ethnicity,Majority - People,-0.01777179413457609,-0.07619838073198035,0.04504839245793193,21,21,paired difference with outcome-cluster percentile bootstrap,out,1,False,remove detected cue occurrences from AIO predictions; retain a sentence if another detected cue remains,-0.017771794134576076,-1.3877787807814457e-17
contextual_hedging,detected_cue_removed,hedged_sentence_rate,Ethnicity,Minority - Majority,0.038827170442053235,-0.02503679428719511,0.09169392232417449,21,21,paired difference with outcome-cluster percentile bootstrap,out,1,False,remove detected cue occurrences from AIO predictions; retain a sentence if another detected cue remains,0.03882717044205323,6.938893903907228e-18
contextual_hedging,detected_cue_removed,hedged_sentence_rate,Gender,Minority - People,0.09679180033217301,0.03749274224740063,0.16256835133465566,21,21,paired difference with outcome-cluster percentile bootstrap,out,1,False,remove detected cue occurrences from AIO predictions; retain a sentence if another detected cue remains,0.09679180033217301,0.0
contextual_hedging,detected_cue_removed,hedged_sentence_rate,Gender,Majority - People,0.0792282180937643,0.009483051184731852,0.1455621742675314,21,21,paired difference with outcome-cluster percentile bootstrap,out,1,False,remove detected cue occurrences from AIO predictions; retain a sentence if another detected cue remains,0.0792282180937643,0.0
contextual_hedging,detected_cue_removed,hedged_sentence_rate,Gender,Minority - Majority,0.017563582238408686,-0.0648677401790756,0.09955256416103146,21,21,paired difference with outcome-cluster percentile bootstrap,out,1,False,remove detected cue occurrences from AIO predictions; retain a sentence if another detected cue remains,0.017563582238408697,-1.0408340855860843e-17
contextual_hedging,detected_cue_removed,hedged_sentence_rate,Disability,Minority - People,0.0069788676931533955,-0.06917683011433012,0.08855046408617848,21,21,paired difference with outcome-cluster percentile bootstrap,out,1,False,remove detected cue occurrences from AIO predictions; retain a sentence if another detected cue remains,0.006978867693153413,-1.734723475976807e-17
contextual_hedging,detected_cue_removed,hedged_sentence_rate,Disability,Majority - People,0.01631434911510099,-0.04318008623929677,0.07015507310150165,21,21,paired difference with outcome-cluster percentile bootstrap,out,1,False,remove detected cue occurrences from AIO predictions; retain a sentence if another detected cue remains,0.016314349115101,-1.0408340855860843e-17
contextual_hedging,detected_cue_removed,hedged_sentence_rate,Disability,Minority - Majority,-0.009335481421947595,-0.09030169896241325,0.07747841939806226,21,21,paired difference with outcome-cluster percentile bootstrap,out,1,False,remove detected cue occurrences from AIO predictions; retain a sentence if another detected cue remains,-0.009335481421947582,-1.214306433183765e-17
contextual_hedging,detected_cue_removed,hedged_sentence_rate,Sexual Orientation,Minority - People,0.0668497972124686,-0.0244627194516624,0.15838367553192298,21,21,paired difference with outcome-cluster percentile bootstrap,out,1,False,remove detected cue occurrences from AIO predictions; retain a sentence if another detected cue remains,0.0668497972124686,0.0
contextual_hedging,detected_cue_removed,hedged_sentence_rate,Sexual Orientation,Majority - People,0.03781458362203703,-0.04797632340916501,0.12896362214102902,21,21,paired difference with outcome-cluster percentile bootstrap,out,1,False,remove detected cue occurrences from AIO predictions; retain a sentence if another detected cue remains,0.037814583622037046,-1.3877787807814457e-17
contextual_hedging,detected_cue_removed,hedged_sentence_rate,Sexual Orientation,Minority - Majority,0.02903521359043156,-0.08183878721166234,0.1439259348886679,21,21,paired difference with outcome-cluster percentile bootstrap,out,1,False,remove detected cue occurrences from AIO predictions; retain a sentence if another detected cue remains,0.029035213590431548,1.0408340855860843e-17
contextual_hedging,detected_cue_removed,hedged_sentence_rate,Gender Identity,Minority - People,0.04029427481808434,-0.025348426806760138,0.10303605901820188,21,21,paired difference with outcome-cluster percentile bootstrap,out,1,False,remove detected cue occurrences from AIO predictions; retain a sentence if another detected cue remains,0.04029427481808435,-6.938893903907228e-18
contextual_hedging,detected_cue_removed,hedged_sentence_rate,Gender Identity,Majority - People,0.010848000509654641,-0.03672925193366923,0.05577192179165864,21,21,paired difference with outcome-cluster percentile bootstrap,out,1,False,remove detected cue occurrences from AIO predictions; retain a sentence if another detected cue remains,0.010848000509654652,-1.0408340855860843e-17
contextual_hedging,detected_cue_removed,hedged_sentence_rate,Gender Identity,Minority - Majority,0.0294462743084297,-0.028176665762818635,0.08376714132666514,21,21,paired difference with outcome-cluster percentile bootstrap,out,1,False,remove detected cue occurrences from AIO predictions; retain a sentence if another detected cue remains,0.0294462743084297,0.0
contextual_hedging,detected_cue_removed,hedged_sentence_rate,Race,Minority - People,0.029212182971581468,-0.05078752944354447,0.10691345839137197,21,21,paired difference with outcome-cluster percentile bootstrap,ongoing,1,False,remove detected cue occurrences from AIO predictions; retain a sentence if another detected cue remains,0.029212182971581478,-1.0408340855860843e-17
contextual_hedging,detected_cue_removed,hedged_sentence_rate,Race,Majority - People,0.03616759528413664,-0.02155023965174341,0.08977982465529458,21,21,paired difference with outcome-cluster percentile bootstrap,ongoing,1,False,remove detected cue occurrences from AIO predictions; retain a sentence if another detected cue remains,0.03616759528413665,-6.938893903907228e-18
contextual_hedging,detected_cue_removed,hedged_sentence_rate,Race,Minority - Majority,-0.006955412312555177,-0.08931605396830962,0.07100700703849204,21,21,paired difference with outcome-cluster percentile bootstrap,ongoing,1,False,remove detected cue occurrences from AIO predictions; retain a sentence if another detected cue remains,-0.006955412312555172,-5.204170427930421e-18
contextual_hedging,detected_cue_removed,hedged_sentence_rate,Ethnicity,Minority - People,0.021055376307477145,-0.032814448234616295,0.07514400680629672,21,21,paired difference with outcome-cluster percentile bootstrap,ongoing,1,False,remove detected cue occurrences from AIO predictions; retain a sentence if another detected cue remains,0.021055376307477152,-6.938893903907228e-18
contextual_hedging,detected_cue_removed,hedged_sentence_rate,Ethnicity,Majority - People,-0.01777179413457609,-0.07619838073198035,0.04504839245793193,21,21,paired difference with outcome-cluster percentile bootstrap,ongoing,1,False,remove detected cue occurrences from AIO predictions; retain a sentence if another detected cue remains,-0.017771794134576076,-1.3877787807814457e-17
contextual_hedging,detected_cue_removed,hedged_sentence_rate,Ethnicity,Minority - Majority,0.038827170442053235,-0.02503679428719511,0.09169392232417449,21,21,paired difference with outcome-cluster percentile bootstrap,ongoing,1,False,remove detected cue occurrences from AIO predictions; retain a sentence if another detected cue remains,0.03882717044205323,6.938893903907228e-18
contextual_hedging,detected_cue_removed,hedged_sentence_rate,Gender,Minority - People,0.09679180033217301,0.03749274224740063,0.16256835133465566,21,21,paired difference with outcome-cluster percentile bootstrap,ongoing,1,False,remove detected cue occurrences from AIO predictions; retain a sentence if another detected cue remains,0.09679180033217301,0.0
contextual_hedging,detected_cue_removed,hedged_sentence_rate,Gender,Majority - People,0.0792282180937643,0.009483051184731852,0.1455621742675314,21,21,paired difference with outcome-cluster percentile bootstrap,ongoing,1,False,remove detected cue occurrences from AIO predictions; retain a sentence if another detected cue remains,0.0792282180937643,0.0
contextual_hedging,detected_cue_removed,hedged_sentence_rate,Gender,Minority - Majority,0.017563582238408686,-0.0648677401790756,0.09955256416103146,21,21,paired difference with outcome-cluster percentile bootstrap,ongoing,1,False,remove detected cue occurrences from AIO predictions; retain a sentence if another detected cue remains,0.017563582238408697,-1.0408340855860843e-17
contextual_hedging,detected_cue_removed,hedged_sentence_rate,Disability,Minority - People,0.0069788676931533955,-0.06917683011433012,0.08855046408617848,21,21,paired difference with outcome-cluster percentile bootstrap,ongoing,1,False,remove detected cue occurrences from AIO predictions; retain a sentence if another detected cue remains,0.006978867693153413,-1.734723475976807e-17
contextual_hedging,detected_cue_removed,hedged_sentence_rate,Disability,Majority - People,0.01631434911510099,-0.04318008623929677,0.07015507310150165,21,21,paired difference with outcome-cluster percentile bootstrap,ongoing,1,False,remove detected cue occurrences from AIO predictions; retain a sentence if another detected cue remains,0.016314349115101,-1.0408340855860843e-17
contextual_hedging,detected_cue_removed,hedged_sentence_rate,Disability,Minority - Majority,-0.009335481421947595,-0.09030169896241325,0.07747841939806226,21,21,paired difference with outcome-cluster percentile bootstrap,ongoing,1,False,remove detected cue occurrences from AIO predictions; retain a sentence if another detected cue remains,-0.009335481421947582,-1.214306433183765e-17
contextual_hedging,detected_cue_removed,hedged_sentence_rate,Sexual Orientation,Minority - People,0.06458222351632348,-0.02534705501327019,0.1555215100701059,21,21,paired difference with outcome-cluster percentile bootstrap,ongoing,1,False,remove detected cue occurrences from AIO predictions; retain a sentence if another detected cue remains,0.0668497972124686,-0.0022675736961451226
contextual_hedging,detected_cue_removed,hedged_sentence_rate,Sexual Orientation,Majority - People,0.03781458362203703,-0.04797632340916501,0.12896362214102902,21,21,paired difference with outcome-cluster percentile bootstrap,ongoing,1,False,remove detected cue occurrences from AIO predictions; retain a sentence if another detected cue remains,0.037814583622037046,-1.3877787807814457e-17
contextual_hedging,detected_cue_removed,hedged_sentence_rate,Sexual Orientation,Minority - Majority,0.026767639894286432,-0.08365061384943652,0.14179957651352332,21,21,paired difference with outcome-cluster percentile bootstrap,ongoing,1,False,remove detected cue occurrences from AIO predictions; retain a sentence if another detected cue remains,0.029035213590431548,-0.0022675736961451157
contextual_hedging,detected_cue_removed,hedged_sentence_rate,Gender Identity,Minority - People,0.04029427481808434,-0.025348426806760138,0.10303605901820188,21,21,paired difference with outcome-cluster percentile bootstrap,ongoing,1,False,remove detected cue occurrences from AIO predictions; retain a sentence if another detected cue remains,0.04029427481808435,-6.938893903907228e-18
contextual_hedging,detected_cue_removed,hedged_sentence_rate,Gender Identity,Majority - People,0.010848000509654641,-0.03672925193366923,0.05577192179165864,21,21,paired difference with outcome-cluster percentile bootstrap,ongoing,1,False,remove detected cue occurrences from AIO predictions; retain a sentence if another detected cue remains,0.010848000509654652,-1.0408340855860843e-17
contextual_hedging,detected_cue_removed,hedged_sentence_rate,Gender Identity,Minority - Majority,0.0294462743084297,-0.028176665762818635,0.08376714132666514,21,21,paired difference with outcome-cluster percentile bootstrap,ongoing,1,False,remove detected cue occurrences from AIO predictions; retain a sentence if another detected cue remains,0.0294462743084297,0.0
contextual_hedging,detected_cue_removed,hedged_sentence_rate,Race,Minority - People,0.029212182971581468,-0.05078752944354447,0.10691345839137197,21,21,paired difference with outcome-cluster percentile bootstrap,approved,1,False,remove detected cue occurrences from AIO predictions; retain a sentence if another detected cue remains,0.029212182971581478,-1.0408340855860843e-17
contextual_hedging,detected_cue_removed,hedged_sentence_rate,Race,Majority - People,0.03616759528413664,-0.02155023965174341,0.08977982465529458,21,21,paired difference with outcome-cluster percentile bootstrap,approved,1,False,remove detected cue occurrences from AIO predictions; retain a sentence if another detected cue remains,0.03616759528413665,-6.938893903907228e-18
contextual_hedging,detected_cue_removed,hedged_sentence_rate,Race,Minority - Majority,-0.006955412312555177,-0.08931605396830962,0.07100700703849204,21,21,paired difference with outcome-cluster percentile bootstrap,approved,1,False,remove detected cue occurrences from AIO predictions; retain a sentence if another detected cue remains,-0.006955412312555172,-5.204170427930421e-18
contextual_hedging,detected_cue_removed,hedged_sentence_rate,Ethnicity,Minority - People,0.021055376307477145,-0.032814448234616295,0.07514400680629672,21,21,paired difference with outcome-cluster percentile bootstrap,approved,1,False,remove detected cue occurrences from AIO predictions; retain a sentence if another detected cue remains,0.021055376307477152,-6.938893903907228e-18
contextual_hedging,detected_cue_removed,hedged_sentence_rate,Ethnicity,Majority - People,-0.01777179413457609,-0.07619838073198035,0.04504839245793193,21,21,paired difference with outcome-cluster percentile bootstrap,approved,1,False,remove detected cue occurrences from AIO predictions; retain a sentence if another detected cue remains,-0.017771794134576076,-1.3877787807814457e-17
contextual_hedging,detected_cue_removed,hedged_sentence_rate,Ethnicity,Minority - Majority,0.038827170442053235,-0.02503679428719511,0.09169392232417449,21,21,paired difference with outcome-cluster percentile bootstrap,approved,1,False,remove detected cue occurrences from AIO predictions; retain a sentence if another detected cue remains,0.03882717044205323,6.938893903907228e-18
contextual_hedging,detected_cue_removed,hedged_sentence_rate,Gender,Minority - People,0.09679180033217301,0.03749274224740063,0.16256835133465566,21,21,paired difference with outcome-cluster percentile bootstrap,approved,1,False,remove detected cue occurrences from AIO predictions; retain a sentence if another detected cue remains,0.09679180033217301,0.0
contextual_hedging,detected_cue_removed,hedged_sentence_rate,Gender,Majority - People,0.0792282180937643,0.009483051184731852,0.1455621742675314,21,21,paired difference with outcome-cluster percentile bootstrap,approved,1,False,remove detected cue occurrences from AIO predictions; retain a sentence if another detected cue remains,0.0792282180937643,0.0
contextual_hedging,detected_cue_removed,hedged_sentence_rate,Gender,Minority - Majority,0.017563582238408686,-0.0648677401790756,0.09955256416103146,21,21,paired difference with outcome-cluster percentile bootstrap,approved,1,False,remove detected cue occurrences from AIO predictions; retain a sentence if another detected cue remains,0.017563582238408697,-1.0408340855860843e-17
contextual_hedging,detected_cue_removed,hedged_sentence_rate,Disability,Minority - People,0.0069788676931533955,-0.06917683011433012,0.08855046408617848,21,21,paired difference with outcome-cluster percentile bootstrap,approved,1,False,remove detected cue occurrences from AIO predictions; retain a sentence if another detected cue remains,0.006978867693153413,-1.734723475976807e-17
contextual_hedging,detected_cue_removed,hedged_sentence_rate,Disability,Majority - People,0.01631434911510099,-0.04318008623929677,0.07015507310150165,21,21,paired difference with outcome-cluster percentile bootstrap,approved,1,False,remove detected cue occurrences from AIO predictions; retain a sentence if another detected cue remains,0.016314349115101,-1.0408340855860843e-17
contextual_hedging,detected_cue_removed,hedged_sentence_rate,Disability,Minority - Majority,-0.009335481421947595,-0.09030169896241325,0.07747841939806226,21,21,paired difference with outcome-cluster percentile bootstrap,approved,1,False,remove detected cue occurrences from AIO predictions; retain a sentence if another detected cue remains,-0.009335481421947582,-1.214306433183765e-17
contextual_hedging,detected_cue_removed,hedged_sentence_rate,Sexual Orientation,Minority - People,0.0668497972124686,-0.0244627194516624,0.15838367553192298,21,21,paired difference with outcome-cluster percentile bootstrap,approved,1,False,remove detected cue occurrences from AIO predictions; retain a sentence if another detected cue remains,0.0668497972124686,0.0
contextual_hedging,detected_cue_removed,hedged_sentence_rate,Sexual Orientation,Majority - People,0.03781458362203703,-0.04797632340916501,0.12896362214102902,21,21,paired difference with outcome-cluster percentile bootstrap,approved,1,False,remove detected cue occurrences from AIO predictions; retain a sentence if another detected cue remains,0.037814583622037046,-1.3877787807814457e-17
contextual_hedging,detected_cue_removed,hedged_sentence_rate,Sexual Orientation,Minority - Majority,0.02903521359043156,-0.08183878721166234,0.1439259348886679,21,21,paired difference with outcome-cluster percentile bootstrap,approved,1,False,remove detected cue occurrences from AIO predictions; retain a sentence if another detected cue remains,0.029035213590431548,1.0408340855860843e-17
contextual_hedging,detected_cue_removed,hedged_sentence_rate,Gender Identity,Minority - People,0.04029427481808434,-0.025348426806760138,0.10303605901820188,21,21,paired difference with outcome-cluster percentile bootstrap,approved,1,False,remove detected cue occurrences from AIO predictions; retain a sentence if another detected cue remains,0.04029427481808435,-6.938893903907228e-18
contextual_hedging,detected_cue_removed,hedged_sentence_rate,Gender Identity,Majority - People,0.010848000509654641,-0.03672925193366923,0.05577192179165864,21,21,paired difference with outcome-cluster percentile bootstrap,approved,1,False,remove detected cue occurrences from AIO predictions; retain a sentence if another detected cue remains,0.010848000509654652,-1.0408340855860843e-17
contextual_hedging,detected_cue_removed,hedged_sentence_rate,Gender Identity,Minority - Majority,0.0294462743084297,-0.028176665762818635,0.08376714132666514,21,21,paired difference with outcome-cluster percentile bootstrap,approved,1,False,remove detected cue occurrences from AIO predictions; retain a sentence if another detected cue remains,0.0294462743084297,0.0
contextual_hedging,detected_cue_removed,hedged_sentence_rate,Race,Minority - People,0.029212182971581468,-0.05078752944354447,0.10691345839137197,21,21,paired difference with outcome-cluster percentile bootstrap,or would,1,False,remove detected cue occurrences from AIO predictions; retain a sentence if another detected cue remains,0.029212182971581478,-1.0408340855860843e-17
contextual_hedging,detected_cue_removed,hedged_sentence_rate,Race,Majority - People,0.03616759528413664,-0.02155023965174341,0.08977982465529458,21,21,paired difference with outcome-cluster percentile bootstrap,or would,1,False,remove detected cue occurrences from AIO predictions; retain a sentence if another detected cue remains,0.03616759528413665,-6.938893903907228e-18
contextual_hedging,detected_cue_removed,hedged_sentence_rate,Race,Minority - Majority,-0.006955412312555177,-0.08931605396830962,0.07100700703849204,21,21,paired difference with outcome-cluster percentile bootstrap,or would,1,False,remove detected cue occurrences from AIO predictions; retain a sentence if another detected cue remains,-0.006955412312555172,-5.204170427930421e-18
contextual_hedging,detected_cue_removed,hedged_sentence_rate,Ethnicity,Minority - People,0.021055376307477145,-0.032814448234616295,0.07514400680629672,21,21,paired difference with outcome-cluster percentile bootstrap,or would,1,False,remove detected cue occurrences from AIO predictions; retain a sentence if another detected cue remains,0.021055376307477152,-6.938893903907228e-18
contextual_hedging,detected_cue_removed,hedged_sentence_rate,Ethnicity,Majority - People,-0.01777179413457609,-0.07619838073198035,0.04504839245793193,21,21,paired difference with outcome-cluster percentile bootstrap,or would,1,False,remove detected cue occurrences from AIO predictions; retain a sentence if another detected cue remains,-0.017771794134576076,-1.3877787807814457e-17
contextual_hedging,detected_cue_removed,hedged_sentence_rate,Ethnicity,Minority - Majority,0.038827170442053235,-0.02503679428719511,0.09169392232417449,21,21,paired difference with outcome-cluster percentile bootstrap,or would,1,False,remove detected cue occurrences from AIO predictions; retain a sentence if another detected cue remains,0.03882717044205323,6.938893903907228e-18
contextual_hedging,detected_cue_removed,hedged_sentence_rate,Gender,Minority - People,0.09679180033217301,0.03749274224740063,0.16256835133465566,21,21,paired difference with outcome-cluster percentile bootstrap,or would,1,False,remove detected cue occurrences from AIO predictions; retain a sentence if another detected cue remains,0.09679180033217301,0.0
contextual_hedging,detected_cue_removed,hedged_sentence_rate,Gender,Majority - People,0.0792282180937643,0.009483051184731852,0.1455621742675314,21,21,paired difference with outcome-cluster percentile bootstrap,or would,1,False,remove detected cue occurrences from AIO predictions; retain a sentence if another detected cue remains,0.0792282180937643,0.0
contextual_hedging,detected_cue_removed,hedged_sentence_rate,Gender,Minority - Majority,0.017563582238408686,-0.0648677401790756,0.09955256416103146,21,21,paired difference with outcome-cluster percentile bootstrap,or would,1,False,remove detected cue occurrences from AIO predictions; retain a sentence if another detected cue remains,0.017563582238408697,-1.0408340855860843e-17
contextual_hedging,detected_cue_removed,hedged_sentence_rate,Disability,Minority - People,0.0069788676931533955,-0.06917683011433012,0.08855046408617848,21,21,paired difference with outcome-cluster percentile bootstrap,or would,1,False,remove detected cue occurrences from AIO predictions; retain a sentence if another detected cue remains,0.006978867693153413,-1.734723475976807e-17
contextual_hedging,detected_cue_removed,hedged_sentence_rate,Disability,Majority - People,0.01631434911510099,-0.04318008623929677,0.07015507310150165,21,21,paired difference with outcome-cluster percentile bootstrap,or would,1,False,remove detected cue occurrences from AIO predictions; retain a sentence if another detected cue remains,0.016314349115101,-1.0408340855860843e-17
contextual_hedging,detected_cue_removed,hedged_sentence_rate,Disability,Minority - Majority,-0.009335481421947595,-0.09030169896241325,0.07747841939806226,21,21,paired difference with outcome-cluster percentile bootstrap,or would,1,False,remove detected cue occurrences from AIO predictions; retain a sentence if another detected cue remains,-0.009335481421947582,-1.214306433183765e-17
contextual_hedging,detected_cue_removed,hedged_sentence_rate,Sexual Orientation,Minority - People,0.0668497972124686,-0.0244627194516624,0.15838367553192298,21,21,paired difference with outcome-cluster percentile bootstrap,or would,1,False,remove detected cue occurrences from AIO predictions; retain a sentence if another detected cue remains,0.0668497972124686,0.0
contextual_hedging,detected_cue_removed,hedged_sentence_rate,Sexual Orientation,Majority - People,0.03781458362203703,-0.04797632340916501,0.12896362214102902,21,21,paired difference with outcome-cluster percentile bootstrap,or would,1,False,remove detected cue occurrences from AIO predictions; retain a sentence if another detected cue remains,0.037814583622037046,-1.3877787807814457e-17
contextual_hedging,detected_cue_removed,hedged_sentence_rate,Sexual Orientation,Minority - Majority,0.02903521359043156,-0.08183878721166234,0.1439259348886679,21,21,paired difference with outcome-cluster percentile bootstrap,or would,1,False,remove detected cue occurrences from AIO predictions; retain a sentence if another detected cue remains,0.029035213590431548,1.0408340855860843e-17
contextual_hedging,detected_cue_removed,hedged_sentence_rate,Gender Identity,Minority - People,0.04029427481808434,-0.025348426806760138,0.10303605901820188,21,21,paired difference with outcome-cluster percentile bootstrap,or would,1,False,remove detected cue occurrences from AIO predictions; retain a sentence if another detected cue remains,0.04029427481808435,-6.938893903907228e-18
contextual_hedging,detected_cue_removed,hedged_sentence_rate,Gender Identity,Majority - People,0.010848000509654641,-0.03672925193366923,0.05577192179165864,21,21,paired difference with outcome-cluster percentile bootstrap,or would,1,False,remove detected cue occurrences from AIO predictions; retain a sentence if another detected cue remains,0.010848000509654652,-1.0408340855860843e-17
contextual_hedging,detected_cue_removed,hedged_sentence_rate,Gender Identity,Minority - Majority,0.0294462743084297,-0.028176665762818635,0.08376714132666514,21,21,paired difference with outcome-cluster percentile bootstrap,or would,1,False,remove detected cue occurrences from AIO predictions; retain a sentence if another detected cue remains,0.0294462743084297,0.0
contextual_hedging,detected_cue_removed,hedged_sentence_rate,Race,Minority - People,0.029212182971581468,-0.05078752944354447,0.10691345839137197,21,21,paired difference with outcome-cluster percentile bootstrap,impact,1,False,remove detected cue occurrences from AIO predictions; retain a sentence if another detected cue remains,0.029212182971581478,-1.0408340855860843e-17
contextual_hedging,detected_cue_removed,hedged_sentence_rate,Race,Majority - People,0.03616759528413664,-0.02155023965174341,0.08977982465529458,21,21,paired difference with outcome-cluster percentile bootstrap,impact,1,False,remove detected cue occurrences from AIO predictions; retain a sentence if another detected cue remains,0.03616759528413665,-6.938893903907228e-18
contextual_hedging,detected_cue_removed,hedged_sentence_rate,Race,Minority - Majority,-0.006955412312555177,-0.08931605396830962,0.07100700703849204,21,21,paired difference with outcome-cluster percentile bootstrap,impact,1,False,remove detected cue occurrences from AIO predictions; retain a sentence if another detected cue remains,-0.006955412312555172,-5.204170427930421e-18
contextual_hedging,detected_cue_removed,hedged_sentence_rate,Ethnicity,Minority - People,0.021055376307477145,-0.032814448234616295,0.07514400680629672,21,21,paired difference with outcome-cluster percentile bootstrap,impact,1,False,remove detected cue occurrences from AIO predictions; retain a sentence if another detected cue remains,0.021055376307477152,-6.938893903907228e-18
contextual_hedging,detected_cue_removed,hedged_sentence_rate,Ethnicity,Majority - People,-0.01777179413457609,-0.07619838073198035,0.04504839245793193,21,21,paired difference with outcome-cluster percentile bootstrap,impact,1,False,remove detected cue occurrences from AIO predictions; retain a sentence if another detected cue remains,-0.017771794134576076,-1.3877787807814457e-17
contextual_hedging,detected_cue_removed,hedged_sentence_rate,Ethnicity,Minority - Majority,0.038827170442053235,-0.02503679428719511,0.09169392232417449,21,21,paired difference with outcome-cluster percentile bootstrap,impact,1,False,remove detected cue occurrences from AIO predictions; retain a sentence if another detected cue remains,0.03882717044205323,6.938893903907228e-18
contextual_hedging,detected_cue_removed,hedged_sentence_rate,Gender,Minority - People,0.09679180033217301,0.03749274224740063,0.16256835133465566,21,21,paired difference with outcome-cluster percentile bootstrap,impact,1,False,remove detected cue occurrences from AIO predictions; retain a sentence if another detected cue remains,0.09679180033217301,0.0
contextual_hedging,detected_cue_removed,hedged_sentence_rate,Gender,Majority - People,0.0792282180937643,0.009483051184731852,0.1455621742675314,21,21,paired difference with outcome-cluster percentile bootstrap,impact,1,False,remove detected cue occurrences from AIO predictions; retain a sentence if another detected cue remains,0.0792282180937643,0.0
contextual_hedging,detected_cue_removed,hedged_sentence_rate,Gender,Minority - Majority,0.017563582238408686,-0.0648677401790756,0.09955256416103146,21,21,paired difference with outcome-cluster percentile bootstrap,impact,1,False,remove detected cue occurrences from AIO predictions; retain a sentence if another detected cue remains,0.017563582238408697,-1.0408340855860843e-17
contextual_hedging,detected_cue_removed,hedged_sentence_rate,Disability,Minority - People,0.0069788676931533955,-0.06917683011433012,0.08855046408617848,21,21,paired difference with outcome-cluster percentile bootstrap,impact,1,False,remove detected cue occurrences from AIO predictions; retain a sentence if another detected cue remains,0.006978867693153413,-1.734723475976807e-17
contextual_hedging,detected_cue_removed,hedged_sentence_rate,Disability,Majority - People,0.01631434911510099,-0.04318008623929677,0.07015507310150165,21,21,paired difference with outcome-cluster percentile bootstrap,impact,1,False,remove detected cue occurrences from AIO predictions; retain a sentence if another detected cue remains,0.016314349115101,-1.0408340855860843e-17
contextual_hedging,detected_cue_removed,hedged_sentence_rate,Disability,Minority - Majority,-0.009335481421947595,-0.09030169896241325,0.07747841939806226,21,21,paired difference with outcome-cluster percentile bootstrap,impact,1,False,remove detected cue occurrences from AIO predictions; retain a sentence if another detected cue remains,-0.009335481421947582,-1.214306433183765e-17
contextual_hedging,detected_cue_removed,hedged_sentence_rate,Sexual Orientation,Minority - People,0.0668497972124686,-0.0244627194516624,0.15838367553192298,21,21,paired difference with outcome-cluster percentile bootstrap,impact,1,False,remove detected cue occurrences from AIO predictions; retain a sentence if another detected cue remains,0.0668497972124686,0.0
contextual_hedging,detected_cue_removed,hedged_sentence_rate,Sexual Orientation,Majority - People,0.03781458362203703,-0.04797632340916501,0.12896362214102902,21,21,paired difference with outcome-cluster percentile bootstrap,impact,1,False,remove detected cue occurrences from AIO predictions; retain a sentence if another detected cue remains,0.037814583622037046,-1.3877787807814457e-17
contextual_hedging,detected_cue_removed,hedged_sentence_rate,Sexual Orientation,Minority - Majority,0.02903521359043156,-0.08183878721166234,0.1439259348886679,21,21,paired difference with outcome-cluster percentile bootstrap,impact,1,False,remove detected cue occurrences from AIO predictions; retain a sentence if another detected cue remains,0.029035213590431548,1.0408340855860843e-17
contextual_hedging,detected_cue_removed,hedged_sentence_rate,Gender Identity,Minority - People,0.04029427481808434,-0.025348426806760138,0.10303605901820188,21,21,paired difference with outcome-cluster percentile bootstrap,impact,1,False,remove detected cue occurrences from AIO predictions; retain a sentence if another detected cue remains,0.04029427481808435,-6.938893903907228e-18
contextual_hedging,detected_cue_removed,hedged_sentence_rate,Gender Identity,Majority - People,0.008863873525527659,-0.03830568076103791,0.05421356186628744,21,21,paired difference with outcome-cluster percentile bootstrap,impact,1,False,remove detected cue occurrences from AIO predictions; retain a sentence if another detected cue remains,0.010848000509654652,-0.0019841269841269927
contextual_hedging,detected_cue_removed,hedged_sentence_rate,Gender Identity,Minority - Majority,0.031430401292556684,-0.026198394221577177,0.08558384415527276,21,21,paired difference with outcome-cluster percentile bootstrap,impact,1,False,remove detected cue occurrences from AIO predictions; retain a sentence if another detected cue remains,0.0294462743084297,0.001984126984126984
contextual_hedging,detected_cue_removed,hedged_sentence_rate,Race,Minority - People,0.029212182971581468,-0.05078752944354447,0.10691345839137197,21,21,paired difference with outcome-cluster percentile bootstrap,country?would,1,False,remove detected cue occurrences from AIO predictions; retain a sentence if another detected cue remains,0.029212182971581478,-1.0408340855860843e-17
contextual_hedging,detected_cue_removed,hedged_sentence_rate,Race,Majority - People,0.03616759528413664,-0.02155023965174341,0.08977982465529458,21,21,paired difference with outcome-cluster percentile bootstrap,country?would,1,False,remove detected cue occurrences from AIO predictions; retain a sentence if another detected cue remains,0.03616759528413665,-6.938893903907228e-18
contextual_hedging,detected_cue_removed,hedged_sentence_rate,Race,Minority - Majority,-0.006955412312555177,-0.08931605396830962,0.07100700703849204,21,21,paired difference with outcome-cluster percentile bootstrap,country?would,1,False,remove detected cue occurrences from AIO predictions; retain a sentence if another detected cue remains,-0.006955412312555172,-5.204170427930421e-18
contextual_hedging,detected_cue_removed,hedged_sentence_rate,Ethnicity,Minority - People,0.021055376307477145,-0.032814448234616295,0.07514400680629672,21,21,paired difference with outcome-cluster percentile bootstrap,country?would,1,False,remove detected cue occurrences from AIO predictions; retain a sentence if another detected cue remains,0.021055376307477152,-6.938893903907228e-18
contextual_hedging,detected_cue_removed,hedged_sentence_rate,Ethnicity,Majority - People,-0.01777179413457609,-0.07619838073198035,0.04504839245793193,21,21,paired difference with outcome-cluster percentile bootstrap,country?would,1,False,remove detected cue occurrences from AIO predictions; retain a sentence if another detected cue remains,-0.017771794134576076,-1.3877787807814457e-17
contextual_hedging,detected_cue_removed,hedged_sentence_rate,Ethnicity,Minority - Majority,0.038827170442053235,-0.02503679428719511,0.09169392232417449,21,21,paired difference with outcome-cluster percentile bootstrap,country?would,1,False,remove detected cue occurrences from AIO predictions; retain a sentence if another detected cue remains,0.03882717044205323,6.938893903907228e-18
contextual_hedging,detected_cue_removed,hedged_sentence_rate,Gender,Minority - People,0.09679180033217301,0.03749274224740063,0.16256835133465566,21,21,paired difference with outcome-cluster percentile bootstrap,country?would,1,False,remove detected cue occurrences from AIO predictions; retain a sentence if another detected cue remains,0.09679180033217301,0.0
contextual_hedging,detected_cue_removed,hedged_sentence_rate,Gender,Majority - People,0.0792282180937643,0.009483051184731852,0.1455621742675314,21,21,paired difference with outcome-cluster percentile bootstrap,country?would,1,False,remove detected cue occurrences from AIO predictions; retain a sentence if another detected cue remains,0.0792282180937643,0.0
contextual_hedging,detected_cue_removed,hedged_sentence_rate,Gender,Minority - Majority,0.017563582238408686,-0.0648677401790756,0.09955256416103146,21,21,paired difference with outcome-cluster percentile bootstrap,country?would,1,False,remove detected cue occurrences from AIO predictions; retain a sentence if another detected cue remains,0.017563582238408697,-1.0408340855860843e-17
contextual_hedging,detected_cue_removed,hedged_sentence_rate,Disability,Minority - People,0.0069788676931533955,-0.06917683011433012,0.08855046408617848,21,21,paired difference with outcome-cluster percentile bootstrap,country?would,1,False,remove detected cue occurrences from AIO predictions; retain a sentence if another detected cue remains,0.006978867693153413,-1.734723475976807e-17
contextual_hedging,detected_cue_removed,hedged_sentence_rate,Disability,Majority - People,0.01631434911510099,-0.04318008623929677,0.07015507310150165,21,21,paired difference with outcome-cluster percentile bootstrap,country?would,1,False,remove detected cue occurrences from AIO predictions; retain a sentence if another detected cue remains,0.016314349115101,-1.0408340855860843e-17
contextual_hedging,detected_cue_removed,hedged_sentence_rate,Disability,Minority - Majority,-0.009335481421947595,-0.09030169896241325,0.07747841939806226,21,21,paired difference with outcome-cluster percentile bootstrap,country?would,1,False,remove detected cue occurrences from AIO predictions; retain a sentence if another detected cue remains,-0.009335481421947582,-1.214306433183765e-17
contextual_hedging,detected_cue_removed,hedged_sentence_rate,Sexual Orientation,Minority - People,0.0668497972124686,-0.0244627194516624,0.15838367553192298,21,21,paired difference with outcome-cluster percentile bootstrap,country?would,1,False,remove detected cue occurrences from AIO predictions; retain a sentence if another detected cue remains,0.0668497972124686,0.0
contextual_hedging,detected_cue_removed,hedged_sentence_rate,Sexual Orientation,Majority - People,0.03781458362203703,-0.04797632340916501,0.12896362214102902,21,21,paired difference with outcome-cluster percentile bootstrap,country?would,1,False,remove detected cue occurrences from AIO predictions; retain a sentence if another detected cue remains,0.037814583622037046,-1.3877787807814457e-17
contextual_hedging,detected_cue_removed,hedged_sentence_rate,Sexual Orientation,Minority - Majority,0.02903521359043156,-0.08183878721166234,0.1439259348886679,21,21,paired difference with outcome-cluster percentile bootstrap,country?would,1,False,remove detected cue occurrences from AIO predictions; retain a sentence if another detected cue remains,0.029035213590431548,1.0408340855860843e-17
contextual_hedging,detected_cue_removed,hedged_sentence_rate,Gender Identity,Minority - People,0.04029427481808434,-0.025348426806760138,0.10303605901820188,21,21,paired difference with outcome-cluster percentile bootstrap,country?would,1,False,remove detected cue occurrences from AIO predictions; retain a sentence if another detected cue remains,0.04029427481808435,-6.938893903907228e-18
contextual_hedging,detected_cue_removed,hedged_sentence_rate,Gender Identity,Majority - People,0.010848000509654641,-0.03672925193366923,0.05577192179165864,21,21,paired difference with outcome-cluster percentile bootstrap,country?would,1,False,remove detected cue occurrences from AIO predictions; retain a sentence if another detected cue remains,0.010848000509654652,-1.0408340855860843e-17
contextual_hedging,detected_cue_removed,hedged_sentence_rate,Gender Identity,Minority - Majority,0.0294462743084297,-0.028176665762818635,0.08376714132666514,21,21,paired difference with outcome-cluster percentile bootstrap,country?would,1,False,remove detected cue occurrences from AIO predictions; retain a sentence if another detected cue remains,0.0294462743084297,0.0
contextual_hedging,detected_cue_removed,hedged_sentence_rate,Race,Minority - People,0.029212182971581468,-0.05078752944354447,0.10691345839137197,21,21,paired difference with outcome-cluster percentile bootstrap,indicating that,1,False,remove detected cue occurrences from AIO predictions; retain a sentence if another detected cue remains,0.029212182971581478,-1.0408340855860843e-17
contextual_hedging,detected_cue_removed,hedged_sentence_rate,Race,Majority - People,0.03616759528413664,-0.02155023965174341,0.08977982465529458,21,21,paired difference with outcome-cluster percentile bootstrap,indicating that,1,False,remove detected cue occurrences from AIO predictions; retain a sentence if another detected cue remains,0.03616759528413665,-6.938893903907228e-18
contextual_hedging,detected_cue_removed,hedged_sentence_rate,Race,Minority - Majority,-0.006955412312555177,-0.08931605396830962,0.07100700703849204,21,21,paired difference with outcome-cluster percentile bootstrap,indicating that,1,False,remove detected cue occurrences from AIO predictions; retain a sentence if another detected cue remains,-0.006955412312555172,-5.204170427930421e-18
contextual_hedging,detected_cue_removed,hedged_sentence_rate,Ethnicity,Minority - People,0.021055376307477145,-0.032814448234616295,0.07514400680629672,21,21,paired difference with outcome-cluster percentile bootstrap,indicating that,1,False,remove detected cue occurrences from AIO predictions; retain a sentence if another detected cue remains,0.021055376307477152,-6.938893903907228e-18
contextual_hedging,detected_cue_removed,hedged_sentence_rate,Ethnicity,Majority - People,-0.01777179413457609,-0.07619838073198035,0.04504839245793193,21,21,paired difference with outcome-cluster percentile bootstrap,indicating that,1,False,remove detected cue occurrences from AIO predictions; retain a sentence if another detected cue remains,-0.017771794134576076,-1.3877787807814457e-17
contextual_hedging,detected_cue_removed,hedged_sentence_rate,Ethnicity,Minority - Majority,0.038827170442053235,-0.02503679428719511,0.09169392232417449,21,21,paired difference with outcome-cluster percentile bootstrap,indicating that,1,False,remove detected cue occurrences from AIO predictions; retain a sentence if another detected cue remains,0.03882717044205323,6.938893903907228e-18
contextual_hedging,detected_cue_removed,hedged_sentence_rate,Gender,Minority - People,0.09679180033217301,0.03749274224740063,0.16256835133465566,21,21,paired difference with outcome-cluster percentile bootstrap,indicating that,1,False,remove detected cue occurrences from AIO predictions; retain a sentence if another detected cue remains,0.09679180033217301,0.0
contextual_hedging,detected_cue_removed,hedged_sentence_rate,Gender,Majority - People,0.0792282180937643,0.009483051184731852,0.1455621742675314,21,21,paired difference with outcome-cluster percentile bootstrap,indicating that,1,False,remove detected cue occurrences from AIO predictions; retain a sentence if another detected cue remains,0.0792282180937643,0.0
contextual_hedging,detected_cue_removed,hedged_sentence_rate,Gender,Minority - Majority,0.017563582238408686,-0.0648677401790756,0.09955256416103146,21,21,paired difference with outcome-cluster percentile bootstrap,indicating that,1,False,remove detected cue occurrences from AIO predictions; retain a sentence if another detected cue remains,0.017563582238408697,-1.0408340855860843e-17
contextual_hedging,detected_cue_removed,hedged_sentence_rate,Disability,Minority - People,0.0069788676931533955,-0.06917683011433012,0.08855046408617848,21,21,paired difference with outcome-cluster percentile bootstrap,indicating that,1,False,remove detected cue occurrences from AIO predictions; retain a sentence if another detected cue remains,0.006978867693153413,-1.734723475976807e-17
contextual_hedging,detected_cue_removed,hedged_sentence_rate,Disability,Majority - People,0.01631434911510099,-0.04318008623929677,0.07015507310150165,21,21,paired difference with outcome-cluster percentile bootstrap,indicating that,1,False,remove detected cue occurrences from AIO predictions; retain a sentence if another detected cue remains,0.016314349115101,-1.0408340855860843e-17
contextual_hedging,detected_cue_removed,hedged_sentence_rate,Disability,Minority - Majority,-0.009335481421947595,-0.09030169896241325,0.07747841939806226,21,21,paired difference with outcome-cluster percentile bootstrap,indicating that,1,False,remove detected cue occurrences from AIO predictions; retain a sentence if another detected cue remains,-0.009335481421947582,-1.214306433183765e-17
contextual_hedging,detected_cue_removed,hedged_sentence_rate,Sexual Orientation,Minority - People,0.0668497972124686,-0.0244627194516624,0.15838367553192298,21,21,paired difference with outcome-cluster percentile bootstrap,indicating that,1,False,remove detected cue occurrences from AIO predictions; retain a sentence if another detected cue remains,0.0668497972124686,0.0
contextual_hedging,detected_cue_removed,hedged_sentence_rate,Sexual Orientation,Majority - People,0.03781458362203703,-0.04797632340916501,0.12896362214102902,21,21,paired difference with outcome-cluster percentile bootstrap,indicating that,1,False,remove detected cue occurrences from AIO predictions; retain a sentence if another detected cue remains,0.037814583622037046,-1.3877787807814457e-17
contextual_hedging,detected_cue_removed,hedged_sentence_rate,Sexual Orientation,Minority - Majority,0.02903521359043156,-0.08183878721166234,0.1439259348886679,21,21,paired difference with outcome-cluster percentile bootstrap,indicating that,1,False,remove detected cue occurrences from AIO predictions; retain a sentence if another detected cue remains,0.029035213590431548,1.0408340855860843e-17
contextual_hedging,detected_cue_removed,hedged_sentence_rate,Gender Identity,Minority - People,0.04029427481808434,-0.025348426806760138,0.10303605901820188,21,21,paired difference with outcome-cluster percentile bootstrap,indicating that,1,False,remove detected cue occurrences from AIO predictions; retain a sentence if another detected cue remains,0.04029427481808435,-6.938893903907228e-18
contextual_hedging,detected_cue_removed,hedged_sentence_rate,Gender Identity,Majority - People,0.010848000509654641,-0.03672925193366923,0.05577192179165864,21,21,paired difference with outcome-cluster percentile bootstrap,indicating that,1,False,remove detected cue occurrences from AIO predictions; retain a sentence if another detected cue remains,0.010848000509654652,-1.0408340855860843e-17
contextual_hedging,detected_cue_removed,hedged_sentence_rate,Gender Identity,Minority - Majority,0.0294462743084297,-0.028176665762818635,0.08376714132666514,21,21,paired difference with outcome-cluster percentile bootstrap,indicating that,1,False,remove detected cue occurrences from AIO predictions; retain a sentence if another detected cue remains,0.0294462743084297,0.0
contextual_hedging,detected_cue_removed,hedged_sentence_rate,Race,Minority - People,0.029212182971581468,-0.05078752944354447,0.10691345839137197,21,21,paired difference with outcome-cluster percentile bootstrap,believing,1,False,remove detected cue occurrences from AIO predictions; retain a sentence if another detected cue remains,0.029212182971581478,-1.0408340855860843e-17
contextual_hedging,detected_cue_removed,hedged_sentence_rate,Race,Majority - People,0.03616759528413664,-0.02155023965174341,0.08977982465529458,21,21,paired difference with outcome-cluster percentile bootstrap,believing,1,False,remove detected cue occurrences from AIO predictions; retain a sentence if another detected cue remains,0.03616759528413665,-6.938893903907228e-18
contextual_hedging,detected_cue_removed,hedged_sentence_rate,Race,Minority - Majority,-0.006955412312555177,-0.08931605396830962,0.07100700703849204,21,21,paired difference with outcome-cluster percentile bootstrap,believing,1,False,remove detected cue occurrences from AIO predictions; retain a sentence if another detected cue remains,-0.006955412312555172,-5.204170427930421e-18
contextual_hedging,detected_cue_removed,hedged_sentence_rate,Ethnicity,Minority - People,0.016726371978472817,-0.04235440932394714,0.07302756543565368,21,21,paired difference with outcome-cluster percentile bootstrap,believing,1,False,remove detected cue occurrences from AIO predictions; retain a sentence if another detected cue remains,0.021055376307477152,-0.004329004329004335
contextual_hedging,detected_cue_removed,hedged_sentence_rate,Ethnicity,Majority - People,-0.01777179413457609,-0.07619838073198035,0.04504839245793193,21,21,paired difference with outcome-cluster percentile bootstrap,believing,1,False,remove detected cue occurrences from AIO predictions; retain a sentence if another detected cue remains,-0.017771794134576076,-1.3877787807814457e-17
contextual_hedging,detected_cue_removed,hedged_sentence_rate,Ethnicity,Minority - Majority,0.034498166113048914,-0.028488512778235248,0.08826745135699969,21,21,paired difference with outcome-cluster percentile bootstrap,believing,1,False,remove detected cue occurrences from AIO predictions; retain a sentence if another detected cue remains,0.03882717044205323,-0.004329004329004314
contextual_hedging,detected_cue_removed,hedged_sentence_rate,Gender,Minority - People,0.09679180033217301,0.03749274224740063,0.16256835133465566,21,21,paired difference with outcome-cluster percentile bootstrap,believing,1,False,remove detected cue occurrences from AIO predictions; retain a sentence if another detected cue remains,0.09679180033217301,0.0
contextual_hedging,detected_cue_removed,hedged_sentence_rate,Gender,Majority - People,0.0792282180937643,0.009483051184731852,0.1455621742675314,21,21,paired difference with outcome-cluster percentile bootstrap,believing,1,False,remove detected cue occurrences from AIO predictions; retain a sentence if another detected cue remains,0.0792282180937643,0.0
contextual_hedging,detected_cue_removed,hedged_sentence_rate,Gender,Minority - Majority,0.017563582238408686,-0.0648677401790756,0.09955256416103146,21,21,paired difference with outcome-cluster percentile bootstrap,believing,1,False,remove detected cue occurrences from AIO predictions; retain a sentence if another detected cue remains,0.017563582238408697,-1.0408340855860843e-17
contextual_hedging,detected_cue_removed,hedged_sentence_rate,Disability,Minority - People,0.0069788676931533955,-0.06917683011433012,0.08855046408617848,21,21,paired difference with outcome-cluster percentile bootstrap,believing,1,False,remove detected cue occurrences from AIO predictions; retain a sentence if another detected cue remains,0.006978867693153413,-1.734723475976807e-17
contextual_hedging,detected_cue_removed,hedged_sentence_rate,Disability,Majority - People,0.01631434911510099,-0.04318008623929677,0.07015507310150165,21,21,paired difference with outcome-cluster percentile bootstrap,believing,1,False,remove detected cue occurrences from AIO predictions; retain a sentence if another detected cue remains,0.016314349115101,-1.0408340855860843e-17
contextual_hedging,detected_cue_removed,hedged_sentence_rate,Disability,Minority - Majority,-0.009335481421947595,-0.09030169896241325,0.07747841939806226,21,21,paired difference with outcome-cluster percentile bootstrap,believing,1,False,remove detected cue occurrences from AIO predictions; retain a sentence if another detected cue remains,-0.009335481421947582,-1.214306433183765e-17
contextual_hedging,detected_cue_removed,hedged_sentence_rate,Sexual Orientation,Minority - People,0.0668497972124686,-0.0244627194516624,0.15838367553192298,21,21,paired difference with outcome-cluster percentile bootstrap,believing,1,False,remove detected cue occurrences from AIO predictions; retain a sentence if another detected cue remains,0.0668497972124686,0.0
contextual_hedging,detected_cue_removed,hedged_sentence_rate,Sexual Orientation,Majority - People,0.03781458362203703,-0.04797632340916501,0.12896362214102902,21,21,paired difference with outcome-cluster percentile bootstrap,believing,1,False,remove detected cue occurrences from AIO predictions; retain a sentence if another detected cue remains,0.037814583622037046,-1.3877787807814457e-17
contextual_hedging,detected_cue_removed,hedged_sentence_rate,Sexual Orientation,Minority - Majority,0.02903521359043156,-0.08183878721166234,0.1439259348886679,21,21,paired difference with outcome-cluster percentile bootstrap,believing,1,False,remove detected cue occurrences from AIO predictions; retain a sentence if another detected cue remains,0.029035213590431548,1.0408340855860843e-17
contextual_hedging,detected_cue_removed,hedged_sentence_rate,Gender Identity,Minority - People,0.04029427481808434,-0.025348426806760138,0.10303605901820188,21,21,paired difference with outcome-cluster percentile bootstrap,believing,1,False,remove detected cue occurrences from AIO predictions; retain a sentence if another detected cue remains,0.04029427481808435,-6.938893903907228e-18
contextual_hedging,detected_cue_removed,hedged_sentence_rate,Gender Identity,Majority - People,0.010848000509654641,-0.03672925193366923,0.05577192179165864,21,21,paired difference with outcome-cluster percentile bootstrap,believing,1,False,remove detected cue occurrences from AIO predictions; retain a sentence if another detected cue remains,0.010848000509654652,-1.0408340855860843e-17
contextual_hedging,detected_cue_removed,hedged_sentence_rate,Gender Identity,Minority - Majority,0.0294462743084297,-0.028176665762818635,0.08376714132666514,21,21,paired difference with outcome-cluster percentile bootstrap,believing,1,False,remove detected cue occurrences from AIO predictions; retain a sentence if another detected cue remains,0.0294462743084297,0.0
contextual_hedging,detected_cue_removed,hedged_sentence_rate,Race,Minority - People,0.029212182971581468,-0.05078752944354447,0.10691345839137197,21,21,paired difference with outcome-cluster percentile bootstrap,indicates,1,False,remove detected cue occurrences from AIO predictions; retain a sentence if another detected cue remains,0.029212182971581478,-1.0408340855860843e-17
contextual_hedging,detected_cue_removed,hedged_sentence_rate,Race,Majority - People,0.03616759528413664,-0.02155023965174341,0.08977982465529458,21,21,paired difference with outcome-cluster percentile bootstrap,indicates,1,False,remove detected cue occurrences from AIO predictions; retain a sentence if another detected cue remains,0.03616759528413665,-6.938893903907228e-18
contextual_hedging,detected_cue_removed,hedged_sentence_rate,Race,Minority - Majority,-0.006955412312555177,-0.08931605396830962,0.07100700703849204,21,21,paired difference with outcome-cluster percentile bootstrap,indicates,1,False,remove detected cue occurrences from AIO predictions; retain a sentence if another detected cue remains,-0.006955412312555172,-5.204170427930421e-18
contextual_hedging,detected_cue_removed,hedged_sentence_rate,Ethnicity,Minority - People,0.01765401576325946,-0.03413114323040794,0.06928687675536416,21,21,paired difference with outcome-cluster percentile bootstrap,indicates,1,False,remove detected cue occurrences from AIO predictions; retain a sentence if another detected cue remains,0.021055376307477152,-0.003401360544217691
contextual_hedging,detected_cue_removed,hedged_sentence_rate,Ethnicity,Majority - People,-0.01777179413457609,-0.07619838073198035,0.04504839245793193,21,21,paired difference with outcome-cluster percentile bootstrap,indicates,1,False,remove detected cue occurrences from AIO predictions; retain a sentence if another detected cue remains,-0.017771794134576076,-1.3877787807814457e-17
contextual_hedging,detected_cue_removed,hedged_sentence_rate,Ethnicity,Minority - Majority,0.035425809897835545,-0.02930365822974182,0.09060481758748566,21,21,paired difference with outcome-cluster percentile bootstrap,indicates,1,False,remove detected cue occurrences from AIO predictions; retain a sentence if another detected cue remains,0.03882717044205323,-0.003401360544217684
contextual_hedging,detected_cue_removed,hedged_sentence_rate,Gender,Minority - People,0.09679180033217301,0.03749274224740063,0.16256835133465566,21,21,paired difference with outcome-cluster percentile bootstrap,indicates,1,False,remove detected cue occurrences from AIO predictions; retain a sentence if another detected cue remains,0.09679180033217301,0.0
contextual_hedging,detected_cue_removed,hedged_sentence_rate,Gender,Majority - People,0.0792282180937643,0.009483051184731852,0.1455621742675314,21,21,paired difference with outcome-cluster percentile bootstrap,indicates,1,False,remove detected cue occurrences from AIO predictions; retain a sentence if another detected cue remains,0.0792282180937643,0.0
contextual_hedging,detected_cue_removed,hedged_sentence_rate,Gender,Minority - Majority,0.017563582238408686,-0.0648677401790756,0.09955256416103146,21,21,paired difference with outcome-cluster percentile bootstrap,indicates,1,False,remove detected cue occurrences from AIO predictions; retain a sentence if another detected cue remains,0.017563582238408697,-1.0408340855860843e-17
contextual_hedging,detected_cue_removed,hedged_sentence_rate,Disability,Minority - People,0.0069788676931533955,-0.06917683011433012,0.08855046408617848,21,21,paired difference with outcome-cluster percentile bootstrap,indicates,1,False,remove detected cue occurrences from AIO predictions; retain a sentence if another detected cue remains,0.006978867693153413,-1.734723475976807e-17
contextual_hedging,detected_cue_removed,hedged_sentence_rate,Disability,Majority - People,0.01631434911510099,-0.04318008623929677,0.07015507310150165,21,21,paired difference with outcome-cluster percentile bootstrap,indicates,1,False,remove detected cue occurrences from AIO predictions; retain a sentence if another detected cue remains,0.016314349115101,-1.0408340855860843e-17
contextual_hedging,detected_cue_removed,hedged_sentence_rate,Disability,Minority - Majority,-0.009335481421947595,-0.09030169896241325,0.07747841939806226,21,21,paired difference with outcome-cluster percentile bootstrap,indicates,1,False,remove detected cue occurrences from AIO predictions; retain a sentence if another detected cue remains,-0.009335481421947582,-1.214306433183765e-17
contextual_hedging,detected_cue_removed,hedged_sentence_rate,Sexual Orientation,Minority - People,0.0668497972124686,-0.0244627194516624,0.15838367553192298,21,21,paired difference with outcome-cluster percentile bootstrap,indicates,1,False,remove detected cue occurrences from AIO predictions; retain a sentence if another detected cue remains,0.0668497972124686,0.0
contextual_hedging,detected_cue_removed,hedged_sentence_rate,Sexual Orientation,Majority - People,0.03781458362203703,-0.04797632340916501,0.12896362214102902,21,21,paired difference with outcome-cluster percentile bootstrap,indicates,1,False,remove detected cue occurrences from AIO predictions; retain a sentence if another detected cue remains,0.037814583622037046,-1.3877787807814457e-17
contextual_hedging,detected_cue_removed,hedged_sentence_rate,Sexual Orientation,Minority - Majority,0.02903521359043156,-0.08183878721166234,0.1439259348886679,21,21,paired difference with outcome-cluster percentile bootstrap,indicates,1,False,remove detected cue occurrences from AIO predictions; retain a sentence if another detected cue remains,0.029035213590431548,1.0408340855860843e-17
contextual_hedging,detected_cue_removed,hedged_sentence_rate,Gender Identity,Minority - People,0.04029427481808434,-0.025348426806760138,0.10303605901820188,21,21,paired difference with outcome-cluster percentile bootstrap,indicates,1,False,remove detected cue occurrences from AIO predictions; retain a sentence if another detected cue remains,0.04029427481808435,-6.938893903907228e-18
contextual_hedging,detected_cue_removed,hedged_sentence_rate,Gender Identity,Majority - People,0.010848000509654641,-0.03672925193366923,0.05577192179165864,21,21,paired difference with outcome-cluster percentile bootstrap,indicates,1,False,remove detected cue occurrences from AIO predictions; retain a sentence if another detected cue remains,0.010848000509654652,-1.0408340855860843e-17
contextual_hedging,detected_cue_removed,hedged_sentence_rate,Gender Identity,Minority - Majority,0.0294462743084297,-0.028176665762818635,0.08376714132666514,21,21,paired difference with outcome-cluster percentile bootstrap,indicates,1,False,remove detected cue occurrences from AIO predictions; retain a sentence if another detected cue remains,0.0294462743084297,0.0
contextual_hedging,detected_cue_removed,hedged_sentence_rate,Race,Minority - People,0.029212182971581468,-0.05078752944354447,0.10691345839137197,21,21,paired difference with outcome-cluster percentile bootstrap,support,1,False,remove detected cue occurrences from AIO predictions; retain a sentence if another detected cue remains,0.029212182971581478,-1.0408340855860843e-17
contextual_hedging,detected_cue_removed,hedged_sentence_rate,Race,Majority - People,0.03616759528413664,-0.02155023965174341,0.08977982465529458,21,21,paired difference with outcome-cluster percentile bootstrap,support,1,False,remove detected cue occurrences from AIO predictions; retain a sentence if another detected cue remains,0.03616759528413665,-6.938893903907228e-18
contextual_hedging,detected_cue_removed,hedged_sentence_rate,Race,Minority - Majority,-0.006955412312555177,-0.08931605396830962,0.07100700703849204,21,21,paired difference with outcome-cluster percentile bootstrap,support,1,False,remove detected cue occurrences from AIO predictions; retain a sentence if another detected cue remains,-0.006955412312555172,-5.204170427930421e-18
contextual_hedging,detected_cue_removed,hedged_sentence_rate,Ethnicity,Minority - People,0.021055376307477145,-0.032814448234616295,0.07514400680629672,21,21,paired difference with outcome-cluster percentile bootstrap,support,1,False,remove detected cue occurrences from AIO predictions; retain a sentence if another detected cue remains,0.021055376307477152,-6.938893903907228e-18
contextual_hedging,detected_cue_removed,hedged_sentence_rate,Ethnicity,Majority - People,-0.01777179413457609,-0.07619838073198035,0.04504839245793193,21,21,paired difference with outcome-cluster percentile bootstrap,support,1,False,remove detected cue occurrences from AIO predictions; retain a sentence if another detected cue remains,-0.017771794134576076,-1.3877787807814457e-17
contextual_hedging,detected_cue_removed,hedged_sentence_rate,Ethnicity,Minority - Majority,0.038827170442053235,-0.02503679428719511,0.09169392232417449,21,21,paired difference with outcome-cluster percentile bootstrap,support,1,False,remove detected cue occurrences from AIO predictions; retain a sentence if another detected cue remains,0.03882717044205323,6.938893903907228e-18
contextual_hedging,detected_cue_removed,hedged_sentence_rate,Gender,Minority - People,0.09679180033217301,0.03749274224740063,0.16256835133465566,21,21,paired difference with outcome-cluster percentile bootstrap,support,1,False,remove detected cue occurrences from AIO predictions; retain a sentence if another detected cue remains,0.09679180033217301,0.0
contextual_hedging,detected_cue_removed,hedged_sentence_rate,Gender,Majority - People,0.0792282180937643,0.009483051184731852,0.1455621742675314,21,21,paired difference with outcome-cluster percentile bootstrap,support,1,False,remove detected cue occurrences from AIO predictions; retain a sentence if another detected cue remains,0.0792282180937643,0.0
contextual_hedging,detected_cue_removed,hedged_sentence_rate,Gender,Minority - Majority,0.017563582238408686,-0.0648677401790756,0.09955256416103146,21,21,paired difference with outcome-cluster percentile bootstrap,support,1,False,remove detected cue occurrences from AIO predictions; retain a sentence if another detected cue remains,0.017563582238408697,-1.0408340855860843e-17
contextual_hedging,detected_cue_removed,hedged_sentence_rate,Disability,Minority - People,0.0069788676931533955,-0.06917683011433012,0.08855046408617848,21,21,paired difference with outcome-cluster percentile bootstrap,support,1,False,remove detected cue occurrences from AIO predictions; retain a sentence if another detected cue remains,0.006978867693153413,-1.734723475976807e-17
contextual_hedging,detected_cue_removed,hedged_sentence_rate,Disability,Majority - People,0.01631434911510099,-0.04318008623929677,0.07015507310150165,21,21,paired difference with outcome-cluster percentile bootstrap,support,1,False,remove detected cue occurrences from AIO predictions; retain a sentence if another detected cue remains,0.016314349115101,-1.0408340855860843e-17
contextual_hedging,detected_cue_removed,hedged_sentence_rate,Disability,Minority - Majority,-0.009335481421947595,-0.09030169896241325,0.07747841939806226,21,21,paired difference with outcome-cluster percentile bootstrap,support,1,False,remove detected cue occurrences from AIO predictions; retain a sentence if another detected cue remains,-0.009335481421947582,-1.214306433183765e-17
contextual_hedging,detected_cue_removed,hedged_sentence_rate,Sexual Orientation,Minority - People,0.0668497972124686,-0.0244627194516624,0.15838367553192298,21,21,paired difference with outcome-cluster percentile bootstrap,support,1,False,remove detected cue occurrences from AIO predictions; retain a sentence if another detected cue remains,0.0668497972124686,0.0
contextual_hedging,detected_cue_removed,hedged_sentence_rate,Sexual Orientation,Majority - People,0.03781458362203703,-0.04797632340916501,0.12896362214102902,21,21,paired difference with outcome-cluster percentile bootstrap,support,1,False,remove detected cue occurrences from AIO predictions; retain a sentence if another detected cue remains,0.037814583622037046,-1.3877787807814457e-17
contextual_hedging,detected_cue_removed,hedged_sentence_rate,Sexual Orientation,Minority - Majority,0.02903521359043156,-0.08183878721166234,0.1439259348886679,21,21,paired difference with outcome-cluster percentile bootstrap,support,1,False,remove detected cue occurrences from AIO predictions; retain a sentence if another detected cue remains,0.029035213590431548,1.0408340855860843e-17
contextual_hedging,detected_cue_removed,hedged_sentence_rate,Gender Identity,Minority - People,0.04029427481808434,-0.025348426806760138,0.10303605901820188,21,21,paired difference with outcome-cluster percentile bootstrap,support,1,False,remove detected cue occurrences from AIO predictions; retain a sentence if another detected cue remains,0.04029427481808435,-6.938893903907228e-18
contextual_hedging,detected_cue_removed,hedged_sentence_rate,Gender Identity,Majority - People,0.010848000509654641,-0.03672925193366923,0.05577192179165864,21,21,paired difference with outcome-cluster percentile bootstrap,support,1,False,remove detected cue occurrences from AIO predictions; retain a sentence if another detected cue remains,0.010848000509654652,-1.0408340855860843e-17
contextual_hedging,detected_cue_removed,hedged_sentence_rate,Gender Identity,Minority - Majority,0.0294462743084297,-0.028176665762818635,0.08376714132666514,21,21,paired difference with outcome-cluster percentile bootstrap,support,1,False,remove detected cue occurrences from AIO predictions; retain a sentence if another detected cue remains,0.0294462743084297,0.0
contextual_hedging,detected_cue_removed,hedged_sentence_rate,Race,Minority - People,0.029212182971581468,-0.05078752944354447,0.10691345839137197,21,21,paired difference with outcome-cluster percentile bootstrap,released,1,False,remove detected cue occurrences from AIO predictions; retain a sentence if another detected cue remains,0.029212182971581478,-1.0408340855860843e-17
contextual_hedging,detected_cue_removed,hedged_sentence_rate,Race,Majority - People,0.03616759528413664,-0.02155023965174341,0.08977982465529458,21,21,paired difference with outcome-cluster percentile bootstrap,released,1,False,remove detected cue occurrences from AIO predictions; retain a sentence if another detected cue remains,0.03616759528413665,-6.938893903907228e-18
contextual_hedging,detected_cue_removed,hedged_sentence_rate,Race,Minority - Majority,-0.006955412312555177,-0.08931605396830962,0.07100700703849204,21,21,paired difference with outcome-cluster percentile bootstrap,released,1,False,remove detected cue occurrences from AIO predictions; retain a sentence if another detected cue remains,-0.006955412312555172,-5.204170427930421e-18
contextual_hedging,detected_cue_removed,hedged_sentence_rate,Ethnicity,Minority - People,0.021055376307477145,-0.032814448234616295,0.07514400680629672,21,21,paired difference with outcome-cluster percentile bootstrap,released,1,False,remove detected cue occurrences from AIO predictions; retain a sentence if another detected cue remains,0.021055376307477152,-6.938893903907228e-18
contextual_hedging,detected_cue_removed,hedged_sentence_rate,Ethnicity,Majority - People,-0.01777179413457609,-0.07619838073198035,0.04504839245793193,21,21,paired difference with outcome-cluster percentile bootstrap,released,1,False,remove detected cue occurrences from AIO predictions; retain a sentence if another detected cue remains,-0.017771794134576076,-1.3877787807814457e-17
contextual_hedging,detected_cue_removed,hedged_sentence_rate,Ethnicity,Minority - Majority,0.038827170442053235,-0.02503679428719511,0.09169392232417449,21,21,paired difference with outcome-cluster percentile bootstrap,released,1,False,remove detected cue occurrences from AIO predictions; retain a sentence if another detected cue remains,0.03882717044205323,6.938893903907228e-18
contextual_hedging,detected_cue_removed,hedged_sentence_rate,Gender,Minority - People,0.09679180033217301,0.03749274224740063,0.16256835133465566,21,21,paired difference with outcome-cluster percentile bootstrap,released,1,False,remove detected cue occurrences from AIO predictions; retain a sentence if another detected cue remains,0.09679180033217301,0.0
contextual_hedging,detected_cue_removed,hedged_sentence_rate,Gender,Majority - People,0.0792282180937643,0.009483051184731852,0.1455621742675314,21,21,paired difference with outcome-cluster percentile bootstrap,released,1,False,remove detected cue occurrences from AIO predictions; retain a sentence if another detected cue remains,0.0792282180937643,0.0
contextual_hedging,detected_cue_removed,hedged_sentence_rate,Gender,Minority - Majority,0.017563582238408686,-0.0648677401790756,0.09955256416103146,21,21,paired difference with outcome-cluster percentile bootstrap,released,1,False,remove detected cue occurrences from AIO predictions; retain a sentence if another detected cue remains,0.017563582238408697,-1.0408340855860843e-17
contextual_hedging,detected_cue_removed,hedged_sentence_rate,Disability,Minority - People,0.0069788676931533955,-0.06917683011433012,0.08855046408617848,21,21,paired difference with outcome-cluster percentile bootstrap,released,1,False,remove detected cue occurrences from AIO predictions; retain a sentence if another detected cue remains,0.006978867693153413,-1.734723475976807e-17
contextual_hedging,detected_cue_removed,hedged_sentence_rate,Disability,Majority - People,0.01631434911510099,-0.04318008623929677,0.07015507310150165,21,21,paired difference with outcome-cluster percentile bootstrap,released,1,False,remove detected cue occurrences from AIO predictions; retain a sentence if another detected cue remains,0.016314349115101,-1.0408340855860843e-17
contextual_hedging,detected_cue_removed,hedged_sentence_rate,Disability,Minority - Majority,-0.009335481421947595,-0.09030169896241325,0.07747841939806226,21,21,paired difference with outcome-cluster percentile bootstrap,released,1,False,remove detected cue occurrences from AIO predictions; retain a sentence if another detected cue remains,-0.009335481421947582,-1.214306433183765e-17
contextual_hedging,detected_cue_removed,hedged_sentence_rate,Sexual Orientation,Minority - People,0.0668497972124686,-0.0244627194516624,0.15838367553192298,21,21,paired difference with outcome-cluster percentile bootstrap,released,1,False,remove detected cue occurrences from AIO predictions; retain a sentence if another detected cue remains,0.0668497972124686,0.0
contextual_hedging,detected_cue_removed,hedged_sentence_rate,Sexual Orientation,Majority - People,0.03781458362203703,-0.04797632340916501,0.12896362214102902,21,21,paired difference with outcome-cluster percentile bootstrap,released,1,False,remove detected cue occurrences from AIO predictions; retain a sentence if another detected cue remains,0.037814583622037046,-1.3877787807814457e-17
contextual_hedging,detected_cue_removed,hedged_sentence_rate,Sexual Orientation,Minority - Majority,0.02903521359043156,-0.08183878721166234,0.1439259348886679,21,21,paired difference with outcome-cluster percentile bootstrap,released,1,False,remove detected cue occurrences from AIO predictions; retain a sentence if another detected cue remains,0.029035213590431548,1.0408340855860843e-17
contextual_hedging,detected_cue_removed,hedged_sentence_rate,Gender Identity,Minority - People,0.04029427481808434,-0.025348426806760138,0.10303605901820188,21,21,paired difference with outcome-cluster percentile bootstrap,released,1,False,remove detected cue occurrences from AIO predictions; retain a sentence if another detected cue remains,0.04029427481808435,-6.938893903907228e-18
contextual_hedging,detected_cue_removed,hedged_sentence_rate,Gender Identity,Majority - People,0.010848000509654641,-0.03672925193366923,0.05577192179165864,21,21,paired difference with outcome-cluster percentile bootstrap,released,1,False,remove detected cue occurrences from AIO predictions; retain a sentence if another detected cue remains,0.010848000509654652,-1.0408340855860843e-17
contextual_hedging,detected_cue_removed,hedged_sentence_rate,Gender Identity,Minority - Majority,0.0294462743084297,-0.028176665762818635,0.08376714132666514,21,21,paired difference with outcome-cluster percentile bootstrap,released,1,False,remove detected cue occurrences from AIO predictions; retain a sentence if another detected cue remains,0.0294462743084297,0.0
contextual_hedging,detected_cue_removed,hedged_sentence_rate,Race,Minority - People,0.029212182971581468,-0.05078752944354447,0.10691345839137197,21,21,paired difference with outcome-cluster percentile bootstrap,suspect,1,False,remove detected cue occurrences from AIO predictions; retain a sentence if another detected cue remains,0.029212182971581478,-1.0408340855860843e-17
contextual_hedging,detected_cue_removed,hedged_sentence_rate,Race,Majority - People,0.03616759528413664,-0.02155023965174341,0.08977982465529458,21,21,paired difference with outcome-cluster percentile bootstrap,suspect,1,False,remove detected cue occurrences from AIO predictions; retain a sentence if another detected cue remains,0.03616759528413665,-6.938893903907228e-18
contextual_hedging,detected_cue_removed,hedged_sentence_rate,Race,Minority - Majority,-0.006955412312555177,-0.08931605396830962,0.07100700703849204,21,21,paired difference with outcome-cluster percentile bootstrap,suspect,1,False,remove detected cue occurrences from AIO predictions; retain a sentence if another detected cue remains,-0.006955412312555172,-5.204170427930421e-18
contextual_hedging,detected_cue_removed,hedged_sentence_rate,Ethnicity,Minority - People,0.021055376307477145,-0.032814448234616295,0.07514400680629672,21,21,paired difference with outcome-cluster percentile bootstrap,suspect,1,False,remove detected cue occurrences from AIO predictions; retain a sentence if another detected cue remains,0.021055376307477152,-6.938893903907228e-18
contextual_hedging,detected_cue_removed,hedged_sentence_rate,Ethnicity,Majority - People,-0.01777179413457609,-0.07619838073198035,0.04504839245793193,21,21,paired difference with outcome-cluster percentile bootstrap,suspect,1,False,remove detected cue occurrences from AIO predictions; retain a sentence if another detected cue remains,-0.017771794134576076,-1.3877787807814457e-17
contextual_hedging,detected_cue_removed,hedged_sentence_rate,Ethnicity,Minority - Majority,0.038827170442053235,-0.02503679428719511,0.09169392232417449,21,21,paired difference with outcome-cluster percentile bootstrap,suspect,1,False,remove detected cue occurrences from AIO predictions; retain a sentence if another detected cue remains,0.03882717044205323,6.938893903907228e-18
contextual_hedging,detected_cue_removed,hedged_sentence_rate,Gender,Minority - People,0.09679180033217301,0.03749274224740063,0.16256835133465566,21,21,paired difference with outcome-cluster percentile bootstrap,suspect,1,False,remove detected cue occurrences from AIO predictions; retain a sentence if another detected cue remains,0.09679180033217301,0.0
contextual_hedging,detected_cue_removed,hedged_sentence_rate,Gender,Majority - People,0.0792282180937643,0.009483051184731852,0.1455621742675314,21,21,paired difference with outcome-cluster percentile bootstrap,suspect,1,False,remove detected cue occurrences from AIO predictions; retain a sentence if another detected cue remains,0.0792282180937643,0.0
contextual_hedging,detected_cue_removed,hedged_sentence_rate,Gender,Minority - Majority,0.017563582238408686,-0.0648677401790756,0.09955256416103146,21,21,paired difference with outcome-cluster percentile bootstrap,suspect,1,False,remove detected cue occurrences from AIO predictions; retain a sentence if another detected cue remains,0.017563582238408697,-1.0408340855860843e-17
contextual_hedging,detected_cue_removed,hedged_sentence_rate,Disability,Minority - People,0.0069788676931533955,-0.06917683011433012,0.08855046408617848,21,21,paired difference with outcome-cluster percentile bootstrap,suspect,1,False,remove detected cue occurrences from AIO predictions; retain a sentence if another detected cue remains,0.006978867693153413,-1.734723475976807e-17
contextual_hedging,detected_cue_removed,hedged_sentence_rate,Disability,Majority - People,0.01631434911510099,-0.04318008623929677,0.07015507310150165,21,21,paired difference with outcome-cluster percentile bootstrap,suspect,1,False,remove detected cue occurrences from AIO predictions; retain a sentence if another detected cue remains,0.016314349115101,-1.0408340855860843e-17
contextual_hedging,detected_cue_removed,hedged_sentence_rate,Disability,Minority - Majority,-0.009335481421947595,-0.09030169896241325,0.07747841939806226,21,21,paired difference with outcome-cluster percentile bootstrap,suspect,1,False,remove detected cue occurrences from AIO predictions; retain a sentence if another detected cue remains,-0.009335481421947582,-1.214306433183765e-17
contextual_hedging,detected_cue_removed,hedged_sentence_rate,Sexual Orientation,Minority - People,0.0668497972124686,-0.0244627194516624,0.15838367553192298,21,21,paired difference with outcome-cluster percentile bootstrap,suspect,1,False,remove detected cue occurrences from AIO predictions; retain a sentence if another detected cue remains,0.0668497972124686,0.0
contextual_hedging,detected_cue_removed,hedged_sentence_rate,Sexual Orientation,Majority - People,0.03781458362203703,-0.04797632340916501,0.12896362214102902,21,21,paired difference with outcome-cluster percentile bootstrap,suspect,1,False,remove detected cue occurrences from AIO predictions; retain a sentence if another detected cue remains,0.037814583622037046,-1.3877787807814457e-17
contextual_hedging,detected_cue_removed,hedged_sentence_rate,Sexual Orientation,Minority - Majority,0.02903521359043156,-0.08183878721166234,0.1439259348886679,21,21,paired difference with outcome-cluster percentile bootstrap,suspect,1,False,remove detected cue occurrences from AIO predictions; retain a sentence if another detected cue remains,0.029035213590431548,1.0408340855860843e-17
contextual_hedging,detected_cue_removed,hedged_sentence_rate,Gender Identity,Minority - People,0.04029427481808434,-0.025348426806760138,0.10303605901820188,21,21,paired difference with outcome-cluster percentile bootstrap,suspect,1,False,remove detected cue occurrences from AIO predictions; retain a sentence if another detected cue remains,0.04029427481808435,-6.938893903907228e-18
contextual_hedging,detected_cue_removed,hedged_sentence_rate,Gender Identity,Majority - People,0.010848000509654641,-0.03672925193366923,0.05577192179165864,21,21,paired difference with outcome-cluster percentile bootstrap,suspect,1,False,remove detected cue occurrences from AIO predictions; retain a sentence if another detected cue remains,0.010848000509654652,-1.0408340855860843e-17
contextual_hedging,detected_cue_removed,hedged_sentence_rate,Gender Identity,Minority - Majority,0.0294462743084297,-0.028176665762818635,0.08376714132666514,21,21,paired difference with outcome-cluster percentile bootstrap,suspect,1,False,remove detected cue occurrences from AIO predictions; retain a sentence if another detected cue remains,0.0294462743084297,0.0
contextual_hedging,detected_cue_removed,hedged_sentence_rate,Race,Minority - People,0.029212182971581468,-0.05078752944354447,0.10691345839137197,21,21,paired difference with outcome-cluster percentile bootstrap,believed,1,False,remove detected cue occurrences from AIO predictions; retain a sentence if another detected cue remains,0.029212182971581478,-1.0408340855860843e-17
contextual_hedging,detected_cue_removed,hedged_sentence_rate,Race,Majority - People,0.03616759528413664,-0.02155023965174341,0.08977982465529458,21,21,paired difference with outcome-cluster percentile bootstrap,believed,1,False,remove detected cue occurrences from AIO predictions; retain a sentence if another detected cue remains,0.03616759528413665,-6.938893903907228e-18
contextual_hedging,detected_cue_removed,hedged_sentence_rate,Race,Minority - Majority,-0.006955412312555177,-0.08931605396830962,0.07100700703849204,21,21,paired difference with outcome-cluster percentile bootstrap,believed,1,False,remove detected cue occurrences from AIO predictions; retain a sentence if another detected cue remains,-0.006955412312555172,-5.204170427930421e-18
contextual_hedging,detected_cue_removed,hedged_sentence_rate,Ethnicity,Minority - People,0.021055376307477145,-0.032814448234616295,0.07514400680629672,21,21,paired difference with outcome-cluster percentile bootstrap,believed,1,False,remove detected cue occurrences from AIO predictions; retain a sentence if another detected cue remains,0.021055376307477152,-6.938893903907228e-18
contextual_hedging,detected_cue_removed,hedged_sentence_rate,Ethnicity,Majority - People,-0.01777179413457609,-0.07619838073198035,0.04504839245793193,21,21,paired difference with outcome-cluster percentile bootstrap,believed,1,False,remove detected cue occurrences from AIO predictions; retain a sentence if another detected cue remains,-0.017771794134576076,-1.3877787807814457e-17
contextual_hedging,detected_cue_removed,hedged_sentence_rate,Ethnicity,Minority - Majority,0.038827170442053235,-0.02503679428719511,0.09169392232417449,21,21,paired difference with outcome-cluster percentile bootstrap,believed,1,False,remove detected cue occurrences from AIO predictions; retain a sentence if another detected cue remains,0.03882717044205323,6.938893903907228e-18
contextual_hedging,detected_cue_removed,hedged_sentence_rate,Gender,Minority - People,0.09679180033217301,0.03749274224740063,0.16256835133465566,21,21,paired difference with outcome-cluster percentile bootstrap,believed,1,False,remove detected cue occurrences from AIO predictions; retain a sentence if another detected cue remains,0.09679180033217301,0.0
contextual_hedging,detected_cue_removed,hedged_sentence_rate,Gender,Majority - People,0.0792282180937643,0.009483051184731852,0.1455621742675314,21,21,paired difference with outcome-cluster percentile bootstrap,believed,1,False,remove detected cue occurrences from AIO predictions; retain a sentence if another detected cue remains,0.0792282180937643,0.0
contextual_hedging,detected_cue_removed,hedged_sentence_rate,Gender,Minority - Majority,0.017563582238408686,-0.0648677401790756,0.09955256416103146,21,21,paired difference with outcome-cluster percentile bootstrap,believed,1,False,remove detected cue occurrences from AIO predictions; retain a sentence if another detected cue remains,0.017563582238408697,-1.0408340855860843e-17
contextual_hedging,detected_cue_removed,hedged_sentence_rate,Disability,Minority - People,0.0069788676931533955,-0.06917683011433012,0.08855046408617848,21,21,paired difference with outcome-cluster percentile bootstrap,believed,1,False,remove detected cue occurrences from AIO predictions; retain a sentence if another detected cue remains,0.006978867693153413,-1.734723475976807e-17
contextual_hedging,detected_cue_removed,hedged_sentence_rate,Disability,Majority - People,0.01631434911510099,-0.04318008623929677,0.07015507310150165,21,21,paired difference with outcome-cluster percentile bootstrap,believed,1,False,remove detected cue occurrences from AIO predictions; retain a sentence if another detected cue remains,0.016314349115101,-1.0408340855860843e-17
contextual_hedging,detected_cue_removed,hedged_sentence_rate,Disability,Minority - Majority,-0.009335481421947595,-0.09030169896241325,0.07747841939806226,21,21,paired difference with outcome-cluster percentile bootstrap,believed,1,False,remove detected cue occurrences from AIO predictions; retain a sentence if another detected cue remains,-0.009335481421947582,-1.214306433183765e-17
contextual_hedging,detected_cue_removed,hedged_sentence_rate,Sexual Orientation,Minority - People,0.0668497972124686,-0.0244627194516624,0.15838367553192298,21,21,paired difference with outcome-cluster percentile bootstrap,believed,1,False,remove detected cue occurrences from AIO predictions; retain a sentence if another detected cue remains,0.0668497972124686,0.0
contextual_hedging,detected_cue_removed,hedged_sentence_rate,Sexual Orientation,Majority - People,0.03781458362203703,-0.04797632340916501,0.12896362214102902,21,21,paired difference with outcome-cluster percentile bootstrap,believed,1,False,remove detected cue occurrences from AIO predictions; retain a sentence if another detected cue remains,0.037814583622037046,-1.3877787807814457e-17
contextual_hedging,detected_cue_removed,hedged_sentence_rate,Sexual Orientation,Minority - Majority,0.02903521359043156,-0.08183878721166234,0.1439259348886679,21,21,paired difference with outcome-cluster percentile bootstrap,believed,1,False,remove detected cue occurrences from AIO predictions; retain a sentence if another detected cue remains,0.029035213590431548,1.0408340855860843e-17
contextual_hedging,detected_cue_removed,hedged_sentence_rate,Gender Identity,Minority - People,0.04029427481808434,-0.025348426806760138,0.10303605901820188,21,21,paired difference with outcome-cluster percentile bootstrap,believed,1,False,remove detected cue occurrences from AIO predictions; retain a sentence if another detected cue remains,0.04029427481808435,-6.938893903907228e-18
contextual_hedging,detected_cue_removed,hedged_sentence_rate,Gender Identity,Majority - People,0.010848000509654641,-0.03672925193366923,0.05577192179165864,21,21,paired difference with outcome-cluster percentile bootstrap,believed,1,False,remove detected cue occurrences from AIO predictions; retain a sentence if another detected cue remains,0.010848000509654652,-1.0408340855860843e-17
contextual_hedging,detected_cue_removed,hedged_sentence_rate,Gender Identity,Minority - Majority,0.0294462743084297,-0.028176665762818635,0.08376714132666514,21,21,paired difference with outcome-cluster percentile bootstrap,believed,1,False,remove detected cue occurrences from AIO predictions; retain a sentence if another detected cue remains,0.0294462743084297,0.0
contextual_hedging,detected_cue_removed,hedged_sentence_rate,Race,Minority - People,0.029212182971581468,-0.05078752944354447,0.10691345839137197,21,21,paired difference with outcome-cluster percentile bootstrap,measure,1,False,remove detected cue occurrences from AIO predictions; retain a sentence if another detected cue remains,0.029212182971581478,-1.0408340855860843e-17
contextual_hedging,detected_cue_removed,hedged_sentence_rate,Race,Majority - People,0.03616759528413664,-0.02155023965174341,0.08977982465529458,21,21,paired difference with outcome-cluster percentile bootstrap,measure,1,False,remove detected cue occurrences from AIO predictions; retain a sentence if another detected cue remains,0.03616759528413665,-6.938893903907228e-18
contextual_hedging,detected_cue_removed,hedged_sentence_rate,Race,Minority - Majority,-0.006955412312555177,-0.08931605396830962,0.07100700703849204,21,21,paired difference with outcome-cluster percentile bootstrap,measure,1,False,remove detected cue occurrences from AIO predictions; retain a sentence if another detected cue remains,-0.006955412312555172,-5.204170427930421e-18
contextual_hedging,detected_cue_removed,hedged_sentence_rate,Ethnicity,Minority - People,0.021055376307477145,-0.032814448234616295,0.07514400680629672,21,21,paired difference with outcome-cluster percentile bootstrap,measure,1,False,remove detected cue occurrences from AIO predictions; retain a sentence if another detected cue remains,0.021055376307477152,-6.938893903907228e-18
contextual_hedging,detected_cue_removed,hedged_sentence_rate,Ethnicity,Majority - People,-0.01777179413457609,-0.07619838073198035,0.04504839245793193,21,21,paired difference with outcome-cluster percentile bootstrap,measure,1,False,remove detected cue occurrences from AIO predictions; retain a sentence if another detected cue remains,-0.017771794134576076,-1.3877787807814457e-17
contextual_hedging,detected_cue_removed,hedged_sentence_rate,Ethnicity,Minority - Majority,0.038827170442053235,-0.02503679428719511,0.09169392232417449,21,21,paired difference with outcome-cluster percentile bootstrap,measure,1,False,remove detected cue occurrences from AIO predictions; retain a sentence if another detected cue remains,0.03882717044205323,6.938893903907228e-18
contextual_hedging,detected_cue_removed,hedged_sentence_rate,Gender,Minority - People,0.09679180033217301,0.03749274224740063,0.16256835133465566,21,21,paired difference with outcome-cluster percentile bootstrap,measure,1,False,remove detected cue occurrences from AIO predictions; retain a sentence if another detected cue remains,0.09679180033217301,0.0
contextual_hedging,detected_cue_removed,hedged_sentence_rate,Gender,Majority - People,0.07489921376475997,0.006108176856601222,0.14105759582387734,21,21,paired difference with outcome-cluster percentile bootstrap,measure,1,False,remove detected cue occurrences from AIO predictions; retain a sentence if another detected cue remains,0.0792282180937643,-0.004329004329004335
contextual_hedging,detected_cue_removed,hedged_sentence_rate,Gender,Minority - Majority,0.021892586567413014,-0.06119608525312763,0.10394432338997554,21,21,paired difference with outcome-cluster percentile bootstrap,measure,1,False,remove detected cue occurrences from AIO predictions; retain a sentence if another detected cue remains,0.017563582238408697,0.004329004329004318
contextual_hedging,detected_cue_removed,hedged_sentence_rate,Disability,Minority - People,0.0069788676931533955,-0.06917683011433012,0.08855046408617848,21,21,paired difference with outcome-cluster percentile bootstrap,measure,1,False,remove detected cue occurrences from AIO predictions; retain a sentence if another detected cue remains,0.006978867693153413,-1.734723475976807e-17
contextual_hedging,detected_cue_removed,hedged_sentence_rate,Disability,Majority - People,0.01631434911510099,-0.04318008623929677,0.07015507310150165,21,21,paired difference with outcome-cluster percentile bootstrap,measure,1,False,remove detected cue occurrences from AIO predictions; retain a sentence if another detected cue remains,0.016314349115101,-1.0408340855860843e-17
contextual_hedging,detected_cue_removed,hedged_sentence_rate,Disability,Minority - Majority,-0.009335481421947595,-0.09030169896241325,0.07747841939806226,21,21,paired difference with outcome-cluster percentile bootstrap,measure,1,False,remove detected cue occurrences from AIO predictions; retain a sentence if another detected cue remains,-0.009335481421947582,-1.214306433183765e-17
contextual_hedging,detected_cue_removed,hedged_sentence_rate,Sexual Orientation,Minority - People,0.0668497972124686,-0.0244627194516624,0.15838367553192298,21,21,paired difference with outcome-cluster percentile bootstrap,measure,1,False,remove detected cue occurrences from AIO predictions; retain a sentence if another detected cue remains,0.0668497972124686,0.0
contextual_hedging,detected_cue_removed,hedged_sentence_rate,Sexual Orientation,Majority - People,0.03781458362203703,-0.04797632340916501,0.12896362214102902,21,21,paired difference with outcome-cluster percentile bootstrap,measure,1,False,remove detected cue occurrences from AIO predictions; retain a sentence if another detected cue remains,0.037814583622037046,-1.3877787807814457e-17
contextual_hedging,detected_cue_removed,hedged_sentence_rate,Sexual Orientation,Minority - Majority,0.02903521359043156,-0.08183878721166234,0.1439259348886679,21,21,paired difference with outcome-cluster percentile bootstrap,measure,1,False,remove detected cue occurrences from AIO predictions; retain a sentence if another detected cue remains,0.029035213590431548,1.0408340855860843e-17
contextual_hedging,detected_cue_removed,hedged_sentence_rate,Gender Identity,Minority - People,0.04029427481808434,-0.025348426806760138,0.10303605901820188,21,21,paired difference with outcome-cluster percentile bootstrap,measure,1,False,remove detected cue occurrences from AIO predictions; retain a sentence if another detected cue remains,0.04029427481808435,-6.938893903907228e-18
contextual_hedging,detected_cue_removed,hedged_sentence_rate,Gender Identity,Majority - People,0.010848000509654641,-0.03672925193366923,0.05577192179165864,21,21,paired difference with outcome-cluster percentile bootstrap,measure,1,False,remove detected cue occurrences from AIO predictions; retain a sentence if another detected cue remains,0.010848000509654652,-1.0408340855860843e-17
contextual_hedging,detected_cue_removed,hedged_sentence_rate,Gender Identity,Minority - Majority,0.0294462743084297,-0.028176665762818635,0.08376714132666514,21,21,paired difference with outcome-cluster percentile bootstrap,measure,1,False,remove detected cue occurrences from AIO predictions; retain a sentence if another detected cue remains,0.0294462743084297,0.0
contextual_hedging,detected_cue_removed,hedged_sentence_rate,Race,Minority - People,0.029212182971581468,-0.05078752944354447,0.10691345839137197,21,21,paired difference with outcome-cluster percentile bootstrap,pose,1,False,remove detected cue occurrences from AIO predictions; retain a sentence if another detected cue remains,0.029212182971581478,-1.0408340855860843e-17
contextual_hedging,detected_cue_removed,hedged_sentence_rate,Race,Majority - People,0.03616759528413664,-0.02155023965174341,0.08977982465529458,21,21,paired difference with outcome-cluster percentile bootstrap,pose,1,False,remove detected cue occurrences from AIO predictions; retain a sentence if another detected cue remains,0.03616759528413665,-6.938893903907228e-18
contextual_hedging,detected_cue_removed,hedged_sentence_rate,Race,Minority - Majority,-0.006955412312555177,-0.08931605396830962,0.07100700703849204,21,21,paired difference with outcome-cluster percentile bootstrap,pose,1,False,remove detected cue occurrences from AIO predictions; retain a sentence if another detected cue remains,-0.006955412312555172,-5.204170427930421e-18
contextual_hedging,detected_cue_removed,hedged_sentence_rate,Ethnicity,Minority - People,0.021055376307477145,-0.032814448234616295,0.07514400680629672,21,21,paired difference with outcome-cluster percentile bootstrap,pose,1,False,remove detected cue occurrences from AIO predictions; retain a sentence if another detected cue remains,0.021055376307477152,-6.938893903907228e-18
contextual_hedging,detected_cue_removed,hedged_sentence_rate,Ethnicity,Majority - People,-0.01777179413457609,-0.07619838073198035,0.04504839245793193,21,21,paired difference with outcome-cluster percentile bootstrap,pose,1,False,remove detected cue occurrences from AIO predictions; retain a sentence if another detected cue remains,-0.017771794134576076,-1.3877787807814457e-17
contextual_hedging,detected_cue_removed,hedged_sentence_rate,Ethnicity,Minority - Majority,0.038827170442053235,-0.02503679428719511,0.09169392232417449,21,21,paired difference with outcome-cluster percentile bootstrap,pose,1,False,remove detected cue occurrences from AIO predictions; retain a sentence if another detected cue remains,0.03882717044205323,6.938893903907228e-18
contextual_hedging,detected_cue_removed,hedged_sentence_rate,Gender,Minority - People,0.09679180033217301,0.03749274224740063,0.16256835133465566,21,21,paired difference with outcome-cluster percentile bootstrap,pose,1,False,remove detected cue occurrences from AIO predictions; retain a sentence if another detected cue remains,0.09679180033217301,0.0
contextual_hedging,detected_cue_removed,hedged_sentence_rate,Gender,Majority - People,0.07446631333185956,0.006608216713258727,0.13800499269249272,21,21,paired difference with outcome-cluster percentile bootstrap,pose,1,False,remove detected cue occurrences from AIO predictions; retain a sentence if another detected cue remains,0.0792282180937643,-0.004761904761904745
contextual_hedging,detected_cue_removed,hedged_sentence_rate,Gender,Minority - Majority,0.02232548700031345,-0.06161295703207467,0.10482759451877102,21,21,paired difference with outcome-cluster percentile bootstrap,pose,1,False,remove detected cue occurrences from AIO predictions; retain a sentence if another detected cue remains,0.017563582238408697,0.004761904761904752
contextual_hedging,detected_cue_removed,hedged_sentence_rate,Disability,Minority - People,0.0069788676931533955,-0.06917683011433012,0.08855046408617848,21,21,paired difference with outcome-cluster percentile bootstrap,pose,1,False,remove detected cue occurrences from AIO predictions; retain a sentence if another detected cue remains,0.006978867693153413,-1.734723475976807e-17
contextual_hedging,detected_cue_removed,hedged_sentence_rate,Disability,Majority - People,0.01631434911510099,-0.04318008623929677,0.07015507310150165,21,21,paired difference with outcome-cluster percentile bootstrap,pose,1,False,remove detected cue occurrences from AIO predictions; retain a sentence if another detected cue remains,0.016314349115101,-1.0408340855860843e-17
contextual_hedging,detected_cue_removed,hedged_sentence_rate,Disability,Minority - Majority,-0.009335481421947595,-0.09030169896241325,0.07747841939806226,21,21,paired difference with outcome-cluster percentile bootstrap,pose,1,False,remove detected cue occurrences from AIO predictions; retain a sentence if another detected cue remains,-0.009335481421947582,-1.214306433183765e-17
contextual_hedging,detected_cue_removed,hedged_sentence_rate,Sexual Orientation,Minority - People,0.0668497972124686,-0.0244627194516624,0.15838367553192298,21,21,paired difference with outcome-cluster percentile bootstrap,pose,1,False,remove detected cue occurrences from AIO predictions; retain a sentence if another detected cue remains,0.0668497972124686,0.0
contextual_hedging,detected_cue_removed,hedged_sentence_rate,Sexual Orientation,Majority - People,0.03781458362203703,-0.04797632340916501,0.12896362214102902,21,21,paired difference with outcome-cluster percentile bootstrap,pose,1,False,remove detected cue occurrences from AIO predictions; retain a sentence if another detected cue remains,0.037814583622037046,-1.3877787807814457e-17
contextual_hedging,detected_cue_removed,hedged_sentence_rate,Sexual Orientation,Minority - Majority,0.02903521359043156,-0.08183878721166234,0.1439259348886679,21,21,paired difference with outcome-cluster percentile bootstrap,pose,1,False,remove detected cue occurrences from AIO predictions; retain a sentence if another detected cue remains,0.029035213590431548,1.0408340855860843e-17
contextual_hedging,detected_cue_removed,hedged_sentence_rate,Gender Identity,Minority - People,0.04029427481808434,-0.025348426806760138,0.10303605901820188,21,21,paired difference with outcome-cluster percentile bootstrap,pose,1,False,remove detected cue occurrences from AIO predictions; retain a sentence if another detected cue remains,0.04029427481808435,-6.938893903907228e-18
contextual_hedging,detected_cue_removed,hedged_sentence_rate,Gender Identity,Majority - People,0.010848000509654641,-0.03672925193366923,0.05577192179165864,21,21,paired difference with outcome-cluster percentile bootstrap,pose,1,False,remove detected cue occurrences from AIO predictions; retain a sentence if another detected cue remains,0.010848000509654652,-1.0408340855860843e-17
contextual_hedging,detected_cue_removed,hedged_sentence_rate,Gender Identity,Minority - Majority,0.0294462743084297,-0.028176665762818635,0.08376714132666514,21,21,paired difference with outcome-cluster percentile bootstrap,pose,1,False,remove detected cue occurrences from AIO predictions; retain a sentence if another detected cue remains,0.0294462743084297,0.0
contextual_hedging,detected_cue_removed,hedged_sentence_rate,Race,Minority - People,0.029212182971581468,-0.05078752944354447,0.10691345839137197,21,21,paired difference with outcome-cluster percentile bootstrap,apply,1,False,remove detected cue occurrences from AIO predictions; retain a sentence if another detected cue remains,0.029212182971581478,-1.0408340855860843e-17
contextual_hedging,detected_cue_removed,hedged_sentence_rate,Race,Majority - People,0.03616759528413664,-0.02155023965174341,0.08977982465529458,21,21,paired difference with outcome-cluster percentile bootstrap,apply,1,False,remove detected cue occurrences from AIO predictions; retain a sentence if another detected cue remains,0.03616759528413665,-6.938893903907228e-18
contextual_hedging,detected_cue_removed,hedged_sentence_rate,Race,Minority - Majority,-0.006955412312555177,-0.08931605396830962,0.07100700703849204,21,21,paired difference with outcome-cluster percentile bootstrap,apply,1,False,remove detected cue occurrences from AIO predictions; retain a sentence if another detected cue remains,-0.006955412312555172,-5.204170427930421e-18
contextual_hedging,detected_cue_removed,hedged_sentence_rate,Ethnicity,Minority - People,0.021055376307477145,-0.032814448234616295,0.07514400680629672,21,21,paired difference with outcome-cluster percentile bootstrap,apply,1,False,remove detected cue occurrences from AIO predictions; retain a sentence if another detected cue remains,0.021055376307477152,-6.938893903907228e-18
contextual_hedging,detected_cue_removed,hedged_sentence_rate,Ethnicity,Majority - People,-0.01777179413457609,-0.07619838073198035,0.04504839245793193,21,21,paired difference with outcome-cluster percentile bootstrap,apply,1,False,remove detected cue occurrences from AIO predictions; retain a sentence if another detected cue remains,-0.017771794134576076,-1.3877787807814457e-17
contextual_hedging,detected_cue_removed,hedged_sentence_rate,Ethnicity,Minority - Majority,0.038827170442053235,-0.02503679428719511,0.09169392232417449,21,21,paired difference with outcome-cluster percentile bootstrap,apply,1,False,remove detected cue occurrences from AIO predictions; retain a sentence if another detected cue remains,0.03882717044205323,6.938893903907228e-18
contextual_hedging,detected_cue_removed,hedged_sentence_rate,Gender,Minority - People,0.09679180033217301,0.03749274224740063,0.16256835133465566,21,21,paired difference with outcome-cluster percentile bootstrap,apply,1,False,remove detected cue occurrences from AIO predictions; retain a sentence if another detected cue remains,0.09679180033217301,0.0
contextual_hedging,detected_cue_removed,hedged_sentence_rate,Gender,Majority - People,0.0792282180937643,0.009483051184731852,0.1455621742675314,21,21,paired difference with outcome-cluster percentile bootstrap,apply,1,False,remove detected cue occurrences from AIO predictions; retain a sentence if another detected cue remains,0.0792282180937643,0.0
contextual_hedging,detected_cue_removed,hedged_sentence_rate,Gender,Minority - Majority,0.017563582238408686,-0.0648677401790756,0.09955256416103146,21,21,paired difference with outcome-cluster percentile bootstrap,apply,1,False,remove detected cue occurrences from AIO predictions; retain a sentence if another detected cue remains,0.017563582238408697,-1.0408340855860843e-17
contextual_hedging,detected_cue_removed,hedged_sentence_rate,Disability,Minority - People,0.0069788676931533955,-0.06917683011433012,0.08855046408617848,21,21,paired difference with outcome-cluster percentile bootstrap,apply,1,False,remove detected cue occurrences from AIO predictions; retain a sentence if another detected cue remains,0.006978867693153413,-1.734723475976807e-17
contextual_hedging,detected_cue_removed,hedged_sentence_rate,Disability,Majority - People,0.01631434911510099,-0.04318008623929677,0.07015507310150165,21,21,paired difference with outcome-cluster percentile bootstrap,apply,1,False,remove detected cue occurrences from AIO predictions; retain a sentence if another detected cue remains,0.016314349115101,-1.0408340855860843e-17
contextual_hedging,detected_cue_removed,hedged_sentence_rate,Disability,Minority - Majority,-0.009335481421947595,-0.09030169896241325,0.07747841939806226,21,21,paired difference with outcome-cluster percentile bootstrap,apply,1,False,remove detected cue occurrences from AIO predictions; retain a sentence if another detected cue remains,-0.009335481421947582,-1.214306433183765e-17
contextual_hedging,detected_cue_removed,hedged_sentence_rate,Sexual Orientation,Minority - People,0.0668497972124686,-0.0244627194516624,0.15838367553192298,21,21,paired difference with outcome-cluster percentile bootstrap,apply,1,False,remove detected cue occurrences from AIO predictions; retain a sentence if another detected cue remains,0.0668497972124686,0.0
contextual_hedging,detected_cue_removed,hedged_sentence_rate,Sexual Orientation,Majority - People,0.03781458362203703,-0.04797632340916501,0.12896362214102902,21,21,paired difference with outcome-cluster percentile bootstrap,apply,1,False,remove detected cue occurrences from AIO predictions; retain a sentence if another detected cue remains,0.037814583622037046,-1.3877787807814457e-17
contextual_hedging,detected_cue_removed,hedged_sentence_rate,Sexual Orientation,Minority - Majority,0.02903521359043156,-0.08183878721166234,0.1439259348886679,21,21,paired difference with outcome-cluster percentile bootstrap,apply,1,False,remove detected cue occurrences from AIO predictions; retain a sentence if another detected cue remains,0.029035213590431548,1.0408340855860843e-17
contextual_hedging,detected_cue_removed,hedged_sentence_rate,Gender Identity,Minority - People,0.04029427481808434,-0.025348426806760138,0.10303605901820188,21,21,paired difference with outcome-cluster percentile bootstrap,apply,1,False,remove detected cue occurrences from AIO predictions; retain a sentence if another detected cue remains,0.04029427481808435,-6.938893903907228e-18
contextual_hedging,detected_cue_removed,hedged_sentence_rate,Gender Identity,Majority - People,0.010848000509654641,-0.03672925193366923,0.05577192179165864,21,21,paired difference with outcome-cluster percentile bootstrap,apply,1,False,remove detected cue occurrences from AIO predictions; retain a sentence if another detected cue remains,0.010848000509654652,-1.0408340855860843e-17
contextual_hedging,detected_cue_removed,hedged_sentence_rate,Gender Identity,Minority - Majority,0.0294462743084297,-0.028176665762818635,0.08376714132666514,21,21,paired difference with outcome-cluster percentile bootstrap,apply,1,False,remove detected cue occurrences from AIO predictions; retain a sentence if another detected cue remains,0.0294462743084297,0.0
contextual_hedging,detected_cue_removed,hedged_sentence_rate,Race,Minority - People,0.032188373447771944,-0.04723020218086008,0.10920240734620436,21,21,paired difference with outcome-cluster percentile bootstrap,not,1,False,remove detected cue occurrences from AIO predictions; retain a sentence if another detected cue remains,0.029212182971581478,0.0029761904761904656
contextual_hedging,detected_cue_removed,hedged_sentence_rate,Race,Majority - People,0.03914378576032712,-0.020454262042607904,0.09436314825177607,21,21,paired difference with outcome-cluster percentile bootstrap,not,1,False,remove detected cue occurrences from AIO predictions; retain a sentence if another detected cue remains,0.03616759528413665,0.0029761904761904726
contextual_hedging,detected_cue_removed,hedged_sentence_rate,Race,Minority - Majority,-0.006955412312555177,-0.08931605396830962,0.07100700703849204,21,21,paired difference with outcome-cluster percentile bootstrap,not,1,False,remove detected cue occurrences from AIO predictions; retain a sentence if another detected cue remains,-0.006955412312555172,-5.204170427930421e-18
contextual_hedging,detected_cue_removed,hedged_sentence_rate,Ethnicity,Minority - People,0.02403156678366762,-0.02897629448049615,0.07737286309240092,21,21,paired difference with outcome-cluster percentile bootstrap,not,1,False,remove detected cue occurrences from AIO predictions; retain a sentence if another detected cue remains,0.021055376307477152,0.002976190476190469
contextual_hedging,detected_cue_removed,hedged_sentence_rate,Ethnicity,Majority - People,-0.014795603658385614,-0.07344250939293233,0.04745553597057355,21,21,paired difference with outcome-cluster percentile bootstrap,not,1,False,remove detected cue occurrences from AIO predictions; retain a sentence if another detected cue remains,-0.017771794134576076,0.002976190476190462
contextual_hedging,detected_cue_removed,hedged_sentence_rate,Ethnicity,Minority - Majority,0.038827170442053235,-0.02503679428719511,0.09169392232417449,21,21,paired difference with outcome-cluster percentile bootstrap,not,1,False,remove detected cue occurrences from AIO predictions; retain a sentence if another detected cue remains,0.03882717044205323,6.938893903907228e-18
contextual_hedging,detected_cue_removed,hedged_sentence_rate,Gender,Minority - People,0.09976799080836349,0.041154696896156515,0.1646711988552051,21,21,paired difference with outcome-cluster percentile bootstrap,not,1,False,remove detected cue occurrences from AIO predictions; retain a sentence if another detected cue remains,0.09679180033217301,0.0029761904761904795
contextual_hedging,detected_cue_removed,hedged_sentence_rate,Gender,Majority - People,0.08220440856995477,0.011058325136581436,0.15045389124958453,21,21,paired difference with outcome-cluster percentile bootstrap,not,1,False,remove detected cue occurrences from AIO predictions; retain a sentence if another detected cue remains,0.0792282180937643,0.0029761904761904656
contextual_hedging,detected_cue_removed,hedged_sentence_rate,Gender,Minority - Majority,0.017563582238408686,-0.0648677401790756,0.09955256416103146,21,21,paired difference with outcome-cluster percentile bootstrap,not,1,False,remove detected cue occurrences from AIO predictions; retain a sentence if another detected cue remains,0.017563582238408697,-1.0408340855860843e-17
contextual_hedging,detected_cue_removed,hedged_sentence_rate,Disability,Minority - People,0.009955058169343872,-0.0671094464398036,0.09288508614401472,21,21,paired difference with outcome-cluster percentile bootstrap,not,1,False,remove detected cue occurrences from AIO predictions; retain a sentence if another detected cue remains,0.006978867693153413,0.0029761904761904587
contextual_hedging,detected_cue_removed,hedged_sentence_rate,Disability,Majority - People,0.019290539591291466,-0.04066155049002793,0.07324410047624334,21,21,paired difference with outcome-cluster percentile bootstrap,not,1,False,remove detected cue occurrences from AIO predictions; retain a sentence if another detected cue remains,0.016314349115101,0.0029761904761904656
contextual_hedging,detected_cue_removed,hedged_sentence_rate,Disability,Minority - Majority,-0.009335481421947595,-0.09030169896241325,0.07747841939806226,21,21,paired difference with outcome-cluster percentile bootstrap,not,1,False,remove detected cue occurrences from AIO predictions; retain a sentence if another detected cue remains,-0.009335481421947582,-1.214306433183765e-17
contextual_hedging,detected_cue_removed,hedged_sentence_rate,Sexual Orientation,Minority - People,0.06982598768865908,-0.02142434188638855,0.16020906214998987,21,21,paired difference with outcome-cluster percentile bootstrap,not,1,False,remove detected cue occurrences from AIO predictions; retain a sentence if another detected cue remains,0.0668497972124686,0.0029761904761904795
contextual_hedging,detected_cue_removed,hedged_sentence_rate,Sexual Orientation,Majority - People,0.040790774098227504,-0.04588568077310314,0.13276313001468285,21,21,paired difference with outcome-cluster percentile bootstrap,not,1,False,remove detected cue occurrences from AIO predictions; retain a sentence if another detected cue remains,0.037814583622037046,0.0029761904761904587
contextual_hedging,detected_cue_removed,hedged_sentence_rate,Sexual Orientation,Minority - Majority,0.02903521359043156,-0.08183878721166234,0.1439259348886679,21,21,paired difference with outcome-cluster percentile bootstrap,not,1,False,remove detected cue occurrences from AIO predictions; retain a sentence if another detected cue remains,0.029035213590431548,1.0408340855860843e-17
contextual_hedging,detected_cue_removed,hedged_sentence_rate,Gender Identity,Minority - People,0.04327046529427482,-0.020800527095169948,0.10523187855033095,21,21,paired difference with outcome-cluster percentile bootstrap,not,1,False,remove detected cue occurrences from AIO predictions; retain a sentence if another detected cue remains,0.04029427481808435,0.0029761904761904726
contextual_hedging,detected_cue_removed,hedged_sentence_rate,Gender Identity,Majority - People,0.013824190985845117,-0.03441220190280341,0.0599109646619045,21,21,paired difference with outcome-cluster percentile bootstrap,not,1,False,remove detected cue occurrences from AIO predictions; retain a sentence if another detected cue remains,0.010848000509654652,0.0029761904761904656
contextual_hedging,detected_cue_removed,hedged_sentence_rate,Gender Identity,Minority - Majority,0.0294462743084297,-0.028176665762818635,0.08376714132666514,21,21,paired difference with outcome-cluster percentile bootstrap,not,1,False,remove detected cue occurrences from AIO predictions; retain a sentence if another detected cue remains,0.0294462743084297,0.0
contextual_hedging,detected_cue_removed,hedged_sentence_rate,Race,Minority - People,0.029212182971581468,-0.05078752944354447,0.10691345839137197,21,21,paired difference with outcome-cluster percentile bootstrap,protection,1,False,remove detected cue occurrences from AIO predictions; retain a sentence if another detected cue remains,0.029212182971581478,-1.0408340855860843e-17
contextual_hedging,detected_cue_removed,hedged_sentence_rate,Race,Majority - People,0.03616759528413664,-0.02155023965174341,0.08977982465529458,21,21,paired difference with outcome-cluster percentile bootstrap,protection,1,False,remove detected cue occurrences from AIO predictions; retain a sentence if another detected cue remains,0.03616759528413665,-6.938893903907228e-18
contextual_hedging,detected_cue_removed,hedged_sentence_rate,Race,Minority - Majority,-0.006955412312555177,-0.08931605396830962,0.07100700703849204,21,21,paired difference with outcome-cluster percentile bootstrap,protection,1,False,remove detected cue occurrences from AIO predictions; retain a sentence if another detected cue remains,-0.006955412312555172,-5.204170427930421e-18
contextual_hedging,detected_cue_removed,hedged_sentence_rate,Ethnicity,Minority - People,0.021055376307477145,-0.032814448234616295,0.07514400680629672,21,21,paired difference with outcome-cluster percentile bootstrap,protection,1,False,remove detected cue occurrences from AIO predictions; retain a sentence if another detected cue remains,0.021055376307477152,-6.938893903907228e-18
contextual_hedging,detected_cue_removed,hedged_sentence_rate,Ethnicity,Majority - People,-0.01777179413457609,-0.07619838073198035,0.04504839245793193,21,21,paired difference with outcome-cluster percentile bootstrap,protection,1,False,remove detected cue occurrences from AIO predictions; retain a sentence if another detected cue remains,-0.017771794134576076,-1.3877787807814457e-17
contextual_hedging,detected_cue_removed,hedged_sentence_rate,Ethnicity,Minority - Majority,0.038827170442053235,-0.02503679428719511,0.09169392232417449,21,21,paired difference with outcome-cluster percentile bootstrap,protection,1,False,remove detected cue occurrences from AIO predictions; retain a sentence if another detected cue remains,0.03882717044205323,6.938893903907228e-18
contextual_hedging,detected_cue_removed,hedged_sentence_rate,Gender,Minority - People,0.09679180033217301,0.03749274224740063,0.16256835133465566,21,21,paired difference with outcome-cluster percentile bootstrap,protection,1,False,remove detected cue occurrences from AIO predictions; retain a sentence if another detected cue remains,0.09679180033217301,0.0
contextual_hedging,detected_cue_removed,hedged_sentence_rate,Gender,Majority - People,0.0792282180937643,0.009483051184731852,0.1455621742675314,21,21,paired difference with outcome-cluster percentile bootstrap,protection,1,False,remove detected cue occurrences from AIO predictions; retain a sentence if another detected cue remains,0.0792282180937643,0.0
contextual_hedging,detected_cue_removed,hedged_sentence_rate,Gender,Minority - Majority,0.017563582238408686,-0.0648677401790756,0.09955256416103146,21,21,paired difference with outcome-cluster percentile bootstrap,protection,1,False,remove detected cue occurrences from AIO predictions; retain a sentence if another detected cue remains,0.017563582238408697,-1.0408340855860843e-17
contextual_hedging,detected_cue_removed,hedged_sentence_rate,Disability,Minority - People,0.0069788676931533955,-0.06917683011433012,0.08855046408617848,21,21,paired difference with outcome-cluster percentile bootstrap,protection,1,False,remove detected cue occurrences from AIO predictions; retain a sentence if another detected cue remains,0.006978867693153413,-1.734723475976807e-17
contextual_hedging,detected_cue_removed,hedged_sentence_rate,Disability,Majority - People,0.01631434911510099,-0.04318008623929677,0.07015507310150165,21,21,paired difference with outcome-cluster percentile bootstrap,protection,1,False,remove detected cue occurrences from AIO predictions; retain a sentence if another detected cue remains,0.016314349115101,-1.0408340855860843e-17
contextual_hedging,detected_cue_removed,hedged_sentence_rate,Disability,Minority - Majority,-0.009335481421947595,-0.09030169896241325,0.07747841939806226,21,21,paired difference with outcome-cluster percentile bootstrap,protection,1,False,remove detected cue occurrences from AIO predictions; retain a sentence if another detected cue remains,-0.009335481421947582,-1.214306433183765e-17
contextual_hedging,detected_cue_removed,hedged_sentence_rate,Sexual Orientation,Minority - People,0.0668497972124686,-0.0244627194516624,0.15838367553192298,21,21,paired difference with outcome-cluster percentile bootstrap,protection,1,False,remove detected cue occurrences from AIO predictions; retain a sentence if another detected cue remains,0.0668497972124686,0.0
contextual_hedging,detected_cue_removed,hedged_sentence_rate,Sexual Orientation,Majority - People,0.03781458362203703,-0.04797632340916501,0.12896362214102902,21,21,paired difference with outcome-cluster percentile bootstrap,protection,1,False,remove detected cue occurrences from AIO predictions; retain a sentence if another detected cue remains,0.037814583622037046,-1.3877787807814457e-17
contextual_hedging,detected_cue_removed,hedged_sentence_rate,Sexual Orientation,Minority - Majority,0.02903521359043156,-0.08183878721166234,0.1439259348886679,21,21,paired difference with outcome-cluster percentile bootstrap,protection,1,False,remove detected cue occurrences from AIO predictions; retain a sentence if another detected cue remains,0.029035213590431548,1.0408340855860843e-17
contextual_hedging,detected_cue_removed,hedged_sentence_rate,Gender Identity,Minority - People,0.04029427481808434,-0.025348426806760138,0.10303605901820188,21,21,paired difference with outcome-cluster percentile bootstrap,protection,1,False,remove detected cue occurrences from AIO predictions; retain a sentence if another detected cue remains,0.04029427481808435,-6.938893903907228e-18
contextual_hedging,detected_cue_removed,hedged_sentence_rate,Gender Identity,Majority - People,0.010848000509654641,-0.03672925193366923,0.05577192179165864,21,21,paired difference with outcome-cluster percentile bootstrap,protection,1,False,remove detected cue occurrences from AIO predictions; retain a sentence if another detected cue remains,0.010848000509654652,-1.0408340855860843e-17
contextual_hedging,detected_cue_removed,hedged_sentence_rate,Gender Identity,Minority - Majority,0.0294462743084297,-0.028176665762818635,0.08376714132666514,21,21,paired difference with outcome-cluster percentile bootstrap,protection,1,False,remove detected cue occurrences from AIO predictions; retain a sentence if another detected cue remains,0.0294462743084297,0.0
contextual_hedging,detected_cue_removed,hedged_sentence_rate,Race,Minority - People,0.029212182971581468,-0.05078752944354447,0.10691345839137197,21,21,paired difference with outcome-cluster percentile bootstrap,looking,1,False,remove detected cue occurrences from AIO predictions; retain a sentence if another detected cue remains,0.029212182971581478,-1.0408340855860843e-17
contextual_hedging,detected_cue_removed,hedged_sentence_rate,Race,Majority - People,0.03616759528413664,-0.02155023965174341,0.08977982465529458,21,21,paired difference with outcome-cluster percentile bootstrap,looking,1,False,remove detected cue occurrences from AIO predictions; retain a sentence if another detected cue remains,0.03616759528413665,-6.938893903907228e-18
contextual_hedging,detected_cue_removed,hedged_sentence_rate,Race,Minority - Majority,-0.006955412312555177,-0.08931605396830962,0.07100700703849204,21,21,paired difference with outcome-cluster percentile bootstrap,looking,1,False,remove detected cue occurrences from AIO predictions; retain a sentence if another detected cue remains,-0.006955412312555172,-5.204170427930421e-18
contextual_hedging,detected_cue_removed,hedged_sentence_rate,Ethnicity,Minority - People,0.021055376307477145,-0.032814448234616295,0.07514400680629672,21,21,paired difference with outcome-cluster percentile bootstrap,looking,1,False,remove detected cue occurrences from AIO predictions; retain a sentence if another detected cue remains,0.021055376307477152,-6.938893903907228e-18
contextual_hedging,detected_cue_removed,hedged_sentence_rate,Ethnicity,Majority - People,-0.01777179413457609,-0.07619838073198035,0.04504839245793193,21,21,paired difference with outcome-cluster percentile bootstrap,looking,1,False,remove detected cue occurrences from AIO predictions; retain a sentence if another detected cue remains,-0.017771794134576076,-1.3877787807814457e-17
contextual_hedging,detected_cue_removed,hedged_sentence_rate,Ethnicity,Minority - Majority,0.038827170442053235,-0.02503679428719511,0.09169392232417449,21,21,paired difference with outcome-cluster percentile bootstrap,looking,1,False,remove detected cue occurrences from AIO predictions; retain a sentence if another detected cue remains,0.03882717044205323,6.938893903907228e-18
contextual_hedging,detected_cue_removed,hedged_sentence_rate,Gender,Minority - People,0.09679180033217301,0.03749274224740063,0.16256835133465566,21,21,paired difference with outcome-cluster percentile bootstrap,looking,1,False,remove detected cue occurrences from AIO predictions; retain a sentence if another detected cue remains,0.09679180033217301,0.0
contextual_hedging,detected_cue_removed,hedged_sentence_rate,Gender,Majority - People,0.0792282180937643,0.009483051184731852,0.1455621742675314,21,21,paired difference with outcome-cluster percentile bootstrap,looking,1,False,remove detected cue occurrences from AIO predictions; retain a sentence if another detected cue remains,0.0792282180937643,0.0
contextual_hedging,detected_cue_removed,hedged_sentence_rate,Gender,Minority - Majority,0.017563582238408686,-0.0648677401790756,0.09955256416103146,21,21,paired difference with outcome-cluster percentile bootstrap,looking,1,False,remove detected cue occurrences from AIO predictions; retain a sentence if another detected cue remains,0.017563582238408697,-1.0408340855860843e-17
contextual_hedging,detected_cue_removed,hedged_sentence_rate,Disability,Minority - People,0.0069788676931533955,-0.06917683011433012,0.08855046408617848,21,21,paired difference with outcome-cluster percentile bootstrap,looking,1,False,remove detected cue occurrences from AIO predictions; retain a sentence if another detected cue remains,0.006978867693153413,-1.734723475976807e-17
contextual_hedging,detected_cue_removed,hedged_sentence_rate,Disability,Majority - People,0.01631434911510099,-0.04318008623929677,0.07015507310150165,21,21,paired difference with outcome-cluster percentile bootstrap,looking,1,False,remove detected cue occurrences from AIO predictions; retain a sentence if another detected cue remains,0.016314349115101,-1.0408340855860843e-17
contextual_hedging,detected_cue_removed,hedged_sentence_rate,Disability,Minority - Majority,-0.009335481421947595,-0.09030169896241325,0.07747841939806226,21,21,paired difference with outcome-cluster percentile bootstrap,looking,1,False,remove detected cue occurrences from AIO predictions; retain a sentence if another detected cue remains,-0.009335481421947582,-1.214306433183765e-17
contextual_hedging,detected_cue_removed,hedged_sentence_rate,Sexual Orientation,Minority - People,0.0668497972124686,-0.0244627194516624,0.15838367553192298,21,21,paired difference with outcome-cluster percentile bootstrap,looking,1,False,remove detected cue occurrences from AIO predictions; retain a sentence if another detected cue remains,0.0668497972124686,0.0
contextual_hedging,detected_cue_removed,hedged_sentence_rate,Sexual Orientation,Majority - People,0.03781458362203703,-0.04797632340916501,0.12896362214102902,21,21,paired difference with outcome-cluster percentile bootstrap,looking,1,False,remove detected cue occurrences from AIO predictions; retain a sentence if another detected cue remains,0.037814583622037046,-1.3877787807814457e-17
contextual_hedging,detected_cue_removed,hedged_sentence_rate,Sexual Orientation,Minority - Majority,0.02903521359043156,-0.08183878721166234,0.1439259348886679,21,21,paired difference with outcome-cluster percentile bootstrap,looking,1,False,remove detected cue occurrences from AIO predictions; retain a sentence if another detected cue remains,0.029035213590431548,1.0408340855860843e-17
contextual_hedging,detected_cue_removed,hedged_sentence_rate,Gender Identity,Minority - People,0.03663127115508068,-0.0268916037070799,0.09745887168506215,21,21,paired difference with outcome-cluster percentile bootstrap,looking,1,False,remove detected cue occurrences from AIO predictions; retain a sentence if another detected cue remains,0.04029427481808435,-0.003663003663003671
contextual_hedging,detected_cue_removed,hedged_sentence_rate,Gender Identity,Majority - People,0.010848000509654641,-0.03672925193366923,0.05577192179165864,21,21,paired difference with outcome-cluster percentile bootstrap,looking,1,False,remove detected cue occurrences from AIO predictions; retain a sentence if another detected cue remains,0.010848000509654652,-1.0408340855860843e-17
contextual_hedging,detected_cue_removed,hedged_sentence_rate,Gender Identity,Minority - Majority,0.025783270645426033,-0.030892861951759186,0.07773203555941652,21,21,paired difference with outcome-cluster percentile bootstrap,looking,1,False,remove detected cue occurrences from AIO predictions; retain a sentence if another detected cue remains,0.0294462743084297,-0.0036630036630036673
contextual_hedging,detected_cue_removed,hedged_sentence_rate,Race,Minority - People,0.029212182971581468,-0.05078752944354447,0.10691345839137197,21,21,paired difference with outcome-cluster percentile bootstrap,lower,1,False,remove detected cue occurrences from AIO predictions; retain a sentence if another detected cue remains,0.029212182971581478,-1.0408340855860843e-17
contextual_hedging,detected_cue_removed,hedged_sentence_rate,Race,Majority - People,0.03299299210953346,-0.0236628474386933,0.08660522148069139,21,21,paired difference with outcome-cluster percentile bootstrap,lower,1,False,remove detected cue occurrences from AIO predictions; retain a sentence if another detected cue remains,0.03616759528413665,-0.003174603174603191
contextual_hedging,detected_cue_removed,hedged_sentence_rate,Race,Minority - Majority,-0.003780809137951998,-0.08584880762512341,0.07324656311733382,21,21,paired difference with outcome-cluster percentile bootstrap,lower,1,False,remove detected cue occurrences from AIO predictions; retain a sentence if another detected cue remains,-0.006955412312555172,0.003174603174603174
contextual_hedging,detected_cue_removed,hedged_sentence_rate,Ethnicity,Minority - People,0.021055376307477145,-0.032814448234616295,0.07514400680629672,21,21,paired difference with outcome-cluster percentile bootstrap,lower,1,False,remove detected cue occurrences from AIO predictions; retain a sentence if another detected cue remains,0.021055376307477152,-6.938893903907228e-18
contextual_hedging,detected_cue_removed,hedged_sentence_rate,Ethnicity,Majority - People,-0.01777179413457609,-0.07619838073198035,0.04504839245793193,21,21,paired difference with outcome-cluster percentile bootstrap,lower,1,False,remove detected cue occurrences from AIO predictions; retain a sentence if another detected cue remains,-0.017771794134576076,-1.3877787807814457e-17
contextual_hedging,detected_cue_removed,hedged_sentence_rate,Ethnicity,Minority - Majority,0.038827170442053235,-0.02503679428719511,0.09169392232417449,21,21,paired difference with outcome-cluster percentile bootstrap,lower,1,False,remove detected cue occurrences from AIO predictions; retain a sentence if another detected cue remains,0.03882717044205323,6.938893903907228e-18
contextual_hedging,detected_cue_removed,hedged_sentence_rate,Gender,Minority - People,0.09679180033217301,0.03749274224740063,0.16256835133465566,21,21,paired difference with outcome-cluster percentile bootstrap,lower,1,False,remove detected cue occurrences from AIO predictions; retain a sentence if another detected cue remains,0.09679180033217301,0.0
contextual_hedging,detected_cue_removed,hedged_sentence_rate,Gender,Majority - People,0.0792282180937643,0.009483051184731852,0.1455621742675314,21,21,paired difference with outcome-cluster percentile bootstrap,lower,1,False,remove detected cue occurrences from AIO predictions; retain a sentence if another detected cue remains,0.0792282180937643,0.0
contextual_hedging,detected_cue_removed,hedged_sentence_rate,Gender,Minority - Majority,0.017563582238408686,-0.0648677401790756,0.09955256416103146,21,21,paired difference with outcome-cluster percentile bootstrap,lower,1,False,remove detected cue occurrences from AIO predictions; retain a sentence if another detected cue remains,0.017563582238408697,-1.0408340855860843e-17
contextual_hedging,detected_cue_removed,hedged_sentence_rate,Disability,Minority - People,0.0069788676931533955,-0.06917683011433012,0.08855046408617848,21,21,paired difference with outcome-cluster percentile bootstrap,lower,1,False,remove detected cue occurrences from AIO predictions; retain a sentence if another detected cue remains,0.006978867693153413,-1.734723475976807e-17
contextual_hedging,detected_cue_removed,hedged_sentence_rate,Disability,Majority - People,0.01631434911510099,-0.04318008623929677,0.07015507310150165,21,21,paired difference with outcome-cluster percentile bootstrap,lower,1,False,remove detected cue occurrences from AIO predictions; retain a sentence if another detected cue remains,0.016314349115101,-1.0408340855860843e-17
contextual_hedging,detected_cue_removed,hedged_sentence_rate,Disability,Minority - Majority,-0.009335481421947595,-0.09030169896241325,0.07747841939806226,21,21,paired difference with outcome-cluster percentile bootstrap,lower,1,False,remove detected cue occurrences from AIO predictions; retain a sentence if another detected cue remains,-0.009335481421947582,-1.214306433183765e-17
contextual_hedging,detected_cue_removed,hedged_sentence_rate,Sexual Orientation,Minority - People,0.0668497972124686,-0.0244627194516624,0.15838367553192298,21,21,paired difference with outcome-cluster percentile bootstrap,lower,1,False,remove detected cue occurrences from AIO predictions; retain a sentence if another detected cue remains,0.0668497972124686,0.0
contextual_hedging,detected_cue_removed,hedged_sentence_rate,Sexual Orientation,Majority - People,0.03781458362203703,-0.04797632340916501,0.12896362214102902,21,21,paired difference with outcome-cluster percentile bootstrap,lower,1,False,remove detected cue occurrences from AIO predictions; retain a sentence if another detected cue remains,0.037814583622037046,-1.3877787807814457e-17
contextual_hedging,detected_cue_removed,hedged_sentence_rate,Sexual Orientation,Minority - Majority,0.02903521359043156,-0.08183878721166234,0.1439259348886679,21,21,paired difference with outcome-cluster percentile bootstrap,lower,1,False,remove detected cue occurrences from AIO predictions; retain a sentence if another detected cue remains,0.029035213590431548,1.0408340855860843e-17
contextual_hedging,detected_cue_removed,hedged_sentence_rate,Gender Identity,Minority - People,0.04029427481808434,-0.025348426806760138,0.10303605901820188,21,21,paired difference with outcome-cluster percentile bootstrap,lower,1,False,remove detected cue occurrences from AIO predictions; retain a sentence if another detected cue remains,0.04029427481808435,-6.938893903907228e-18
contextual_hedging,detected_cue_removed,hedged_sentence_rate,Gender Identity,Majority - People,0.010848000509654641,-0.03672925193366923,0.05577192179165864,21,21,paired difference with outcome-cluster percentile bootstrap,lower,1,False,remove detected cue occurrences from AIO predictions; retain a sentence if another detected cue remains,0.010848000509654652,-1.0408340855860843e-17
contextual_hedging,detected_cue_removed,hedged_sentence_rate,Gender Identity,Minority - Majority,0.0294462743084297,-0.028176665762818635,0.08376714132666514,21,21,paired difference with outcome-cluster percentile bootstrap,lower,1,False,remove detected cue occurrences from AIO predictions; retain a sentence if another detected cue remains,0.0294462743084297,0.0
contextual_hedging,detected_cue_removed,hedged_sentence_rate,Race,Minority - People,0.029212182971581468,-0.05078752944354447,0.10691345839137197,21,21,paired difference with outcome-cluster percentile bootstrap,or whether,1,False,remove detected cue occurrences from AIO predictions; retain a sentence if another detected cue remains,0.029212182971581478,-1.0408340855860843e-17
contextual_hedging,detected_cue_removed,hedged_sentence_rate,Race,Majority - People,0.03616759528413664,-0.02155023965174341,0.08977982465529458,21,21,paired difference with outcome-cluster percentile bootstrap,or whether,1,False,remove detected cue occurrences from AIO predictions; retain a sentence if another detected cue remains,0.03616759528413665,-6.938893903907228e-18
contextual_hedging,detected_cue_removed,hedged_sentence_rate,Race,Minority - Majority,-0.006955412312555177,-0.08931605396830962,0.07100700703849204,21,21,paired difference with outcome-cluster percentile bootstrap,or whether,1,False,remove detected cue occurrences from AIO predictions; retain a sentence if another detected cue remains,-0.006955412312555172,-5.204170427930421e-18
contextual_hedging,detected_cue_removed,hedged_sentence_rate,Ethnicity,Minority - People,0.021055376307477145,-0.032814448234616295,0.07514400680629672,21,21,paired difference with outcome-cluster percentile bootstrap,or whether,1,False,remove detected cue occurrences from AIO predictions; retain a sentence if another detected cue remains,0.021055376307477152,-6.938893903907228e-18
contextual_hedging,detected_cue_removed,hedged_sentence_rate,Ethnicity,Majority - People,-0.01777179413457609,-0.07619838073198035,0.04504839245793193,21,21,paired difference with outcome-cluster percentile bootstrap,or whether,1,False,remove detected cue occurrences from AIO predictions; retain a sentence if another detected cue remains,-0.017771794134576076,-1.3877787807814457e-17
contextual_hedging,detected_cue_removed,hedged_sentence_rate,Ethnicity,Minority - Majority,0.038827170442053235,-0.02503679428719511,0.09169392232417449,21,21,paired difference with outcome-cluster percentile bootstrap,or whether,1,False,remove detected cue occurrences from AIO predictions; retain a sentence if another detected cue remains,0.03882717044205323,6.938893903907228e-18
contextual_hedging,detected_cue_removed,hedged_sentence_rate,Gender,Minority - People,0.09083941937979205,0.03442415408952676,0.15356807610379036,21,21,paired difference with outcome-cluster percentile bootstrap,or whether,1,False,remove detected cue occurrences from AIO predictions; retain a sentence if another detected cue remains,0.09679180033217301,-0.005952380952380959
contextual_hedging,detected_cue_removed,hedged_sentence_rate,Gender,Majority - People,0.0792282180937643,0.009483051184731852,0.1455621742675314,21,21,paired difference with outcome-cluster percentile bootstrap,or whether,1,False,remove detected cue occurrences from AIO predictions; retain a sentence if another detected cue remains,0.0792282180937643,0.0
contextual_hedging,detected_cue_removed,hedged_sentence_rate,Gender,Minority - Majority,0.011611201286027738,-0.06784550614441918,0.09052432387772177,21,21,paired difference with outcome-cluster percentile bootstrap,or whether,1,False,remove detected cue occurrences from AIO predictions; retain a sentence if another detected cue remains,0.017563582238408697,-0.005952380952380959
contextual_hedging,detected_cue_removed,hedged_sentence_rate,Disability,Minority - People,0.0069788676931533955,-0.06917683011433012,0.08855046408617848,21,21,paired difference with outcome-cluster percentile bootstrap,or whether,1,False,remove detected cue occurrences from AIO predictions; retain a sentence if another detected cue remains,0.006978867693153413,-1.734723475976807e-17
contextual_hedging,detected_cue_removed,hedged_sentence_rate,Disability,Majority - People,0.01631434911510099,-0.04318008623929677,0.07015507310150165,21,21,paired difference with outcome-cluster percentile bootstrap,or whether,1,False,remove detected cue occurrences from AIO predictions; retain a sentence if another detected cue remains,0.016314349115101,-1.0408340855860843e-17
contextual_hedging,detected_cue_removed,hedged_sentence_rate,Disability,Minority - Majority,-0.009335481421947595,-0.09030169896241325,0.07747841939806226,21,21,paired difference with outcome-cluster percentile bootstrap,or whether,1,False,remove detected cue occurrences from AIO predictions; retain a sentence if another detected cue remains,-0.009335481421947582,-1.214306433183765e-17
contextual_hedging,detected_cue_removed,hedged_sentence_rate,Sexual Orientation,Minority - People,0.0668497972124686,-0.0244627194516624,0.15838367553192298,21,21,paired difference with outcome-cluster percentile bootstrap,or whether,1,False,remove detected cue occurrences from AIO predictions; retain a sentence if another detected cue remains,0.0668497972124686,0.0
contextual_hedging,detected_cue_removed,hedged_sentence_rate,Sexual Orientation,Majority - People,0.03781458362203703,-0.04797632340916501,0.12896362214102902,21,21,paired difference with outcome-cluster percentile bootstrap,or whether,1,False,remove detected cue occurrences from AIO predictions; retain a sentence if another detected cue remains,0.037814583622037046,-1.3877787807814457e-17
contextual_hedging,detected_cue_removed,hedged_sentence_rate,Sexual Orientation,Minority - Majority,0.02903521359043156,-0.08183878721166234,0.1439259348886679,21,21,paired difference with outcome-cluster percentile bootstrap,or whether,1,False,remove detected cue occurrences from AIO predictions; retain a sentence if another detected cue remains,0.029035213590431548,1.0408340855860843e-17
contextual_hedging,detected_cue_removed,hedged_sentence_rate,Gender Identity,Minority - People,0.04029427481808434,-0.025348426806760138,0.10303605901820188,21,21,paired difference with outcome-cluster percentile bootstrap,or whether,1,False,remove detected cue occurrences from AIO predictions; retain a sentence if another detected cue remains,0.04029427481808435,-6.938893903907228e-18
contextual_hedging,detected_cue_removed,hedged_sentence_rate,Gender Identity,Majority - People,0.010848000509654641,-0.03672925193366923,0.05577192179165864,21,21,paired difference with outcome-cluster percentile bootstrap,or whether,1,False,remove detected cue occurrences from AIO predictions; retain a sentence if another detected cue remains,0.010848000509654652,-1.0408340855860843e-17
contextual_hedging,detected_cue_removed,hedged_sentence_rate,Gender Identity,Minority - Majority,0.0294462743084297,-0.028176665762818635,0.08376714132666514,21,21,paired difference with outcome-cluster percentile bootstrap,or whether,1,False,remove detected cue occurrences from AIO predictions; retain a sentence if another detected cue remains,0.0294462743084297,0.0
contextual_hedging,detected_cue_removed,hedged_sentence_rate,Race,Minority - People,0.029212182971581468,-0.05078752944354447,0.10691345839137197,21,21,paired difference with outcome-cluster percentile bootstrap,likelihood,1,False,remove detected cue occurrences from AIO predictions; retain a sentence if another detected cue remains,0.029212182971581478,-1.0408340855860843e-17
contextual_hedging,detected_cue_removed,hedged_sentence_rate,Race,Majority - People,0.03616759528413664,-0.02155023965174341,0.08977982465529458,21,21,paired difference with outcome-cluster percentile bootstrap,likelihood,1,False,remove detected cue occurrences from AIO predictions; retain a sentence if another detected cue remains,0.03616759528413665,-6.938893903907228e-18
contextual_hedging,detected_cue_removed,hedged_sentence_rate,Race,Minority - Majority,-0.006955412312555177,-0.08931605396830962,0.07100700703849204,21,21,paired difference with outcome-cluster percentile bootstrap,likelihood,1,False,remove detected cue occurrences from AIO predictions; retain a sentence if another detected cue remains,-0.006955412312555172,-5.204170427930421e-18
contextual_hedging,detected_cue_removed,hedged_sentence_rate,Ethnicity,Minority - People,0.021055376307477145,-0.032814448234616295,0.07514400680629672,21,21,paired difference with outcome-cluster percentile bootstrap,likelihood,1,False,remove detected cue occurrences from AIO predictions; retain a sentence if another detected cue remains,0.021055376307477152,-6.938893903907228e-18
contextual_hedging,detected_cue_removed,hedged_sentence_rate,Ethnicity,Majority - People,-0.01777179413457609,-0.07619838073198035,0.04504839245793193,21,21,paired difference with outcome-cluster percentile bootstrap,likelihood,1,False,remove detected cue occurrences from AIO predictions; retain a sentence if another detected cue remains,-0.017771794134576076,-1.3877787807814457e-17
contextual_hedging,detected_cue_removed,hedged_sentence_rate,Ethnicity,Minority - Majority,0.038827170442053235,-0.02503679428719511,0.09169392232417449,21,21,paired difference with outcome-cluster percentile bootstrap,likelihood,1,False,remove detected cue occurrences from AIO predictions; retain a sentence if another detected cue remains,0.03882717044205323,6.938893903907228e-18
contextual_hedging,detected_cue_removed,hedged_sentence_rate,Gender,Minority - People,0.08885529239566506,0.026394140797091105,0.15691008646288152,21,21,paired difference with outcome-cluster percentile bootstrap,likelihood,1,False,remove detected cue occurrences from AIO predictions; retain a sentence if another detected cue remains,0.09679180033217301,-0.00793650793650795
contextual_hedging,detected_cue_removed,hedged_sentence_rate,Gender,Majority - People,0.0792282180937643,0.009483051184731852,0.1455621742675314,21,21,paired difference with outcome-cluster percentile bootstrap,likelihood,1,False,remove detected cue occurrences from AIO predictions; retain a sentence if another detected cue remains,0.0792282180937643,0.0
contextual_hedging,detected_cue_removed,hedged_sentence_rate,Gender,Minority - Majority,0.009627074301900752,-0.07438675449572417,0.09245167134452852,21,21,paired difference with outcome-cluster percentile bootstrap,likelihood,1,False,remove detected cue occurrences from AIO predictions; retain a sentence if another detected cue remains,0.017563582238408697,-0.007936507936507945
contextual_hedging,detected_cue_removed,hedged_sentence_rate,Disability,Minority - People,0.0069788676931533955,-0.06917683011433012,0.08855046408617848,21,21,paired difference with outcome-cluster percentile bootstrap,likelihood,1,False,remove detected cue occurrences from AIO predictions; retain a sentence if another detected cue remains,0.006978867693153413,-1.734723475976807e-17
contextual_hedging,detected_cue_removed,hedged_sentence_rate,Disability,Majority - People,0.01631434911510099,-0.04318008623929677,0.07015507310150165,21,21,paired difference with outcome-cluster percentile bootstrap,likelihood,1,False,remove detected cue occurrences from AIO predictions; retain a sentence if another detected cue remains,0.016314349115101,-1.0408340855860843e-17
contextual_hedging,detected_cue_removed,hedged_sentence_rate,Disability,Minority - Majority,-0.009335481421947595,-0.09030169896241325,0.07747841939806226,21,21,paired difference with outcome-cluster percentile bootstrap,likelihood,1,False,remove detected cue occurrences from AIO predictions; retain a sentence if another detected cue remains,-0.009335481421947582,-1.214306433183765e-17
contextual_hedging,detected_cue_removed,hedged_sentence_rate,Sexual Orientation,Minority - People,0.0668497972124686,-0.0244627194516624,0.15838367553192298,21,21,paired difference with outcome-cluster percentile bootstrap,likelihood,1,False,remove detected cue occurrences from AIO predictions; retain a sentence if another detected cue remains,0.0668497972124686,0.0
contextual_hedging,detected_cue_removed,hedged_sentence_rate,Sexual Orientation,Majority - People,0.03781458362203703,-0.04797632340916501,0.12896362214102902,21,21,paired difference with outcome-cluster percentile bootstrap,likelihood,1,False,remove detected cue occurrences from AIO predictions; retain a sentence if another detected cue remains,0.037814583622037046,-1.3877787807814457e-17
contextual_hedging,detected_cue_removed,hedged_sentence_rate,Sexual Orientation,Minority - Majority,0.02903521359043156,-0.08183878721166234,0.1439259348886679,21,21,paired difference with outcome-cluster percentile bootstrap,likelihood,1,False,remove detected cue occurrences from AIO predictions; retain a sentence if another detected cue remains,0.029035213590431548,1.0408340855860843e-17
contextual_hedging,detected_cue_removed,hedged_sentence_rate,Gender Identity,Minority - People,0.04029427481808434,-0.025348426806760138,0.10303605901820188,21,21,paired difference with outcome-cluster percentile bootstrap,likelihood,1,False,remove detected cue occurrences from AIO predictions; retain a sentence if another detected cue remains,0.04029427481808435,-6.938893903907228e-18
contextual_hedging,detected_cue_removed,hedged_sentence_rate,Gender Identity,Majority - People,0.010848000509654641,-0.03672925193366923,0.05577192179165864,21,21,paired difference with outcome-cluster percentile bootstrap,likelihood,1,False,remove detected cue occurrences from AIO predictions; retain a sentence if another detected cue remains,0.010848000509654652,-1.0408340855860843e-17
contextual_hedging,detected_cue_removed,hedged_sentence_rate,Gender Identity,Minority - Majority,0.0294462743084297,-0.028176665762818635,0.08376714132666514,21,21,paired difference with outcome-cluster percentile bootstrap,likelihood,1,False,remove detected cue occurrences from AIO predictions; retain a sentence if another detected cue remains,0.0294462743084297,0.0
contextual_hedging,detected_cue_removed,hedged_sentence_rate,Race,Minority - People,0.029212182971581468,-0.05078752944354447,0.10691345839137197,21,21,paired difference with outcome-cluster percentile bootstrap,fear,1,False,remove detected cue occurrences from AIO predictions; retain a sentence if another detected cue remains,0.029212182971581478,-1.0408340855860843e-17
contextual_hedging,detected_cue_removed,hedged_sentence_rate,Race,Majority - People,0.03616759528413664,-0.02155023965174341,0.08977982465529458,21,21,paired difference with outcome-cluster percentile bootstrap,fear,1,False,remove detected cue occurrences from AIO predictions; retain a sentence if another detected cue remains,0.03616759528413665,-6.938893903907228e-18
contextual_hedging,detected_cue_removed,hedged_sentence_rate,Race,Minority - Majority,-0.006955412312555177,-0.08931605396830962,0.07100700703849204,21,21,paired difference with outcome-cluster percentile bootstrap,fear,1,False,remove detected cue occurrences from AIO predictions; retain a sentence if another detected cue remains,-0.006955412312555172,-5.204170427930421e-18
contextual_hedging,detected_cue_removed,hedged_sentence_rate,Ethnicity,Minority - People,0.021055376307477145,-0.032814448234616295,0.07514400680629672,21,21,paired difference with outcome-cluster percentile bootstrap,fear,1,False,remove detected cue occurrences from AIO predictions; retain a sentence if another detected cue remains,0.021055376307477152,-6.938893903907228e-18
contextual_hedging,detected_cue_removed,hedged_sentence_rate,Ethnicity,Majority - People,-0.01777179413457609,-0.07619838073198035,0.04504839245793193,21,21,paired difference with outcome-cluster percentile bootstrap,fear,1,False,remove detected cue occurrences from AIO predictions; retain a sentence if another detected cue remains,-0.017771794134576076,-1.3877787807814457e-17
contextual_hedging,detected_cue_removed,hedged_sentence_rate,Ethnicity,Minority - Majority,0.038827170442053235,-0.02503679428719511,0.09169392232417449,21,21,paired difference with outcome-cluster percentile bootstrap,fear,1,False,remove detected cue occurrences from AIO predictions; retain a sentence if another detected cue remains,0.03882717044205323,6.938893903907228e-18
contextual_hedging,detected_cue_removed,hedged_sentence_rate,Gender,Minority - People,0.09150079504116772,0.032642990406189155,0.15737140769283625,21,21,paired difference with outcome-cluster percentile bootstrap,fear,1,False,remove detected cue occurrences from AIO predictions; retain a sentence if another detected cue remains,0.09679180033217301,-0.005291005291005291
contextual_hedging,detected_cue_removed,hedged_sentence_rate,Gender,Majority - People,0.0792282180937643,0.009483051184731852,0.1455621742675314,21,21,paired difference with outcome-cluster percentile bootstrap,fear,1,False,remove detected cue occurrences from AIO predictions; retain a sentence if another detected cue remains,0.0792282180937643,0.0
contextual_hedging,detected_cue_removed,hedged_sentence_rate,Gender,Minority - Majority,0.012272576947403399,-0.06869963165496594,0.09278016712411125,21,21,paired difference with outcome-cluster percentile bootstrap,fear,1,False,remove detected cue occurrences from AIO predictions; retain a sentence if another detected cue remains,0.017563582238408697,-0.005291005291005298
contextual_hedging,detected_cue_removed,hedged_sentence_rate,Disability,Minority - People,0.0069788676931533955,-0.06917683011433012,0.08855046408617848,21,21,paired difference with outcome-cluster percentile bootstrap,fear,1,False,remove detected cue occurrences from AIO predictions; retain a sentence if another detected cue remains,0.006978867693153413,-1.734723475976807e-17
contextual_hedging,detected_cue_removed,hedged_sentence_rate,Disability,Majority - People,0.01631434911510099,-0.04318008623929677,0.07015507310150165,21,21,paired difference with outcome-cluster percentile bootstrap,fear,1,False,remove detected cue occurrences from AIO predictions; retain a sentence if another detected cue remains,0.016314349115101,-1.0408340855860843e-17
contextual_hedging,detected_cue_removed,hedged_sentence_rate,Disability,Minority - Majority,-0.009335481421947595,-0.09030169896241325,0.07747841939806226,21,21,paired difference with outcome-cluster percentile bootstrap,fear,1,False,remove detected cue occurrences from AIO predictions; retain a sentence if another detected cue remains,-0.009335481421947582,-1.214306433183765e-17
contextual_hedging,detected_cue_removed,hedged_sentence_rate,Sexual Orientation,Minority - People,0.0668497972124686,-0.0244627194516624,0.15838367553192298,21,21,paired difference with outcome-cluster percentile bootstrap,fear,1,False,remove detected cue occurrences from AIO predictions; retain a sentence if another detected cue remains,0.0668497972124686,0.0
contextual_hedging,detected_cue_removed,hedged_sentence_rate,Sexual Orientation,Majority - People,0.03781458362203703,-0.04797632340916501,0.12896362214102902,21,21,paired difference with outcome-cluster percentile bootstrap,fear,1,False,remove detected cue occurrences from AIO predictions; retain a sentence if another detected cue remains,0.037814583622037046,-1.3877787807814457e-17
contextual_hedging,detected_cue_removed,hedged_sentence_rate,Sexual Orientation,Minority - Majority,0.02903521359043156,-0.08183878721166234,0.1439259348886679,21,21,paired difference with outcome-cluster percentile bootstrap,fear,1,False,remove detected cue occurrences from AIO predictions; retain a sentence if another detected cue remains,0.029035213590431548,1.0408340855860843e-17
contextual_hedging,detected_cue_removed,hedged_sentence_rate,Gender Identity,Minority - People,0.04029427481808434,-0.025348426806760138,0.10303605901820188,21,21,paired difference with outcome-cluster percentile bootstrap,fear,1,False,remove detected cue occurrences from AIO predictions; retain a sentence if another detected cue remains,0.04029427481808435,-6.938893903907228e-18
contextual_hedging,detected_cue_removed,hedged_sentence_rate,Gender Identity,Majority - People,0.010848000509654641,-0.03672925193366923,0.05577192179165864,21,21,paired difference with outcome-cluster percentile bootstrap,fear,1,False,remove detected cue occurrences from AIO predictions; retain a sentence if another detected cue remains,0.010848000509654652,-1.0408340855860843e-17
contextual_hedging,detected_cue_removed,hedged_sentence_rate,Gender Identity,Minority - Majority,0.0294462743084297,-0.028176665762818635,0.08376714132666514,21,21,paired difference with outcome-cluster percentile bootstrap,fear,1,False,remove detected cue occurrences from AIO predictions; retain a sentence if another detected cue remains,0.0294462743084297,0.0
