file,group,condition,dimension,domain,outcome,outcome_id,source_id,source_url,source_domain,n_selected_passages,mean_query_relevance,evidence_alignment,evidence_semantic_gap,max_passage_alignment
black_people/credit_and_financial_services__access_to_banking_services.txt,Black people,minority,Race,Credit & Financial Services,Access to banking services,Credit & Financial Services :: Access to banking services,27ebba74a46aef5b9374,https://pmc.ncbi.nlm.nih.gov/articles/PMC7173312,nih.gov,3,0.7212019562721252,0.7051286697387695,0.29487133026123047,0.7448667287826538
black_people/credit_and_financial_services__access_to_banking_services.txt,Black people,minority,Race,Credit & Financial Services,Access to banking services,Credit & Financial Services :: Access to banking services,3611a4112d207918ce64,https://insights.som.yale.edu/insights/black-households-have-less-access-to-banks,yale.edu,3,0.7293382088343302,0.8108099102973938,0.1891900897026062,0.8376360535621643
black_people/credit_and_financial_services__access_to_banking_services.txt,Black people,minority,Race,Credit & Financial Services,Access to banking services,Credit & Financial Services :: Access to banking services,3b95d31b802cfdcb021d,https://brookings.edu/articles/an-analysis-of-financial-institutions-in-black-majority-communities-black-borrowers-and-depositors-face-considerable-challenges-in-accessing-banking-services,brookings.edu,3,0.7698384722073873,0.8122008442878723,0.18779915571212769,0.8655329346656799
black_people/credit_and_financial_services__access_to_banking_services.txt,Black people,minority,Race,Credit & Financial Services,Access to banking services,Credit & Financial Services :: Access to banking services,8a42c6ab08510e278619,https://libertystreeteconomics.newyorkfed.org/2024/01/an-overlooked-factor-in-banks-lending-to-minorities,newyorkfed.org,3,0.671721875667572,0.6948737502098083,0.30512624979019165,0.7166246175765991
black_people/credit_and_financial_services__access_to_banking_services.txt,Black people,minority,Race,Credit & Financial Services,Access to banking services,Credit & Financial Services :: Access to banking services,9ef4aa9dbc828ef439ad,https://bcg.com/publications/2021/unbanked-and-underbanked-households-breaking-down-the-myths-towards-racial-equity-in-banking,bcg.com,3,0.7394789258639017,0.7175173163414001,0.28248268365859985,0.7756761312484741
black_people/credit_and_financial_services__access_to_banking_services.txt,Black people,minority,Race,Credit & Financial Services,Access to banking services,Credit & Financial Services :: Access to banking services,b99ab0c967ba34aafb36,https://jbhe.com/2021/11/study-finds-persisting-racial-inequality-in-access-to-financial-services-and-credit,jbhe.com,3,0.7073609034220377,0.7954176068305969,0.20458239316940308,0.8154370784759521
black_people/credit_and_financial_services__access_to_banking_services.txt,Black people,minority,Race,Credit & Financial Services,Access to banking services,Credit & Financial Services :: Access to banking services,bb15ff9aa2c4626a8196,https://bostonfed.org/news-and-events/news/2021/11/racism-and-the-economy-barriers-to-financial-services-perpetuate-economic-gaps.aspx,bostonfed.org,3,0.7041445374488831,0.718704879283905,0.28129512071609497,0.7689254283905029
black_people/credit_and_financial_services__access_to_banking_services.txt,Black people,minority,Race,Credit & Financial Services,Access to banking services,Credit & Financial Services :: Access to banking services,bc946e919ee2c578d435,https://mckinsey.com/institute-for-economic-mobility/our-insights/investing-in-and-with-black-consumers-in-financial-services,mckinsey.com,3,0.7894357840220133,0.771630048751831,0.22836995124816895,0.8168627619743347
black_people/credit_and_financial_services__access_to_banking_services.txt,Black people,minority,Race,Credit & Financial Services,Access to banking services,Credit & Financial Services :: Access to banking services,e63e646c68042089a365,https://jec.senate.gov/public/_cache/files/2756e78d-cd64-4413-8d26-a4f9c2756947/banking-and-financial-exclusion-final.pdf,senate.gov,3,0.752952516078949,0.7501322627067566,0.2498677372932434,0.7635433077812195
black_people/credit_and_financial_services__access_to_credit.txt,Black people,minority,Race,Credit & Financial Services,Access to credit,Credit & Financial Services :: Access to credit,356ef631d65260b12137,https://federalreserve.gov/econres/feds/how-much-does-racial-bias-affect-mortgage-lending.htm,federalreserve.gov,3,0.619098424911499,0.7139201760292053,0.2860798239707947,0.7827582359313965
black_people/credit_and_financial_services__access_to_credit.txt,Black people,minority,Race,Credit & Financial Services,Access to credit,Credit & Financial Services :: Access to credit,7875af1e27f3b33c6e41,https://opportunityinsights.org/wp-content/uploads/2025/07/CreditAccess_Nontech.pdf,opportunityinsights.org,3,0.7594317197799683,0.7422229647636414,0.25777703523635864,0.7760249376296997
black_people/credit_and_financial_services__access_to_credit.txt,Black people,minority,Race,Credit & Financial Services,Access to credit,Credit & Financial Services :: Access to credit,7db7f063d6eb3c15307e,https://nclc.org/wp-content/uploads/2016/05/20240227_Issue-Brief_Past-Imperfect.pdf,nclc.org,3,0.7617834806442261,0.7641098499298096,0.23589015007019043,0.7795987129211426
black_people/credit_and_financial_services__access_to_credit.txt,Black people,minority,Race,Credit & Financial Services,Access to credit,Credit & Financial Services :: Access to credit,8a42c6ab08510e278619,https://libertystreeteconomics.newyorkfed.org/2024/01/an-overlooked-factor-in-banks-lending-to-minorities,newyorkfed.org,3,0.6708102424939474,0.7356823086738586,0.26431769132614136,0.785447359085083
black_people/credit_and_financial_services__access_to_credit.txt,Black people,minority,Race,Credit & Financial Services,Access to credit,Credit & Financial Services :: Access to credit,9448970c042845b2343e,https://moneymanagement.org/blog/why-good-credit-is-harder-to-achieve-in-communities-of-color,moneymanagement.org,3,0.7783703207969666,0.7573538422584534,0.24264615774154663,0.7731276154518127
black_people/credit_and_financial_services__access_to_credit.txt,Black people,minority,Race,Credit & Financial Services,Access to credit,Credit & Financial Services :: Access to credit,a2f0ade383c82c4d7b2e,https://nationalfairhousing.org/wp-content/uploads/2017/04/NFHA-credit-scoring-paper-for-Suffolk-NCLC-symposium-submitted-to-Suffolk-Law.pdf,nationalfairhousing.org,3,0.7996128996213278,0.7787153124809265,0.2212846875190735,0.8013014793395996
black_people/credit_and_financial_services__access_to_credit.txt,Black people,minority,Race,Credit & Financial Services,Access to credit,Credit & Financial Services :: Access to credit,b99ab0c967ba34aafb36,https://jbhe.com/2021/11/study-finds-persisting-racial-inequality-in-access-to-financial-services-and-credit,jbhe.com,3,0.681678056716919,0.7571801543235779,0.24281984567642212,0.8189566135406494
black_people/credit_and_financial_services__access_to_credit.txt,Black people,minority,Race,Credit & Financial Services,Access to credit,Credit & Financial Services :: Access to credit,e63e646c68042089a365,https://jec.senate.gov/public/_cache/files/2756e78d-cd64-4413-8d26-a4f9c2756947/banking-and-financial-exclusion-final.pdf,senate.gov,3,0.7609425187110901,0.7588723301887512,0.24112766981124878,0.7936098575592041
black_people/credit_and_financial_services__credit_loan_approval.txt,Black people,minority,Race,Credit & Financial Services,Credit/loan approval,Credit & Financial Services :: Credit/loan approval,106b0fe63a30b516b0bb,https://bestcolleges.com/resources/credit-literacy-black-hispanic-students,bestcolleges.com,3,0.7378378907839457,0.7322961688041687,0.2677038311958313,0.7480308413505554
black_people/credit_and_financial_services__credit_loan_approval.txt,Black people,minority,Race,Credit & Financial Services,Credit/loan approval,Credit & Financial Services :: Credit/loan approval,2126bef1bd38f4208758,https://finance.yahoo.com/news/race-impacts-credit-history-effect-110039095.html,yahoo.com,3,0.7467735012372335,0.8099525570869446,0.19004744291305542,0.8364425897598267
black_people/credit_and_financial_services__credit_loan_approval.txt,Black people,minority,Race,Credit & Financial Services,Credit/loan approval,Credit & Financial Services :: Credit/loan approval,2551bfc004272cf41d72,https://bankrate.com/,bankrate.com,3,0.43994880716005963,0.5173724889755249,0.4826275110244751,0.5348528623580933
black_people/credit_and_financial_services__credit_loan_approval.txt,Black people,minority,Race,Credit & Financial Services,Credit/loan approval,Credit & Financial Services :: Credit/loan approval,356ef631d65260b12137,https://federalreserve.gov/econres/feds/how-much-does-racial-bias-affect-mortgage-lending.htm,federalreserve.gov,3,0.65067986647288,0.6960996985435486,0.3039003014564514,0.8007670640945435
black_people/credit_and_financial_services__credit_loan_approval.txt,Black people,minority,Race,Credit & Financial Services,Credit/loan approval,Credit & Financial Services :: Credit/loan approval,7a898503a0141d0c7000,https://news.byu.edu/banks-offer-black-entrepreneurs-inferior-loans-even-when-they-are-better-qualified-than-peers,byu.edu,3,0.7184514800707499,0.7257676720619202,0.27423232793807983,0.7402985692024231
black_people/credit_and_financial_services__credit_loan_approval.txt,Black people,minority,Race,Credit & Financial Services,Credit/loan approval,Credit & Financial Services :: Credit/loan approval,a2f0ade383c82c4d7b2e,https://nationalfairhousing.org/wp-content/uploads/2017/04/NFHA-credit-scoring-paper-for-Suffolk-NCLC-symposium-submitted-to-Suffolk-Law.pdf,nationalfairhousing.org,3,0.7856887578964233,0.7709755301475525,0.2290244698524475,0.7803953886032104
black_people/credit_and_financial_services__credit_loan_approval.txt,Black people,minority,Race,Credit & Financial Services,Credit/loan approval,Credit & Financial Services :: Credit/loan approval,c088e3f5d93ab9408974,https://pmc.ncbi.nlm.nih.gov/articles/PMC11731762,nih.gov,3,0.7020622690518697,0.737341582775116,0.26265841722488403,0.7550127506256104
black_people/credit_and_financial_services__credit_loan_approval.txt,Black people,minority,Race,Credit & Financial Services,Credit/loan approval,Credit & Financial Services :: Credit/loan approval,e37cad46c3bfc4ec1492,https://minneapolisfed.org/article/2024/lender-reported-reasons-for-mortgage-denials-dont-explain-racial-disparities,minneapolisfed.org,3,0.738329291343689,0.7496798038482666,0.2503201961517334,0.7843577265739441
black_people/criminal_justice__arrest_detention_by_police.txt,Black people,minority,Race,Criminal Justice,Arrest / detention by police,Criminal Justice :: Arrest / detention by police,1a444ac222ba65e89125,https://pmc.ncbi.nlm.nih.gov/articles/PMC2831379,nih.gov,3,0.7826188405354818,0.781395435333252,0.21860456466674805,0.7999371886253357
black_people/criminal_justice__arrest_detention_by_police.txt,Black people,minority,Race,Criminal Justice,Arrest / detention by police,Criminal Justice :: Arrest / detention by police,206b6395f06dd583d365,https://sentencingproject.org/reports/one-in-five-racial-disparity-in-imprisonment-causes-and-remedies,sentencingproject.org,3,0.7888486385345459,0.8366689682006836,0.1633310317993164,0.8753409385681152
black_people/criminal_justice__arrest_detention_by_police.txt,Black people,minority,Race,Criminal Justice,Arrest / detention by police,Criminal Justice :: Arrest / detention by police,4cb66278eb838b17b425,https://sentencingproject.org/reports/one-in-five-disparities-in-crime-and-policing,sentencingproject.org,3,0.78982941309611,0.8002446293830872,0.19975537061691284,0.8296875953674316
black_people/criminal_justice__arrest_detention_by_police.txt,Black people,minority,Race,Criminal Justice,Arrest / detention by police,Criminal Justice :: Arrest / detention by police,a62e9766b3d4787d4b6f,https://vera-institute.files.svdcdn.com/production/downloads/publications/for-the-record-unjust-burden-racial-disparities.pdf,svdcdn.com,3,0.826663096745809,0.8338594436645508,0.16614055633544922,0.8731086254119873
black_people/criminal_justice__arrest_detention_by_police.txt,Black people,minority,Race,Criminal Justice,Arrest / detention by police,Criminal Justice :: Arrest / detention by police,b022456affb70a8a603c,https://sentencingproject.org/press-releases/new-report-on-racial-disparities-in-policing-and-crime-from-the-sentencing-project,sentencingproject.org,3,0.7318642934163412,0.7844359278678894,0.2155640721321106,0.8235418200492859
black_people/criminal_justice__arrest_detention_by_police.txt,Black people,minority,Race,Criminal Justice,Arrest / detention by police,Criminal Justice :: Arrest / detention by police,b4e995b3fe6b826a44d0,https://bja.ojp.gov/library/publications/understanding-police-decisions-arrest-impact-situational-officer-and,ojp.gov,3,0.6440040469169617,0.687014102935791,0.312985897064209,0.7769609689712524
black_people/criminal_justice__arrest_detention_by_police.txt,Black people,minority,Race,Criminal Justice,Arrest / detention by police,Criminal Justice :: Arrest / detention by police,de6290d9810d603eb58b,https://prisonpolicy.org/research/racial_and_ethnic_disparities,prisonpolicy.org,3,0.7504435777664185,0.7015975117683411,0.29840248823165894,0.7096400260925293
black_people/criminal_justice__incarceration.txt,Black people,minority,Race,Criminal Justice,Incarceration,Criminal Justice :: Incarceration,206b6395f06dd583d365,https://sentencingproject.org/reports/one-in-five-racial-disparity-in-imprisonment-causes-and-remedies,sentencingproject.org,3,0.8289698958396912,0.8211575150489807,0.1788424849510193,0.8315867185592651
black_people/criminal_justice__incarceration.txt,Black people,minority,Race,Criminal Justice,Incarceration,Criminal Justice :: Incarceration,48bdc8153a8577bce0fa,https://sentencingproject.org/press-releases/new-report-three-causes-of-racial-inequity-in-the-criminal-legal-system,sentencingproject.org,3,0.8072486917177836,0.7908520102500916,0.20914798974990845,0.8311737775802612
black_people/criminal_justice__incarceration.txt,Black people,minority,Race,Criminal Justice,Incarceration,Criminal Justice :: Incarceration,81d202d702686e821737,https://nacdl.org/Content/Race-and-Sentencing,nacdl.org,3,0.7748295863469442,0.7155550122261047,0.28444498777389526,0.7307936549186707
black_people/criminal_justice__incarceration.txt,Black people,minority,Race,Criminal Justice,Incarceration,Criminal Justice :: Incarceration,99e26747bdd41a1ac5ed,https://aclu.org/issues/racial-justice/race-and-criminal-justice,aclu.org,3,0.8102977275848389,0.819873034954071,0.18012696504592896,0.856886625289917
black_people/criminal_justice__incarceration.txt,Black people,minority,Race,Criminal Justice,Incarceration,Criminal Justice :: Incarceration,ad9b153d6682c86b765d,https://sentencingproject.org/reports/one-in-five-how-mass-incarceration-deepens-inequality-and-harms-public-safety,sentencingproject.org,3,0.7976725896199545,0.7762473225593567,0.2237526774406433,0.8317722082138062
black_people/criminal_justice__incarceration.txt,Black people,minority,Race,Criminal Justice,Incarceration,Criminal Justice :: Incarceration,eb6074ed2b46990d5386,https://ebsco.com/research-starters/law/mass-incarceration-and-race,ebsco.com,3,0.8090189099311829,0.770261287689209,0.22973871231079102,0.7981558442115784
black_people/criminal_justice__police_use_of_force.txt,Black people,minority,Race,Criminal Justice,Police use of force,Criminal Justice :: Police use of force,127455ac5be31e40b692,https://pmc.ncbi.nlm.nih.gov/articles/PMC9744977,nih.gov,3,0.7958766420682272,0.8229815363883972,0.17701846361160278,0.8615577220916748
black_people/criminal_justice__police_use_of_force.txt,Black people,minority,Race,Criminal Justice,Police use of force,Criminal Justice :: Police use of force,b022456affb70a8a603c,https://sentencingproject.org/press-releases/new-report-on-racial-disparities-in-policing-and-crime-from-the-sentencing-project,sentencingproject.org,3,0.7582029501597086,0.7523162364959717,0.24768376350402832,0.7738001346588135
black_people/criminal_justice__police_use_of_force.txt,Black people,minority,Race,Criminal Justice,Police use of force,Criminal Justice :: Police use of force,f252962e9f65eefd1e5a,https://pmc.ncbi.nlm.nih.gov/articles/PMC6002151,nih.gov,3,0.8149216969807943,0.842387855052948,0.157612144947052,0.8493900299072266
black_people/criminal_justice__police_use_of_force.txt,Black people,minority,Race,Criminal Justice,Police use of force,Criminal Justice :: Police use of force,f71a506c545f5836eabb,https://policingequity.org/resource-library/use-of-force,policingequity.org,3,0.8058459758758545,0.8080560564994812,0.1919439435005188,0.849144697189331
black_people/education__college_access_admission.txt,Black people,minority,Race,Education,College access/admission,Education :: College access/admission,0069690cbf7616bae686,https://naacp.org/resources/affirmative-action-education-matters,naacp.org,3,0.7548092603683472,0.7679633498191833,0.23203665018081665,0.8096423745155334
black_people/education__college_access_admission.txt,Black people,minority,Race,Education,College access/admission,Education :: College access/admission,1ab6ded1218d28aac79c,https://tminstituteldf.org/redressing-educational-inequality-the-legacy-and-opportunity-of-affirmative-action,tminstituteldf.org,3,0.8461291591326395,0.8124182820320129,0.18758171796798706,0.8360760807991028
black_people/education__college_access_admission.txt,Black people,minority,Race,Education,College access/admission,Education :: College access/admission,3eda9257d20385a68d22,https://partnershipfcc.org/publications/affirmativeaction,partnershipfcc.org,3,0.8074488639831543,0.8047439455986023,0.1952560544013977,0.8409559726715088
black_people/education__college_access_admission.txt,Black people,minority,Race,Education,College access/admission,Education :: College access/admission,41c057c28d38c453d69b,https://ncan.org/Web/News/Race-Conscious-Admissions-and-Black-Students-The-Past-Present-and-Future.aspx,ncan.org,3,0.8029021819432577,0.8333300948143005,0.16666990518569946,0.8537142872810364
black_people/education__college_access_admission.txt,Black people,minority,Race,Education,College access/admission,Education :: College access/admission,6942a0dd184d3fcee471,https://equityinhighered.org/resources/ideas-and-insights/segregation-in-higher-education-and-unequal-paths-to-college-completion-implications-for-policy-and-research,equityinhighered.org,3,0.7851072152455648,0.7273855209350586,0.2726144790649414,0.7580133080482483
black_people/education__college_access_admission.txt,Black people,minority,Race,Education,College access/admission,Education :: College access/admission,7c29e71c8eff0a4dc6ef,https://naacpldf.org/case-issue/college-admissions-and-equity-research-brief,naacpldf.org,3,0.7372755408287048,0.6879846453666687,0.3120153546333313,0.7857781648635864
black_people/education__college_access_admission.txt,Black people,minority,Race,Education,College access/admission,Education :: College access/admission,87dcbd7b0d63079d694b,https://files.eric.ed.gov/fulltext/ED674172.pdf,ed.gov,3,0.8629506826400757,0.802918016910553,0.19708198308944702,0.8269032835960388
black_people/education__college_access_admission.txt,Black people,minority,Race,Education,College access/admission,Education :: College access/admission,aa4929f885a8eaf3049f,https://usnews.com/education/best-colleges/applying/articles/how-does-affirmative-action-affect-college-admissions,usnews.com,3,0.7584427793820699,0.8085663318634033,0.19143366813659668,0.8751523494720459
black_people/education__college_access_admission.txt,Black people,minority,Race,Education,College access/admission,Education :: College access/admission,ccbaeb235671276b683d,https://timeshighereducation.com/campus/making-admissions-processes-fair-black-students,timeshighereducation.com,3,0.7510865330696106,0.7211262583732605,0.2788737416267395,0.7473028898239136
black_people/education__educational_opportunity_access.txt,Black people,minority,Race,Education,Educational opportunity/access,Education :: Educational opportunity/access,48dfc2e373352b20409d,https://southerneducation.org/in-the-news/u-s-still-has-miles-to-go-to-increase-black-students-educational-opportunities,southerneducation.org,3,0.8021971782048544,0.7791712880134583,0.22082871198654175,0.8151785135269165
black_people/education__educational_opportunity_access.txt,Black people,minority,Race,Education,Educational opportunity/access,Education :: Educational opportunity/access,7aa1980ab5444f126c85,https://unitedwaynca.org/blog/racial-inequality-in-education,unitedwaynca.org,3,0.8156641920407613,0.7910351753234863,0.20896482467651367,0.8140648603439331
black_people/education__educational_opportunity_access.txt,Black people,minority,Race,Education,Educational opportunity/access,Education :: Educational opportunity/access,7cc6dc80d3091756c91d,https://gao.gov/blog/racial-disparities-education-and-role-government,gao.gov,3,0.7802919745445251,0.8438714146614075,0.15612858533859253,0.8643454313278198
black_people/education__educational_opportunity_access.txt,Black people,minority,Race,Education,Educational opportunity/access,Education :: Educational opportunity/access,84b5f42e410aaa0a3300,https://uncf.org/pages/k-12-disparity-facts-and-stats,uncf.org,3,0.7797136505444845,0.8044595122337341,0.19554048776626587,0.8221295475959778
black_people/education__educational_opportunity_access.txt,Black people,minority,Race,Education,Educational opportunity/access,Education :: Educational opportunity/access,c0e93a457b5e58b3fe32,https://home.treasury.gov/news/featured-stories/post-5-racial-differences-in-educational-experiences-and-attainment,treasury.gov,3,0.8121164639790853,0.8089314103126526,0.1910685896873474,0.817617654800415
black_people/education__educational_opportunity_access.txt,Black people,minority,Race,Education,Educational opportunity/access,Education :: Educational opportunity/access,df5d9e4b5db44408734b,https://probonoinst.org/2023/07/13/race-income-and-the-effect-on-educational-opportunity,probonoinst.org,3,0.184297447403272,0.24337983131408691,0.7566201686859131,0.24648639559745789
black_people/education__educational_opportunity_access.txt,Black people,minority,Race,Education,Educational opportunity/access,Education :: Educational opportunity/access,e763956ae024abb886de,https://researchforaction.org/research-resources/k-12/unequal-access-to-educational-opportunity-in-the-united-states,researchforaction.org,3,0.8102478186289469,0.7916086316108704,0.20839136838912964,0.8899663686752319
black_people/education__harassment_bullying.txt,Black people,minority,Race,Education,Harassment/bullying,Education :: Harassment/bullying,06582bbd68942112cd27,https://stopbullying.gov/bullying/groups,stopbullying.gov,3,0.7084816098213196,0.7319498658180237,0.2680501341819763,0.764061450958252
black_people/education__harassment_bullying.txt,Black people,minority,Race,Education,Harassment/bullying,Education :: Harassment/bullying,134552d95724dbc08f2a,https://pmc.ncbi.nlm.nih.gov/articles/PMC10322117,nih.gov,3,0.7576661308606466,0.7355125546455383,0.26448744535446167,0.7593854665756226
black_people/education__harassment_bullying.txt,Black people,minority,Race,Education,Harassment/bullying,Education :: Harassment/bullying,267b6647763b76353c12,https://aclrc.com/blog/2023-2-2-racial-bullying-in-schools,aclrc.com,3,0.8042439421017965,0.8084715008735657,0.19152849912643433,0.8253532648086548
black_people/education__harassment_bullying.txt,Black people,minority,Race,Education,Harassment/bullying,Education :: Harassment/bullying,35bf709073e53235f5d2,https://wbur.org/cognoscenti/2023/10/19/racial-bullying-george-floyd-alexis-rickmers-oren-sellstrom,wbur.org,3,0.7993413607279459,0.7792766094207764,0.22072339057922363,0.7888630628585815
black_people/education__harassment_bullying.txt,Black people,minority,Race,Education,Harassment/bullying,Education :: Harassment/bullying,4afefcc98346ab7253c8,https://news.unm.edu/news/research-finds-black-immigrant-girls-of-color-face-hostile-classrooms,unm.edu,3,0.758594294389089,0.7694461345672607,0.23055386543273926,0.7774997353553772
black_people/education__harassment_bullying.txt,Black people,minority,Race,Education,Harassment/bullying,Education :: Harassment/bullying,4f3562881c9fb3c86ec8,https://defendernetwork.com/news/education/black-youth-bullying-challenges,defendernetwork.com,3,0.7430143555005392,0.7445254921913147,0.2554745078086853,0.7542048096656799
black_people/education__harassment_bullying.txt,Black people,minority,Race,Education,Harassment/bullying,Education :: Harassment/bullying,5e3fb806d2fab689e8c0,https://pmc.ncbi.nlm.nih.gov/articles/PMC7453877,nih.gov,3,0.804121732711792,0.8059727549552917,0.19402724504470825,0.8124233484268188
black_people/education__harassment_bullying.txt,Black people,minority,Race,Education,Harassment/bullying,Education :: Harassment/bullying,ca29ea4b81421de617f8,https://theconversation.com/children-facing-racist-bullying-at-school-need-support-from-teachers-but-many-dont-get-it-196180,theconversation.com,3,0.8045856952667236,0.8147390484809875,0.18526095151901245,0.8387255072593689
black_people/education__harassment_bullying.txt,Black people,minority,Race,Education,Harassment/bullying,Education :: Harassment/bullying,de90b927059280f16ca1,https://ballardbrief.byu.edu/issue-briefs/racial-inequality-in-public-school-discipline-for-black-students-in-the-united-states,byu.edu,3,0.8004924853642782,0.786825954914093,0.21317404508590698,0.8372293710708618
black_people/education__harassment_bullying.txt,Black people,minority,Race,Education,Harassment/bullying,Education :: Harassment/bullying,e3e0e13491321fc48aa2,https://digitalrepository.senecapolytechnic.ca/files/original/9606f96889081dc148b272b60b1510c9e2b54e70.pdf,senecapolytechnic.ca,3,0.8271555503209432,0.8054347038269043,0.1945652961730957,0.8325878381729126
black_people/education__harassment_bullying.txt,Black people,minority,Race,Education,Harassment/bullying,Education :: Harassment/bullying,ff80a8bc1c518e0eee36,https://ewa.org/data-research-tips/how-black-girls-are-harmed-in-schools,ewa.org,3,0.751720647017161,0.750405490398407,0.24959450960159302,0.7564936876296997
black_people/employment__career_advancement.txt,Black people,minority,Race,Employment,Career advancement,Employment :: Career advancement,a6803a9e72c63b33aa85,https://info.jff.org/end-occupational-segregation,jff.org,3,0.8064474662144979,0.8193926811218262,0.18060731887817383,0.8688877820968628
black_people/employment__career_advancement.txt,Black people,minority,Race,Employment,Career advancement,Employment :: Career advancement,aa542632bf1f5c2104f3,https://fortune.com/2022/04/15/microaggressions-diversity-career-advancement-why-black-workers-are-joining-the-great-resignation,fortune.com,3,0.7841152350107828,0.7565383315086365,0.24346166849136353,0.7923896312713623
black_people/employment__career_advancement.txt,Black people,minority,Race,Employment,Career advancement,Employment :: Career advancement,d78733a179c389b1d590,https://bostonindicators.org/article-pages/2025/july/black-male-workforce,bostonindicators.org,3,0.7703715562820435,0.7569783329963684,0.2430216670036316,0.7898406982421875
black_people/employment__career_advancement.txt,Black people,minority,Race,Employment,Career advancement,Employment :: Career advancement,fdc342e38be260a4af8d,https://jff.org/blog/how-employers-can-address-social-determinants-work,jff.org,3,0.7902041673660278,0.7468142509460449,0.2531857490539551,0.7690125703811646
black_people/employment__hiring.txt,Black people,minority,Race,Employment,Hiring,Employment :: Hiring,413141d3634b8de01064,https://pewresearch.org/short-reads/2023/08/31/black-workers-views-and-experiences-in-the-us-labor-force-stand-out-in-key-ways,pewresearch.org,3,0.8010708093643188,0.8266935348510742,0.17330646514892578,0.853893518447876
black_people/employment__hiring.txt,Black people,minority,Race,Employment,Hiring,Employment :: Hiring,7b5cde8fca663e2c5c6f,https://ebsco.com/research-starters/politics-and-government/employment-among-african-americans,ebsco.com,3,0.8037266532580057,0.7964709401130676,0.20352905988693237,0.8044320940971375
black_people/employment__hiring.txt,Black people,minority,Race,Employment,Hiring,Employment :: Hiring,7f2addd648e20c608504,https://chicagobooth.edu/review/racial-bias-hiring,chicagobooth.edu,3,0.7178774277369181,0.7527639865875244,0.24723601341247559,0.7939821481704712
black_people/employment__hiring.txt,Black people,minority,Race,Employment,Hiring,Employment :: Hiring,8f0cded8bda2ad03ab7f,https://cpc.unc.edu/news/study-hiring-pressures-to-diversify-influencing-patterns-of-discrimination-in-unexpected-ways,unc.edu,3,0.7441149155298868,0.7977043986320496,0.20229560136795044,0.8226358890533447
black_people/employment__hiring.txt,Black people,minority,Race,Employment,Hiring,Employment :: Hiring,a6803a9e72c63b33aa85,https://info.jff.org/end-occupational-segregation,jff.org,3,0.7896972298622131,0.8243336081504822,0.17566639184951782,0.8584342002868652
black_people/employment__hiring.txt,Black people,minority,Race,Employment,Hiring,Employment :: Hiring,aa51f811d0c264835591,https://pmc.ncbi.nlm.nih.gov/articles/PMC9977107,nih.gov,3,0.7595939834912618,0.7821364402770996,0.2178635597229004,0.7874446511268616
black_people/employment__workplace_harassment.txt,Black people,minority,Race,Employment,Workplace harassment,Employment :: Workplace harassment,23f3443e94600e2c3434,https://emtrain.com/video-library/recognizing-racial-bias-and-harassment-in-the-workplace,emtrain.com,3,0.7656230131785074,0.7724797129631042,0.22752028703689575,0.8141946792602539
black_people/employment__workplace_harassment.txt,Black people,minority,Race,Employment,Workplace harassment,Employment :: Workplace harassment,3e0c751a6cda3e737e78,https://pmc.ncbi.nlm.nih.gov/articles/PMC12938148,nih.gov,3,0.8281688491503397,0.8261803984642029,0.17381960153579712,0.8487000465393066
black_people/employment__workplace_harassment.txt,Black people,minority,Race,Employment,Workplace harassment,Employment :: Workplace harassment,69ee0bc4fb4bbf853358,https://bhr-navigator.unglobalcompact.org/issues/discrimination,unglobalcompact.org,3,0.7445032000541687,0.7545304298400879,0.2454695701599121,0.7882202863693237
black_people/employment__workplace_harassment.txt,Black people,minority,Race,Employment,Workplace harassment,Employment :: Workplace harassment,cf31ee7243e59e1d2173,https://clasp.org/blog/centering-black-women-in-the-fight-for-safe-jobs,clasp.org,3,0.7846600214640299,0.7562397122383118,0.24376028776168823,0.7893333435058594
black_people/employment__workplace_harassment.txt,Black people,minority,Race,Employment,Workplace harassment,Employment :: Workplace harassment,e4af7af00e6ddb6f72bd,https://dwd.wisconsin.gov/er/digest/125.3.htm,wisconsin.gov,3,0.7159608006477356,0.7194622159004211,0.28053778409957886,0.7251790761947632
black_people/employment__workplace_harassment.txt,Black people,minority,Race,Employment,Workplace harassment,Employment :: Workplace harassment,e57e47dd6ee9b35ba01a,https://lundelllawfirm.com/post/common-sources-of-workplace-harassment,lundelllawfirm.com,3,0.7844367424647013,0.8138986229896545,0.18610137701034546,0.8516271710395813
black_people/government_benefits__access_to_government_benefits.txt,Black people,minority,Race,Government Benefits,Access to government benefits,Government Benefits :: Access to government benefits,5ed40f9b12c967df163c,https://nationalacademies.org/read/9719/chapter/8,nationalacademies.org,3,0.7281904220581055,0.7028043866157532,0.2971956133842468,0.7818143367767334
black_people/government_benefits__access_to_government_benefits.txt,Black people,minority,Race,Government Benefits,Access to government benefits,Government Benefits :: Access to government benefits,e2c8ac2c91f69e498f42,https://cambercollective.com/2024/01/04/public-benefit-disparities,cambercollective.com,3,0.7711126406987509,0.7256717681884766,0.27432823181152344,0.7506040334701538
black_people/government_benefits__application_approval.txt,Black people,minority,Race,Government Benefits,Application/approval,Government Benefits :: Application/approval,52ffb9d4fa32d8850ade,https://econstor.eu/bitstream/10419/284020/1/sr1060.pdf,econstor.eu,3,0.7096701065699259,0.7017310261726379,0.29826897382736206,0.777820348739624
black_people/government_benefits__application_approval.txt,Black people,minority,Race,Government Benefits,Application/approval,Government Benefits :: Application/approval,b4248e40fd879cb21e3a,https://crr.bc.edu/black-workers-rely-more-on-federal-disability,bc.edu,3,0.7084023753801981,0.6700192093849182,0.3299807906150818,0.7007061243057251
black_people/government_benefits__application_approval.txt,Black people,minority,Race,Government Benefits,Application/approval,Government Benefits :: Application/approval,bd37a3075a95ef31a4dc,https://clasp.org/blog/the-racist-roots-of-work-requirements-in-public-benefits-programs,clasp.org,3,0.7268662055333456,0.7227641940116882,0.27723580598831177,0.7851206064224243
black_people/government_benefits__benefit_retention_renewal.txt,Black people,minority,Race,Government Benefits,Benefit retention / renewal,Government Benefits :: Benefit retention / renewal,13845643f23f18aad6f3,https://pn3policy.org/race-and-racial-perceptions-shape-burden-tolerance-for-medicaid-and-the-supplemental-nutrition-assistance-program,pn3policy.org,2,0.5500948429107666,0.6698839664459229,0.33011603355407715,0.6769112348556519
black_people/government_benefits__benefit_retention_renewal.txt,Black people,minority,Race,Government Benefits,Benefit retention / renewal,Government Benefits :: Benefit retention / renewal,31cd2793962f291f824c,https://cbcfinc.org/blog/five-key-policy-issues-for-black-americans-in-2026,cbcfinc.org,3,0.6462812026341757,0.6468561291694641,0.3531438708305359,0.6806670427322388
black_people/government_benefits__benefit_retention_renewal.txt,Black people,minority,Race,Government Benefits,Benefit retention / renewal,Government Benefits :: Benefit retention / renewal,4661cbf63a899aca3c11,https://justiceinaging.org/equity-in-aging-public-benefits-and-the-realities-of-black-older-adults,justiceinaging.org,3,0.711122473080953,0.7094151377677917,0.29058486223220825,0.7569442391395569
black_people/government_benefits__benefit_retention_renewal.txt,Black people,minority,Race,Government Benefits,Benefit retention / renewal,Government Benefits :: Benefit retention / renewal,4cace9bbd18a76f5110c,https://home.treasury.gov/news/featured-stories/racial-equity-benefits-all-americans,treasury.gov,3,0.6499665975570679,0.605975866317749,0.394024133682251,0.6373496651649475
black_people/government_benefits__benefit_retention_renewal.txt,Black people,minority,Race,Government Benefits,Benefit retention / renewal,Government Benefits :: Benefit retention / renewal,5d2d15e1b4a5b8d83766,https://kff.org/medicaid/medicaid-efforts-to-address-racial-health-disparities,kff.org,3,0.6962037483851115,0.7299215197563171,0.27007848024368286,0.7579768896102905
black_people/government_benefits__benefit_retention_renewal.txt,Black people,minority,Race,Government Benefits,Benefit retention / renewal,Government Benefits :: Benefit retention / renewal,5e6d04855d366a1025c7,https://healthlaw.org/racial-disparities-persist-during-the-unwinding-of-the-medicaid-continuous-coverage-requirement,healthlaw.org,3,0.696822981039683,0.7485758662223816,0.2514241337776184,0.7770534157752991
black_people/government_benefits__benefit_retention_renewal.txt,Black people,minority,Race,Government Benefits,Benefit retention / renewal,Government Benefits :: Benefit retention / renewal,838799bc00522a04fbec,https://naacp.org/resources/racial-disparities-medicaid-reenrollment,naacp.org,3,0.6965190768241882,0.7376520037651062,0.2623479962348938,0.7751158475875854
black_people/healthcare__insurance_coverage.txt,Black people,minority,Race,Healthcare,Insurance coverage,Healthcare :: Insurance coverage,56df81cd155356ddcb3b,https://pmc.ncbi.nlm.nih.gov/articles/PMC8025443,nih.gov,3,0.8061049977938334,0.8039266467094421,0.19607335329055786,0.8270812034606934
black_people/healthcare__insurance_coverage.txt,Black people,minority,Race,Healthcare,Insurance coverage,Healthcare :: Insurance coverage,7b79548a363fff99a19e,https://kff.org/racial-equity-and-health-policy/health-coverage-by-race-and-ethnicity,kff.org,3,0.8037519256273905,0.8196425437927246,0.1803574562072754,0.8538204431533813
black_people/healthcare__patient_safety.txt,Black people,minority,Race,Healthcare,Patient safety,Healthcare :: Patient safety,0a9e77ed7f943047ef46,https://pmc.ncbi.nlm.nih.gov/articles/PMC7346414,nih.gov,3,0.7504703601201376,0.7412412762641907,0.2587587237358093,0.7593104839324951
black_people/healthcare__patient_safety.txt,Black people,minority,Race,Healthcare,Patient safety,Healthcare :: Patient safety,5091ca16b09c59dd4bce,https://kff.org/racial-equity-and-health-policy/how-present-day-health-disparities-for-black-people-are-linked-to-past-policies-and-events,kff.org,3,0.7847331762313843,0.768235981464386,0.231764018535614,0.7750735878944397
black_people/healthcare__patient_safety.txt,Black people,minority,Race,Healthcare,Patient safety,Healthcare :: Patient safety,ae15664cbd5d0f0fc01f,https://pmc.ncbi.nlm.nih.gov/articles/PMC9731338,nih.gov,3,0.7612947622934977,0.7592525482177734,0.24074745178222656,0.8384389281272888
black_people/healthcare__patient_safety.txt,Black people,minority,Race,Healthcare,Patient safety,Healthcare :: Patient safety,dd5570a4169dbd34a2fc,https://chenmed.com/blog/understanding-healthcare-hesitancy-black-patients-historical-perspective,chenmed.com,3,0.7698585987091064,0.7964543700218201,0.20354562997817993,0.8379101753234863
black_people/healthcare__preventive_care.txt,Black people,minority,Race,Healthcare,Preventive care,Healthcare :: Preventive care,2bb5825605b388fa65f0,https://pmc.ncbi.nlm.nih.gov/articles/PMC4146693,nih.gov,3,0.792535404364268,0.7905300259590149,0.2094699740409851,0.8217107057571411
black_people/healthcare__preventive_care.txt,Black people,minority,Race,Healthcare,Preventive care,Healthcare :: Preventive care,5091ca16b09c59dd4bce,https://kff.org/racial-equity-and-health-policy/how-present-day-health-disparities-for-black-people-are-linked-to-past-policies-and-events,kff.org,3,0.8077636361122131,0.8310678601264954,0.16893213987350464,0.8724902868270874
black_people/healthcare__preventive_care.txt,Black people,minority,Race,Healthcare,Preventive care,Healthcare :: Preventive care,688f1532e5b974614683,https://newsnetwork.mayoclinic.org/discussion/health-disparities-in-preventive-screenings-for-african-americans,mayoclinic.org,3,0.760614812374115,0.7598955035209656,0.24010449647903442,0.814755380153656
black_people/housing__access_to_housing.txt,Black people,minority,Race,Housing,Access to housing,Housing :: Access to housing,062950d57cb9f45d64f0,https://nlc.org/article/2020/07/09/embedding-racial-equity-in-housing,nlc.org,3,0.7995031873385111,0.7998414039611816,0.20015859603881836,0.8284816741943359
black_people/housing__access_to_housing.txt,Black people,minority,Race,Housing,Access to housing,Housing :: Access to housing,1242d8d7be328cbd3b29,https://home.treasury.gov/news/featured-stories/racial-differences-in-economic-security-housing,treasury.gov,3,0.7456941604614258,0.8099506497383118,0.19004935026168823,0.8600078225135803
black_people/housing__access_to_housing.txt,Black people,minority,Race,Housing,Access to housing,Housing :: Access to housing,6cb218a3b3f50c959e2b,https://endhomelessness.org/blog/homelessness-and-black-history-access-to-housing,endhomelessness.org,3,0.7770136396090189,0.7990217804908752,0.20097821950912476,0.849981427192688
black_people/housing__access_to_housing.txt,Black people,minority,Race,Housing,Access to housing,Housing :: Access to housing,72437fc07e8b32125f89,https://habitat.org/historic-housing-discrimination-us,habitat.org,3,0.7189055482546488,0.7544572949409485,0.2455427050590515,0.8028451204299927
black_people/housing__access_to_housing.txt,Black people,minority,Race,Housing,Access to housing,Housing :: Access to housing,79449cc23749d1c53e3d,https://endhomelessness.org/systemic-racism-and-marginalization,endhomelessness.org,3,0.7299679716428121,0.7305002212524414,0.2694997787475586,0.8011250495910645
black_people/housing__homelessness.txt,Black people,minority,Race,Housing,Homelessness,Housing :: Homelessness,2afa10d61e19c1d94af6,https://hominc.com/confronting-racial-disparities-in-housing-and-homelessness,hominc.com,3,0.7671850721041361,0.7838631272315979,0.2161368727684021,0.8126030564308167
black_people/housing__homelessness.txt,Black people,minority,Race,Housing,Homelessness,Housing :: Homelessness,39c5fac8bd8e2440f0cc,https://familypromiseanoka.org/blog/disproportionate-homelessness,familypromiseanoka.org,3,0.7779680093129476,0.7810451984405518,0.21895480155944824,0.8224151730537415
black_people/housing__homelessness.txt,Black people,minority,Race,Housing,Homelessness,Housing :: Homelessness,486ffc6b998aa0fe801d,https://homelesslaw.org/wp-content/uploads/2020/08/Racism-Homelessness-and-Criminal-Legal-Systems.pdf,homelesslaw.org,3,0.7988742192586263,0.7765267491340637,0.22347325086593628,0.7789777517318726
black_people/housing__homelessness.txt,Black people,minority,Race,Housing,Homelessness,Housing :: Homelessness,79449cc23749d1c53e3d,https://endhomelessness.org/systemic-racism-and-marginalization,endhomelessness.org,3,0.7920343279838562,0.8215414881706238,0.17845851182937622,0.887692391872406
black_people/housing__homelessness.txt,Black people,minority,Race,Housing,Homelessness,Housing :: Homelessness,af48addc4a4c7bb68600,https://endhomelessness.org/blog/homelessness-and-black-history-poverty-and-income,endhomelessness.org,3,0.7693953911463419,0.7800117135047913,0.21998828649520874,0.8136522769927979
black_people/housing__homelessness.txt,Black people,minority,Race,Housing,Homelessness,Housing :: Homelessness,d2b0472c079a116df699,https://housingup.org/2025/02/26/racism-and-homelessness,housingup.org,3,0.7995330492655436,0.83559650182724,0.16440349817276,0.8538389205932617
black_people/housing__homelessness.txt,Black people,minority,Race,Housing,Homelessness,Housing :: Homelessness,f8d9f9e707a12cdb396a,https://icalliances.org/racial-disparities,icalliances.org,3,0.7227585117022196,0.7687135338783264,0.23128646612167358,0.8574289679527283
black_people/housing__homelessness.txt,Black people,minority,Race,Housing,Homelessness,Housing :: Homelessness,f94026562c806f8a34b9,https://stpaulscenter.com/racial-inequities,stpaulscenter.com,3,0.8098477125167847,0.7985842823982239,0.20141571760177612,0.8467196226119995
black_people/housing__housing_stability.txt,Black people,minority,Race,Housing,Housing stability,Housing :: Housing stability,1242d8d7be328cbd3b29,https://home.treasury.gov/news/featured-stories/racial-differences-in-economic-security-housing,treasury.gov,3,0.7244504690170288,0.7609395980834961,0.2390604019165039,0.7909719944000244
cisgender_people/credit_and_financial_services__access_to_banking_services.txt,cisgender people,majority,Gender Identity,Credit & Financial Services,Access to banking services,Credit & Financial Services :: Access to banking services,7133012652877a696b27,https://poverty-action.org/what-we-know-about-womens-access-credit-and-what-ipa-doing-about-it,poverty-action.org,3,0.6757604678471884,0.7361154556274414,0.2638845443725586,0.7734398245811462
cisgender_people/credit_and_financial_services__access_to_banking_services.txt,cisgender people,majority,Gender Identity,Credit & Financial Services,Access to banking services,Credit & Financial Services :: Access to banking services,9fa57b22a07bfda13c4d,https://cgap.org/topics/collections/addressing-gender-norms,cgap.org,3,0.6955990195274353,0.6992520689964294,0.30074793100357056,0.7098380923271179
cisgender_people/credit_and_financial_services__access_to_banking_services.txt,cisgender people,majority,Gender Identity,Credit & Financial Services,Access to banking services,Credit & Financial Services :: Access to banking services,a9d286ddba82123557a0,https://digitalforwomen.worldbank.org/access-finance,worldbank.org,3,0.5961634914080302,0.663051426410675,0.33694857358932495,0.6986866593360901
cisgender_people/credit_and_financial_services__access_to_banking_services.txt,cisgender people,majority,Gender Identity,Credit & Financial Services,Access to banking services,Credit & Financial Services :: Access to banking services,db388feb9f7eab1a232d,https://centerforfinancialinclusion.org/article/financial-inclusion-must-address-restrictive-social-and-gender-norms,centerforfinancialinclusion.org,3,0.6075497269630432,0.6088514924049377,0.39114850759506226,0.6449917554855347
cisgender_people/credit_and_financial_services__access_to_banking_services.txt,cisgender people,majority,Gender Identity,Credit & Financial Services,Access to banking services,Credit & Financial Services :: Access to banking services,dbdcbdda8be5a21e11da,https://cgap.org/research/publication/invisible-barriers-how-gender-norms-impact-financial-inclusion,cgap.org,3,0.6045418183008829,0.6549274325370789,0.34507256746292114,0.6772730350494385
cisgender_people/credit_and_financial_services__access_to_credit.txt,cisgender people,majority,Gender Identity,Credit & Financial Services,Access to credit,Credit & Financial Services :: Access to credit,a9d286ddba82123557a0,https://digitalforwomen.worldbank.org/access-finance,worldbank.org,3,0.5734922885894775,0.6910860538482666,0.3089139461517334,0.718932032585144
cisgender_people/credit_and_financial_services__access_to_credit.txt,cisgender people,majority,Gender Identity,Credit & Financial Services,Access to credit,Credit & Financial Services :: Access to credit,d1d0f24d535ba1e364b0,https://iea-world.org/gender-bias-in-access-to-finance-andimplications-for-capital-misallocation,iea-world.org,3,0.6949034929275513,0.7627577185630798,0.23724228143692017,0.8211630582809448
cisgender_people/credit_and_financial_services__access_to_credit.txt,cisgender people,majority,Gender Identity,Credit & Financial Services,Access to credit,Credit & Financial Services :: Access to credit,db388feb9f7eab1a232d,https://centerforfinancialinclusion.org/article/financial-inclusion-must-address-restrictive-social-and-gender-norms,centerforfinancialinclusion.org,3,0.5655235250790914,0.631405770778656,0.368594229221344,0.6475756764411926
cisgender_people/credit_and_financial_services__access_to_credit.txt,cisgender people,majority,Gender Identity,Credit & Financial Services,Access to credit,Credit & Financial Services :: Access to credit,dbdcbdda8be5a21e11da,https://cgap.org/research/publication/invisible-barriers-how-gender-norms-impact-financial-inclusion,cgap.org,3,0.5686075687408447,0.6437069177627563,0.35629308223724365,0.6848669052124023
cisgender_people/criminal_justice__arrest_detention_by_police.txt,cisgender people,majority,Gender Identity,Criminal Justice,Arrest / detention by police,Criminal Justice :: Arrest / detention by police,183e2189387707123e83,https://pmc.ncbi.nlm.nih.gov/articles/PMC5079438,nih.gov,3,0.6552621324857076,0.6918548941612244,0.30814510583877563,0.6951518058776855
cisgender_people/criminal_justice__arrest_detention_by_police.txt,cisgender people,majority,Gender Identity,Criminal Justice,Arrest / detention by police,Criminal Justice :: Arrest / detention by police,68558148ae34d7c195bd,https://justice.gc.ca/eng/rp-pr/cj-jp/yj-jj/discre/org/org.html,justice.gc.ca,3,0.5151669184366862,0.6538967490196228,0.3461032509803772,0.6976205110549927
cisgender_people/criminal_justice__arrest_detention_by_police.txt,cisgender people,majority,Gender Identity,Criminal Justice,Arrest / detention by police,Criminal Justice :: Arrest / detention by police,b4e995b3fe6b826a44d0,https://bja.ojp.gov/library/publications/understanding-police-decisions-arrest-impact-situational-officer-and,ojp.gov,3,0.5645800034205118,0.7230572700500488,0.27694272994995117,0.8157703876495361
cisgender_people/criminal_justice__arrest_detention_by_police.txt,cisgender people,majority,Gender Identity,Criminal Justice,Arrest / detention by police,Criminal Justice :: Arrest / detention by police,ea3324a819c614b0ba12,https://eprints.leedsbeckett.ac.uk/id/eprint/1648/2/Revised%20Manuscript%20.pdf,leedsbeckett.ac.uk,3,0.7065855264663696,0.7178791165351868,0.28212088346481323,0.7217116951942444
cisgender_people/criminal_justice__arrest_detention_by_police.txt,cisgender people,majority,Gender Identity,Criminal Justice,Arrest / detention by police,Criminal Justice :: Arrest / detention by police,f5c71ec54aa51bf31802,https://ojp.gov/ncjrs/virtual-library/abstracts/understanding-police-decisions-arrest-impact-situational-officer,ojp.gov,3,0.5645800034205118,0.7230572700500488,0.27694272994995117,0.8157703876495361
cisgender_people/criminal_justice__incarceration.txt,cisgender people,majority,Gender Identity,Criminal Justice,Incarceration,Criminal Justice :: Incarceration,004f51a8d161449532a6,https://pmc.ncbi.nlm.nih.gov/articles/PMC11044716,nih.gov,3,0.7401395837465922,0.6755931973457336,0.32440680265426636,0.6778212189674377
cisgender_people/criminal_justice__incarceration.txt,cisgender people,majority,Gender Identity,Criminal Justice,Incarceration,Criminal Justice :: Incarceration,245f0ac83c483ebd62cb,https://ceo.lacounty.gov/wp-content/uploads/2020/12/Cisgender-Women-Final-ATI-Memo-1.31.2020.pdf,lacounty.gov,3,0.7445968985557556,0.722537100315094,0.277462899684906,0.7466091513633728
cisgender_people/criminal_justice__police_use_of_force.txt,cisgender people,majority,Gender Identity,Criminal Justice,Police use of force,Criminal Justice :: Police use of force,58d6b7b4b9f7ff883a93,https://justice.gov/opa/file/811156/dl?inline=,justice.gov,3,0.748999814192454,0.7568705677986145,0.2431294322013855,0.7640427350997925
cisgender_people/criminal_justice__police_use_of_force.txt,cisgender people,majority,Gender Identity,Criminal Justice,Police use of force,Criminal Justice :: Police use of force,b8e0ac5f0fca26d0654e,https://pmc.ncbi.nlm.nih.gov/articles/PMC7227297,nih.gov,3,0.7411303520202637,0.8100083470344543,0.18999165296554565,0.8655763864517212
cisgender_people/criminal_justice__police_use_of_force.txt,cisgender people,majority,Gender Identity,Criminal Justice,Police use of force,Criminal Justice :: Police use of force,f252962e9f65eefd1e5a,https://pmc.ncbi.nlm.nih.gov/articles/PMC6002151,nih.gov,3,0.7446867028872172,0.7734220623970032,0.22657793760299683,0.7905780673027039
cisgender_people/education__educational_opportunity_access.txt,cisgender people,majority,Gender Identity,Education,Educational opportunity/access,Education :: Educational opportunity/access,24cc5a910c92031549fd,https://ascd.org/el/articles/how-gender-disparities-affect-classroom-learning,ascd.org,3,0.7194433609644572,0.7455509305000305,0.2544490694999695,0.7730329632759094
cisgender_people/education__educational_opportunity_access.txt,cisgender people,majority,Gender Identity,Education,Educational opportunity/access,Education :: Educational opportunity/access,2d0e51a381c2c84580f2,https://studyonline.ecu.edu.au/blog/how-does-gender-affect-educational-opportunity,ecu.edu.au,3,0.7445918122927347,0.738201916217804,0.26179808378219604,0.7826710939407349
cisgender_people/education__educational_opportunity_access.txt,cisgender people,majority,Gender Identity,Education,Educational opportunity/access,Education :: Educational opportunity/access,542d798f851c1f4d9381,https://williamsinstitute.law.ucla.edu/publications/transgender-higher-ed,ucla.edu,3,0.7173015276590983,0.7113432884216309,0.28865671157836914,0.7427921295166016
cisgender_people/education__educational_opportunity_access.txt,cisgender people,majority,Gender Identity,Education,Educational opportunity/access,Education :: Educational opportunity/access,5eadf09c05276fe03458,https://alignplatform.org/gender-norms-and-education/discriminatory-gender-norms-access-and-educational-attainment,alignplatform.org,3,0.7297616004943848,0.7503946423530579,0.24960535764694214,0.7641417980194092
cisgender_people/education__educational_opportunity_access.txt,cisgender people,majority,Gender Identity,Education,Educational opportunity/access,Education :: Educational opportunity/access,99af1948f1c3afd554e9,https://aclu.org/news/racial-justice/why-access-to-education-is-key-to-systemic-equality,aclu.org,3,0.6898876229921976,0.7442685961723328,0.25573140382766724,0.7733979225158691
cisgender_people/education__educational_opportunity_access.txt,cisgender people,majority,Gender Identity,Education,Educational opportunity/access,Education :: Educational opportunity/access,bd56dadb0bc354647b9a,https://pmc.ncbi.nlm.nih.gov/articles/PMC8483182,nih.gov,3,0.7983933885892233,0.7973243594169617,0.20267564058303833,0.8390625715255737
cisgender_people/education__educational_opportunity_access.txt,cisgender people,majority,Gender Identity,Education,Educational opportunity/access,Education :: Educational opportunity/access,d5ee37fe532b36f64d5d,https://pmc.ncbi.nlm.nih.gov/articles/PMC7842519,nih.gov,3,0.7383832136789957,0.7221171259880066,0.2778828740119934,0.7379845380783081
cisgender_people/education__educational_opportunity_access.txt,cisgender people,majority,Gender Identity,Education,Educational opportunity/access,Education :: Educational opportunity/access,e5d3c951d63debf7d855,https://pointfoundation.org/hubfs/Research%20Reports/2111-Trans-Higher-Ed-FINAL.pdf,pointfoundation.org,3,0.7499386866887411,0.7666323184967041,0.2333676815032959,0.7895081043243408
cisgender_people/education__harassment_bullying.txt,cisgender people,majority,Gender Identity,Education,Harassment/bullying,Education :: Harassment/bullying,152be612e99c07929e10,https://mhanational.org/resources/bullying-lgbt-youth,mhanational.org,3,0.7001756827036539,0.7586207985877991,0.24137920141220093,0.783732533454895
cisgender_people/education__harassment_bullying.txt,cisgender people,majority,Gender Identity,Education,Harassment/bullying,Education :: Harassment/bullying,382d80f2b5999daa83c9,https://pmc.ncbi.nlm.nih.gov/articles/PMC10623467,nih.gov,3,0.7758705417315165,0.799083948135376,0.20091605186462402,0.8246529698371887
cisgender_people/education__harassment_bullying.txt,cisgender people,majority,Gender Identity,Education,Harassment/bullying,Education :: Harassment/bullying,46cd7fdedc162a605abb,https://shine.lab.uconn.edu/wp-content/uploads/sites/3321/2021/06/lessard_watson___puhl_2020.joya_.pdf,uconn.edu,3,0.8205520709355673,0.841968834400177,0.158031165599823,0.8735647797584534
cisgender_people/education__harassment_bullying.txt,cisgender people,majority,Gender Identity,Education,Harassment/bullying,Education :: Harassment/bullying,598a44e8106b5d2750c2,https://psychcentral.com/news/lgbtq-students-face-bullying-at-higher-rates-than-their-peers,psychcentral.com,3,0.6982271671295166,0.7867282032966614,0.21327179670333862,0.7943452596664429
cisgender_people/education__harassment_bullying.txt,cisgender people,majority,Gender Identity,Education,Harassment/bullying,Education :: Harassment/bullying,723630cb2cd192b106a8,https://wa.gov.au/government/publications/sexuality-and-gender-based-bullying-schools-fact-sheet-students,wa.gov.au,3,0.6582508683204651,0.6844968199729919,0.31550318002700806,0.7114627361297607
cisgender_people/education__harassment_bullying.txt,cisgender people,majority,Gender Identity,Education,Harassment/bullying,Education :: Harassment/bullying,8dd648368634b56c910d,https://evidencebasedliving.human.cornell.edu/blog/what-we-know-about-trans-youth-and-bullying,cornell.edu,3,0.7772445678710938,0.817335307598114,0.182664692401886,0.8464696407318115
cisgender_people/education__harassment_bullying.txt,cisgender people,majority,Gender Identity,Education,Harassment/bullying,Education :: Harassment/bullying,c05caed8b773aabbea8b,https://frontiersin.org/journals/psychology/articles/10.3389/fpsyg.2020.612424/full,frontiersin.org,3,0.7878202597300211,0.8219779133796692,0.1780220866203308,0.8843879103660583
cisgender_people/education__harassment_bullying.txt,cisgender people,majority,Gender Identity,Education,Harassment/bullying,Education :: Harassment/bullying,d172ba666565b5ea7b41,https://aclrc.com/education-programs/resources-for-teachers/bullying/bullying-and-lgbt-students,aclrc.com,3,0.7459181547164917,0.7468721866607666,0.2531278133392334,0.7556922435760498
cisgender_people/education__harassment_bullying.txt,cisgender people,majority,Gender Identity,Education,Harassment/bullying,Education :: Harassment/bullying,dbcf4d62c36502f4405a,https://lawnow.org/bullying-of-2slgbtqia-students-the-impacts-and-what-educators-can-do-about-it,lawnow.org,3,0.7754944562911987,0.7421137690544128,0.25788623094558716,0.7702292799949646
cisgender_people/education__harassment_bullying.txt,cisgender people,majority,Gender Identity,Education,Harassment/bullying,Education :: Harassment/bullying,ea0b5e9316bede81f266,https://hrc.org/news/new-report-details-high-rates-of-bullying-other-negative-outcomes-for-lgbtq,hrc.org,3,0.742431640625,0.8466324806213379,0.1533675193786621,0.8562133312225342
cisgender_people/education__harassment_bullying.txt,cisgender people,majority,Gender Identity,Education,Harassment/bullying,Education :: Harassment/bullying,f38d3ed1d8e210956d2f,https://thetrevorproject.org/research-briefs/bullying-and-suicide-risk-among-lgbtq-youth,thetrevorproject.org,3,0.7537685036659241,0.7981717586517334,0.2018282413482666,0.8288727402687073
cisgender_people/employment__career_advancement.txt,cisgender people,majority,Gender Identity,Employment,Career advancement,Employment :: Career advancement,14e0e8ae35816d3fc6de,https://morson.com/blog/10-barriers-womens-career-progression,morson.com,3,0.6863893866539001,0.7027329802513123,0.29726701974868774,0.7516948580741882
cisgender_people/employment__career_advancement.txt,cisgender people,majority,Gender Identity,Employment,Career advancement,Employment :: Career advancement,222772a62d62b7e8ba6a,https://movingdots.com/news-insights/barriers-that-hinder-womens-career-advancement,movingdots.com,3,0.6997906366984049,0.7119267582893372,0.28807324171066284,0.7198311686515808
cisgender_people/employment__career_advancement.txt,cisgender people,majority,Gender Identity,Employment,Career advancement,Employment :: Career advancement,57d96aa5469e9a0d0e4a,https://careercenter.fresnostate.edu/blog/2024/06/14/trans-and-non-binary-career-advancement-how-to-overcome-challenges-at-work,fresnostate.edu,3,0.7281786203384399,0.6975876688957214,0.30241233110427856,0.7116391658782959
cisgender_people/employment__career_advancement.txt,cisgender people,majority,Gender Identity,Employment,Career advancement,Employment :: Career advancement,5973a907cc75952018a3,https://lrn.com/blog/being-transgender-at-work-insights-from-mckinsey-dei-report,lrn.com,3,0.7534386515617371,0.7316880226135254,0.2683119773864746,0.7797547578811646
cisgender_people/employment__career_advancement.txt,cisgender people,majority,Gender Identity,Employment,Career advancement,Employment :: Career advancement,b6545121b0beed065e1e,https://pmc.ncbi.nlm.nih.gov/articles/PMC9955979,nih.gov,3,0.7192713419596354,0.7146949768066406,0.2853050231933594,0.7328754663467407
cisgender_people/employment__career_advancement.txt,cisgender people,majority,Gender Identity,Employment,Career advancement,Employment :: Career advancement,b8dc70fc1ea02947da37,https://today.ucsd.edu/story/closing-gender-gaps-in-career-advancement,ucsd.edu,3,0.6692382295926412,0.6720011830329895,0.3279988169670105,0.7079147100448608
cisgender_people/employment__career_advancement.txt,cisgender people,majority,Gender Identity,Employment,Career advancement,Employment :: Career advancement,e816143f36909595c6cc,https://naceweb.org/job-market/trends-and-predictions/early-career-talent-and-the-effects-of--gender,naceweb.org,3,0.6828334132830302,0.6498292684555054,0.35017073154449463,0.6957247257232666
cisgender_people/employment__hiring.txt,cisgender people,majority,Gender Identity,Employment,Hiring,Employment :: Hiring,0e0910b1590aae74e4d0,https://taggd.in/hr-glossary/gender-identity,taggd.in,3,0.7508914073308309,0.7391996383666992,0.2608003616333008,0.7687776684761047
cisgender_people/employment__hiring.txt,cisgender people,majority,Gender Identity,Employment,Hiring,Employment :: Hiring,129796d1f6096204f870,https://pmc.ncbi.nlm.nih.gov/articles/PMC10466048,nih.gov,3,0.7195819616317749,0.7375631332397461,0.2624368667602539,0.7593094110488892
cisgender_people/employment__hiring.txt,cisgender people,majority,Gender Identity,Employment,Hiring,Employment :: Hiring,5db340e7aaed38a61dae,https://ssir.org/articles/entry/trans_forming_the_workplace_to_be_transgender_inclusive,ssir.org,3,0.6986848513285319,0.6485337615013123,0.35146623849868774,0.6624355912208557
cisgender_people/employment__hiring.txt,cisgender people,majority,Gender Identity,Employment,Hiring,Employment :: Hiring,e792e5f8024dbb33ba8f,https://pmc.ncbi.nlm.nih.gov/articles/PMC4554714,nih.gov,3,0.7124209403991699,0.7904426455497742,0.20955735445022583,0.8108922243118286
cisgender_people/employment__hiring.txt,cisgender people,majority,Gender Identity,Employment,Hiring,Employment :: Hiring,ed87c5e5f590a11234b7,https://williamsinstitute.law.ucla.edu/publications/so-gender-discrimination-work,ucla.edu,3,0.7294024626413981,0.7297548651695251,0.27024513483047485,0.8093960881233215
cisgender_people/employment__workplace_harassment.txt,cisgender people,majority,Gender Identity,Employment,Workplace harassment,Employment :: Workplace harassment,74c8006387f4b7063dca,https://williamsinstitute.law.ucla.edu/publications/transgender-workplace-discrim,ucla.edu,3,0.8473930358886719,0.8192659020423889,0.18073409795761108,0.8468376994132996
cisgender_people/employment__workplace_harassment.txt,cisgender people,majority,Gender Identity,Employment,Workplace harassment,Employment :: Workplace harassment,df70163691fb0e7ae261,https://diversitybuilder.com/sexual-harassment-training-women,diversitybuilder.com,3,0.8517358700434366,0.8294187188148499,0.17058128118515015,0.8447554111480713
cisgender_people/employment__workplace_harassment.txt,cisgender people,majority,Gender Identity,Employment,Workplace harassment,Employment :: Workplace harassment,ed87c5e5f590a11234b7,https://williamsinstitute.law.ucla.edu/publications/so-gender-discrimination-work,ucla.edu,3,0.7958340247472128,0.832399845123291,0.16760015487670898,0.8504255414009094
cisgender_people/government_benefits__access_to_government_benefits.txt,cisgender people,majority,Gender Identity,Government Benefits,Access to government benefits,Government Benefits :: Access to government benefits,50cb8f8eca0898cd998c,https://budgetandpolicy.org/resources-tools/2020/01/Gender-equity-fact-sheet.pdf,budgetandpolicy.org,3,0.6755119760831197,0.7152627110481262,0.2847372889518738,0.7392240166664124
cisgender_people/government_benefits__access_to_government_benefits.txt,cisgender people,majority,Gender Identity,Government Benefits,Access to government benefits,Government Benefits :: Access to government benefits,6991e6d03e34b43af7cf,https://chcs.org/medicaid-and-sexual-orientation-and-gender-identity-data-key-factors-for-more-equitable-data-collection,chcs.org,3,0.6948270400365194,0.7149865031242371,0.28501349687576294,0.7322131395339966
cisgender_people/government_benefits__access_to_government_benefits.txt,cisgender people,majority,Gender Identity,Government Benefits,Access to government benefits,Government Benefits :: Access to government benefits,a50e50a684921460d76e,https://pmc.ncbi.nlm.nih.gov/articles/PMC8954758,nih.gov,3,0.6708433032035828,0.7139373421669006,0.28606265783309937,0.7220068573951721
cisgender_people/government_benefits__access_to_government_benefits.txt,cisgender people,majority,Gender Identity,Government Benefits,Access to government benefits,Government Benefits :: Access to government benefits,cddef8c5ffafde5490cd,https://pmc.ncbi.nlm.nih.gov/articles/PMC12573526,nih.gov,3,0.7584983706474304,0.7503786087036133,0.24962139129638672,0.7788176536560059
cisgender_people/government_benefits__access_to_government_benefits.txt,cisgender people,majority,Gender Identity,Government Benefits,Access to government benefits,Government Benefits :: Access to government benefits,f354d0e216bfca988dd4,https://nwlc.org/resource/by-the-numbers-data-on-key-programs-for-the-well-being-of-women-lgbtqi-people-and-their-families,nwlc.org,3,0.6953124006589254,0.7214270234107971,0.2785729765892029,0.7673772573471069
cisgender_people/government_benefits__access_to_government_benefits.txt,cisgender people,majority,Gender Identity,Government Benefits,Access to government benefits,Government Benefits :: Access to government benefits,f3cf6770f761e4fa5a5e,https://williamsinstitute.law.ucla.edu/press/lgbt-snap-benefits-press-release,ucla.edu,3,0.6367470224698385,0.6355955600738525,0.36440443992614746,0.6860219836235046
cisgender_people/government_benefits__application_approval.txt,cisgender people,majority,Gender Identity,Government Benefits,Application/approval,Government Benefits :: Application/approval,2394d2c43c36e5f0b17f,https://pmc.ncbi.nlm.nih.gov/articles/PMC10081699,nih.gov,3,0.7134319941202799,0.6832714080810547,0.3167285919189453,0.6858080625534058
cisgender_people/government_benefits__application_approval.txt,cisgender people,majority,Gender Identity,Government Benefits,Application/approval,Government Benefits :: Application/approval,4e8e756b4979e895484c,https://siepr.stanford.edu/news/qa-whats-behind-gender-gap-disability-benefits,stanford.edu,3,0.6315074563026428,0.7683224678039551,0.23167753219604492,0.8157175183296204
cisgender_people/government_benefits__application_approval.txt,cisgender people,majority,Gender Identity,Government Benefits,Application/approval,Government Benefits :: Application/approval,6c61576a337ca44d9d46,https://pmc.ncbi.nlm.nih.gov/articles/PMC6209926,nih.gov,3,0.6256134112675985,0.5971706509590149,0.4028293490409851,0.615545392036438
cisgender_people/government_benefits__application_approval.txt,cisgender people,majority,Gender Identity,Government Benefits,Application/approval,Government Benefits :: Application/approval,aba5aaadb3c4dde65ec6,https://pmc.ncbi.nlm.nih.gov/articles/PMC9127679,nih.gov,3,0.567984938621521,0.6071924567222595,0.3928075432777405,0.6237034797668457
cisgender_people/government_benefits__application_approval.txt,cisgender people,majority,Gender Identity,Government Benefits,Application/approval,Government Benefits :: Application/approval,b0c20780f85bb37d7739,https://medicaid.gov/federal-policy-guidance/downloads/cib11092023.pdf,medicaid.gov,3,0.6379950245221456,0.5901448130607605,0.4098551869392395,0.6223442554473877
cisgender_people/government_benefits__application_approval.txt,cisgender people,majority,Gender Identity,Government Benefits,Application/approval,Government Benefits :: Application/approval,e2c8ac2c91f69e498f42,https://cambercollective.com/2024/01/04/public-benefit-disparities,cambercollective.com,3,0.6227968533833822,0.6610050797462463,0.33899492025375366,0.6682277917861938
cisgender_people/government_benefits__application_approval.txt,cisgender people,majority,Gender Identity,Government Benefits,Application/approval,Government Benefits :: Application/approval,e3a89ec43be81f48c72f,https://disability-benefits-help.org/blog/gender-and-social-security-disability-benefits,disability-benefits-help.org,3,0.7073618570963541,0.7525079846382141,0.2474920153617859,0.8040712475776672
cisgender_people/government_benefits__application_approval.txt,cisgender people,majority,Gender Identity,Government Benefits,Application/approval,Government Benefits :: Application/approval,e9123aab8fc77dc6fb16,https://pn3policy.org/blog/administrative-burden-blog,pn3policy.org,3,0.5209110577901205,0.6400867104530334,0.35991328954696655,0.6585695743560791
cisgender_people/government_benefits__application_approval.txt,cisgender people,majority,Gender Identity,Government Benefits,Application/approval,Government Benefits :: Application/approval,fb89d1f1ab48f69e4156,https://usatoday.com/story/news/nation/2023/01/25/welfare-benefits-low-income-struggle-for-access/11069891002,usatoday.com,3,0.513649582862854,0.6369354128837585,0.36306458711624146,0.704562783241272
cisgender_people/government_benefits__benefit_retention_renewal.txt,cisgender people,majority,Gender Identity,Government Benefits,Benefit retention / renewal,Government Benefits :: Benefit retention / renewal,2394d2c43c36e5f0b17f,https://pmc.ncbi.nlm.nih.gov/articles/PMC10081699,nih.gov,3,0.7132622798283895,0.697314441204071,0.30268555879592896,0.7163950204849243
cisgender_people/government_benefits__benefit_retention_renewal.txt,cisgender people,majority,Gender Identity,Government Benefits,Benefit retention / renewal,Government Benefits :: Benefit retention / renewal,90708852666a1c4ed72c,https://stlpr.org/health-science-environment/2025-11-17/barriers-block-snap-and-medicaid-users-from-keeping-vital-benefits-survey-finds,stlpr.org,3,0.5381551484266917,0.6334462761878967,0.36655372381210327,0.660182535648346
cisgender_people/government_benefits__benefit_retention_renewal.txt,cisgender people,majority,Gender Identity,Government Benefits,Benefit retention / renewal,Government Benefits :: Benefit retention / renewal,f585b2e536da81d51522,https://csd.wustl.edu/26-30,wustl.edu,3,0.46628989775975543,0.5518151521682739,0.4481848478317261,0.595166802406311
cisgender_people/healthcare__insurance_coverage.txt,cisgender people,majority,Gender Identity,Healthcare,Insurance coverage,Healthcare :: Insurance coverage,16062dce0bc8930d69b1,https://pmc.ncbi.nlm.nih.gov/articles/PMC8916963,nih.gov,3,0.7830261786778768,0.6929829120635986,0.30701708793640137,0.7047164440155029
cisgender_people/healthcare__insurance_coverage.txt,cisgender people,majority,Gender Identity,Healthcare,Insurance coverage,Healthcare :: Insurance coverage,a7573f2a912406d40e94,https://ncbi.nlm.nih.gov/books/NBK566081,nih.gov,3,0.7696009079615275,0.6438194513320923,0.3561805486679077,0.6602514386177063
cisgender_people/healthcare__insurance_coverage.txt,cisgender people,majority,Gender Identity,Healthcare,Insurance coverage,Healthcare :: Insurance coverage,f6ab2bb818b740ea21bf,https://pmc.ncbi.nlm.nih.gov/articles/PMC12314559,nih.gov,3,0.7690787116686503,0.6570430397987366,0.3429569602012634,0.6845061779022217
cisgender_people/healthcare__patient_safety.txt,cisgender people,majority,Gender Identity,Healthcare,Patient safety,Healthcare :: Patient safety,3952700851987a1de36e,https://who.int/news-room/fact-sheets/detail/patient-safety,who.int,3,0.5340738693873087,0.6240591406822205,0.37594085931777954,0.6822999715805054
cisgender_people/healthcare__patient_safety.txt,cisgender people,majority,Gender Identity,Healthcare,Patient safety,Healthcare :: Patient safety,3b7f0e0f1b195cb98286,https://pmc.ncbi.nlm.nih.gov/articles/PMC12345974,nih.gov,3,0.726705272992452,0.6421013474464417,0.35789865255355835,0.6588854193687439
cisgender_people/healthcare__patient_safety.txt,cisgender people,majority,Gender Identity,Healthcare,Patient safety,Healthcare :: Patient safety,47c74aa7bbc80fe2cc0b,https://pmc.ncbi.nlm.nih.gov/articles/PMC11862866,nih.gov,3,0.7555644909540812,0.702486515045166,0.297513484954834,0.7374703884124756
cisgender_people/healthcare__patient_safety.txt,cisgender people,majority,Gender Identity,Healthcare,Patient safety,Healthcare :: Patient safety,f80a3040fe0bf24209a0,https://patientsafetylearning.org/blog/dangerous-exclusions-the-risk-to-patient-safety-of-sex-and-gender-bias,patientsafetylearning.org,3,0.7222407658894857,0.6672627925872803,0.3327372074127197,0.7203054428100586
cisgender_people/housing__access_to_housing.txt,cisgender people,majority,Gender Identity,Housing,Access to housing,Housing :: Access to housing,52d557ff6e2c7c507d07,https://pmc.ncbi.nlm.nih.gov/articles/PMC8726680,nih.gov,3,0.7988974253336588,0.7172828316688538,0.28271716833114624,0.7506552934646606
cisgender_people/housing__access_to_housing.txt,cisgender people,majority,Gender Identity,Housing,Access to housing,Housing :: Access to housing,6699d0d87e313e9ee06e,https://pmc.ncbi.nlm.nih.gov/articles/PMC10742514,nih.gov,3,0.7095360159873962,0.7473151087760925,0.25268489122390747,0.8014984726905823
cisgender_people/housing__access_to_housing.txt,cisgender people,majority,Gender Identity,Housing,Access to housing,Housing :: Access to housing,80bcc2329d8ddad43371,https://unitedwayla.org/news/housing-inequality-within-the-lgbtq-community,unitedwayla.org,3,0.7507272958755493,0.7008731961250305,0.2991268038749695,0.7366811037063599
cisgender_people/housing__access_to_housing.txt,cisgender people,majority,Gender Identity,Housing,Access to housing,Housing :: Access to housing,83d895937bb30578d610,https://endhomelessness.org/resources/toolkits-and-training-materials/how-providers-can-address-homelessness-among-gender-expansive-people,endhomelessness.org,3,0.806178609530131,0.7554771900177002,0.2445228099822998,0.7882053256034851
cisgender_people/housing__access_to_housing.txt,cisgender people,majority,Gender Identity,Housing,Access to housing,Housing :: Access to housing,ce5ff1a3c2f8b5f18a9c,https://endhomelessness.org/resources/research-and-analysis/housing-instability-among-gender-expansive-people-and-paths-forward,endhomelessness.org,3,0.7929436564445496,0.7625487446784973,0.23745125532150269,0.7937479019165039
cisgender_people/housing__homelessness.txt,cisgender people,majority,Gender Identity,Housing,Homelessness,Housing :: Homelessness,02d78a8b8cf7b3239cf1,https://pfva.org/understanding-emerging-adult-homelessness-causes-and-solutions,pfva.org,3,0.6788403590520223,0.7094378471374512,0.29056215286254883,0.7410824298858643
cisgender_people/housing__homelessness.txt,cisgender people,majority,Gender Identity,Housing,Homelessness,Housing :: Homelessness,0d10a65cb825c6e037d7,https://destinationhomesv.org/understanding-homelessness/causes,destinationhomesv.org,3,0.7296505173047384,0.7775339484214783,0.22246605157852173,0.7904955744743347
cisgender_people/housing__homelessness.txt,cisgender people,majority,Gender Identity,Housing,Homelessness,Housing :: Homelessness,233e70f7b76503f4bfaa,https://endhomelessness.org/resources/sharable-graphics/data-snapshot-non-cisgender-homeless-individuals-face-higher-risk-of-being-unsheltered,endhomelessness.org,3,0.7636480530103048,0.7213919758796692,0.2786080241203308,0.7656571865081787
cisgender_people/housing__homelessness.txt,cisgender people,majority,Gender Identity,Housing,Homelessness,Housing :: Homelessness,4f4ad42aab382c89a865,https://study.com/academy/lesson/video/what-is-homelessness-definition-causes-effects.html,study.com,3,0.11215161966780822,0.22375696897506714,0.7762430310249329,0.43864142894744873
cisgender_people/housing__homelessness.txt,cisgender people,majority,Gender Identity,Housing,Homelessness,Housing :: Homelessness,6c6b83a945b4f019811b,https://covenanthouse.org/homeless-issues/poverty-and-income-inequality,covenanthouse.org,3,0.7222675283749899,0.7548643946647644,0.2451356053352356,0.7905277609825134
cisgender_people/housing__homelessness.txt,cisgender people,majority,Gender Identity,Housing,Homelessness,Housing :: Homelessness,710d00af8f0893ee55b8,https://endhomelessness.org/a-shortage-of-affordable-housing,endhomelessness.org,3,0.6289748946825663,0.7822318077087402,0.21776819229125977,0.8375424146652222
cisgender_people/housing__homelessness.txt,cisgender people,majority,Gender Identity,Housing,Homelessness,Housing :: Homelessness,84b8650227003ee0c2e3,https://fusionhousing.org/understanding-the-problem-of-homelessness,fusionhousing.org,3,0.7268659273783366,0.7656251788139343,0.23437482118606567,0.8069865703582764
cisgender_people/housing__homelessness.txt,cisgender people,majority,Gender Identity,Housing,Homelessness,Housing :: Homelessness,c559804906d1da63be17,https://mecklenburghousingdata.org/frontpage-article/addressing-lgbtq-homelessness-challenges-disparities-and-promising-practices,mecklenburghousingdata.org,3,0.7985331217447916,0.7443141937255859,0.25568580627441406,0.7628604173660278
cisgender_people/housing__housing_stability.txt,cisgender people,majority,Gender Identity,Housing,Housing stability,Housing :: Housing stability,6699d0d87e313e9ee06e,https://pmc.ncbi.nlm.nih.gov/articles/PMC10742514,nih.gov,3,0.7149657805760702,0.7273795008659363,0.2726204991340637,0.760124146938324
heterosexual_people/credit_and_financial_services__access_to_banking_services.txt,heterosexual people,majority,Sexual Orientation,Credit & Financial Services,Access to banking services,Credit & Financial Services :: Access to banking services,07536d083b6b422772ae,https://stlouisfed.org/community-development/publications/access-credit-financial-services-bridge-financial-well-being,stlouisfed.org,3,0.6321048537890116,0.627686619758606,0.37231338024139404,0.6703362464904785
heterosexual_people/credit_and_financial_services__access_to_banking_services.txt,heterosexual people,majority,Sexual Orientation,Credit & Financial Services,Access to banking services,Credit & Financial Services :: Access to banking services,2db28efb47b99329f09e,https://cgap.org/blog/banking-on-change-enabling-womens-access-to-financial-services,cgap.org,3,0.632520874341329,0.6151411533355713,0.3848588466644287,0.633690595626831
heterosexual_people/credit_and_financial_services__access_to_banking_services.txt,heterosexual people,majority,Sexual Orientation,Credit & Financial Services,Access to banking services,Credit & Financial Services :: Access to banking services,8e4e07442f8bc4509992,https://blogs.worldbank.org/en/opendata/more-women-have-financial-accounts--yet-equal-access-and-use-rem,worldbank.org,3,0.6043315927187601,0.5913506746292114,0.4086493253707886,0.6613210439682007
heterosexual_people/credit_and_financial_services__access_to_banking_services.txt,heterosexual people,majority,Sexual Orientation,Credit & Financial Services,Access to banking services,Credit & Financial Services :: Access to banking services,a9d286ddba82123557a0,https://digitalforwomen.worldbank.org/access-finance,worldbank.org,3,0.5843180616696676,0.5687673687934875,0.43123263120651245,0.6833020448684692
heterosexual_people/credit_and_financial_services__access_to_banking_services.txt,heterosexual people,majority,Sexual Orientation,Credit & Financial Services,Access to banking services,Credit & Financial Services :: Access to banking services,b11ea801367de0d436f4,https://stlouisfed.org/open-vault/2024/dec/picture-banking-access-financial-inclusion-us,stlouisfed.org,3,0.5986516873041788,0.6023452281951904,0.39765477180480957,0.6319076418876648
heterosexual_people/credit_and_financial_services__access_to_banking_services.txt,heterosexual people,majority,Sexual Orientation,Credit & Financial Services,Access to banking services,Credit & Financial Services :: Access to banking services,cde7cf9684c78ec011e1,https://equity.army/financial-services,equity.army,3,0.56712806224823,0.6066463589668274,0.3933536410331726,0.6692526340484619
heterosexual_people/credit_and_financial_services__access_to_banking_services.txt,heterosexual people,majority,Sexual Orientation,Credit & Financial Services,Access to banking services,Credit & Financial Services :: Access to banking services,feea067b3fa93c2a8541,https://womensworldbanking.org/insights/from-exclusion-to-empowerment-the-meaning-of-financial-inclusion,womensworldbanking.org,3,0.6727819840113322,0.6294826865196228,0.3705173134803772,0.6501026749610901
heterosexual_people/credit_and_financial_services__access_to_credit.txt,heterosexual people,majority,Sexual Orientation,Credit & Financial Services,Access to credit,Credit & Financial Services :: Access to credit,07536d083b6b422772ae,https://stlouisfed.org/community-development/publications/access-credit-financial-services-bridge-financial-well-being,stlouisfed.org,3,0.6842386325200399,0.6420412659645081,0.35795873403549194,0.6634516716003418
heterosexual_people/credit_and_financial_services__access_to_credit.txt,heterosexual people,majority,Sexual Orientation,Credit & Financial Services,Access to credit,Credit & Financial Services :: Access to credit,558b43650331b41f126e,https://federalreserve.gov/econres/notes/feds-notes/gender-related-differences-in-credit-use-and-credit-scores-20180622.html,federalreserve.gov,3,0.7306277751922607,0.7408612370491028,0.2591387629508972,0.7638663053512573
heterosexual_people/credit_and_financial_services__access_to_credit.txt,heterosexual people,majority,Sexual Orientation,Credit & Financial Services,Access to credit,Credit & Financial Services :: Access to credit,5a18eb5ae1f084357f1a,https://census.gov/library/working-papers/2025/adrm/CES-WP-25-45.html,census.gov,3,0.6136435270309448,0.6247770190238953,0.37522298097610474,0.6410220861434937
heterosexual_people/credit_and_financial_services__access_to_credit.txt,heterosexual people,majority,Sexual Orientation,Credit & Financial Services,Access to credit,Credit & Financial Services :: Access to credit,7875af1e27f3b33c6e41,https://opportunityinsights.org/wp-content/uploads/2025/07/CreditAccess_Nontech.pdf,opportunityinsights.org,3,0.7088991403579712,0.7206296920776367,0.2793703079223633,0.7915093898773193
heterosexual_people/credit_and_financial_services__access_to_credit.txt,heterosexual people,majority,Sexual Orientation,Credit & Financial Services,Access to credit,Credit & Financial Services :: Access to credit,a9d286ddba82123557a0,https://digitalforwomen.worldbank.org/access-finance,worldbank.org,3,0.565919836362203,0.4983638823032379,0.5016361176967621,0.525632917881012
heterosexual_people/credit_and_financial_services__access_to_credit.txt,heterosexual people,majority,Sexual Orientation,Credit & Financial Services,Access to credit,Credit & Financial Services :: Access to credit,c29aa95b5b498c0290b7,https://theconversation.com/how-ethnic-minorities-face-higher-levels-of-financial-exclusion-71960,theconversation.com,3,0.6572924057642618,0.6354238390922546,0.36457616090774536,0.7165334224700928
heterosexual_people/credit_and_financial_services__access_to_credit.txt,heterosexual people,majority,Sexual Orientation,Credit & Financial Services,Access to credit,Credit & Financial Services :: Access to credit,eafe430211e10444eea7,https://minneapolisfed.org/-/media/assets/events/2025/2025-institute-research-conference/the-determinants-of-credit-access-in-the-united-states.pdf,minneapolisfed.org,3,0.680331309636434,0.6922500729560852,0.3077499270439148,0.7169238328933716
heterosexual_people/credit_and_financial_services__credit_loan_approval.txt,heterosexual people,majority,Sexual Orientation,Credit & Financial Services,Credit/loan approval,Credit & Financial Services :: Credit/loan approval,0276f46b7d46a97ef672,https://thechampionbank.com/3-factors-lending-services-consider-before-approving-a-personal-loan,thechampionbank.com,3,0.6371509035428365,0.6649807095527649,0.3350192904472351,0.7359535694122314
heterosexual_people/credit_and_financial_services__credit_loan_approval.txt,heterosexual people,majority,Sexual Orientation,Credit & Financial Services,Credit/loan approval,Credit & Financial Services :: Credit/loan approval,9dc178fec2d13435a140,https://desertrockcapital.com/blogs/7-factors-that-affect-loan-approval-beyond-your-credit-score,desertrockcapital.com,3,0.40339358647664386,0.46607887744903564,0.5339211225509644,0.6404564380645752
heterosexual_people/credit_and_financial_services__credit_loan_approval.txt,heterosexual people,majority,Sexual Orientation,Credit & Financial Services,Credit/loan approval,Credit & Financial Services :: Credit/loan approval,f51f32a07d76c3952854,https://cluballiance.aaa.com/the-extra-mile/advice/budget/factors-lenders-consider-for-credit-approval,aaa.com,3,0.5915876825650533,0.6619656682014465,0.33803433179855347,0.6972579956054688
heterosexual_people/criminal_justice__arrest_detention_by_police.txt,heterosexual people,majority,Sexual Orientation,Criminal Justice,Arrest / detention by police,Criminal Justice :: Arrest / detention by police,2a64e71f5811714eb6b5,https://univ-tours.hal.science/hal-03375121/document,hal.science,3,0.6331730882326762,0.7309204936027527,0.2690795063972473,0.7470792531967163
heterosexual_people/criminal_justice__arrest_detention_by_police.txt,heterosexual people,majority,Sexual Orientation,Criminal Justice,Arrest / detention by police,Criminal Justice :: Arrest / detention by police,4cb66278eb838b17b425,https://sentencingproject.org/reports/one-in-five-disparities-in-crime-and-policing,sentencingproject.org,3,0.6621135274569193,0.7891948819160461,0.21080511808395386,0.8264180421829224
heterosexual_people/criminal_justice__arrest_detention_by_police.txt,heterosexual people,majority,Sexual Orientation,Criminal Justice,Arrest / detention by police,Criminal Justice :: Arrest / detention by police,69defa686d35ec12ae06,https://pmc.ncbi.nlm.nih.gov/articles/PMC5509345,nih.gov,3,0.6866616408030192,0.7523367404937744,0.24766325950622559,0.7757205963134766
heterosexual_people/criminal_justice__arrest_detention_by_police.txt,heterosexual people,majority,Sexual Orientation,Criminal Justice,Arrest / detention by police,Criminal Justice :: Arrest / detention by police,758450027363eec66609,https://prisonpolicy.org/blog/2021/03/02/lgbtq,prisonpolicy.org,3,0.7149706284205118,0.6912795901298523,0.3087204098701477,0.7569788694381714
heterosexual_people/criminal_justice__arrest_detention_by_police.txt,heterosexual people,majority,Sexual Orientation,Criminal Justice,Arrest / detention by police,Criminal Justice :: Arrest / detention by police,851bc87eee27c74d0c3e,https://digitalcommons.odu.edu/sociology_criminaljustice_fac_pubs/59,odu.edu,3,0.6053516268730164,0.7128774523735046,0.28712254762649536,0.7342466115951538
heterosexual_people/criminal_justice__arrest_detention_by_police.txt,heterosexual people,majority,Sexual Orientation,Criminal Justice,Arrest / detention by police,Criminal Justice :: Arrest / detention by police,b4e995b3fe6b826a44d0,https://bja.ojp.gov/library/publications/understanding-police-decisions-arrest-impact-situational-officer-and,ojp.gov,3,0.5668286879857382,0.7228429317474365,0.2771570682525635,0.8039146661758423
heterosexual_people/criminal_justice__arrest_detention_by_police.txt,heterosexual people,majority,Sexual Orientation,Criminal Justice,Arrest / detention by police,Criminal Justice :: Arrest / detention by police,c12db33caf9ff580c59e,https://pmc.ncbi.nlm.nih.gov/articles/PMC4443707,nih.gov,3,0.6994675795237223,0.7084292769432068,0.2915707230567932,0.732386589050293
heterosexual_people/criminal_justice__arrest_detention_by_police.txt,heterosexual people,majority,Sexual Orientation,Criminal Justice,Arrest / detention by police,Criminal Justice :: Arrest / detention by police,e98593ff158abb7d736f,https://prisonpolicy.org/blog/2019/05/14/policingwomen,prisonpolicy.org,3,0.6803597211837769,0.7286561131477356,0.2713438868522644,0.7811616063117981
heterosexual_people/criminal_justice__arrest_detention_by_police.txt,heterosexual people,majority,Sexual Orientation,Criminal Justice,Arrest / detention by police,Criminal Justice :: Arrest / detention by police,ea3324a819c614b0ba12,https://eprints.leedsbeckett.ac.uk/id/eprint/1648/2/Revised%20Manuscript%20.pdf,leedsbeckett.ac.uk,3,0.693040152390798,0.7420576214790344,0.2579423785209656,0.8179371953010559
heterosexual_people/criminal_justice__arrest_detention_by_police.txt,heterosexual people,majority,Sexual Orientation,Criminal Justice,Arrest / detention by police,Criminal Justice :: Arrest / detention by police,f252962e9f65eefd1e5a,https://pmc.ncbi.nlm.nih.gov/articles/PMC6002151,nih.gov,3,0.6612727642059326,0.747805655002594,0.252194344997406,0.7492035627365112
heterosexual_people/criminal_justice__incarceration.txt,heterosexual people,majority,Sexual Orientation,Criminal Justice,Incarceration,Criminal Justice :: Incarceration,0b8bf133f5476baf7e07,https://odphp.health.gov/healthypeople/priority-areas/social-determinants-health/literature-summaries/incarceration,health.gov,3,0.7171284755071005,0.7603052258491516,0.2396947741508484,0.7904552221298218
heterosexual_people/criminal_justice__incarceration.txt,heterosexual people,majority,Sexual Orientation,Criminal Justice,Incarceration,Criminal Justice :: Incarceration,9e50b890fa6e5a6b97f2,https://counciloncj.org/womens-justice-a-preliminary-assessment-of-women-in-the-criminal-justice-system,counciloncj.org,3,0.7171032826105753,0.7103725075721741,0.2896274924278259,0.7526232004165649
heterosexual_people/criminal_justice__police_use_of_force.txt,heterosexual people,majority,Sexual Orientation,Criminal Justice,Police use of force,Criminal Justice :: Police use of force,2e8c8398c9077c09eb32,https://fiveable.me/criminal-justice/unit-5/police-discretion-decision-making/study-guide/n68gnxMUnHVfFsuc,fiveable.me,3,0.6359633406003317,0.6019933819770813,0.3980066180229187,0.6323579549789429
heterosexual_people/criminal_justice__police_use_of_force.txt,heterosexual people,majority,Sexual Orientation,Criminal Justice,Police use of force,Criminal Justice :: Police use of force,643849fe8ccb8aa39490,https://nij.ojp.gov/library/publications/understanding-use-force-and-against-police-research-brief,ojp.gov,3,0.5693114598592123,0.6056920886039734,0.3943079113960266,0.6498982906341553
heterosexual_people/criminal_justice__police_use_of_force.txt,heterosexual people,majority,Sexual Orientation,Criminal Justice,Police use of force,Criminal Justice :: Police use of force,9ef36a0ea05744e6d3d9,https://aclu.org/publications/policing-progress-findings-from-a-national-survey-of-lgbtq-peoples-experiences-with-law-enforcement,aclu.org,3,0.6999655365943909,0.6545342803001404,0.3454657196998596,0.6861310005187988
heterosexual_people/criminal_justice__police_use_of_force.txt,heterosexual people,majority,Sexual Orientation,Criminal Justice,Police use of force,Criminal Justice :: Police use of force,bc8e3fc7ceedfacb2e5b,https://pmc.ncbi.nlm.nih.gov/articles/PMC6708348,nih.gov,3,0.690298318862915,0.6421143412590027,0.3578856587409973,0.6844403147697449
heterosexual_people/criminal_justice__police_use_of_force.txt,heterosexual people,majority,Sexual Orientation,Criminal Justice,Police use of force,Criminal Justice :: Police use of force,e98593ff158abb7d736f,https://prisonpolicy.org/blog/2019/05/14/policingwomen,prisonpolicy.org,3,0.6931247711181641,0.7197548747062683,0.2802451252937317,0.7369314432144165
heterosexual_people/education__educational_opportunity_access.txt,heterosexual people,majority,Sexual Orientation,Education,Educational opportunity/access,Education :: Educational opportunity/access,10fc159c1793cdcc0662,https://wrap.warwick.ac.uk/id/eprint/183766/7/Gendered%20conditions%20of%20higher%20education%20access%20%20advancing%20a%20gender%20prism%20analytic%20through%20the%20case%20of%20Haryana%20%20India.pdf,warwick.ac.uk,3,0.66057022412618,0.6528217792510986,0.34717822074890137,0.6596720218658447
heterosexual_people/education__educational_opportunity_access.txt,heterosexual people,majority,Sexual Orientation,Education,Educational opportunity/access,Education :: Educational opportunity/access,284c8f6515a7e009e6bf,https://21kschool.com/us/blog/causes-of-inequality-in-education,21kschool.com,3,0.7040142814318339,0.7162685394287109,0.28373146057128906,0.7369018793106079
heterosexual_people/education__educational_opportunity_access.txt,heterosexual people,majority,Sexual Orientation,Education,Educational opportunity/access,Education :: Educational opportunity/access,2d0e51a381c2c84580f2,https://studyonline.ecu.edu.au/blog/how-does-gender-affect-educational-opportunity,ecu.edu.au,3,0.698542316754659,0.7182002067565918,0.2817997932434082,0.7434437870979309
heterosexual_people/education__educational_opportunity_access.txt,heterosexual people,majority,Sexual Orientation,Education,Educational opportunity/access,Education :: Educational opportunity/access,c1e8bf4de2827a90cf75,https://brookings.edu/articles/unequal-opportunity-race-and-education,brookings.edu,3,0.6631748278935751,0.7319806218147278,0.2680193781852722,0.7566567659378052
heterosexual_people/education__harassment_bullying.txt,heterosexual people,majority,Sexual Orientation,Education,Harassment/bullying,Education :: Harassment/bullying,0ae0445c50ef0df83ede,https://smhp.psych.ucla.edu/pdfdocs/harass.pdf,ucla.edu,3,0.799741526444753,0.8043737411499023,0.19562625885009766,0.8366416692733765
heterosexual_people/education__harassment_bullying.txt,heterosexual people,majority,Sexual Orientation,Education,Harassment/bullying,Education :: Harassment/bullying,17c34ca721abd856ceee,https://pmc.ncbi.nlm.nih.gov/articles/PMC11762843,nih.gov,3,0.8079324960708618,0.830432116985321,0.16956788301467896,0.8652705550193787
heterosexual_people/education__harassment_bullying.txt,heterosexual people,majority,Sexual Orientation,Education,Harassment/bullying,Education :: Harassment/bullying,27e20937715f19c63aef,https://pmc.ncbi.nlm.nih.gov/articles/PMC11351145,nih.gov,3,0.7522943814595541,0.7988268733024597,0.20117312669754028,0.814544141292572
heterosexual_people/education__harassment_bullying.txt,heterosexual people,majority,Sexual Orientation,Education,Harassment/bullying,Education :: Harassment/bullying,2a6ad5f1546abcb57b78,https://washington.edu/news/2013/05/17/youth-bullying-because-of-perceived-sexual-orientation-widespread-and-damaging,washington.edu,3,0.779688318570455,0.799069881439209,0.20093011856079102,0.8174623250961304
heterosexual_people/education__harassment_bullying.txt,heterosexual people,majority,Sexual Orientation,Education,Harassment/bullying,Education :: Harassment/bullying,3ab2c9e0cad5c30257b8,https://unesco.org/en/articles/what-you-need-know-about-school-violence-and-bullying,unesco.org,3,0.624272882938385,0.7218759655952454,0.27812403440475464,0.7497300505638123
heterosexual_people/education__harassment_bullying.txt,heterosexual people,majority,Sexual Orientation,Education,Harassment/bullying,Education :: Harassment/bullying,4624845c0f0ccbac0d94,https://pmc.ncbi.nlm.nih.gov/articles/PMC10874033,nih.gov,3,0.7743009924888611,0.8102648854255676,0.18973511457443237,0.8252544403076172
heterosexual_people/education__harassment_bullying.txt,heterosexual people,majority,Sexual Orientation,Education,Harassment/bullying,Education :: Harassment/bullying,642c76c5bcdc2136ae97,https://stopbullying.gov/resources/facts,stopbullying.gov,3,0.6669680873552958,0.7976786494255066,0.2023213505744934,0.8480004668235779
heterosexual_people/education__harassment_bullying.txt,heterosexual people,majority,Sexual Orientation,Education,Harassment/bullying,Education :: Harassment/bullying,7679a641c47a323d2cd2,https://pacer.org/bullying/info/stats,pacer.org,3,0.6981458266576132,0.8009160161018372,0.19908398389816284,0.8107619285583496
heterosexual_people/education__harassment_bullying.txt,heterosexual people,majority,Sexual Orientation,Education,Harassment/bullying,Education :: Harassment/bullying,ea0b5e9316bede81f266,https://hrc.org/news/new-report-details-high-rates-of-bullying-other-negative-outcomes-for-lgbtq,hrc.org,3,0.7600321372350057,0.8259598612785339,0.17404013872146606,0.8339160084724426
heterosexual_people/education__harassment_bullying.txt,heterosexual people,majority,Sexual Orientation,Education,Harassment/bullying,Education :: Harassment/bullying,f445de95ace940fe9789,https://theconversation.com/the-disturbing-connection-between-bullying-and-sexual-harassment-68033,theconversation.com,3,0.7850344975789388,0.8238299489021301,0.17617005109786987,0.8460848927497864
heterosexual_people/employment__career_advancement.txt,heterosexual people,majority,Sexual Orientation,Employment,Career advancement,Employment :: Career advancement,0303f82c94537c8eaf13,https://gov.uk/government/publications/womens-progression-in-the-workplace/main-report,gov.uk,3,0.6946016947428385,0.6407931447029114,0.3592068552970886,0.6582909822463989
heterosexual_people/employment__career_advancement.txt,heterosexual people,majority,Sexual Orientation,Employment,Career advancement,Employment :: Career advancement,1a9701acbdbc933c66a7,https://thecicn.org/factors-and-barriers-that-influence-career-development,thecicn.org,3,0.5554698904355367,0.574862539768219,0.425137460231781,0.6518455743789673
heterosexual_people/employment__career_advancement.txt,heterosexual people,majority,Sexual Orientation,Employment,Career advancement,Employment :: Career advancement,441c51dda9454954e4b4,https://career.iresearchnet.com/career-development/gender-and-careers,iresearchnet.com,3,0.7200553218523661,0.6942980885505676,0.3057019114494324,0.7145825028419495
heterosexual_people/employment__career_advancement.txt,heterosexual people,majority,Sexual Orientation,Employment,Career advancement,Employment :: Career advancement,58bfccc449241d3dd011,https://ijoness.com/resources/html/article/details?id=212710&language=en,ijoness.com,3,0.6548704703648885,0.655404269695282,0.344595730304718,0.6751470565795898
heterosexual_people/employment__career_advancement.txt,heterosexual people,majority,Sexual Orientation,Employment,Career advancement,Employment :: Career advancement,e816143f36909595c6cc,https://naceweb.org/job-market/trends-and-predictions/early-career-talent-and-the-effects-of--gender,naceweb.org,3,0.690963347752889,0.6980653405189514,0.3019346594810486,0.7072287201881409
heterosexual_people/employment__workplace_harassment.txt,heterosexual people,majority,Sexual Orientation,Employment,Workplace harassment,Employment :: Workplace harassment,375f84921f2bf75d6bd2,https://haelaw.com/what-creates-hostile-work-environment,haelaw.com,3,0.7456936438878378,0.7865190505981445,0.21348094940185547,0.8022334575653076
heterosexual_people/employment__workplace_harassment.txt,heterosexual people,majority,Sexual Orientation,Employment,Workplace harassment,Employment :: Workplace harassment,c8790fcbc603a7b1e461,https://cavignac.com/blog/risk-factors-for-harassment-in-the-workplace,cavignac.com,3,0.6708962122599283,0.696530818939209,0.303469181060791,0.7750746011734009
heterosexual_people/employment__workplace_harassment.txt,heterosexual people,majority,Sexual Orientation,Employment,Workplace harassment,Employment :: Workplace harassment,c8cc815b8b0f2b230563,https://elker.com/articles/5-risk-factors-for-sexual-harassment-in-the-workplace,elker.com,3,0.7756624221801758,0.800506591796875,0.199493408203125,0.8072763681411743
heterosexual_people/employment__workplace_harassment.txt,heterosexual people,majority,Sexual Orientation,Employment,Workplace harassment,Employment :: Workplace harassment,e57e47dd6ee9b35ba01a,https://lundelllawfirm.com/post/common-sources-of-workplace-harassment,lundelllawfirm.com,3,0.738442858060201,0.7747101187705994,0.22528988122940063,0.7809914350509644
heterosexual_people/government_benefits__access_to_government_benefits.txt,heterosexual people,majority,Sexual Orientation,Government Benefits,Access to government benefits,Government Benefits :: Access to government benefits,221a758858d9ea3cf51f,https://cameron-deal.github.io/files/gov_assistance_wp.pdf,github.io,3,0.7726920445760092,0.7692400813102722,0.23075991868972778,0.8151760697364807
heterosexual_people/government_benefits__access_to_government_benefits.txt,heterosexual people,majority,Sexual Orientation,Government Benefits,Access to government benefits,Government Benefits :: Access to government benefits,4e085b759630f3075524,https://ncbi.nlm.nih.gov/books/NBK593528,nih.gov,3,0.5903937816619873,0.6357619166374207,0.36423808336257935,0.7213580012321472
heterosexual_people/government_benefits__access_to_government_benefits.txt,heterosexual people,majority,Sexual Orientation,Government Benefits,Access to government benefits,Government Benefits :: Access to government benefits,8cffc442ce1c61bfdcf6,https://catalog.results4america.org/strategies/reducing-obstacles,results4america.org,3,0.5926389098167419,0.6842970848083496,0.3157029151916504,0.7808575630187988
heterosexual_people/government_benefits__access_to_government_benefits.txt,heterosexual people,majority,Sexual Orientation,Government Benefits,Access to government benefits,Government Benefits :: Access to government benefits,f354d0e216bfca988dd4,https://nwlc.org/resource/by-the-numbers-data-on-key-programs-for-the-well-being-of-women-lgbtqi-people-and-their-families,nwlc.org,3,0.6516156792640686,0.6528201699256897,0.3471798300743103,0.6836103200912476
heterosexual_people/government_benefits__access_to_government_benefits.txt,heterosexual people,majority,Sexual Orientation,Government Benefits,Access to government benefits,Government Benefits :: Access to government benefits,fcbdc4c9097da4271034,https://pmc.ncbi.nlm.nih.gov/articles/PMC8252906,nih.gov,3,0.6841174364089966,0.726922333240509,0.27307766675949097,0.7367289662361145
heterosexual_people/government_benefits__benefit_retention_renewal.txt,heterosexual people,majority,Sexual Orientation,Government Benefits,Benefit retention / renewal,Government Benefits :: Benefit retention / renewal,371502b7ba9376a348d1,https://oprah.com/money/financial-benefits-of-marriage-marriage-equality-tax-benefits,oprah.com,3,0.5919837554295858,0.6640937924385071,0.3359062075614929,0.6819710731506348
heterosexual_people/government_benefits__benefit_retention_renewal.txt,heterosexual people,majority,Sexual Orientation,Government Benefits,Benefit retention / renewal,Government Benefits :: Benefit retention / renewal,b2def547abb4113f91fd,https://stwserve.com/understanding-federal-benefits-for-same-sex-couples,stwserve.com,3,0.7073002656300863,0.7374613285064697,0.2625386714935303,0.7459542155265808
heterosexual_people/government_benefits__benefit_retention_renewal.txt,heterosexual people,majority,Sexual Orientation,Government Benefits,Benefit retention / renewal,Government Benefits :: Benefit retention / renewal,e8790a9a9837dd8876a5,https://freopp.org/whitepapers/fixing-the-broken-incentives-in-the-u-s-welfare-system,freopp.org,3,0.5789051055908203,0.6580235362052917,0.34197646379470825,0.7315897941589355
heterosexual_people/healthcare__insurance_coverage.txt,heterosexual people,majority,Sexual Orientation,Healthcare,Insurance coverage,Healthcare :: Insurance coverage,99996a542e770306432e,https://pmc.ncbi.nlm.nih.gov/articles/PMC11227074,nih.gov,3,0.7775602539380392,0.7688398361206055,0.23116016387939453,0.7961471080780029
heterosexual_people/healthcare__insurance_coverage.txt,heterosexual people,majority,Sexual Orientation,Healthcare,Insurance coverage,Healthcare :: Insurance coverage,a7573f2a912406d40e94,https://ncbi.nlm.nih.gov/books/NBK566081,nih.gov,3,0.7361303170522054,0.7081596255302429,0.2918403744697571,0.7317286729812622
heterosexual_people/healthcare__insurance_coverage.txt,heterosexual people,majority,Sexual Orientation,Healthcare,Insurance coverage,Healthcare :: Insurance coverage,b8bbece6b2d2701285e8,https://ideas.repec.org/a/kap/poprpr/v42y2023i3d10.1007_s11113-023-09774-2.html,repec.org,3,0.7083298762639364,0.702910840511322,0.297089159488678,0.7643917202949524
heterosexual_people/healthcare__insurance_coverage.txt,heterosexual people,majority,Sexual Orientation,Healthcare,Insurance coverage,Healthcare :: Insurance coverage,cf1fe57adb31f65a2c38,https://census.gov/newsroom/blogs/random-samplings/2015/09/another-difference-between-the-sexes-health-insurance-coverage-3.html,census.gov,3,0.6952008406321207,0.651183545589447,0.348816454410553,0.6718014478683472
heterosexual_people/healthcare__patient_safety.txt,heterosexual people,majority,Sexual Orientation,Healthcare,Patient safety,Healthcare :: Patient safety,2c6ef486455b00a0a858,https://fenwayhealth.org/wp-content/uploads/2015/09/Policy_Brief_HowtoGather..._v3_01.09.12.pdf,fenwayhealth.org,3,0.6962639490763346,0.6989915370941162,0.3010084629058838,0.7186513543128967
heterosexual_people/healthcare__patient_safety.txt,heterosexual people,majority,Sexual Orientation,Healthcare,Patient safety,Healthcare :: Patient safety,3952700851987a1de36e,https://who.int/news-room/fact-sheets/detail/patient-safety,who.int,3,0.5620531638463339,0.5910680890083313,0.4089319109916687,0.6238805055618286
heterosexual_people/healthcare__patient_safety.txt,heterosexual people,majority,Sexual Orientation,Healthcare,Patient safety,Healthcare :: Patient safety,546e18ffee6c53f0c20b,https://pmc.ncbi.nlm.nih.gov/articles/PMC10953965,nih.gov,3,0.6244312326113383,0.6922392845153809,0.30776071548461914,0.7236252427101135
heterosexual_people/healthcare__patient_safety.txt,heterosexual people,majority,Sexual Orientation,Healthcare,Patient safety,Healthcare :: Patient safety,f80a3040fe0bf24209a0,https://patientsafetylearning.org/blog/dangerous-exclusions-the-risk-to-patient-safety-of-sex-and-gender-bias,patientsafetylearning.org,3,0.6598938902219137,0.6933212280273438,0.30667877197265625,0.7195743322372437
heterosexual_people/healthcare__preventive_care.txt,heterosexual people,majority,Sexual Orientation,Healthcare,Preventive care,Healthcare :: Preventive care,2390f87dfd85bfc46254,https://pmc.ncbi.nlm.nih.gov/articles/PMC1402283,nih.gov,3,0.6974818706512451,0.7807987332344055,0.21920126676559448,0.8089826107025146
heterosexual_people/healthcare__preventive_care.txt,heterosexual people,majority,Sexual Orientation,Healthcare,Preventive care,Healthcare :: Preventive care,3795dc940230fc4d835f,https://entirafamilyclinics.com/mens-preventive-care-what-to-prioritize-and-when,entirafamilyclinics.com,3,0.5782051483790079,0.6736156344413757,0.32638436555862427,0.7157702445983887
heterosexual_people/healthcare__preventive_care.txt,heterosexual people,majority,Sexual Orientation,Healthcare,Preventive care,Healthcare :: Preventive care,5b60a7aba176e73f0677,https://kff.org/womens-health-policy/womens-health-care-utilization-and-costs-findings-from-the-2020-kff-womens-health-survey,kff.org,3,0.6352086464564005,0.6467211246490479,0.35327887535095215,0.6986289024353027
heterosexual_people/healthcare__preventive_care.txt,heterosexual people,majority,Sexual Orientation,Healthcare,Preventive care,Healthcare :: Preventive care,80ef5546326880e40115,https://pmc.ncbi.nlm.nih.gov/articles/PMC9322545,nih.gov,3,0.7041642864545187,0.6841575503349304,0.3158424496650696,0.7542954683303833
heterosexual_people/housing__access_to_housing.txt,heterosexual people,majority,Sexual Orientation,Housing,Access to housing,Housing :: Access to housing,2429d224b10f3e0ab64c,https://nsvrc.org/blog_post/what-connection-between-housing-inequality-sexual-violence-and-white-supremacy,nsvrc.org,3,0.6960724194844564,0.7421944737434387,0.2578055262565613,0.7851436138153076
heterosexual_people/housing__access_to_housing.txt,heterosexual people,majority,Sexual Orientation,Housing,Access to housing,Housing :: Access to housing,b9781e91ff03f5914a44,https://cdn2.hubspot.net/hubfs/4408380/PDF/General-Housing-Homelessness/IWHR-Gendered-Housing-Perspective.pdf,hubspot.net,3,0.7181592981020609,0.6780341267585754,0.32196587324142456,0.7766822576522827
heterosexual_people/housing__access_to_housing.txt,heterosexual people,majority,Sexual Orientation,Housing,Access to housing,Housing :: Access to housing,d44c7238be804aad7a7c,https://housingvisions.org/lgbtq-and-fair-housing,housingvisions.org,3,0.7894645730654398,0.7969291806221008,0.20307081937789917,0.8142000436782837
heterosexual_people/housing__access_to_housing.txt,heterosexual people,majority,Sexual Orientation,Housing,Access to housing,Housing :: Access to housing,dfd30eb3cca420073bbd,https://williamsinstitute.law.ucla.edu/press/lgbt-housing-press-release,ucla.edu,3,0.7479093273480734,0.7619380950927734,0.23806190490722656,0.819520115852356
heterosexual_people/housing__homelessness.txt,heterosexual people,majority,Sexual Orientation,Housing,Homelessness,Housing :: Homelessness,3a041a7070dec23304dc,https://endhomelessnesschesco.org/resources/unraveling-the-threads-race-gender-and-sexuality-homelessness,endhomelessnesschesco.org,3,0.766103188196818,0.7673818469047546,0.23261815309524536,0.7739536166191101
heterosexual_people/housing__homelessness.txt,heterosexual people,majority,Sexual Orientation,Housing,Homelessness,Housing :: Homelessness,4f4ad42aab382c89a865,https://study.com/academy/lesson/video/what-is-homelessness-definition-causes-effects.html,study.com,3,0.10078893105189006,0.25650492310523987,0.7434950768947601,0.39142608642578125
heterosexual_people/housing__homelessness.txt,heterosexual people,majority,Sexual Orientation,Housing,Homelessness,Housing :: Homelessness,79449cc23749d1c53e3d,https://endhomelessness.org/systemic-racism-and-marginalization,endhomelessness.org,3,0.750873843828837,0.7719822525978088,0.22801774740219116,0.789961576461792
heterosexual_people/housing__homelessness.txt,heterosexual people,majority,Sexual Orientation,Housing,Homelessness,Housing :: Homelessness,79fb5c662049e1c3df26,https://pfva.org/what-leads-to-homelessness-top-causes,pfva.org,3,0.7075287501017252,0.7555117011070251,0.24448829889297485,0.7859369516372681
heterosexual_people/housing__homelessness.txt,heterosexual people,majority,Sexual Orientation,Housing,Homelessness,Housing :: Homelessness,bd494086e71519740c72,https://pmc.ncbi.nlm.nih.gov/articles/PMC6814700,nih.gov,3,0.734181265036265,0.7486904263496399,0.2513095736503601,0.7666187286376953
heterosexual_people/housing__homelessness.txt,heterosexual people,majority,Sexual Orientation,Housing,Homelessness,Housing :: Homelessness,d6a78993b72d9f769fbd,https://usich.gov/guidance-reports-data/data-trends,usich.gov,3,0.7151057124137878,0.7399604916572571,0.2600395083427429,0.7579308748245239
heterosexual_people/housing__housing_stability.txt,heterosexual people,majority,Sexual Orientation,Housing,Housing stability,Housing :: Housing stability,3292cafe98f4046dd22d,https://pmc.ncbi.nlm.nih.gov/articles/PMC12228652,nih.gov,3,0.7305092215538025,0.6895313262939453,0.3104686737060547,0.71204674243927
heterosexual_people/housing__housing_stability.txt,heterosexual people,majority,Sexual Orientation,Housing,Housing stability,Housing :: Housing stability,cb3a903b7d785dfd740f,https://pmc.ncbi.nlm.nih.gov/articles/PMC12306465,nih.gov,3,0.7358948985735575,0.6546918153762817,0.34530818462371826,0.661540687084198
heterosexual_people/housing__housing_stability.txt,heterosexual people,majority,Sexual Orientation,Housing,Housing stability,Housing :: Housing stability,d10e720158b5e90d7a3f,https://pmc.ncbi.nlm.nih.gov/articles/PMC6290583,nih.gov,3,0.7177906433741251,0.6885849833488464,0.31141501665115356,0.7065012454986572
homosexual_people/credit_and_financial_services__access_to_banking_services.txt,homosexual people,minority,Sexual Orientation,Credit & Financial Services,Access to banking services,Credit & Financial Services :: Access to banking services,0bdac10eb99aea614ce8,https://lgbtq-economics.org/issues/wealth-gap/market-gap,lgbtq-economics.org,3,0.6461002826690674,0.7420640587806702,0.25793594121932983,0.7780536413192749
homosexual_people/credit_and_financial_services__access_to_banking_services.txt,homosexual people,minority,Sexual Orientation,Credit & Financial Services,Access to banking services,Credit & Financial Services :: Access to banking services,19fdfb66682fd45b9bf3,https://outandequal.org/resource/3insights-financialservicessector,outandequal.org,3,0.6973906755447388,0.7349482178688049,0.26505178213119507,0.7655434012413025
homosexual_people/credit_and_financial_services__access_to_banking_services.txt,homosexual people,minority,Sexual Orientation,Credit & Financial Services,Access to banking services,Credit & Financial Services :: Access to banking services,6b990a507fcf3232c4bd,https://experian.com/blogs/ask-experian/lgbtq-financial-inclusion,experian.com,3,0.645052969455719,0.7349975109100342,0.2650024890899658,0.7621176838874817
homosexual_people/credit_and_financial_services__access_to_banking_services.txt,homosexual people,minority,Sexual Orientation,Credit & Financial Services,Access to banking services,Credit & Financial Services :: Access to banking services,82d0156a8592e50ebf9b,https://19thnews.org/2023/04/lgbtq-finances-bills-economic-insecurity,19thnews.org,3,0.6498279770215353,0.691672146320343,0.308327853679657,0.7429608106613159
homosexual_people/credit_and_financial_services__access_to_banking_services.txt,homosexual people,minority,Sexual Orientation,Credit & Financial Services,Access to banking services,Credit & Financial Services :: Access to banking services,e8e4f30441bc3743c7b9,https://nefe.org/news/2022/06/lgbtqia-discrimination-in-financial-services.aspx,nefe.org,3,0.6637436151504517,0.714344322681427,0.285655677318573,0.7516095042228699
homosexual_people/credit_and_financial_services__access_to_credit.txt,homosexual people,minority,Sexual Orientation,Credit & Financial Services,Access to credit,Credit & Financial Services :: Access to credit,19fdfb66682fd45b9bf3,https://outandequal.org/resource/3insights-financialservicessector,outandequal.org,3,0.7056758205095927,0.7378115057945251,0.26218849420547485,0.8100623488426208
homosexual_people/credit_and_financial_services__access_to_credit.txt,homosexual people,minority,Sexual Orientation,Credit & Financial Services,Access to credit,Credit & Financial Services :: Access to credit,30f7324d110beb6fc6c4,https://federalreserve.gov/econres/feds/sexual-orientation-and-financial-well-being-in-the-united-states.htm,federalreserve.gov,3,0.6090321143468221,0.6467966437339783,0.35320335626602173,0.6820540428161621
homosexual_people/credit_and_financial_services__access_to_credit.txt,homosexual people,minority,Sexual Orientation,Credit & Financial Services,Access to credit,Credit & Financial Services :: Access to credit,4c2d8142ac2244820f49,https://pmc.ncbi.nlm.nih.gov/articles/PMC6511003,nih.gov,3,0.7206204334894816,0.7826833724975586,0.2173166275024414,0.8372213840484619
homosexual_people/credit_and_financial_services__access_to_credit.txt,homosexual people,minority,Sexual Orientation,Credit & Financial Services,Access to credit,Credit & Financial Services :: Access to credit,6b990a507fcf3232c4bd,https://experian.com/blogs/ask-experian/lgbtq-financial-inclusion,experian.com,3,0.6847041249275208,0.7995791435241699,0.20042085647583008,0.8362336158752441
homosexual_people/credit_and_financial_services__access_to_credit.txt,homosexual people,minority,Sexual Orientation,Credit & Financial Services,Access to credit,Credit & Financial Services :: Access to credit,b7d1670cf07474ee54b7,https://lgbtq-economics.org/research/leaf-report-2023,lgbtq-economics.org,3,0.7313131093978882,0.7824578285217285,0.21754217147827148,0.8088709115982056
homosexual_people/credit_and_financial_services__credit_loan_approval.txt,homosexual people,minority,Sexual Orientation,Credit & Financial Services,Credit/loan approval,Credit & Financial Services :: Credit/loan approval,6b990a507fcf3232c4bd,https://experian.com/blogs/ask-experian/lgbtq-financial-inclusion,experian.com,3,0.6658193270365397,0.7399654984474182,0.2600345015525818,0.7889269590377808
homosexual_people/credit_and_financial_services__credit_loan_approval.txt,homosexual people,minority,Sexual Orientation,Credit & Financial Services,Credit/loan approval,Credit & Financial Services :: Credit/loan approval,6cfba1f14fe81a790660,https://news.iastate.edu/news/lower-approval-rates-higher-finance-fees-evidence-discrimination-same-sex-borrowers,iastate.edu,3,0.7276934583981832,0.7784245610237122,0.22157543897628784,0.8025215864181519
homosexual_people/credit_and_financial_services__credit_loan_approval.txt,homosexual people,minority,Sexual Orientation,Credit & Financial Services,Credit/loan approval,Credit & Financial Services :: Credit/loan approval,8f6244d3d1e18e7448ae,https://sageusa.org/news/cfpb-protects-lgbt-people-with-ecoa,sageusa.org,3,0.6853987375895182,0.7433832287788391,0.2566167712211609,0.8620896339416504
homosexual_people/criminal_justice__arrest_detention_by_police.txt,homosexual people,minority,Sexual Orientation,Criminal Justice,Arrest / detention by police,Criminal Justice :: Arrest / detention by police,20c50707e77233cf5c5c,https://aclu.org/press-releases/new-report-finds-harassment-mistreatment-fuels-mistrust-among-lgbtq-people-towards-police,aclu.org,3,0.701444943745931,0.7336512207984924,0.26634877920150757,0.8211164474487305
homosexual_people/criminal_justice__arrest_detention_by_police.txt,homosexual people,minority,Sexual Orientation,Criminal Justice,Arrest / detention by police,Criminal Justice :: Arrest / detention by police,802ed60fe784875743bf,https://prisonpolicy.org/blog/2024/06/04/lgbt_incarceration,prisonpolicy.org,3,0.7098789215087891,0.8107161521911621,0.1892838478088379,0.8541234731674194
homosexual_people/criminal_justice__arrest_detention_by_police.txt,homosexual people,minority,Sexual Orientation,Criminal Justice,Arrest / detention by police,Criminal Justice :: Arrest / detention by police,b99bf2b0985accb4b1c7,https://williamsinstitute.law.ucla.edu/press/law-enforcement-lgbtq-interactions,ucla.edu,3,0.6856677730878195,0.7558742165565491,0.24412578344345093,0.8027895092964172
homosexual_people/criminal_justice__incarceration.txt,homosexual people,minority,Sexual Orientation,Criminal Justice,Incarceration,Criminal Justice :: Incarceration,14e6de73f5713a5ad4ec,https://pmc.ncbi.nlm.nih.gov/articles/PMC5227944,nih.gov,3,0.7698386510213217,0.7604723572731018,0.2395276427268982,0.7756960391998291
homosexual_people/criminal_justice__incarceration.txt,homosexual people,minority,Sexual Orientation,Criminal Justice,Incarceration,Criminal Justice :: Incarceration,36bfe8408816851ac187,https://deathpenaltyinfo.org/policy-issues/biases-and-vulnerabilities/lgbtq-people/issues-impacting-lgbtq-prisoners,deathpenaltyinfo.org,3,0.7525056004524231,0.8133771419525146,0.18662285804748535,0.8400787115097046
homosexual_people/criminal_justice__incarceration.txt,homosexual people,minority,Sexual Orientation,Criminal Justice,Incarceration,Criminal Justice :: Incarceration,68a2d27da7bb1bedd025,https://pt.nclrights.org/our-work/racial-economic-justice/criminalization-incarceration,nclrights.org,3,0.7018507321675619,0.7600064873695374,0.23999351263046265,0.7665772438049316
homosexual_people/criminal_justice__incarceration.txt,homosexual people,minority,Sexual Orientation,Criminal Justice,Incarceration,Criminal Justice :: Incarceration,758450027363eec66609,https://prisonpolicy.org/blog/2021/03/02/lgbtq,prisonpolicy.org,3,0.7436675031979879,0.8322272896766663,0.16777271032333374,0.9098784327507019
homosexual_people/criminal_justice__incarceration.txt,homosexual people,minority,Sexual Orientation,Criminal Justice,Incarceration,Criminal Justice :: Incarceration,802ed60fe784875743bf,https://prisonpolicy.org/blog/2024/06/04/lgbt_incarceration,prisonpolicy.org,3,0.7355853915214539,0.7776012420654297,0.2223987579345703,0.7962037920951843
homosexual_people/criminal_justice__incarceration.txt,homosexual people,minority,Sexual Orientation,Criminal Justice,Incarceration,Criminal Justice :: Incarceration,8112c616c93f4f6dc264,https://safetyandjusticechallenge.org/blog/what-is-behind-the-overrepresentation-of-people-who-identify-as-lgbtq-in-the-criminal-legal-system,safetyandjusticechallenge.org,3,0.7175978422164917,0.755433976650238,0.24456602334976196,0.7733879685401917
homosexual_people/criminal_justice__incarceration.txt,homosexual people,minority,Sexual Orientation,Criminal Justice,Incarceration,Criminal Justice :: Incarceration,efec158c9ec619d6437a,https://vox.com/2016/2/23/11095980/lgbtq-gay-transgender-prison,vox.com,3,0.7198001146316528,0.7793164253234863,0.22068357467651367,0.7985574007034302
homosexual_people/criminal_justice__police_use_of_force.txt,homosexual people,minority,Sexual Orientation,Criminal Justice,Police use of force,Criminal Justice :: Police use of force,20c50707e77233cf5c5c,https://aclu.org/press-releases/new-report-finds-harassment-mistreatment-fuels-mistrust-among-lgbtq-people-towards-police,aclu.org,3,0.7072830597559611,0.8073951601982117,0.19260483980178833,0.8497439622879028
homosexual_people/criminal_justice__police_use_of_force.txt,homosexual people,minority,Sexual Orientation,Criminal Justice,Police use of force,Criminal Justice :: Police use of force,259d454d45824073697e,https://dev.cjcenter.org/_files/apcj/1_1_homophobia.pdf,cjcenter.org,3,0.7428763111432394,0.6740949153900146,0.32590508460998535,0.7041417956352234
homosexual_people/criminal_justice__police_use_of_force.txt,homosexual people,minority,Sexual Orientation,Criminal Justice,Police use of force,Criminal Justice :: Police use of force,8112c616c93f4f6dc264,https://safetyandjusticechallenge.org/blog/what-is-behind-the-overrepresentation-of-people-who-identify-as-lgbtq-in-the-criminal-legal-system,safetyandjusticechallenge.org,3,0.7177046537399292,0.7554624080657959,0.2445375919342041,0.7616035342216492
homosexual_people/criminal_justice__police_use_of_force.txt,homosexual people,minority,Sexual Orientation,Criminal Justice,Police use of force,Criminal Justice :: Police use of force,9ef36a0ea05744e6d3d9,https://aclu.org/publications/policing-progress-findings-from-a-national-survey-of-lgbtq-peoples-experiences-with-law-enforcement,aclu.org,3,0.6959935625394186,0.7767365574836731,0.2232634425163269,0.8220366835594177
homosexual_people/criminal_justice__police_use_of_force.txt,homosexual people,minority,Sexual Orientation,Criminal Justice,Police use of force,Criminal Justice :: Police use of force,cfac0b7c1daa05d5c865,https://pmc.ncbi.nlm.nih.gov/articles/PMC11196069,nih.gov,3,0.7116774519284567,0.736940860748291,0.263059139251709,0.7966645956039429
homosexual_people/education__college_access_admission.txt,homosexual people,minority,Sexual Orientation,Education,College access/admission,Education :: College access/admission,4f4ed14a5cec7b652437,https://evidencebasedmentoring.org/lgbtq-college-student-guide,evidencebasedmentoring.org,3,0.738833487033844,0.7947332262992859,0.2052667737007141,0.8177007436752319
homosexual_people/education__college_access_admission.txt,homosexual people,minority,Sexual Orientation,Education,College access/admission,Education :: College access/admission,caba3dd1d554ce973c05,https://pmc.ncbi.nlm.nih.gov/articles/PMC8916710,nih.gov,3,0.7887552181879679,0.8276419639587402,0.17235803604125977,0.8716236352920532
homosexual_people/education__college_access_admission.txt,homosexual people,minority,Sexual Orientation,Education,College access/admission,Education :: College access/admission,f670d88c283df9f0badd,https://scholarworks.wm.edu/server/api/core/bitstreams/dea9f8c0-c7c4-453f-b2d5-ba11ad31c56d/content,wm.edu,3,0.7563168803850809,0.8109221458435059,0.18907785415649414,0.8351893424987793
homosexual_people/education__college_access_admission.txt,homosexual people,minority,Sexual Orientation,Education,College access/admission,Education :: College access/admission,f8b26819ab2201b319a0,https://williamsinstitute.law.ucla.edu/publications/lgbtq-colleges-grad-school,ucla.edu,3,0.7118665178616842,0.742469072341919,0.25753092765808105,0.7655779123306274
homosexual_people/education__educational_opportunity_access.txt,homosexual people,minority,Sexual Orientation,Education,Educational opportunity/access,Education :: Educational opportunity/access,3d44a8dda0e57fbc5a26,https://pmc.ncbi.nlm.nih.gov/articles/PMC9662773,nih.gov,3,0.7684998114903768,0.832325279712677,0.167674720287323,0.8568946123123169
homosexual_people/education__educational_opportunity_access.txt,homosexual people,minority,Sexual Orientation,Education,Educational opportunity/access,Education :: Educational opportunity/access,5b84022c84fac6ebb243,https://sddirect.org.uk/blog-article/why-lgbtqi-inclusive-education-so-important-and-what-can-be-done,sddirect.org.uk,3,0.6859478950500488,0.7281009554862976,0.2718990445137024,0.7699373364448547
homosexual_people/education__educational_opportunity_access.txt,homosexual people,minority,Sexual Orientation,Education,Educational opportunity/access,Education :: Educational opportunity/access,898722d0754e86359658,https://ohchr.org/en/statements-and-speeches/2019/10/inclusion-lgbt-people-education-settings-paramount-importance,ohchr.org,3,0.20276293655236563,0.341298907995224,0.658701092004776,0.3707270324230194
homosexual_people/education__educational_opportunity_access.txt,homosexual people,minority,Sexual Orientation,Education,Educational opportunity/access,Education :: Educational opportunity/access,e700742ae817b55311f3,https://clasp.org/blog/expanding-opportunity-lgbtq-people-higher-education-and-workplace,clasp.org,3,0.674326757589976,0.7278944849967957,0.27210551500320435,0.7621731758117676
homosexual_people/education__harassment_bullying.txt,homosexual people,minority,Sexual Orientation,Education,Harassment/bullying,Education :: Harassment/bullying,0776149e26e5a0752d72,https://pmc.ncbi.nlm.nih.gov/articles/PMC11543415,nih.gov,3,0.8203432361284891,0.8436676859855652,0.15633231401443481,0.8503366112709045
homosexual_people/education__harassment_bullying.txt,homosexual people,minority,Sexual Orientation,Education,Harassment/bullying,Education :: Harassment/bullying,152be612e99c07929e10,https://mhanational.org/resources/bullying-lgbt-youth,mhanational.org,3,0.8028393387794495,0.8243373036384583,0.17566269636154175,0.848650336265564
homosexual_people/education__harassment_bullying.txt,homosexual people,minority,Sexual Orientation,Education,Harassment/bullying,Education :: Harassment/bullying,3f04b56a4723b85f1fce,https://rainbow-project.org/bullying,rainbow-project.org,3,0.7009249528249105,0.7531105875968933,0.2468894124031067,0.7879180908203125
homosexual_people/education__harassment_bullying.txt,homosexual people,minority,Sexual Orientation,Education,Harassment/bullying,Education :: Harassment/bullying,6dad065802e5747bfe76,https://pmc.ncbi.nlm.nih.gov/articles/PMC12691752,nih.gov,3,0.8187654415766398,0.8542852401733398,0.14571475982666016,0.8838534355163574
homosexual_people/education__harassment_bullying.txt,homosexual people,minority,Sexual Orientation,Education,Harassment/bullying,Education :: Harassment/bullying,bc9cdc640dedae1596fa,https://pmc.ncbi.nlm.nih.gov/articles/PMC6497454,nih.gov,3,0.8254521687825521,0.84004145860672,0.15995854139328003,0.8668297529220581
homosexual_people/education__harassment_bullying.txt,homosexual people,minority,Sexual Orientation,Education,Harassment/bullying,Education :: Harassment/bullying,ffad66be1cd04074d5dd,https://stopbullying.gov/sites/default/files/2017-09/lgbtyouthtipsheet.pdf,stopbullying.gov,3,0.8121486107508341,0.8431451916694641,0.1568548083305359,0.8912644386291504
homosexual_people/employment__career_advancement.txt,homosexual people,minority,Sexual Orientation,Employment,Career advancement,Employment :: Career advancement,140a5a1860d9434be5b7,https://shapetalent.com/the-three-barriers-to-lgbtq-career-progression,shapetalent.com,3,0.7350602348645529,0.7235240936279297,0.2764759063720703,0.7779228687286377
homosexual_people/employment__career_advancement.txt,homosexual people,minority,Sexual Orientation,Employment,Career advancement,Employment :: Career advancement,354ced46cedfd302117d,https://pmc.ncbi.nlm.nih.gov/articles/PMC11195964,nih.gov,3,0.7730450630187988,0.8132944703102112,0.18670552968978882,0.8433274030685425
homosexual_people/employment__hiring.txt,homosexual people,minority,Sexual Orientation,Employment,Hiring,Employment :: Hiring,dc05deba6bab0f20134b,https://sussex.ac.uk/broadcast/read/39309,sussex.ac.uk,3,0.7426334619522095,0.8527529835700989,0.14724701642990112,0.9128173589706421
homosexual_people/employment__workplace_harassment.txt,homosexual people,minority,Sexual Orientation,Employment,Workplace harassment,Employment :: Workplace harassment,24cbaec52665edfcf658,https://thebloomfirm.com/harassment-vs-discrimination-based-on-sexual-orientation,thebloomfirm.com,3,0.7326754530270895,0.7505175471305847,0.24948245286941528,0.8397749066352844
homosexual_people/employment__workplace_harassment.txt,homosexual people,minority,Sexual Orientation,Employment,Workplace harassment,Employment :: Workplace harassment,28ab4c0ff23a9e5a7e36,https://ggtriallaw.com/blog/understanding-lgbtq-harassment-in-the-workplace,ggtriallaw.com,3,0.7959157029787699,0.8052342534065247,0.19476574659347534,0.8478757739067078
homosexual_people/employment__workplace_harassment.txt,homosexual people,minority,Sexual Orientation,Employment,Workplace harassment,Employment :: Workplace harassment,2b4366b7ee8e5514633f,https://williamsinstitute.law.ucla.edu/wp-content/uploads/Workplace-Discrimination-Sep-2021.pdf,ucla.edu,3,0.8438882629076639,0.8410277366638184,0.15897226333618164,0.8654521703720093
homosexual_people/employment__workplace_harassment.txt,homosexual people,minority,Sexual Orientation,Employment,Workplace harassment,Employment :: Workplace harassment,3d6d8da4adca8cf836a9,https://mhanational.org/blog/challenges-being-lgbtq-workplace,mhanational.org,3,0.7922999262809753,0.7996640205383301,0.20033597946166992,0.834473729133606
homosexual_people/employment__workplace_harassment.txt,homosexual people,minority,Sexual Orientation,Employment,Workplace harassment,Employment :: Workplace harassment,4a008ab06a42fb98a815,https://fedemploylaw.com/lgbtq-harassment-in-the-workplace-how-to-identify-prove-it,fedemploylaw.com,3,0.7731627225875854,0.7889382243156433,0.2110617756843567,0.8252209424972534
homosexual_people/employment__workplace_harassment.txt,homosexual people,minority,Sexual Orientation,Employment,Workplace harassment,Employment :: Workplace harassment,4eab71fe803d8a5d48b8,https://ocalaemploymentlawyer.com/study-finds-half-of-all-lgbtq-workers-face-discrimination-in-the-workplace,ocalaemploymentlawyer.com,3,0.8009821176528931,0.792679488658905,0.20732051134109497,0.7981042861938477
homosexual_people/employment__workplace_harassment.txt,homosexual people,minority,Sexual Orientation,Employment,Workplace harassment,Employment :: Workplace harassment,c7ef9a2f0dc0339859be,https://williamsinstitute.law.ucla.edu/publications/lgbt-workplace-discrimination,ucla.edu,3,0.8344326217969259,0.8452696800231934,0.15473031997680664,0.8597310781478882
homosexual_people/employment__workplace_harassment.txt,homosexual people,minority,Sexual Orientation,Employment,Workplace harassment,Employment :: Workplace harassment,d2030ff5a44cf146fa8b,https://leedsbrownlaw.com/sexual-orientation-discrimination-at-work-examples,leedsbrownlaw.com,3,0.767754852771759,0.7620988488197327,0.23790115118026733,0.7877010703086853
homosexual_people/government_benefits__access_to_government_benefits.txt,homosexual people,minority,Sexual Orientation,Government Benefits,Access to government benefits,Government Benefits :: Access to government benefits,221a758858d9ea3cf51f,https://cameron-deal.github.io/files/gov_assistance_wp.pdf,github.io,3,0.7768881718317667,0.7287664413452148,0.27123355865478516,0.7615617513656616
homosexual_people/government_benefits__access_to_government_benefits.txt,homosexual people,minority,Sexual Orientation,Government Benefits,Access to government benefits,Government Benefits :: Access to government benefits,9e78830e1b3edd468c7a,https://files.kff.org/attachment/Issue-Brief-Health-and-Access-to-Care-and-Coverage-for-LGBT-Individuals-in-the-US,kff.org,3,0.7262967824935913,0.7886223793029785,0.21137762069702148,0.8212969899177551
homosexual_people/government_benefits__access_to_government_benefits.txt,homosexual people,minority,Sexual Orientation,Government Benefits,Access to government benefits,Government Benefits :: Access to government benefits,b2def547abb4113f91fd,https://stwserve.com/understanding-federal-benefits-for-same-sex-couples,stwserve.com,3,0.650931715965271,0.7895545959472656,0.21044540405273438,0.7989233136177063
homosexual_people/government_benefits__access_to_government_benefits.txt,homosexual people,minority,Sexual Orientation,Government Benefits,Access to government benefits,Government Benefits :: Access to government benefits,f3cf6770f761e4fa5a5e,https://williamsinstitute.law.ucla.edu/press/lgbt-snap-benefits-press-release,ucla.edu,3,0.6686019698778788,0.6860119700431824,0.3139880299568176,0.7488851547241211
homosexual_people/government_benefits__access_to_government_benefits.txt,homosexual people,minority,Sexual Orientation,Government Benefits,Access to government benefits,Government Benefits :: Access to government benefits,f6f5d499b2b633a608f7,https://epgn.com/2020/10/28/new-study-shows-roots-of-lgbtq-poverty-and-need-for-government-data,epgn.com,3,0.6717980106671652,0.7797394394874573,0.22026056051254272,0.8187025785446167
homosexual_people/government_benefits__application_approval.txt,homosexual people,minority,Sexual Orientation,Government Benefits,Application/approval,Government Benefits :: Application/approval,42990a6fc370788c101b,https://vermontpublic.org/2013-10-22/getting-federal-benefits-to-gay-couples-its-complicated,vermontpublic.org,3,0.6387459635734558,0.685603141784668,0.31439685821533203,0.7557507753372192
homosexual_people/government_benefits__application_approval.txt,homosexual people,minority,Sexual Orientation,Government Benefits,Application/approval,Government Benefits :: Application/approval,e4c343dbfd5521214647,https://kff.org/affordable-care-act/health-care-access-and-coverage-for-the-lesbian-gay-bisexual-and-transgender-lgbt-community-in-the-united-states-opportunities-and-challenges-in-a-new-era,kff.org,3,0.7114144364992777,0.7201945185661316,0.2798054814338684,0.7545613646507263
homosexual_people/government_benefits__application_approval.txt,homosexual people,minority,Sexual Orientation,Government Benefits,Application/approval,Government Benefits :: Application/approval,f3cf6770f761e4fa5a5e,https://williamsinstitute.law.ucla.edu/press/lgbt-snap-benefits-press-release,ucla.edu,3,0.6453206539154053,0.7070522308349609,0.29294776916503906,0.740276575088501
homosexual_people/government_benefits__benefit_retention_renewal.txt,homosexual people,minority,Sexual Orientation,Government Benefits,Benefit retention / renewal,Government Benefits :: Benefit retention / renewal,221a758858d9ea3cf51f,https://cameron-deal.github.io/files/gov_assistance_wp.pdf,github.io,3,0.7528802752494812,0.8116636276245117,0.18833637237548828,0.828281044960022
homosexual_people/government_benefits__benefit_retention_renewal.txt,homosexual people,minority,Sexual Orientation,Government Benefits,Benefit retention / renewal,Government Benefits :: Benefit retention / renewal,40661386893a266bd584,https://mapresearch.org/press-release/protecting-our-lgbt-elders-an-overview-of-lgbt-aging-issues,mapresearch.org,3,0.6342766682306925,0.7004210352897644,0.2995789647102356,0.7153897881507874
homosexual_people/government_benefits__benefit_retention_renewal.txt,homosexual people,minority,Sexual Orientation,Government Benefits,Benefit retention / renewal,Government Benefits :: Benefit retention / renewal,4f8a2515841fcd5f488b,https://justiceinaging.org/lgbtq-older-adults-cant-afford-cuts-to-medicaid,justiceinaging.org,3,0.6605268518129984,0.7447264790534973,0.2552735209465027,0.7665811777114868
homosexual_people/government_benefits__benefit_retention_renewal.txt,homosexual people,minority,Sexual Orientation,Government Benefits,Benefit retention / renewal,Government Benefits :: Benefit retention / renewal,b35c2921a0e1b37e2acc,https://justiceinaging.org/supporting-lgbtq-older-adults-basic-needs,justiceinaging.org,3,0.678433338801066,0.7420697212219238,0.25793027877807617,0.7586733102798462
homosexual_people/government_benefits__benefit_retention_renewal.txt,homosexual people,minority,Sexual Orientation,Government Benefits,Benefit retention / renewal,Government Benefits :: Benefit retention / renewal,e7daf5ac8dee0cbe4c92,https://justiceinaging.org/wp-content/uploads/2025/09/Supporting-LGBTQ-Older-Adults-Issue-Brief-2-col.pdf,justiceinaging.org,3,0.6807503898938497,0.7391377091407776,0.2608622908592224,0.7586522102355957
homosexual_people/government_benefits__benefit_retention_renewal.txt,homosexual people,minority,Sexual Orientation,Government Benefits,Benefit retention / renewal,Government Benefits :: Benefit retention / renewal,f86d50fbc65fc2adf8be,https://kff.org/racial-equity-and-health-policy/lgbt-adults-experiences-with-discrimination-and-health-care-disparities-findings-from-the-kff-survey-of-racism-discrimination-and-health,kff.org,3,0.6882711251576742,0.7750710844993591,0.22492891550064087,0.7960447072982788
homosexual_people/healthcare__insurance_coverage.txt,homosexual people,minority,Sexual Orientation,Healthcare,Insurance coverage,Healthcare :: Insurance coverage,1af1dea5d9abf73eba30,https://pmc.ncbi.nlm.nih.gov/articles/PMC10726945,nih.gov,3,0.7759506503740946,0.7797021865844727,0.22029781341552734,0.7892758250236511
homosexual_people/healthcare__insurance_coverage.txt,homosexual people,minority,Sexual Orientation,Healthcare,Insurance coverage,Healthcare :: Insurance coverage,292465a4ef9ac6543a50,https://chir.georgetown.edu/health-policy-pride-an-overview-of-private-coverage-issues-impacting-the-lgbtq-community,georgetown.edu,3,0.7728719313939413,0.8331308960914612,0.16686910390853882,0.8605390191078186
homosexual_people/healthcare__insurance_coverage.txt,homosexual people,minority,Sexual Orientation,Healthcare,Insurance coverage,Healthcare :: Insurance coverage,3250d2e42a290fc5a3a8,https://kff.org/lgbtq/health-policy-101-lgbtq-health-policy,kff.org,3,0.6759800910949707,0.7492640018463135,0.2507359981536865,0.7895030975341797
homosexual_people/healthcare__insurance_coverage.txt,homosexual people,minority,Sexual Orientation,Healthcare,Insurance coverage,Healthcare :: Insurance coverage,353f5f4132a006910393,https://mapresearch.org/policy-and-issue-analysis/health-care,mapresearch.org,3,0.7181924184163412,0.7516882419586182,0.24831175804138184,0.7863314151763916
homosexual_people/healthcare__insurance_coverage.txt,homosexual people,minority,Sexual Orientation,Healthcare,Insurance coverage,Healthcare :: Insurance coverage,4415869a17e9d4d14388,https://jhmhp.amegroups.org/article/view/9170/html,amegroups.org,3,0.7775969505310059,0.7960209846496582,0.2039790153503418,0.8027485609054565
homosexual_people/healthcare__insurance_coverage.txt,homosexual people,minority,Sexual Orientation,Healthcare,Insurance coverage,Healthcare :: Insurance coverage,96e1aa5d1d8f5d57c814,https://kff.org/racial-equity-and-health-policy/health-and-access-to-care-and-coverage-for-lesbian-gay-bisexual-and-transgender-individuals-in-the-u-s,kff.org,3,0.7690669298171997,0.8345768451690674,0.16542315483093262,0.8586471080780029
homosexual_people/healthcare__insurance_coverage.txt,homosexual people,minority,Sexual Orientation,Healthcare,Insurance coverage,Healthcare :: Insurance coverage,a7573f2a912406d40e94,https://ncbi.nlm.nih.gov/books/NBK566081,nih.gov,3,0.749759574731191,0.7781359553337097,0.22186404466629028,0.7853259444236755
homosexual_people/healthcare__insurance_coverage.txt,homosexual people,minority,Sexual Orientation,Healthcare,Insurance coverage,Healthcare :: Insurance coverage,f6ab2bb818b740ea21bf,https://pmc.ncbi.nlm.nih.gov/articles/PMC12314559,nih.gov,3,0.7595961292584738,0.7545428276062012,0.24545717239379883,0.7605787515640259
homosexual_people/healthcare__patient_safety.txt,homosexual people,minority,Sexual Orientation,Healthcare,Patient safety,Healthcare :: Patient safety,8c3b64f3a55a5bd27dff,https://pegalislawgroup.com/patient-safety-concerns-in-the-lgbtqia-community,pegalislawgroup.com,3,0.7369882265726725,0.7638521790504456,0.23614782094955444,0.8421412706375122
homosexual_people/healthcare__patient_safety.txt,homosexual people,minority,Sexual Orientation,Healthcare,Patient safety,Healthcare :: Patient safety,e264a8a090679a45ee91,https://hss.edu/health-library/conditions-and-treatments/enhancing-clinical-skills-lgbtq-care-hospital-setting,hss.edu,3,0.7359722455342611,0.7447680830955505,0.25523191690444946,0.7705830335617065
homosexual_people/healthcare__patient_safety.txt,homosexual people,minority,Sexual Orientation,Healthcare,Patient safety,Healthcare :: Patient safety,e8530c197fcd9d81b1b8,https://pmc.ncbi.nlm.nih.gov/articles/PMC8624572,nih.gov,3,0.7298944393793741,0.7673073410987854,0.2326926589012146,0.8194494843482971
homosexual_people/healthcare__patient_safety.txt,homosexual people,minority,Sexual Orientation,Healthcare,Patient safety,Healthcare :: Patient safety,ee03c8a3d2da9f4ad4f1,https://sepsis.org/news/how-does-lgbtq-identity-impact-healthcare-experiences,sepsis.org,3,0.6918590664863586,0.7415609359741211,0.2584390640258789,0.754337728023529
homosexual_people/healthcare__preventive_care.txt,homosexual people,minority,Sexual Orientation,Healthcare,Preventive care,Healthcare :: Preventive care,321580be29593986c250,https://pmc.ncbi.nlm.nih.gov/articles/PMC4141481,nih.gov,3,0.7480144103368124,0.7765944600105286,0.22340553998947144,0.8149340152740479
homosexual_people/healthcare__preventive_care.txt,homosexual people,minority,Sexual Orientation,Healthcare,Preventive care,Healthcare :: Preventive care,e1ffd6e81d62496a7658,https://phreesia.com/resources/infographic-lgbtq-preventive-health,phreesia.com,3,0.7094628016153971,0.778675377368927,0.221324622631073,0.7964292764663696
homosexual_people/housing__access_to_housing.txt,homosexual people,minority,Sexual Orientation,Housing,Access to housing,Housing :: Access to housing,639bfb488b37b79b0dc4,https://housingsolutionstulsa.org/spotlight-on-lgbtq-homelessness-and-housing-insecurity,housingsolutionstulsa.org,3,0.7470231652259827,0.8114120364189148,0.1885879635810852,0.8511757850646973
homosexual_people/housing__access_to_housing.txt,homosexual people,minority,Sexual Orientation,Housing,Access to housing,Housing :: Access to housing,6ebb0570c2e90e158080,https://nlc.org/article/2023/06/30/housing-for-lgbtqia,nlc.org,3,0.764070471127828,0.8404262661933899,0.1595737338066101,0.855815052986145
homosexual_people/housing__access_to_housing.txt,homosexual people,minority,Sexual Orientation,Housing,Access to housing,Housing :: Access to housing,80bcc2329d8ddad43371,https://unitedwayla.org/news/housing-inequality-within-the-lgbtq-community,unitedwayla.org,3,0.7440180778503418,0.7734358906745911,0.22656410932540894,0.7946121692657471
homosexual_people/housing__access_to_housing.txt,homosexual people,minority,Sexual Orientation,Housing,Access to housing,Housing :: Access to housing,ae85586bfdb73a2d8e54,https://communityalliesconsulting.com/blogs/lgbtqia-housing-challenges,communityalliesconsulting.com,3,0.8164531191190084,0.8450419306755066,0.1549580693244934,0.8593312501907349
homosexual_people/housing__access_to_housing.txt,homosexual people,minority,Sexual Orientation,Housing,Access to housing,Housing :: Access to housing,c559804906d1da63be17,https://mecklenburghousingdata.org/frontpage-article/addressing-lgbtq-homelessness-challenges-disparities-and-promising-practices,mecklenburghousingdata.org,3,0.7462397813796997,0.7910993695259094,0.20890063047409058,0.8379806876182556
homosexual_people/housing__access_to_housing.txt,homosexual people,minority,Sexual Orientation,Housing,Access to housing,Housing :: Access to housing,d44c7238be804aad7a7c,https://housingvisions.org/lgbtq-and-fair-housing,housingvisions.org,3,0.7639939387639364,0.7963950037956238,0.20360499620437622,0.8069378137588501
homosexual_people/housing__homelessness.txt,homosexual people,minority,Sexual Orientation,Housing,Homelessness,Housing :: Homelessness,05f8e03b620bd3af890b,https://scarleteen.com/read/identity/understanding-lgbtq-youth-homelessness,scarleteen.com,3,0.7626577218373617,0.8361905217170715,0.16380947828292847,0.8613389730453491
homosexual_people/housing__homelessness.txt,homosexual people,minority,Sexual Orientation,Housing,Homelessness,Housing :: Homelessness,09679ff687f1d0811e12,https://nationalhomeless.org/lgbtq-homelessness,nationalhomeless.org,3,0.7556420564651489,0.8260033130645752,0.1739966869354248,0.8370492458343506
homosexual_people/housing__homelessness.txt,homosexual people,minority,Sexual Orientation,Housing,Homelessness,Housing :: Homelessness,80bcc2329d8ddad43371,https://unitedwayla.org/news/housing-inequality-within-the-lgbtq-community,unitedwayla.org,3,0.7331813971201578,0.7576776146888733,0.2423223853111267,0.7712306380271912
homosexual_people/housing__homelessness.txt,homosexual people,minority,Sexual Orientation,Housing,Homelessness,Housing :: Homelessness,9859a6c614dec4ad2dde,https://williamsinstitute.law.ucla.edu/publications/lgbt-housing-instability,ucla.edu,3,0.7943278153737386,0.8405994772911072,0.15940052270889282,0.882819652557373
homosexual_people/housing__homelessness.txt,homosexual people,minority,Sexual Orientation,Housing,Homelessness,Housing :: Homelessness,99c69d53668c6423d6d7,https://covenanthouse.org/homeless-issues/lgbtq-youth,covenanthouse.org,3,0.7960097193717957,0.8635177612304688,0.13648223876953125,0.8735567331314087
homosexual_people/housing__homelessness.txt,homosexual people,minority,Sexual Orientation,Housing,Homelessness,Housing :: Homelessness,c559804906d1da63be17,https://mecklenburghousingdata.org/frontpage-article/addressing-lgbtq-homelessness-challenges-disparities-and-promising-practices,mecklenburghousingdata.org,3,0.8055563370386759,0.8691720962524414,0.1308279037475586,0.9024866819381714
homosexual_people/housing__housing_stability.txt,homosexual people,minority,Sexual Orientation,Housing,Housing stability,Housing :: Housing stability,3159954fcc0ac81ba630,https://pmc.ncbi.nlm.nih.gov/articles/PMC4899333,nih.gov,3,0.7763819297154745,0.7430987358093262,0.25690126419067383,0.7482576370239258
homosexual_people/housing__housing_stability.txt,homosexual people,minority,Sexual Orientation,Housing,Housing stability,Housing :: Housing stability,639bfb488b37b79b0dc4,https://housingsolutionstulsa.org/spotlight-on-lgbtq-homelessness-and-housing-insecurity,housingsolutionstulsa.org,3,0.6992274721463522,0.7684370875358582,0.23156291246414185,0.7794678211212158
homosexual_people/housing__housing_stability.txt,homosexual people,minority,Sexual Orientation,Housing,Housing stability,Housing :: Housing stability,80bcc2329d8ddad43371,https://unitedwayla.org/news/housing-inequality-within-the-lgbtq-community,unitedwayla.org,3,0.7425916393597921,0.766822338104248,0.23317766189575195,0.8030436635017395
homosexual_people/housing__housing_stability.txt,homosexual people,minority,Sexual Orientation,Housing,Housing stability,Housing :: Housing stability,9859a6c614dec4ad2dde,https://williamsinstitute.law.ucla.edu/publications/lgbt-housing-instability,ucla.edu,3,0.7075957457224528,0.7912017703056335,0.20879822969436646,0.8100654482841492
homosexual_people/housing__housing_stability.txt,homosexual people,minority,Sexual Orientation,Housing,Housing stability,Housing :: Housing stability,c559804906d1da63be17,https://mecklenburghousingdata.org/frontpage-article/addressing-lgbtq-homelessness-challenges-disparities-and-promising-practices,mecklenburghousingdata.org,3,0.7117831508318583,0.7610647678375244,0.23893523216247559,0.8061501979827881
latino_people/credit_and_financial_services__access_to_banking_services.txt,Latino people,minority,Ethnicity,Credit & Financial Services,Access to banking services,Credit & Financial Services :: Access to banking services,7a53c957814caa0b14e6,https://academybank.com/article/banking-trends-and-the-us-latino-population,academybank.com,3,0.7232277790705363,0.592124342918396,0.407875657081604,0.6174702048301697
latino_people/credit_and_financial_services__access_to_banking_services.txt,Latino people,minority,Ethnicity,Credit & Financial Services,Access to banking services,Credit & Financial Services :: Access to banking services,82ff31bfeb455e00be26,https://brookings.edu/articles/latinos-and-the-future-of-finance-why-we-need-to-examine-the-motivations-and-effects-of-latinos-fintech-adoption,brookings.edu,3,0.7369150320688883,0.6244959235191345,0.3755040764808655,0.6424407362937927
latino_people/credit_and_financial_services__access_to_banking_services.txt,Latino people,minority,Ethnicity,Credit & Financial Services,Access to banking services,Credit & Financial Services :: Access to banking services,85079b298b614bbf0cbb,https://newamerica.org/insights/financial-inclusion-and-access-within-the-latino-immigrant-community,newamerica.org,3,0.7308245301246643,0.6653712391853333,0.33462876081466675,0.680652916431427
latino_people/credit_and_financial_services__access_to_banking_services.txt,Latino people,minority,Ethnicity,Credit & Financial Services,Access to banking services,Credit & Financial Services :: Access to banking services,a00e70ab94b153c4de64,https://azcentralcu.org/blog/financial-challenges-latinos,azcentralcu.org,3,0.7250369787216187,0.6360676288604736,0.36393237113952637,0.677435576915741
latino_people/credit_and_financial_services__access_to_banking_services.txt,Latino people,minority,Ethnicity,Credit & Financial Services,Access to banking services,Credit & Financial Services :: Access to banking services,afa8d5a97d09ced9bf35,https://hopecu.org/articles/breaking-barriers-overcoming-financial-challenges-in-the-hispanic-community,hopecu.org,3,0.6234035094579061,0.6440388560295105,0.3559611439704895,0.7123198509216309
latino_people/credit_and_financial_services__access_to_credit.txt,Latino people,minority,Ethnicity,Credit & Financial Services,Access to credit,Credit & Financial Services :: Access to credit,1cdd1802832231fb1c7c,https://rfi.global/unlocking-the-hispanic-opportunity-overcoming-the-barriers-to-wealth-creation,rfi.global,3,0.6367573340733846,0.6517269015312195,0.3482730984687805,0.6686714291572571
latino_people/credit_and_financial_services__access_to_credit.txt,Latino people,minority,Ethnicity,Credit & Financial Services,Access to credit,Credit & Financial Services :: Access to credit,1eaaf9f54f60718f07f9,https://financialplanningassociation.org/article/journal/JUN15-strategies-increase-financial-asset-ownership-among-us-hispanics,financialplanningassociation.org,3,0.6937807003657023,0.6722983717918396,0.3277016282081604,0.6989721059799194
latino_people/credit_and_financial_services__access_to_credit.txt,Latino people,minority,Ethnicity,Credit & Financial Services,Access to credit,Credit & Financial Services :: Access to credit,1edd9fa05ac71e54ccbe,https://apps.urban.org/features/latino-financial-needs-community-lending,urban.org,3,0.6533315777778625,0.6502109169960022,0.3497890830039978,0.6691387891769409
latino_people/credit_and_financial_services__access_to_credit.txt,Latino people,minority,Ethnicity,Credit & Financial Services,Access to credit,Credit & Financial Services :: Access to credit,27ebba74a46aef5b9374,https://pmc.ncbi.nlm.nih.gov/articles/PMC7173312,nih.gov,3,0.6660568912823995,0.6522026062011719,0.3477973937988281,0.6865227818489075
latino_people/credit_and_financial_services__access_to_credit.txt,Latino people,minority,Ethnicity,Credit & Financial Services,Access to credit,Credit & Financial Services :: Access to credit,7a53c957814caa0b14e6,https://academybank.com/article/banking-trends-and-the-us-latino-population,academybank.com,3,0.6992414395014445,0.6520297527313232,0.34797024726867676,0.6703824996948242
latino_people/credit_and_financial_services__access_to_credit.txt,Latino people,minority,Ethnicity,Credit & Financial Services,Access to credit,Credit & Financial Services :: Access to credit,82ff31bfeb455e00be26,https://brookings.edu/articles/latinos-and-the-future-of-finance-why-we-need-to-examine-the-motivations-and-effects-of-latinos-fintech-adoption,brookings.edu,3,0.7284039656321207,0.7299704551696777,0.27002954483032227,0.7560111284255981
latino_people/credit_and_financial_services__access_to_credit.txt,Latino people,minority,Ethnicity,Credit & Financial Services,Access to credit,Credit & Financial Services :: Access to credit,98ecfcdb32fedc2fbf7b,https://unidosus.org/publications/latinos-access-to-credit-remains-low-and-stratified,unidosus.org,2,0.7943117320537567,0.8452355861663818,0.15476441383361816,0.8512436747550964
latino_people/credit_and_financial_services__access_to_credit.txt,Latino people,minority,Ethnicity,Credit & Financial Services,Access to credit,Credit & Financial Services :: Access to credit,a00e70ab94b153c4de64,https://azcentralcu.org/blog/financial-challenges-latinos,azcentralcu.org,3,0.7156311670939127,0.7129552364349365,0.2870447635650635,0.7598932981491089
latino_people/credit_and_financial_services__access_to_credit.txt,Latino people,minority,Ethnicity,Credit & Financial Services,Access to credit,Credit & Financial Services :: Access to credit,a699a9fa37047a56822c,https://unidosus.org/blog/2015/11/18/financial-access-and-inclusion-are-essential-for-immigrant-integration,unidosus.org,3,0.747515082359314,0.7418401837348938,0.2581598162651062,0.7766295075416565
latino_people/credit_and_financial_services__access_to_credit.txt,Latino people,minority,Ethnicity,Credit & Financial Services,Access to credit,Credit & Financial Services :: Access to credit,afa8d5a97d09ced9bf35,https://hopecu.org/articles/breaking-barriers-overcoming-financial-challenges-in-the-hispanic-community,hopecu.org,3,0.6636291742324829,0.6851223111152649,0.3148776888847351,0.7392562031745911
latino_people/credit_and_financial_services__access_to_credit.txt,Latino people,minority,Ethnicity,Credit & Financial Services,Access to credit,Credit & Financial Services :: Access to credit,df3db8a97f9fc829fa4c,https://santiagosolutionsgroup.com/understanding-credit-card-usage-among-hispanics-americans-treads-challenges-and-opportunities,santiagosolutionsgroup.com,3,0.7253498633702596,0.7489722371101379,0.25102776288986206,0.7859635353088379
latino_people/credit_and_financial_services__credit_loan_approval.txt,Latino people,minority,Ethnicity,Credit & Financial Services,Credit/loan approval,Credit & Financial Services :: Credit/loan approval,106b0fe63a30b516b0bb,https://bestcolleges.com/resources/credit-literacy-black-hispanic-students,bestcolleges.com,3,0.7110889752705892,0.6727269291877747,0.32727307081222534,0.7039338946342468
latino_people/credit_and_financial_services__credit_loan_approval.txt,Latino people,minority,Ethnicity,Credit & Financial Services,Credit/loan approval,Credit & Financial Services :: Credit/loan approval,1edd9fa05ac71e54ccbe,https://apps.urban.org/features/latino-financial-needs-community-lending,urban.org,3,0.6598002314567566,0.7254593968391418,0.27454060316085815,0.759335994720459
latino_people/credit_and_financial_services__credit_loan_approval.txt,Latino people,minority,Ethnicity,Credit & Financial Services,Credit/loan approval,Credit & Financial Services :: Credit/loan approval,2551bfc004272cf41d72,https://bankrate.com/,bankrate.com,3,0.4468447069327037,0.5778625011444092,0.4221374988555908,0.6237218976020813
latino_people/credit_and_financial_services__credit_loan_approval.txt,Latino people,minority,Ethnicity,Credit & Financial Services,Credit/loan approval,Credit & Financial Services :: Credit/loan approval,356ef631d65260b12137,https://federalreserve.gov/econres/feds/how-much-does-racial-bias-affect-mortgage-lending.htm,federalreserve.gov,3,0.5902224779129028,0.6134199500083923,0.38658004999160767,0.6489666700363159
latino_people/credit_and_financial_services__credit_loan_approval.txt,Latino people,minority,Ethnicity,Credit & Financial Services,Credit/loan approval,Credit & Financial Services :: Credit/loan approval,45bfc3b39d5be768e2e9,https://azcentralcu.org/blog/latinos-build-credit,azcentralcu.org,3,0.7425107757250468,0.6720571517944336,0.3279428482055664,0.687812089920044
latino_people/credit_and_financial_services__credit_loan_approval.txt,Latino people,minority,Ethnicity,Credit & Financial Services,Credit/loan approval,Credit & Financial Services :: Credit/loan approval,6a652f7b8673756b6a75,https://unidosus.org/wp-content/uploads/2021/07/latinohomeownership_52118.pdf,unidosus.org,3,0.7345250248908997,0.7822360396385193,0.2177639603614807,0.8038263320922852
latino_people/credit_and_financial_services__credit_loan_approval.txt,Latino people,minority,Ethnicity,Credit & Financial Services,Credit/loan approval,Credit & Financial Services :: Credit/loan approval,769e63cc4e4dbf821776,https://unidosus.org/wp-content/uploads/2021/07/lb_credit.pdf,unidosus.org,3,0.7823940515518188,0.696984589099884,0.30301541090011597,0.7262991070747375
latino_people/credit_and_financial_services__credit_loan_approval.txt,Latino people,minority,Ethnicity,Credit & Financial Services,Credit/loan approval,Credit & Financial Services :: Credit/loan approval,7a53c957814caa0b14e6,https://academybank.com/article/banking-trends-and-the-us-latino-population,academybank.com,3,0.7086512843767802,0.6830844879150391,0.31691551208496094,0.7052389979362488
latino_people/credit_and_financial_services__credit_loan_approval.txt,Latino people,minority,Ethnicity,Credit & Financial Services,Credit/loan approval,Credit & Financial Services :: Credit/loan approval,82ff31bfeb455e00be26,https://brookings.edu/articles/latinos-and-the-future-of-finance-why-we-need-to-examine-the-motivations-and-effects-of-latinos-fintech-adoption,brookings.edu,3,0.712517499923706,0.7026560306549072,0.2973439693450928,0.7506076693534851
latino_people/credit_and_financial_services__credit_loan_approval.txt,Latino people,minority,Ethnicity,Credit & Financial Services,Credit/loan approval,Credit & Financial Services :: Credit/loan approval,e37cad46c3bfc4ec1492,https://minneapolisfed.org/article/2024/lender-reported-reasons-for-mortgage-denials-dont-explain-racial-disparities,minneapolisfed.org,3,0.6649692257245382,0.6907730102539062,0.30922698974609375,0.7167552709579468
latino_people/criminal_justice__arrest_detention_by_police.txt,Latino people,minority,Ethnicity,Criminal Justice,Arrest / detention by police,Criminal Justice :: Arrest / detention by police,17fcd05f5e69d8ccd805,https://pmc.ncbi.nlm.nih.gov/articles/PMC13384522,nih.gov,3,0.7627397974332174,0.7775821089744568,0.2224178910255432,0.845962405204773
latino_people/criminal_justice__arrest_detention_by_police.txt,Latino people,minority,Ethnicity,Criminal Justice,Arrest / detention by police,Criminal Justice :: Arrest / detention by police,39a9a42ec115c76d0640,https://pmc.ncbi.nlm.nih.gov/articles/PMC8439157,nih.gov,3,0.773025373617808,0.8224595189094543,0.17754048109054565,0.846505880355835
latino_people/criminal_justice__arrest_detention_by_police.txt,Latino people,minority,Ethnicity,Criminal Justice,Arrest / detention by police,Criminal Justice :: Arrest / detention by police,7f08035522acd10d0919,https://cls.soceco.uci.edu/news/new-report-sheds-light-latinos-us-criminal-justice-system,uci.edu,3,0.7593220472335815,0.7521933913230896,0.2478066086769104,0.7802528738975525
latino_people/criminal_justice__arrest_detention_by_police.txt,Latino people,minority,Ethnicity,Criminal Justice,Arrest / detention by police,Criminal Justice :: Arrest / detention by police,cbb39bedea470d911f4b,https://prisonpolicy.org/scans/LatinoReport_lowres_6.17.14.pdf,prisonpolicy.org,3,0.8025031884511312,0.760983943939209,0.23901605606079102,0.7895957231521606
latino_people/criminal_justice__arrest_detention_by_police.txt,Latino people,minority,Ethnicity,Criminal Justice,Arrest / detention by police,Criminal Justice :: Arrest / detention by police,cd0bd8ef0962d170afc0,https://safetyandjusticechallenge.org/blog/why-are-jails-still-failing-to-accurately-track-race-and-ethnicity,safetyandjusticechallenge.org,3,0.7215593655904134,0.7531021237373352,0.2468978762626648,0.8002192974090576
latino_people/criminal_justice__arrest_detention_by_police.txt,Latino people,minority,Ethnicity,Criminal Justice,Arrest / detention by police,Criminal Justice :: Arrest / detention by police,d07b1dc58fe64c76c317,https://csgjusticecenter.org/2021/10/12/how-are-hispanic-individuals-represented-in-the-criminal-justice-system,csgjusticecenter.org,3,0.718315323193868,0.7296902537345886,0.2703097462654114,0.7388409376144409
latino_people/criminal_justice__incarceration.txt,Latino people,minority,Ethnicity,Criminal Justice,Incarceration,Criminal Justice :: Incarceration,206b6395f06dd583d365,https://sentencingproject.org/reports/one-in-five-racial-disparity-in-imprisonment-causes-and-remedies,sentencingproject.org,3,0.7635689973831177,0.7626747488975525,0.2373252511024475,0.7770755290985107
latino_people/criminal_justice__incarceration.txt,Latino people,minority,Ethnicity,Criminal Justice,Incarceration,Criminal Justice :: Incarceration,cbb39bedea470d911f4b,https://prisonpolicy.org/scans/LatinoReport_lowres_6.17.14.pdf,prisonpolicy.org,3,0.8463433782259623,0.8320925831794739,0.16790741682052612,0.8790395855903625
latino_people/criminal_justice__police_use_of_force.txt,Latino people,minority,Ethnicity,Criminal Justice,Police use of force,Criminal Justice :: Police use of force,0ad7cd5c8618ada95eee,https://chci.org/wp-content/uploads/2026/04/2026-Denys-Castillo.pdf,chci.org,3,0.7858221928278605,0.7808666825294495,0.21913331747055054,0.8008195161819458
latino_people/criminal_justice__police_use_of_force.txt,Latino people,minority,Ethnicity,Criminal Justice,Police use of force,Criminal Justice :: Police use of force,f9d94dfc0ad221ae6453,https://pmc.ncbi.nlm.nih.gov/articles/PMC12533431,nih.gov,3,0.6883071859677633,0.6267008185386658,0.37329918146133423,0.6945626735687256
latino_people/education__college_access_admission.txt,Latino people,minority,Ethnicity,Education,College access/admission,Education :: College access/admission,00ff7c3c23b1876cb251,https://npr.org/2025/04/08/nx-s1-5354914/some-colleges-recruiting-latino-students,npr.org,3,0.7579783995946249,0.7394024729728699,0.2605975270271301,0.7559337615966797
latino_people/education__college_access_admission.txt,Latino people,minority,Ethnicity,Education,College access/admission,Education :: College access/admission,33c0727383567ddeda96,https://ruffalonl.com/blog/enrollment/la-familia-five-ways-institutions-can-support-hispanic-families,ruffalonl.com,3,0.779181957244873,0.7566043734550476,0.2433956265449524,0.8117650747299194
latino_people/education__college_access_admission.txt,Latino people,minority,Ethnicity,Education,College access/admission,Education :: College access/admission,9bbcec228eccee0de9db,https://employees.crc.losrios.edu/docs/crc/crc-inside/guided-pathways/engaging-latino-parents-in-supporting-college-pathways.pdf,losrios.edu,3,0.8125669956207275,0.7525150179862976,0.2474849820137024,0.7664271593093872
latino_people/education__college_access_admission.txt,Latino people,minority,Ethnicity,Education,College access/admission,Education :: College access/admission,c8ddd91a04078e64f515,https://insidehighered.com/news/students/diversity/2024/10/23/latino-students-face-major-obstacles-while-college,insidehighered.com,3,0.7376525402069092,0.7113606333732605,0.2886393666267395,0.74664306640625
latino_people/education__college_access_admission.txt,Latino people,minority,Ethnicity,Education,College access/admission,Education :: College access/admission,d0c113489cd66524d2ab,https://floridacollegeaccess.org/research-and-policy/targeted-supports-help-latino-students-in-college-according-to-new-report-from-unidos-us,floridacollegeaccess.org,3,0.7792762319246928,0.7820057272911072,0.21799427270889282,0.8397722244262695
latino_people/education__college_access_admission.txt,Latino people,minority,Ethnicity,Education,College access/admission,Education :: College access/admission,e922c65ee544c22db507,https://unidosus.org/higher-ed,unidosus.org,3,0.7817368706067404,0.7376336455345154,0.2623663544654846,0.7475159168243408
latino_people/education__educational_opportunity_access.txt,Latino people,minority,Ethnicity,Education,Educational opportunity/access,Education :: Educational opportunity/access,4b2fcd657ffc97001583,https://holyfamily.edu/about/news-and-media/hfu-blog-network/ensuring-success-college-latinoa-students-insights-and-imperatives,holyfamily.edu,3,0.7262556751569113,0.7379197478294373,0.26208025217056274,0.7579671144485474
latino_people/education__educational_opportunity_access.txt,Latino people,minority,Ethnicity,Education,Educational opportunity/access,Education :: Educational opportunity/access,6083927998df7e4bd30b,https://cew.georgetown.edu/wp-content/uploads/Latinos-FR.pdf,georgetown.edu,3,0.7850828170776367,0.7641238570213318,0.2358761429786682,0.7819793224334717
latino_people/education__educational_opportunity_access.txt,Latino people,minority,Ethnicity,Education,Educational opportunity/access,Education :: Educational opportunity/access,c17454845bd8c8b65765,https://ncbi.nlm.nih.gov/sites/books/NBK19909,nih.gov,3,0.7970586617787679,0.7961416244506836,0.2038583755493164,0.8220474720001221
latino_people/education__educational_opportunity_access.txt,Latino people,minority,Ethnicity,Education,Educational opportunity/access,Education :: Educational opportunity/access,cdd1e412b5a5c8846e32,https://wanderingeducators.com/intercultural-education/resources/educational-disparities-latino-students-us,wanderingeducators.com,3,0.8114258646965027,0.8012628555297852,0.19873714447021484,0.843925952911377
latino_people/education__educational_opportunity_access.txt,Latino people,minority,Ethnicity,Education,Educational opportunity/access,Education :: Educational opportunity/access,e922c65ee544c22db507,https://unidosus.org/higher-ed,unidosus.org,3,0.75434277455012,0.7412621378898621,0.25873786211013794,0.7716453075408936
latino_people/education__educational_opportunity_access.txt,Latino people,minority,Ethnicity,Education,Educational opportunity/access,Education :: Educational opportunity/access,efd77dd555fc2e17a956,https://hispanicresearchcenter.org/research-resources/national-profile-of-latino-parents-education-attainment-underscores-the-diverse-educational-needs-of-a-fast-growing-population,hispanicresearchcenter.org,3,0.8543158372243246,0.8103728294372559,0.18962717056274414,0.8846277594566345
latino_people/education__educational_opportunity_access.txt,Latino people,minority,Ethnicity,Education,Educational opportunity/access,Education :: Educational opportunity/access,f0037c0c116c4780f122,https://aft.org/ae/spring2017/gandara,aft.org,3,0.7628328005472819,0.7867913842201233,0.2132086157798767,0.8233767151832581
latino_people/education__harassment_bullying.txt,Latino people,minority,Ethnicity,Education,Harassment/bullying,Education :: Harassment/bullying,5e3fb806d2fab689e8c0,https://pmc.ncbi.nlm.nih.gov/articles/PMC7453877,nih.gov,3,0.8057004610697428,0.8162047863006592,0.18379521369934082,0.8399840593338013
latino_people/education__harassment_bullying.txt,Latino people,minority,Ethnicity,Education,Harassment/bullying,Education :: Harassment/bullying,696babc07a194ae4fc00,https://journalistsresource.org/politics-and-government/latino-adolescents-experiences-discrimination-high-school,journalistsresource.org,3,0.7298028469085693,0.7489063143730164,0.25109368562698364,0.7872848510742188
latino_people/education__harassment_bullying.txt,Latino people,minority,Ethnicity,Education,Harassment/bullying,Education :: Harassment/bullying,cc9935f047eb7be51399,https://lse.ac.uk/research/research-for-the-world/society/tackling-school-bullying-mexico,lse.ac.uk,3,0.7484275897343954,0.7388062477111816,0.26119375228881836,0.7447112798690796
latino_people/employment__career_advancement.txt,Latino people,minority,Ethnicity,Employment,Career advancement,Employment :: Career advancement,31c573903acd2fa7c191,https://wowremoteteams.com/blog/what-issues-are-important-to-latinos-in-the-workplace,wowremoteteams.com,3,0.806557297706604,0.7781932950019836,0.22180670499801636,0.8237979412078857
latino_people/employment__career_advancement.txt,Latino people,minority,Ethnicity,Employment,Career advancement,Employment :: Career advancement,6c1bd05280acf9d1231d,https://careerhub.students.duke.edu/blog/2025/02/03/how-can-i-advance-my-career-as-a-latino-professional,duke.edu,3,0.7210516730944315,0.7416033744812012,0.25839662551879883,0.7477145791053772
latino_people/employment__career_advancement.txt,Latino people,minority,Ethnicity,Employment,Career advancement,Employment :: Career advancement,833d8196d72d4faa41e5,https://hispanicpro.com/profiles/blogs/latinos-on-the-rise-career-power-moves-in-2025,hispanicpro.com,3,0.773935596148173,0.795285701751709,0.20471429824829102,0.8125401139259338
latino_people/employment__career_advancement.txt,Latino people,minority,Ethnicity,Employment,Career advancement,Employment :: Career advancement,cb65e83b99d8ad5c319f,https://opportunityatwork.org/topics/reports/hispanic-stars,opportunityatwork.org,3,0.7618801991144816,0.710608720779419,0.28939127922058105,0.7431785464286804
latino_people/employment__career_advancement.txt,Latino people,minority,Ethnicity,Employment,Career advancement,Employment :: Career advancement,df3c34440d516d698c4e,https://latinoslead.org/the-growing-influence-of-latino-millennials-in-todays-workplace,latinoslead.org,3,0.6966850360234579,0.7394350171089172,0.26056498289108276,0.8317027688026428
latino_people/employment__career_advancement.txt,Latino people,minority,Ethnicity,Employment,Career advancement,Employment :: Career advancement,e0762e2e7f4e0d372bca,https://jobtrainworks.org/empowering-futures-hispanic-heritage-month-and-economic-mobility,jobtrainworks.org,3,0.7284855842590332,0.698824942111969,0.301175057888031,0.7037873268127441
latino_people/employment__hiring.txt,Latino people,minority,Ethnicity,Employment,Hiring,Employment :: Hiring,0667d44231fe6e3ed12b,https://diversityjobs.com/career-advice/team-building/should-employers-give-hiring-preference-to-hispanic-job-candidates,diversityjobs.com,3,0.5930255055427551,0.6329078674316406,0.3670921325683594,0.6679902672767639
latino_people/employment__hiring.txt,Latino people,minority,Ethnicity,Employment,Hiring,Employment :: Hiring,2935b2a3da70bbfc9027,https://bls.gov/blog/2024/employment-trends-of-hispanics-in-the-us-labor-force.htm,bls.gov,3,0.4010070363680522,0.39330244064331055,0.6066975593566895,0.46473684906959534
latino_people/employment__hiring.txt,Latino people,minority,Ethnicity,Employment,Hiring,Employment :: Hiring,39ee0890645bfc2172dd,https://equitablegrowth.org/latino-workers-are-often-segregated-into-bad-jobs-but-a-strong-u-s-labor-movement-can-boost-job-quality-and-u-s-economic-growth,equitablegrowth.org,3,0.771050771077474,0.8098781704902649,0.1901218295097351,0.8331921100616455
latino_people/employment__hiring.txt,Latino people,minority,Ethnicity,Employment,Hiring,Employment :: Hiring,6857f68e2ac6588fe5dd,https://workingnation.com/deep-dive-the-hispanic-workforce-is-growing-but-faces-barriers-to-quality-jobs,workingnation.com,3,0.7557956775029501,0.7160687446594238,0.28393125534057617,0.7688793540000916
latino_people/employment__hiring.txt,Latino people,minority,Ethnicity,Employment,Hiring,Employment :: Hiring,92943eed3357bf30bfc3,https://prestigepeo.com/blogs/job-quality-hispanic-latino-community,prestigepeo.com,3,0.7470561663309733,0.7190375328063965,0.2809624671936035,0.7275283932685852
latino_people/employment__hiring.txt,Latino people,minority,Ethnicity,Employment,Hiring,Employment :: Hiring,c5b6989467a64bb51fbf,https://ebsco.com/research-starters/politics-and-government/employment-among-latinos,ebsco.com,3,0.8089462518692017,0.7832997441291809,0.2167002558708191,0.8254240155220032
latino_people/employment__hiring.txt,Latino people,minority,Ethnicity,Employment,Hiring,Employment :: Hiring,cb65e83b99d8ad5c319f,https://opportunityatwork.org/topics/reports/hispanic-stars,opportunityatwork.org,3,0.7431555986404419,0.7279976010322571,0.2720023989677429,0.7366617321968079
latino_people/employment__hiring.txt,Latino people,minority,Ethnicity,Employment,Hiring,Employment :: Hiring,d18a130a1e025c5d6ac2,https://jennifertardy.com/linkedin-newsletter-articles/four-barriers-to-equal-representation-for-hispanic-workers-in-us,jennifertardy.com,3,0.7945691347122192,0.8048655390739441,0.1951344609260559,0.853140652179718
latino_people/employment__workplace_harassment.txt,Latino people,minority,Ethnicity,Employment,Workplace harassment,Employment :: Workplace harassment,3402c00745aaeed3bf0b,https://stacks.cdc.gov/view/cdc/128469,cdc.gov,3,0.7106866240501404,0.609829306602478,0.390170693397522,0.6405280828475952
latino_people/employment__workplace_harassment.txt,Latino people,minority,Ethnicity,Employment,Workplace harassment,Employment :: Workplace harassment,39d3e7fa5bc267e8c155,https://jennifertardy.com/linkedin-newsletter-articles/hispanic-discrimination-employment,jennifertardy.com,3,0.6542964180310568,0.621792197227478,0.378207802772522,0.6364122033119202
latino_people/employment__workplace_harassment.txt,Latino people,minority,Ethnicity,Employment,Workplace harassment,Employment :: Workplace harassment,43a966bfd15e051f4ad8,https://brobertsonlaw.com/practice-areas/discrimination/hispanics,brobertsonlaw.com,3,0.7582255403200785,0.7206349968910217,0.27936500310897827,0.7853485941886902
latino_people/employment__workplace_harassment.txt,Latino people,minority,Ethnicity,Employment,Workplace harassment,Employment :: Workplace harassment,bf6519cd91101b539b26,https://rennepubliclawgroup.com/investigating-same-culture-bias-with-spanish-speaking-employees,rennepubliclawgroup.com,3,0.7324309150377909,0.7271415591239929,0.2728584408760071,0.7464355230331421
latino_people/employment__workplace_harassment.txt,Latino people,minority,Ethnicity,Employment,Workplace harassment,Employment :: Workplace harassment,cd7b714f97499d88fd86,https://crownschool.uchicago.edu/student-life/advocates-forum/workplace-discrimination-and-undocumented-first-generation-latinx,uchicago.edu,3,0.7090603709220886,0.7066776156425476,0.2933223843574524,0.7273499965667725
latino_people/employment__workplace_harassment.txt,Latino people,minority,Ethnicity,Employment,Workplace harassment,Employment :: Workplace harassment,d113853cc47464af7204,https://williamsinstitute.law.ucla.edu/press/latinx-workplace-press-release,ucla.edu,3,0.7767246762911478,0.7730884552001953,0.2269115447998047,0.7966269254684448
latino_people/employment__workplace_harassment.txt,Latino people,minority,Ethnicity,Employment,Workplace harassment,Employment :: Workplace harassment,fd1740f02c5e15ade32a,https://pmc.ncbi.nlm.nih.gov/articles/PMC10174265,nih.gov,3,0.7953319152196249,0.6847622394561768,0.31523776054382324,0.7225648760795593
latino_people/government_benefits__access_to_government_benefits.txt,Latino people,minority,Ethnicity,Government Benefits,Access to government benefits,Government Benefits :: Access to government benefits,4ef0940e8e05dd4baf7d,https://pmc.ncbi.nlm.nih.gov/articles/PMC12311976,nih.gov,3,0.7453838388125101,0.7323691844940186,0.26763081550598145,0.7792881727218628
latino_people/government_benefits__access_to_government_benefits.txt,Latino people,minority,Ethnicity,Government Benefits,Access to government benefits,Government Benefits :: Access to government benefits,4f27b88ab743f5853b50,https://ncbi.nlm.nih.gov/books/NBK224433,nih.gov,3,0.7491341829299927,0.6947006583213806,0.3052993416786194,0.7148996591567993
latino_people/government_benefits__access_to_government_benefits.txt,Latino people,minority,Ethnicity,Government Benefits,Access to government benefits,Government Benefits :: Access to government benefits,e8047f942e7e8872da20,https://poverty.ucdavis.edu/post/safety-net-programs-underused-eligible-hispanic-families,ucdavis.edu,3,0.7584296266237894,0.7851283550262451,0.21487164497375488,0.8148804306983948
latino_people/government_benefits__access_to_government_benefits.txt,Latino people,minority,Ethnicity,Government Benefits,Access to government benefits,Government Benefits :: Access to government benefits,f0cb68bf408cbd5346c7,https://hispanicresearchcenter.org/hisp-family-facts/hispanic-family-facts-low-income-hispanics-may-have-misconceptions-about-eligibility-for-government-assistance-programs,hispanicresearchcenter.org,3,0.6870630979537964,0.7729401588439941,0.22705984115600586,0.8308519124984741
latino_people/government_benefits__application_approval.txt,Latino people,minority,Ethnicity,Government Benefits,Application/approval,Government Benefits :: Application/approval,2a7b6962bf1172b8d55e,https://kff.org/racial-equity-and-health-policy/most-hispanic-immigrants-say-lives-are-better-in-the-us,kff.org,3,0.7298524578412374,0.7417038083076477,0.2582961916923523,0.7523316144943237
latino_people/government_benefits__application_approval.txt,Latino people,minority,Ethnicity,Government Benefits,Application/approval,Government Benefits :: Application/approval,2faa5423b0ef0b1013d9,https://pmc.ncbi.nlm.nih.gov/articles/PMC7893374,nih.gov,3,0.7588346401850382,0.7368960976600647,0.2631039023399353,0.758421778678894
latino_people/government_benefits__application_approval.txt,Latino people,minority,Ethnicity,Government Benefits,Application/approval,Government Benefits :: Application/approval,336ffc72af7d3cc839bb,https://unidosus.org/blog/2026/06/16/federal-snap-cuts-have-denied-millions-of-latinos-and-other-americans-help-paying-for-food,unidosus.org,3,0.6468289097150167,0.7012812495231628,0.29871875047683716,0.7275279760360718
latino_people/government_benefits__application_approval.txt,Latino people,minority,Ethnicity,Government Benefits,Application/approval,Government Benefits :: Application/approval,4ef0940e8e05dd4baf7d,https://pmc.ncbi.nlm.nih.gov/articles/PMC12311976,nih.gov,3,0.7252341906229655,0.72254878282547,0.27745121717453003,0.7865052819252014
latino_people/government_benefits__application_approval.txt,Latino people,minority,Ethnicity,Government Benefits,Application/approval,Government Benefits :: Application/approval,54ee8a88aca2093ea4a1,https://latino.ucla.edu/debunking-myths-about-latinos-and-medicaid,ucla.edu,3,0.7003426750500997,0.7255480289459229,0.27445197105407715,0.7432010173797607
latino_people/government_benefits__application_approval.txt,Latino people,minority,Ethnicity,Government Benefits,Application/approval,Government Benefits :: Application/approval,ba237840bf4ccb07f96a,https://childtrends.org/publications/application-data-can-help-us-understand-hispanic-families-uptake-of-child-care-subsidies,childtrends.org,3,0.7284328937530518,0.7488093376159668,0.2511906623840332,0.7742629051208496
latino_people/government_benefits__application_approval.txt,Latino people,minority,Ethnicity,Government Benefits,Application/approval,Government Benefits :: Application/approval,e8047f942e7e8872da20,https://poverty.ucdavis.edu/post/safety-net-programs-underused-eligible-hispanic-families,ucdavis.edu,3,0.7562113205591837,0.8060862421989441,0.1939137578010559,0.8368929624557495
latino_people/government_benefits__application_approval.txt,Latino people,minority,Ethnicity,Government Benefits,Application/approval,Government Benefits :: Application/approval,e925e6983272dcb10680,https://unidosus.org/blog/2022/09/28/latinos-remain-disproportionately-impacted-by-food-insecurity-usda-can-make-progress-on-equity-and-racial-justice,unidosus.org,3,0.6709135174751282,0.7311080098152161,0.26889199018478394,0.7357056140899658
latino_people/government_benefits__application_approval.txt,Latino people,minority,Ethnicity,Government Benefits,Application/approval,Government Benefits :: Application/approval,f0cb68bf408cbd5346c7,https://hispanicresearchcenter.org/hisp-family-facts/hispanic-family-facts-low-income-hispanics-may-have-misconceptions-about-eligibility-for-government-assistance-programs,hispanicresearchcenter.org,3,0.6840174396832784,0.798410177230835,0.20158982276916504,0.825624942779541
latino_people/government_benefits__benefit_retention_renewal.txt,Latino people,minority,Ethnicity,Government Benefits,Benefit retention / renewal,Government Benefits :: Benefit retention / renewal,3032e60263ea262264c7,https://hispanicresearchcenter.org/research-resources/highlights-decade-research-supports-economic-self-sufficiency-latino-families-children?print=print,hispanicresearchcenter.org,3,0.6958529154459635,0.7022159099578857,0.29778409004211426,0.7520186901092529
latino_people/government_benefits__benefit_retention_renewal.txt,Latino people,minority,Ethnicity,Government Benefits,Benefit retention / renewal,Government Benefits :: Benefit retention / renewal,336ffc72af7d3cc839bb,https://unidosus.org/blog/2026/06/16/federal-snap-cuts-have-denied-millions-of-latinos-and-other-americans-help-paying-for-food,unidosus.org,3,0.6172029376029968,0.6956348419189453,0.3043651580810547,0.7194814682006836
latino_people/government_benefits__benefit_retention_renewal.txt,Latino people,minority,Ethnicity,Government Benefits,Benefit retention / renewal,Government Benefits :: Benefit retention / renewal,4ef0940e8e05dd4baf7d,https://pmc.ncbi.nlm.nih.gov/articles/PMC12311976,nih.gov,3,0.7010083397229513,0.7132032513618469,0.2867967486381531,0.7603058218955994
latino_people/government_benefits__benefit_retention_renewal.txt,Latino people,minority,Ethnicity,Government Benefits,Benefit retention / renewal,Government Benefits :: Benefit retention / renewal,54ee8a88aca2093ea4a1,https://latino.ucla.edu/debunking-myths-about-latinos-and-medicaid,ucla.edu,3,0.681577185789744,0.7439772486686707,0.25602275133132935,0.7528916597366333
latino_people/government_benefits__benefit_retention_renewal.txt,Latino people,minority,Ethnicity,Government Benefits,Benefit retention / renewal,Government Benefits :: Benefit retention / renewal,565dd0843a513414cdaa,https://kff.org/immigrant-health/implementation-of-medicaid-immigrant-eligibility-restrictions-under-the-2025-reconciliation-law-issues-to-consider,kff.org,3,0.6004495024681091,0.7372471690177917,0.26275283098220825,0.797646164894104
latino_people/government_benefits__benefit_retention_renewal.txt,Latino people,minority,Ethnicity,Government Benefits,Benefit retention / renewal,Government Benefits :: Benefit retention / renewal,5771c6e3b12966cac5e2,https://salud-america.org/report-texas-latino-children-face-struggles-with-food-insecurity-health-insurance-economic-opportunity,salud-america.org,3,0.6618854999542236,0.7547512054443359,0.24524879455566406,0.8019028902053833
latino_people/government_benefits__benefit_retention_renewal.txt,Latino people,minority,Ethnicity,Government Benefits,Benefit retention / renewal,Government Benefits :: Benefit retention / renewal,9d4691da4bdd22942dd8,https://salud-america.org/when-continuous-medicaid-renewal-ended-latinos-and-black-individuals-were-twice-as-likely-to-lose-coverage,salud-america.org,3,0.6126910050710043,0.7514541745185852,0.2485458254814148,0.7899758815765381
latino_people/government_benefits__benefit_retention_renewal.txt,Latino people,minority,Ethnicity,Government Benefits,Benefit retention / renewal,Government Benefits :: Benefit retention / renewal,a176d27784d1856ca9ba,https://pmc.ncbi.nlm.nih.gov/articles/PMC9660423,nih.gov,3,0.682202676932017,0.7520647048950195,0.24793529510498047,0.8143949508666992
latino_people/healthcare__insurance_coverage.txt,Latino people,minority,Ethnicity,Healthcare,Insurance coverage,Healthcare :: Insurance coverage,27b3c4618dd8e24c9c7a,https://pmc.ncbi.nlm.nih.gov/articles/PMC5066580,nih.gov,3,0.8230545918146769,0.805264413356781,0.194735586643219,0.8338898420333862
latino_people/healthcare__insurance_coverage.txt,Latino people,minority,Ethnicity,Healthcare,Insurance coverage,Healthcare :: Insurance coverage,3fe233b694ba7bb21175,https://pmc.ncbi.nlm.nih.gov/articles/PMC5980375,nih.gov,3,0.8006474773089091,0.7582715153694153,0.24172848463058472,0.8239178657531738
latino_people/healthcare__insurance_coverage.txt,Latino people,minority,Ethnicity,Healthcare,Insurance coverage,Healthcare :: Insurance coverage,8ccf054497b17170cbb9,https://pmc.ncbi.nlm.nih.gov/articles/PMC12513714,nih.gov,3,0.8290085395177206,0.7751064300537109,0.22489356994628906,0.7902213335037231
latino_people/healthcare__insurance_coverage.txt,Latino people,minority,Ethnicity,Healthcare,Insurance coverage,Healthcare :: Insurance coverage,9dbfeda781835561aba8,https://policylab.rutgers.edu/publication/understanding-low-insurance-rates-among-the-hispanic-population-in-new-jersey,rutgers.edu,3,0.7890539765357971,0.7791187167167664,0.22088128328323364,0.8030705451965332
latino_people/healthcare__insurance_coverage.txt,Latino people,minority,Ethnicity,Healthcare,Insurance coverage,Healthcare :: Insurance coverage,e4794221a821921b2a20,https://pmc.ncbi.nlm.nih.gov/articles/PMC1403427,nih.gov,3,0.7539645036061605,0.7502234578132629,0.24977654218673706,0.7748344540596008
latino_people/healthcare__patient_safety.txt,Latino people,minority,Ethnicity,Healthcare,Patient safety,Healthcare :: Patient safety,4854cb31c44670b216c6,https://pmc.ncbi.nlm.nih.gov/articles/PMC9888733,nih.gov,3,0.6727659900983175,0.7110334038734436,0.2889665961265564,0.7596986293792725
latino_people/healthcare__patient_safety.txt,Latino people,minority,Ethnicity,Healthcare,Patient safety,Healthcare :: Patient safety,6bd9339ff4ffd72fcca1,https://pmc.ncbi.nlm.nih.gov/articles/PMC10815774,nih.gov,3,0.6912198066711426,0.6732890009880066,0.3267109990119934,0.696451723575592
latino_people/healthcare__patient_safety.txt,Latino people,minority,Ethnicity,Healthcare,Patient safety,Healthcare :: Patient safety,8ccf054497b17170cbb9,https://pmc.ncbi.nlm.nih.gov/articles/PMC12513714,nih.gov,3,0.733267068862915,0.7762474417686462,0.22375255823135376,0.8017174005508423
latino_people/healthcare__patient_safety.txt,Latino people,minority,Ethnicity,Healthcare,Patient safety,Healthcare :: Patient safety,a69b149bd0e234c59396,https://minorityhealth.hhs.gov/hispaniclatino-health,hhs.gov,3,0.6856423219045004,0.7461979389190674,0.2538020610809326,0.827608585357666
latino_people/healthcare__patient_safety.txt,Latino people,minority,Ethnicity,Healthcare,Patient safety,Healthcare :: Patient safety,a6ade2be0ee7fa8203cc,https://uchicagomedicineadventhealth.org/blog/5-common-health-conditions-affect-hispanic-communities,uchicagomedicineadventhealth.org,3,0.7315838734308878,0.7927016615867615,0.20729833841323853,0.8480343818664551
latino_people/healthcare__patient_safety.txt,Latino people,minority,Ethnicity,Healthcare,Patient safety,Healthcare :: Patient safety,b8c3033dc5038838e977,https://pmc.ncbi.nlm.nih.gov/articles/PMC7415496,nih.gov,3,0.7620762387911478,0.7503182888031006,0.24968171119689941,0.7823824882507324
latino_people/healthcare__preventive_care.txt,Latino people,minority,Ethnicity,Healthcare,Preventive care,Healthcare :: Preventive care,0077921b85774c5c67dc,https://digitalcommons.library.tmc.edu/dissertations/AAI1462387,tmc.edu,3,0.8663518826166788,0.8068420886993408,0.19315791130065918,0.8217309713363647
latino_people/healthcare__preventive_care.txt,Latino people,minority,Ethnicity,Healthcare,Preventive care,Healthcare :: Preventive care,313429e6f57d22dbd2d3,https://salud-america.org/what-do-latinos-think-about-preventative-care,salud-america.org,3,0.8262026707331339,0.7722117304801941,0.2277882695198059,0.7927155494689941
latino_people/healthcare__preventive_care.txt,Latino people,minority,Ethnicity,Healthcare,Preventive care,Healthcare :: Preventive care,528b4733d1fa2400468c,https://pewresearch.org/short-reads/2023/10/30/5-facts-about-hispanic-americans-and-health-care,pewresearch.org,3,0.7419490019480387,0.6955003142356873,0.30449968576431274,0.706509530544281
latino_people/healthcare__preventive_care.txt,Latino people,minority,Ethnicity,Healthcare,Preventive care,Healthcare :: Preventive care,853c76519358a581bde7,https://pmc.ncbi.nlm.nih.gov/articles/PMC9617098,nih.gov,3,0.7517155210177103,0.7288374900817871,0.2711625099182129,0.7753145098686218
latino_people/healthcare__preventive_care.txt,Latino people,minority,Ethnicity,Healthcare,Preventive care,Healthcare :: Preventive care,a69b149bd0e234c59396,https://minorityhealth.hhs.gov/hispaniclatino-health,hhs.gov,3,0.7471262017885844,0.7415607571601868,0.25843924283981323,0.7748758792877197
latino_people/housing__access_to_housing.txt,Latino people,minority,Ethnicity,Housing,Access to housing,Housing :: Access to housing,1242d8d7be328cbd3b29,https://home.treasury.gov/news/featured-stories/racial-differences-in-economic-security-housing,treasury.gov,3,0.7449566324551901,0.7759504914283752,0.22404950857162476,0.8307241201400757
latino_people/housing__access_to_housing.txt,Latino people,minority,Ethnicity,Housing,Access to housing,Housing :: Access to housing,1e6802e9522233a6052d,https://nlihc.org/resource/hispanic-households-face-systemic-barriers-housing,nlihc.org,3,0.79380730787913,0.7774505615234375,0.2225494384765625,0.8375205993652344
latino_people/housing__access_to_housing.txt,Latino people,minority,Ethnicity,Housing,Access to housing,Housing :: Access to housing,2968b809f664f799b973,https://nlihc.org/resource/latino-households-face-challenges-accessing-housing-assistance-programs,nlihc.org,3,0.7848105827967325,0.7434163689613342,0.25658363103866577,0.8225740194320679
latino_people/housing__access_to_housing.txt,Latino people,minority,Ethnicity,Housing,Access to housing,Housing :: Access to housing,33968ea5339bef3befa1,https://nlc.org/article/2022/10/28/barriers-existing-practices-recommendations-in-housing-for-hispanic-latinx-latinoa-residents,nlc.org,3,0.783983568350474,0.7110395431518555,0.28896045684814453,0.734259843826294
latino_people/housing__homelessness.txt,Latino people,minority,Ethnicity,Housing,Homelessness,Housing :: Homelessness,1326f57925dc05788d0d,https://pmc.ncbi.nlm.nih.gov/articles/PMC12962465,nih.gov,3,0.8155527710914612,0.7658934593200684,0.23410654067993164,0.7791813015937805
latino_people/housing__homelessness.txt,Latino people,minority,Ethnicity,Housing,Homelessness,Housing :: Homelessness,1e6802e9522233a6052d,https://nlihc.org/resource/hispanic-households-face-systemic-barriers-housing,nlihc.org,3,0.7964315811793009,0.7700255513191223,0.22997444868087769,0.7879883646965027
latino_people/housing__homelessness.txt,Latino people,minority,Ethnicity,Housing,Homelessness,Housing :: Homelessness,2968b809f664f799b973,https://nlihc.org/resource/latino-households-face-challenges-accessing-housing-assistance-programs,nlihc.org,3,0.816961387793223,0.7838357090950012,0.21616429090499878,0.8043501377105713
latino_people/housing__homelessness.txt,Latino people,minority,Ethnicity,Housing,Homelessness,Housing :: Homelessness,3b0935f3835d8b80ef37,https://endhomelessness.org/blog/examining-latino-homelessness,endhomelessness.org,3,0.7521716554959615,0.7280709743499756,0.2719290256500244,0.752061128616333
latino_people/housing__homelessness.txt,Latino people,minority,Ethnicity,Housing,Homelessness,Housing :: Homelessness,6fbf58d7a57b3f9d15d8,https://homelessness.ucsf.edu/LatineCAreport,ucsf.edu,3,0.750480075677236,0.7014937400817871,0.2985062599182129,0.7666449546813965
latino_people/housing__homelessness.txt,Latino people,minority,Ethnicity,Housing,Homelessness,Housing :: Homelessness,70cf68b0f32080d61839,https://govlab.hks.harvard.edu/insight/closing-the-engagement-gap-for-latino-people-experiencing-homelessness,harvard.edu,3,0.73975137869517,0.721983015537262,0.27801698446273804,0.7690541744232178
latino_people/housing__homelessness.txt,Latino people,minority,Ethnicity,Housing,Homelessness,Housing :: Homelessness,e7f913b72eecdd8d4a2c,https://idhs.prezly.com/illinois-releases-new-report-aimed-at-addressing-homelessness-in-the-latine-community,prezly.com,3,0.7918064991633097,0.788847029209137,0.21115297079086304,0.8867291212081909
latino_people/housing__housing_stability.txt,Latino people,minority,Ethnicity,Housing,Housing stability,Housing :: Housing stability,1e6802e9522233a6052d,https://nlihc.org/resource/hispanic-households-face-systemic-barriers-housing,nlihc.org,3,0.7023906310399374,0.7532442212104797,0.24675577878952026,0.8352367281913757
latino_people/housing__housing_stability.txt,Latino people,minority,Ethnicity,Housing,Housing stability,Housing :: Housing stability,2968b809f664f799b973,https://nlihc.org/resource/latino-households-face-challenges-accessing-housing-assistance-programs,nlihc.org,3,0.7112141251564026,0.8192399144172668,0.18076008558273315,0.8819626569747925
latino_people/housing__housing_stability.txt,Latino people,minority,Ethnicity,Housing,Housing stability,Housing :: Housing stability,33968ea5339bef3befa1,https://nlc.org/article/2022/10/28/barriers-existing-practices-recommendations-in-housing-for-hispanic-latinx-latinoa-residents,nlc.org,3,0.7928422490755717,0.7789168357849121,0.2210831642150879,0.8070768117904663
latino_people/housing__housing_stability.txt,Latino people,minority,Ethnicity,Housing,Housing stability,Housing :: Housing stability,e48dbddb4595b8194e4f,https://habitatcltregion.org/blog/homeownership-in-latino-and-hispanic-communities,habitatcltregion.org,3,0.7323503494262695,0.845768928527832,0.15423107147216797,0.8765668272972107
men/credit_and_financial_services__access_to_banking_services.txt,Men,majority,Gender,Credit & Financial Services,Access to banking services,Credit & Financial Services :: Access to banking services,07536d083b6b422772ae,https://stlouisfed.org/community-development/publications/access-credit-financial-services-bridge-financial-well-being,stlouisfed.org,3,0.6532533566157023,0.7095077633857727,0.2904922366142273,0.7254166603088379
men/credit_and_financial_services__access_to_banking_services.txt,Men,majority,Gender,Credit & Financial Services,Access to banking services,Credit & Financial Services :: Access to banking services,41a9fe70f79684c008b1,https://mx.com/research/what-influences-where-consumers-choose-to-bank,mx.com,3,0.5704061388969421,0.5597321391105652,0.4402678608894348,0.6049633026123047
men/credit_and_financial_services__access_to_banking_services.txt,Men,majority,Gender,Credit & Financial Services,Access to banking services,Credit & Financial Services :: Access to banking services,a575603616dc049fb90e,https://openknowledge.worldbank.org/entities/publication/5ea85f7a-fdf5-5945-bbc4-6d1d08f4bf59,worldbank.org,3,0.6568165818850199,0.662807285785675,0.33719271421432495,0.6724140644073486
men/credit_and_financial_services__access_to_credit.txt,Men,majority,Gender,Credit & Financial Services,Access to credit,Credit & Financial Services :: Access to credit,4216f28aeada8eb16371,https://kansascityfed.org/Economic%20Review/documents/9602/EconomicReviewV108N3Toh.pdf,kansascityfed.org,3,0.7306285301844279,0.7649505138397217,0.23504948616027832,0.8024106025695801
men/credit_and_financial_services__access_to_credit.txt,Men,majority,Gender,Credit & Financial Services,Access to credit,Credit & Financial Services :: Access to credit,58425b2cdafc73f78093,https://experian.com/blogs/ask-experian/credit-education/score-basics/what-affects-your-credit-scores,experian.com,3,0.6037771304448446,0.6502634882926941,0.3497365117073059,0.6908743381500244
men/credit_and_financial_services__access_to_credit.txt,Men,majority,Gender,Credit & Financial Services,Access to credit,Credit & Financial Services :: Access to credit,5a18eb5ae1f084357f1a,https://census.gov/library/working-papers/2025/adrm/CES-WP-25-45.html,census.gov,3,0.5895058314005533,0.7111476063728333,0.28885239362716675,0.7389917969703674
men/credit_and_financial_services__access_to_credit.txt,Men,majority,Gender,Credit & Financial Services,Access to credit,Credit & Financial Services :: Access to credit,6cf074b5d55000c1fb4c,https://opportunityinsights.org/paper/creditaccess,opportunityinsights.org,3,0.5752995014190674,0.7308582663536072,0.2691417336463928,0.8289278745651245
men/credit_and_financial_services__access_to_credit.txt,Men,majority,Gender,Credit & Financial Services,Access to credit,Credit & Financial Services :: Access to credit,eafe430211e10444eea7,https://minneapolisfed.org/-/media/assets/events/2025/2025-institute-research-conference/the-determinants-of-credit-access-in-the-united-states.pdf,minneapolisfed.org,3,0.6640039483706156,0.7402985692024231,0.2597014307975769,0.772416353225708
men/credit_and_financial_services__access_to_credit.txt,Men,majority,Gender,Credit & Financial Services,Access to credit,Credit & Financial Services :: Access to credit,ff37434021ea46b94344,https://study.com/academy/lesson/video/factors-that-affect-credit-worthiness.html,study.com,3,0.059776488691568375,0.18774999678134918,0.8122500032186508,0.20899935066699982
men/credit_and_financial_services__credit_loan_approval.txt,Men,majority,Gender,Credit & Financial Services,Credit/loan approval,Credit & Financial Services :: Credit/loan approval,0276f46b7d46a97ef672,https://thechampionbank.com/3-factors-lending-services-consider-before-approving-a-personal-loan,thechampionbank.com,3,0.6741871039072672,0.7441886067390442,0.2558113932609558,0.814078688621521
men/credit_and_financial_services__credit_loan_approval.txt,Men,majority,Gender,Credit & Financial Services,Credit/loan approval,Credit & Financial Services :: Credit/loan approval,0af4f0fcbcb5ee733041,https://wellsfargo.com/financial-education/credit-management/five-c,wellsfargo.com,3,0.6058989961942037,0.6733700633049011,0.3266299366950989,0.7222015857696533
men/credit_and_financial_services__credit_loan_approval.txt,Men,majority,Gender,Credit & Financial Services,Credit/loan approval,Credit & Financial Services :: Credit/loan approval,a9f3d565f7ef7ef5596d,https://pathward.com/news/the-five-cs-of-credit,pathward.com,2,0.6252815127372742,0.6798909902572632,0.3201090097427368,0.7230852246284485
men/credit_and_financial_services__credit_loan_approval.txt,Men,majority,Gender,Credit & Financial Services,Credit/loan approval,Credit & Financial Services :: Credit/loan approval,b291a0f25da0ccafb749,https://sierrapacificfcu.org/learn/advice-center/unlocking-opportunities-under-the-impact-of-credit-scores-on-loan-approvals,sierrapacificfcu.org,3,0.7170357505480448,0.7835492491722107,0.2164507508277893,0.799705982208252
men/credit_and_financial_services__credit_loan_approval.txt,Men,majority,Gender,Credit & Financial Services,Credit/loan approval,Credit & Financial Services :: Credit/loan approval,d3b551b592df7267acb4,https://bofcu.com/unlocking-opportunities-understanding-the-impact-of-credit-scores-on-loan-approvals,bofcu.com,3,0.7170357505480448,0.7835492491722107,0.2164507508277893,0.799705982208252
men/credit_and_financial_services__credit_loan_approval.txt,Men,majority,Gender,Credit & Financial Services,Credit/loan approval,Credit & Financial Services :: Credit/loan approval,f51f32a07d76c3952854,https://cluballiance.aaa.com/the-extra-mile/advice/budget/factors-lenders-consider-for-credit-approval,aaa.com,3,0.6420354644457499,0.7032628059387207,0.2967371940612793,0.7148734331130981
men/criminal_justice__arrest_detention_by_police.txt,Men,majority,Gender,Criminal Justice,Arrest / detention by police,Criminal Justice :: Arrest / detention by police,183e2189387707123e83,https://pmc.ncbi.nlm.nih.gov/articles/PMC5079438,nih.gov,3,0.6837079127629598,0.7223631739616394,0.2776368260383606,0.7727175354957581
men/criminal_justice__arrest_detention_by_police.txt,Men,majority,Gender,Criminal Justice,Arrest / detention by police,Criminal Justice :: Arrest / detention by police,1a444ac222ba65e89125,https://pmc.ncbi.nlm.nih.gov/articles/PMC2831379,nih.gov,3,0.6604311068852743,0.7545695304870605,0.24543046951293945,0.8039928674697876
men/criminal_justice__arrest_detention_by_police.txt,Men,majority,Gender,Criminal Justice,Arrest / detention by police,Criminal Justice :: Arrest / detention by police,b4e995b3fe6b826a44d0,https://bja.ojp.gov/library/publications/understanding-police-decisions-arrest-impact-situational-officer-and,ojp.gov,3,0.645336906115214,0.7637354731559753,0.23626452684402466,0.845361053943634
men/criminal_justice__arrest_detention_by_police.txt,Men,majority,Gender,Criminal Justice,Arrest / detention by police,Criminal Justice :: Arrest / detention by police,b7569dd5dd7ba7bea2f1,https://prisonpolicy.org/reports/repeatarrests.html,prisonpolicy.org,3,0.6695284644762675,0.7118277549743652,0.28817224502563477,0.7369714379310608
men/criminal_justice__arrest_detention_by_police.txt,Men,majority,Gender,Criminal Justice,Arrest / detention by police,Criminal Justice :: Arrest / detention by police,d624741168d773cb2241,https://ojp.gov/library/publications/understanding-police-decisions-arrest-impact-situational-officer-and,ojp.gov,3,0.645336906115214,0.7637354731559753,0.23626452684402466,0.845361053943634
men/criminal_justice__incarceration.txt,Men,majority,Gender,Criminal Justice,Incarceration,Criminal Justice :: Incarceration,0b8bf133f5476baf7e07,https://odphp.health.gov/healthypeople/priority-areas/social-determinants-health/literature-summaries/incarceration,health.gov,3,0.7146779894828796,0.7294653058052063,0.2705346941947937,0.7923616766929626
men/criminal_justice__incarceration.txt,Men,majority,Gender,Criminal Justice,Incarceration,Criminal Justice :: Incarceration,17cc8e725b989ea2cabd,https://vera.org/ending-mass-incarceration/causes-of-mass-incarceration,vera.org,3,0.6135183175404867,0.7327343821525574,0.2672656178474426,0.7836829423904419
men/criminal_justice__incarceration.txt,Men,majority,Gender,Criminal Justice,Incarceration,Criminal Justice :: Incarceration,3fe5dce9ee5ccd21f65d,https://irp.wisc.edu/resource/connections-among-poverty-incarceration-and-inequality,wisc.edu,3,0.7064586480458578,0.7699882388114929,0.23001176118850708,0.7836422920227051
men/criminal_justice__incarceration.txt,Men,majority,Gender,Criminal Justice,Incarceration,Criminal Justice :: Incarceration,5414ae13d90869405f46,https://ballardbrief.byu.edu/issue-briefs/mass-incarceration-in-the-united-states,byu.edu,3,0.7286805907885233,0.7769687175750732,0.22303128242492676,0.8024106621742249
men/criminal_justice__incarceration.txt,Men,majority,Gender,Criminal Justice,Incarceration,Criminal Justice :: Incarceration,7b31d110d7e9e52f7937,https://pmc.ncbi.nlm.nih.gov/articles/PMC10323066,nih.gov,3,0.7121973037719727,0.7917219996452332,0.20827800035476685,0.8269980549812317
men/criminal_justice__incarceration.txt,Men,majority,Gender,Criminal Justice,Incarceration,Criminal Justice :: Incarceration,ad9b153d6682c86b765d,https://sentencingproject.org/reports/one-in-five-how-mass-incarceration-deepens-inequality-and-harms-public-safety,sentencingproject.org,3,0.7068747878074646,0.7316241264343262,0.26837587356567383,0.8028236627578735
men/criminal_justice__incarceration.txt,Men,majority,Gender,Criminal Justice,Incarceration,Criminal Justice :: Incarceration,cabe7aabc9ffaec86019,https://prisonpolicy.org/reports/pie2026.html,prisonpolicy.org,3,0.7000402212142944,0.7240279316902161,0.27597206830978394,0.8040488362312317
men/criminal_justice__incarceration.txt,Men,majority,Gender,Criminal Justice,Incarceration,Criminal Justice :: Incarceration,de6290d9810d603eb58b,https://prisonpolicy.org/research/racial_and_ethnic_disparities,prisonpolicy.org,3,0.6958000858624777,0.7343838810920715,0.26561611890792847,0.7710230350494385
men/criminal_justice__police_use_of_force.txt,Men,majority,Gender,Criminal Justice,Police use of force,Criminal Justice :: Police use of force,0d8ad929a325dead125e,https://amu.apus.edu/area-of-study/criminal-justice/resources/when-is-police-use-of-force-justified,apus.edu,3,0.69886581103007,0.6872488856315613,0.3127511143684387,0.6922354698181152
men/criminal_justice__police_use_of_force.txt,Men,majority,Gender,Criminal Justice,Police use of force,Criminal Justice :: Police use of force,c423b1208c854e815fc8,https://justice.gov/jm/1-16000-department-justice-policy-use-force,justice.gov,3,0.6656936009724935,0.6894109845161438,0.3105890154838562,0.7678383588790894
men/education__college_access_admission.txt,Men,majority,Gender,Education,College access/admission,Education :: College access/admission,41656393e8c2e0b68c5b,https://brookings.edu/articles/the-male-college-crisis-is-not-just-in-enrollment-but-completion,brookings.edu,3,0.7024617195129395,0.694989025592804,0.30501097440719604,0.7550468444824219
men/education__college_access_admission.txt,Men,majority,Gender,Education,College access/admission,Education :: College access/admission,507a02a9f31586055127,https://feed.georgetown.edu/access-affordability/anti-dei-policies-a-threat-to-colleges-recruitment-of-male-applicants,georgetown.edu,3,0.7185771067937216,0.7034315466880798,0.29656845331192017,0.7691420316696167
men/education__college_access_admission.txt,Men,majority,Gender,Education,College access/admission,Education :: College access/admission,59bc84e08175ec2735ab,https://feed.georgetown.edu/access-affordability/seeking-more-male-students-colleges-tailor-outreach-programming,georgetown.edu,3,0.7547917167345682,0.7021508812904358,0.2978491187095642,0.7634771466255188
men/education__college_access_admission.txt,Men,majority,Gender,Education,College access/admission,Education :: College access/admission,ae11e5025f02b9dfd21e,https://hechingerreport.org/colleges-men-trump-new-policies-disadvantage,hechingerreport.org,3,0.7242958148320516,0.6774505972862244,0.32254940271377563,0.7465578317642212
men/education__college_access_admission.txt,Men,majority,Gender,Education,College access/admission,Education :: College access/admission,df9bbbe0d31db75f7381,https://steinhardt.nyu.edu/metrocenter/research-evaluation/section-2-higher-education-context-and-barriers-equitable-college,nyu.edu,3,0.6396471659342448,0.6862821578979492,0.3137178421020508,0.7105523347854614
men/education__educational_opportunity_access.txt,Men,majority,Gender,Education,Educational opportunity/access,Education :: Educational opportunity/access,45c5c25e374508e154eb,https://fiveable.me/sociology-of-education/unit-2/gender-educational-opportunities/study-guide/xfDWjXtpSezzdYpg,fiveable.me,3,0.711912194887797,0.6709497570991516,0.3290502429008484,0.7411037087440491
men/education__educational_opportunity_access.txt,Men,majority,Gender,Education,Educational opportunity/access,Education :: Educational opportunity/access,99af1948f1c3afd554e9,https://aclu.org/news/racial-justice/why-access-to-education-is-key-to-systemic-equality,aclu.org,3,0.6024703780810038,0.6762869954109192,0.3237130045890808,0.6972119808197021
men/education__educational_opportunity_access.txt,Men,majority,Gender,Education,Educational opportunity/access,Education :: Educational opportunity/access,d5ee37fe532b36f64d5d,https://pmc.ncbi.nlm.nih.gov/articles/PMC7842519,nih.gov,3,0.708771268526713,0.6469091176986694,0.35309088230133057,0.6924794912338257
men/education__harassment_bullying.txt,Men,majority,Gender,Education,Harassment/bullying,Education :: Harassment/bullying,17c34ca721abd856ceee,https://pmc.ncbi.nlm.nih.gov/articles/PMC11762843,nih.gov,3,0.75567094484965,0.7760925889015198,0.22390741109848022,0.7906605005264282
men/education__harassment_bullying.txt,Men,majority,Gender,Education,Harassment/bullying,Education :: Harassment/bullying,3ab2c9e0cad5c30257b8,https://unesco.org/en/articles/what-you-need-know-about-school-violence-and-bullying,unesco.org,3,0.6160702705383301,0.6507298946380615,0.3492701053619385,0.6969696283340454
men/education__harassment_bullying.txt,Men,majority,Gender,Education,Harassment/bullying,Education :: Harassment/bullying,8244413aea585fd0ee5d,https://educationsupport.org.uk/resources/for-individuals/guides/bullying-and-harassment,educationsupport.org.uk,3,0.6580952604611715,0.6742823719978333,0.32571762800216675,0.682129979133606
men/employment__career_advancement.txt,Men,majority,Gender,Employment,Career advancement,Employment :: Career advancement,2dca9844cab0c0f14bea,https://cnbc.com/2024/02/02/men-benefit-more-from-their-looks-at-work-than-women-do-new-research-shows.html,cnbc.com,3,0.6075323621431986,0.5807670950889587,0.41923290491104126,0.6005023717880249
men/employment__career_advancement.txt,Men,majority,Gender,Employment,Career advancement,Employment :: Career advancement,b8dc70fc1ea02947da37,https://today.ucsd.edu/story/closing-gender-gaps-in-career-advancement,ucsd.edu,3,0.5465706984202067,0.5653828978538513,0.4346171021461487,0.5903928279876709
men/employment__career_advancement.txt,Men,majority,Gender,Employment,Career advancement,Employment :: Career advancement,c5b6249c7dea72a9002e,https://library.hbs.edu/working-knowledge/men-want-powerful-jobs-more-than-women-do,hbs.edu,3,0.6317828098932902,0.6326941251754761,0.3673058748245239,0.6565792560577393
men/employment__career_advancement.txt,Men,majority,Gender,Employment,Career advancement,Employment :: Career advancement,e816143f36909595c6cc,https://naceweb.org/job-market/trends-and-predictions/early-career-talent-and-the-effects-of--gender,naceweb.org,3,0.7220364212989807,0.7076501846313477,0.29234981536865234,0.7274855375289917
men/employment__hiring.txt,Men,majority,Gender,Employment,Hiring,Employment :: Hiring,5cbe4354e967723161ab,https://theundercoverrecruiter.com/do-men-and-women-approach-the-job-hunt-differently,theundercoverrecruiter.com,3,0.6956901351610819,0.7225053906440735,0.2774946093559265,0.7519093155860901
men/employment__hiring.txt,Men,majority,Gender,Employment,Hiring,Employment :: Hiring,bdaa34ffb482d120fc13,https://employerscouncil.org/resources/examination-gender-bias-hiring,employerscouncil.org,3,0.6206132570902506,0.6955506801605225,0.30444931983947754,0.7372815608978271
men/employment__hiring.txt,Men,majority,Gender,Employment,Hiring,Employment :: Hiring,c2b19306eae4859c3625,https://cnbc.com/2019/03/08/linkedin-study-reveals-why-men-are-more-likely-to-get-noticed-by-job-recruiters-than-women.html,cnbc.com,3,0.721837600072225,0.7055409550666809,0.2944590449333191,0.785925030708313
men/employment__hiring.txt,Men,majority,Gender,Employment,Hiring,Employment :: Hiring,e792e5f8024dbb33ba8f,https://pmc.ncbi.nlm.nih.gov/articles/PMC4554714,nih.gov,3,0.6923036376635233,0.6905958652496338,0.3094041347503662,0.7218330502510071
men/employment__workplace_harassment.txt,Men,majority,Gender,Employment,Workplace harassment,Employment :: Workplace harassment,4a34bc72725f112fe4fa,https://fedemploylaw.com/when-men-are-sexually-harassed-at-work-breaking-stereotypes-and-legal-myths,fedemploylaw.com,3,0.814905842145284,0.8097818493843079,0.19021815061569214,0.8211081624031067
men/employment__workplace_harassment.txt,Men,majority,Gender,Employment,Workplace harassment,Employment :: Workplace harassment,b39b3920de4e414f2a91,https://arauniversity.org/harassment-workplace,arauniversity.org,3,0.7639281352361044,0.8064210414886475,0.19357895851135254,0.8400200605392456
men/employment__workplace_harassment.txt,Men,majority,Gender,Employment,Workplace harassment,Employment :: Workplace harassment,c8790fcbc603a7b1e461,https://cavignac.com/blog/risk-factors-for-harassment-in-the-workplace,cavignac.com,3,0.6878334283828735,0.714194118976593,0.285805881023407,0.7790358066558838
men/government_benefits__access_to_government_benefits.txt,Men,majority,Gender,Government Benefits,Access to government benefits,Government Benefits :: Access to government benefits,3b3f76e315bf22373a9e,https://pewresearch.org/social-trends/2012/12/18/a-bipartisan-nation-of-beneficiaries,pewresearch.org,3,0.6657541990280151,0.7376293540000916,0.26237064599990845,0.770832896232605
men/government_benefits__access_to_government_benefits.txt,Men,majority,Gender,Government Benefits,Access to government benefits,Government Benefits :: Access to government benefits,8cffc442ce1c61bfdcf6,https://catalog.results4america.org/strategies/reducing-obstacles,results4america.org,3,0.5705717007319132,0.7131664156913757,0.28683358430862427,0.72837895154953
men/government_benefits__application_approval.txt,Men,majority,Gender,Government Benefits,Application/approval,Government Benefits :: Application/approval,5bdefb059d9fb9fdbf88,https://disabilitysecrets.com/resources/survey-statistics-who-is-most-likely-to-get-approved-for-social-security-disability-benefits.html,disabilitysecrets.com,3,0.6580076813697815,0.6733570098876953,0.3266429901123047,0.7269248962402344
men/government_benefits__application_approval.txt,Men,majority,Gender,Government Benefits,Application/approval,Government Benefits :: Application/approval,78d086521ed6af3cc131,https://disabilityadvice.org/ssdi/approval-process/approval-by-age,disabilityadvice.org,3,0.5287090937296549,0.674399197101593,0.325600802898407,0.7095188498497009
men/government_benefits__application_approval.txt,Men,majority,Gender,Government Benefits,Application/approval,Government Benefits :: Application/approval,f522a3f7ac5e7242977f,https://usafacts.org/articles/disability-benefit-process,usafacts.org,3,0.49595515926678974,0.6771140098571777,0.32288599014282227,0.6953631639480591
men/government_benefits__benefit_retention_renewal.txt,Men,majority,Gender,Government Benefits,Benefit retention / renewal,Government Benefits :: Benefit retention / renewal,16ba46222c64bc8a2688,https://cnbc.com/2026/06/30/social-security-gender-gap-women-get-4800-less-in-annual-benefits.html,cnbc.com,3,0.5668413043022156,0.580694317817688,0.419305682182312,0.5995852947235107
men/government_benefits__benefit_retention_renewal.txt,Men,majority,Gender,Government Benefits,Benefit retention / renewal,Government Benefits :: Benefit retention / renewal,18e24d0af5393925d591,https://sajhrm.co.za/index.php/sajhrm/article/view/2985/4971,sajhrm.co.za,3,0.6819711724917094,0.6002308130264282,0.3997691869735718,0.6215997934341431
men/government_benefits__benefit_retention_renewal.txt,Men,majority,Gender,Government Benefits,Benefit retention / renewal,Government Benefits :: Benefit retention / renewal,bb625a9d01c929146219,https://opm.gov/policy-data-oversight/pay-leave/recruitment-relocation-retention-incentives/fact-sheets/retention-incentives-likely-to-leave-the-federal-service,opm.gov,3,0.6270121932029724,0.6308261156082153,0.36917388439178467,0.6431014537811279
men/government_benefits__benefit_retention_renewal.txt,Men,majority,Gender,Government Benefits,Benefit retention / renewal,Government Benefits :: Benefit retention / renewal,d97fb2830f9f2488aeae,https://home.treasury.gov/news/featured-stories/spotlighting-womens-retirement-security,treasury.gov,3,0.6062779029210409,0.6060810685157776,0.3939189314842224,0.6430765986442566
men/healthcare__insurance_coverage.txt,Men,majority,Gender,Healthcare,Insurance coverage,Healthcare :: Insurance coverage,57eacdfe1f3f2cd4778b,https://cms.gov/newsroom/fact-sheets/how-affordable-care-act-helping-men-lead-healthier-lives-afford-health-insurance,cms.gov,3,0.7260942061742147,0.6621631979942322,0.3378368020057678,0.7194156050682068
men/healthcare__insurance_coverage.txt,Men,majority,Gender,Healthcare,Insurance coverage,Healthcare :: Insurance coverage,a1d174236c5e6d89a912,https://pmc.ncbi.nlm.nih.gov/articles/PMC7878644,nih.gov,3,0.6140182018280029,0.7002007961273193,0.29979920387268066,0.7804371118545532
men/healthcare__insurance_coverage.txt,Men,majority,Gender,Healthcare,Insurance coverage,Healthcare :: Insurance coverage,cf1fe57adb31f65a2c38,https://census.gov/newsroom/blogs/random-samplings/2015/09/another-difference-between-the-sexes-health-insurance-coverage-3.html,census.gov,3,0.7216789325078329,0.6998605728149414,0.3001394271850586,0.730705738067627
men/healthcare__insurance_coverage.txt,Men,majority,Gender,Healthcare,Insurance coverage,Healthcare :: Insurance coverage,cf4634cb4263facaa3e2,https://kff.org/uninsured/characteristics-of-remaining-uninsured-men-and-potential-strategies-to-reach-and-enroll-them-in-health-coverage,kff.org,3,0.77934730052948,0.7232030034065247,0.27679699659347534,0.7620566487312317
men/healthcare__patient_safety.txt,Men,majority,Gender,Healthcare,Patient safety,Healthcare :: Patient safety,3952700851987a1de36e,https://who.int/news-room/fact-sheets/detail/patient-safety,who.int,3,0.5964124004046122,0.627930760383606,0.37206923961639404,0.6726065874099731
men/healthcare__preventive_care.txt,Men,majority,Gender,Healthcare,Preventive care,Healthcare :: Preventive care,43c97e86e70b52778af5,https://northwestfamilyclinics.com/blog/preventive-care-men,northwestfamilyclinics.com,3,0.7251033782958984,0.6141386032104492,0.3858613967895508,0.6919972896575928
men/healthcare__preventive_care.txt,Men,majority,Gender,Healthcare,Preventive care,Healthcare :: Preventive care,eb6baecc3a704fa8554b,https://nmmc.org/mens-health-and-preventive-care-why-routine-checkups-matter,nmmc.org,3,0.6781364679336548,0.5724958777427673,0.42750412225723267,0.6166846752166748
men/healthcare__preventive_care.txt,Men,majority,Gender,Healthcare,Preventive care,Healthcare :: Preventive care,f4e02bb43ce61a5e26e8,https://forwardfamilymedicine.com/blog/mens-health-preventive-care,forwardfamilymedicine.com,3,0.6780879497528076,0.5055639147758484,0.4944360852241516,0.5522091388702393
men/housing__access_to_housing.txt,Men,majority,Gender,Housing,Access to housing,Housing :: Access to housing,cb3a903b7d785dfd740f,https://pmc.ncbi.nlm.nih.gov/articles/PMC12306465,nih.gov,3,0.7169830004374186,0.6298441290855408,0.37015587091445923,0.717714786529541
men/housing__homelessness.txt,Men,majority,Gender,Housing,Homelessness,Housing :: Homelessness,027cfa72eaa1d89c5839,https://crisis.org.uk/ending-homelessness/about-homelessness,crisis.org.uk,3,0.6392635107040405,0.6591482758522034,0.34085172414779663,0.7179883718490601
men/housing__homelessness.txt,Men,majority,Gender,Housing,Homelessness,Housing :: Homelessness,0bc63fc4090645f28c9f,https://odphp.health.gov/healthypeople/priority-areas/social-determinants-health/literature-summaries/housing-instability,health.gov,3,0.6917662819226583,0.6429219841957092,0.35707801580429077,0.7463207244873047
men/housing__homelessness.txt,Men,majority,Gender,Housing,Homelessness,Housing :: Homelessness,0cc9410544e863559431,https://ccga.edu/reg-murphy-publications/the-manifold-causes-of-homelessness,ccga.edu,3,0.7322688698768616,0.694739818572998,0.30526018142700195,0.7825119495391846
men/housing__homelessness.txt,Men,majority,Gender,Housing,Homelessness,Housing :: Homelessness,1498feb07652571de5fc,https://nationalhomeless.org/homelessness-in-the-us,nationalhomeless.org,3,0.7340894341468811,0.7659337520599365,0.23406624794006348,0.7836510539054871
men/housing__homelessness.txt,Men,majority,Gender,Housing,Homelessness,Housing :: Homelessness,79fb5c662049e1c3df26,https://pfva.org/what-leads-to-homelessness-top-causes,pfva.org,3,0.7314073244730631,0.7418522834777832,0.2581477165222168,0.8383225202560425
men/housing__homelessness.txt,Men,majority,Gender,Housing,Homelessness,Housing :: Homelessness,a2649ae63b8fbe1c00d2,https://pmc.ncbi.nlm.nih.gov/articles/PMC10835943,nih.gov,3,0.7324678301811218,0.6474692821502686,0.35253071784973145,0.6768402457237244
men/housing__homelessness.txt,Men,majority,Gender,Housing,Homelessness,Housing :: Homelessness,b34b4d58366841f3bfc6,https://homelessidproject.org/how-do-people-become-homeless-understanding-the-causes-of-homelessness,homelessidproject.org,3,0.6955252687136332,0.6934487223625183,0.3065512776374817,0.716152548789978
men/housing__homelessness.txt,Men,majority,Gender,Housing,Homelessness,Housing :: Homelessness,d8e45e89443f3c519c56,https://online.campbellsville.edu/social-work/factors-that-cause-homelessness,campbellsville.edu,3,0.7410370310147604,0.7435059547424316,0.25649404525756836,0.7583124041557312
men/housing__homelessness.txt,Men,majority,Gender,Housing,Homelessness,Housing :: Homelessness,efc5a4e461dc64825498,https://betterangels.la/halo/preventions/why-are-people-homeless,betterangels.la,3,0.7266927361488342,0.7437634468078613,0.25623655319213867,0.764155387878418
men/housing__housing_stability.txt,Men,majority,Gender,Housing,Housing stability,Housing :: Housing stability,0bc63fc4090645f28c9f,https://odphp.health.gov/healthypeople/priority-areas/social-determinants-health/literature-summaries/housing-instability,health.gov,3,0.6535287896792094,0.667370080947876,0.332629919052124,0.677747905254364
men/housing__housing_stability.txt,Men,majority,Gender,Housing,Housing stability,Housing :: Housing stability,287096667b4269e94625,https://nlc.org/article/2024/05/28/exploring-the-link-between-housing-stability-and-mental-health,nlc.org,3,0.6045981248219808,0.7079687714576721,0.2920312285423279,0.7419002652168274
men/housing__housing_stability.txt,Men,majority,Gender,Housing,Housing stability,Housing :: Housing stability,3292cafe98f4046dd22d,https://pmc.ncbi.nlm.nih.gov/articles/PMC12228652,nih.gov,3,0.7440667549769083,0.7622942924499512,0.23770570755004883,0.7784239053726196
men/housing__housing_stability.txt,Men,majority,Gender,Housing,Housing stability,Housing :: Housing stability,5e06dd928725e28c4e07,https://aha-inc.org/blog/common-barriers-to-housing-stabilityand-how-we-can-help-you-overcome-them,aha-inc.org,3,0.6677512923876444,0.669581413269043,0.33041858673095703,0.7749370336532593
men/housing__housing_stability.txt,Men,majority,Gender,Housing,Housing stability,Housing :: Housing stability,99224d0508786007ccfa,https://universityhealth.com/public-health/factors-shaping-health/economic-stability/housing,universityhealth.com,3,0.6367576519648234,0.7168046832084656,0.2831953167915344,0.7897787690162659
men/housing__housing_stability.txt,Men,majority,Gender,Housing,Housing stability,Housing :: Housing stability,b7ff661b9d6ab0396700,https://unitedwaynca.org/blog/causes-of-homelessness,unitedwaynca.org,3,0.6470863819122314,0.7016355395317078,0.29836446046829224,0.7770756483078003
men/housing__housing_stability.txt,Men,majority,Gender,Housing,Housing stability,Housing :: Housing stability,bd54eae3a3802c3d2e09,https://ebsco.com/research-starters/politics-and-government/housing-stability,ebsco.com,3,0.763124962647756,0.8616684079170227,0.1383315920829773,0.9310543537139893
men/housing__housing_stability.txt,Men,majority,Gender,Housing,Housing stability,Housing :: Housing stability,f04bf4494ddee03d85e0,https://pmc.ncbi.nlm.nih.gov/articles/PMC5493509,nih.gov,3,0.741679052511851,0.7278594970703125,0.2721405029296875,0.7800935506820679
non_latino_people/credit_and_financial_services__access_to_banking_services.txt,non-Latino people,majority,Ethnicity,Credit & Financial Services,Access to banking services,Credit & Financial Services :: Access to banking services,27ebba74a46aef5b9374,https://pmc.ncbi.nlm.nih.gov/articles/PMC7173312,nih.gov,3,0.7265975077946981,0.660461962223053,0.339538037776947,0.7415754795074463
non_latino_people/credit_and_financial_services__access_to_banking_services.txt,non-Latino people,majority,Ethnicity,Credit & Financial Services,Access to banking services,Credit & Financial Services :: Access to banking services,a699a9fa37047a56822c,https://unidosus.org/blog/2015/11/18/financial-access-and-inclusion-are-essential-for-immigrant-integration,unidosus.org,3,0.7486793597539266,0.7236940264701843,0.2763059735298157,0.765457808971405
non_latino_people/credit_and_financial_services__access_to_banking_services.txt,non-Latino people,majority,Ethnicity,Credit & Financial Services,Access to banking services,Credit & Financial Services :: Access to banking services,e63e646c68042089a365,https://jec.senate.gov/public/_cache/files/2756e78d-cd64-4413-8d26-a4f9c2756947/banking-and-financial-exclusion-final.pdf,senate.gov,3,0.7165676752726237,0.7487538456916809,0.2512461543083191,0.7941463589668274
non_latino_people/credit_and_financial_services__credit_loan_approval.txt,non-Latino people,majority,Ethnicity,Credit & Financial Services,Credit/loan approval,Credit & Financial Services :: Credit/loan approval,9448970c042845b2343e,https://moneymanagement.org/blog/why-good-credit-is-harder-to-achieve-in-communities-of-color,moneymanagement.org,3,0.7040326396624247,0.6139366030693054,0.3860633969306946,0.6561545133590698
non_latino_people/credit_and_financial_services__credit_loan_approval.txt,non-Latino people,majority,Ethnicity,Credit & Financial Services,Credit/loan approval,Credit & Financial Services :: Credit/loan approval,e37cad46c3bfc4ec1492,https://minneapolisfed.org/article/2024/lender-reported-reasons-for-mortgage-denials-dont-explain-racial-disparities,minneapolisfed.org,3,0.6567728718121847,0.6118423938751221,0.38815760612487793,0.6304035186767578
non_latino_people/criminal_justice__arrest_detention_by_police.txt,non-Latino people,majority,Ethnicity,Criminal Justice,Arrest / detention by police,Criminal Justice :: Arrest / detention by police,17fcd05f5e69d8ccd805,https://pmc.ncbi.nlm.nih.gov/articles/PMC13384522,nih.gov,3,0.7624350984891256,0.7889044284820557,0.21109557151794434,0.8015114068984985
non_latino_people/criminal_justice__arrest_detention_by_police.txt,non-Latino people,majority,Ethnicity,Criminal Justice,Arrest / detention by police,Criminal Justice :: Arrest / detention by police,2814793bfff3c267728b,https://prisonpolicy.org/blog/2019/10/09/pretrial_race,prisonpolicy.org,3,0.6592912276585897,0.7303003668785095,0.2696996331214905,0.7553151845932007
non_latino_people/criminal_justice__arrest_detention_by_police.txt,non-Latino people,majority,Ethnicity,Criminal Justice,Arrest / detention by police,Criminal Justice :: Arrest / detention by police,69defa686d35ec12ae06,https://pmc.ncbi.nlm.nih.gov/articles/PMC5509345,nih.gov,3,0.7392933964729309,0.7686437964439392,0.2313562035560608,0.796248733997345
non_latino_people/criminal_justice__arrest_detention_by_police.txt,non-Latino people,majority,Ethnicity,Criminal Justice,Arrest / detention by police,Criminal Justice :: Arrest / detention by police,de6290d9810d603eb58b,https://prisonpolicy.org/research/racial_and_ethnic_disparities,prisonpolicy.org,3,0.72037273645401,0.6688326001167297,0.33116739988327026,0.6920531392097473
non_latino_people/criminal_justice__incarceration.txt,non-Latino people,majority,Ethnicity,Criminal Justice,Incarceration,Criminal Justice :: Incarceration,206b6395f06dd583d365,https://sentencingproject.org/reports/one-in-five-racial-disparity-in-imprisonment-causes-and-remedies,sentencingproject.org,3,0.7615192532539368,0.7607402205467224,0.2392597794532776,0.768181562423706
non_latino_people/criminal_justice__police_use_of_force.txt,non-Latino people,majority,Ethnicity,Criminal Justice,Police use of force,Criminal Justice :: Police use of force,1d600c7ca15adc5572ad,https://ovid.com/journals/lhub/abstract/10.1037/lhb0000218~how-suspect-race-affects-police-use-of-force-in-an?redirectionsource=fulltextview,ovid.com,3,0.7300081054369608,0.7948224544525146,0.20517754554748535,0.8186269998550415
non_latino_people/criminal_justice__police_use_of_force.txt,non-Latino people,majority,Ethnicity,Criminal Justice,Police use of force,Criminal Justice :: Police use of force,4605280859752feda93d,https://usafacts.org/articles/what-the-data-shows-about-police-use-of-force-by-race,usafacts.org,3,0.7088236610094706,0.7603082060813904,0.23969179391860962,0.7697477340698242
non_latino_people/criminal_justice__police_use_of_force.txt,non-Latino people,majority,Ethnicity,Criminal Justice,Police use of force,Criminal Justice :: Police use of force,91bab48e336f57d3d6d1,https://fryer.scholars.harvard.edu/publications/empirical-analysis-racial-differences-police-use-force,harvard.edu,3,0.7042439381281534,0.7804800868034363,0.21951991319656372,0.8363757729530334
non_latino_people/criminal_justice__police_use_of_force.txt,non-Latino people,majority,Ethnicity,Criminal Justice,Police use of force,Criminal Justice :: Police use of force,b7501cb300491e9a3461,https://prisonpolicy.org/blog/2024/12/19/policing_survey_2022,prisonpolicy.org,3,0.7325018445650736,0.7651576995849609,0.23484230041503906,0.7856897115707397
non_latino_people/education__college_access_admission.txt,non-Latino people,majority,Ethnicity,Education,College access/admission,Education :: College access/admission,38b05133ffef29d3cd1e,https://nacacnet.org/factors-in-the-admission-decision,nacacnet.org,3,0.6045017838478088,0.6755414605140686,0.3244585394859314,0.6967772245407104
non_latino_people/education__college_access_admission.txt,non-Latino people,majority,Ethnicity,Education,College access/admission,Education :: College access/admission,5032ad6481308150ce12,https://hechingerreport.org/proof-points-research-on-increasing-diversity-in-college-admissions,hechingerreport.org,3,0.6788739760716757,0.7313678860664368,0.26863211393356323,0.7763997316360474
non_latino_people/education__college_access_admission.txt,non-Latino people,majority,Ethnicity,Education,College access/admission,Education :: College access/admission,50ada82e65495fb88b1c,https://rsisinternational.org/journals/ijriss/articles/structural-inequalities-and-racial-barriers-to-education-attainment-in-u-s-higher-education-challenges-and-policy-interventions,rsisinternational.org,3,0.7648555835088094,0.7854432463645935,0.2145567536354065,0.8251785039901733
non_latino_people/education__college_access_admission.txt,non-Latino people,majority,Ethnicity,Education,College access/admission,Education :: College access/admission,6437a95a2f655a6ea80a,https://luminafoundation.org/resource/race-and-ethnicity-in-higher-education,luminafoundation.org,3,0.7268208066622416,0.7512227892875671,0.24877721071243286,0.789795458316803
non_latino_people/education__college_access_admission.txt,non-Latino people,majority,Ethnicity,Education,College access/admission,Education :: College access/admission,6942a0dd184d3fcee471,https://equityinhighered.org/resources/ideas-and-insights/segregation-in-higher-education-and-unequal-paths-to-college-completion-implications-for-policy-and-research,equityinhighered.org,3,0.749559223651886,0.7717997431755066,0.2282002568244934,0.8054523468017578
non_latino_people/education__college_access_admission.txt,non-Latino people,majority,Ethnicity,Education,College access/admission,Education :: College access/admission,826fc47a2f5f25b8bee3,https://pewresearch.org/fact-sheet/topic-affirmative-action-in-college-admissions,pewresearch.org,3,0.6488014658292135,0.7150325775146484,0.28496742248535156,0.7458845376968384
non_latino_people/education__college_access_admission.txt,non-Latino people,majority,Ethnicity,Education,College access/admission,Education :: College access/admission,87411315d209792c5506,https://ncan.org/Web/News/539190,ncan.org,3,0.7426523168881735,0.759293794631958,0.240706205368042,0.7776652574539185
non_latino_people/education__college_access_admission.txt,non-Latino people,majority,Ethnicity,Education,College access/admission,Education :: College access/admission,97a317c10001164144f7,https://the74million.org/article/how-colleges-seek-to-increase-diversity-without-relying-on-race-in-admissions,the74million.org,3,0.6384118994077047,0.803820788860321,0.19617921113967896,0.8132645487785339
non_latino_people/education__college_access_admission.txt,non-Latino people,majority,Ethnicity,Education,College access/admission,Education :: College access/admission,a8c1e984af783612504c,https://insidehighered.com/news/admissions/traditional-age/2025/07/11/rates-admitted-students-who-are-black-hispanic-have,insidehighered.com,3,0.6660471757253011,0.739922046661377,0.26007795333862305,0.7483003735542297
non_latino_people/education__college_access_admission.txt,non-Latino people,majority,Ethnicity,Education,College access/admission,Education :: College access/admission,aa4929f885a8eaf3049f,https://usnews.com/education/best-colleges/applying/articles/how-does-affirmative-action-affect-college-admissions,usnews.com,3,0.7029804189999899,0.7307600378990173,0.26923996210098267,0.7802146673202515
non_latino_people/education__educational_opportunity_access.txt,non-Latino people,majority,Ethnicity,Education,Educational opportunity/access,Education :: Educational opportunity/access,507cc4563a5ca658bd00,https://sinbarrerascville.org/wp-content/uploads/2019/06/Issues-in-Latino-Education.pdf,sinbarrerascville.org,3,0.7516078551610311,0.7442512512207031,0.2557487487792969,0.7792870402336121
non_latino_people/education__harassment_bullying.txt,non-Latino people,majority,Ethnicity,Education,Harassment/bullying,Education :: Harassment/bullying,057d14fc320d152131c4,https://pmc.ncbi.nlm.nih.gov/articles/PMC8152480,nih.gov,3,0.7425175507863363,0.7348940372467041,0.2651059627532959,0.8029965162277222
non_latino_people/education__harassment_bullying.txt,non-Latino people,majority,Ethnicity,Education,Harassment/bullying,Education :: Harassment/bullying,06582bbd68942112cd27,https://stopbullying.gov/bullying/groups,stopbullying.gov,3,0.7160068949063619,0.765697717666626,0.23430228233337402,0.8114128112792969
non_latino_people/education__harassment_bullying.txt,non-Latino people,majority,Ethnicity,Education,Harassment/bullying,Education :: Harassment/bullying,5984e00c3734b55a1bf8,https://pmc.ncbi.nlm.nih.gov/articles/PMC1989108,nih.gov,3,0.7665033539136251,0.8312409520149231,0.1687590479850769,0.8682558536529541
non_latino_people/education__harassment_bullying.txt,non-Latino people,majority,Ethnicity,Education,Harassment/bullying,Education :: Harassment/bullying,5e3fb806d2fab689e8c0,https://pmc.ncbi.nlm.nih.gov/articles/PMC7453877,nih.gov,3,0.7987926801045736,0.8255701661109924,0.17442983388900757,0.8351963758468628
non_latino_people/education__harassment_bullying.txt,non-Latino people,majority,Ethnicity,Education,Harassment/bullying,Education :: Harassment/bullying,d71cde0ad5548141c1f9,https://bu.edu/wheelock/magazine/articles/2022/why-do-teens-from-marginalized-populations-get-bullied,bu.edu,3,0.719138483206431,0.7754667401313782,0.22453325986862183,0.8529704809188843
non_latino_people/education__harassment_bullying.txt,non-Latino people,majority,Ethnicity,Education,Harassment/bullying,Education :: Harassment/bullying,f6806790825a3acc0974,https://nces.ed.gov/programs/coe/indicator/a10/bullying-electronic-bullying,ed.gov,3,0.7305282354354858,0.7611739039421082,0.23882609605789185,0.8023958206176758
non_latino_people/employment__career_advancement.txt,non-Latino people,majority,Ethnicity,Employment,Career advancement,Employment :: Career advancement,5c1a85e51966a43c5640,https://ballardbrief.byu.edu/issue-briefs/barriers-to-career-advancement-among-skilled-immigrants-in-the-us,byu.edu,3,0.7277075052261353,0.6519526243209839,0.3480473756790161,0.6754109263420105
non_latino_people/employment__career_advancement.txt,non-Latino people,majority,Ethnicity,Employment,Career advancement,Employment :: Career advancement,878f45b4b7b94ec9c3c1,https://researchmgt.monash.edu/ws/portalfiles/portal/519056876/483077505_oa.pdf,monash.edu,3,0.7445748647054037,0.7150984406471252,0.28490155935287476,0.7242406606674194
non_latino_people/employment__workplace_harassment.txt,non-Latino people,majority,Ethnicity,Employment,Workplace harassment,Employment :: Workplace harassment,bf6519cd91101b539b26,https://rennepubliclawgroup.com/investigating-same-culture-bias-with-spanish-speaking-employees,rennepubliclawgroup.com,3,0.736909826596578,0.7158207297325134,0.2841792702674866,0.7359042167663574
non_latino_people/employment__workplace_harassment.txt,non-Latino people,majority,Ethnicity,Employment,Workplace harassment,Employment :: Workplace harassment,e57e47dd6ee9b35ba01a,https://lundelllawfirm.com/post/common-sources-of-workplace-harassment,lundelllawfirm.com,3,0.789513885974884,0.7983320355415344,0.20166796445846558,0.844799816608429
non_latino_people/employment__workplace_harassment.txt,non-Latino people,majority,Ethnicity,Employment,Workplace harassment,Employment :: Workplace harassment,fd1740f02c5e15ade32a,https://pmc.ncbi.nlm.nih.gov/articles/PMC10174265,nih.gov,3,0.7977271874745687,0.7655587792396545,0.23444122076034546,0.7894500494003296
non_latino_people/government_benefits__access_to_government_benefits.txt,non-Latino people,majority,Ethnicity,Government Benefits,Access to government benefits,Government Benefits :: Access to government benefits,360e245835bf5a865c6c,https://ebsco.com/research-starters/history/welfares-impact-racialethnic-relations,ebsco.com,3,0.7261531154314677,0.7599913477897644,0.2400086522102356,0.7936950922012329
non_latino_people/government_benefits__access_to_government_benefits.txt,non-Latino people,majority,Ethnicity,Government Benefits,Access to government benefits,Government Benefits :: Access to government benefits,5ed40f9b12c967df163c,https://nationalacademies.org/read/9719/chapter/8,nationalacademies.org,3,0.7071915070215861,0.7107193470001221,0.28928065299987793,0.7367545366287231
non_latino_people/government_benefits__access_to_government_benefits.txt,non-Latino people,majority,Ethnicity,Government Benefits,Access to government benefits,Government Benefits :: Access to government benefits,77ce4b3f85ade59eea84,https://hispanicresearchcenter.org/research-resources/state-tanf-policies-practices-overview-administrative-burdens-latino-families,hispanicresearchcenter.org,3,0.738312820593516,0.7697922587394714,0.23020774126052856,0.7964290976524353
non_latino_people/government_benefits__application_approval.txt,non-Latino people,majority,Ethnicity,Government Benefits,Application/approval,Government Benefits :: Application/approval,a5ef96bf80c2c4a889a6,https://forumtogether.org/wp-content/uploads/2018/08/Immigrants-and-Public-Benefits-FINALupdated.pdf,forumtogether.org,3,0.7074271639188131,0.6923515796661377,0.3076484203338623,0.7352687120437622
non_latino_people/government_benefits__benefit_retention_renewal.txt,non-Latino people,majority,Ethnicity,Government Benefits,Benefit retention / renewal,Government Benefits :: Benefit retention / renewal,07ea03fe2c7d9e7152e1,https://cidrap.umn.edu/covid-19/black-hispanic-adults-double-risk-losing-medicaid-after-covid-emergency-ended-study-finds,umn.edu,3,0.6117204030354818,0.7151312232017517,0.2848687767982483,0.7633066177368164
non_latino_people/government_benefits__benefit_retention_renewal.txt,non-Latino people,majority,Ethnicity,Government Benefits,Benefit retention / renewal,Government Benefits :: Benefit retention / renewal,4ff69e989059c9cd2df6,https://pmc.ncbi.nlm.nih.gov/articles/PMC10985919,nih.gov,3,0.6127427220344543,0.6389272212982178,0.3610727787017822,0.6531728506088257
non_latino_people/government_benefits__benefit_retention_renewal.txt,non-Latino people,majority,Ethnicity,Government Benefits,Benefit retention / renewal,Government Benefits :: Benefit retention / renewal,5d2d15e1b4a5b8d83766,https://kff.org/medicaid/medicaid-efforts-to-address-racial-health-disparities,kff.org,3,0.6119266748428345,0.744408130645752,0.25559186935424805,0.8065201044082642
non_latino_people/government_benefits__benefit_retention_renewal.txt,non-Latino people,majority,Ethnicity,Government Benefits,Benefit retention / renewal,Government Benefits :: Benefit retention / renewal,5e6d04855d366a1025c7,https://healthlaw.org/racial-disparities-persist-during-the-unwinding-of-the-medicaid-continuous-coverage-requirement,healthlaw.org,3,0.6280738115310669,0.7147534489631653,0.2852465510368347,0.8019835948944092
non_latino_people/government_benefits__benefit_retention_renewal.txt,non-Latino people,majority,Ethnicity,Government Benefits,Benefit retention / renewal,Government Benefits :: Benefit retention / renewal,e52153ee63e9411193bc,https://hispanicresearchcenter.org/research-resources/state-level-tanf-policies-and-practice-may-shape-access-and-utilization-among-hispanic-families,hispanicresearchcenter.org,3,0.6974151134490967,0.6744470000267029,0.3255529999732971,0.7079297304153442
non_latino_people/healthcare__insurance_coverage.txt,non-Latino people,majority,Ethnicity,Healthcare,Insurance coverage,Healthcare :: Insurance coverage,348bebda0590a2df923a,https://rprn.org/wp-content/uploads/2023/12/Monnat_2016-2_FINAL.pdf,rprn.org,3,0.792747696240743,0.7191281318664551,0.2808718681335449,0.7497085332870483
non_latino_people/healthcare__insurance_coverage.txt,non-Latino people,majority,Ethnicity,Healthcare,Insurance coverage,Healthcare :: Insurance coverage,60a7d1aa760538501f68,https://pmc.ncbi.nlm.nih.gov/articles/PMC12923077,nih.gov,3,0.7808896700541178,0.6993546485900879,0.3006453514099121,0.7531371116638184
non_latino_people/healthcare__insurance_coverage.txt,non-Latino people,majority,Ethnicity,Healthcare,Insurance coverage,Healthcare :: Insurance coverage,8ccf054497b17170cbb9,https://pmc.ncbi.nlm.nih.gov/articles/PMC12513714,nih.gov,3,0.8229484558105469,0.7370955944061279,0.26290440559387207,0.7592140436172485
non_latino_people/healthcare__insurance_coverage.txt,non-Latino people,majority,Ethnicity,Healthcare,Insurance coverage,Healthcare :: Insurance coverage,9dbfeda781835561aba8,https://policylab.rutgers.edu/publication/understanding-low-insurance-rates-among-the-hispanic-population-in-new-jersey,rutgers.edu,3,0.7805534998575846,0.691023051738739,0.308976948261261,0.7248848676681519
non_latino_people/healthcare__patient_safety.txt,non-Latino people,majority,Ethnicity,Healthcare,Patient safety,Healthcare :: Patient safety,3952700851987a1de36e,https://who.int/news-room/fact-sheets/detail/patient-safety,who.int,3,0.6150368253389994,0.6516503691673279,0.3483496308326721,0.7263005971908569
non_latino_people/healthcare__patient_safety.txt,non-Latino people,majority,Ethnicity,Healthcare,Patient safety,Healthcare :: Patient safety,6bd9339ff4ffd72fcca1,https://pmc.ncbi.nlm.nih.gov/articles/PMC10815774,nih.gov,3,0.6872190833091736,0.6859115958213806,0.3140884041786194,0.7135829925537109
non_latino_people/healthcare__preventive_care.txt,non-Latino people,majority,Ethnicity,Healthcare,Preventive care,Healthcare :: Preventive care,aade2868525011c408dc,https://pmc.ncbi.nlm.nih.gov/articles/PMC12914165,nih.gov,3,0.7064759532610575,0.6865519881248474,0.3134480118751526,0.7019999027252197
non_latino_people/housing__access_to_housing.txt,non-Latino people,majority,Ethnicity,Housing,Access to housing,Housing :: Access to housing,1242d8d7be328cbd3b29,https://home.treasury.gov/news/featured-stories/racial-differences-in-economic-security-housing,treasury.gov,3,0.7424859801928202,0.7500569224357605,0.2499430775642395,0.774583637714386
non_latino_people/housing__access_to_housing.txt,non-Latino people,majority,Ethnicity,Housing,Access to housing,Housing :: Access to housing,33968ea5339bef3befa1,https://nlc.org/article/2022/10/28/barriers-existing-practices-recommendations-in-housing-for-hispanic-latinx-latinoa-residents,nlc.org,3,0.7780923644701639,0.6665938496589661,0.33340615034103394,0.6876388788223267
non_latino_people/housing__homelessness.txt,non-Latino people,majority,Ethnicity,Housing,Homelessness,Housing :: Homelessness,214e5deb435ba5be9386,https://endhomelessness.org/wp-content/uploads/2019/07/3rd-Demo-Brief-Race.pdf,endhomelessness.org,3,0.7886132200558981,0.7586596012115479,0.24134039878845215,0.7711249589920044
non_latino_people/housing__homelessness.txt,non-Latino people,majority,Ethnicity,Housing,Homelessness,Housing :: Homelessness,79449cc23749d1c53e3d,https://endhomelessness.org/systemic-racism-and-marginalization,endhomelessness.org,3,0.7677342494328817,0.7918766140937805,0.20812338590621948,0.8122375011444092
non_latino_people/housing__homelessness.txt,non-Latino people,majority,Ethnicity,Housing,Homelessness,Housing :: Homelessness,b1367b13f46727ea0584,https://endhomelessness.org/state-of-homelessness,endhomelessness.org,3,0.784872829914093,0.8104171752929688,0.18958282470703125,0.8346420526504517
non_latino_people/housing__homelessness.txt,non-Latino people,majority,Ethnicity,Housing,Homelessness,Housing :: Homelessness,de9bac4695b80d4bda3f,https://nlihc.org/resource/study-finds-significant-racial-disparities-homelessness-rates,nlihc.org,3,0.7300465305646261,0.6932703852653503,0.30672961473464966,0.72984778881073
non_latino_people/housing__housing_stability.txt,non-Latino people,majority,Ethnicity,Housing,Housing stability,Housing :: Housing stability,1242d8d7be328cbd3b29,https://home.treasury.gov/news/featured-stories/racial-differences-in-economic-security-housing,treasury.gov,3,0.7151920795440674,0.7871697545051575,0.21283024549484253,0.799069344997406
non_latino_people/housing__housing_stability.txt,non-Latino people,majority,Ethnicity,Housing,Housing stability,Housing :: Housing stability,2ed8508abf04a68d2a3f,https://pmc.ncbi.nlm.nih.gov/articles/PMC12223365,nih.gov,3,0.6797547737757365,0.7072458267211914,0.2927541732788086,0.7561724185943604
non_latino_people/housing__housing_stability.txt,non-Latino people,majority,Ethnicity,Housing,Housing stability,Housing :: Housing stability,4b3e1c58014aab4776d3,https://pmc.ncbi.nlm.nih.gov/articles/PMC9716543,nih.gov,3,0.7556410630544027,0.7687792778015137,0.23122072219848633,0.7997434139251709
non_latino_people/housing__housing_stability.txt,non-Latino people,majority,Ethnicity,Housing,Housing stability,Housing :: Housing stability,79449cc23749d1c53e3d,https://endhomelessness.org/systemic-racism-and-marginalization,endhomelessness.org,3,0.6127539674441019,0.6466736197471619,0.35332638025283813,0.6815117597579956
people/credit_and_financial_services__access_to_banking_services.txt,people,control,Control,Credit & Financial Services,Access to banking services,Credit & Financial Services :: Access to banking services,07536d083b6b422772ae,https://stlouisfed.org/community-development/publications/access-credit-financial-services-bridge-financial-well-being,stlouisfed.org,3,0.7231731216112772,0.7057717442512512,0.2942282557487488,0.7374892234802246
people/credit_and_financial_services__access_to_banking_services.txt,people,control,Control,Credit & Financial Services,Access to banking services,Credit & Financial Services :: Access to banking services,41a9fe70f79684c008b1,https://mx.com/research/what-influences-where-consumers-choose-to-bank,mx.com,3,0.611620306968689,0.6055331826210022,0.3944668173789978,0.6646654605865479
people/credit_and_financial_services__access_to_banking_services.txt,people,control,Control,Credit & Financial Services,Access to banking services,Credit & Financial Services :: Access to banking services,9fc7410a3371a7412646,https://openknowledge.worldbank.org/entities/publication/a6d11cb5-5081-5c71-a5fd-0acd8f1c6d47,worldbank.org,3,0.6858128706614176,0.6448937654495239,0.3551062345504761,0.6961952447891235
people/credit_and_financial_services__access_to_banking_services.txt,people,control,Control,Credit & Financial Services,Access to banking services,Credit & Financial Services :: Access to banking services,e084a327a48bb17dfb1d,https://gao.gov/products/gao-22-104468,gao.gov,3,0.7021840612093607,0.6935200691223145,0.30647993087768555,0.7590668201446533
people/credit_and_financial_services__access_to_credit.txt,people,control,Control,Credit & Financial Services,Access to credit,Credit & Financial Services :: Access to credit,07536d083b6b422772ae,https://stlouisfed.org/community-development/publications/access-credit-financial-services-bridge-financial-well-being,stlouisfed.org,3,0.7441656986872355,0.7166190147399902,0.28338098526000977,0.738977313041687
people/credit_and_financial_services__access_to_credit.txt,people,control,Control,Credit & Financial Services,Access to credit,Credit & Financial Services :: Access to credit,53151676e4ff2f498c34,https://stlouisfed.org/open-vault/2025/nov/credit-journey-lower-income-households,stlouisfed.org,3,0.7468780875205994,0.6636381149291992,0.3363618850708008,0.6815321445465088
people/credit_and_financial_services__access_to_credit.txt,people,control,Control,Credit & Financial Services,Access to credit,Credit & Financial Services :: Access to credit,58425b2cdafc73f78093,https://experian.com/blogs/ask-experian/credit-education/score-basics/what-affects-your-credit-scores,experian.com,3,0.6497201124827067,0.6639428734779358,0.3360571265220642,0.6740796566009521
people/credit_and_financial_services__access_to_credit.txt,people,control,Control,Credit & Financial Services,Access to credit,Credit & Financial Services :: Access to credit,6cf074b5d55000c1fb4c,https://opportunityinsights.org/paper/creditaccess,opportunityinsights.org,3,0.6084685325622559,0.7566398978233337,0.24336010217666626,0.8492079377174377
people/credit_and_financial_services__access_to_credit.txt,people,control,Control,Credit & Financial Services,Access to credit,Credit & Financial Services :: Access to credit,cdf598d0701336535025,https://richmondfed.org/publications/research/econ_focus/2022/q4_district_digest,richmondfed.org,3,0.7294755975405375,0.7014122009277344,0.2985877990722656,0.7227569818496704
people/credit_and_financial_services__access_to_credit.txt,people,control,Control,Credit & Financial Services,Access to credit,Credit & Financial Services :: Access to credit,dd3d2cb009dd9706bc0b,https://federalreserve.gov/publications/files/consumer-community-context-20251017.pdf,federalreserve.gov,3,0.6892446080843607,0.6748191714286804,0.3251808285713196,0.7244540452957153
people/credit_and_financial_services__credit_loan_approval.txt,people,control,Control,Credit & Financial Services,Credit/loan approval,Credit & Financial Services :: Credit/loan approval,1771507a4aa12cb17da0,https://credolab.com/blog/factors-that-determine-credit-risk,credolab.com,3,0.705164353052775,0.6916828155517578,0.3083171844482422,0.754470705986023
people/credit_and_financial_services__credit_loan_approval.txt,people,control,Control,Credit & Financial Services,Credit/loan approval,Credit & Financial Services :: Credit/loan approval,221415ea7e8c37697da8,https://inspirefcu.org/unlocking-opportunities-understanding-the-impact-of-credit-scores-on-loan-approvals,inspirefcu.org,3,0.7861906886100769,0.781002938747406,0.218997061252594,0.792982816696167
people/credit_and_financial_services__credit_loan_approval.txt,people,control,Control,Credit & Financial Services,Credit/loan approval,Credit & Financial Services :: Credit/loan approval,3377596d498630918e68,https://hdfc.bank.in/blogs/personal-loan/7-factors-that-determine-whether-your-loan-gets-sanctioned,bank.in,3,0.7056487202644348,0.745389461517334,0.254610538482666,0.7871295213699341
people/credit_and_financial_services__credit_loan_approval.txt,people,control,Control,Credit & Financial Services,Credit/loan approval,Credit & Financial Services :: Credit/loan approval,57d38676838f932a35ef,https://finmkt.io/blog-posts/how-creditworthiness-determines-consumer-approval-rates,finmkt.io,3,0.8286673227945963,0.8314326405525208,0.16856735944747925,0.8379290103912354
people/credit_and_financial_services__credit_loan_approval.txt,people,control,Control,Credit & Financial Services,Credit/loan approval,Credit & Financial Services :: Credit/loan approval,8a193db7364cccbc3731,https://hbtbank.com/personal-banking/five-factors-that-impact-your-credit-score,hbtbank.com,3,0.615362544854482,0.6821188926696777,0.31788110733032227,0.7528085708618164
people/credit_and_financial_services__credit_loan_approval.txt,people,control,Control,Credit & Financial Services,Credit/loan approval,Credit & Financial Services :: Credit/loan approval,9dc178fec2d13435a140,https://desertrockcapital.com/blogs/7-factors-that-affect-loan-approval-beyond-your-credit-score,desertrockcapital.com,3,0.5082360605398814,0.5192736983299255,0.48072630167007446,0.7710638046264648
people/credit_and_financial_services__credit_loan_approval.txt,people,control,Control,Credit & Financial Services,Credit/loan approval,Credit & Financial Services :: Credit/loan approval,c1dff8fc1cbd96eae979,https://columbinefcu.org/unlocking-opportunities-understanding-the-impact-of-credit-scores-on-loan-approvals,columbinefcu.org,3,0.8002474506696066,0.8053562641143799,0.19464373588562012,0.8347321152687073
people/credit_and_financial_services__credit_loan_approval.txt,people,control,Control,Credit & Financial Services,Credit/loan approval,Credit & Financial Services :: Credit/loan approval,d827012c44480f1bd061,https://traviscu.org/my-life/blogs/financial-wellness/may-2024/calculate-impact-of-credit-score-on-loans,traviscu.org,3,0.7189619739850363,0.7608983516693115,0.23910164833068848,0.7889082431793213
people/credit_and_financial_services__credit_loan_approval.txt,people,control,Control,Credit & Financial Services,Credit/loan approval,Credit & Financial Services :: Credit/loan approval,f51f32a07d76c3952854,https://cluballiance.aaa.com/the-extra-mile/advice/budget/factors-lenders-consider-for-credit-approval,aaa.com,3,0.7097415924072266,0.741479218006134,0.25852078199386597,0.7500929832458496
people/criminal_justice__arrest_detention_by_police.txt,people,control,Control,Criminal Justice,Arrest / detention by police,Criminal Justice :: Arrest / detention by police,32071746a95da5bc9476,https://ojp.gov/ncjrs/virtual-library/abstracts/investigative-detention-constitutional-constraints-police-use-force,ojp.gov,3,0.6795879999796549,0.71283358335495,0.28716641664505005,0.7818174362182617
people/criminal_justice__arrest_detention_by_police.txt,people,control,Control,Criminal Justice,Arrest / detention by police,Criminal Justice :: Arrest / detention by police,b4e995b3fe6b826a44d0,https://bja.ojp.gov/library/publications/understanding-police-decisions-arrest-impact-situational-officer-and,ojp.gov,3,0.6888953646024069,0.7125537991523743,0.28744620084762573,0.7801367044448853
people/criminal_justice__arrest_detention_by_police.txt,people,control,Control,Criminal Justice,Arrest / detention by police,Criminal Justice :: Arrest / detention by police,d624741168d773cb2241,https://ojp.gov/library/publications/understanding-police-decisions-arrest-impact-situational-officer-and,ojp.gov,3,0.6888953646024069,0.7125537991523743,0.28744620084762573,0.7801367044448853
people/criminal_justice__arrest_detention_by_police.txt,people,control,Control,Criminal Justice,Arrest / detention by police,Criminal Justice :: Arrest / detention by police,f008806b3cdf4b7af519,https://prisonpolicy.org/blog/2020/06/05/policingfacts,prisonpolicy.org,3,0.706213374932607,0.6753824353218079,0.32461756467819214,0.6987975835800171
people/criminal_justice__incarceration.txt,people,control,Control,Criminal Justice,Incarceration,Criminal Justice :: Incarceration,17cc8e725b989ea2cabd,https://vera.org/ending-mass-incarceration/causes-of-mass-incarceration,vera.org,3,0.6579088966051737,0.7274166941642761,0.2725833058357239,0.7478063106536865
people/criminal_justice__incarceration.txt,people,control,Control,Criminal Justice,Incarceration,Criminal Justice :: Incarceration,7b31d110d7e9e52f7937,https://pmc.ncbi.nlm.nih.gov/articles/PMC10323066,nih.gov,3,0.7325282692909241,0.7742697596549988,0.22573024034500122,0.8000508546829224
people/criminal_justice__incarceration.txt,people,control,Control,Criminal Justice,Incarceration,Criminal Justice :: Incarceration,8b8be031b2d14d6888d4,https://brennancenter.org/our-work/analysis-opinion/history-mass-incarceration,brennancenter.org,3,0.6518444220225016,0.6500110626220703,0.3499889373779297,0.6720262765884399
people/criminal_justice__incarceration.txt,people,control,Control,Criminal Justice,Incarceration,Criminal Justice :: Incarceration,d31c65afcd2400ef778f,https://waldenu.edu/online-bachelors-programs/bs-in-criminal-justice/resource/what-influences-criminal-behavior,waldenu.edu,3,0.7081228693326315,0.6901491284370422,0.30985087156295776,0.7463783025741577
people/criminal_justice__incarceration.txt,people,control,Control,Criminal Justice,Incarceration,Criminal Justice :: Incarceration,f889ec036c3d1854f35a,https://prisonpolicy.org/blog/2024/08/27/economic_justice,prisonpolicy.org,3,0.730663021405538,0.7559129595756531,0.24408704042434692,0.7736574411392212
people/criminal_justice__police_use_of_force.txt,people,control,Control,Criminal Justice,Police use of force,Criminal Justice :: Police use of force,0d8ad929a325dead125e,https://amu.apus.edu/area-of-study/criminal-justice/resources/when-is-police-use-of-force-justified,apus.edu,3,0.7460918625195821,0.6916387677192688,0.3083612322807312,0.6953655481338501
people/criminal_justice__police_use_of_force.txt,people,control,Control,Criminal Justice,Police use of force,Criminal Justice :: Police use of force,2d87799c4643ca897069,https://congress.gov/117/meeting/house/115236/documents/HHRG-117-GO02-20221213-SD003.pdf,congress.gov,3,0.6384238799413046,0.653357207775116,0.34664279222488403,0.6988803148269653
people/criminal_justice__police_use_of_force.txt,people,control,Control,Criminal Justice,Police use of force,Criminal Justice :: Police use of force,c006770d1993c9e80e6b,https://nij.ojp.gov/topics/articles/use-force-continuum,ojp.gov,3,0.6463684837023417,0.7090209126472473,0.2909790873527527,0.7787938117980957
people/criminal_justice__police_use_of_force.txt,people,control,Control,Criminal Justice,Police use of force,Criminal Justice :: Police use of force,f71a506c545f5836eabb,https://policingequity.org/resource-library/use-of-force,policingequity.org,3,0.7712394793828329,0.8115143775939941,0.18848562240600586,0.839537501335144
people/education__college_access_admission.txt,people,control,Control,Education,College access/admission,Education :: College access/admission,38b05133ffef29d3cd1e,https://nacacnet.org/factors-in-the-admission-decision,nacacnet.org,3,0.6706689397493998,0.7311206459999084,0.26887935400009155,0.8178812861442566
people/education__college_access_admission.txt,people,control,Control,Education,College access/admission,Education :: College access/admission,677bd0cf0a148a1a1bec,https://saraharberson.com/blog/hidden-factors-that-influence-who-gets-in,saraharberson.com,3,0.729502280553182,0.7250667214393616,0.2749332785606384,0.7263381481170654
people/education__college_access_admission.txt,people,control,Control,Education,College access/admission,Education :: College access/admission,a667b37e064ad7c02fb5,https://ewa.org/issues/higher-ed/what-are-some-of-the-barriers-to-college-access,ewa.org,3,0.7100871006647745,0.6828435063362122,0.31715649366378784,0.6966366171836853
people/education__college_access_admission.txt,people,control,Control,Education,College access/admission,Education :: College access/admission,c6562cefd169b5392e6a,https://pbs.org/newshour/economy/making-sense/analysis-why-access-to-college-depends-on-where-you-live,pbs.org,3,0.7474045554796854,0.7075937390327454,0.29240626096725464,0.7429792881011963
people/education__educational_opportunity_access.txt,people,control,Control,Education,Educational opportunity/access,Education :: Educational opportunity/access,17d9b671a15e90edae1a,https://worldvision.ca/en/stories/why-do-so-many-people-lack-access-to-education,worldvision.ca,3,0.7124329606691996,0.6038005948066711,0.39619940519332886,0.6135215759277344
people/education__educational_opportunity_access.txt,people,control,Control,Education,Educational opportunity/access,Education :: Educational opportunity/access,503197299042efabacfe,https://ijetsar.com/index.php/pub/article/view/318,ijetsar.com,3,0.755795975526174,0.6665345430374146,0.33346545696258545,0.7169673442840576
people/education__educational_opportunity_access.txt,people,control,Control,Education,Educational opportunity/access,Education :: Educational opportunity/access,ae1adeb47be57a26c35c,https://ncbi.nlm.nih.gov/books/NBK596380,nih.gov,3,0.7063052256902059,0.6475698351860046,0.35243016481399536,0.7225044369697571
people/education__harassment_bullying.txt,people,control,Control,Education,Harassment/bullying,Education :: Harassment/bullying,231f5f3d9b3eb4ee1001,https://frontiersin.org/journals/psychology/articles/10.3389/fpsyg.2025.1664252/full,frontiersin.org,3,0.8013404011726379,0.735998809337616,0.26400119066238403,0.7469995021820068
people/education__harassment_bullying.txt,people,control,Control,Education,Harassment/bullying,Education :: Harassment/bullying,2636390fa210b21c5b17,https://unesco.org/en/articles/school-violence-and-bullying-major-global-issue-new-unesco-publication-finds,unesco.org,3,0.7487858533859253,0.7417696118354797,0.25823038816452026,0.7647280693054199
people/education__harassment_bullying.txt,people,control,Control,Education,Harassment/bullying,Education :: Harassment/bullying,3ab2c9e0cad5c30257b8,https://unesco.org/en/articles/what-you-need-know-about-school-violence-and-bullying,unesco.org,3,0.7194010416666666,0.6832444667816162,0.3167555332183838,0.7054672241210938
people/education__harassment_bullying.txt,people,control,Control,Education,Harassment/bullying,Education :: Harassment/bullying,dd9497a3bf45be87dcad,https://tylerclementi.org/why-do-students-bully,tylerclementi.org,3,0.7513219912846884,0.7413803935050964,0.25861960649490356,0.7466427683830261
people/education__harassment_bullying.txt,people,control,Control,Education,Harassment/bullying,Education :: Harassment/bullying,de97989e2c58b58c1615,https://pmc.ncbi.nlm.nih.gov/articles/PMC12210411,nih.gov,3,0.7376479705174764,0.6996331214904785,0.3003668785095215,0.7252633571624756
people/employment__career_advancement.txt,people,control,Control,Employment,Career advancement,Employment :: Career advancement,075a8b58f4708d0c42f7,https://pt.scribd.com/document/801667475/Factors-Affecting-Career-Development,scribd.com,3,0.6698041359583536,0.6368809342384338,0.36311906576156616,0.6823033094406128
people/employment__career_advancement.txt,people,control,Control,Employment,Career advancement,Employment :: Career advancement,3f0fb0fde946a6f7f8bd,https://pmc.ncbi.nlm.nih.gov/articles/PMC11576451,nih.gov,3,0.7527128060658773,0.6990445256233215,0.30095547437667847,0.7191621661186218
people/employment__hiring.txt,people,control,Control,Employment,Hiring,Employment :: Hiring,4f9f16684e8f90717bf1,https://pt.scribd.com/document/695342437/Process-and-Factors-Affecting-Recruitment,scribd.com,3,0.6808849970499674,0.6067069172859192,0.3932930827140808,0.6714524030685425
people/employment__hiring.txt,people,control,Control,Employment,Hiring,Employment :: Hiring,7c1d9a3341e5da85367f,https://kitchenerexecutive.com/5-factors-that-impact-successful-recruitment-and-hiring,kitchenerexecutive.com,3,0.6727491418520609,0.6855039596557617,0.3144960403442383,0.7078266143798828
people/employment__hiring.txt,people,control,Control,Employment,Hiring,Employment :: Hiring,84a1efdfceb4752f5813,https://workassist.in/blog/what-are-the-factors-that-affect-the-recruitment-process,workassist.in,3,0.6901776790618896,0.7121019959449768,0.2878980040550232,0.8057612180709839
people/employment__hiring.txt,people,control,Control,Employment,Hiring,Employment :: Hiring,99060ea25907c911cab3,https://pt.scribd.com/document/817482123/Factors-That-Affect-Recruiting-Efforts,scribd.com,3,0.6587808926900228,0.6224016547203064,0.3775983452796936,0.6327935457229614
people/employment__hiring.txt,people,control,Control,Employment,Hiring,Employment :: Hiring,ca780bf77717d2080739,https://hiring.careerone.com.au/content/hiring-advice/5-critical-factors-to-consider-when-hiring-an-employee,careerone.com.au,3,0.6226827700932821,0.6132286787033081,0.3867713212966919,0.6489161252975464
people/employment__hiring.txt,people,control,Control,Employment,Hiring,Employment :: Hiring,d5698368efb41b6e0130,https://prostaffworkforce.com/8-influences-that-impact-a-candidates-decision-to-accept-a-job,prostaffworkforce.com,3,0.6440462072690328,0.6016251444816589,0.39837485551834106,0.6749974489212036
people/employment__hiring.txt,people,control,Control,Employment,Hiring,Employment :: Hiring,db591d0d69963bd23ca4,https://personnelconsultant.co.th/en/column/2025/03/2671,personnelconsultant.co.th,3,0.7659448981285095,0.7544613480567932,0.2455386519432068,0.806208610534668
people/employment__hiring.txt,people,control,Control,Employment,Hiring,Employment :: Hiring,fd67fc909c0248dadd7a,https://pt.scribd.com/document/200491424/Factor-Effecting-Recruitment,scribd.com,3,0.6695892612139384,0.6172387003898621,0.38276129961013794,0.6428055763244629
people/employment__workplace_harassment.txt,people,control,Control,Employment,Workplace harassment,Employment :: Workplace harassment,c8790fcbc603a7b1e461,https://cavignac.com/blog/risk-factors-for-harassment-in-the-workplace,cavignac.com,3,0.7214567065238953,0.7075783610343933,0.2924216389656067,0.7928164601325989
people/employment__workplace_harassment.txt,people,control,Control,Employment,Workplace harassment,Employment :: Workplace harassment,e57e47dd6ee9b35ba01a,https://lundelllawfirm.com/post/common-sources-of-workplace-harassment,lundelllawfirm.com,3,0.7772315740585327,0.8086473941802979,0.19135260581970215,0.8382724523544312
people/employment__workplace_harassment.txt,people,control,Control,Employment,Workplace harassment,Employment :: Workplace harassment,eaa3412cf61d13fbd699,https://cupe.ca/workplace-harassment-and-mental-injuries-examining-root-causes-1,cupe.ca,3,0.8182786504427592,0.8216946721076965,0.17830532789230347,0.8502117991447449
people/government_benefits__access_to_government_benefits.txt,people,control,Control,Government Benefits,Access to government benefits,Government Benefits :: Access to government benefits,8cffc442ce1c61bfdcf6,https://catalog.results4america.org/strategies/reducing-obstacles,results4america.org,3,0.6839493910471598,0.7206268310546875,0.2793731689453125,0.8027865290641785
people/government_benefits__access_to_government_benefits.txt,people,control,Control,Government Benefits,Access to government benefits,Government Benefits :: Access to government benefits,929bb41200172b135894,https://ncbi.nlm.nih.gov/books/NBK547368,nih.gov,3,0.6820964813232422,0.7099366784095764,0.2900633215904236,0.746930718421936
people/government_benefits__access_to_government_benefits.txt,people,control,Control,Government Benefits,Access to government benefits,Government Benefits :: Access to government benefits,dfcf20de8631d5542ed9,https://ideas.repec.org/p/soa/wpaper/265.html,repec.org,3,0.5875058571497599,0.5514842867851257,0.44851571321487427,0.6204830408096313
people/government_benefits__application_approval.txt,people,control,Control,Government Benefits,Application/approval,Government Benefits :: Application/approval,0a5867e30901ee475f49,https://forumtogether.org/article/fact-sheet-immigrants-and-public-benefits-in-2026,forumtogether.org,3,0.6627260446548462,0.5875434279441833,0.41245657205581665,0.6552651524543762
people/government_benefits__application_approval.txt,people,control,Control,Government Benefits,Application/approval,Government Benefits :: Application/approval,0abc9bfcd7acd1242c01,https://wmnf.org/research-shows-government-benefits-help-low%E2%80%91income-people-find-jobs-news,wmnf.org,3,0.6223737398783366,0.5271599292755127,0.4728400707244873,0.6456697583198547
people/government_benefits__application_approval.txt,people,control,Control,Government Benefits,Application/approval,Government Benefits :: Application/approval,8cffc442ce1c61bfdcf6,https://catalog.results4america.org/strategies/reducing-obstacles,results4america.org,3,0.6739441156387329,0.646140992641449,0.353859007358551,0.7533544301986694
people/government_benefits__application_approval.txt,people,control,Control,Government Benefits,Application/approval,Government Benefits :: Application/approval,dfcf20de8631d5542ed9,https://ideas.repec.org/p/soa/wpaper/265.html,repec.org,3,0.5931405425071716,0.5179708003997803,0.4820291996002197,0.6056985259056091
people/government_benefits__benefit_retention_renewal.txt,people,control,Control,Government Benefits,Benefit retention / renewal,Government Benefits :: Benefit retention / renewal,060e0ca0a05915ac6acf,https://hsph.harvard.edu/news/the-problem-with-medicaid-unwinding,harvard.edu,3,0.6402530272801717,0.7111329436302185,0.2888670563697815,0.7237741947174072
people/government_benefits__benefit_retention_renewal.txt,people,control,Control,Government Benefits,Benefit retention / renewal,Government Benefits :: Benefit retention / renewal,662247e28f7bdd4ed680,https://legal.thomsonreuters.com/blog/why-have-millions-lost-medicaid-coverage,thomsonreuters.com,3,0.5848851601282755,0.627089262008667,0.372910737991333,0.6571799516677856
people/government_benefits__benefit_retention_renewal.txt,people,control,Control,Government Benefits,Benefit retention / renewal,Government Benefits :: Benefit retention / renewal,72ee218d54111229084d,https://fortunahealth.com/insights/how-health-plans-reduce-medicaid-coverage-churn,fortunahealth.com,3,0.6104838649431864,0.6328970193862915,0.3671029806137085,0.692273736000061
people/government_benefits__benefit_retention_renewal.txt,people,control,Control,Government Benefits,Benefit retention / renewal,Government Benefits :: Benefit retention / renewal,bf17f4d22ba5f138c62d,https://publichealthpost.org/health-equity/medicaid-renewal-and-the-risks-of-unenrollment,publichealthpost.org,3,0.5801679293314616,0.6541810035705566,0.34581899642944336,0.7068246006965637
people/government_benefits__benefit_retention_renewal.txt,people,control,Control,Government Benefits,Benefit retention / renewal,Government Benefits :: Benefit retention / renewal,dcdca30ed188aba7492f,https://route-fifty.com/digital-government/2026/09/why-some-residents-disabilities-are-losing-medicaid-and-snap-they-apply/416103,route-fifty.com,3,0.4947182834148407,0.6388251185417175,0.36117488145828247,0.6440890431404114
people/government_benefits__benefit_retention_renewal.txt,people,control,Control,Government Benefits,Benefit retention / renewal,Government Benefits :: Benefit retention / renewal,fd49b882d7318ce94f6a,https://kff.org/medicaid/recent-medicaid-chip-enrollment-declines-and-barriers-to-maintaining-coverage,kff.org,3,0.6125172177950541,0.6918938755989075,0.30810612440109253,0.69936603307724
people/healthcare__insurance_coverage.txt,people,control,Control,Healthcare,Insurance coverage,Healthcare :: Insurance coverage,010b00a1605b667519b0,https://pmc.ncbi.nlm.nih.gov/articles/PMC6125037,nih.gov,3,0.7495182752609253,0.676213264465332,0.32378673553466797,0.7034010887145996
people/healthcare__insurance_coverage.txt,people,control,Control,Healthcare,Insurance coverage,Healthcare :: Insurance coverage,11172d1372c474504129,https://pmc.ncbi.nlm.nih.gov/articles/PMC12228375,nih.gov,3,0.7879511117935181,0.6852495074272156,0.3147504925727844,0.7400428056716919
people/healthcare__insurance_coverage.txt,people,control,Control,Healthcare,Insurance coverage,Healthcare :: Insurance coverage,7b32c7d7ea8dc1b3a5d6,https://ncbi.nlm.nih.gov/books/NBK223643,nih.gov,3,0.7914524873097738,0.6948447823524475,0.3051552176475525,0.7053492069244385
people/healthcare__insurance_coverage.txt,people,control,Control,Healthcare,Insurance coverage,Healthcare :: Insurance coverage,a1d174236c5e6d89a912,https://pmc.ncbi.nlm.nih.gov/articles/PMC7878644,nih.gov,3,0.7063777645428976,0.680370032787323,0.319629967212677,0.7084794044494629
people/healthcare__insurance_coverage.txt,people,control,Control,Healthcare,Insurance coverage,Healthcare :: Insurance coverage,b2f4675adc89c73e3dc2,https://bajajgeneralinsurance.com/blog/health-insurance-articles/key-factors-that-affect-health-insurance-premiums.html,bajajgeneralinsurance.com,3,0.7566544016202291,0.7436618804931641,0.25633811950683594,0.83098304271698
people/healthcare__insurance_coverage.txt,people,control,Control,Healthcare,Insurance coverage,Healthcare :: Insurance coverage,cef035ad45aaba1c01db,https://mayfieldis.com/blogs/factors-that-influence-health-insurance-premiums,mayfieldis.com,3,0.7607795596122742,0.7779528498649597,0.22204715013504028,0.8750767111778259
people/healthcare__patient_safety.txt,people,control,Control,Healthcare,Patient safety,Healthcare :: Patient safety,33c754c0e264fe2c55c8,https://rasmussen.edu/degrees/health-sciences/blog/patient-safety-in-hospitals,rasmussen.edu,3,0.7656146685282389,0.682844340801239,0.317155659198761,0.7060365676879883
people/healthcare__patient_safety.txt,people,control,Control,Healthcare,Patient safety,Healthcare :: Patient safety,3952700851987a1de36e,https://who.int/news-room/fact-sheets/detail/patient-safety,who.int,3,0.7394743164380392,0.6656011939048767,0.3343988060951233,0.7139434814453125
people/healthcare__patient_safety.txt,people,control,Control,Healthcare,Patient safety,Healthcare :: Patient safety,68286f9b7eabe61ca0c5,https://study.com/academy/lesson/patient-safety-satisfaction-in-healthcare.html,study.com,3,0.6260157227516174,0.6181702017784119,0.38182979822158813,0.6335321664810181
people/healthcare__patient_safety.txt,people,control,Control,Healthcare,Patient safety,Healthcare :: Patient safety,716d7af0c47c1817f115,https://pmc.ncbi.nlm.nih.gov/articles/PMC10565149,nih.gov,3,0.735876719156901,0.6687352061271667,0.33126479387283325,0.6770927906036377
people/healthcare__patient_safety.txt,people,control,Control,Healthcare,Patient safety,Healthcare :: Patient safety,8ca276fb22ac137179b3,https://nursing.maryville.edu/blog/importance-of-patient-safety,maryville.edu,3,0.7525571783383688,0.6673429608345032,0.3326570391654968,0.713116466999054
people/healthcare__patient_safety.txt,people,control,Control,Healthcare,Patient safety,Healthcare :: Patient safety,9abdcaaa522304c8940a,https://pmc.ncbi.nlm.nih.gov/articles/PMC10920988,nih.gov,3,0.7605878114700317,0.6692506670951843,0.3307493329048157,0.6804773807525635
people/healthcare__patient_safety.txt,people,control,Control,Healthcare,Patient safety,Healthcare :: Patient safety,9f78543b2ef115bd6b40,https://pmc.ncbi.nlm.nih.gov/articles/PMC5060404,nih.gov,3,0.7821733951568604,0.6491749286651611,0.35082507133483887,0.6690393686294556
people/healthcare__preventive_care.txt,people,control,Control,Healthcare,Preventive care,Healthcare :: Preventive care,10fe52480c8b8907b96a,https://pmc.ncbi.nlm.nih.gov/articles/PMC12051801,nih.gov,3,0.7944620052973429,0.7507752776145935,0.2492247223854065,0.7698971033096313
people/healthcare__preventive_care.txt,people,control,Control,Healthcare,Preventive care,Healthcare :: Preventive care,2a0434c2ca3f21f27bb1,https://pmc.ncbi.nlm.nih.gov/articles/PMC9231228,nih.gov,3,0.7762798269589742,0.7782211303710938,0.22177886962890625,0.8244876861572266
people/healthcare__preventive_care.txt,people,control,Control,Healthcare,Preventive care,Healthcare :: Preventive care,2f9ca793e04f9e6bd2af,https://pmc.ncbi.nlm.nih.gov/articles/PMC12547269,nih.gov,3,0.7981609106063843,0.7862753868103027,0.21372461318969727,0.8085614442825317
people/housing__access_to_housing.txt,people,control,Control,Housing,Access to housing,Housing :: Access to housing,710d00af8f0893ee55b8,https://endhomelessness.org/a-shortage-of-affordable-housing,endhomelessness.org,3,0.7219143112500509,0.8273746371269226,0.1726253628730774,0.8547158241271973
people/housing__access_to_housing.txt,people,control,Control,Housing,Access to housing,Housing :: Access to housing,b7ff661b9d6ab0396700,https://unitedwaynca.org/blog/causes-of-homelessness,unitedwaynca.org,3,0.7224348386128744,0.7699897885322571,0.23001021146774292,0.8438563346862793
people/housing__homelessness.txt,people,control,Control,Housing,Homelessness,Housing :: Homelessness,1498feb07652571de5fc,https://nationalhomeless.org/homelessness-in-the-us,nationalhomeless.org,3,0.8111874858538309,0.7384150624275208,0.26158493757247925,0.7747397422790527
people/housing__homelessness.txt,people,control,Control,Housing,Homelessness,Housing :: Homelessness,710d00af8f0893ee55b8,https://endhomelessness.org/a-shortage-of-affordable-housing,endhomelessness.org,3,0.6762471199035645,0.7163094878196716,0.28369051218032837,0.747735321521759
people/housing__homelessness.txt,people,control,Control,Housing,Homelessness,Housing :: Homelessness,79449cc23749d1c53e3d,https://endhomelessness.org/systemic-racism-and-marginalization,endhomelessness.org,3,0.7366613149642944,0.6662522554397583,0.3337477445602417,0.726645290851593
people/housing__homelessness.txt,people,control,Control,Housing,Homelessness,Housing :: Homelessness,84b8650227003ee0c2e3,https://fusionhousing.org/understanding-the-problem-of-homelessness,fusionhousing.org,3,0.8218262990315756,0.7202997207641602,0.27970027923583984,0.8142008781433105
people/housing__homelessness.txt,people,control,Control,Housing,Homelessness,Housing :: Homelessness,d8e45e89443f3c519c56,https://online.campbellsville.edu/social-work/factors-that-cause-homelessness,campbellsville.edu,3,0.8122220834096273,0.7284342646598816,0.2715657353401184,0.7809066772460938
people/housing__homelessness.txt,people,control,Control,Housing,Homelessness,Housing :: Homelessness,efc5a4e461dc64825498,https://betterangels.la/halo/preventions/why-are-people-homeless,betterangels.la,3,0.8020929296811422,0.7425940632820129,0.25740593671798706,0.7576642036437988
people/housing__housing_stability.txt,people,control,Control,Housing,Housing stability,Housing :: Housing stability,0bc63fc4090645f28c9f,https://odphp.health.gov/healthypeople/priority-areas/social-determinants-health/literature-summaries/housing-instability,health.gov,3,0.7146201729774475,0.696042537689209,0.303957462310791,0.7254697680473328
people/housing__housing_stability.txt,people,control,Control,Housing,Housing stability,Housing :: Housing stability,287096667b4269e94625,https://nlc.org/article/2024/05/28/exploring-the-link-between-housing-stability-and-mental-health,nlc.org,3,0.6656235655148824,0.6976580619812012,0.30234193801879883,0.7333086729049683
people/housing__housing_stability.txt,people,control,Control,Housing,Housing stability,Housing :: Housing stability,5e06dd928725e28c4e07,https://aha-inc.org/blog/common-barriers-to-housing-stabilityand-how-we-can-help-you-overcome-them,aha-inc.org,3,0.7176296909650167,0.7092021107673645,0.2907978892326355,0.7805168032646179
people/housing__housing_stability.txt,people,control,Control,Housing,Housing stability,Housing :: Housing stability,8fb45546bd08fbeb9430,https://usich.gov/sites/default/files/document/Housing-Affordability-and-Stablility-Brief.pdf,usich.gov,3,0.8074289957682291,0.7982118129730225,0.20178818702697754,0.8528653383255005
people/housing__housing_stability.txt,people,control,Control,Housing,Housing stability,Housing :: Housing stability,99224d0508786007ccfa,https://universityhealth.com/public-health/factors-shaping-health/economic-stability/housing,universityhealth.com,3,0.7061622341473898,0.715827465057373,0.28417253494262695,0.7670264840126038
people/housing__housing_stability.txt,people,control,Control,Housing,Housing stability,Housing :: Housing stability,abcdbb4756523e849cb7,https://traumainformedhousing.poah.org/housing-stability,poah.org,3,0.6722605427106222,0.706164538860321,0.29383546113967896,0.777620792388916
people/housing__housing_stability.txt,people,control,Control,Housing,Housing stability,Housing :: Housing stability,b7ff661b9d6ab0396700,https://unitedwaynca.org/blog/causes-of-homelessness,unitedwaynca.org,3,0.7208188970883688,0.7508390545845032,0.24916094541549683,0.7793201208114624
people/housing__housing_stability.txt,people,control,Control,Housing,Housing stability,Housing :: Housing stability,bd54eae3a3802c3d2e09,https://ebsco.com/research-starters/politics-and-government/housing-stability,ebsco.com,3,0.85174032052358,0.8792220950126648,0.1207779049873352,0.9365851879119873
people_with_disabilities/credit_and_financial_services__access_to_banking_services.txt,People with disabilities,minority,Disability,Credit & Financial Services,Access to banking services,Credit & Financial Services :: Access to banking services,6c4b93694bc098c77da8,https://deloitte.com/us/en/insights/industry/financial-services/accessible-banking-for-disabled.html,deloitte.com,3,0.8177920579910278,0.7052084803581238,0.2947915196418762,0.7898464202880859
people_with_disabilities/credit_and_financial_services__access_to_banking_services.txt,People with disabilities,minority,Disability,Credit & Financial Services,Access to banking services,Credit & Financial Services :: Access to banking services,78a455188f30e64ca05f,https://nationaldisabilityinstitute.org/wp-content/uploads/2018/12/access-credit-brief.pdf,nationaldisabilityinstitute.org,3,0.8125419219334921,0.7494468688964844,0.2505531311035156,0.7976179122924805
people_with_disabilities/credit_and_financial_services__access_to_banking_services.txt,People with disabilities,minority,Disability,Credit & Financial Services,Access to banking services,Credit & Financial Services :: Access to banking services,b47aa01f8cbd0aad17d4,https://levelaccess.com/blog/ada-financial-institutions,levelaccess.com,3,0.7635454932848612,0.7153651714324951,0.2846348285675049,0.7703388333320618
people_with_disabilities/credit_and_financial_services__access_to_banking_services.txt,People with disabilities,minority,Disability,Credit & Financial Services,Access to banking services,Credit & Financial Services :: Access to banking services,d8b424e3f0d73bd09c89,https://afi-global.org/opinion/financially-including-people-with-disabilities-is-possible-heres-how,afi-global.org,3,0.6554106672604879,0.6494957208633423,0.3505042791366577,0.6617909669876099
people_with_disabilities/credit_and_financial_services__access_to_credit.txt,People with disabilities,minority,Disability,Credit & Financial Services,Access to credit,Credit & Financial Services :: Access to credit,2ef614697ef626a43819,https://pmc.ncbi.nlm.nih.gov/articles/PMC11363849,nih.gov,3,0.7210270563761393,0.6281077861785889,0.37189221382141113,0.7102711200714111
people_with_disabilities/credit_and_financial_services__access_to_credit.txt,People with disabilities,minority,Disability,Credit & Financial Services,Access to credit,Credit & Financial Services :: Access to credit,78a455188f30e64ca05f,https://nationaldisabilityinstitute.org/wp-content/uploads/2018/12/access-credit-brief.pdf,nationaldisabilityinstitute.org,3,0.8625934918721517,0.8381298184394836,0.16187018156051636,0.8653463125228882
people_with_disabilities/credit_and_financial_services__access_to_credit.txt,People with disabilities,minority,Disability,Credit & Financial Services,Access to credit,Credit & Financial Services :: Access to credit,d8b424e3f0d73bd09c89,https://afi-global.org/opinion/financially-including-people-with-disabilities-is-possible-heres-how,afi-global.org,3,0.6498549183209738,0.6385868191719055,0.3614131808280945,0.6604105830192566
people_with_disabilities/credit_and_financial_services__credit_loan_approval.txt,People with disabilities,minority,Disability,Credit & Financial Services,Credit/loan approval,Credit & Financial Services :: Credit/loan approval,04983a549c468b656571,https://experian.com/blogs/ask-experian/why-credit-is-important-people-with-disabilities,experian.com,3,0.7902742226918539,0.6547906994819641,0.3452093005180359,0.6761988401412964
people_with_disabilities/credit_and_financial_services__credit_loan_approval.txt,People with disabilities,minority,Disability,Credit & Financial Services,Credit/loan approval,Credit & Financial Services :: Credit/loan approval,53f543762617e964da96,https://consumerfinance.gov/archive/newsroom/cfpb-provides-guidance-to-help-lenders-avoid-discrimination-against-consumers-receiving-disability-income,consumerfinance.gov,3,0.6698373953501383,0.6845652461051941,0.3154347538948059,0.6966152787208557
people_with_disabilities/credit_and_financial_services__credit_loan_approval.txt,People with disabilities,minority,Disability,Credit & Financial Services,Credit/loan approval,Credit & Financial Services :: Credit/loan approval,d8b424e3f0d73bd09c89,https://afi-global.org/opinion/financially-including-people-with-disabilities-is-possible-heres-how,afi-global.org,3,0.6280296047528585,0.6320633292198181,0.3679366707801819,0.7348631620407104
people_with_disabilities/criminal_justice__arrest_detention_by_police.txt,People with disabilities,minority,Disability,Criminal Justice,Arrest / detention by police,Criminal Justice :: Arrest / detention by police,2415e9b0d198ee12c665,https://safetyandjusticechallenge.org/blog/reshaping-the-justice-system-for-people-with-disabilities,safetyandjusticechallenge.org,3,0.7664172649383545,0.7979562878608704,0.20204371213912964,0.8267476558685303
people_with_disabilities/criminal_justice__arrest_detention_by_police.txt,People with disabilities,minority,Disability,Criminal Justice,Arrest / detention by police,Criminal Justice :: Arrest / detention by police,26b123cf52f9cf82773d,https://news.cornell.edu/stories/2017/11/people-disabilities-more-likely-be-arrested,cornell.edu,3,0.7843984365463257,0.7848303914070129,0.21516960859298706,0.8394819498062134
people_with_disabilities/criminal_justice__arrest_detention_by_police.txt,People with disabilities,minority,Disability,Criminal Justice,Arrest / detention by police,Criminal Justice :: Arrest / detention by police,53a00d9d67a5561eb5be,https://sites.uab.edu/humanrights/2021/11/22/injustice-in-the-justice-system-issues-of-access-for-people-with-disabilities,uab.edu,3,0.7698922952016195,0.7744589447975159,0.22554105520248413,0.8028301000595093
people_with_disabilities/criminal_justice__arrest_detention_by_police.txt,People with disabilities,minority,Disability,Criminal Justice,Arrest / detention by police,Criminal Justice :: Arrest / detention by police,6fedd2c76add6f36ccb1,https://thearc.org/our-initiatives/criminal-justice,thearc.org,3,0.7631614208221436,0.6588495373725891,0.3411504626274109,0.6823535561561584
people_with_disabilities/criminal_justice__arrest_detention_by_police.txt,People with disabilities,minority,Disability,Criminal Justice,Arrest / detention by police,Criminal Justice :: Arrest / detention by police,7efe1f2894edfcb54bc2,https://nacdd.org/criminal-legal-system,nacdd.org,3,0.7984788417816162,0.8122441172599792,0.18775588274002075,0.8468937277793884
people_with_disabilities/criminal_justice__incarceration.txt,People with disabilities,minority,Disability,Criminal Justice,Incarceration,Criminal Justice :: Incarceration,2415e9b0d198ee12c665,https://safetyandjusticechallenge.org/blog/reshaping-the-justice-system-for-people-with-disabilities,safetyandjusticechallenge.org,3,0.8308814167976379,0.7096867561340332,0.2903132438659668,0.7856135368347168
people_with_disabilities/criminal_justice__incarceration.txt,People with disabilities,minority,Disability,Criminal Justice,Incarceration,Criminal Justice :: Incarceration,2b00f95eec22ebeef439,https://sites.uab.edu/humanrights/2022/01/17/injustice-in-the-justice-system-disability-schools-and-incarceration,uab.edu,3,0.8234559297561646,0.7533888816833496,0.2466111183166504,0.7816472053527832
people_with_disabilities/criminal_justice__incarceration.txt,People with disabilities,minority,Disability,Criminal Justice,Incarceration,Criminal Justice :: Incarceration,6fedd2c76add6f36ccb1,https://thearc.org/our-initiatives/criminal-justice,thearc.org,3,0.7722178101539612,0.6352205872535706,0.36477941274642944,0.6671892404556274
people_with_disabilities/criminal_justice__incarceration.txt,People with disabilities,minority,Disability,Criminal Justice,Incarceration,Criminal Justice :: Incarceration,795f91be19122f887443,https://aaidd.org/news-policy/policy/position-statements-2/criminal-justice,aaidd.org,3,0.7182145714759827,0.6905875205993652,0.30941247940063477,0.7300708889961243
people_with_disabilities/criminal_justice__incarceration.txt,People with disabilities,minority,Disability,Criminal Justice,Incarceration,Criminal Justice :: Incarceration,9a800e6ee984f709db40,https://ndrn.org/resource/protect-the-rights-of-people-with-disabilities-involved-with-the-criminal-justice-system-the-need-for-a-criminal-justice-pa,ndrn.org,3,0.8675134181976318,0.7693389058113098,0.23066109418869019,0.7956318855285645
people_with_disabilities/criminal_justice__incarceration.txt,People with disabilities,minority,Disability,Criminal Justice,Incarceration,Criminal Justice :: Incarceration,da814da11949efab1489,https://prisonpolicy.org/research/disability,prisonpolicy.org,3,0.8607537349065145,0.7093988060951233,0.2906011939048767,0.7533446550369263
people_with_disabilities/criminal_justice__police_use_of_force.txt,People with disabilities,minority,Disability,Criminal Justice,Police use of force,Criminal Justice :: Police use of force,f738451ab7946b42ebc6,https://rudermanfoundation.org/white_papers/media-coverage-of-law-enforcement-use-of-force-and-disability,rudermanfoundation.org,3,0.7476251125335693,0.7473253607749939,0.2526746392250061,0.8087265491485596
people_with_disabilities/education__college_access_admission.txt,People with disabilities,minority,Disability,Education,College access/admission,Education :: College access/admission,1de646775400355ce27b,https://nationaldisabilitycenter.org/resources/the-current-status-of-accessibility-in-american-higher-education,nationaldisabilitycenter.org,2,0.5719164311885834,0.6256593465805054,0.37434065341949463,0.6311249732971191
people_with_disabilities/education__college_access_admission.txt,People with disabilities,minority,Disability,Education,College access/admission,Education :: College access/admission,99640cd5df9e0bc5835a,https://adata.org/research-brief/higher-education-and-ada,adata.org,3,0.8411833643913269,0.779866635799408,0.22013336420059204,0.8058355450630188
people_with_disabilities/education__college_access_admission.txt,People with disabilities,minority,Disability,Education,College access/admission,Education :: College access/admission,a9da1b74ff5e7fefcb22,https://gao.gov/blog/disability-pride-month-we-highlight-our-work-college-campus-access-issues,gao.gov,3,0.8120998740196228,0.7645203471183777,0.23547965288162231,0.800223708152771
people_with_disabilities/education__college_access_admission.txt,People with disabilities,minority,Disability,Education,College access/admission,Education :: College access/admission,d05ba98dfc1816b373b5,https://higheredtoday.org/2020/10/19/higher-educations-challenge-disability-inclusion-campus,higheredtoday.org,3,0.7640158931414286,0.7343810200691223,0.2656189799308777,0.7489253282546997
people_with_disabilities/education__college_access_admission.txt,People with disabilities,minority,Disability,Education,College access/admission,Education :: College access/admission,d81a2a09aa46bb4da7f7,https://adata.org/research-brief/digital-access-students-higher-education-and-ada,adata.org,3,0.7914697726567587,0.7600855827331543,0.2399144172668457,0.7966548800468445
people_with_disabilities/education__college_access_admission.txt,People with disabilities,minority,Disability,Education,College access/admission,Education :: College access/admission,f2997420597fea53f7fb,https://pmc.ncbi.nlm.nih.gov/articles/PMC12135156,nih.gov,3,0.7687957485516866,0.7565962672233582,0.24340373277664185,0.7810009717941284
people_with_disabilities/education__educational_opportunity_access.txt,People with disabilities,minority,Disability,Education,Educational opportunity/access,Education :: Educational opportunity/access,0c00daf7d8d00c4a7b0f,https://digitalcommons.georgiasouthern.edu/etd_legacy/361,georgiasouthern.edu,3,0.712479035059611,0.7126710414886475,0.28732895851135254,0.7428821325302124
people_with_disabilities/education__educational_opportunity_access.txt,People with disabilities,minority,Disability,Education,Educational opportunity/access,Education :: Educational opportunity/access,1168c6a531a39de19ccf,https://ihep.org/press/new-report-higher-education-opportunities-for-students-with-disabilities-a-primer-for-policymakers,ihep.org,3,0.8338497082392374,0.7830209136009216,0.21697908639907837,0.8022603988647461
people_with_disabilities/education__educational_opportunity_access.txt,People with disabilities,minority,Disability,Education,Educational opportunity/access,Education :: Educational opportunity/access,1cf8b4ac2e46d00fad7f,https://eastersealsar.com/the-effectiveness-of-inclusive-education-for-children-with-disabilities,eastersealsar.com,3,0.8240405917167664,0.7009472846984863,0.29905271530151367,0.723686933517456
people_with_disabilities/education__educational_opportunity_access.txt,People with disabilities,minority,Disability,Education,Educational opportunity/access,Education :: Educational opportunity/access,2166352a3684df11d5b7,https://share.google/WL4B9mlnloF38BtQj,share.google,3,0.8307027419408163,0.7646300196647644,0.2353699803352356,0.7988694310188293
people_with_disabilities/education__educational_opportunity_access.txt,People with disabilities,minority,Disability,Education,Educational opportunity/access,Education :: Educational opportunity/access,5099cef17796a94d75ff,https://right-to-education.org/issue-page/marginalised-groups/persons-disabilities,right-to-education.org,3,0.7937965194384257,0.7578744292259216,0.24212557077407837,0.7773830890655518
people_with_disabilities/education__educational_opportunity_access.txt,People with disabilities,minority,Disability,Education,Educational opportunity/access,Education :: Educational opportunity/access,54a0a89226664ce0c0d1,https://changingperspectivesnow.org/2024/07/10/disability-inclusion-in-education-the-benefits-importance-for-all-students,changingperspectivesnow.org,3,0.7853850722312927,0.7095537185668945,0.29044628143310547,0.7388038635253906
people_with_disabilities/education__educational_opportunity_access.txt,People with disabilities,minority,Disability,Education,Educational opportunity/access,Education :: Educational opportunity/access,73d473292be84136e0f4,https://ncld.org/understand-the-issues,ncld.org,3,0.7904639641443888,0.7841095328330994,0.21589046716690063,0.8251177072525024
people_with_disabilities/education__harassment_bullying.txt,People with disabilities,minority,Disability,Education,Harassment/bullying,Education :: Harassment/bullying,1373c11e30c98a1e1208,https://corwin-connect.com/2014/10/bullying-students-with-disabilities,corwin-connect.com,3,0.7834750215212504,0.7833189368247986,0.21668106317520142,0.8276088237762451
people_with_disabilities/education__harassment_bullying.txt,People with disabilities,minority,Disability,Education,Harassment/bullying,Education :: Harassment/bullying,213576841aebdeee7327,https://wrightslaw.com/info/bullying.tipsheet.pdf,wrightslaw.com,3,0.7988493839899699,0.7371677756309509,0.2628322243690491,0.7649369239807129
people_with_disabilities/education__harassment_bullying.txt,People with disabilities,minority,Disability,Education,Harassment/bullying,Education :: Harassment/bullying,4a16dbdaea150ac47f74,https://pacer.org/bullying/info/students-with-disabilities,pacer.org,3,0.8096197843551636,0.7852935194969177,0.21470648050308228,0.8493548631668091
people_with_disabilities/education__harassment_bullying.txt,People with disabilities,minority,Disability,Education,Harassment/bullying,Education :: Harassment/bullying,5db9a8deb87e6022dced,https://pmc.ncbi.nlm.nih.gov/articles/PMC7820533,nih.gov,3,0.8023872375488281,0.8346976637840271,0.1653023362159729,0.8887326121330261
people_with_disabilities/education__harassment_bullying.txt,People with disabilities,minority,Disability,Education,Harassment/bullying,Education :: Harassment/bullying,c5289737e03e107c70a9,https://stopbullying.gov/bullying/special-needs,stopbullying.gov,3,0.8087453246116638,0.8509908318519592,0.14900916814804077,0.9063779711723328
people_with_disabilities/education__harassment_bullying.txt,People with disabilities,minority,Disability,Education,Harassment/bullying,Education :: Harassment/bullying,d170e49ee5530c51beed,https://ednc.org/bullying-another-challenge-students-disabilities,ednc.org,3,0.8184800545374552,0.7901272773742676,0.20987272262573242,0.9161420464515686
people_with_disabilities/education__harassment_bullying.txt,People with disabilities,minority,Disability,Education,Harassment/bullying,Education :: Harassment/bullying,fccbe51b47cef644e2cb,https://slugerassociates.com/resources/legally-addressing-bullying-of-students-with-disabilities,slugerassociates.com,3,0.8036512732505798,0.7706286311149597,0.22937136888504028,0.8173717260360718
people_with_disabilities/employment__career_advancement.txt,People with disabilities,minority,Disability,Employment,Career advancement,Employment :: Career advancement,0b2397d8cfda222f6497,https://ccrw.org/unlocking-career-advancement,ccrw.org,3,0.8874191840489706,0.7320290207862854,0.2679709792137146,0.7808804512023926
people_with_disabilities/employment__career_advancement.txt,People with disabilities,minority,Disability,Employment,Career advancement,Employment :: Career advancement,37c38b7f648527b3cc8e,https://abilitykc.org/5-commonly-faced-barriers-to-employment-that-persons-with-disabilities-often-face,abilitykc.org,3,0.8277443846066793,0.6638902425765991,0.3361097574234009,0.7041582465171814
people_with_disabilities/employment__career_advancement.txt,People with disabilities,minority,Disability,Employment,Career advancement,Employment :: Career advancement,6f6c3216ce142301efb4,https://production-askearn-org.s3.amazonaws.com/EARN_Rising_Though_Ranks_2bb6055891.pdf,amazonaws.com,3,0.8409052689870199,0.7316091060638428,0.2683908939361572,0.7867295742034912
people_with_disabilities/employment__career_advancement.txt,People with disabilities,minority,Disability,Employment,Career advancement,Employment :: Career advancement,8f4d8feda1fadba3c2b1,https://ccrw.org/wp-content/uploads/2024/10/Career-advancement-pathways-for-workers-with-disabilities_CCRW_Trends-Report-2024.pdf,ccrw.org,3,0.8943840662638346,0.7561201453208923,0.24387985467910767,0.7669201493263245
people_with_disabilities/employment__career_advancement.txt,People with disabilities,minority,Disability,Employment,Career advancement,Employment :: Career advancement,ad3d06d004138f665a84,https://disabledperson.com/careeer-development-pwd,disabledperson.com,3,0.8296185731887817,0.7417211532592773,0.25827884674072266,0.8298665285110474
people_with_disabilities/employment__career_advancement.txt,People with disabilities,minority,Disability,Employment,Career advancement,Employment :: Career advancement,b9a2e1e2d43afe516517,https://psychology.town/psychosocial-issues-in-disability/career-development-strategies-disabilities,psychology.town,3,0.8454338510831197,0.742682933807373,0.25731706619262695,0.7990427017211914
people_with_disabilities/employment__hiring.txt,People with disabilities,minority,Disability,Employment,Hiring,Employment :: Hiring,105372fbb63a94777ba8,https://bobbydodd.org/five-legit-reasons-to-hire-people-with-disabilities,bobbydodd.org,3,0.8635565241177877,0.7467072606086731,0.2532927393913269,0.8302391767501831
people_with_disabilities/employment__hiring.txt,People with disabilities,minority,Disability,Employment,Hiring,Employment :: Hiring,37c38b7f648527b3cc8e,https://abilitykc.org/5-commonly-faced-barriers-to-employment-that-persons-with-disabilities-often-face,abilitykc.org,3,0.8458895285924276,0.7097334265708923,0.29026657342910767,0.7663970589637756
people_with_disabilities/employment__hiring.txt,People with disabilities,minority,Disability,Employment,Hiring,Employment :: Hiring,686882f57b414490847f,https://uschamber.com/workforce/six-things-for-employers-to-consider-when-hiring-individuals-with-disabilities,uschamber.com,3,0.8373158971468607,0.6746924519538879,0.32530754804611206,0.7420696020126343
people_with_disabilities/employment__hiring.txt,People with disabilities,minority,Disability,Employment,Hiring,Employment :: Hiring,9d091f0eefab73b697bc,https://transcen.org/top-10-reasons-to-hire-an-applicant-with-a-disability,transcen.org,3,0.8351035912831625,0.7563844323158264,0.24361556768417358,0.7731420397758484
people_with_disabilities/employment__hiring.txt,People with disabilities,minority,Disability,Employment,Hiring,Employment :: Hiring,bd71aa7770417752b96a,https://pmc.ncbi.nlm.nih.gov/articles/PMC10172218,nih.gov,3,0.8769364356994629,0.8132030367851257,0.18679696321487427,0.8614311218261719
people_with_disabilities/employment__hiring.txt,People with disabilities,minority,Disability,Employment,Hiring,Employment :: Hiring,c8c020231252e7ed3196,https://tacqe.com/demand-side-factors-employment-people-with-disabilities,tacqe.com,3,0.827216903368632,0.7324888706207275,0.26751112937927246,0.7817003726959229
people_with_disabilities/employment__hiring.txt,People with disabilities,minority,Disability,Employment,Hiring,Employment :: Hiring,dc82c28f7aa43b00a555,https://bls.gov/opub/ted/2020/barriers-to-employment-for-people-with-a-disability.htm,bls.gov,3,0.35793068011601764,0.4194195568561554,0.5805804431438446,0.4685467779636383
people_with_disabilities/employment__hiring.txt,People with disabilities,minority,Disability,Employment,Hiring,Employment :: Hiring,fa51c6c99aa0429d37ca,https://greatplacetowork.com/resources/blog/hiring-employees-with-disabilities,greatplacetowork.com,3,0.8222364981969198,0.7116193771362305,0.28838062286376953,0.7155695557594299
people_with_disabilities/employment__workplace_harassment.txt,People with disabilities,minority,Disability,Employment,Workplace harassment,Employment :: Workplace harassment,3ba524b9ce68d9d17b14,https://northeastada.org/blog/workplace-bullying-harassment-and-disability,northeastada.org,3,0.8314852714538574,0.8201392292976379,0.17986077070236206,0.8511987924575806
people_with_disabilities/employment__workplace_harassment.txt,People with disabilities,minority,Disability,Employment,Workplace harassment,Employment :: Workplace harassment,527e09711f7e835bc3c6,https://adata.org/research-brief/experience-discrimination-and-ada,adata.org,3,0.8195209900538126,0.7796966433525085,0.22030335664749146,0.806516706943512
people_with_disabilities/employment__workplace_harassment.txt,People with disabilities,minority,Disability,Employment,Workplace harassment,Employment :: Workplace harassment,5b35d5c642a43029eeb3,https://outtengolden.com/issues/disability-rights-discrimination,outtengolden.com,3,0.7717119654019674,0.7254562973976135,0.2745437026023865,0.7467770576477051
people_with_disabilities/employment__workplace_harassment.txt,People with disabilities,minority,Disability,Employment,Workplace harassment,Employment :: Workplace harassment,a8717f385d1d0b3286d4,https://hearinghealthfoundation.org/blogs/equality-for-all-understanding-disability-discrimination-in-the-workplace,hearinghealthfoundation.org,3,0.8158778548240662,0.7855289578437805,0.21447104215621948,0.8075838088989258
people_with_disabilities/employment__workplace_harassment.txt,People with disabilities,minority,Disability,Employment,Workplace harassment,Employment :: Workplace harassment,bd71aa7770417752b96a,https://pmc.ncbi.nlm.nih.gov/articles/PMC10172218,nih.gov,3,0.739721417427063,0.7033595442771912,0.29664045572280884,0.7325124740600586
people_with_disabilities/employment__workplace_harassment.txt,People with disabilities,minority,Disability,Employment,Workplace harassment,Employment :: Workplace harassment,d76d6c5652d517834b5c,https://fiffiklaw.com/post/dealing-with-disability-harassment-in-the-workplace,fiffiklaw.com,3,0.8239860335985819,0.7725942730903625,0.22740572690963745,0.7792376279830933
people_with_disabilities/employment__workplace_harassment.txt,People with disabilities,minority,Disability,Employment,Workplace harassment,Employment :: Workplace harassment,dcf76c7d7d301b525a65,https://cunninghampllc.com/blog/when-does-disability-discrimination-cross-into-harassment,cunninghampllc.com,3,0.8172577619552612,0.7984525561332703,0.20154744386672974,0.8299999237060547
people_with_disabilities/government_benefits__access_to_government_benefits.txt,People with disabilities,minority,Disability,Government Benefits,Access to government benefits,Government Benefits :: Access to government benefits,00d2e70f80bb40cec88c,https://advocacysnt.org/articles/avoiding-benefits-trap-special-needs-planning,advocacysnt.org,3,0.7580907940864563,0.7066795825958252,0.2933204174041748,0.7590845823287964
people_with_disabilities/government_benefits__access_to_government_benefits.txt,People with disabilities,minority,Disability,Government Benefits,Access to government benefits,Government Benefits :: Access to government benefits,23c76c786cea87dd5925,https://crr.bc.edu/many-barriers-hinder-rural-use-of-government-programs,bc.edu,3,0.7049362460772196,0.7072436213493347,0.2927563786506653,0.71747225522995
people_with_disabilities/government_benefits__access_to_government_benefits.txt,People with disabilities,minority,Disability,Government Benefits,Access to government benefits,Government Benefits :: Access to government benefits,3cddef3a39cba22de7bc,https://specialneedsalliance.org/special-needs-101/government-benefits,specialneedsalliance.org,3,0.7078986366589864,0.6409286856651306,0.3590713143348694,0.6776014566421509
people_with_disabilities/government_benefits__access_to_government_benefits.txt,People with disabilities,minority,Disability,Government Benefits,Access to government benefits,Government Benefits :: Access to government benefits,3d8ec638c71ff7751b30,https://aspe.hhs.gov/reports/federal-programs-persons-disabilities-0,hhs.gov,3,0.7929507891337076,0.6839025616645813,0.3160974383354187,0.7215359210968018
people_with_disabilities/government_benefits__access_to_government_benefits.txt,People with disabilities,minority,Disability,Government Benefits,Access to government benefits,Government Benefits :: Access to government benefits,9eec732e3bedb19ae9a7,https://thearc.org/blog/testimony-the-crucial-importance-of-social-security-benefits-for-people-with-disabilities,thearc.org,3,0.7100324034690857,0.5861687064170837,0.41383129358291626,0.6476235389709473
people_with_disabilities/government_benefits__access_to_government_benefits.txt,People with disabilities,minority,Disability,Government Benefits,Access to government benefits,Government Benefits :: Access to government benefits,c2e5bbebb15177ec589e,https://ncd.gov/report/2023-progress-report-toward-economic-security-the-impact-of-income-and-asset-limits-on-people-with-disabilities,ncd.gov,3,0.809889574845632,0.7201876640319824,0.2798123359680176,0.7864854335784912
people_with_disabilities/government_benefits__access_to_government_benefits.txt,People with disabilities,minority,Disability,Government Benefits,Access to government benefits,Government Benefits :: Access to government benefits,d26c4b08f15685b3ce67,https://nationaldisabilityinstitute.org/financial-resilience-center/benefits,nationaldisabilityinstitute.org,3,0.6464130083719889,0.638152539730072,0.361847460269928,0.6768015027046204
people_with_disabilities/government_benefits__application_approval.txt,People with disabilities,minority,Disability,Government Benefits,Application/approval,Government Benefits :: Application/approval,78d086521ed6af3cc131,https://disabilityadvice.org/ssdi/approval-process/approval-by-age,disabilityadvice.org,3,0.6829943259557089,0.8127227425575256,0.18727725744247437,0.8315828442573547
people_with_disabilities/government_benefits__application_approval.txt,People with disabilities,minority,Disability,Government Benefits,Application/approval,Government Benefits :: Application/approval,b199b2d571384622f2b5,https://lemoinelawfirm.com/what-are-the-most-approved-disabilities,lemoinelawfirm.com,3,0.6545725464820862,0.6540127396583557,0.3459872603416443,0.8141782283782959
people_with_disabilities/government_benefits__application_approval.txt,People with disabilities,minority,Disability,Government Benefits,Application/approval,Government Benefits :: Application/approval,bc8323ebec11ac886d98,https://lemoinelawfirm.com/top-10-signs-you-will-win-disability-benefits,lemoinelawfirm.com,3,0.7302011450131735,0.7244407534599304,0.2755592465400696,0.7914234399795532
people_with_disabilities/government_benefits__application_approval.txt,People with disabilities,minority,Disability,Government Benefits,Application/approval,Government Benefits :: Application/approval,c4998292997d409b465e,https://roblevine.com/faqs/what-conditions-automatically-qualify-you-for-disability,roblevine.com,3,0.6796187361081442,0.7284943461418152,0.2715056538581848,0.7507082223892212
people_with_disabilities/government_benefits__benefit_retention_renewal.txt,People with disabilities,minority,Disability,Government Benefits,Benefit retention / renewal,Government Benefits :: Benefit retention / renewal,00d2e70f80bb40cec88c,https://advocacysnt.org/articles/avoiding-benefits-trap-special-needs-planning,advocacysnt.org,3,0.7577448487281799,0.7548509240150452,0.24514907598495483,0.7917183637619019
people_with_disabilities/government_benefits__benefit_retention_renewal.txt,People with disabilities,minority,Disability,Government Benefits,Benefit retention / renewal,Government Benefits :: Benefit retention / renewal,4b5317d8e58b8d9a3896,https://pmc.ncbi.nlm.nih.gov/articles/PMC11701976,nih.gov,3,0.7446053624153137,0.7241125106811523,0.27588748931884766,0.7448344230651855
people_with_disabilities/government_benefits__benefit_retention_renewal.txt,People with disabilities,minority,Disability,Government Benefits,Benefit retention / renewal,Government Benefits :: Benefit retention / renewal,4c20dc1a4db595a76e29,https://pmc.ncbi.nlm.nih.gov/articles/PMC13103809,nih.gov,3,0.6579711437225342,0.6409037113189697,0.3590962886810303,0.6739591956138611
people_with_disabilities/government_benefits__benefit_retention_renewal.txt,People with disabilities,minority,Disability,Government Benefits,Benefit retention / renewal,Government Benefits :: Benefit retention / renewal,6b02b8f628934e7fe41d,https://protectourcare.org/fact-sheet-medicaid-is-a-lifeline-for-people-with-disabilities-2,protectourcare.org,3,0.7621438105901083,0.7447077631950378,0.25529223680496216,0.7909208536148071
people_with_disabilities/government_benefits__benefit_retention_renewal.txt,People with disabilities,minority,Disability,Government Benefits,Benefit retention / renewal,Government Benefits :: Benefit retention / renewal,8ddd6d53dc7be053bcfb,https://musticolaw.com/if-disability-worsens-does-the-government-increase-benefits,musticolaw.com,3,0.7008123795191447,0.729905903339386,0.270094096660614,0.7681360840797424
people_with_disabilities/government_benefits__benefit_retention_renewal.txt,People with disabilities,minority,Disability,Government Benefits,Benefit retention / renewal,Government Benefits :: Benefit retention / renewal,a85f25d2749a8dfc9c91,https://kuntzsslaw.com/2020/03/27/positive-negative-factors-which-affect-disability-claim,kuntzsslaw.com,3,0.7012192209561666,0.7253424525260925,0.27465754747390747,0.7641863822937012
people_with_disabilities/government_benefits__benefit_retention_renewal.txt,People with disabilities,minority,Disability,Government Benefits,Benefit retention / renewal,Government Benefits :: Benefit retention / renewal,b7dcc8ca584d5d831fb1,https://ccf.georgetown.edu/2023/03/27/medicaid-coverage-at-risk-for-people-with-disabilities-how-you-can-help,georgetown.edu,3,0.6769188046455383,0.614299476146698,0.385700523853302,0.6918132305145264
people_with_disabilities/government_benefits__benefit_retention_renewal.txt,People with disabilities,minority,Disability,Government Benefits,Benefit retention / renewal,Government Benefits :: Benefit retention / renewal,c41fe4fae4dcf9eae631,https://achieva.info/blog/feds-seek-to-remove-medicaid-barriers-for-those-with-disabilities,achieva.info,3,0.647079865137736,0.6750048995018005,0.32499510049819946,0.7394779920578003
people_with_disabilities/government_benefits__benefit_retention_renewal.txt,People with disabilities,minority,Disability,Government Benefits,Benefit retention / renewal,Government Benefits :: Benefit retention / renewal,dcdca30ed188aba7492f,https://route-fifty.com/digital-government/2026/09/why-some-residents-disabilities-are-losing-medicaid-and-snap-they-apply/416103,route-fifty.com,3,0.6783235470453898,0.6981103420257568,0.30188965797424316,0.7657138109207153
people_with_disabilities/healthcare__insurance_coverage.txt,People with disabilities,minority,Disability,Healthcare,Insurance coverage,Healthcare :: Insurance coverage,29c188e797ebdc187db5,https://journalistsresource.org/politics-and-government/disabilities-insurance-affordable-care-act,journalistsresource.org,3,0.8138442238171896,0.7257927060127258,0.27420729398727417,0.787155270576477
people_with_disabilities/healthcare__insurance_coverage.txt,People with disabilities,minority,Disability,Healthcare,Insurance coverage,Healthcare :: Insurance coverage,911ce4f6b5d9a691731f,https://bcm.edu/research/research-centers/center-for-research-on-women-with-disabilities/a-to-z-directory/health-care/health-insurance,bcm.edu,3,0.7561194698015848,0.7441897392272949,0.2558102607727051,0.7594625949859619
people_with_disabilities/healthcare__insurance_coverage.txt,People with disabilities,minority,Disability,Healthcare,Insurance coverage,Healthcare :: Insurance coverage,bcfb486240470019d4d2,https://kff.org/medicaid/5-key-facts-about-medicaid-coverage-for-people-with-disabilities,kff.org,3,0.8216138482093811,0.755413830280304,0.24458616971969604,0.7600827217102051
people_with_disabilities/healthcare__insurance_coverage.txt,People with disabilities,minority,Disability,Healthcare,Insurance coverage,Healthcare :: Insurance coverage,d38530b7d9fbffd9d784,https://macpac.gov/subtopic/people-with-disabilities,macpac.gov,3,0.7455334862073263,0.7481505870819092,0.2518494129180908,0.7555215954780579
people_with_disabilities/healthcare__patient_safety.txt,People with disabilities,minority,Disability,Healthcare,Patient safety,Healthcare :: Patient safety,0254033b9417c666a1fa,https://chiefhealthcareexecutive.com/view/patients-with-disabilities-are-more-vulnerable-to-safety-concerns,chiefhealthcareexecutive.com,3,0.7781411012013754,0.6809237599372864,0.3190762400627136,0.7179384827613831
people_with_disabilities/healthcare__patient_safety.txt,People with disabilities,minority,Disability,Healthcare,Patient safety,Healthcare :: Patient safety,2481dfd0352f9313c61f,https://frontiersin.org/journals/public-health/articles/10.3389/fpubh.2026.1765145/full,frontiersin.org,3,0.7477402885754904,0.6746594309806824,0.3253405690193176,0.7114669680595398
people_with_disabilities/healthcare__patient_safety.txt,People with disabilities,minority,Disability,Healthcare,Patient safety,Healthcare :: Patient safety,72fda1742f18470b7e62,https://ncbi.nlm.nih.gov/books/NBK259474,nih.gov,3,0.7503820061683655,0.7075800895690918,0.2924199104309082,0.711100161075592
people_with_disabilities/healthcare__preventive_care.txt,People with disabilities,minority,Disability,Healthcare,Preventive care,Healthcare :: Preventive care,700b61ff2857d14a24d6,https://odphp.health.gov/healthypeople/objectives-and-data/browse-objectives/people-disabilities/reduce-proportion-adults-disabilities-who-delay-preventive-care-because-cost-dh-01,health.gov,3,0.7029663324356079,0.680037796497345,0.31996220350265503,0.7415817379951477
people_with_disabilities/healthcare__preventive_care.txt,People with disabilities,minority,Disability,Healthcare,Preventive care,Healthcare :: Preventive care,a7cf0b22818db2d966af,https://pmc.ncbi.nlm.nih.gov/articles/PMC7916133,nih.gov,3,0.8597971796989441,0.726980447769165,0.27301955223083496,0.7721230983734131
people_with_disabilities/healthcare__preventive_care.txt,People with disabilities,minority,Disability,Healthcare,Preventive care,Healthcare :: Preventive care,c18cd4ec74d89aa60c5b,https://scholarlycommons.henryford.com/nursing_articles/6,henryford.com,3,0.8114465475082397,0.7086122632026672,0.29138773679733276,0.7161640524864197
people_with_disabilities/healthcare__preventive_care.txt,People with disabilities,minority,Disability,Healthcare,Preventive care,Healthcare :: Preventive care,dfa6071aec51b24a1787,https://phhp-hsrmp.sites.medinfo.ufl.edu/files/2014/06/2007-The-effect-of-caregiving-on-preventative-care-for-people-with-disabilities.pdf,ufl.edu,3,0.8315159678459167,0.6966261267662048,0.30337387323379517,0.7390826344490051
people_with_disabilities/housing__access_to_housing.txt,People with disabilities,minority,Disability,Housing,Access to housing,Housing :: Access to housing,3f6db0d15eb34b14a51a,https://nlc.org/article/2023/08/17/housing-for-individuals-with-disabilities,nlc.org,3,0.834955890973409,0.764033854007721,0.23596614599227905,0.7846229076385498
people_with_disabilities/housing__access_to_housing.txt,People with disabilities,minority,Disability,Housing,Access to housing,Housing :: Access to housing,7035b139035b96e32304,https://nlihc.org/resource/housing-and-society-publishes-article-housing-stability-parents-disabilities,nlihc.org,3,0.8289260268211365,0.8289279341697693,0.1710720658302307,0.8697587251663208
people_with_disabilities/housing__access_to_housing.txt,People with disabilities,minority,Disability,Housing,Access to housing,Housing :: Access to housing,c5cbf1c018bc37adcb6b,https://aaidd.org/news-policy/policy/position-statements-2/housing,aaidd.org,3,0.7640999754269918,0.6559682488441467,0.34403175115585327,0.6837207078933716
people_with_disabilities/housing__homelessness.txt,People with disabilities,minority,Disability,Housing,Homelessness,Housing :: Homelessness,0866091b33bf40c2a7af,https://housingsolutionstulsa.org/spotlight-on-disability-and-homelessness,housingsolutionstulsa.org,3,0.8276106913884481,0.8403350710868835,0.15966492891311646,0.8677971363067627
people_with_disabilities/housing__homelessness.txt,People with disabilities,minority,Disability,Housing,Homelessness,Housing :: Homelessness,515f13b234a81d48d2e2,https://jphmpdirect.com/homelessness-among-individuals-with-disabilities,jphmpdirect.com,3,0.8210960030555725,0.783271312713623,0.21672868728637695,0.7963215112686157
people_with_disabilities/housing__homelessness.txt,People with disabilities,minority,Disability,Housing,Homelessness,Housing :: Homelessness,8a8388bc6203e15b7183,https://homelessnessimpact.org/news/the-barriers-faced-by-people-with-disabilities-in-exiting-homelessness,homelessnessimpact.org,3,0.8156851728757223,0.7880801558494568,0.2119198441505432,0.8151447772979736
people_with_disabilities/housing__homelessness.txt,People with disabilities,minority,Disability,Housing,Homelessness,Housing :: Homelessness,c4b476e848e3c5962bfb,https://carleton.edu/accessibility-resources/newsletter/disability-and-homelessness-in-america,carleton.edu,3,0.7968781590461731,0.7646409869194031,0.23535901308059692,0.8488843441009521
people_with_disabilities/housing__homelessness.txt,People with disabilities,minority,Disability,Housing,Homelessness,Housing :: Homelessness,efc44c610595bff9fe1d,https://endhomelessness.org/people-with-unaddressed-health-conditions,endhomelessness.org,3,0.8243921399116516,0.8220823407173157,0.17791765928268433,0.8582914471626282
people_with_disabilities/housing__housing_stability.txt,People with disabilities,minority,Disability,Housing,Housing stability,Housing :: Housing stability,0866091b33bf40c2a7af,https://housingsolutionstulsa.org/spotlight-on-disability-and-homelessness,housingsolutionstulsa.org,3,0.7265707850456238,0.6767643094062805,0.3232356905937195,0.7305006980895996
people_with_disabilities/housing__housing_stability.txt,People with disabilities,minority,Disability,Housing,Housing stability,Housing :: Housing stability,9ad09606649d629f8374,https://ablelight.org/blog/housing-insecurity,ablelight.org,3,0.805427352587382,0.7631146311759949,0.23688536882400513,0.8037452697753906
people_with_disabilities/housing__housing_stability.txt,People with disabilities,minority,Disability,Housing,Housing stability,Housing :: Housing stability,ae3107fd9787759f5522,https://crisisassistance.org/2025/07/12/how-housing-instability-intersects-with-disability,crisisassistance.org,3,0.7708778182665507,0.7477986812591553,0.2522013187408447,0.7816267609596252
people_with_disabilities/housing__housing_stability.txt,People with disabilities,minority,Disability,Housing,Housing stability,Housing :: Housing stability,c5cbf1c018bc37adcb6b,https://aaidd.org/news-policy/policy/position-statements-2/housing,aaidd.org,3,0.7520818511644999,0.640401303768158,0.35959869623184204,0.6943878531455994
people_without_disabilities/credit_and_financial_services__access_to_banking_services.txt,People without disabilities,majority,Disability,Credit & Financial Services,Access to banking services,Credit & Financial Services :: Access to banking services,4875748085f92db1436b,https://nationaldisabilityinstitute.org/blog/widening-the-pathways-to-financial-inclusion,nationaldisabilityinstitute.org,3,0.7723219196001688,0.48746344447135925,0.5125365555286407,0.5257908701896667
people_without_disabilities/credit_and_financial_services__access_to_banking_services.txt,People without disabilities,majority,Disability,Credit & Financial Services,Access to banking services,Credit & Financial Services :: Access to banking services,cde7cf9684c78ec011e1,https://equity.army/financial-services,equity.army,3,0.5856810808181763,0.5934465527534485,0.4065534472465515,0.6789489388465881
people_without_disabilities/credit_and_financial_services__access_to_credit.txt,People without disabilities,majority,Disability,Credit & Financial Services,Access to credit,Credit & Financial Services :: Access to credit,07536d083b6b422772ae,https://stlouisfed.org/community-development/publications/access-credit-financial-services-bridge-financial-well-being,stlouisfed.org,3,0.7011457681655884,0.6335573196411133,0.3664426803588867,0.7026742100715637
people_without_disabilities/credit_and_financial_services__credit_loan_approval.txt,People without disabilities,majority,Disability,Credit & Financial Services,Credit/loan approval,Credit & Financial Services :: Credit/loan approval,66e7f7753802c0fd0c48,https://joingerald.com/,joingerald.com,3,0.24364633361498514,0.2820698916912079,0.7179301083087921,0.31791752576828003
people_without_disabilities/credit_and_financial_services__credit_loan_approval.txt,People without disabilities,majority,Disability,Credit & Financial Services,Credit/loan approval,Credit & Financial Services :: Credit/loan approval,8d4b74f96737f9c79531,https://nationaldisabilityinstitute.org/financial-resilience-center/credit,nationaldisabilityinstitute.org,3,0.5853015979131063,0.6029815077781677,0.3970184922218323,0.6840938329696655
people_without_disabilities/credit_and_financial_services__credit_loan_approval.txt,People without disabilities,majority,Disability,Credit & Financial Services,Credit/loan approval,Credit & Financial Services :: Credit/loan approval,f84eef3dc4845cd8d901,https://accessiblelaw.untdallas.edu/post/when-algorithms-judge-your-credit-understanding-ai-bias-in-lending-decisions,untdallas.edu,3,0.6393317977587382,0.576849639415741,0.42315036058425903,0.6351665258407593
people_without_disabilities/criminal_justice__arrest_detention_by_police.txt,People without disabilities,majority,Disability,Criminal Justice,Arrest / detention by police,Criminal Justice :: Arrest / detention by police,1a444ac222ba65e89125,https://pmc.ncbi.nlm.nih.gov/articles/PMC2831379,nih.gov,3,0.6430934270222982,0.778620719909668,0.22137928009033203,0.8075842261314392
people_without_disabilities/criminal_justice__arrest_detention_by_police.txt,People without disabilities,majority,Disability,Criminal Justice,Arrest / detention by police,Criminal Justice :: Arrest / detention by police,6801e48f993963690b56,https://ojp.gov/pdffiles1/nij/grants/213004.pdf,ojp.gov,3,0.6598769823710123,0.7006301879882812,0.29936981201171875,0.764106273651123
people_without_disabilities/criminal_justice__arrest_detention_by_police.txt,People without disabilities,majority,Disability,Criminal Justice,Arrest / detention by police,Criminal Justice :: Arrest / detention by police,b4e995b3fe6b826a44d0,https://bja.ojp.gov/library/publications/understanding-police-decisions-arrest-impact-situational-officer-and,ojp.gov,3,0.5472017129262289,0.7471522688865662,0.25284773111343384,0.8725047707557678
people_without_disabilities/criminal_justice__arrest_detention_by_police.txt,People without disabilities,majority,Disability,Criminal Justice,Arrest / detention by police,Criminal Justice :: Arrest / detention by police,de6290d9810d603eb58b,https://prisonpolicy.org/research/racial_and_ethnic_disparities,prisonpolicy.org,3,0.6491828958193461,0.7052268385887146,0.2947731614112854,0.725159764289856
people_without_disabilities/criminal_justice__arrest_detention_by_police.txt,People without disabilities,majority,Disability,Criminal Justice,Arrest / detention by police,Criminal Justice :: Arrest / detention by police,f5c71ec54aa51bf31802,https://ojp.gov/ncjrs/virtual-library/abstracts/understanding-police-decisions-arrest-impact-situational-officer,ojp.gov,3,0.543006420135498,0.7844497561454773,0.2155502438545227,0.8725047707557678
people_without_disabilities/criminal_justice__police_use_of_force.txt,People without disabilities,majority,Disability,Criminal Justice,Police use of force,Criminal Justice :: Police use of force,8d8f2c2cd0951645b7f3,https://pmc.ncbi.nlm.nih.gov/articles/PMC4772969,nih.gov,3,0.7070803642272949,0.6750512719154358,0.3249487280845642,0.6874293088912964
people_without_disabilities/education__educational_opportunity_access.txt,People without disabilities,majority,Disability,Education,Educational opportunity/access,Education :: Educational opportunity/access,6d1d12bb01059c351ecf,https://gettingsmart.com/2024/09/24/why-high-quality-learning-opportunities-must-be-accessible-to-every-student,gettingsmart.com,3,0.7080157995223999,0.6607294082641602,0.33927059173583984,0.6710098385810852
people_without_disabilities/education__educational_opportunity_access.txt,People without disabilities,majority,Disability,Education,Educational opportunity/access,Education :: Educational opportunity/access,a151b11edce0efaa06fd,https://all4ed.org/future-ready-schools/emerging-practices-guides/ensuring-equity-access-and-inclusion-for-all,all4ed.org,3,0.7758994102478027,0.7572452425956726,0.2427547574043274,0.7852680087089539
people_without_disabilities/education__educational_opportunity_access.txt,People without disabilities,majority,Disability,Education,Educational opportunity/access,Education :: Educational opportunity/access,e763956ae024abb886de,https://researchforaction.org/research-resources/k-12/unequal-access-to-educational-opportunity-in-the-united-states,researchforaction.org,3,0.6621280511220297,0.7823753356933594,0.21762466430664062,0.8880404829978943
people_without_disabilities/education__harassment_bullying.txt,People without disabilities,majority,Disability,Education,Harassment/bullying,Education :: Harassment/bullying,53579641740771b039d7,https://stopbullying.gov/bullying/at-risk,stopbullying.gov,3,0.6355493466059366,0.7605906128883362,0.23940938711166382,0.7736444473266602
people_without_disabilities/education__harassment_bullying.txt,People without disabilities,majority,Disability,Education,Harassment/bullying,Education :: Harassment/bullying,6802d482ce97789fb0a6,https://pmc.ncbi.nlm.nih.gov/articles/PMC7158969,nih.gov,3,0.7486648360888163,0.7392370104789734,0.2607629895210266,0.7705165147781372
people_without_disabilities/education__harassment_bullying.txt,People without disabilities,majority,Disability,Education,Harassment/bullying,Education :: Harassment/bullying,6a68befd7e40acb7f205,https://prntexas.org/top-10-facts-about-bullying-and-harassment-of-students-with-disabilities,prntexas.org,3,0.8113387028376261,0.7995927929878235,0.2004072070121765,0.8213180303573608
people_without_disabilities/education__harassment_bullying.txt,People without disabilities,majority,Disability,Education,Harassment/bullying,Education :: Harassment/bullying,c5289737e03e107c70a9,https://stopbullying.gov/bullying/special-needs,stopbullying.gov,3,0.7978588342666626,0.7656349539756775,0.2343650460243225,0.7814608812332153
people_without_disabilities/employment__hiring.txt,People without disabilities,majority,Disability,Employment,Hiring,Employment :: Hiring,40bc376c9e74dc4ddbe8,https://worksupport.com/research/documents/pdf/jablonskietal2024employmentbarriersexperiencedatdifferentjobacquisitionstagesbypeoplewithandwithout.pdf,worksupport.com,3,0.8689484794934591,0.4752539396286011,0.5247460603713989,0.5012878179550171
people_without_disabilities/employment__hiring.txt,People without disabilities,majority,Disability,Employment,Hiring,Employment :: Hiring,dcefb5bd470884c995ff,https://thinkwork.org/sites/thinkwork.org/files/files/ChoosingEmployment.pdf,thinkwork.org,3,0.8245735367139181,0.4641270637512207,0.5358729362487793,0.5259280800819397
people_without_disabilities/employment__workplace_harassment.txt,People without disabilities,majority,Disability,Employment,Workplace harassment,Employment :: Workplace harassment,e57e47dd6ee9b35ba01a,https://lundelllawfirm.com/post/common-sources-of-workplace-harassment,lundelllawfirm.com,3,0.7145470380783081,0.7681323885917664,0.23186761140823364,0.8620103597640991
people_without_disabilities/government_benefits__access_to_government_benefits.txt,People without disabilities,majority,Disability,Government Benefits,Access to government benefits,Government Benefits :: Access to government benefits,00d2e70f80bb40cec88c,https://advocacysnt.org/articles/avoiding-benefits-trap-special-needs-planning,advocacysnt.org,3,0.7464271783828735,0.7599091529846191,0.24009084701538086,0.7961841225624084
people_without_disabilities/government_benefits__access_to_government_benefits.txt,People without disabilities,majority,Disability,Government Benefits,Access to government benefits,Government Benefits :: Access to government benefits,23c76c786cea87dd5925,https://crr.bc.edu/many-barriers-hinder-rural-use-of-government-programs,bc.edu,3,0.7147136131922404,0.6930177211761475,0.30698227882385254,0.7025307416915894
people_without_disabilities/government_benefits__access_to_government_benefits.txt,People without disabilities,majority,Disability,Government Benefits,Access to government benefits,Government Benefits :: Access to government benefits,8cffc442ce1c61bfdcf6,https://catalog.results4america.org/strategies/reducing-obstacles,results4america.org,3,0.6553429166475931,0.6431376338005066,0.3568623661994934,0.6518958210945129
people_without_disabilities/government_benefits__application_approval.txt,People without disabilities,majority,Disability,Government Benefits,Application/approval,Government Benefits :: Application/approval,0b8bb4e685b7cdbdcb0a,https://trajectordisability.com/non-medical-requirements-for-ssd,trajectordisability.com,3,0.707146167755127,0.7414431571960449,0.2585568428039551,0.762392520904541
people_without_disabilities/government_benefits__application_approval.txt,People without disabilities,majority,Disability,Government Benefits,Application/approval,Government Benefits :: Application/approval,42159b54457cb5368e7b,https://aahd.us/2025/03/dhjo-disability-benefits-decision-making,aahd.us,3,0.7588846683502197,0.7229779362678528,0.2770220637321472,0.7550352811813354
people_without_disabilities/government_benefits__application_approval.txt,People without disabilities,majority,Disability,Government Benefits,Application/approval,Government Benefits :: Application/approval,4bf565b22ceff9d79083,https://ec.europa.eu/eurostat/statistics-explained/index.php?title=Glossary%3AMeans-tested_and_Non_means-tested_benefits,europa.eu,3,0.448093444108963,0.5128574371337891,0.48714256286621094,0.5289672613143921
people_without_disabilities/government_benefits__application_approval.txt,People without disabilities,majority,Disability,Government Benefits,Application/approval,Government Benefits :: Application/approval,944842ffda8ee7e3593a,https://cjdisability.com/blog/can-you-be-denied-ssdi-after-non-medical-review,cjdisability.com,3,0.5824384689331055,0.6338164806365967,0.3661835193634033,0.664330244064331
people_without_disabilities/government_benefits__application_approval.txt,People without disabilities,majority,Disability,Government Benefits,Application/approval,Government Benefits :: Application/approval,a6e4049ec0960f378558,https://grundydisabilitygroup.com/social-security-disability-insurance-supplemental-security-income-blogs/why-do-most-people-get-denied-for-disability,grundydisabilitygroup.com,3,0.6793340047200521,0.6771132349967957,0.32288676500320435,0.6997653245925903
people_without_disabilities/government_benefits__application_approval.txt,People without disabilities,majority,Disability,Government Benefits,Application/approval,Government Benefits :: Application/approval,a9bb77c4ea49b323e5e3,https://ageuk.org.uk/information-advice/money-legal/benefits-entitlements/how-your-benefits-are-means-tested,ageuk.org.uk,3,0.48701436320940655,0.5616057515144348,0.4383942484855652,0.5709205865859985
people_without_disabilities/government_benefits__application_approval.txt,People without disabilities,majority,Disability,Government Benefits,Application/approval,Government Benefits :: Application/approval,c94a11352ba8fb19a292,https://nashdisabilitylaw.com/what-are-the-non-medical-requirements-for-disability-benefits,nashdisabilitylaw.com,3,0.6700699130694071,0.6893071532249451,0.31069284677505493,0.7435649037361145
people_without_disabilities/government_benefits__application_approval.txt,People without disabilities,majority,Disability,Government Benefits,Application/approval,Government Benefits :: Application/approval,ee94f3eb0168dbcacc11,https://grundydisabilitygroup.com/social-security-disability-insurance-supplemental-security-income-blogs/what-are-non-medical-requirements-for-ssdi,grundydisabilitygroup.com,3,0.6666869719823202,0.6594308018684387,0.3405691981315613,0.6958699226379395
people_without_disabilities/government_benefits__application_approval.txt,People without disabilities,majority,Disability,Government Benefits,Application/approval,Government Benefits :: Application/approval,f3e8f726b95e9ce3bfb8,https://savingforcollege.com/article/eligible-means-tested-federal-benefits-on-the-fafsa,savingforcollege.com,3,0.4274332821369171,0.5659065246582031,0.4340934753417969,0.6122474074363708
people_without_disabilities/government_benefits__benefit_retention_renewal.txt,People without disabilities,majority,Disability,Government Benefits,Benefit retention / renewal,Government Benefits :: Benefit retention / renewal,4ee0a1bdb581e67a4d09,https://justiceinaging.org/policy-reforms-to-better-connect-older-adults-and-individuals-with-disabilities-to-ssi-and-other-benefits,justiceinaging.org,3,0.7626295884450277,0.7198349833488464,0.28016501665115356,0.7472060322761536
people_without_disabilities/healthcare__insurance_coverage.txt,People without disabilities,majority,Disability,Healthcare,Insurance coverage,Healthcare :: Insurance coverage,2f629286eb047844b1ef,https://kff.org/uninsured/health-policy-101-the-uninsured-population-and-health-coverage,kff.org,3,0.728578249613444,0.6972461342811584,0.30275386571884155,0.7410540580749512
people_without_disabilities/healthcare__insurance_coverage.txt,People without disabilities,majority,Disability,Healthcare,Insurance coverage,Healthcare :: Insurance coverage,961e90f4feb0bcd41f05,https://pmc.ncbi.nlm.nih.gov/articles/PMC3953783,nih.gov,3,0.8326313893000284,0.6707630157470703,0.3292369842529297,0.7172023057937622
people_without_disabilities/healthcare__patient_safety.txt,People without disabilities,majority,Disability,Healthcare,Patient safety,Healthcare :: Patient safety,3952700851987a1de36e,https://who.int/news-room/fact-sheets/detail/patient-safety,who.int,3,0.613628109296163,0.6554862856864929,0.3445137143135071,0.759357750415802
people_without_disabilities/healthcare__patient_safety.txt,People without disabilities,majority,Disability,Healthcare,Patient safety,Healthcare :: Patient safety,90e90663e6476e1cc2be,https://ideagen.com/noram/thought-leadership/blog/six-principles-of-patient-safety,ideagen.com,3,0.5542062322298685,0.654376745223999,0.345623254776001,0.7095305323600769
people_without_disabilities/healthcare__preventive_care.txt,People without disabilities,majority,Disability,Healthcare,Preventive care,Healthcare :: Preventive care,010b00a1605b667519b0,https://pmc.ncbi.nlm.nih.gov/articles/PMC6125037,nih.gov,3,0.6622327764829,0.6064744591712952,0.39352554082870483,0.682207465171814
people_without_disabilities/healthcare__preventive_care.txt,People without disabilities,majority,Disability,Healthcare,Preventive care,Healthcare :: Preventive care,10fe52480c8b8907b96a,https://pmc.ncbi.nlm.nih.gov/articles/PMC12051801,nih.gov,3,0.7671117186546326,0.547900915145874,0.452099084854126,0.56975257396698
people_without_disabilities/healthcare__preventive_care.txt,People without disabilities,majority,Disability,Healthcare,Preventive care,Healthcare :: Preventive care,510866a2c7dbbd653a21,https://pmc.ncbi.nlm.nih.gov/articles/PMC10000362,nih.gov,3,0.8162439068158468,0.6948099136352539,0.3051900863647461,0.7584922313690186
people_without_disabilities/healthcare__preventive_care.txt,People without disabilities,majority,Disability,Healthcare,Preventive care,Healthcare :: Preventive care,f961d685477c119d9095,https://point32health.org/newsroom/points-of-view/benefits-and-barriers-to-preventive-care,point32health.org,3,0.6673610011736552,0.7138194441795349,0.2861805558204651,0.7718107104301453
people_without_disabilities/housing__access_to_housing.txt,People without disabilities,majority,Disability,Housing,Access to housing,Housing :: Access to housing,0866091b33bf40c2a7af,https://housingsolutionstulsa.org/spotlight-on-disability-and-homelessness,housingsolutionstulsa.org,3,0.7608206470807394,0.8034074902534485,0.1965925097465515,0.8610905408859253
people_without_disabilities/housing__access_to_housing.txt,People without disabilities,majority,Disability,Housing,Access to housing,Housing :: Access to housing,23f7d83660be39977ba6,https://thinkequitable.com/housing-barriers,thinkequitable.com,2,0.8325746059417725,0.8243258595466614,0.17567414045333862,0.8358832597732544
people_without_disabilities/housing__access_to_housing.txt,People without disabilities,majority,Disability,Housing,Access to housing,Housing :: Access to housing,3eabb7d679a1823d4f26,https://futureofhousing.aarp.org/systemic-barriers,aarp.org,3,0.7150078415870667,0.7177181839942932,0.2822818160057068,0.766742467880249
people_without_disabilities/housing__access_to_housing.txt,People without disabilities,majority,Disability,Housing,Access to housing,Housing :: Access to housing,a16c66827fff4ce57751,https://equalrightscenter.org/ada-35-inaccessible-housing,equalrightscenter.org,3,0.8372978369394938,0.8068491816520691,0.1931508183479309,0.8345805406570435
people_without_disabilities/housing__homelessness.txt,People without disabilities,majority,Disability,Housing,Homelessness,Housing :: Homelessness,1498feb07652571de5fc,https://nationalhomeless.org/homelessness-in-the-us,nationalhomeless.org,3,0.7521589001019796,0.8118701577186584,0.18812984228134155,0.8560612797737122
people_without_disabilities/housing__homelessness.txt,People without disabilities,majority,Disability,Housing,Homelessness,Housing :: Homelessness,710d00af8f0893ee55b8,https://endhomelessness.org/a-shortage-of-affordable-housing,endhomelessness.org,3,0.7169573704401652,0.727924108505249,0.272075891494751,0.8143680691719055
people_without_disabilities/housing__homelessness.txt,People without disabilities,majority,Disability,Housing,Homelessness,Housing :: Homelessness,84b8650227003ee0c2e3,https://fusionhousing.org/understanding-the-problem-of-homelessness,fusionhousing.org,3,0.7840523918469747,0.7936554551124573,0.20634454488754272,0.8464252948760986
people_without_disabilities/housing__homelessness.txt,People without disabilities,majority,Disability,Housing,Homelessness,Housing :: Homelessness,b1367b13f46727ea0584,https://endhomelessness.org/state-of-homelessness,endhomelessness.org,3,0.7620223959287008,0.7593181729316711,0.24068182706832886,0.8368369936943054
people_without_disabilities/housing__homelessness.txt,People without disabilities,majority,Disability,Housing,Homelessness,Housing :: Homelessness,b7ff661b9d6ab0396700,https://unitedwaynca.org/blog/causes-of-homelessness,unitedwaynca.org,3,0.8061304092407227,0.7431797981262207,0.2568202018737793,0.7597304582595825
people_without_disabilities/housing__homelessness.txt,People without disabilities,majority,Disability,Housing,Homelessness,Housing :: Homelessness,d8e45e89443f3c519c56,https://online.campbellsville.edu/social-work/factors-that-cause-homelessness,campbellsville.edu,3,0.7472068071365356,0.7732808589935303,0.22671914100646973,0.7970657348632812
people_without_disabilities/housing__homelessness.txt,People without disabilities,majority,Disability,Housing,Homelessness,Housing :: Homelessness,f7ffe58e56617333d73e,https://endhomelessness.org/overview,endhomelessness.org,3,0.7632631659507751,0.7157279849052429,0.2842720150947571,0.7384064197540283
people_without_disabilities/housing__homelessness.txt,People without disabilities,majority,Disability,Housing,Homelessness,Housing :: Homelessness,fe8f9a51884018eef3b1,https://arlingtonlifeshelter.org/how-we-help/resources/causes-of-homelessness.html,arlingtonlifeshelter.org,3,0.6747186581293741,0.6986683011054993,0.30133169889450073,0.7850186824798584
people_without_disabilities/housing__housing_stability.txt,People without disabilities,majority,Disability,Housing,Housing stability,Housing :: Housing stability,0bc63fc4090645f28c9f,https://odphp.health.gov/healthypeople/priority-areas/social-determinants-health/literature-summaries/housing-instability,health.gov,3,0.6981254816055298,0.7520083785057068,0.2479916214942932,0.7759888768196106
people_without_disabilities/housing__housing_stability.txt,People without disabilities,majority,Disability,Housing,Housing stability,Housing :: Housing stability,7035b139035b96e32304,https://nlihc.org/resource/housing-and-society-publishes-article-housing-stability-parents-disabilities,nlihc.org,3,0.8218968709309896,0.7646471858024597,0.23535281419754028,0.775898814201355
people_without_disabilities/housing__housing_stability.txt,People without disabilities,majority,Disability,Housing,Housing stability,Housing :: Housing stability,8fb45546bd08fbeb9430,https://usich.gov/sites/default/files/document/Housing-Affordability-and-Stablility-Brief.pdf,usich.gov,3,0.7591709494590759,0.7636815905570984,0.2363184094429016,0.7893551588058472
people_without_disabilities/housing__housing_stability.txt,People without disabilities,majority,Disability,Housing,Housing stability,Housing :: Housing stability,99224d0508786007ccfa,https://universityhealth.com/public-health/factors-shaping-health/economic-stability/housing,universityhealth.com,3,0.6972697575887045,0.7200908660888672,0.2799091339111328,0.7392833232879639
transgender_people/credit_and_financial_services__access_to_banking_services.txt,transgender people,minority,Gender Identity,Credit & Financial Services,Access to banking services,Credit & Financial Services :: Access to banking services,19fdfb66682fd45b9bf3,https://outandequal.org/resource/3insights-financialservicessector,outandequal.org,3,0.735083281993866,0.7475751042366028,0.2524248957633972,0.7705866098403931
transgender_people/credit_and_financial_services__access_to_banking_services.txt,transgender people,minority,Gender Identity,Credit & Financial Services,Access to banking services,Credit & Financial Services :: Access to banking services,53ee37046ef00cb20f75,https://solarisgroup.com/blog/finance-for-everyone,solarisgroup.com,3,0.672738512357076,0.6778642535209656,0.3221357464790344,0.698001503944397
transgender_people/credit_and_financial_services__access_to_banking_services.txt,transgender people,minority,Gender Identity,Credit & Financial Services,Access to banking services,Credit & Financial Services :: Access to banking services,dbdcbdda8be5a21e11da,https://cgap.org/research/publication/invisible-barriers-how-gender-norms-impact-financial-inclusion,cgap.org,3,0.5675914883613586,0.6217011213302612,0.37829887866973877,0.6502713561058044
transgender_people/credit_and_financial_services__access_to_banking_services.txt,transgender people,minority,Gender Identity,Credit & Financial Services,Access to banking services,Credit & Financial Services :: Access to banking services,e8e4f30441bc3743c7b9,https://nefe.org/news/2022/06/lgbtqia-discrimination-in-financial-services.aspx,nefe.org,3,0.7127362887064616,0.7147838473320007,0.28521615266799927,0.7474273443222046
transgender_people/credit_and_financial_services__access_to_banking_services.txt,transgender people,minority,Gender Identity,Credit & Financial Services,Access to banking services,Credit & Financial Services :: Access to banking services,eb436f3274c7f797f6fb,https://cnbc.com/2024/05/02/name-changes-can-create-financial-chaos-for-transgender-americans.html,cnbc.com,3,0.6247417132059733,0.7193450927734375,0.2806549072265625,0.7920133471488953
transgender_people/credit_and_financial_services__access_to_credit.txt,transgender people,minority,Gender Identity,Credit & Financial Services,Access to credit,Credit & Financial Services :: Access to credit,19fdfb66682fd45b9bf3,https://outandequal.org/resource/3insights-financialservicessector,outandequal.org,3,0.7707022031148275,0.7598533630371094,0.24014663696289062,0.8145061731338501
transgender_people/credit_and_financial_services__access_to_credit.txt,transgender people,minority,Gender Identity,Credit & Financial Services,Access to credit,Credit & Financial Services :: Access to credit,6b990a507fcf3232c4bd,https://experian.com/blogs/ask-experian/lgbtq-financial-inclusion,experian.com,3,0.7263324856758118,0.7575724720954895,0.2424275279045105,0.7686287760734558
transgender_people/credit_and_financial_services__access_to_credit.txt,transgender people,minority,Gender Identity,Credit & Financial Services,Access to credit,Credit & Financial Services :: Access to credit,7f42b47d3a1490c5e12d,https://experian.com/blogs/ask-experian/ways-financial-planning-is-different-for-lgbtq-community,experian.com,3,0.6447559396425883,0.6837188601493835,0.31628113985061646,0.745989203453064
transgender_people/credit_and_financial_services__access_to_credit.txt,transgender people,minority,Gender Identity,Credit & Financial Services,Access to credit,Credit & Financial Services :: Access to credit,a801150bbccdbb32d4b0,https://pressley.house.gov/2023/03/31/pressley-unveils-bill-to-make-credit-reporting-system-more-inclusive-for-trans-nonbinary-folks,house.gov,3,0.7787781159083048,0.7774826884269714,0.22251731157302856,0.821250319480896
transgender_people/credit_and_financial_services__access_to_credit.txt,transgender people,minority,Gender Identity,Credit & Financial Services,Access to credit,Credit & Financial Services :: Access to credit,b725067993e874a35607,https://19thnews.org/2023/07/credit-hurdles-transgender-nonbinary-fetterman-smith-bill,19thnews.org,3,0.7364213267962137,0.8092702031135559,0.1907297968864441,0.821560263633728
transgender_people/credit_and_financial_services__access_to_credit.txt,transgender people,minority,Gender Identity,Credit & Financial Services,Access to credit,Credit & Financial Services :: Access to credit,e8e4f30441bc3743c7b9,https://nefe.org/news/2022/06/lgbtqia-discrimination-in-financial-services.aspx,nefe.org,3,0.6872512102127075,0.7445704936981201,0.2554295063018799,0.8068224787712097
transgender_people/credit_and_financial_services__credit_loan_approval.txt,transgender people,minority,Gender Identity,Credit & Financial Services,Credit/loan approval,Credit & Financial Services :: Credit/loan approval,19fdfb66682fd45b9bf3,https://outandequal.org/resource/3insights-financialservicessector,outandequal.org,3,0.7750839591026306,0.769425094127655,0.23057490587234497,0.8168432116508484
transgender_people/credit_and_financial_services__credit_loan_approval.txt,transgender people,minority,Gender Identity,Credit & Financial Services,Credit/loan approval,Credit & Financial Services :: Credit/loan approval,5e5bdbe34ee7a84f62a6,https://dwt.com/blogs/financial-services-law-advisor/2021/03/cfpb-ecoa-sexual-orientation-gender-discrimination,dwt.com,3,0.6073882778485616,0.6405209898948669,0.35947901010513306,0.6827582120895386
transgender_people/credit_and_financial_services__credit_loan_approval.txt,transgender people,minority,Gender Identity,Credit & Financial Services,Credit/loan approval,Credit & Financial Services :: Credit/loan approval,8f6244d3d1e18e7448ae,https://sageusa.org/news/cfpb-protects-lgbt-people-with-ecoa,sageusa.org,3,0.712739368279775,0.726107120513916,0.273892879486084,0.7851324677467346
transgender_people/credit_and_financial_services__credit_loan_approval.txt,transgender people,minority,Gender Identity,Credit & Financial Services,Credit/loan approval,Credit & Financial Services :: Credit/loan approval,a801150bbccdbb32d4b0,https://pressley.house.gov/2023/03/31/pressley-unveils-bill-to-make-credit-reporting-system-more-inclusive-for-trans-nonbinary-folks,house.gov,3,0.7550705273946127,0.7224926352500916,0.27750736474990845,0.7926927804946899
transgender_people/criminal_justice__arrest_detention_by_police.txt,transgender people,minority,Gender Identity,Criminal Justice,Arrest / detention by police,Criminal Justice :: Arrest / detention by police,42f714cc4d4281466dde,https://mapresearch.org/report/unjust-how-the-broken-criminal-justice-system-fails-transgender-people,mapresearch.org,3,0.7879185279210409,0.7877623438835144,0.2122376561164856,0.8306597471237183
transgender_people/criminal_justice__arrest_detention_by_police.txt,transgender people,minority,Gender Identity,Criminal Justice,Arrest / detention by police,Criminal Justice :: Arrest / detention by police,44b11bface04879b26c3,https://williamsinstitute.law.ucla.edu/publications/police-public-arrests-trans-people,ucla.edu,2,0.7609676122665405,0.7446558475494385,0.2553441524505615,0.7762928605079651
transgender_people/criminal_justice__arrest_detention_by_police.txt,transgender people,minority,Gender Identity,Criminal Justice,Arrest / detention by police,Criminal Justice :: Arrest / detention by police,59fd5bc70113f20d5300,https://lambdalegal.org/blogs/20201125_transgender-people-prisons-jails,lambdalegal.org,3,0.7875522971153259,0.7803390026092529,0.21966099739074707,0.8145709037780762
transgender_people/criminal_justice__arrest_detention_by_police.txt,transgender people,minority,Gender Identity,Criminal Justice,Arrest / detention by police,Criminal Justice :: Arrest / detention by police,758450027363eec66609,https://prisonpolicy.org/blog/2021/03/02/lgbtq,prisonpolicy.org,3,0.7342704931894938,0.7686209678649902,0.23137903213500977,0.7987475395202637
transgender_people/criminal_justice__arrest_detention_by_police.txt,transgender people,minority,Gender Identity,Criminal Justice,Arrest / detention by police,Criminal Justice :: Arrest / detention by police,808b9ef2926ce9d0c9d9,https://avp.org/wp-content/uploads/2017/04/FORGE_Trans_People_Police_Incarceration_Facts.pdf,avp.org,3,0.7751923402150472,0.7944400906562805,0.20555990934371948,0.8101961016654968
transgender_people/criminal_justice__incarceration.txt,transgender people,minority,Gender Identity,Criminal Justice,Incarceration,Criminal Justice :: Incarceration,59fd5bc70113f20d5300,https://lambdalegal.org/blogs/20201125_transgender-people-prisons-jails,lambdalegal.org,3,0.8277774850527445,0.7817943692207336,0.21820563077926636,0.8562015295028687
transgender_people/criminal_justice__incarceration.txt,transgender people,minority,Gender Identity,Criminal Justice,Incarceration,Criminal Justice :: Incarceration,64350627d94314c4a11c,https://pmc.ncbi.nlm.nih.gov/articles/PMC5441521,nih.gov,3,0.7935133377710978,0.7640441060066223,0.23595589399337769,0.8161895275115967
transgender_people/criminal_justice__incarceration.txt,transgender people,minority,Gender Identity,Criminal Justice,Incarceration,Criminal Justice :: Incarceration,96b5d1d99d7f8eff2928,https://nclrights.org/our-work/racial-economic-justice/criminalization-incarceration,nclrights.org,3,0.7220609188079834,0.7203423380851746,0.27965766191482544,0.8546816110610962
transgender_people/criminal_justice__incarceration.txt,transgender people,minority,Gender Identity,Criminal Justice,Incarceration,Criminal Justice :: Incarceration,d0a2e47b781a5510d7c7,https://sentencingproject.org/policy-brief/incarcerated-lgbtq-adults-and-youth,sentencingproject.org,3,0.7794396877288818,0.7338263988494873,0.2661736011505127,0.7993213534355164
transgender_people/criminal_justice__incarceration.txt,transgender people,minority,Gender Identity,Criminal Justice,Incarceration,Criminal Justice :: Incarceration,f9c520094deddc3dee5f,https://prisonpolicy.org/blog/2022/03/31/transgender_incarceration,prisonpolicy.org,3,0.8048031727472941,0.7691434025764465,0.23085659742355347,0.7733787298202515
transgender_people/criminal_justice__police_use_of_force.txt,transgender people,minority,Gender Identity,Criminal Justice,Police use of force,Criminal Justice :: Police use of force,62a170a9a412999cb856,https://williamsinstitute.law.ucla.edu/publications/law-enforcement-lgbtq-people,ucla.edu,3,0.7723158200581869,0.7403044700622559,0.25969552993774414,0.7693214416503906
transgender_people/criminal_justice__police_use_of_force.txt,transgender people,minority,Gender Identity,Criminal Justice,Police use of force,Criminal Justice :: Police use of force,892900986fcb922b008b,https://transequality.org/issues/resources/failing-to-protect-and-serve-police-department-policies-towards-transgender-people,transequality.org,3,0.7984943389892578,0.6997374892234802,0.3002625107765198,0.7255963683128357
transgender_people/criminal_justice__police_use_of_force.txt,transgender people,minority,Gender Identity,Criminal Justice,Police use of force,Criminal Justice :: Police use of force,9ef36a0ea05744e6d3d9,https://aclu.org/publications/policing-progress-findings-from-a-national-survey-of-lgbtq-peoples-experiences-with-law-enforcement,aclu.org,3,0.7484035690625509,0.7695048451423645,0.2304951548576355,0.7894631624221802
transgender_people/criminal_justice__police_use_of_force.txt,transgender people,minority,Gender Identity,Criminal Justice,Police use of force,Criminal Justice :: Police use of force,cfac0b7c1daa05d5c865,https://pmc.ncbi.nlm.nih.gov/articles/PMC11196069,nih.gov,3,0.779209554195404,0.7169046998023987,0.2830953001976013,0.8055628538131714
transgender_people/criminal_justice__police_use_of_force.txt,transgender people,minority,Gender Identity,Criminal Justice,Police use of force,Criminal Justice :: Police use of force,eb29811d3b0faf0a7fdc,https://transgenderlawcenter.org/resources/law-enforcement-interactions-rights-and-realities,transgenderlawcenter.org,3,0.7790737152099609,0.6938900947570801,0.3061099052429199,0.748320460319519
transgender_people/education__college_access_admission.txt,transgender people,minority,Gender Identity,Education,College access/admission,Education :: College access/admission,3f2c22ef0900547ebcab,https://gearup.wa.gov/sites/default/files/resources/supporting_transgender%20and%20nonbinary_students_2025_0.pdf,wa.gov,3,0.7759499351183573,0.8008360862731934,0.19916391372680664,0.8039786219596863
transgender_people/education__college_access_admission.txt,transgender people,minority,Gender Identity,Education,College access/admission,Education :: College access/admission,542d798f851c1f4d9381,https://williamsinstitute.law.ucla.edu/publications/transgender-higher-ed,ucla.edu,3,0.7936791976292928,0.723313570022583,0.276686429977417,0.7422851324081421
transgender_people/education__college_access_admission.txt,transgender people,minority,Gender Identity,Education,College access/admission,Education :: College access/admission,60dea970b08456876f8f,https://williamsinstitute.law.ucla.edu/publications/trans-students-higher-education,ucla.edu,3,0.8194516698519388,0.7835760116577148,0.21642398834228516,0.8111164569854736
transgender_people/education__college_access_admission.txt,transgender people,minority,Gender Identity,Education,College access/admission,Education :: College access/admission,ae00c01da7f23888b031,https://journalofsocialsciences.org/article/breaking-the-binary-in-academia-a-systematic-review-on-the-barriers-facing-transgender-students-in-higher-education,journalofsocialsciences.org,3,0.26539968450864154,0.4253440797328949,0.5746559202671051,0.4396436810493469
transgender_people/education__college_access_admission.txt,transgender people,minority,Gender Identity,Education,College access/admission,Education :: College access/admission,bd56dadb0bc354647b9a,https://pmc.ncbi.nlm.nih.gov/articles/PMC8483182,nih.gov,3,0.7658793528874716,0.7795577049255371,0.2204422950744629,0.7859760522842407
transgender_people/education__college_access_admission.txt,transgender people,minority,Gender Identity,Education,College access/admission,Education :: College access/admission,caba3dd1d554ce973c05,https://pmc.ncbi.nlm.nih.gov/articles/PMC8916710,nih.gov,3,0.8149987061818441,0.7653371691703796,0.23466283082962036,0.8137118220329285
transgender_people/education__college_access_admission.txt,transgender people,minority,Gender Identity,Education,College access/admission,Education :: College access/admission,ccd9104dbbc5ffcb0994,https://williamsinstitute.law.ucla.edu/press/trans-higher-ed-press-release,ucla.edu,3,0.7827412883440653,0.7092332243919373,0.29076677560806274,0.745154619216919
transgender_people/education__college_access_admission.txt,transgender people,minority,Gender Identity,Education,College access/admission,Education :: College access/admission,d1b14a16c6d331c65419,https://bostonbar.org/journal/transgender-student-admissions-the-challenge-of-defining-gender-in-a-gender-fluid-world,bostonbar.org,3,0.7462936838467916,0.7755172848701477,0.2244827151298523,0.8042624592781067
transgender_people/education__college_access_admission.txt,transgender people,minority,Gender Identity,Education,College access/admission,Education :: College access/admission,d5535efa852f5ee7e3ea,https://hope.temple.edu/newsroom/hope-blog/securing-basic-needs-transgender-students,temple.edu,3,0.8105787038803101,0.7951717376708984,0.20482826232910156,0.8167441487312317
transgender_people/education__college_access_admission.txt,transgender people,minority,Gender Identity,Education,College access/admission,Education :: College access/admission,d6dcdd731c0976d0c519,https://selc.wordpress.ncsu.edu/files/2013/05/Transgender-Issues-on-College-Campus.pdf,ncsu.edu,3,0.8102035522460938,0.80120849609375,0.19879150390625,0.8323658108711243
transgender_people/education__college_access_admission.txt,transgender people,minority,Gender Identity,Education,College access/admission,Education :: College access/admission,de8cfcf24ef311d16a5a,https://eab.com/resources/blog/student-success-blog/how-to-navigate-policy-challenges-and-show-support-for-your-trans-students,eab.com,3,0.778255303700765,0.8302000164985657,0.16979998350143433,0.8650442957878113
transgender_people/education__college_access_admission.txt,transgender people,minority,Gender Identity,Education,College access/admission,Education :: College access/admission,e99073fdf7eb4aff8fdb,https://highereddive.com/news/transgender-college-student-supports-trump/746381,highereddive.com,3,0.7516011397043864,0.7879757881164551,0.21202421188354492,0.8029454946517944
transgender_people/education__college_access_admission.txt,transgender people,minority,Gender Identity,Education,College access/admission,Education :: College access/admission,fdc5162f04030936a19d,https://theconversation.com/how-to-tell-if-your-college-is-trans-inclusive-158348,theconversation.com,3,0.7994759678840637,0.7712176442146301,0.22878235578536987,0.7993357181549072
transgender_people/education__educational_opportunity_access.txt,transgender people,minority,Gender Identity,Education,Educational opportunity/access,Education :: Educational opportunity/access,416587a0336b5ed3ef6b,https://pmc.ncbi.nlm.nih.gov/articles/PMC11055463,nih.gov,3,0.7798676490783691,0.7634527087211609,0.2365472912788391,0.8022807240486145
transgender_people/education__educational_opportunity_access.txt,transgender people,minority,Gender Identity,Education,Educational opportunity/access,Education :: Educational opportunity/access,5f88327efe2ef096a6c5,https://pmc.ncbi.nlm.nih.gov/articles/PMC9599998,nih.gov,3,0.7862694064776102,0.7356104254722595,0.2643895745277405,0.746572732925415
transgender_people/education__educational_opportunity_access.txt,transgender people,minority,Gender Identity,Education,Educational opportunity/access,Education :: Educational opportunity/access,de8cfcf24ef311d16a5a,https://eab.com/resources/blog/student-success-blog/how-to-navigate-policy-challenges-and-show-support-for-your-trans-students,eab.com,3,0.7270994782447815,0.7818722724914551,0.21812772750854492,0.8136880993843079
transgender_people/education__educational_opportunity_access.txt,transgender people,minority,Gender Identity,Education,Educational opportunity/access,Education :: Educational opportunity/access,e1d7bdde0d1c4f4659e4,https://williamsinstitute.law.ucla.edu/wp-content/uploads/Trans-Higher-Ed-Apr-2022.pdf,ucla.edu,3,0.8120790322621664,0.7622342705726624,0.23776572942733765,0.80018550157547
transgender_people/education__educational_opportunity_access.txt,transgender people,minority,Gender Identity,Education,Educational opportunity/access,Education :: Educational opportunity/access,e5d3c951d63debf7d855,https://pointfoundation.org/hubfs/Research%20Reports/2111-Trans-Higher-Ed-FINAL.pdf,pointfoundation.org,3,0.8129076759020487,0.7610635757446289,0.2389364242553711,0.80018550157547
transgender_people/education__harassment_bullying.txt,transgender people,minority,Gender Identity,Education,Harassment/bullying,Education :: Harassment/bullying,04868a8f9000046ea49a,https://onwisconsin.uwalumni.com/the-rise-of-transgender-bullying,uwalumni.com,3,0.8094052275021871,0.722726047039032,0.277273952960968,0.75015789270401
transgender_people/education__harassment_bullying.txt,transgender people,minority,Gender Identity,Education,Harassment/bullying,Education :: Harassment/bullying,080a6a53989313c96275,https://pmc.ncbi.nlm.nih.gov/articles/PMC7678806,nih.gov,3,0.8313454588254293,0.7167305946350098,0.28326940536499023,0.7414591908454895
transgender_people/education__harassment_bullying.txt,transgender people,minority,Gender Identity,Education,Harassment/bullying,Education :: Harassment/bullying,8dd648368634b56c910d,https://evidencebasedliving.human.cornell.edu/blog/what-we-know-about-trans-youth-and-bullying,cornell.edu,3,0.8464684089024862,0.8139646053314209,0.1860353946685791,0.8520604968070984
transgender_people/employment__career_advancement.txt,transgender people,minority,Gender Identity,Employment,Career advancement,Employment :: Career advancement,57d96aa5469e9a0d0e4a,https://careercenter.fresnostate.edu/blog/2024/06/14/trans-and-non-binary-career-advancement-how-to-overcome-challenges-at-work,fresnostate.edu,3,0.8015928864479065,0.6716628074645996,0.3283371925354004,0.6993551254272461
transgender_people/employment__career_advancement.txt,transgender people,minority,Gender Identity,Employment,Career advancement,Employment :: Career advancement,5aee91124fe3a33249a3,https://demo.gae.org/gae-news/transgender-careers-your-guide-to-a-thriving-career-1764799909,gae.org,3,0.8025747537612915,0.6616562604904175,0.3383437395095825,0.6809419393539429
transgender_people/employment__career_advancement.txt,transgender people,minority,Gender Identity,Employment,Career advancement,Employment :: Career advancement,5e28118caada2742188a,https://ncda.org/aws/NCDA/pt/sd/news_article/159199/_self/CC_layout_details/true,ncda.org,3,0.8339701890945435,0.7055401802062988,0.29445981979370117,0.7215923070907593
transgender_people/employment__career_advancement.txt,transgender people,minority,Gender Identity,Employment,Career advancement,Employment :: Career advancement,6cd4edf075667051948e,https://transcanwork.org/news/span-classsqsrte-text-color-blackwhy-trans-employees-face-barriers-to-career-advancementnbspspan,transcanwork.org,3,0.8490188717842102,0.6623497605323792,0.33765023946762085,0.6723008155822754
transgender_people/employment__career_advancement.txt,transgender people,minority,Gender Identity,Employment,Career advancement,Employment :: Career advancement,bdf6bff6d5105c74961c,https://pmc.ncbi.nlm.nih.gov/articles/PMC8559954,nih.gov,3,0.7726974884668986,0.645599365234375,0.354400634765625,0.7243680357933044
transgender_people/employment__hiring.txt,transgender people,minority,Gender Identity,Employment,Hiring,Employment :: Hiring,3966d4cfa437893f7de1,https://williamsinstitute.law.ucla.edu/wp-content/uploads/Trans-Workplace-Discrimination-Nov-2024.pdf,ucla.edu,3,0.8373191754023234,0.8272668719291687,0.1727331280708313,0.8606269359588623
transgender_people/employment__hiring.txt,transgender people,minority,Gender Identity,Employment,Hiring,Employment :: Hiring,52ab46bf21eee6094579,https://complyeq.com/resources/articles/transgender-issues-workplace-abuse-hiring-discrimination,complyeq.com,3,0.8236731688181559,0.81669682264328,0.18330317735671997,0.835659384727478
transgender_people/employment__hiring.txt,transgender people,minority,Gender Identity,Employment,Hiring,Employment :: Hiring,5db340e7aaed38a61dae,https://ssir.org/articles/entry/trans_forming_the_workplace_to_be_transgender_inclusive,ssir.org,3,0.7936132947603861,0.7633503079414368,0.23664969205856323,0.8005955219268799
transgender_people/employment__hiring.txt,transgender people,minority,Gender Identity,Employment,Hiring,Employment :: Hiring,a1a96baa89435942845c,https://transequality.org/issues/employment,transequality.org,3,0.7588369250297546,0.7635111808776855,0.23648881912231445,0.8045648336410522
transgender_people/employment__workplace_harassment.txt,transgender people,minority,Gender Identity,Employment,Workplace harassment,Employment :: Workplace harassment,1c5b27d8a944d3ad338f,https://transcanwork.org/news/mental-health-and-the-workplace-how-discrimination-impacts-noncisgender-employees,transcanwork.org,3,0.8299296895662943,0.8362420201301575,0.16375797986984253,0.8751227259635925
transgender_people/employment__workplace_harassment.txt,transgender people,minority,Gender Identity,Employment,Workplace harassment,Employment :: Workplace harassment,3966d4cfa437893f7de1,https://williamsinstitute.law.ucla.edu/wp-content/uploads/Trans-Workplace-Discrimination-Nov-2024.pdf,ucla.edu,3,0.9040220777193705,0.8833462595939636,0.11665374040603638,0.8862093687057495
transgender_people/employment__workplace_harassment.txt,transgender people,minority,Gender Identity,Employment,Workplace harassment,Employment :: Workplace harassment,4a008ab06a42fb98a815,https://fedemploylaw.com/lgbtq-harassment-in-the-workplace-how-to-identify-prove-it,fedemploylaw.com,3,0.7767186760902405,0.7869257926940918,0.2130742073059082,0.798801600933075
transgender_people/employment__workplace_harassment.txt,transgender people,minority,Gender Identity,Employment,Workplace harassment,Employment :: Workplace harassment,74c8006387f4b7063dca,https://williamsinstitute.law.ucla.edu/publications/transgender-workplace-discrim,ucla.edu,3,0.8865658839543661,0.8662692904472351,0.1337307095527649,0.8755427598953247
transgender_people/employment__workplace_harassment.txt,transgender people,minority,Gender Identity,Employment,Workplace harassment,Employment :: Workplace harassment,a1a96baa89435942845c,https://transequality.org/issues/employment,transequality.org,3,0.8172746698061625,0.7475530505180359,0.2524469494819641,0.811854898929596
transgender_people/government_benefits__access_to_government_benefits.txt,transgender people,minority,Gender Identity,Government Benefits,Access to government benefits,Government Benefits :: Access to government benefits,43c208334aa18c2ee9db,https://transequality.org/news/act-now-protect-our-healthcare,transequality.org,3,0.7055496772130331,0.6644389033317566,0.3355610966682434,0.6964847445487976
transgender_people/government_benefits__access_to_government_benefits.txt,transgender people,minority,Gender Identity,Government Benefits,Access to government benefits,Government Benefits :: Access to government benefits,65e0b44f593efeec3e29,https://williamsinstitute.law.ucla.edu/publications/fehb-changes-trans-workers,ucla.edu,3,0.6209452748298645,0.5310530066490173,0.46894699335098267,0.5779714584350586
transgender_people/government_benefits__access_to_government_benefits.txt,transgender people,minority,Gender Identity,Government Benefits,Access to government benefits,Government Benefits :: Access to government benefits,6e013b30ac05731da7b1,https://shvs.org/resources/new-federal-rules-affecting-coverage-of-treatment-for-gender-dysphoria-considerations-for-states,shvs.org,3,0.6905614535013834,0.6564679145812988,0.34353208541870117,0.7283074855804443
transgender_people/government_benefits__access_to_government_benefits.txt,transgender people,minority,Gender Identity,Government Benefits,Access to government benefits,Government Benefits :: Access to government benefits,a5ef3321a99ddbcaf5a1,https://pmc.ncbi.nlm.nih.gov/articles/PMC7430435,nih.gov,3,0.74761962890625,0.6687490344047546,0.33125096559524536,0.7007200121879578
transgender_people/government_benefits__access_to_government_benefits.txt,transgender people,minority,Gender Identity,Government Benefits,Access to government benefits,Government Benefits :: Access to government benefits,d2954b9ed58d0f0ff7db,https://mapresearch.org/equality-map/medicaid-coverage-of-transgender-related-health-care,mapresearch.org,3,0.7621331016222636,0.6478154063224792,0.35218459367752075,0.7094652652740479
transgender_people/government_benefits__application_approval.txt,transgender people,minority,Gender Identity,Government Benefits,Application/approval,Government Benefits :: Application/approval,21b96e8ecac7ec819910,https://transequality.org/documents/know-your-rights-selective-service,transequality.org,3,0.6850352883338928,0.6686932444572449,0.3313067555427551,0.7180995345115662
transgender_people/government_benefits__application_approval.txt,transgender people,minority,Gender Identity,Government Benefits,Application/approval,Government Benefits :: Application/approval,4cef9fd66034f6ab6afd,https://independent.co.uk/news/world/americas/us-politics/trump-transgender-care-prison-supreme-court-b3057832.html,independent.co.uk,3,0.6361588637034098,0.6020689010620117,0.3979310989379883,0.6067141890525818
transgender_people/government_benefits__application_approval.txt,transgender people,minority,Gender Identity,Government Benefits,Application/approval,Government Benefits :: Application/approval,5686c0e7a3e1d2095b46,https://williamsinstitute.law.ucla.edu/wp-content/uploads/Medicaid-Gender-Care-Dec-2022.pdf,ucla.edu,3,0.7899999221165975,0.7076957821846008,0.29230421781539917,0.7276920676231384
transgender_people/government_benefits__application_approval.txt,transgender people,minority,Gender Identity,Government Benefits,Application/approval,Government Benefits :: Application/approval,6991e6d03e34b43af7cf,https://chcs.org/medicaid-and-sexual-orientation-and-gender-identity-data-key-factors-for-more-equitable-data-collection,chcs.org,3,0.7210869987805685,0.6964123845100403,0.3035876154899597,0.7307770252227783
transgender_people/government_benefits__application_approval.txt,transgender people,minority,Gender Identity,Government Benefits,Application/approval,Government Benefits :: Application/approval,9eedf36b5c7ef367f8b7,https://startdisability.com/perspectives/transgender-apply-ssdi,startdisability.com,3,0.7112388610839844,0.7217321395874023,0.27826786041259766,0.7509492635726929
transgender_people/government_benefits__application_approval.txt,transgender people,minority,Gender Identity,Government Benefits,Application/approval,Government Benefits :: Application/approval,a5ef3321a99ddbcaf5a1,https://pmc.ncbi.nlm.nih.gov/articles/PMC7430435,nih.gov,3,0.7392618656158447,0.6203085780143738,0.3796914219856262,0.6846717596054077
transgender_people/government_benefits__application_approval.txt,transgender people,minority,Gender Identity,Government Benefits,Application/approval,Government Benefits :: Application/approval,d2954b9ed58d0f0ff7db,https://mapresearch.org/equality-map/medicaid-coverage-of-transgender-related-health-care,mapresearch.org,3,0.759864886601766,0.674216091632843,0.325783908367157,0.7274882197380066
transgender_people/government_benefits__application_approval.txt,transgender people,minority,Gender Identity,Government Benefits,Application/approval,Government Benefits :: Application/approval,f7c688725609ccd20750,https://transequality.org/resources/selective-service-and-transgender-people,transequality.org,3,0.6745997071266174,0.5857766270637512,0.4142233729362488,0.6221921443939209
transgender_people/government_benefits__benefit_retention_renewal.txt,transgender people,minority,Gender Identity,Government Benefits,Benefit retention / renewal,Government Benefits :: Benefit retention / renewal,146b551e2988d5513d6b,https://pmc.ncbi.nlm.nih.gov/articles/PMC12628517,nih.gov,3,0.7069578568140665,0.6596198678016663,0.34038013219833374,0.7170032858848572
transgender_people/government_benefits__benefit_retention_renewal.txt,transgender people,minority,Gender Identity,Government Benefits,Benefit retention / renewal,Government Benefits :: Benefit retention / renewal,3df5b39ec9750776d537,https://williamsinstitute.law.ucla.edu/publications/medicaid-trans-health-care,ucla.edu,3,0.7602752049763998,0.7498151659965515,0.2501848340034485,0.7785269021987915
transgender_people/government_benefits__benefit_retention_renewal.txt,transgender people,minority,Gender Identity,Government Benefits,Benefit retention / renewal,Government Benefits :: Benefit retention / renewal,43c208334aa18c2ee9db,https://transequality.org/news/act-now-protect-our-healthcare,transequality.org,3,0.688251793384552,0.72386234998703,0.27613765001296997,0.757548987865448
transgender_people/government_benefits__benefit_retention_renewal.txt,transgender people,minority,Gender Identity,Government Benefits,Benefit retention / renewal,Government Benefits :: Benefit retention / renewal,5ed31e7ff5a7c16a3487,https://digital.lib.washington.edu/researchworks/items/25637a3d-a818-41e3-bfd2-360bd75099db,washington.edu,3,0.6738472183545431,0.6960611939430237,0.3039388060569763,0.7438552379608154
transgender_people/government_benefits__benefit_retention_renewal.txt,transgender people,minority,Gender Identity,Government Benefits,Benefit retention / renewal,Government Benefits :: Benefit retention / renewal,60e61a751662f9dc4660,https://hrc.org/resources/get-the-facts-on-transgender-healthcare,hrc.org,3,0.7080775101979574,0.7221450209617615,0.2778549790382385,0.7360206246376038
transgender_people/government_benefits__benefit_retention_renewal.txt,transgender people,minority,Gender Identity,Government Benefits,Benefit retention / renewal,Government Benefits :: Benefit retention / renewal,6ad4c47c11e5511d0fe4,https://transequality.org/issues/health-healthcare,transequality.org,3,0.7038926283518473,0.7238593101501465,0.2761406898498535,0.8038370609283447
transgender_people/government_benefits__benefit_retention_renewal.txt,transgender people,minority,Gender Identity,Government Benefits,Benefit retention / renewal,Government Benefits :: Benefit retention / renewal,6e013b30ac05731da7b1,https://shvs.org/resources/new-federal-rules-affecting-coverage-of-treatment-for-gender-dysphoria-considerations-for-states,shvs.org,3,0.6853190064430237,0.7033750414848328,0.29662495851516724,0.7834630012512207
transgender_people/government_benefits__benefit_retention_renewal.txt,transgender people,minority,Gender Identity,Government Benefits,Benefit retention / renewal,Government Benefits :: Benefit retention / renewal,cda4d5fd39f133b6d56e,https://kff.org/womens-health-policy/update-on-medicaid-coverage-of-gender-affirming-health-services,kff.org,3,0.7404481172561646,0.7092917561531067,0.2907082438468933,0.7112231254577637
transgender_people/government_benefits__benefit_retention_renewal.txt,transgender people,minority,Gender Identity,Government Benefits,Benefit retention / renewal,Government Benefits :: Benefit retention / renewal,d2954b9ed58d0f0ff7db,https://mapresearch.org/equality-map/medicaid-coverage-of-transgender-related-health-care,mapresearch.org,3,0.7348626057306925,0.7339337468147278,0.2660662531852722,0.7792273759841919
transgender_people/government_benefits__benefit_retention_renewal.txt,transgender people,minority,Gender Identity,Government Benefits,Benefit retention / renewal,Government Benefits :: Benefit retention / renewal,e4ef4d139e689c7b78ef,https://pmc.ncbi.nlm.nih.gov/articles/PMC11782051,nih.gov,3,0.6916181047757467,0.7076738476753235,0.2923261523246765,0.7210837602615356
transgender_people/government_benefits__benefit_retention_renewal.txt,transgender people,minority,Gender Identity,Government Benefits,Benefit retention / renewal,Government Benefits :: Benefit retention / renewal,e9123aab8fc77dc6fb16,https://pn3policy.org/blog/administrative-burden-blog,pn3policy.org,3,0.5043454170227051,0.6062539219856262,0.3937460780143738,0.612964391708374
transgender_people/healthcare__insurance_coverage.txt,transgender people,minority,Gender Identity,Healthcare,Insurance coverage,Healthcare :: Insurance coverage,6e013b30ac05731da7b1,https://shvs.org/resources/new-federal-rules-affecting-coverage-of-treatment-for-gender-dysphoria-considerations-for-states,shvs.org,3,0.7189275225003561,0.685920774936676,0.314079225063324,0.7381062507629395
transgender_people/healthcare__patient_safety.txt,transgender people,minority,Gender Identity,Healthcare,Patient safety,Healthcare :: Patient safety,2512d209e8135ffdd345,https://pmc.ncbi.nlm.nih.gov/articles/PMC4802845,nih.gov,3,0.7707293232282003,0.757793128490448,0.242206871509552,0.7787814140319824
transgender_people/healthcare__patient_safety.txt,transgender people,minority,Gender Identity,Healthcare,Patient safety,Healthcare :: Patient safety,6ad4c47c11e5511d0fe4,https://transequality.org/issues/health-healthcare,transequality.org,3,0.8015095988909403,0.7122346758842468,0.2877653241157532,0.7525646686553955
transgender_people/healthcare__patient_safety.txt,transgender people,minority,Gender Identity,Healthcare,Patient safety,Healthcare :: Patient safety,9c83fec30b1ed70e82ae,https://pmc.ncbi.nlm.nih.gov/articles/PMC5472072,nih.gov,3,0.8047221501668295,0.7760729789733887,0.22392702102661133,0.8163376450538635
transgender_people/healthcare__patient_safety.txt,transgender people,minority,Gender Identity,Healthcare,Patient safety,Healthcare :: Patient safety,bd97c4dec4c50f1c8b2e,https://pmc.ncbi.nlm.nih.gov/articles/PMC9341318,nih.gov,3,0.8020260334014893,0.7730439305305481,0.2269560694694519,0.8102668523788452
transgender_people/healthcare__preventive_care.txt,transgender people,minority,Gender Identity,Healthcare,Preventive care,Healthcare :: Preventive care,11b282cdda5734f7ef3d,https://transequality.org/resources/transgender-sexual-and-reproductive-health-unmet-needs-and-barriers-care,transequality.org,3,0.8122025926907858,0.7841172218322754,0.2158827781677246,0.8247004747390747
transgender_people/healthcare__preventive_care.txt,transgender people,minority,Gender Identity,Healthcare,Preventive care,Healthcare :: Preventive care,89020b2b99984124c848,https://aafp.org/afp/2018/1201/p645,aafp.org,3,0.8075653314590454,0.7693642973899841,0.23063570261001587,0.8066885471343994
transgender_people/healthcare__preventive_care.txt,transgender people,minority,Gender Identity,Healthcare,Preventive care,Healthcare :: Preventive care,bd97c4dec4c50f1c8b2e,https://pmc.ncbi.nlm.nih.gov/articles/PMC9341318,nih.gov,3,0.8359246055285136,0.7953391671180725,0.2046608328819275,0.81369948387146
transgender_people/housing__access_to_housing.txt,transgender people,minority,Gender Identity,Housing,Access to housing,Housing :: Access to housing,0e092b38b987575bf4f3,https://endhomelessness.org/blog/how-the-equal-access-rule-can-protect-trans-people-and-sex-workers,endhomelessness.org,3,0.7633775870005289,0.7659216523170471,0.23407834768295288,0.8453918099403381
transgender_people/housing__access_to_housing.txt,transgender people,minority,Gender Identity,Housing,Access to housing,Housing :: Access to housing,5f8a729f66b51b0af49f,https://hrc.org/resources/fair-and-equal-housing-act,hrc.org,3,0.7945485909779867,0.7920225262641907,0.20797747373580933,0.8232747316360474
transgender_people/housing__access_to_housing.txt,transgender people,minority,Gender Identity,Housing,Access to housing,Housing :: Access to housing,639bfb488b37b79b0dc4,https://housingsolutionstulsa.org/spotlight-on-lgbtq-homelessness-and-housing-insecurity,housingsolutionstulsa.org,3,0.8101120392481486,0.7749571800231934,0.22504281997680664,0.788332462310791
transgender_people/housing__access_to_housing.txt,transgender people,minority,Gender Identity,Housing,Access to housing,Housing :: Access to housing,80bcc2329d8ddad43371,https://unitedwayla.org/news/housing-inequality-within-the-lgbtq-community,unitedwayla.org,3,0.7496417363484701,0.7670385837554932,0.23296141624450684,0.7810712456703186
transgender_people/housing__access_to_housing.txt,transgender people,minority,Gender Identity,Housing,Access to housing,Housing :: Access to housing,9c41a280e48ec02f74f9,https://equalrightscenter.org/equal-access-hud-2026,equalrightscenter.org,3,0.7423484921455383,0.8292520642280579,0.17074793577194214,0.8758044838905334
transgender_people/housing__access_to_housing.txt,transgender people,minority,Gender Identity,Housing,Access to housing,Housing :: Access to housing,a265eb00f99e6a177554,https://obamawhitehouse.archives.gov/blog/2011/10/13/hud-addresses-lgbt-housing-discrimination,archives.gov,3,0.7716805338859558,0.8013686537742615,0.19863134622573853,0.8571963310241699
transgender_people/housing__access_to_housing.txt,transgender people,minority,Gender Identity,Housing,Access to housing,Housing :: Access to housing,af230edcd03dd54b70ee,https://endhomelessness.org/resources/toolkits-and-training-materials/supporting-homeless-transgender-and-and-gender-nonconforming-youth,endhomelessness.org,3,0.763340691725413,0.7107493877410889,0.28925061225891113,0.7272827625274658
transgender_people/housing__access_to_housing.txt,transgender people,minority,Gender Identity,Housing,Access to housing,Housing :: Access to housing,ce5ff1a3c2f8b5f18a9c,https://endhomelessness.org/resources/research-and-analysis/housing-instability-among-gender-expansive-people-and-paths-forward,endhomelessness.org,3,0.7566507260004679,0.7965925335884094,0.20340746641159058,0.8012443780899048
transgender_people/housing__homelessness.txt,transgender people,minority,Gender Identity,Housing,Homelessness,Housing :: Homelessness,01d9b28157b26a093247,https://thetrevorproject.org/wp-content/uploads/2022/02/Trevor-Project-Homelessness-Report.pdf,thetrevorproject.org,3,0.7978324492772421,0.7694119811058044,0.23058801889419556,0.8013668656349182
transgender_people/housing__homelessness.txt,transgender people,minority,Gender Identity,Housing,Homelessness,Housing :: Homelessness,09679ff687f1d0811e12,https://nationalhomeless.org/lgbtq-homelessness,nationalhomeless.org,3,0.8034701546033224,0.8150081634521484,0.18499183654785156,0.8340623378753662
transgender_people/housing__homelessness.txt,transgender people,minority,Gender Identity,Housing,Homelessness,Housing :: Homelessness,3aef06da92fb4ab78593,https://endhomelessness.org/blog/increases-in-individual-homelessness-a-gender-analysis,endhomelessness.org,3,0.8290482759475708,0.8197441101074219,0.18025588989257812,0.8721270561218262
transgender_people/housing__homelessness.txt,transgender people,minority,Gender Identity,Housing,Homelessness,Housing :: Homelessness,52d557ff6e2c7c507d07,https://pmc.ncbi.nlm.nih.gov/articles/PMC8726680,nih.gov,3,0.8520311117172241,0.8352527022361755,0.16474729776382446,0.868087887763977
transgender_people/housing__homelessness.txt,transgender people,minority,Gender Identity,Housing,Homelessness,Housing :: Homelessness,83d895937bb30578d610,https://endhomelessness.org/resources/toolkits-and-training-materials/how-providers-can-address-homelessness-among-gender-expansive-people,endhomelessness.org,3,0.7782790064811707,0.71854168176651,0.28145831823349,0.7344902753829956
transgender_people/housing__homelessness.txt,transgender people,minority,Gender Identity,Housing,Homelessness,Housing :: Homelessness,bb46b2d5419879584e9e,https://transequality.org/issues/housing-homelessness,transequality.org,3,0.8020697633425394,0.7699741721153259,0.23002582788467407,0.7886427640914917
transgender_people/housing__homelessness.txt,transgender people,minority,Gender Identity,Housing,Homelessness,Housing :: Homelessness,c92e31c335f926a63c42,https://nn4youth.org/learn/lgbtq-homeless-youth,nn4youth.org,3,0.7901428937911987,0.7644386291503906,0.23556137084960938,0.8371317982673645
transgender_people/housing__homelessness.txt,transgender people,minority,Gender Identity,Housing,Homelessness,Housing :: Homelessness,edcdc6b4ab2c9fa30cea,https://nlihc.org/resource/transgender-individuals-experience-homelessness-eight-times-rate-general-us-population,nlihc.org,3,0.8032445510228475,0.8260969519615173,0.17390304803848267,0.8793380856513977
transgender_people/housing__housing_stability.txt,transgender people,minority,Gender Identity,Housing,Housing stability,Housing :: Housing stability,4782dc985971f354c44c,https://transequality.org/sites/default/files/docs/resources/NCTE%20Federal%20Blueprint%20Chapter%202%20Housing%20and%20Homelessness_0.pdf,transequality.org,3,0.7578559716542562,0.8039155006408691,0.19608449935913086,0.8317146301269531
transgender_people/housing__housing_stability.txt,transgender people,minority,Gender Identity,Housing,Housing stability,Housing :: Housing stability,4b8aa2de8b14d4624cdd,https://healthcity.bmc.org/why-safe-housing-pivotal-transgender-womens-health,bmc.org,3,0.8192401727040609,0.739745557308197,0.260254442691803,0.7454047203063965
transgender_people/housing__housing_stability.txt,transgender people,minority,Gender Identity,Housing,Housing stability,Housing :: Housing stability,52d557ff6e2c7c507d07,https://pmc.ncbi.nlm.nih.gov/articles/PMC8726680,nih.gov,3,0.8338892658551534,0.7467743754386902,0.2532256245613098,0.812503457069397
transgender_people/housing__housing_stability.txt,transgender people,minority,Gender Identity,Housing,Housing stability,Housing :: Housing stability,67b00cbc1886d51852ae,https://pmc.ncbi.nlm.nih.gov/articles/PMC10826682,nih.gov,3,0.8146565755208334,0.8358837962150574,0.16411620378494263,0.8617165088653564
transgender_people/housing__housing_stability.txt,transgender people,minority,Gender Identity,Housing,Housing stability,Housing :: Housing stability,6e39cf8a45813c6b916f,https://thetrevorproject.org/research-briefs/homelessness-and-housing-instability-among-lgbtq-youth-feb-2022,thetrevorproject.org,3,0.76020481189092,0.7441650032997131,0.25583499670028687,0.7490570545196533
transgender_people/housing__housing_stability.txt,transgender people,minority,Gender Identity,Housing,Housing stability,Housing :: Housing stability,80bcc2329d8ddad43371,https://unitedwayla.org/news/housing-inequality-within-the-lgbtq-community,unitedwayla.org,3,0.7404465675354004,0.7565515637397766,0.2434484362602234,0.7864004373550415
transgender_people/housing__housing_stability.txt,transgender people,minority,Gender Identity,Housing,Housing stability,Housing :: Housing stability,83d895937bb30578d610,https://endhomelessness.org/resources/toolkits-and-training-materials/how-providers-can-address-homelessness-among-gender-expansive-people,endhomelessness.org,3,0.8054214318593343,0.7843648791313171,0.21563512086868286,0.8369789123535156
transgender_people/housing__housing_stability.txt,transgender people,minority,Gender Identity,Housing,Housing stability,Housing :: Housing stability,9859a6c614dec4ad2dde,https://williamsinstitute.law.ucla.edu/publications/lgbt-housing-instability,ucla.edu,3,0.7276718616485596,0.7649758458137512,0.23502415418624878,0.8114216327667236
transgender_people/housing__housing_stability.txt,transgender people,minority,Gender Identity,Housing,Housing stability,Housing :: Housing stability,c559804906d1da63be17,https://mecklenburghousingdata.org/frontpage-article/addressing-lgbtq-homelessness-challenges-disparities-and-promising-practices,mecklenburghousingdata.org,3,0.7367256283760071,0.7783954739570618,0.22160452604293823,0.8182176351547241
transgender_people/housing__housing_stability.txt,transgender people,minority,Gender Identity,Housing,Housing stability,Housing :: Housing stability,ce5ff1a3c2f8b5f18a9c,https://endhomelessness.org/resources/research-and-analysis/housing-instability-among-gender-expansive-people-and-paths-forward,endhomelessness.org,3,0.7397396167119344,0.8203946948051453,0.17960530519485474,0.8363362550735474
white_people/credit_and_financial_services__access_to_banking_services.txt,White people,majority,Race,Credit & Financial Services,Access to banking services,Credit & Financial Services :: Access to banking services,07536d083b6b422772ae,https://stlouisfed.org/community-development/publications/access-credit-financial-services-bridge-financial-well-being,stlouisfed.org,3,0.6728532512982687,0.6619080901145935,0.3380919098854065,0.7062194347381592
white_people/credit_and_financial_services__access_to_banking_services.txt,White people,majority,Race,Credit & Financial Services,Access to banking services,Credit & Financial Services :: Access to banking services,27ebba74a46aef5b9374,https://pmc.ncbi.nlm.nih.gov/articles/PMC7173312,nih.gov,3,0.712747315565745,0.6993958353996277,0.3006041646003723,0.7298098802566528
white_people/credit_and_financial_services__access_to_banking_services.txt,White people,majority,Race,Credit & Financial Services,Access to banking services,Credit & Financial Services :: Access to banking services,3b95d31b802cfdcb021d,https://brookings.edu/articles/an-analysis-of-financial-institutions-in-black-majority-communities-black-borrowers-and-depositors-face-considerable-challenges-in-accessing-banking-services,brookings.edu,3,0.7263505061467489,0.6854269504547119,0.3145730495452881,0.6987242698669434
white_people/credit_and_financial_services__access_to_credit.txt,White people,majority,Race,Credit & Financial Services,Access to credit,Credit & Financial Services :: Access to credit,6cf074b5d55000c1fb4c,https://opportunityinsights.org/paper/creditaccess,opportunityinsights.org,3,0.6686627666155497,0.7240821719169617,0.27591782808303833,0.771804690361023
white_people/credit_and_financial_services__access_to_credit.txt,White people,majority,Race,Credit & Financial Services,Access to credit,Credit & Financial Services :: Access to credit,e63e646c68042089a365,https://jec.senate.gov/public/_cache/files/2756e78d-cd64-4413-8d26-a4f9c2756947/banking-and-financial-exclusion-final.pdf,senate.gov,3,0.7574143211046854,0.74429851770401,0.25570148229599,0.7596398591995239
white_people/credit_and_financial_services__access_to_credit.txt,White people,majority,Race,Credit & Financial Services,Access to credit,Credit & Financial Services :: Access to credit,eafe430211e10444eea7,https://minneapolisfed.org/-/media/assets/events/2025/2025-institute-research-conference/the-determinants-of-credit-access-in-the-united-states.pdf,minneapolisfed.org,3,0.7640394767125448,0.7390729784965515,0.2609270215034485,0.7522988319396973
white_people/credit_and_financial_services__credit_loan_approval.txt,White people,majority,Race,Credit & Financial Services,Credit/loan approval,Credit & Financial Services :: Credit/loan approval,356ef631d65260b12137,https://federalreserve.gov/econres/feds/how-much-does-racial-bias-affect-mortgage-lending.htm,federalreserve.gov,3,0.651818593343099,0.6268706917762756,0.37312930822372437,0.6780189275741577
white_people/credit_and_financial_services__credit_loan_approval.txt,White people,majority,Race,Credit & Financial Services,Credit/loan approval,Credit & Financial Services :: Credit/loan approval,e37cad46c3bfc4ec1492,https://minneapolisfed.org/article/2024/lender-reported-reasons-for-mortgage-denials-dont-explain-racial-disparities,minneapolisfed.org,3,0.7237688302993774,0.6642573475837708,0.33574265241622925,0.7005075812339783
white_people/criminal_justice__arrest_detention_by_police.txt,White people,majority,Race,Criminal Justice,Arrest / detention by police,Criminal Justice :: Arrest / detention by police,17fcd05f5e69d8ccd805,https://pmc.ncbi.nlm.nih.gov/articles/PMC13384522,nih.gov,3,0.785163680712382,0.6714479327201843,0.3285520672798157,0.6791387796401978
white_people/criminal_justice__arrest_detention_by_police.txt,White people,majority,Race,Criminal Justice,Arrest / detention by police,Criminal Justice :: Arrest / detention by police,69defa686d35ec12ae06,https://pmc.ncbi.nlm.nih.gov/articles/PMC5509345,nih.gov,3,0.8009164730707804,0.6934987902641296,0.30650120973587036,0.7335729598999023
white_people/criminal_justice__arrest_detention_by_police.txt,White people,majority,Race,Criminal Justice,Arrest / detention by police,Criminal Justice :: Arrest / detention by police,c82a33b24041f742beed,https://law.stanford.edu/wp-content/uploads/2024/06/2024-Bias-Criminal-Legal-System.pdf,stanford.edu,3,0.7966583371162415,0.7129716873168945,0.28702831268310547,0.7419955134391785
white_people/criminal_justice__incarceration.txt,White people,majority,Race,Criminal Justice,Incarceration,Criminal Justice :: Incarceration,206b6395f06dd583d365,https://sentencingproject.org/reports/one-in-five-racial-disparity-in-imprisonment-causes-and-remedies,sentencingproject.org,3,0.8309489488601685,0.7051107287406921,0.29488927125930786,0.7508790493011475
white_people/criminal_justice__incarceration.txt,White people,majority,Race,Criminal Justice,Incarceration,Criminal Justice :: Incarceration,48bdc8153a8577bce0fa,https://sentencingproject.org/press-releases/new-report-three-causes-of-racial-inequity-in-the-criminal-legal-system,sentencingproject.org,3,0.7873096267382304,0.7264080047607422,0.2735919952392578,0.8005630970001221
white_people/criminal_justice__police_use_of_force.txt,White people,majority,Race,Criminal Justice,Police use of force,Criminal Justice :: Police use of force,f71a506c545f5836eabb,https://policingequity.org/resource-library/use-of-force,policingequity.org,3,0.7770525217056274,0.8024399876594543,0.19756001234054565,0.8662635087966919
white_people/education__college_access_admission.txt,White people,majority,Race,Education,College access/admission,Education :: College access/admission,1f027b6ba41cd0ca5c28,https://insidehighered.com/admissions/article/2021/12/06/study-shows-ways-white-students-have-advantages-admissions,insidehighered.com,3,0.8142970005671183,0.7478859424591064,0.25211405754089355,0.7718350887298584
white_people/education__college_access_admission.txt,White people,majority,Race,Education,College access/admission,Education :: College access/admission,50ada82e65495fb88b1c,https://rsisinternational.org/journals/ijriss/articles/structural-inequalities-and-racial-barriers-to-education-attainment-in-u-s-higher-education-challenges-and-policy-interventions,rsisinternational.org,3,0.8161294261614481,0.755975067615509,0.24402493238449097,0.7999364137649536
white_people/education__college_access_admission.txt,White people,majority,Race,Education,College access/admission,Education :: College access/admission,6942a0dd184d3fcee471,https://equityinhighered.org/resources/ideas-and-insights/segregation-in-higher-education-and-unequal-paths-to-college-completion-implications-for-policy-and-research,equityinhighered.org,3,0.7760254542032877,0.7166200280189514,0.2833799719810486,0.7558754682540894
white_people/education__college_access_admission.txt,White people,majority,Race,Education,College access/admission,Education :: College access/admission,bc9f560b5b7575e34596,https://higheredtoday.org/2025/08/18/new-data-highlights-demographic-shifts-in-admissions,higheredtoday.org,3,0.6798677841822306,0.7569841742515564,0.2430158257484436,0.7692344188690186
white_people/education__college_access_admission.txt,White people,majority,Race,Education,College access/admission,Education :: College access/admission,cbdd8c792afab59cfab3,https://highereddive.com/news/diversity-college-admissions-enrollment-nacac-2025/760807,highereddive.com,3,0.7325857281684875,0.7691647410392761,0.23083525896072388,0.8386256694793701
white_people/education__educational_opportunity_access.txt,White people,majority,Race,Education,Educational opportunity/access,Education :: Educational opportunity/access,ae1adeb47be57a26c35c,https://ncbi.nlm.nih.gov/books/NBK596380,nih.gov,3,0.7526604533195496,0.6747440695762634,0.3252559304237366,0.7061742544174194
white_people/education__educational_opportunity_access.txt,White people,majority,Race,Education,Educational opportunity/access,Education :: Educational opportunity/access,b8ee45c3edb17e2f59c1,https://ebsco.com/research-starters/education/privilege-and-disadvantage-us-education,ebsco.com,3,0.8077819546063741,0.7841309905052185,0.2158690094947815,0.8287639617919922
white_people/education__educational_opportunity_access.txt,White people,majority,Race,Education,Educational opportunity/access,Education :: Educational opportunity/access,c1e8bf4de2827a90cf75,https://brookings.edu/articles/unequal-opportunity-race-and-education,brookings.edu,3,0.7979224522908529,0.7325878143310547,0.2674121856689453,0.7720786929130554
white_people/education__harassment_bullying.txt,White people,majority,Race,Education,Harassment/bullying,Education :: Harassment/bullying,5e3fb806d2fab689e8c0,https://pmc.ncbi.nlm.nih.gov/articles/PMC7453877,nih.gov,3,0.8108673095703125,0.8327693939208984,0.16723060607910156,0.8520379066467285
white_people/employment__career_advancement.txt,White people,majority,Race,Employment,Career advancement,Employment :: Career advancement,878f45b4b7b94ec9c3c1,https://researchmgt.monash.edu/ws/portalfiles/portal/519056876/483077505_oa.pdf,monash.edu,3,0.7331955035527548,0.6964395642280579,0.30356043577194214,0.714828372001648
white_people/employment__career_advancement.txt,White people,majority,Race,Employment,Career advancement,Employment :: Career advancement,aa51f811d0c264835591,https://pmc.ncbi.nlm.nih.gov/articles/PMC9977107,nih.gov,3,0.7222450574239095,0.6604440808296204,0.33955591917037964,0.6708886623382568
white_people/employment__hiring.txt,White people,majority,Race,Employment,Hiring,Employment :: Hiring,7f2addd648e20c608504,https://chicagobooth.edu/review/racial-bias-hiring,chicagobooth.edu,3,0.7175064484278361,0.7709543108940125,0.22904568910598755,0.8090673685073853
white_people/employment__workplace_harassment.txt,White people,majority,Race,Employment,Workplace harassment,Employment :: Workplace harassment,1b637dbfce2146a8848d,https://theconversation.com/white-men-who-have-been-mistreated-at-work-are-more-likely-to-notice-and-report-harassment-new-research-234528,theconversation.com,3,0.8321166237195333,0.8386048674583435,0.1613951325416565,0.8690354824066162
white_people/government_benefits__access_to_government_benefits.txt,White people,majority,Race,Government Benefits,Access to government benefits,Government Benefits :: Access to government benefits,3b3f76e315bf22373a9e,https://pewresearch.org/social-trends/2012/12/18/a-bipartisan-nation-of-beneficiaries,pewresearch.org,3,0.7403867642084757,0.7297518849372864,0.2702481150627136,0.7415913343429565
white_people/government_benefits__access_to_government_benefits.txt,White people,majority,Race,Government Benefits,Access to government benefits,Government Benefits :: Access to government benefits,5ed40f9b12c967df163c,https://nationalacademies.org/read/9719/chapter/8,nationalacademies.org,3,0.7276188333829244,0.7328532338142395,0.2671467661857605,0.7482842803001404
white_people/government_benefits__access_to_government_benefits.txt,White people,majority,Race,Government Benefits,Access to government benefits,Government Benefits :: Access to government benefits,e2c8ac2c91f69e498f42,https://cambercollective.com/2024/01/04/public-benefit-disparities,cambercollective.com,3,0.7681795954704285,0.7673253417015076,0.23267465829849243,0.7893033623695374
white_people/government_benefits__application_approval.txt,White people,majority,Race,Government Benefits,Application/approval,Government Benefits :: Application/approval,2e69ab36a454d2cdfe80,https://gao.gov/products/t-hrd-92-41,gao.gov,3,0.6852316856384277,0.6698715686798096,0.33012843132019043,0.6930327415466309
white_people/government_benefits__application_approval.txt,White people,majority,Race,Government Benefits,Application/approval,Government Benefits :: Application/approval,365aaef770be42e431d2,https://pmc.ncbi.nlm.nih.gov/articles/PMC12047694,nih.gov,3,0.6840977470080057,0.7275121212005615,0.2724878787994385,0.7384259700775146
white_people/government_benefits__application_approval.txt,White people,majority,Race,Government Benefits,Application/approval,Government Benefits :: Application/approval,434f054f49ed326c7eba,https://traceone.com/resources/plm-compliance-blog/states-that-depend-most-on-food-assistance,traceone.com,3,0.5898533264795939,0.7029789090156555,0.2970210909843445,0.7816942930221558
white_people/government_benefits__application_approval.txt,White people,majority,Race,Government Benefits,Application/approval,Government Benefits :: Application/approval,a3e3d70ea20c2b500f6c,https://aljazeera.com/news/2025/10/29/fact-checking-a-viral-chart-on-us-food-stamps-recipients-race-ethnicity,aljazeera.com,3,0.5408904751141866,0.741260826587677,0.258739173412323,0.7812025547027588
white_people/government_benefits__application_approval.txt,White people,majority,Race,Government Benefits,Application/approval,Government Benefits :: Application/approval,f899bc13d8b9a7c65c86,https://news-medical.net/news/20260923/Socioeconomic-factors-explain-racial-differences-in-disability-insurance-approvals.aspx,news-medical.net,3,0.678439994653066,0.736162006855011,0.263837993144989,0.7794381380081177
white_people/government_benefits__application_approval.txt,White people,majority,Race,Government Benefits,Application/approval,Government Benefits :: Application/approval,fd512a3bbc49de1f7275,https://econofact.org/racial-differences-in-unemployment-insurance,econofact.org,3,0.6842458049456278,0.6981046795845032,0.3018953204154968,0.7340548634529114
white_people/government_benefits__benefit_retention_renewal.txt,White people,majority,Race,Government Benefits,Benefit retention / renewal,Government Benefits :: Benefit retention / renewal,0926807a1f81d106e3a0,https://ouci.dntb.gov.ua/en/works/4bg2wL1l,dntb.gov.ua,3,0.6479778091112772,0.6895439028739929,0.3104560971260071,0.7620009183883667
white_people/government_benefits__benefit_retention_renewal.txt,White people,majority,Race,Government Benefits,Benefit retention / renewal,Government Benefits :: Benefit retention / renewal,58c2273d36096f902eb2,https://digitalgovernmenthub.org/wp-content/uploads/2025/12/Racial-and-Ethnic-Differences-in-Experiencing-Administrative-Burd.pdf,digitalgovernmenthub.org,3,0.7086165547370911,0.7409369349479675,0.25906306505203247,0.79109787940979
white_people/government_benefits__benefit_retention_renewal.txt,White people,majority,Race,Government Benefits,Benefit retention / renewal,Government Benefits :: Benefit retention / renewal,5d2d15e1b4a5b8d83766,https://kff.org/medicaid/medicaid-efforts-to-address-racial-health-disparities,kff.org,3,0.6714942653973898,0.7375021576881409,0.26249784231185913,0.7480872869491577
white_people/government_benefits__benefit_retention_renewal.txt,White people,majority,Race,Government Benefits,Benefit retention / renewal,Government Benefits :: Benefit retention / renewal,9d3617d27a486423fd7f,https://thedecisionlab.com/big-problems/reducing-administrative-burden-in-public-services,thedecisionlab.com,3,0.5658809741338094,0.6038239598274231,0.3961760401725769,0.7102607488632202
white_people/healthcare__insurance_coverage.txt,White people,majority,Race,Healthcare,Insurance coverage,Healthcare :: Insurance coverage,58f306f5fbc11e6a5eb5,https://pmc.ncbi.nlm.nih.gov/articles/PMC1360918,nih.gov,3,0.8122881253560384,0.6618801951408386,0.3381198048591614,0.6669908761978149
white_people/healthcare__insurance_coverage.txt,White people,majority,Race,Healthcare,Insurance coverage,Healthcare :: Insurance coverage,7b79548a363fff99a19e,https://kff.org/racial-equity-and-health-policy/health-coverage-by-race-and-ethnicity,kff.org,3,0.7809455196062723,0.664739191532135,0.335260808467865,0.6718727946281433
white_people/healthcare__patient_safety.txt,White people,majority,Race,Healthcare,Patient safety,Healthcare :: Patient safety,3952700851987a1de36e,https://who.int/news-room/fact-sheets/detail/patient-safety,who.int,3,0.5672684907913208,0.6783646941184998,0.32163530588150024,0.6979253888130188
white_people/healthcare__preventive_care.txt,White people,majority,Race,Healthcare,Preventive care,Healthcare :: Preventive care,6106593be06f62631e8f,https://pmc.ncbi.nlm.nih.gov/articles/PMC5172593,nih.gov,3,0.7709345022837321,0.6946924328804016,0.3053075671195984,0.7285863161087036
white_people/healthcare__preventive_care.txt,White people,majority,Race,Healthcare,Preventive care,Healthcare :: Preventive care,aade2868525011c408dc,https://pmc.ncbi.nlm.nih.gov/articles/PMC12914165,nih.gov,3,0.7344551881154379,0.6544462442398071,0.34555375576019287,0.7125314474105835
white_people/healthcare__preventive_care.txt,White people,majority,Race,Healthcare,Preventive care,Healthcare :: Preventive care,f66dfe263cf857f43052,https://pmc.ncbi.nlm.nih.gov/articles/PMC1495054,nih.gov,3,0.7954150438308716,0.7185490727424622,0.28145092725753784,0.7407703995704651
white_people/housing__access_to_housing.txt,White people,majority,Race,Housing,Access to housing,Housing :: Access to housing,1242d8d7be328cbd3b29,https://home.treasury.gov/news/featured-stories/racial-differences-in-economic-security-housing,treasury.gov,3,0.7319628000259399,0.775809109210968,0.22419089078903198,0.7882609963417053
white_people/housing__access_to_housing.txt,White people,majority,Race,Housing,Access to housing,Housing :: Access to housing,218ee53b53f75c8d623e,https://allianceforhousingjustice.org/post/27-ways-racism-and-white-supremacy-impact-housing,allianceforhousingjustice.org,3,0.7620365023612976,0.7209439277648926,0.2790560722351074,0.7788044214248657
white_people/housing__access_to_housing.txt,White people,majority,Race,Housing,Access to housing,Housing :: Access to housing,72437fc07e8b32125f89,https://habitat.org/historic-housing-discrimination-us,habitat.org,3,0.6859309077262878,0.7037663459777832,0.2962336540222168,0.7727631330490112
white_people/housing__homelessness.txt,White people,majority,Race,Housing,Homelessness,Housing :: Homelessness,5f0dad8a8199ff0d18f0,https://marysplaceseattle.org/blog/homelessness-race-and-the-systems-that-shape-opportunity,marysplaceseattle.org,3,0.7542720238367716,0.7591814994812012,0.24081850051879883,0.794974148273468
white_people/housing__homelessness.txt,White people,majority,Race,Housing,Homelessness,Housing :: Homelessness,79449cc23749d1c53e3d,https://endhomelessness.org/systemic-racism-and-marginalization,endhomelessness.org,3,0.7755269209543864,0.8094663619995117,0.19053363800048828,0.8590042591094971
white_people/housing__homelessness.txt,White people,majority,Race,Housing,Homelessness,Housing :: Homelessness,b1367b13f46727ea0584,https://endhomelessness.org/state-of-homelessness,endhomelessness.org,3,0.7720899184544882,0.7586519718170166,0.2413480281829834,0.822117805480957
white_people/housing__housing_stability.txt,White people,majority,Race,Housing,Housing stability,Housing :: Housing stability,0fd73c6a0e735fb6dac8,https://nlihc.org/resource/racial-disparities-among-extremely-low-income-renters,nlihc.org,3,0.7120315631230673,0.679858386516571,0.32014161348342896,0.7105751037597656
white_people/housing__housing_stability.txt,White people,majority,Race,Housing,Housing stability,Housing :: Housing stability,1242d8d7be328cbd3b29,https://home.treasury.gov/news/featured-stories/racial-differences-in-economic-security-housing,treasury.gov,3,0.7117093205451965,0.7778706550598145,0.22212934494018555,0.811113715171814
white_people/housing__housing_stability.txt,White people,majority,Race,Housing,Housing stability,Housing :: Housing stability,3eabb7d679a1823d4f26,https://futureofhousing.aarp.org/systemic-barriers,aarp.org,3,0.7153774301211039,0.7210370898246765,0.2789629101753235,0.7554976940155029
white_people/housing__housing_stability.txt,White people,majority,Race,Housing,Housing stability,Housing :: Housing stability,4b3e1c58014aab4776d3,https://pmc.ncbi.nlm.nih.gov/articles/PMC9716543,nih.gov,3,0.7529897292455038,0.7327859401702881,0.2672140598297119,0.7723810076713562
white_people/housing__housing_stability.txt,White people,majority,Race,Housing,Housing stability,Housing :: Housing stability,8e86245734cefba81b49,https://brookings.edu/articles/homeownership-racial-segregation-and-policies-for-racial-wealth-equity,brookings.edu,3,0.6969361503918966,0.6753366589546204,0.32466334104537964,0.6982848644256592
women/credit_and_financial_services__access_to_banking_services.txt,Women,minority,Gender,Credit & Financial Services,Access to banking services,Credit & Financial Services :: Access to banking services,084809c432fbc87be595,https://credolab.com/blog/2023-expert-guide-the-importance-of-financial-inclusion-strategies-and-policies,credolab.com,3,0.6668001810709635,0.6887102127075195,0.31128978729248047,0.7166476249694824
women/credit_and_financial_services__access_to_banking_services.txt,Women,minority,Gender,Credit & Financial Services,Access to banking services,Credit & Financial Services :: Access to banking services,43392105ae0cc2215de6,https://rockpa.org/wp-content/uploads/2023/03/Kaduna-WFI-Report_For-Circulation_FINAL.pdf,rockpa.org,3,0.7822228074073792,0.6459496021270752,0.3540503978729248,0.6944580078125
women/credit_and_financial_services__access_to_banking_services.txt,Women,minority,Gender,Credit & Financial Services,Access to banking services,Credit & Financial Services :: Access to banking services,81c45a2071f504a2211a,https://iiste.org/Journals/index.php/EJBM/article/download/41460/42683,iiste.org,3,0.7539355158805847,0.6283509731292725,0.37164902687072754,0.6456800699234009
women/credit_and_financial_services__access_to_banking_services.txt,Women,minority,Gender,Credit & Financial Services,Access to banking services,Credit & Financial Services :: Access to banking services,84865dbf4a9641c5a2d7,https://rsisinternational.org/journals/ijrsi/digital-library/volume-11-issue-7/515-527.pdf,rsisinternational.org,3,0.7493539253870646,0.601163923740387,0.39883607625961304,0.6101289391517639
women/credit_and_financial_services__access_to_banking_services.txt,Women,minority,Gender,Credit & Financial Services,Access to banking services,Credit & Financial Services :: Access to banking services,b2804c7f0839a2cd18f1,https://womensworldbanking.org/insights/in-conversation-with-womens-world-banking-conversations-with-pia-tayag,womensworldbanking.org,3,0.6758488416671753,0.5671822428703308,0.4328177571296692,0.6550103425979614
women/credit_and_financial_services__access_to_credit.txt,Women,minority,Gender,Credit & Financial Services,Access to credit,Credit & Financial Services :: Access to credit,6280ac6b7f94e2306241,https://researchguru.pro/factors-influencing-financial-accesibility-of-small-scales-women-entrepreneurs-in-bamenda-ii-and-iii-municipalities,researchguru.pro,3,0.7542004386583964,0.6854650378227234,0.3145349621772766,0.7133104801177979
women/credit_and_financial_services__access_to_credit.txt,Women,minority,Gender,Credit & Financial Services,Access to credit,Credit & Financial Services :: Access to credit,81c45a2071f504a2211a,https://iiste.org/Journals/index.php/EJBM/article/download/41460/42683,iiste.org,3,0.6888054013252258,0.6070612668991089,0.3929387331008911,0.6109248995780945
women/credit_and_financial_services__access_to_credit.txt,Women,minority,Gender,Credit & Financial Services,Access to credit,Credit & Financial Services :: Access to credit,8559426802b398d43afe,https://sadc.int/file/10032/download?token=Stf8zJtg,sadc.int,3,0.7107354799906412,0.6483362317085266,0.3516637682914734,0.7028234004974365
women/credit_and_financial_services__access_to_credit.txt,Women,minority,Gender,Credit & Financial Services,Access to credit,Credit & Financial Services :: Access to credit,fa180c974b16ce60f129,https://ejss.eminentjournals.com/index.php/home/article/download/32/10/108,eminentjournals.com,3,0.746740480264028,0.6510968804359436,0.3489031195640564,0.6919196248054504
women/credit_and_financial_services__credit_loan_approval.txt,Women,minority,Gender,Credit & Financial Services,Credit/loan approval,Credit & Financial Services :: Credit/loan approval,36c0735fed165a8b3f18,https://lendingtree.com/personal/reasons-why-your-personal-loan-was-declined,lendingtree.com,3,0.6817480127016703,0.7223345637321472,0.2776654362678528,0.7819523811340332
women/credit_and_financial_services__credit_loan_approval.txt,Women,minority,Gender,Credit & Financial Services,Credit/loan approval,Credit & Financial Services :: Credit/loan approval,58425b2cdafc73f78093,https://experian.com/blogs/ask-experian/credit-education/score-basics/what-affects-your-credit-scores,experian.com,3,0.6069260040918986,0.6653807759284973,0.3346192240715027,0.7081654071807861
women/credit_and_financial_services__credit_loan_approval.txt,Women,minority,Gender,Credit & Financial Services,Credit/loan approval,Credit & Financial Services :: Credit/loan approval,7975cb61ab0e01dc5131,https://kba.co.ke/wp-content/uploads/2022/05/Working-Paper-24.pdf,kba.co.ke,3,0.706563393274943,0.610578715801239,0.389421284198761,0.6246809959411621
women/credit_and_financial_services__credit_loan_approval.txt,Women,minority,Gender,Credit & Financial Services,Credit/loan approval,Credit & Financial Services :: Credit/loan approval,7d4ba1cb12884e5eaa48,https://rjwave.org/jaafr/papers/JAAFR2606532.pdf,rjwave.org,3,0.721162736415863,0.786506712436676,0.21349328756332397,0.7949519157409668
women/credit_and_financial_services__credit_loan_approval.txt,Women,minority,Gender,Credit & Financial Services,Credit/loan approval,Credit & Financial Services :: Credit/loan approval,ba6a55ac11d4e3ce0434,https://experian.com/blogs/ask-experian/what-do-mortgage-lenders-look-for,experian.com,3,0.5661548972129822,0.6606835126876831,0.3393164873123169,0.6924847364425659
women/criminal_justice__arrest_detention_by_police.txt,Women,minority,Gender,Criminal Justice,Arrest / detention by police,Criminal Justice :: Arrest / detention by police,2e8c8398c9077c09eb32,https://fiveable.me/criminal-justice/unit-5/police-discretion-decision-making/study-guide/n68gnxMUnHVfFsuc,fiveable.me,3,0.6378973921140035,0.6733633875846863,0.3266366124153137,0.7212188839912415
women/criminal_justice__arrest_detention_by_police.txt,Women,minority,Gender,Criminal Justice,Arrest / detention by police,Criminal Justice :: Arrest / detention by police,7f16464421be81c16123,https://sentencingproject.org/fact-sheet/incarcerated-women-and-girls,sentencingproject.org,3,0.6488722562789917,0.5175206065177917,0.48247939348220825,0.5400978922843933
women/criminal_justice__arrest_detention_by_police.txt,Women,minority,Gender,Criminal Justice,Arrest / detention by police,Criminal Justice :: Arrest / detention by police,9e50b890fa6e5a6b97f2,https://counciloncj.org/womens-justice-a-preliminary-assessment-of-women-in-the-criminal-justice-system,counciloncj.org,3,0.733383059501648,0.6911284327507019,0.3088715672492981,0.7617735266685486
women/criminal_justice__arrest_detention_by_police.txt,Women,minority,Gender,Criminal Justice,Arrest / detention by police,Criminal Justice :: Arrest / detention by police,b099bb2dd9eb92846271,https://howardleague.org/wp-content/uploads/2020/09/APPG-on-Women-in-the-Penal-System-briefing-2-FINAL.pdf,howardleague.org,3,0.7808268268903097,0.7165741920471191,0.28342580795288086,0.7464114427566528
women/criminal_justice__arrest_detention_by_police.txt,Women,minority,Gender,Criminal Justice,Arrest / detention by police,Criminal Justice :: Arrest / detention by police,c1e041b18c1c997173cc,https://lawny.org/page/87/police-response-domestic-violence,lawny.org,3,0.5330059925715128,0.6168001294136047,0.38319987058639526,0.6461303234100342
women/criminal_justice__arrest_detention_by_police.txt,Women,minority,Gender,Criminal Justice,Arrest / detention by police,Criminal Justice :: Arrest / detention by police,e98593ff158abb7d736f,https://prisonpolicy.org/blog/2019/05/14/policingwomen,prisonpolicy.org,3,0.8074848850568136,0.7398765683174133,0.26012343168258667,0.8160276412963867
women/criminal_justice__incarceration.txt,Women,minority,Gender,Criminal Justice,Incarceration,Criminal Justice :: Incarceration,0d70bcbcd337063a9a35,https://vera.org/publications/overlooked-women-and-jails-report,vera.org,3,0.7695724169413248,0.6252403855323792,0.37475961446762085,0.6975386142730713
women/criminal_justice__incarceration.txt,Women,minority,Gender,Criminal Justice,Incarceration,Criminal Justice :: Incarceration,7f16464421be81c16123,https://sentencingproject.org/fact-sheet/incarcerated-women-and-girls,sentencingproject.org,3,0.7824555436770121,0.6749557852745056,0.3250442147254944,0.7122421264648438
women/criminal_justice__incarceration.txt,Women,minority,Gender,Criminal Justice,Incarceration,Criminal Justice :: Incarceration,a744f8b867e38aff6ff4,https://beyondthestreets.org.uk/women-and-criminal-justice,beyondthestreets.org.uk,3,0.7488064964612325,0.6429478526115417,0.35705214738845825,0.7285999059677124
women/criminal_justice__police_use_of_force.txt,Women,minority,Gender,Criminal Justice,Police use of force,Criminal Justice :: Police use of force,5190477d35329fc14345,https://apha.org/publications/public-health-newswire/public-health-newswire/articles/women-in-law-enforcement-are-more-likely-to-face-bias-burnout,apha.org,3,0.6834729711214701,0.771945059299469,0.228054940700531,0.7951151132583618
women/criminal_justice__police_use_of_force.txt,Women,minority,Gender,Criminal Justice,Police use of force,Criminal Justice :: Police use of force,68235c80367aa2dbb685,https://onlinedegrees.sandiego.edu/women-in-law-enforcement,sandiego.edu,3,0.8374592860539755,0.8000562787055969,0.19994372129440308,0.8567681312561035
women/education__harassment_bullying.txt,Women,minority,Gender,Education,Harassment/bullying,Education :: Harassment/bullying,43715a622761a7505079,https://theeducatoronline.com/k12/news/breaking-the-silence-on-femaleonfemale-bullying-in-schools/287030,theeducatoronline.com,3,0.757258395353953,0.7528272271156311,0.2471727728843689,0.7708905339241028
women/education__harassment_bullying.txt,Women,minority,Gender,Education,Harassment/bullying,Education :: Harassment/bullying,56850419a2b18f5722e6,https://ijssrr.com/journal/article/download/1942/1464,ijssrr.com,3,0.7042272090911865,0.7411651611328125,0.2588348388671875,0.7608150243759155
women/education__harassment_bullying.txt,Women,minority,Gender,Education,Harassment/bullying,Education :: Harassment/bullying,75500e7e643f1fc48479,https://highered360.com/articles/articleDisplay.cfm?ID=2173,highered360.com,3,0.7414594093958536,0.728828489780426,0.271171510219574,0.7421324849128723
women/education__harassment_bullying.txt,Women,minority,Gender,Education,Harassment/bullying,Education :: Harassment/bullying,a959189d9a36792203b1,https://epistimi.org/blog/gender-and-bullying-in-the-academic-workplace,epistimi.org,3,0.7524267037709554,0.7434883117675781,0.2565116882324219,0.7645247578620911
women/education__harassment_bullying.txt,Women,minority,Gender,Education,Harassment/bullying,Education :: Harassment/bullying,b9faeedec439bf6527f3,https://edweek.org/leadership/even-in-a-field-dominated-by-women-25-of-female-educators-say-metoo/2018/06,edweek.org,3,0.6987493832906088,0.7774165272712708,0.22258347272872925,0.7813887596130371
women/employment__hiring.txt,Women,minority,Gender,Employment,Hiring,Employment :: Hiring,9eeaf114db9ef6a79220,https://reveliolabs.com/news/macro/are-men-actually-being-left-behind-in-entry-level-hiring,reveliolabs.com,3,0.8023999134699503,0.7256749272346497,0.27432507276535034,0.754101037979126
women/employment__hiring.txt,Women,minority,Gender,Employment,Hiring,Employment :: Hiring,e6fff217e350539e918b,https://aquinascollege.ca/job-satisfaction,aquinascollege.ca,3,0.5609067678451538,0.5081052780151367,0.4918947219848633,0.5716507434844971
women/employment__hiring.txt,Women,minority,Gender,Employment,Hiring,Employment :: Hiring,f26a9cee4e9605aeac7e,https://tljbm.org/jurnal/index.php/tljbm/article/download/55/40,tljbm.org,3,0.7153473496437073,0.568774402141571,0.43122559785842896,0.6147376298904419
women/employment__workplace_harassment.txt,Women,minority,Gender,Employment,Workplace harassment,Employment :: Workplace harassment,0272804ac71652e3d4c8,https://hracuity.com/blog/female-workplace-harassment,hracuity.com,3,0.8321640690167745,0.6965636610984802,0.3034363389015198,0.7545987367630005
women/employment__workplace_harassment.txt,Women,minority,Gender,Employment,Workplace harassment,Employment :: Workplace harassment,134ab2a5610f68ec3cb0,https://cogentinfo.com/resources/15-issues-women-face-at-the-workplace-and-how-to-combat-them,cogentinfo.com,3,0.810521682103475,0.6824548840522766,0.3175451159477234,0.7075365781784058
women/employment__workplace_harassment.txt,Women,minority,Gender,Employment,Workplace harassment,Employment :: Workplace harassment,c8cc815b8b0f2b230563,https://elker.com/articles/5-risk-factors-for-sexual-harassment-in-the-workplace,elker.com,3,0.7716718117396036,0.6951497197151184,0.3048502802848816,0.7200742959976196
women/government_benefits__access_to_government_benefits.txt,Women,minority,Gender,Government Benefits,Access to government benefits,Government Benefits :: Access to government benefits,618ecffc5762b2c18208,https://brookings.edu/articles/how-does-gender-equality-affect-women-in-retirement,brookings.edu,3,0.7161592443784078,0.7235314249992371,0.27646857500076294,0.7407119274139404
women/government_benefits__access_to_government_benefits.txt,Women,minority,Gender,Government Benefits,Access to government benefits,Government Benefits :: Access to government benefits,6407005530a4874d4bdc,https://usatoday.com/story/money/personalfinance/2026/06/23/women-social-security-gender-gap/90641659007,usatoday.com,3,0.666198194026947,0.7151588797569275,0.2848411202430725,0.7761493921279907
women/government_benefits__access_to_government_benefits.txt,Women,minority,Gender,Government Benefits,Access to government benefits,Government Benefits :: Access to government benefits,8acb6d9b6e4fe0031baa,https://usccb.org/issues-and-action/human-life-and-dignity/social-security/vulnerable-groups-changes-social-security,usccb.org,3,0.6134506861368815,0.5794966220855713,0.4205033779144287,0.6025296449661255
women/government_benefits__access_to_government_benefits.txt,Women,minority,Gender,Government Benefits,Access to government benefits,Government Benefits :: Access to government benefits,dc6bb918e51085766cbe,https://ebsco.com/research-starters/womens-studies-and-feminism/gender-and-welfare-policy,ebsco.com,3,0.7284653186798096,0.6681339144706726,0.3318660855293274,0.7413630485534668
women/government_benefits__access_to_government_benefits.txt,Women,minority,Gender,Government Benefits,Access to government benefits,Government Benefits :: Access to government benefits,f31c6bb41fb04101062b,https://unwomen.org/sites/default/files/Headquarters/Attachments/Sections/CSW/62/CSW-Conclusions-62-EN.PDF,unwomen.org,3,0.6893863677978516,0.6679856181144714,0.33201438188552856,0.7240375280380249
women/government_benefits__access_to_government_benefits.txt,Women,minority,Gender,Government Benefits,Access to government benefits,Government Benefits :: Access to government benefits,f354d0e216bfca988dd4,https://nwlc.org/resource/by-the-numbers-data-on-key-programs-for-the-well-being-of-women-lgbtqi-people-and-their-families,nwlc.org,3,0.6974823276201884,0.6399151682853699,0.3600848317146301,0.656609296798706
women/government_benefits__application_approval.txt,Women,minority,Gender,Government Benefits,Application/approval,Government Benefits :: Application/approval,1a81d141e05c6b2434ee,https://kff.org/womens-health-policy/medicaid-coverage-for-women,kff.org,3,0.6794696847597758,0.6141692996025085,0.38583070039749146,0.6342144012451172
women/government_benefits__application_approval.txt,Women,minority,Gender,Government Benefits,Application/approval,Government Benefits :: Application/approval,20fea155030c599d9d04,https://actuary.org/women-and-social-security,actuary.org,3,0.6846432487169901,0.6112302541732788,0.3887697458267212,0.6688359975814819
women/government_benefits__application_approval.txt,Women,minority,Gender,Government Benefits,Application/approval,Government Benefits :: Application/approval,291b497f1a27b29b46a1,https://nwlc.org/resource/women-in-poverty-state-by-state,nwlc.org,3,0.5128791232903799,0.529123067855835,0.47087693214416504,0.5996060371398926
women/government_benefits__application_approval.txt,Women,minority,Gender,Government Benefits,Application/approval,Government Benefits :: Application/approval,7344112bbf2ee493acbb,https://lifelinesupport.org/how-to-qualify,lifelinesupport.org,3,0.43145901958147687,0.5827330946922302,0.4172669053077698,0.6506973505020142
women/government_benefits__application_approval.txt,Women,minority,Gender,Government Benefits,Application/approval,Government Benefits :: Application/approval,7ba1fe47715048da0d55,https://prismreports.org/2021/08/17/food-stamp-benefits-are-increasing-heres-what-that-means-for-the-women-who-use-the-program,prismreports.org,3,0.6339872479438782,0.5882800817489624,0.4117199182510376,0.6839067935943604
women/government_benefits__application_approval.txt,Women,minority,Gender,Government Benefits,Application/approval,Government Benefits :: Application/approval,88718147ea7ca93f485b,https://healthytexaswomen.org/healthcare-programs/healthy-texas-women/htw-who-can-apply,healthytexaswomen.org,3,0.4398843248685201,0.5177310109138489,0.4822689890861511,0.5519136190414429
women/government_benefits__application_approval.txt,Women,minority,Gender,Government Benefits,Application/approval,Government Benefits :: Application/approval,9ff9a124f328f28f4ab6,https://healthytexaswomen.org/healthcare-programs/family-planning-program/fpp-who-can-apply,healthytexaswomen.org,3,0.34034911791483563,0.5045420527458191,0.4954579472541809,0.649635910987854
women/government_benefits__application_approval.txt,Women,minority,Gender,Government Benefits,Application/approval,Government Benefits :: Application/approval,be917341e6b3fea28dff,https://dol.gov/node/63397,dol.gov,3,0.5522878766059875,0.4757692515850067,0.5242307484149933,0.5385314226150513
women/government_benefits__application_approval.txt,Women,minority,Gender,Government Benefits,Application/approval,Government Benefits :: Application/approval,e3a89ec43be81f48c72f,https://disability-benefits-help.org/blog/gender-and-social-security-disability-benefits,disability-benefits-help.org,3,0.6770373582839966,0.6336924433708191,0.3663075566291809,0.6662273406982422
women/government_benefits__application_approval.txt,Women,minority,Gender,Government Benefits,Application/approval,Government Benefits :: Application/approval,f354d0e216bfca988dd4,https://nwlc.org/resource/by-the-numbers-data-on-key-programs-for-the-well-being-of-women-lgbtqi-people-and-their-families,nwlc.org,3,0.6558272043863932,0.593463122844696,0.40653687715530396,0.6514434814453125
women/healthcare__insurance_coverage.txt,Women,minority,Gender,Healthcare,Insurance coverage,Healthcare :: Insurance coverage,47101494a39685a029cf,https://syncsci.com/journal/SWSW/article/view/495,syncsci.com,3,0.6044175426165262,0.5871041417121887,0.4128958582878113,0.6033896207809448
women/healthcare__insurance_coverage.txt,Women,minority,Gender,Healthcare,Insurance coverage,Healthcare :: Insurance coverage,7d0336f2cf565ea6cc18,https://journals.plos.org/plosone/article/file?id=10.1371%2Fjournal.pone.0220558&type=printable,plos.org,3,0.5685651699701945,0.6744831204414368,0.32551687955856323,0.7346110343933105
women/healthcare__insurance_coverage.txt,Women,minority,Gender,Healthcare,Insurance coverage,Healthcare :: Insurance coverage,a07714e05e0ab664b094,https://nwlc.org/resource/turning-to-fairness-insurance-discrimination-against-women-today-and-the-affordable-care-act,nwlc.org,3,0.7451152006785074,0.6410626769065857,0.3589373230934143,0.6767024993896484
women/healthcare__insurance_coverage.txt,Women,minority,Gender,Healthcare,Insurance coverage,Healthcare :: Insurance coverage,b962444128bfa9b1339e,https://pjph.org/pjph/article/view/1124,pjph.org,3,0.5650133689244589,0.6474501490592957,0.35254985094070435,0.6835283041000366
women/healthcare__patient_safety.txt,Women,minority,Gender,Healthcare,Patient safety,Healthcare :: Patient safety,0803c7e5f15e9fa50643,https://pmc.ncbi.nlm.nih.gov/articles/PMC10732547,nih.gov,3,0.6510388652483622,0.7611038088798523,0.2388961911201477,0.7760882377624512
women/healthcare__patient_safety.txt,Women,minority,Gender,Healthcare,Patient safety,Healthcare :: Patient safety,0f4e7d905f0760019f0e,https://awis.org/resource/addressing-gender-bias-medical-care,awis.org,3,0.6181051731109619,0.6831367015838623,0.3168632984161377,0.7447605133056641
women/healthcare__patient_safety.txt,Women,minority,Gender,Healthcare,Patient safety,Healthcare :: Patient safety,49f5161857535212e276,https://pmc.ncbi.nlm.nih.gov/articles/PMC9291436,nih.gov,3,0.7000436584154764,0.666068971157074,0.333931028842926,0.6869633197784424
women/healthcare__patient_safety.txt,Women,minority,Gender,Healthcare,Patient safety,Healthcare :: Patient safety,95f9aacf65e2103a70de,https://patientsafetylearning.org/blog/failures-of-informed-consent-and-the-impact-on-womens-health,patientsafetylearning.org,3,0.7663373748461405,0.6598352789878845,0.3401647210121155,0.806708812713623
women/healthcare__patient_safety.txt,Women,minority,Gender,Healthcare,Patient safety,Healthcare :: Patient safety,9aec60b82b2d890523a6,https://onlineprograms.sacredheart.edu/resources/gender-bias-in-healthcare,sacredheart.edu,3,0.6815839807192484,0.7136532664299011,0.2863467335700989,0.7451004385948181
women/healthcare__patient_safety.txt,Women,minority,Gender,Healthcare,Patient safety,Healthcare :: Patient safety,f80a3040fe0bf24209a0,https://patientsafetylearning.org/blog/dangerous-exclusions-the-risk-to-patient-safety-of-sex-and-gender-bias,patientsafetylearning.org,3,0.7529593904813131,0.6731671690940857,0.3268328309059143,0.6956222057342529
women/healthcare__preventive_care.txt,Women,minority,Gender,Healthcare,Preventive care,Healthcare :: Preventive care,4edf924f6507bcd42ecf,https://meer.com/en/107064-the-preventive-care-gap-in-womens-health,meer.com,3,0.7961056232452393,0.7035823464393616,0.2964176535606384,0.7513617277145386
women/healthcare__preventive_care.txt,Women,minority,Gender,Healthcare,Preventive care,Healthcare :: Preventive care,a1c32ba8299b9d9e8aa6,https://pmc.ncbi.nlm.nih.gov/articles/PMC3629883,nih.gov,3,0.7555391391118368,0.7675857543945312,0.23241424560546875,0.8472692370414734
women/housing__access_to_housing.txt,Women,minority,Gender,Housing,Access to housing,Housing :: Access to housing,368c735128bd262077f8,https://nwlc.org/why-housing-is-a-gender-justice-issue,nwlc.org,3,0.7308016816775004,0.688357412815094,0.311642587184906,0.7591021060943604
women/housing__access_to_housing.txt,Women,minority,Gender,Housing,Access to housing,Housing :: Access to housing,5842e1554cd5d46b9aba,https://nnedv.org/spotlight_on/impact-safe-housing-survivors,nnedv.org,3,0.6090230544408163,0.7482888698577881,0.2517111301422119,0.7777936458587646
women/housing__access_to_housing.txt,Women,minority,Gender,Housing,Access to housing,Housing :: Access to housing,62a0217f68f1ad23be8d,https://ohchr.org/en/special-procedures/sr-housing/women-and-right-adequate-housing,ohchr.org,3,0.26269198457400006,0.4164609909057617,0.5835390090942383,0.4302216172218323
women/housing__access_to_housing.txt,Women,minority,Gender,Housing,Access to housing,Housing :: Access to housing,9f0d36b534211764ea78,https://thepeopleconcern.org/the-intersection-of-womanhood-and-homelessness,thepeopleconcern.org,3,0.677368700504303,0.6660877466201782,0.3339122533798218,0.745688796043396
women/housing__access_to_housing.txt,Women,minority,Gender,Housing,Access to housing,Housing :: Access to housing,aa813e02dd906fd36305,https://engender.org.uk/content/publications/GENDER-HOUSING-AND-HOMELESSNESS---A-LITERATURE-REVIEW.pdf,engender.org.uk,3,0.8472383419672648,0.7942211031913757,0.20577889680862427,0.8336099982261658
women/housing__access_to_housing.txt,Women,minority,Gender,Housing,Access to housing,Housing :: Access to housing,be825617309bb8283d04,https://nlc.org/article/2023/03/21/housing-for-women-female-headed-households,nlc.org,3,0.7891261974970499,0.7037165760993958,0.29628342390060425,0.7610856294631958
women/housing__access_to_housing.txt,Women,minority,Gender,Housing,Access to housing,Housing :: Access to housing,cb3a903b7d785dfd740f,https://pmc.ncbi.nlm.nih.gov/articles/PMC12306465,nih.gov,3,0.7806243697802225,0.6408184170722961,0.35918158292770386,0.7088242769241333
women/housing__homelessness.txt,Women,minority,Gender,Housing,Homelessness,Housing :: Homelessness,05ddc19a9048db86660f,https://kxxv.com/news/national-politics/the-race-2020/when-it-comes-to-homelessness-in-america-there-is-no-single-cause,kxxv.com,3,0.7305925488471985,0.7364087104797363,0.26359128952026367,0.7863743305206299
women/housing__homelessness.txt,Women,minority,Gender,Housing,Homelessness,Housing :: Homelessness,2af324bfdfd3125cb059,https://engender.org.uk/news/blog/cost-of-living-crisis-the-financial-impact-on-womens-access-to-housing,engender.org.uk,3,0.7496680816014608,0.7837753295898438,0.21622467041015625,0.82776939868927
women/housing__homelessness.txt,Women,minority,Gender,Housing,Homelessness,Housing :: Homelessness,9f0d36b534211764ea78,https://thepeopleconcern.org/the-intersection-of-womanhood-and-homelessness,thepeopleconcern.org,3,0.7924163937568665,0.7466580867767334,0.2533419132232666,0.7876864671707153
women/housing__homelessness.txt,Women,minority,Gender,Housing,Homelessness,Housing :: Homelessness,b74035987a489f1a5239,https://psychiatrist.com/pcc/homelessness-housing-insecurity-challenges-opportunities-improve-care,psychiatrist.com,3,0.7665484746297201,0.7968868613243103,0.2031131386756897,0.8144687414169312
women/housing__housing_stability.txt,Women,minority,Gender,Housing,Housing stability,Housing :: Housing stability,24ef48107725b39a6b5e,https://nlihc.org/resource/joint-center-housing-studies-releases-post-exploring-impacts-health-and-ability-social-and,nlihc.org,3,0.631886879603068,0.8165746331214905,0.18342536687850952,0.848084568977356
women/housing__housing_stability.txt,Women,minority,Gender,Housing,Housing stability,Housing :: Housing stability,28fe0fbf7473c323ca45,https://documents1.worldbank.org/curated/en/505551587106658623/pdf/Her-Home-Housing-Finance-for-Women.pdf,worldbank.org,3,0.7833132743835449,0.6797549724578857,0.32024502754211426,0.6997983455657959
women/housing__housing_stability.txt,Women,minority,Gender,Housing,Housing stability,Housing :: Housing stability,481680df71662bcb52fb,https://eppdscrmssa01.blob.core.windows.net/cmhcprodcontainer/sf/project/archive/research_2/women_and_housing.pdf,windows.net,3,0.7842004696528116,0.8037522435188293,0.19624775648117065,0.8128572702407837
women/housing__housing_stability.txt,Women,minority,Gender,Housing,Housing stability,Housing :: Housing stability,8d703d7099a219c0b23b,https://catalog.results4america.org/strategies/permanent-supportive-housing,results4america.org,3,0.6794571876525879,0.6709601879119873,0.3290398120880127,0.6957718729972839
women/housing__housing_stability.txt,Women,minority,Gender,Housing,Housing stability,Housing :: Housing stability,c4cde06522e3d25a29eb,https://extension.usu.edu/news/usu-uwlp-releases-research-on-homelessness-among-utah-women-a-2025-update,usu.edu,3,0.6025594671567281,0.6346401572227478,0.3653598427772522,0.6383524537086487
