
================================================================================
PARSING AIO SOURCE URLS
================================================================================

Total source occurrences: 2,156
Unique normalized URLs: 1,559

================================================================================
RESUME STATUS
================================================================================

Unique URLs total: 1,559
Already processed: 0
Still pending: 1,559
Workers: 8
Per-host interval: 0.5s
Hard URL timeout: 45s

Pending URLs:
  000f8ac50fe9744330fb | https://mckinsey.com/featured-insights/diversity-and-inclusion/being-transgender-at-work
  004f51a8d161449532a6 | https://pmc.ncbi.nlm.nih.gov/articles/PMC11044716
  006e7f06cb87878206de | https://weforum.org/stories/2015/08/why-lgbti-people-face-barriers-to-education-and-employment
  0083125adb5af11831f3 | https://americanprogress.org/article/understanding-policing-black-disabled-bodies
  0088ecd4a35cd52671bb | https://pmc.ncbi.nlm.nih.gov/articles/PMC6612316
  00cd8bf9b831c3df6bca | https://lulac.org/advocacy/issues/criminal_justice_reform
  00d2e70f80bb40cec88c | https://advocacysnt.org/articles/avoiding-benefits-trap-special-needs-planning
  00ff7c3c23b1876cb251 | https://npr.org/2025/04/08/nx-s1-5354914/some-colleges-recruiting-latino-students
  0160efba3cb39e900e90 | https://urban.org/research/publication/improving-health-coverage-working-people-disabilities
  018464c007493881db30 | https://rsfjournal.org/content/11/1/224
  01c51fe4d5d1fa636c9d | https://youtube.com/watch?t=121&v=n0urFzhWTZ4
  01c8a7dfd0d57b3c0346 | https://healthaffairs.org/doi/abs/10.1377/hlthaff.2022.01493
  01d9b28157b26a093247 | https://thetrevorproject.org/wp-content/uploads/2022/02/Trevor-Project-Homelessness-Report.pdf
  01e803968456fd7ed9aa | https://urban.org/urban-wire/policing-killing-black-disabled-people-centering-intersectionality-critical-reducing-harm
  0254033b9417c666a1fa | https://chiefhealthcareexecutive.com/view/patients-with-disabilities-are-more-vulnerable-to-safety-concerns
  0272804ac71652e3d4c8 | https://hracuity.com/blog/female-workplace-harassment
  02b103afba40aa5a8301 | https://nasfaa.org/news-item/34147/Report_The_Biggest_Barriers_to_Higher_Ed_Enrollment_Are_Cost_and_Lack_of_Financial_Aid
  03306ce64dffbb25ac8b | https://researchgate.net/publication/225650664_Men_accessing_education_Masculinities_class_and_choice
  03361f844d7b821c1054 | https://scholarworks.gvsu.edu/cgi/viewcontent.cgi?article=1135&context=gradprojects
  03e1023fb714f77185c7 | https://researchgate.net/publication/230566333_What_Do_Women_Know_about_Government_Services_and_Benefits
  04983a549c468b656571 | https://experian.com/blogs/ask-experian/why-credit-is-important-people-with-disabilities
  049e7a5b07692900726c | https://ne-arc.org/2025/04/25/housing-the-overlooked-crisis-for-disabled-people
  053b6422c28516259bb0 | https://dispartilaw.com/8-signs-you-will-be-approved-for-social-security
  0592be68edb49e271b98 | https://unidosus.org/wp-content/uploads/2021/07/IB17_CreditCardTrap.pdf
  0599f10f02e80cc0fb82 | https://prisonpolicy.org/reports/pretrial_racial_disparities_sources.html
  05d39d0fe0b3688e9adc | https://pubmed.ncbi.nlm.nih.gov/40458769
  05f8e03b620bd3af890b | https://scarleteen.com/read/identity/understanding-lgbtq-youth-homelessness
  060c6ceb7f9542e6900f | https://cnbc.com/2021/01/28/black-and-hispanic-americans-often-have-lower-credit-scores.html
  062950d57cb9f45d64f0 | https://nlc.org/article/2020/07/09/embedding-racial-equity-in-housing
  06582bbd68942112cd27 | https://stopbullying.gov/bullying/groups
  0667d44231fe6e3ed12b | https://diversityjobs.com/career-advice/team-building/should-employers-give-hiring-preference-to-hispanic-job-candidates
  0679c0707f83a0cb6e50 | https://scholarworks.umt.edu/cgi/viewcontent.cgi?article=13174&context=etd
  068b0fdcfa40e7da62d9 | https://ebsco.com/research-starters/education/inequality-and-access-higher-education
  069c35bc91e15b240741 | https://tandfonline.com/doi/full/10.1080/13613324.2017.1343294
  06e6b73a0f99f7fdb046 | https://shrm.org/topics-tools/news/talent-acquisition/hiring-hispanics-requires-awareness-differences
  06e704b2cceffeac24f0 | http://opwdd.ny.gov/
  07536d083b6b422772ae | https://stlouisfed.org/community-development/publications/access-credit-financial-services-bridge-financial-well-being
  0776149e26e5a0752d72 | https://pmc.ncbi.nlm.nih.gov/articles/PMC11543415
  0779fe2c96edab85c775 | https://ssa.gov/benefits/disability/work.html
  07f365dab35a937791bf | https://digitalgovernmenthub.org/library/racial-and-ethnic-differences-in-experiencing-administrative-burdens-in-public-benefit-programs
  080a6a53989313c96275 | https://pmc.ncbi.nlm.nih.gov/articles/PMC7678806
  080e0c4974bd53e47412 | https://pmc.ncbi.nlm.nih.gov/articles/PMC11507352
  082256847a9dfc55ede5 | https://urban.org/urban-wire/how-can-we-advance-latino-homeownership-and-housing-stability
  0866091b33bf40c2a7af | https://housingsolutionstulsa.org/spotlight-on-disability-and-homelessness
  087155da2e23b5a4d006 | https://ovid.com/00011272-201741020-00001
  0878eb8525e2cea01264 | https://urban.org/urban-wire/how-local-differences-race-and-place-affect-mortgage-lending
  088117956d66b5af3943 | https://pmc.ncbi.nlm.nih.gov/articles/PMC12071379
  089e8e67966bcb37af36 | https://lawreview.uchicago.edu/print-archive/empirical-analysis-sexual-orientation-discrimination
  09679ff687f1d0811e12 | https://nationalhomeless.org/lgbtq-homelessness
  0968fd7ef3728b59ebe1 | https://borgenproject.org/lack-of-access-to-education
  0970e72ef8142a7022a2 | https://aspe.hhs.gov/sites/default/files/documents/4fc0ddbcee8d583d57e399dad6201536/aspe-coverage-access-black-americans-ib.pdf
  0974d13171b129645682 | https://forbes.com/sites/kimelsesser/2026/05/06/education-dept-challenges-smith-colleges-transgender-admissions-policy
  0979fc2c476bb0879759 | https://mdpi.com/2673-995X/5/4/128
  097e7732c75e23e66808 | https://collegecampaign.org/publication/ensuring-college-access-and-success-for-black-students-in-higher-education
  098940caf98752eb321f | https://medium.com/commonfuture/why-credit-scores-are-racist-da109fcfb300
  09b9b72061a5bfd8ed88 | https://stacks.cdc.gov/view/cdc/248736
  09ddc2eccbb4e8940510 | https://cis.org/Report/Welfare-Use-Immigrants-and-USBorn-2024
  0a1adb13676b56c95b82 | https://worldatwork.org/publications/workspan-daily/how-organizations-can-remove-career-development-barriers-for-women
  0a1f5c9f366bc259cfdb | https://educationaladvocates.com/college-student-with-learning-disabilities
  0a4054d42f284ee36412 | https://huduser.gov/portal/periodicals/cityscpe/vol23num2/ch7.pdf
  0a56f5a052156cb8abc9 | https://penalreform.org/issues/lgbtq-people/the-issue
  0a64df876264ff3ad37e | https://pmc.ncbi.nlm.nih.gov/articles/PMC11567148
  0a6568a928299b17638e | https://pubmed.ncbi.nlm.nih.gov/39935449
  0a76b3f3589420022d2e | https://pfizer.com/news/articles/health_disparities_among_african_americans
  0a816f83daddf6c98cb8 | https://nerdwallet.com/credit-cards/learn/how-lgbtq-americans-can-build-credit
  0a99fc26f38d78231ead | https://onemainfinancial.com/personal-loans/resources/credit-score-for-personal-loan
  0abc9bfcd7acd1242c01 | https://wmnf.org/research-shows-government-benefits-help-low%E2%80%91income-people-find-jobs-news
  0ae0445c50ef0df83ede | https://smhp.psych.ucla.edu/pdfdocs/harass.pdf
  0ae5d4039bd549482c70 | https://federalreserve.gov/newsevents/speech/brainard20200921a.htm
  0af4f0fcbcb5ee733041 | https://wellsfargo.com/financial-education/credit-management/five-c
  0b4ad2c8420ef8fc0c4e | https://youtube.com/watch?v=5K3uoHsaxmc
  0b5cbdc06e51b1d59120 | https://la.myneighborhooddata.org/2021/07/latino-representation-in-the-criminal-justice-system
  0b88429e3799aee3456a | https://eeoc.gov/fact-sheet/facts-about-racecolor-discrimination
  0b8bf133f5476baf7e07 | https://odphp.health.gov/healthypeople/priority-areas/social-determinants-health/literature-summaries/incarceration
  0bb4d8f545322db8f827 | https://unidosus.org/press-releases/new-survey-shows-latinos-are-struggling-with-high-debt-burdens-low-savings-rates-and-a-lack-of-access-to-affordable-bank-products
  0bc63fc4090645f28c9f | https://odphp.health.gov/healthypeople/priority-areas/social-determinants-health/literature-summaries/housing-instability
  0bdf997cb9fa5ae03b86 | https://pmc.ncbi.nlm.nih.gov/articles/PMC11089913
  0c0ae1677a894f6a65ea | https://pmc.ncbi.nlm.nih.gov/articles/PMC12295307
  0c55a513766c080a8ac5 | https://osmosis.org/blog/preventive-health-screenings-for-lgbtq-patients-what-you-need-to-know
  0cddeb593865510a8c02 | https://cepr.net/publications/the-continuing-power-of-white-preferences-in-employment
  0d0be27037e5237e4fc6 | https://loans-4-u.com/the-impact-of-gender-and-race-on-mortgage-approval-rates
  0d52312915a2b828074f | https://researchgate.net/publication/361396815_Bullying_and_Harassment_Prevention_in_the_Lives_of_Latina_and_Latino_Students
  0d6f2ca9f69550a82a37 | https://cnbc.com/2022/06/21/transgender-people-still-face-a-significant-wage-gap-in-the-us.html
  0d70bcbcd337063a9a35 | https://vera.org/publications/overlooked-women-and-jails-report
  0dae4b3b5ea1d1dd4717 | https://rsfjournal.org/content/11/3/22
  0dae55ec233e53df2535 | https://forumtogether.org/article/fact-sheet-immigrants-and-public-benefits
  0dc9517f66061f2f53ca | https://youtube.com/watch?t=1419&v=EYnXTuHdOEk
  0e092b38b987575bf4f3 | https://endhomelessness.org/blog/how-the-equal-access-rule-can-protect-trans-people-and-sex-workers
  0e14209ce63cc9cfc1be | https://feminist.org/news/millions-lose-snap-benefits-as-new-federal-law-tightens-access-to-food-assistance
  0e203e0e7777ecd53672 | https://pmc.ncbi.nlm.nih.gov/articles/PMC6603461
  0e51aecba22fdc4e1bd4 | https://youtube.com/watch?t=698s&v=AST6-FCnRnc
  0f17405e5758e87df3eb | https://pmc.ncbi.nlm.nih.gov/articles/PMC12193340
  0f236ecbb6636f2dfe88 | https://newswise.com/articles/people-in-need-of-disability-benefits-are-facing-new-barriers-and-government-cuts-and-overhauls-are-to-blame
  0fa1472e4226e287fc66 | https://cis.org/Report/Welfare-Use-Immigrants-and-USBorn-2022
  0ffcaa1fcf43455ac986 | https://pmc.ncbi.nlm.nih.gov/articles/PMC12488902
  102e55f31e6a78b3f125 | https://openurl.ebsco.com/EPDB%3Agcd%3A11%3A28339387/detailv2?crl=f&id=ebsco%3Agcd%3A119538269&link_origin=www.google.com&sid=ebsco%3Aplink%3Ascholar
  1067a4d23be8e77593fa | https://pmc.ncbi.nlm.nih.gov/articles/PMC12622254
  106b0fe63a30b516b0bb | https://bestcolleges.com/resources/credit-literacy-black-hispanic-students
  1092b86fcd899a7e3adc | https://scarincihollenbeck.com/law-firm-insights/workplace-sexual-harassment-claims
  10a626d0d09e85c52599 | https://pewresearch.org/short-reads/2022/10/07/hispanic-enrollment-reaches-new-high-at-four-year-colleges-in-the-u-s-but-affordability-remains-an-obstacle
  10cee10e3b890b7de5c3 | https://nami.org/advocacy-at-nami/policy-positions/supporting-community-inclusion-and-non-discrimination/social-determinants-of-health-housing
  10fe52480c8b8907b96a | https://pmc.ncbi.nlm.nih.gov/articles/PMC12051801
  11450d2c66cedd40e33e | https://nacacnet.org/resources/barriers-to-successfully-financing-a-college-education/student-access-to-college-counseling
  1168c6a531a39de19ccf | https://ihep.org/press/new-report-higher-education-opportunities-for-students-with-disabilities-a-primer-for-policymakers
  118003e321aa210c8edb | https://urban.org/urban-wire/what-will-it-take-help-latina-moms-hold-homeownership-gains
  1242d8d7be328cbd3b29 | https://home.treasury.gov/news/featured-stories/racial-differences-in-economic-security-housing
  12a20a88371ad7614f10 | https://williamsinstitute.law.ucla.edu/wp-content/uploads/Impact-SS-Partners-Retire-Plan-Oct-2009.pdf
  12f4b00f004c1ca82368 | https://gethelp.shegerianlaw.com/blog/5-examples-of-disability-discrimination-in-the-workplace
  13102169fdbf1093ca52 | https://ncsl.org/civil-and-criminal-justice/racial-and-ethnic-disparities-in-the-criminal-justice-system
  13123e88c82b0967ac2e | https://digitalcommons.library.uab.edu/cgi/viewcontent.cgi?article=1613&context=etd-collection
  13124df66a011cdd5b0e | https://investopedia.com/terms/f/five-c-credit.asp
  1326f57925dc05788d0d | https://pmc.ncbi.nlm.nih.gov/articles/PMC12962465
  1329ff148461994b165b | https://uscis.gov/policy-manual/volume-8-part-g-chapter-7
  13845643f23f18aad6f3 | https://pn3policy.org/race-and-racial-perceptions-shape-burden-tolerance-for-medicaid-and-the-supplemental-nutrition-assistance-program
  13c8dd3dfb30bd964e02 | https://theatlantavoice.com/education/black-students-bullied-more-than-other-races-according-to-u-s-department-of-education-report-fd0bbab4
  13d6cf4b07f62ebe6b53 | https://pewresearch.org/short-reads/2021/11/08/whats-behind-the-growing-gap-between-men-and-women-in-college-completion
  13f8ab0775dda71d94ee | https://thehrcfoundation.org/professional-resources/discrimination-against-transgender-workers
  140a5a1860d9434be5b7 | https://shapetalent.com/the-three-barriers-to-lgbtq-career-progression
  145808ef415e04529608 | https://sciencedirect.com/science/article/pii/S2590291126002494
  1460345eb59d8d0ee6fb | https://unwomen.org/en/what-we-do/economic-empowerment/facts-and-figures
  1498feb07652571de5fc | https://nationalhomeless.org/homelessness-in-the-us
  14f95c75dfed774b533c | https://link.springer.com/article/10.1007/s00148-024-01031-w
  152be612e99c07929e10 | https://mhanational.org/resources/bullying-lgbt-youth
  154272747796726b15c8 | https://ukessays.com/essays/criminology/identifying-and-describing-the-factors-of-discretion-criminology-essay.php
  157418f58b510c892e3c | https://youtube.com/watch?t=23s&v=cNF5csMWnsA
  1583345617804066ec3f | https://hrlibrary.umn.edu/svaw/harassment/explore/3causes.htm
  160dbc535498d926a571 | https://higheredtoday.org/2017/04/10/lgbtq-students-higher-education
  16211cac20555924afe2 | https://census.gov/library/stories/2022/05/who-is-receiving-social-safety-net-benefits.html
  1634f35e739b61af2842 | https://careervillage.org/questions/704467/what-are-the-key-factors-that-employers-look-for-when-hiring-people
  163d1081bfe29fc99fb6 | http://openscholarship.wustl.edu/cgi/viewcontent.cgi?article=1978&context=csd_research
  167f3a975696cae08691 | https://crosslawfirm.com/blog/2025/06/how-does-discrimination-affect-workers-with-disabilities-2
  169f12c9d5db181767b3 | https://pmc.ncbi.nlm.nih.gov/articles/PMC5758340
  16a8459868b3debbe4f2 | https://dpeaflcio.org/factsheets/racial-representation-in-professional-occupations-by-the-numbers
  1760483afe70176c1873 | https://healthaffairs.org/content/briefs/administrative-burdens-can-harm-health-1773889203949
  17c34ca721abd856ceee | https://pmc.ncbi.nlm.nih.gov/articles/PMC11762843
  17c76296235699517c10 | https://pmc.ncbi.nlm.nih.gov/articles/PMC2844864
  17cc8e725b989ea2cabd | https://vera.org/ending-mass-incarceration/causes-of-mass-incarceration
  17fcd05f5e69d8ccd805 | https://pmc.ncbi.nlm.nih.gov/articles/PMC13384522
  180b73be227f45ef8bbf | https://vera.org/advancing-transgender-justice
  18269a108978bb8f017f | https://youtube.com/shorts/eDNFOyAXt7Q
  184b4e391a34d511b03a | https://pmc.ncbi.nlm.nih.gov/articles/PMC12234507
  18cd0ba70472721e523e | https://onlinelibrary.wiley.com/doi/full/10.1111/1744-7941.12377
  18e24d0af5393925d591 | https://sajhrm.co.za/index.php/sajhrm/article/view/2985/4971
  19034c7a6ae5b1080827 | https://aacn.org/blog/caring-for-lgbtq-patients-in-critical-and-progressive-care
  199ce25cee1b3a1eb1ad | https://youtube.com/watch?t=68s&v=_X1Yd5UFUvk
  19aa49b1826facf247a8 | https://oapub.org/edu/index.php/ejes/article/download/6220/8844
  19b1ef342b1b2dcf6ebf | https://sgp.jhu.edu/research/credit-access-in-the-united-states
  19d0c6cccdac61ea50b6 | https://omahawomensfund.org/the-impact-of-housing-justice-on-gender-equity
  19f282224aefaa139100 | https://cbpp.org/research/facts-about-african-americans-in-the-food-stamp-program
  19fc7aad91f00c411575 | http://lundelllawfirm.com/post/common-sources-of-workplace-harassment
  19fdfb66682fd45b9bf3 | https://outandequal.org/resource/3insights-financialservicessector
  1a891f5bf0848c83b9b6 | https://journals.sagepub.com/doi/10.1089/cyber.2012.0132?cf-mal-redirected=true
  1aa870782b985e03ce10 | https://pmc.ncbi.nlm.nih.gov/articles/PMC12009860
  1adf43ea3fc1026a818f | https://pmc.ncbi.nlm.nih.gov/articles/PMC9989558
  1af1dea5d9abf73eba30 | https://pmc.ncbi.nlm.nih.gov/articles/PMC10726945
  1b31769d6c8b36a28885 | https://williamsinstitute.law.ucla.edu/wp-content/uploads/LGBT-Violence-Law-Enforce-Mar-2020.pdf
  1bab3ea6e789ba1317b1 | https://pmc.ncbi.nlm.nih.gov/articles/PMC2231829
  1bdead8962485530244f | https://urban.org/research/publication/racial-and-ethnic-representation-postsecondary-education
  1c598ce41cb4f17ada73 | https://pmc.ncbi.nlm.nih.gov/articles/PMC9931624
  1c5b27d8a944d3ad338f | https://transcanwork.org/news/mental-health-and-the-workplace-how-discrimination-impacts-noncisgender-employees
  1c6aa6ac9d8f736aea5c | https://pmc.ncbi.nlm.nih.gov/articles/PMC8536312
  1cbe5434214cbdb77b60 | https://pmc.ncbi.nlm.nih.gov/articles/PMC9017075
  1cdd1802832231fb1c7c | https://rfi.global/unlocking-the-hispanic-opportunity-overcoming-the-barriers-to-wealth-creation
  1cf8b4ac2e46d00fad7f | https://eastersealsar.com/the-effectiveness-of-inclusive-education-for-children-with-disabilities
  1d2b82d6d89594b2e30a | https://pmc.ncbi.nlm.nih.gov/articles/PMC12303088
  1d38a983ed3b9a3748c2 | https://pmc.ncbi.nlm.nih.gov/articles/PMC11069080
  1d4c9a69ffbbacba1841 | https://pmc.ncbi.nlm.nih.gov/articles/PMC3279927
  1dab3943e6bb4f8e5829 | https://pubmed.ncbi.nlm.nih.gov/12529892
  1db8d3eaf5eb6c72fd49 | https://newamerica.org/insights/racialized-costs-banking/the-racialized-costs-of-banking
  1dcba4b0ba73d6e86789 | https://pmc.ncbi.nlm.nih.gov/articles/PMC1495328
  1de646775400355ce27b | https://nationaldisabilitycenter.org/resources/the-current-status-of-accessibility-in-american-higher-education
  1de776efc17523c0ac4c | https://fkc.bank/blog/serving-customers-with-disabilities-is-vital-for-financial-inclusion
  1e4321a8c4eb0a18a69e | https://finca.org/5-reasons-why-more-women-need-financial-services
  1e6802e9522233a6052d | https://nlihc.org/resource/hispanic-households-face-systemic-barriers-housing
  1e724c3f2a7aced6d8c3 | https://hrc.org/press-releases/new-data-lgbtq-community-continues-to-face-financial-challenges-compared-to-peers
  1eb43003f45146f8981f | https://psycnet.apa.org/record/2008-08288-003
  1ebe65fff073a04e76e8 | https://safetyandjusticechallenge.org/blog/focusing-on-latinos-in-the-u-s-criminal-justice-system
  1edd9fa05ac71e54ccbe | https://apps.urban.org/features/latino-financial-needs-community-lending
  1f027b6ba41cd0ca5c28 | https://insidehighered.com/admissions/article/2021/12/06/study-shows-ways-white-students-have-advantages-admissions
  1f290f60181c6c632f95 | https://nature.com/articles/s41598-026-56768-z
  1fb8ec9c0e7c6efcba1a | https://experian.com/blogs/ask-experian/how-to-increase-your-chances-of-getting-approved-for-new-credit
  206b6395f06dd583d365 | https://sentencingproject.org/reports/one-in-five-racial-disparity-in-imprisonment-causes-and-remedies
  20960c4a92bae39fa389 | https://ivywise.com/ivywise-knowledgebase/the-truth-about-the-gender-gap-on-college-campuses
  20c50707e77233cf5c5c | https://aclu.org/press-releases/new-report-finds-harassment-mistreatment-fuels-mistrust-among-lgbtq-people-towards-police
  20fea155030c599d9d04 | https://actuary.org/women-and-social-security
  212349a672b8abaf61c6 | https://pmc.ncbi.nlm.nih.gov/articles/PMC4721598
  214e5deb435ba5be9386 | https://endhomelessness.org/wp-content/uploads/2019/07/3rd-Demo-Brief-Race.pdf
  218366a66886c3090887 | https://habitat.org/stories/research-series-how-do-racial-inequities-limit-homeownership-opportunities
  218ee53b53f75c8d623e | https://allianceforhousingjustice.org/post/27-ways-racism-and-white-supremacy-impact-housing
  220e00577d250f592d8b | https://link.springer.com/article/10.1186/s12885-025-14380-w
  221a758858d9ea3cf51f | https://cameron-deal.github.io/files/gov_assistance_wp.pdf
  222772a62d62b7e8ba6a | https://movingdots.com/news-insights/barriers-that-hinder-womens-career-advancement
  222c9cca9b0f5897cd1d | https://transcare.ucsf.edu/guidelines/insurance
  2237e1bb57982dbe1a69 | https://researchgate.net/publication/400917685_Unequal_Access_Disability_and_Socioeconomic_Inequality_in_College_Enrollment
  22933b1af75620729ec7 | https://gendergp.com/blog/being-trans-and-gender-diverse-at-the-workplace-discrimination
  22ab20355e00520e497f | https://cew.georgetown.edu/cew-reports/raceandgoodjobs
  22b999c62b4a6dd90ac3 | https://youtube.com/watch?t=23&v=09Ks_25Saao
  22ce3cec7e6ee88a3409 | https://pmc.ncbi.nlm.nih.gov/articles/PMC7322061
  22dbf73ed9b575b454a2 | https://linkedin.com/top-content/recruitment-hr/importance-of-hiring-practices/how-job-postings-impact-female-hiring-rates
  231f5f3d9b3eb4ee1001 | https://frontiersin.org/journals/psychology/articles/10.3389/fpsyg.2025.1664252/full
  232adb63d9c78d29d59b | https://journals.sagepub.com/doi/10.1177/21533687251314137
  2342cd071d90b51f381b | https://equityinhighered.org/wp-content/uploads/2019/02/REHE-Exec-Summary-FINAL.pdf
  2394d2c43c36e5f0b17f | https://pmc.ncbi.nlm.nih.gov/articles/PMC10081699
  23a3a3ea97f97b68665e | https://facebook.com/linerlegal/posts/top-5%EF%B8%8F%E2%83%A3-conditions-that-automatically-qualify-for-ssd-share-with-someone-you-thi/1654968493303972
  23a7e135f89232ea38c9 | https://journals.calstate.edu/arcjs/article/download/4048/3532/12477
  23c76c786cea87dd5925 | https://crr.bc.edu/many-barriers-hinder-rural-use-of-government-programs
  23d3afad0cc8e07757a7 | https://kff.org/affordable-care-act/demographics-insurance-coverage-and-access-to-care-among-transgender-adults
  2415e9b0d198ee12c665 | https://safetyandjusticechallenge.org/blog/reshaping-the-justice-system-for-people-with-disabilities
  2429d224b10f3e0ab64c | https://nsvrc.org/blog_post/what-connection-between-housing-inequality-sexual-violence-and-white-supremacy
  2481dfd0352f9313c61f | https://frontiersin.org/journals/public-health/articles/10.3389/fpubh.2026.1765145/full
  24ca1d8b00691565dfee | https://healthaffairs.org/doi/abs/10.1377/hlthaff.2025.00375
  24ffeef294948986a2a5 | https://sentencingproject.org/reports/mass-incarceration-trends
  2512d209e8135ffdd345 | https://pmc.ncbi.nlm.nih.gov/articles/PMC4802845
  2551bfc004272cf41d72 | https://bankrate.com/
  259d454d45824073697e | https://dev.cjcenter.org/_files/apcj/1_1_homophobia.pdf
  268cc0a2adbd302f5ea1 | https://ncsl.org/human-services/introduction-to-benefits-cliffs-and-public-assistance-programs
  26b123cf52f9cf82773d | https://news.cornell.edu/stories/2017/11/people-disabilities-more-likely-be-arrested
  26c02486301836775dfa | https://womensworldbanking.org/insights/policy-handbook-for-womens-financial-inclusion
  26f0bae4f3a078f5f7ba | https://researchberg.com/index.php/rcba/article/view/116/112
  270a677bb049664d4c89 | https://academic.oup.com/socpro/article/29/2/167/1674620
  27dcc110165c384e5a4b | https://cdc.gov/mmwr/volumes/73/su/su7301a5.htm
  27ebba74a46aef5b9374 | https://pmc.ncbi.nlm.nih.gov/articles/PMC7173312
  2838794d951da931a51a | https://pmc.ncbi.nlm.nih.gov/articles/PMC5227943
  2883a219cd6564834a3e | http://americanprogress.org/article/african-americans-face-systematic-obstacles-getting-good-jobs
  2896830521a231f3769d | https://uncdf.org/article/9264/access-to-finance-alone-is-not-enough-women-entrepreneurs-need-a-level-playing-field
  292465a4ef9ac6543a50 | https://chir.georgetown.edu/health-policy-pride-an-overview-of-private-coverage-issues-impacting-the-lgbtq-community
  2935b2a3da70bbfc9027 | https://bls.gov/blog/2024/employment-trends-of-hispanics-in-the-us-labor-force.htm
  2968b809f664f799b973 | https://nlihc.org/resource/latino-households-face-challenges-accessing-housing-assistance-programs
  29878dce40e2ac8255d5 | https://medstarhealth.org/blog/patient-safety-racism
  29a121babeb71c858188 | https://thearc.org/blog/medicaid-and-snap-cuts-whats-happening-and-what-you-can-do
  29c188e797ebdc187db5 | https://journalistsresource.org/politics-and-government/disabilities-insurance-affordable-care-act
  29cbf66fad9d61074133 | https://emerald.com/sc/article/14/4/183/342705/Policing-uncontrollable-banshees-factors
  29febc26811223ac56a8 | https://commons.library.stonybrook.edu/cgi/viewcontent.cgi?article=1092&context=nyjsa
  2a614817cfa2a8d08525 | https://linkedin.com/pulse/when-skills-equal-hidden-factors-influence-hiring-decisions-fwjyf
  2a64e71f5811714eb6b5 | https://univ-tours.hal.science/hal-03375121/document
  2a86ad1f96770d49f384 | https://frontiersin.org/journals/education/articles/10.3389/feduc.2025.1750921/full
  2a89c1d37d47555b9aeb | https://jaramilla.com/blog/understanding-systemic-discrimination-in-corporate-hiring-practices
  2acb88989e1b34071cae | https://cis.org/Report/NonCitizen-Use-Welfare-Region-and-Country-Birth
  2ad7ccce0599a020aafe | https://link.springer.com/article/10.1007/s12111-015-9295-z
  2b00f95eec22ebeef439 | https://sites.uab.edu/humanrights/2022/01/17/injustice-in-the-justice-system-disability-schools-and-incarceration
  2b1cf811e3c0a8d58940 | https://ppic.org/publication/police-use-of-force-and-misconduct-in-california
  2b638174afc1a24bd8b1 | https://pmc.ncbi.nlm.nih.gov/articles/PMC10276116
  2ba23ab986b52b803ed7 | https://researchwithrowan.com/en/publications/an-exploration-of-officer-gender-and-use-of-force-incidents-in-a-
  2bddea9b1b426ebf6578 | https://pioneerpublisher.com/slj/article/view/1108
  2c03a46630219fb22868 | https://emerald.com/jsm/article-split/39/5/531/1254237/Unveiling-barriers-and-opportunities-for-LGBTQIA
  2c19f6ba2cd43bfa0a3b | https://wiserwomen.org/resources/social-security-resources/social-security-what-every-woman-needs-to-know
  2c2120c760b75987d4d4 | https://facebook.com/groups/uclablackalumni/posts/10162083971079837
  2d0e51a381c2c84580f2 | https://studyonline.ecu.edu.au/blog/how-does-gender-affect-educational-opportunity
  2d886c9239454f4fad85 | https://sciencedirect.com/science/article/pii/S0927537120300646
  2d8fe4d1558378f10d08 | https://youtube.com/shorts/_DAJugTozQs
  2da3ec729f57ef914e8c | https://americanprogress.org/article/lgbtqi-nondiscrimination-laws-improve-economic-physical-and-mental-well-being
  2db28efb47b99329f09e | https://cgap.org/blog/banking-on-change-enabling-womens-access-to-financial-services
  2db9edddc23043569ad5 | https://pmc.ncbi.nlm.nih.gov/articles/PMC9891494
  2dca9844cab0c0f14bea | https://cnbc.com/2024/02/02/men-benefit-more-from-their-looks-at-work-than-women-do-new-research-shows.html
  2e0abf8174615ebf0011 | https://lapdonline.org/newsroom/policy-on-the-use-of-force-revised
  2e30ddfcb514080c694a | https://tandfonline.com/doi/full/10.1080/07294360.2025.2526806
  2e8decd38e852efff426 | https://williamsinstitute.law.ucla.edu/publications/latinx-lgbt-workplace-experiences
  2e975caaf193511c373d | https://unidosus.org/progress-report/exploring-opportunities-for-and-barriers-to-latino-participation-in-the-modern-workforce
  2eabc6c6e9222aa34431 | https://bankrate.com/banking/banks-that-are-lgbtq-friendly
  2ef614697ef626a43819 | https://pmc.ncbi.nlm.nih.gov/articles/PMC11363849
  2ef9a609d128dc686def | https://ccmh.psu.edu/index.php?day=29&id=26%3Aexploring-collegiate-trends-in-diverse-sexual-orientation-the-view-from-above&month=06&option=com_dailyplanetblog&view=entry&year=2022
  2faa5423b0ef0b1013d9 | https://pmc.ncbi.nlm.nih.gov/articles/PMC7893374
  2ff71daf72bc8ed5d8cd | https://academic.oup.com/icon/article/21/2/649/7175197
  2ffdfb1f8d4ac49efce3 | https://pmc.ncbi.nlm.nih.gov/articles/PMC5106500
  3024b43fe551a9e66cfd | https://eeoc.gov/federal-sector/report/eeoc-african-american-workgroup-report
  3032e60263ea262264c7 | https://hispanicresearchcenter.org/research-resources/highlights-decade-research-supports-economic-self-sufficiency-latino-families-children?print=print
  305757b2b9757a973d3d | https://journals.sagepub.com/doi/abs/10.1177/10986111251372007
  30e3af1b20ad69a5ad7e | https://ama-assn.org/about/leadership/maintaining-preventive-coverage-vital-public-health
  3105df47fea25f808baf | https://pathways.gseis.ucla.edu/publications/201307_HSConditionsRB.pdf
  313429e6f57d22dbd2d3 | https://salud-america.org/what-do-latinos-think-about-preventative-care
  31645ab9347ac8fff821 | https://pubmed.ncbi.nlm.nih.gov/27473922
  3175b4102a7b8b4425cf | https://ssa.gov/policy/docs/ssb/v67n2/v67n2p73.html
  31cd2793962f291f824c | https://cbcfinc.org/blog/five-key-policy-issues-for-black-americans-in-2026
  31ebfda1414824ccb781 | https://ajph.aphapublications.org/doi/full/10.2105/AJPH.2007.123927
  3201bf4b3cc778c01acc | https://annuities.pacificlife.com/home/resources/retirement-landscape/blog/2025/three-retirement-planning-opportunities-for-hispanic-clients.html
  32071746a95da5bc9476 | https://ojp.gov/ncjrs/virtual-library/abstracts/investigative-detention-constitutional-constraints-police-use-force
  3264383bc930bdb312b6 | https://sciencedirect.com/science/article/pii/S2590291125006060
  3292cafe98f4046dd22d | https://pmc.ncbi.nlm.nih.gov/articles/PMC12228652
  32ad32380ce4b97b571e | https://sciencedirect.com/science/article/abs/pii/S0047235221000490
  32b8a7928dc7bf520524 | https://humanrights.gov.au/resource-hub/disability-rights/access-education-students-disability
  32c8544576c473a2201d | https://pmc.ncbi.nlm.nih.gov/articles/PMC6309763
  32cc5980a89e0abd4bb7 | https://academicworks.cuny.edu/cgi/viewcontent.cgi?article=6918&context=gc_etds
  336ffc72af7d3cc839bb | https://unidosus.org/blog/2026/06/16/federal-snap-cuts-have-denied-millions-of-latinos-and-other-americans-help-paying-for-food
  33746694a7aefbf498ac | https://stephaniehahn.com/blog/2023/03/3-factors-that-increase-the-risk-of-workplace-sexual-harassment
  33968ea5339bef3befa1 | https://nlc.org/article/2022/10/28/barriers-existing-practices-recommendations-in-housing-for-hispanic-latinx-latinoa-residents
  33c754c0e264fe2c55c8 | https://rasmussen.edu/degrees/health-sciences/blog/patient-safety-in-hospitals
  33d5a2463b5d66f100cd | https://cbpp.org/research/poverty-and-inequality/expanding-work-requirements-would-make-it-harder-for-people-to-meet
  33f7534926f2acebe58d | https://americanprogress.org/article/protecting-basic-living-standards-lgbtq-people
  3402c00745aaeed3bf0b | https://stacks.cdc.gov/view/cdc/128469
  3431f8b30ac8939d3772 | https://aspe.hhs.gov/sites/default/files/documents/125e672c9d7b9fa620ec62afe0435160/ASPE_Latino_Health_Coverage_IB.pdf
  353bd50c40575108b73f | https://linkedin.com/posts/madelinemann_recruiting-career-lookingforjob-activity-7397665485141524480-26hi
  354ced46cedfd302117d | https://pmc.ncbi.nlm.nih.gov/articles/PMC11195964
  356ef631d65260b12137 | https://federalreserve.gov/econres/feds/how-much-does-racial-bias-affect-mortgage-lending.htm
  3570c7ef5743f0852744 | https://kff.org/medicaid/medicaid-and-chip-eligibility-enrollment-and-renewal-policies-as-states-prepare-for-major-medicaid-policy-changes
  35bf709073e53235f5d2 | https://wbur.org/cognoscenti/2023/10/19/racial-bullying-george-floyd-alexis-rickmers-oren-sellstrom
  35d6d9433bc74045f18a | https://commonwealthfund.org/publications/issue-briefs/2018/apr/how-affordable-care-act-has-affected-health-coverage-young-men
  360493589d75bee01904 | https://health-access.org/federal-impacts-medicaid-renewals
  360e245835bf5a865c6c | https://ebsco.com/research-starters/history/welfares-impact-racialethnic-relations
  36673977a3f2f5d42e65 | https://endhomelessness.org/resources/research-and-analysis/demographic-data-project-geography
  36a834dfe056a5ab922f | https://eeoc.gov/laws/guidance/section-15-race-and-color-discrimination
  36b15a67627803b4b59e | https://ehdinsurance.com/deep-dive-understanding-and-reducing-harassment-risk-factors
  36cf4c5819386d13cebd | https://commonwealthfund.org/blog/2023/state-health-equity-initiatives-confront-decades-racism-insurance-industry
  36d5c174c4479cdb20e7 | https://pmc.ncbi.nlm.nih.gov/articles/PMC2690299
  373f4291d085e19978e6 | https://ajpmonline.org/article/S0749-3797(25)00724-X/fulltext
  374e2d8a949b8ec0b5dc | https://unwomen.org/en/articles/facts-and-figures/facts-and-figures-economic-empowerment
  37844408c2855aec8c95 | https://sciencedirect.com/science/article/abs/pii/S0190740909001819
  37c38b7f648527b3cc8e | https://abilitykc.org/5-commonly-faced-barriers-to-employment-that-persons-with-disabilities-often-face
  3888bbf50f0a95385be7 | https://pewresearch.org/social-trends/2013/12/11/chapter-3-what-men-women-value-in-a-job
  38b05133ffef29d3cd1e | https://nacacnet.org/factors-in-the-admission-decision
  38f3493e6a8492913407 | https://link.springer.com/article/10.1186/s12939-025-02603-2
  390c270b97b0fd0522ae | https://healthaffairs.org/content/briefs/implications-public-policies-lgbtqi-population-health-us
  3952700851987a1de36e | https://who.int/news-room/fact-sheets/detail/patient-safety
  3966d4cfa437893f7de1 | https://williamsinstitute.law.ucla.edu/wp-content/uploads/Trans-Workplace-Discrimination-Nov-2024.pdf
  397cf5e43effd5aa7a2a | https://inc.com/replacemeplease1456157247.html
  39afce3abce3083d0afd | https://generations.asaging.org/supporting-lgbtq-older-adults-in-retirement-through-research-and-advocacy
  39bb5e0953ca4d525125 | https://transequality.org/news/new-report-details-failure-of-nation-s-police-departments-to-protect-and-serve-transgender
  39c5fac8bd8e2440f0cc | https://familypromiseanoka.org/blog/disproportionate-homelessness
  39cc59d2c9d1bdd21d47 | https://healthaffairs.org/doi/10.1377/hlthaff.2019.01361
  3a2b96127bd5f75f0665 | https://unitedwayplains.org/what-are-the-root-causes-of-homelessness
  3a4d275d43cc15b7de29 | https://pmc.ncbi.nlm.nih.gov/articles/PMC4438581
  3a50ae6d476153df4d42 | https://prisonpolicy.org/blog/2017/08/23/disability
  3a8ad4f5086878af4aef | https://pmc.ncbi.nlm.nih.gov/articles/PMC10937783
  3aa6be39d8e294dab5a0 | https://policingproject.org/news-main/2019/11/27/the-importance-of-trans-sensitive-police-policies
  3aa79b393381ef3638af | https://pmc.ncbi.nlm.nih.gov/articles/PMC12614286
  3ab2c9e0cad5c30257b8 | https://unesco.org/en/articles/what-you-need-know-about-school-violence-and-bullying
  3aef06da92fb4ab78593 | https://endhomelessness.org/blog/increases-in-individual-homelessness-a-gender-analysis
  3afcc56e22742afe274e | https://cangrade.com/blog/talent-acquisition/6-science-backed-ways-to-prioritize-hiring-women
  3b0935f3835d8b80ef37 | https://endhomelessness.org/blog/examining-latino-homelessness
  3b3f76e315bf22373a9e | https://pewresearch.org/social-trends/2012/12/18/a-bipartisan-nation-of-beneficiaries
  3b45e3a3595e9dff08c7 | https://emerald.com/edi/article/34/6/510/42368/The-impact-of-gay-friendly-recruitment-statements
  3b4e0315f5a1474a7160 | https://healthcare.gov/how-plans-set-your-premiums
  3b95d31b802cfdcb021d | https://brookings.edu/articles/an-analysis-of-financial-institutions-in-black-majority-communities-black-borrowers-and-depositors-face-considerable-challenges-in-accessing-banking-services
  3ba524b9ce68d9d17b14 | https://northeastada.org/blog/workplace-bullying-harassment-and-disability
  3c1ab936db939e36f0c4 | https://americanbar.org/groups/domestic_violence/Initiatives/five-for-five/five-facts-homelessness
  3c66325a54031e952f6c | https://nlihc.org/resource/research-finds-patterns-racial-inequality-housing-subsidy-programs
  3cddef3a39cba22de7bc | https://specialneedsalliance.org/special-needs-101/government-benefits
  3d44a8dda0e57fbc5a26 | https://pmc.ncbi.nlm.nih.gov/articles/PMC9662773
  3d5cf76c81aeb7a197f9 | https://ncbi.nlm.nih.gov/books/NBK220738
  3d6d8da4adca8cf836a9 | https://mhanational.org/blog/challenges-being-lgbtq-workplace
  3d9ccd872dc043080400 | https://aibm.org/research/jobs-by-gender
  3decabf24afd624461ad | https://sph.umn.edu/news/7-factors-of-career-success
  3df5b39ec9750776d537 | https://williamsinstitute.law.ucla.edu/publications/medicaid-trans-health-care
  3e74166602cbcdbd9f60 | https://williamsinstitute.law.ucla.edu/press/lgbtq-college-decisions
  3e823021c0e3a6e02a57 | https://archive-housingmatters.urban.org/articles/five-facts-about-housing-access-lgbt-people
  3e8a2d1948dc8d4ce8a0 | https://pmc.ncbi.nlm.nih.gov/articles/PMC5763841
  3eabb7d679a1823d4f26 | https://futureofhousing.aarp.org/systemic-barriers
  3edfaded8bfafbcbf2ef | https://milbank.org/quarterly/opinions/the-confusing-landscape-of-gender-affirming-care-for-transgender-medicaid-patients
  3f6db0d15eb34b14a51a | https://nlc.org/article/2023/08/17/housing-for-individuals-with-disabilities
  3fbfd36d6925238ba67f | https://latino.ucla.edu/press/ucla-lppi-study-reveals-housing-challenges-for-latino-renters-in-los-angeles
  3fe5dce9ee5ccd21f65d | https://irp.wisc.edu/resource/connections-among-poverty-incarceration-and-inequality
  4008d3a7e5894a0bf318 | https://faireconomy.org/11_ways_the_federal_government_contributed_to_the_racial_wealth_divide
  40661386893a266bd584 | https://mapresearch.org/press-release/protecting-our-lgbt-elders-an-overview-of-lgbt-aging-issues
  407b96961292962a2fcd | https://pmc.ncbi.nlm.nih.gov/articles/PMC7384261
  40a2de42c847330ffdc3 | https://disabilityrightsflorida.org/blog/entry/5_reasons_to_hire_people_with_disabilities
  40acd8b57d345627c6f6 | https://pmc.ncbi.nlm.nih.gov/articles/PMC4718646
  40bc376c9e74dc4ddbe8 | https://worksupport.com/research/documents/pdf/jablonskietal2024employmentbarriersexperiencedatdifferentjobacquisitionstagesbypeoplewithandwithout.pdf
  40c5ca92c47a726c8fb9 | https://cbpp.org/research/poverty-and-inequality/a-frayed-and-fragmented-system-of-supports-for-low-income-adults
  411bf8df2751eb768ea6 | https://sofi.com/learn/content/disability-loan
  413141d3634b8de01064 | https://pewresearch.org/short-reads/2023/08/31/black-workers-views-and-experiences-in-the-us-labor-force-stand-out-in-key-ways
  41656393e8c2e0b68c5b | https://brookings.edu/articles/the-male-college-crisis-is-not-just-in-enrollment-but-completion
  416587a0336b5ed3ef6b | https://pmc.ncbi.nlm.nih.gov/articles/PMC11055463
  4188c262ce50ed033a83 | https://solutionsfdl.org/homelessness-fond-du-lac/what-causes-homelessness
  41a9fe70f79684c008b1 | https://mx.com/research/what-influences-where-consumers-choose-to-bank
  41b868eba3c26d58735a | https://connective.medium.com/public-benefits-are-so-tough-to-navigate-that-people-dont-use-them-5f7c3a1f02cd
  41c057c28d38c453d69b | https://ncan.org/Web/News/Race-Conscious-Admissions-and-Black-Students-The-Past-Present-and-Future.aspx
  41c412deb0fae9a3b128 | https://endhomelessness.org/resources/research-and-analysis/demographic-data-project-race
  41cf4f047eac9291aa74 | https://abi.org/feed-item/factors-that-threaten-your-social-security-disability-benefits
  42115681a4b01413e560 | https://pmc.ncbi.nlm.nih.gov/articles/PMC3669464
  42157260c827e979dba5 | https://vitalrecord.tamu.edu/how-race-and-racial-perceptions-shape-public-assistance-policy-opinions
  42159b54457cb5368e7b | https://aahd.us/2025/03/dhjo-disability-benefits-decision-making
  42990a6fc370788c101b | https://vermontpublic.org/2013-10-22/getting-federal-benefits-to-gay-couples-its-complicated
  42f714cc4d4281466dde | https://mapresearch.org/report/unjust-how-the-broken-criminal-justice-system-fails-transgender-people
  430f8b43b38b4d624c90 | https://pmc.ncbi.nlm.nih.gov/articles/PMC10811440
  4331a6442333a9aa4fac | https://pmc.ncbi.nlm.nih.gov/articles/PMC2712944
  435d8547cfe28641f3d9 | https://scielo.org.za/scielo.php?pid=S0256-01002025000600013&script=sci_arttext
  439458c01d9f32548949 | https://pmc.ncbi.nlm.nih.gov/articles/PMC2811044
  43baddc9a3adb4f406b4 | https://pmc.ncbi.nlm.nih.gov/articles/PMC4764796
  43be404366d720c41ad9 | https://home.ecri.org/blogs/guidance-insights-tools/enhancing-patient-safety-through-systems-thinking-in-healthcare
  43c208334aa18c2ee9db | https://transequality.org/news/act-now-protect-our-healthcare
  43d0098e3fb65ccc418b | https://usdigitalresponse.org/resources/the-stories-of-medicaid-renewal-insights-from-those-experiencing-it
  43f2c6a52b936c54a574 | https://pmc.ncbi.nlm.nih.gov/articles/PMC13253046
  4415869a17e9d4d14388 | https://jhmhp.amegroups.org/article/view/9170/html
  4416a77e050f3085759d | https://pewresearch.org/short-reads/2025/11/14/what-the-data-says-about-food-stamps-in-the-us
  443a80bb342860c3b7f8 | https://latino.ucla.edu/research/hr1-medi-cal-cal-fresh-beneficiaries
  443c554c6f09ecf2c9a9 | https://home.treasury.gov/news/featured-stories/racial-inequality-in-the-united-states
  447055f3c78d8ef01597 | https://phys.org/news/2026-09-analysis-socioeconomic-health-factors-disability.html
  448f991285087c223303 | https://in.gov/icrc/enforcement/credit/disability-and-access-to-credit
  4493ff8cdeff90b85f7f | https://pmc.ncbi.nlm.nih.gov/articles/PMC12241181
  44b11bface04879b26c3 | https://williamsinstitute.law.ucla.edu/publications/police-public-arrests-trans-people
  44b427d69ece22b7ea4a | https://blog.csba.org/majority-report
  44bf7b9210777a05848c | https://sciencedirect.com/science/article/abs/pii/S0047235210000218
  44f3dae70a755aafdc02 | https://crimrxiv.com/pub/spfg4hk6/release/1
  4511eeb570fbe1d1742e | https://immigrantjustice.org/sites/default/files/INSECURE_COMMUNITIES_REPORT_FINAL.PDF
  4533ca532dd5e30cbe34 | https://iopscience.iop.org/article/10.1088/1757-899X/390/1/012021/pdf
  456d830df3f34dade47a | https://scholarlycommons.law.emory.edu/elj/vol70/iss7/7
  45bfc3b39d5be768e2e9 | https://azcentralcu.org/blog/latinos-build-credit
  45c5c25e374508e154eb | https://fiveable.me/sociology-of-education/unit-2/gender-educational-opportunities/study-guide/xfDWjXtpSezzdYpg
  4605280859752feda93d | https://usafacts.org/articles/what-the-data-shows-about-police-use-of-force-by-race
  4618632a37304f1d8821 | https://americanprogress.org/article/racial-disparities-home-appreciation
  4633b6501fd5130aa2eb | https://tiogacentral.org/Downloads/Fact%20Sheet%20on%20Students%20with%20Disabilities.pdf
  4661cbf63a899aca3c11 | https://justiceinaging.org/equity-in-aging-public-benefits-and-the-realities-of-black-older-adults
  468f0c4f07c7d36c1197 | https://acpjournals.org/doi/10.7326/ANNALS-24-02446
  46cd7fdedc162a605abb | https://shine.lab.uconn.edu/wp-content/uploads/sites/3321/2021/06/lessard_watson___puhl_2020.joya_.pdf
  472564446b9894de525a | https://sites.marsal.umich.edu/mac/research-initiatives/stratification-and-inequality-among-selective-colleges
  47487dd3ccfedb341498 | https://pmc.ncbi.nlm.nih.gov/articles/PMC10335036
  4784547ca4187b626a93 | https://archives.hud.gov/reports/barriers.cfm
  47c74aa7bbc80fe2cc0b | https://pmc.ncbi.nlm.nih.gov/articles/PMC11862866
  4804741256bb9254ad74 | https://americanprogress.org/article/the-facts-about-americans-who-receive-public-benefits
  4826e2ec9cf11bb1101d | https://theconversation.com/more-americans-of-all-political-stripes-support-government-benefits-for-low-income-people-and-black-lives-matter-could-be-a-big-reason-why-247764
  486bb650eb1c5415d4de | https://action.deloitte.com/insight/3546/creative-with-credit-how-banks-can-assist-people-with-disabilities
  48ad2b1fc8f2eb9cb283 | https://youtube.com/watch?t=41&v=_TUydUMazkc
  48bdc8153a8577bce0fa | https://sentencingproject.org/press-releases/new-report-three-causes-of-racial-inequity-in-the-criminal-legal-system
  48dfc2e373352b20409d | https://southerneducation.org/in-the-news/u-s-still-has-miles-to-go-to-increase-black-students-educational-opportunities
  48ee06dad03c5c444dc6 | https://cgdev.org/blog/promoting-womens-financial-inclusion-quiet-revolution-taking-place-financial-sector
  492169194c20068f84a4 | https://voxdev.org/voxdevlit/female-labour-force-participation-issue-2/factors-affecting-womens-decision-participate
  4949460cf0d9d278fb79 | https://pmc.ncbi.nlm.nih.gov/articles/PMC7088168
  499a82ad39a2581d7654 | https://askearn.org/page/disability-employment-in-the-workplace
  49ec94df2803e3fc5419 | https://sciencedirect.com/science/article/pii/S2590291126008223
  49f5161857535212e276 | https://pmc.ncbi.nlm.nih.gov/articles/PMC9291436
  4a008ab06a42fb98a815 | https://fedemploylaw.com/lgbtq-harassment-in-the-workplace-how-to-identify-prove-it
  4a16dbdaea150ac47f74 | https://pacer.org/bullying/info/students-with-disabilities
  4a1986eac3012c04cef5 | https://researchgate.net/publication/247738283_Heterosexism_in_the_Workplace
  4a547aa315bd008f1441 | https://pmc.ncbi.nlm.nih.gov/articles/PMC10323979
  4a68166d86e035a2d320 | https://kff.org/womens-health-policy/health-policy-101-health-policy-issues-in-womens-health
  4a77abef1bc44745f5bf | https://osha.gov/workplace-violence
  4a87b009dad088c335b8 | https://library.hbs.edu/working-knowledge/breaking-through-the-self-doubt-that-keeps-talented-women-from-leading
  4a8fb9d9268c8cbea918 | https://pmc.ncbi.nlm.nih.gov/articles/PMC5650246
  4b14eff886e30b0d27e7 | https://forbes.com/sites/forbeseq/2025/07/08/the-business-benefits-of-hiring-people-with-disabilities
  4b33747115141b2e08ed | https://pmc.ncbi.nlm.nih.gov/articles/PMC4111266
  4b3e1c58014aab4776d3 | https://pmc.ncbi.nlm.nih.gov/articles/PMC9716543
  4b5f4c94f823878e32d1 | https://youtube.com/watch?t=2&v=bT4TU4Scx7c
  4b8aa2de8b14d4624cdd | https://healthcity.bmc.org/why-safe-housing-pivotal-transgender-womens-health
  4bd83c0ea8fa9c376ef3 | https://pmc.ncbi.nlm.nih.gov/articles/PMC7024623
  4c0830326e4e8d952806 | https://odphp.health.gov/healthypeople/priority-areas/social-determinants-health/literature-summaries/access-health-services
  4c2d8142ac2244820f49 | https://pmc.ncbi.nlm.nih.gov/articles/PMC6511003
  4ca41a34c0035487d941 | https://ofboysandmen.substack.com/p/how-colleges-turned-pink
  4cace9bbd18a76f5110c | https://home.treasury.gov/news/featured-stories/racial-equity-benefits-all-americans
  4cb66278eb838b17b425 | https://sentencingproject.org/reports/one-in-five-disparities-in-crime-and-policing
  4cbff952bd49eaf22ee1 | https://yesmagazine.org/issue/a-new-social-justice/2021/11/15/banking-bipoc-businesses
  4ce8684a722e22a39e4c | https://pmc.ncbi.nlm.nih.gov/articles/PMC9028848
  4d22274831e76539b591 | https://facebook.com/lalgbtcenter/posts/a-new-study-found-that-lgbtq-people-experience-housing-insecurity-at-a-higher-ra/10158858422451429
  4da37dad02be321fd017 | https://youtube.com/watch?v=vTBF_-gfT-o
  4e1c32056b4e23b8b0c8 | https://prisonpolicy.org/reports/pie2024women.html
  4e474dcf718835e1c64e | https://consumerfinance.gov/archive/newsroom/consumer-financial-protection-bureau-study-finds-consumers-lower-income-areas-are-more-likely-become-credit-visible-due-negative-records
  4e7930ac225c06aad373 | https://williamsinstitute.law.ucla.edu/wp-content/uploads/Trans-Higher-Ed-Aug-2018.pdf
  4e84bcb9cb51bbe014ef | https://ilo.org/resource/other/gender-and-financial-inclusion
  4e8e756b4979e895484c | https://siepr.stanford.edu/news/qa-whats-behind-gender-gap-disability-benefits
  4eafef307353666daa14 | https://pmc.ncbi.nlm.nih.gov/articles/PMC12812978
  4ee0a1bdb581e67a4d09 | https://justiceinaging.org/policy-reforms-to-better-connect-older-adults-and-individuals-with-disabilities-to-ssi-and-other-benefits
  4ef0940e8e05dd4baf7d | https://pmc.ncbi.nlm.nih.gov/articles/PMC12311976
  4efbf12cb9bf4be8a09c | https://healthaffairs.org/doi/10.1377/hlthaff.2023.00994
  4f3562881c9fb3c86ec8 | https://defendernetwork.com/news/education/black-youth-bullying-challenges
  4f4ad42aab382c89a865 | https://study.com/academy/lesson/video/what-is-homelessness-definition-causes-effects.html
  4f4ed14a5cec7b652437 | https://evidencebasedmentoring.org/lgbtq-college-student-guide
  4f56fb2641b96667eb9b | https://youtube.com/watch?t=667s&v=jSqF4hs6910
  4f84fb30bf4473321a1a | https://sciencedirect.com/science/article/pii/S1568484926000031
  4fea2cbee6c1ea12b062 | https://americanprogress.org/article/fact-sheet-lgbt-workers-in-the-labor-market
  503197299042efabacfe | https://ijetsar.com/index.php/pub/article/view/318
  50780ba8e9a418bd88f2 | https://harvardfcu.org/blog/the-importance-of-disability-employment
  507a02a9f31586055127 | https://feed.georgetown.edu/access-affordability/anti-dei-policies-a-threat-to-colleges-recruitment-of-male-applicants
  508c2673cf5dc8b0a70c | https://cbpp.org/research/health/looking-across-the-landscape-state-opportunities-to-increase-access-to-snap
  5091ca16b09c59dd4bce | https://kff.org/racial-equity-and-health-policy/how-present-day-health-disparities-for-black-people-are-linked-to-past-policies-and-events
  50a5f4b0f74719a146b3 | https://disabilityin.org/articles-and-updates/talent-on-the-move-professionals-with-disabilities-are-changing-firms-to-get-ahead
  50ada82e65495fb88b1c | https://rsisinternational.org/journals/ijriss/articles/structural-inequalities-and-racial-barriers-to-education-attainment-in-u-s-higher-education-challenges-and-policy-interventions
  50cb8f8eca0898cd998c | https://budgetandpolicy.org/resources-tools/2020/01/Gender-equity-fact-sheet.pdf
  510866a2c7dbbd653a21 | https://pmc.ncbi.nlm.nih.gov/articles/PMC10000362
  510f89e4c5d13f09efd6 | https://pmc.ncbi.nlm.nih.gov/articles/PMC12117312
  515f13b234a81d48d2e2 | https://jphmpdirect.com/homelessness-among-individuals-with-disabilities
  517633b2fe985d5123f4 | https://unicef.org/education/girls-education
  5190477d35329fc14345 | https://apha.org/publications/public-health-newswire/public-health-newswire/articles/women-in-law-enforcement-are-more-likely-to-face-bias-burnout
  51e39cd7f8747727918d | https://niwr.org/2025/05/20/policy-brief-how-dei-combats-discrimination
  5255547d9b2e33150967 | https://youtube.com/watch?t=8&v=hzWciDUKAPA
  5255d236c4d05bb21a4f | https://cawc.org/news/understanding-domestic-violence-and-homelessness
  527e09711f7e835bc3c6 | https://adata.org/research-brief/experience-discrimination-and-ada
  52ab46bf21eee6094579 | https://complyeq.com/resources/articles/transgender-issues-workplace-abuse-hiring-discrimination
  52c8f7fe1a274326b1cf | https://pmc.ncbi.nlm.nih.gov/articles/PMC4643365
  52d557ff6e2c7c507d07 | https://pmc.ncbi.nlm.nih.gov/articles/PMC8726680
  530fae2fd0a667784df4 | https://pmc.ncbi.nlm.nih.gov/articles/PMC10661442
  5319cf6cf17fcc7eee79 | https://davisvanguard.org/2026/08/california-police-perceived-transgender-disparities
  532e80d1f43361d940ec | https://federalreserve.gov/publications/2024-economic-well-being-of-us-households-in-2023-banking-credit.htm
  534fb4d9f9b49b9151e3 | https://sciencedirect.com/science/article/abs/pii/S0047235225000017
  53579641740771b039d7 | https://stopbullying.gov/bullying/at-risk
  5361f95de3c7576ea1c0 | https://youtube.com/watch?v=KmfTFZ90zsM
  53a6f9bc73887d6471e6 | https://pmc.ncbi.nlm.nih.gov/articles/PMC11418443
  53b3d4b875acf953b93c | https://finhealthnetwork.org/research/who-trusts-financial-institutions?ki-cf-botcl=1
  53ee37046ef00cb20f75 | https://solarisgroup.com/blog/finance-for-everyone
  53f543762617e964da96 | https://consumerfinance.gov/archive/newsroom/cfpb-provides-guidance-to-help-lenders-avoid-discrimination-against-consumers-receiving-disability-income
  5414ae13d90869405f46 | https://ballardbrief.byu.edu/issue-briefs/mass-incarceration-in-the-united-states
  542d798f851c1f4d9381 | https://williamsinstitute.law.ucla.edu/publications/transgender-higher-ed
  5487551662c8d3b64353 | https://pmc.ncbi.nlm.nih.gov/articles/PMC5494033
  548e29b964394debac77 | https://digitalgovernmenthub.org/library/using-snap-data-for-medicaid-renewals-can-keep-eligible-beneficiaries-enrolled
  549dd9724f1860e0b3fb | https://pmc.ncbi.nlm.nih.gov/articles/PMC8606364
  54a0a89226664ce0c0d1 | https://changingperspectivesnow.org/2024/07/10/disability-inclusion-in-education-the-benefits-importance-for-all-students
  54ee8a88aca2093ea4a1 | https://latino.ucla.edu/debunking-myths-about-latinos-and-medicaid
  554a4020e8f1d4f3a2f4 | https://youtube.com/watch?t=466&v=vK11Srr1vSE
  55791d2443e36e2372e2 | https://tuc.org.uk/research-analysis/reports/bullying-harassment-and-discrimination-disabled-people-workplace
  558090b9b36be3914046 | https://cbpp.org/research/health/opportunities-for-states-to-coordinate-medicaid-and-snap-renewals
  558b43650331b41f126e | https://federalreserve.gov/econres/notes/feds-notes/gender-related-differences-in-credit-use-and-credit-scores-20180622.html
  55d705efcdb3358821e6 | https://publications.csba.org/california-school-news/february-2022/latino-student-participation-success-in-college-can-be-improved-with-supports
  55d9c17247e80834f5a2 | https://digitalgovernmenthub.org/wp-content/uploads/2023/08/adminburden_differential.pdf
  55f98443b21072d7ea45 | https://files.eric.ed.gov/fulltext/EJ962511.pdf
  5694135bfac27c3e11c2 | https://americanprogress.org/article/occupational-segregation-in-america
  569513ab11de7bbc2083 | https://academic.oup.com/gerontologist/article/65/8/gnaf163/8186160
  579985eb4f773cb30a5d | https://pmc.ncbi.nlm.nih.gov/articles/PMC12449720
  57a7d60cc7bcd4ab462c | https://mercatus.org/research/data-visualizations/more-americans-dependent-disability-longer
  57cdad7ce7f05a906637 | https://jbhe.com/2024/08/racial-differences-in-victims-of-school-crime-and-bullying
  57d38676838f932a35ef | https://finmkt.io/blog-posts/how-creditworthiness-determines-consumer-approval-rates
  57d96aa5469e9a0d0e4a | https://careercenter.fresnostate.edu/blog/2024/06/14/trans-and-non-binary-career-advancement-how-to-overcome-challenges-at-work
  57eacdfe1f3f2cd4778b | https://cms.gov/newsroom/fact-sheets/how-affordable-care-act-helping-men-lead-healthier-lives-afford-health-insurance
  5806639cda450b38ad99 | https://npr.org/2024/04/11/1243713272/resume-bias-study-white-names-black-names
  58425b2cdafc73f78093 | https://experian.com/blogs/ask-experian/credit-education/score-basics/what-affects-your-credit-scores
  5842e1554cd5d46b9aba | https://nnedv.org/spotlight_on/impact-safe-housing-survivors
  58509264051bab46810a | https://voxdev.org/topic/firms/expanding-credit-access-women-entrepreneurs
  5879a3f56bbea3ecc54f | https://pubmed.ncbi.nlm.nih.gov/36931857
  58c2273d36096f902eb2 | https://digitalgovernmenthub.org/wp-content/uploads/2025/12/Racial-and-Ethnic-Differences-in-Experiencing-Administrative-Burd.pdf
  58d91898e31f8a3952e1 | https://thearc.org/policy-advocacy/housing
  58dba5dbe2aeb74b9d0e | https://law.georgetown.edu/gender-journal/in-print/volume-xxvi-issue-1-fall-2024/unforgetting-latinas-in-american-prisons-addressing-rising-numbers-and-reduction-strategies
  590f623cbdc8a7e19ef9 | https://disabilityhelpgroup.com/disability-benefits-denied-top-reasons
  59171f14ef8e9d56d410 | https://pmc.ncbi.nlm.nih.gov/articles/PMC10824976
  594b67b5057300e6574b | https://brookings.edu/articles/how-our-education-system-undermines-gender-equity
  595d3bec3ccb5e75c801 | https://cbpp.org/research/food-assistance/administrative-burden-and-procedural-denials-in-the-supplemental-nutrition
  5961a172741e99884d11 | https://prisonpolicy.org/blog/2020/07/27/disparities
  5973a907cc75952018a3 | https://lrn.com/blog/being-transgender-at-work-insights-from-mckinsey-dei-report
  5984e00c3734b55a1bf8 | https://pmc.ncbi.nlm.nih.gov/articles/PMC1989108
  599ec5a5b3cb71d5d66f | https://hls.harvard.edu/bibliography/credit-scores-lending-and-psychosocial-disability
  59bc84e08175ec2735ab | https://feed.georgetown.edu/access-affordability/seeking-more-male-students-colleges-tailor-outreach-programming
  59e0322e179edc11ffb4 | https://pmc.ncbi.nlm.nih.gov/articles/PMC10126970
  5a18eb5ae1f084357f1a | https://census.gov/library/working-papers/2025/adrm/CES-WP-25-45.html
  5a7e6924ddf692d48ddc | https://action4justice.org/legal_areas/detention
  5a81c01abaafdcce2476 | https://cbpp.org/research/poverty-and-inequality/2025-budget-stakes-people-with-disabilities-could-lose-vital-health
  5a97ee3ff7e6e6e0e799 | https://housingca.org/policy/focus/causes
  5ad01c1dddc32aeac5d0 | https://topcollegeconsultants.com/a-shifting-landscape-whats-changing-in-college-admissions-for-students-with-disabilities
  5ad45e7b4cd0a9871fde | https://pmc.ncbi.nlm.nih.gov/articles/PMC5271590
  5b60a7aba176e73f0677 | https://kff.org/womens-health-policy/womens-health-care-utilization-and-costs-findings-from-the-2020-kff-womens-health-survey
  5b8280323ae627ce9cbb | https://justiceinaging.org/newsroom/social-security-opens-to-survivors-of-same-sex-couples-who-could-not-marry
  5b84022c84fac6ebb243 | https://sddirect.org.uk/blog-article/why-lgbtqi-inclusive-education-so-important-and-what-can-be-done
  5bd114ec901c806e801e | https://leaders-in-law.com/key-factors-in-getting-approved-for-social-security-disability
  5cab8ec7438d4264c66d | https://ncbi.nlm.nih.gov/books/NBK24693
  5cbbb03152da59f8b402 | https://latinojustice.org/en/news/national-poll-shows-latinos-are-concerned-about-police-violence-feel-less-safe-under-trump
  5cbe4354e967723161ab | https://theundercoverrecruiter.com/do-men-and-women-approach-the-job-hunt-differently
  5ccc67f8562848534e99 | https://cbpp.org/research/poverty-and-inequality/poverty-reduction-programs-help-adults-lacking-college-degrees-the
  5d1471f5d8020140a98c | https://pmc.ncbi.nlm.nih.gov/articles/PMC9565787
  5d922a6d9053657279c0 | https://researchgate.net/publication/405278775_Male_and_Female_Youth%27s_Opportunities_to_Attend_Higher_Education_Gender_Equality_Perspective_in_the_Village
  5d933d32bec15ea05648 | https://eml.berkeley.edu/~webfac/cbrown/e251_f03/giuliano.pdf
  5db340e7aaed38a61dae | https://ssir.org/articles/entry/trans_forming_the_workplace_to_be_transgender_inclusive
  5db9a8deb87e6022dced | https://pmc.ncbi.nlm.nih.gov/articles/PMC7820533
  5df0c6f39bc55ae69149 | https://pmc.ncbi.nlm.nih.gov/articles/PMC4263117
  5df33af1bf7af19874d4 | https://pmc.ncbi.nlm.nih.gov/articles/PMC5723709
  5e06dd928725e28c4e07 | https://aha-inc.org/blog/common-barriers-to-housing-stabilityand-how-we-can-help-you-overcome-them
  5e0931d26e71c73fcc93 | https://commonwealthfund.org/publications/2018/sep/focus-reducing-racial-disparities-health-care-confronting-racism
  5e3fb806d2fab689e8c0 | https://pmc.ncbi.nlm.nih.gov/articles/PMC7453877
  5e56ce17fea28e841e8a | https://youtube.com/watch?t=68&v=_X1Yd5UFUvk
  5e6599d1e8698f724c53 | https://centerforhealthjournalism.org/our-work/reporting/barriers-home-ownership-latinos-california-have-long-lasting-effects-health-and
  5e6d04855d366a1025c7 | https://healthlaw.org/racial-disparities-persist-during-the-unwinding-of-the-medicaid-continuous-coverage-requirement
  5ea264224aff995e0c51 | https://islg.cuny.edu/blog/complex-reality-women-jails
  5eadf09c05276fe03458 | https://alignplatform.org/gender-norms-and-education/discriminatory-gender-norms-access-and-educational-attainment
  5eb435b2b5338e18b950 | https://pubmed.ncbi.nlm.nih.gov/37782863
  5ed40f9b12c967df163c | https://nationalacademies.org/read/9719/chapter/8
  5f064bace74f61b96458 | https://indigo.uic.edu/articles/poster/Los_Encarcelados_Assessing_the_Increasing_Rate_of_Latinos_in_American_Prisons/27919005
  5f0a40a0edb11930fddb | https://idra.org/wp-content/uploads/2024/04/Literature-Review-Bullying-and-Harassment-in-Schools-Second-Edition-IDRA-2024.pdf
  5f0ef8def7f6c7e1d0db | https://wfi-hub.org/resource/barrier/biases-that-center-men-as-financial-customers
  5f250bd6cecd12f45831 | https://americanprogress.org/article/how-to-address-the-administrative-burdens-of-accessing-the-safety-net
  5f3fa12e1232285b75e8 | https://cdc.gov/disability-and-health/about/disability-and-health-information-for-healthcare-providers.html
  5f724bc07d49df55375b | https://usa.edu/blog/career-advancement
  5f88327efe2ef096a6c5 | https://pmc.ncbi.nlm.nih.gov/articles/PMC9599998
  5f8a729f66b51b0af49f | https://hrc.org/resources/fair-and-equal-housing-act
  5ffc4f200aa40b7f92fd | https://pmc.ncbi.nlm.nih.gov/articles/PMC4838486
  600be7b1bf695ee8f57b | https://womenshousingforum.org/our-research-2
  6024c7e5789153d3d772 | https://youtube.com/watch?t=38s&v=o7soCyte1RE
  60684da0c14815da0ff4 | https://moonlawgroup.com/faqs/men-as-victims-of-sexual-harassment
  60dea970b08456876f8f | https://williamsinstitute.law.ucla.edu/publications/trans-students-higher-education
  60e61a751662f9dc4660 | https://hrc.org/resources/get-the-facts-on-transgender-healthcare
  6106593be06f62631e8f | https://pmc.ncbi.nlm.nih.gov/articles/PMC5172593
  612b7db73f096eeb8516 | https://pmc.ncbi.nlm.nih.gov/articles/PMC9173361
  613bfb60c81b4348c0b9 | https://perigen.com/empowering-patient-safety-in-obstetrics-navigating-human-factors-with-technology
  619eb5929638344771fd | https://urban.org/urban-wire/three-ways-improving-housing-stability-can-make-long-term-progress-toward-racial-equity
  61d2ef42b15db2f7cfa5 | https://americanprogress.org/article/systematic-inequality-economic-opportunity
  62575baae600f7c3b2cd | https://pmc.ncbi.nlm.nih.gov/articles/PMC12129408
  628ad9a8cd9289d60233 | https://cryamerica.org/blogs/how-womens-empowerment-through-education-creates-generational-change
  62a0217f68f1ad23be8d | https://ohchr.org/en/special-procedures/sr-housing/women-and-right-adequate-housing
  62a170a9a412999cb856 | https://williamsinstitute.law.ucla.edu/publications/law-enforcement-lgbtq-people
  62b874c4f5fba875afb5 | https://pmc.ncbi.nlm.nih.gov/articles/PMC11658587
  62d9fd296cefd320db4e | https://investopedia.com/lgbtq-marriage-and-personal-finance-5176477
  62e8bcfc82440b92f0a5 | http://aclu.org/issues/racial-justice/race-and-criminal-justice
  635c2aecb88a3de31194 | https://ncrc.org/lending-and-the-lgbtq-community-creating-a-fair-marketplace-for-queer-borrowers
  639774777d21f3829dbe | https://nationalfairhousing.org/issue/access-to-credit
  639a602a4ac52159e10b | https://cdc.gov/mmwr/volumes/73/su/su7304a6.htm
  639bfb488b37b79b0dc4 | https://housingsolutionstulsa.org/spotlight-on-lgbtq-homelessness-and-housing-insecurity
  63abafddfee6fd51fbb9 | https://pmc.ncbi.nlm.nih.gov/articles/PMC5367473
  63b4276651a284a5ea30 | https://journals.sagepub.com/doi/10.1177/15365042251386835
  63ba6a38da79f8959dd5 | https://pmc.ncbi.nlm.nih.gov/articles/PMC12481928
  6421f3c3a592a2ecdbb0 | https://cato.org/cato-journal/fall/winter-1995/effect-race-sex-welfare-benefits
  64350627d94314c4a11c | https://pmc.ncbi.nlm.nih.gov/articles/PMC5441521
  6437a95a2f655a6ea80a | https://luminafoundation.org/resource/race-and-ethnicity-in-higher-education
  643849fe8ccb8aa39490 | https://nij.ojp.gov/library/publications/understanding-use-force-and-against-police-research-brief
  64b2a8c14437e1166459 | https://disabilityrightsca.org/publications/bullying-and-harassment-of-students-with-disabilities
  6550f72882e81d532038 | https://pmc.ncbi.nlm.nih.gov/articles/PMC10530172
  657153b90b24515d6079 | https://pmc.ncbi.nlm.nih.gov/articles/PMC8903243
  659985389d63b0310389 | https://pmc.ncbi.nlm.nih.gov/articles/PMC10021551
  65a51259ca1fffc2f705 | https://cbpp.org/research/easing-benefit-enrollment-and-retention-by-reducing-the-burden-of-providing-verification
  65e0b44f593efeec3e29 | https://williamsinstitute.law.ucla.edu/publications/fehb-changes-trans-workers
  6605b075d11360f433e4 | https://tandfonline.com/doi/full/10.1080/08974454.2023.2271464
  666fabf27e8d7920eeb2 | https://files.kff.org/attachment/womens-health-insurance-coverage-fact-sheet
  66773a488de7fbecd2fd | https://unfe.org/en/know-the-facts/challenges-solutions/lgbtiq-youth-bullying-and-violence-at-school
  669391f18662c52dc0ff | https://urban.org/urban-wire/young-adults-credit-trajectories-vary-widely-race-and-ethnicity
  6699d0d87e313e9ee06e | https://pmc.ncbi.nlm.nih.gov/articles/PMC10742514
  669d4fe2699b6497bb22 | https://journals.sagepub.com/doi/abs/10.1177/1098611120957767
  66a64a7ebcadd2568298 | https://urban.org/sites/default/files/2023-01/Strategies%20for%20Improving%20Public%20Benefits%20Access%20and%20Retention.pdf
  66bfad5e73a9bb975bf7 | https://pubmed.ncbi.nlm.nih.gov/24328621
  66c3ca44c4087d837af2 | https://sciencedirect.com/science/article/abs/pii/S0743016725003298
  66eeab7d9af26329cb3b | https://online.uwsuper.edu/degrees/education/msed/special-education/stop-special-ed-students-being-bullied
  66f40d07c0c6f62c2f4e | https://experian.com/blogs/ask-experian/how-does-ssi-ssdi-affect-my-credit
  67209c6125673801320e | https://taxoutreach.org/outreach-strategies/lgbtq-people
  677ae22ee8f9a8e0106b | https://tandfonline.com/doi/full/10.1080/01612840.2026.2673376
  677bd0cf0a148a1a1bec | https://saraharberson.com/blog/hidden-factors-that-influence-who-gets-in
  67b5248e81474aa78459 | https://abc10.com/article/money/nerdwallet/how-latino-credit-unions-clear-banking-barriers/606-3e5fa94f-12aa-4ee5-8395-59a1d175544d
  68235c80367aa2dbb685 | https://onlinedegrees.sandiego.edu/women-in-law-enforcement
  688f1532e5b974614683 | https://newsnetwork.mayoclinic.org/discussion/health-disparities-in-preventive-screenings-for-african-americans
  68a92c478d43da53a5ba | https://pn3policy.org/pn-3-state-policy-roadmap-2022/us/admin-burden
  68d2bf1aa71ddc5cfea3 | https://endhomelessness.org/blog/recognizing-women-experiencing-homelessness-a-womens-history-month-spotlight-on-downtown-womens-center
  6908d9afa9d60404f378 | https://youtube.com/watch?t=215&v=ydooO1jXTuc
  6941b1f3f5f4fc565c16 | https://tgpdenver.org/publications/blog.html/article/2025/08/29/the-overlooked-connection-between-disability-and-homelessness
  6942a0dd184d3fcee471 | https://equityinhighered.org/resources/ideas-and-insights/segregation-in-higher-education-and-unequal-paths-to-college-completion-implications-for-policy-and-research
  6991e6d03e34b43af7cf | https://chcs.org/medicaid-and-sexual-orientation-and-gender-identity-data-key-factors-for-more-equitable-data-collection
  69a692e139e725f059e1 | https://pmc.ncbi.nlm.nih.gov/articles/PMC11108055
  69aa89e265f526daa136 | https://pubmed.ncbi.nlm.nih.gov/22081983
  69b8d04f81df50ec9165 | https://cacp.gatech.edu/sites/default/files/2020-02/Barriers%20to%20Employment.pdf
  69d2cb6911a7d386e65c | https://them.us/story/lgbtq-finances-bills-economic-insecurity
  69defa686d35ec12ae06 | https://pmc.ncbi.nlm.nih.gov/articles/PMC5509345
  6a0df1d9563533bb4ef7 | https://pmc.ncbi.nlm.nih.gov/articles/PMC6927152
  6a46f2066f9017c7c919 | https://thehrcfoundation.org/professional-resources/transgender-inclusive-benefits-for-employees-and-dependents
  6a652f7b8673756b6a75 | https://unidosus.org/wp-content/uploads/2021/07/latinohomeownership_52118.pdf
  6a68befd7e40acb7f205 | https://prntexas.org/top-10-facts-about-bullying-and-harassment-of-students-with-disabilities
  6abe171695815811c503 | https://sjcexchange.org/blogs/matt-davis/2025/08/01/reshaping-the-justice-system-for-people-with-disab
  6ad4c47c11e5511d0fe4 | https://transequality.org/issues/health-healthcare
  6afa58b00cf362585a0d | https://researchgate.net/publication/336656710_Racial_and_Ethnic_Differences_in_Bullying_Review_and_Implications_for_Intervention
  6afd5427af2aac11d72f | https://urban.org/urban-wire/creating-avenues-financial-inclusion-latino-families
  6b26f55a2f3cf46273d7 | https://understandinghouston.org/topic/economic-opportunity/access-to-credit-and-household-debt
  6b2f7678529a2b8861ed | https://highereddive.com/news/at-womens-colleges-trans-and-nonbinary-applicants-face-inconsistent-rules/567537
  6b6f1f00596dcb2f0875 | https://urban.org/urban-wire/three-trends-lgbtq-homeownership-gaps-underscore-research-and-policy-needs
  6b6f4553e54464a754b0 | https://federalreserve.gov/publications/2022-economic-well-being-of-us-households-in-2021-banking-and-credit.htm
  6b866d419ebf63c3a7e6 | https://healthaffairs.org/doi/10.1377/hlthaff.2022.01493
  6b990a507fcf3232c4bd | https://experian.com/blogs/ask-experian/lgbtq-financial-inclusion
  6ba31aea0d1d052d6224 | https://valliance.bank/blog/credit-gaps-facing-women-business-owners
  6bd9339ff4ffd72fcca1 | https://pmc.ncbi.nlm.nih.gov/articles/PMC10815774
  6c02452fa01801ca2809 | https://doi.org/10.15781/T2CK6M
  6c1bd05280acf9d1231d | https://careerhub.students.duke.edu/blog/2025/02/03/how-can-i-advance-my-career-as-a-latino-professional
  6c4b93694bc098c77da8 | https://deloitte.com/us/en/insights/industry/financial-services/accessible-banking-for-disabled.html
  6c6591752cf5316df060 | https://ovid.com/jnls/journalpatientsafety/abstract/10.1097/pts.0000000000001578~factors-associated-with-likelihood-of-experiencing-a?redirectionsource=fulltextview
  6ca719c33fb003e6a5e5 | https://tandfonline.com/doi/full/10.1080/02673037.2025.2492781
  6cb218a3b3f50c959e2b | https://endhomelessness.org/blog/homelessness-and-black-history-access-to-housing
  6cbb226c2690ac0effde | https://weforum.org/stories/financial-and-monetary-systems/women-access-financial-services
  6cd4edf075667051948e | https://transcanwork.org/news/span-classsqsrte-text-color-blackwhy-trans-employees-face-barriers-to-career-advancementnbspspan
  6cf074b5d55000c1fb4c | https://opportunityinsights.org/paper/creditaccess
  6cfba1f14fe81a790660 | https://news.iastate.edu/news/lower-approval-rates-higher-finance-fees-evidence-discrimination-same-sex-borrowers
  6d1e433d9309fdcf83c7 | https://ticas.org/anti-poverty/reconciliation-2025-snap-and-medicaid
  6d7fc7bd39c6666c48e5 | https://tandfonline.com/doi/full/10.1080/26379112.2024.2357996
  6d9ec3856805f2ca023f | https://clasp.org/sites/default/files/Deep%20Dive%20-%20Medicaid%20Renewals%20-%2011-27.pdf
  6dad065802e5747bfe76 | https://pmc.ncbi.nlm.nih.gov/articles/PMC12691752
  6dc4129a249730451afc | https://eeoc.gov/chart-risk-factors-harassment-and-responsive-strategies
  6e013b30ac05731da7b1 | https://shvs.org/resources/new-federal-rules-affecting-coverage-of-treatment-for-gender-dysphoria-considerations-for-states
  6e3822f3cbb5c496c9e8 | http://chci.org/wp-content/uploads/2026/04/2026-Denys-Castillo.pdf
  6e39cf8a45813c6b916f | https://thetrevorproject.org/research-briefs/homelessness-and-housing-instability-among-lgbtq-youth-feb-2022
  6e5da80710dca82134a2 | https://williamsinstitute.law.ucla.edu/wp-content/archive/Impact-LGBT-Support-Workplace-May-2013.pdf
  6e6e211ea551032b3777 | https://pmc.ncbi.nlm.nih.gov/articles/PMC9222328
  6e9258a31420e74e5187 | https://bestcolleges.com/news/gender-inequity-in-selective-college-admissions
  6ebb0570c2e90e158080 | https://nlc.org/article/2023/06/30/housing-for-lgbtqia
  6ec18e6298f9b7980ba3 | https://pmc.ncbi.nlm.nih.gov/articles/PMC5559891
  6f62e3b6f9c7eb9d3742 | https://pmc.ncbi.nlm.nih.gov/articles/PMC8312312
  6f86d9a5b2255bd4bcf2 | https://youtube.com/watch?t=17s&v=h4JhTOwNq-s
  6f898772d594f3db32a5 | https://bannerbank.com/financial-resources/blog/five-things-that-make-up-your-credit-score
  6f8afea238fc3e87f518 | https://comcastnewsmakers.com/Videos/2023/11/30/Disability-Rights-and-the-Criminal-Justice-System
  6fe01e1114508e2d06c8 | https://tacqe.com/employer-practices-for-hiring-people-with-disabilities-factsheet
  6fedd2c76add6f36ccb1 | https://thearc.org/our-initiatives/criminal-justice
  700b83abcede3d0dbea8 | https://bipartisanpolicy.org/report/understanding-and-addressing-racial-and-ethnic-disparities-in-housing
  706ec4e5055c923e2688 | https://afterschoolalliance.org/afterschoolsnack/What-does-the-state-of-educational-opportunity-look-like-in_11-07-2024.cfm
  70bf73a88a47efe82d32 | https://urban.org/research/publication/how-do-financial-attitudes-and-preferences-vary-among-latine-consumers
  70dd0a00657421585652 | https://pmc.ncbi.nlm.nih.gov/articles/PMC9803884
  710d00af8f0893ee55b8 | https://endhomelessness.org/a-shortage-of-affordable-housing
  71133d110608e33dbf60 | https://kff.org/womens-health-policy/womens-health-insurance-coverage
  7133012652877a696b27 | https://poverty-action.org/what-we-know-about-womens-access-credit-and-what-ipa-doing-about-it
  715251ecd028f2662dae | https://disabilityevidence.org/questions-evidence/how-do-we-overcome-barriers-accessing-higher-education-people-disabilities
  7163115964ac99af7373 | https://rand.org/pubs/articles/2022/the-impact-of-racism-on-patient-safety.html
  71b84221cd5530cbed25 | https://aafp.org/about/policies/social-determinants-health-family-medicine-position-paper
  71c2bdb5bf0bf3c60a19 | https://toptieradmissions.com/the-gender-gap-in-college-admissions
  7201462f0f8449a51f15 | https://advocate.com/politics/medicaid-snap-lgbtq
  723630cb2cd192b106a8 | https://wa.gov.au/government/publications/sexuality-and-gender-based-bullying-schools-fact-sheet-students
  72437fc07e8b32125f89 | https://habitat.org/historic-housing-discrimination-us
  726b53904a301e1a7314 | https://ssa.gov/pubs/EN-05-10029.pdf
  72ee218d54111229084d | https://fortunahealth.com/insights/how-health-plans-reduce-medicaid-coverage-churn
  72fda1742f18470b7e62 | https://ncbi.nlm.nih.gov/books/NBK259474
  730d92f0d0b1aff41db8 | https://ussc.gov/research/research-reports/2023-demographic-differences-federal-sentencing
  7344112bbf2ee493acbb | https://lifelinesupport.org/how-to-qualify
  7376b6bda271d57d69c3 | https://youtube.com/watch?t=76&v=2eqk_2ZRybY
  7380431552450eef86c0 | https://credible.com/personal-loan/disability-loans
  73cccfd4bb615a018c43 | https://latino.ucla.edu/research/key-facts-about-the-latino-workforce-across-california
  73d32ad134694ceeffc2 | https://pmc.ncbi.nlm.nih.gov/articles/PMC12428156
  73d473292be84136e0f4 | https://ncld.org/understand-the-issues
  74014d98c8648ea4bb26 | https://merlininvestor.com/2024/03/20/unveiling-the-factors-driving-the-gender-gap-in-financial-inclusion
  7452ff2090f7e9864e0b | https://pubmed.ncbi.nlm.nih.gov/12529894
  74c8006387f4b7063dca | https://williamsinstitute.law.ucla.edu/publications/transgender-workplace-discrim
  74f7e63fd64c1901b9e7 | https://youtube.com/watch?t=43&v=wNYWDmy8gPo
  7520dfaac9ab3d26311c | https://wfi-hub.org/api/media/file/Biases%20that%20Center%20Men%20as%20Financial%20Customers-1.pdf
  7529cf7963d4ce7b8b7a | https://diversityglobal.com/web/Article.aspx?id=Striving-for-Hispanic-and-Latino-Inclusion-in-the-Work-Environment-4840
  75550cb15975d1907d84 | https://psychologytoday.com/us/blog/lgbtq-affirmative-psychology/202306/key-factors-related-to-lgbtq-bullying
  758450027363eec66609 | https://prisonpolicy.org/blog/2021/03/02/lgbtq
  75a37e6f870378772189 | https://nahajskifirm.com/police-discretion-arrest-citation
  75b4427873c3f1371d79 | https://pmc.ncbi.nlm.nih.gov/articles/PMC12218944
  7618caa4e5011b2ad3cc | https://cgap.org/topics/women-financial-inclusion
  76873a7e93b0d0b05600 | https://enb.iisd.org/4wcw/dpa-021.html
  769e63cc4e4dbf821776 | https://unidosus.org/wp-content/uploads/2021/07/lb_credit.pdf
  76a6212482e1e9e96dbd | https://urban.org/urban-wire/five-reasons-mass-incarceration-queer-issue
  77054404618b38fa718d | https://thetrevorproject.org/research-briefs/anti-lgbtq-school-policies-and-lgbtq-young-people
  77342095e61e919cc95a | https://frontiersin.org/journals/education/articles/10.3389/feduc.2025.1528899/full
  77473644c04c4e36eda2 | https://housingmatters.urban.org/research-summary/transgender-and-gender-nonconforming-people-experiencing-housing-insecurity-rely
  7798611b38f007054505 | https://files.eric.ed.gov/fulltext/ED658299.pdf
  7818703d419dc17e343b | https://uhc.com/understanding-health-insurance/understanding-health-insurance-costs/types-of-health-insurance-costs/how-insurance-premiums-work
  78565ed65f3d04ed104f | https://journals.sagepub.com/doi/10.1177/14705958231180044
  7875af1e27f3b33c6e41 | https://opportunityinsights.org/wp-content/uploads/2025/07/CreditAccess_Nontech.pdf
  78a455188f30e64ca05f | https://nationaldisabilityinstitute.org/wp-content/uploads/2018/12/access-credit-brief.pdf
  78d086521ed6af3cc131 | https://disabilityadvice.org/ssdi/approval-process/approval-by-age
  78da4c957178f01a7bc7 | https://youtube.com/watch?v=93TA06gnhdg
  78eb386810fd108281a7 | https://americanprogress.org/article/the-medicaid-program-and-lgbt-communities-overview-and-policy-recommendations
  790de1d59c2ba19e552a | https://beckerspayer.com/payer/how-to-close-the-gap-why-members-avoid-preventive-care
  79449cc23749d1c53e3d | https://endhomelessness.org/systemic-racism-and-marginalization
  79996a69fc1145d07c8e | https://digitalgovernmenthub.org/library/the-experience-of-administrative-burdens-in-snap-and-medicaid-new-evidence-from-a-nationally-representative-survey-of-low-wage-workers
  79af3deda01f7ed4d9e0 | https://nationalacademies.org/read/14685/chapter/10
  79e6cc3741d679f285f2 | https://pmc.ncbi.nlm.nih.gov/articles/PMC8794735
  79fb5c662049e1c3df26 | https://pfva.org/what-leads-to-homelessness-top-causes
  7a4dd3a46a4ac0628a1f | https://journals.sagepub.com/doi/10.1177/27526461221092429
  7a53c957814caa0b14e6 | https://academybank.com/article/banking-trends-and-the-us-latino-population
  7a800d272f1d22c267ef | https://nationalmortgageprofessional.com/news/racial-gaps-mortgage-denials-persist-despite-industry-progress
  7a898503a0141d0c7000 | https://news.byu.edu/banks-offer-black-entrepreneurs-inferior-loans-even-when-they-are-better-qualified-than-peers
  7aa1980ab5444f126c85 | https://unitedwaynca.org/blog/racial-inequality-in-education
  7ae33fc0c1a9913892c2 | https://journals.sagepub.com/doi/abs/10.1177/1043659614530761
  7b31d110d7e9e52f7937 | https://pmc.ncbi.nlm.nih.gov/articles/PMC10323066
  7b5cde8fca663e2c5c6f | https://ebsco.com/research-starters/politics-and-government/employment-among-african-americans
  7b6af59c95d8bfc70b31 | https://pmc.ncbi.nlm.nih.gov/articles/PMC6661108
  7b79548a363fff99a19e | https://kff.org/racial-equity-and-health-policy/health-coverage-by-race-and-ethnicity
  7c000080c7942f46d309 | https://iadb.org/en/blog/urban-development-and-housing/three-factors-barring-women-accessing-housing-credit
  7c1d9a3341e5da85367f | https://kitchenerexecutive.com/5-factors-that-impact-successful-recruitment-and-hiring
  7c422a7456f54535b16b | https://tandfonline.com/doi/full/10.1080/26895269.2026.2656940
  7c454196835a01621ed2 | https://hhs.gov/black-history-month/reading-list/index.html
  7c7839d4f3657b77103d | https://hopkinsmedicine.org/health/expert-qa/transgender-health-what-you-need-to-know
  7c89c2adfae318c12ee9 | https://forbes.com/sites/michaeltnietzel/2026/02/04/five-things-the-new-data-about-race-conscious-college-admissions-tell-us
  7ca2105b6b5a210e533c | https://instagram.com/reel/DTVS62HgXDZ
  7cc6dc80d3091756c91d | https://gao.gov/blog/racial-disparities-education-and-role-government
  7ccb1a7efad9461ca368 | https://them.us/story/fighting-lgbtq-workplace-harassment
  7d67824f93b0a6790db5 | https://bja.ojp.gov/sites/bja/files/Publications/WomensPathwaysToJail.pdf
  7d7a291ed9554694212b | https://youtube.com/watch?t=100&v=OQr00k_iJ3k
  7d9ba47003bc8c4b6738 | https://salud-america.org/latinos-and-the-state-of-unemployment-insurance-and-government-benefits
  7db7f063d6eb3c15307e | https://nclc.org/wp-content/uploads/2016/05/20240227_Issue-Brief_Past-Imperfect.pdf
  7dc305148bfd462cc480 | https://violence.chop.edu/bullying-schools
  7df0afafd64d06932cfc | https://youtube.com/watch?t=105&v=-oJPcnpXONA
  7eb4567dc06aa2cf6096 | https://breastfeeddurham.org/wic-medicaid-and-snap-what-changed-and-what-did-not
  7ecd644ae5b2d3105c1b | https://link.springer.com/article/10.1007/s40615-026-03159-9
  7ef55489c85cb1d2203a | https://ldi.upenn.edu/our-work/research-updates/breaking-the-link-between-disability-and-incarceration
  7f02bbe6b85e4e97ec5f | https://takecommandhealth.com/blog/blog/how-health-insurance-premiums-are-calculated
  7f08035522acd10d0919 | https://cls.soceco.uci.edu/news/new-report-sheds-light-latinos-us-criminal-justice-system
  7f16464421be81c16123 | https://sentencingproject.org/fact-sheet/incarcerated-women-and-girls
  7f1f54904d34251b89de | https://everycrsreport.com/reports/R45979.html
  7f253b8858c6654f4a7b | https://specialneedsanswers.com/accessible-housing-basics-guide-for-people-with-disabilities-21554
  7f2addd648e20c608504 | https://chicagobooth.edu/review/racial-bias-hiring
  7fe698313a06f31bc42f | https://linkedin.com/blog/member/career/dismantling-barriers-to-career-advancement-for-latinos
  802ed60fe784875743bf | https://prisonpolicy.org/blog/2024/06/04/lgbt_incarceration
  808b9ef2926ce9d0c9d9 | https://avp.org/wp-content/uploads/2017/04/FORGE_Trans_People_Police_Incarceration_Facts.pdf
  80bcc2329d8ddad43371 | https://unitedwayla.org/news/housing-inequality-within-the-lgbtq-community
  80ef5546326880e40115 | https://pmc.ncbi.nlm.nih.gov/articles/PMC9322545
  8112c616c93f4f6dc264 | https://safetyandjusticechallenge.org/blog/what-is-behind-the-overrepresentation-of-people-who-identify-as-lgbtq-in-the-criminal-legal-system
  81318315d06cbbad4ded | https://americanprogress.org/article/the-top-5-facts-about-women-in-our-criminal-justice-system
  814b499c56030da76e5b | https://digitalgovernmenthub.org/library/strategies-for-improving-public-benefits-access-and-retention
  814e557477de103207ba | https://cbpp.org/blog/reducing-administrative-burdens-in-medicaid-is-critical-to-achieving-health-and-racial-equity
  8162316520ac431db04c | https://upstart.com/learn/personal-loan-disability-income
  817fdb026abac19a8f33 | https://thelancet.com/journals/lancet/article/PIIS2468-2667(20)30054-2/fulltext
  818a3e772d18cde98eee | https://chrt.org/publication/housing-crisis-magnified
  81a93b1da81732f64fee | https://endhomelessness.org/resources/sharable-graphics/racial-inequalities-homelessness-numbers
  81cc3c4042377001d09d | https://csgjusticecenter.org/publications/adopting-a-gender-responsive-approach-for-women-in-the-justice-system-a-resource-guide
  81d927a833493845eb5b | https://cdc.gov/youth-violence/about/about-bullying.html
  82067ae5a0524ddeeaa5 | https://pmc.ncbi.nlm.nih.gov/articles/PMC6003615
  82366955ac87972de709 | https://casrf.org/post/breaking-barriers-through-access-to-education
  8244413aea585fd0ee5d | https://educationsupport.org.uk/resources/for-individuals/guides/bullying-and-harassment
  824ceba50712e5e4bb5f | https://dulyhealthandcare.com/health-topic/preventive-care-in-hispanic-communities
  82614369e1ad8f8d31ca | https://researchgate.net/publication/360692134_The_effect_of_administrative_burden_on_state_safety-net_participation_Evidence_from_food_assistance_cash_assistance_and_Medicaid
  826980f125a3500fb513 | https://chcf.org/resource/2025/06/26/lessons-medi-cal-unwinding-enrollee-experiences-renewals
  826fc47a2f5f25b8bee3 | https://pewresearch.org/fact-sheet/topic-affirmative-action-in-college-admissions
  8276e2a99ee60b2a04b8 | https://education.ml.com/bol/Pages/Article.aspx?Title=whywomenpaymorefortheirhealthcare
  8296ac7047c58ddb9741 | https://mitsloan.mit.edu/ideas-made-to-matter/to-keep-employees-focus-career-advancement
  82d0156a8592e50ebf9b | https://19thnews.org/2023/04/lgbtq-finances-bills-economic-insecurity
  82f99c1edc2a2b42b091 | https://ldaamerica.org/lda_today/disability-and-criminal-justice-reform
  82ff31bfeb455e00be26 | https://brookings.edu/articles/latinos-and-the-future-of-finance-why-we-need-to-examine-the-motivations-and-effects-of-latinos-fintech-adoption
  830390aa4c6cb5fd2725 | https://justice.gov/ovw/media/1443986/dl
  83114d179c1b944e8ca2 | https://unesco.org/en/articles/qa-role-teachers-preventing-and-addressing-school-violence
  831ec0015d3584bdd37d | https://kff.org/womens-health-policy/health-policy-101-health-policy-issues-in-womens-health?entry=table-of-contents-what-are-the-sources-of-health-insurance-coverage-for-women
  835571e9db85f214d67f | https://fletc.gov/use-force-part-i
  83bc7767b1c271ff20c8 | https://bristol.ac.uk/media-library/sites/geography/pfrc/documents/fwb-of-disabled-people-essential-services.pdf
  83c8b5f3c1ebd9e92708 | https://pmc.ncbi.nlm.nih.gov/articles/PMC10834057
  83d895937bb30578d610 | https://endhomelessness.org/resources/toolkits-and-training-materials/how-providers-can-address-homelessness-among-gender-expansive-people
  83eb4980a1e130d9237c | https://cbpp.org/research/food-assistance/improving-snap-and-medicaid-access-snap-renewals
  84381366e921dd26218e | https://povertyactionlab.org/evaluation/discrimination-job-market-united-states
  844959a9f2b3f3fb756a | https://bhexplained.org/blog/health-insurance-101-for-black-adults
  844c224aa7b4ce44733f | https://ed.gov/media/document/factsheet-supporting-transgender-youth-school-june-2021-112270.pdf?ref=womensrightsdata.org
  84649595cce690332b02 | https://opportunityhome.org/resources/gender-equity-housing
  84afbdc7826c35f27abe | https://pmc.ncbi.nlm.nih.gov/articles/PMC4929689
  84b5f42e410aaa0a3300 | https://uncf.org/pages/k-12-disparity-facts-and-stats
  84b8650227003ee0c2e3 | https://fusionhousing.org/understanding-the-problem-of-homelessness
  853c76519358a581bde7 | https://pmc.ncbi.nlm.nih.gov/articles/PMC9617098
  8541692c0aadc8f7a506 | https://californiaemploymentlaw.foxrothschild.com/2016/07/articles/advice-counseling/eeoc-identifies-risk-factors-for-workplace-harassment
  85862feee58c76179e96 | https://digitalcommons.wcl.american.edu/cgi/viewcontent.cgi?article=1050&context=stu_upperlevel_papers
  85bf8e8aa2e3dd15b305 | https://cdiaonline.org/cdia-statements/2022/02/02/credit-reporting-industry-helping-transgender-and-nonbinary-individuals-prevent-potential-disruptions-to-their-credit
  85fd2665aa5b3381a0dd | https://news.gallup.com/opinion/gallup/510323/hispanic-students-feeling-discrimination-school.aspx
  860e6cb23f65cbc4a2de | https://pmc.ncbi.nlm.nih.gov/articles/PMC10984377
  8638eb11716520c83249 | https://ndrn.org/resource/ndeam-article-3
  86d7c15015730f864e6b | https://osmosis.org/blog/social-determinants-of-health-education-access-and-quality
  871e4477e40072f47568 | https://pmc.ncbi.nlm.nih.gov/articles/PMC11812675
  87411315d209792c5506 | https://ncan.org/Web/News/539190
  87854225d5917a544c09 | https://americanprogress.org/article/the-unfair-criminalization-of-gay-and-transgender-youth
  878f45b4b7b94ec9c3c1 | https://researchmgt.monash.edu/ws/portalfiles/portal/519056876/483077505_oa.pdf
  884c54359ced26c5959b | https://mastercard.com/news/eemea/en/newsroom/press-releases/en/2022/may/technology-can-accelerate-financial-inclusion-for-persons-with-disabilities-finds-mastercard-study
  88859c6d2d79781ed790 | https://shelteringgrace.org/the-unique-challenges-of-women-facing-homelessness
  88cce15387efc3379849 | https://pmc.ncbi.nlm.nih.gov/articles/PMC12895444
  88d111577fbc186be2a5 | https://cbpp.org/blog/eliminating-structural-barriers-can-improve-latino-peoples-access-to-health-coverage
  88e14788e3cf2b868e8a | https://newsroom.ucla.edu/releases/housing-discrimination-california-historically-marginalized-communities
  8900fa4d9de7bef74308 | https://nclrights.org/wp-content/uploads/2013/04/Resources_PublicBenefits_Attorney_Advocate_Guide.pdf
  892900986fcb922b008b | https://transequality.org/issues/resources/failing-to-protect-and-serve-police-department-policies-towards-transgender-people
  897258a90e31a5f433b0 | https://usnews.com/education/best-colleges/articles/2018-11-02/how-gender-influences-college-admissions
  897cb8bc76ace17a23c7 | https://pmc.ncbi.nlm.nih.gov/articles/PMC9640174
  898722d0754e86359658 | https://ohchr.org/en/statements-and-speeches/2019/10/inclusion-lgbt-people-education-settings-paramount-importance
  89b00a5f07fe2325e4f8 | https://womensworldbanking.org/wp-content/uploads/2022/12/Check-Your-Bias-A-Field-Guide-for-Lenders.pdf
  8a017f22833bba87f0fd | https://pmc.ncbi.nlm.nih.gov/articles/PMC4524744
  8a096aee0a6e9c899ee1 | https://crimrxiv.com/pub/spfg4hk6
  8a193db7364cccbc3731 | https://hbtbank.com/personal-banking/five-factors-that-impact-your-credit-score
  8a1d357c50e1c67ba9dc | https://academic.oup.com/gerontologist/article/65/9/gnaf158/8165435
  8a42c6ab08510e278619 | https://libertystreeteconomics.newyorkfed.org/2024/01/an-overlooked-factor-in-banks-lending-to-minorities
  8aeae1553b9c47c67d08 | https://pmc.ncbi.nlm.nih.gov/articles/PMC10241469
  8b5a25d18543e5d238c4 | https://uc.edu/content/dam/uc/ics/docs/NovakBrownFrankWomenOnPatrol.pdf
  8b8be031b2d14d6888d4 | https://brennancenter.org/our-work/analysis-opinion/history-mass-incarceration
  8bb2e11118714dd19386 | https://youtube.com/watch?v=u1GsuawCmes
  8bf419166d2d57f6d097 | https://ncpssm.org/documents/social-security-policy-papers/womens-social-security-benefits
  8c19689a23763f8fd064 | https://kff.org/quick-insights/new-regulation-prohibits-federal-medicaid-funds-from-covering-gender-affirming-medical-care-for-young-people
  8c3b64f3a55a5bd27dff | https://pegalislawgroup.com/patient-safety-concerns-in-the-lgbtqia-community
  8c3dfe0587e687b22c00 | https://binghamton.edu/news/story/6105/people-in-need-of-disability-benefits-are-facing-new-barriers-and-government-cuts-and-overhauls-are-to-blame
  8c5f8638339dcde1d2fd | https://pmc.ncbi.nlm.nih.gov/articles/PMC7094761
  8c700dbdd65b91a02243 | https://linkedin.com/top-content/career/career-advancement-tips/factors-influencing-career-advancement-opportunities
  8c7d732fec605bfd185c | https://youtube.com/watch?v=ruu9Gep9Sd8
  8c85fca2e5d2bf577e9d | https://tcf.org/content/commentary/equitable-insurance-coverage-and-access-can-advance-lgbt-health
  8ccf054497b17170cbb9 | https://pmc.ncbi.nlm.nih.gov/articles/PMC12513714
  8cf3998227ccd6fc035f | https://sciencedirect.com/science/article/pii/S0047235221000490
  8cffc442ce1c61bfdcf6 | https://catalog.results4america.org/strategies/reducing-obstacles
  8d4b74f96737f9c79531 | https://nationaldisabilityinstitute.org/financial-resilience-center/credit
  8d4d4ca90f9b897f17e0 | https://stlouisfed.org/community-development/publications/access-credit-financial-services-bridge-financial-well-being/low-moderate-income-interact-institutions-access-financial-services
  8d8f2c2cd0951645b7f3 | https://pmc.ncbi.nlm.nih.gov/articles/PMC4772969
  8dd648368634b56c910d | https://evidencebasedliving.human.cornell.edu/blog/what-we-know-about-trans-youth-and-bullying
  8ddd6d53dc7be053bcfb | https://musticolaw.com/if-disability-worsens-does-the-government-increase-benefits
  8e01a430ea226b4376f8 | https://pmc.ncbi.nlm.nih.gov/articles/PMC5744605
  8e3eb499089acd7d9a52 | https://kff.org/private-insurance/new-rule-proposes-changes-to-aca-coverage-of-gender-affirming-care-potentially-increasing-costs-for-consumers
  8e4e07442f8bc4509992 | https://blogs.worldbank.org/en/opendata/more-women-have-financial-accounts--yet-equal-access-and-use-rem
  8e7b64c8a8cec8a3552d | https://pubmed.ncbi.nlm.nih.gov/40578577
  8e86245734cefba81b49 | https://brookings.edu/articles/homeownership-racial-segregation-and-policies-for-racial-wealth-equity
  8e917e74478c81872087 | https://pmc.ncbi.nlm.nih.gov/articles/PMC12461105
  8ec49e97b49928446e04 | https://pmc.ncbi.nlm.nih.gov/articles/PMC3404465
  8f0ef28c6f421a946b17 | https://openoregon.pressbooks.pub/raceandcrime1e/chapter/oo5-3
  8f4d8feda1fadba3c2b1 | https://ccrw.org/wp-content/uploads/2024/10/Career-advancement-pathways-for-workers-with-disabilities_CCRW_Trends-Report-2024.pdf
  8f6244d3d1e18e7448ae | https://sageusa.org/news/cfpb-protects-lgbt-people-with-ecoa
  8f6862b6579d7cfc235d | https://cbpp.org/research/poverty-and-inequality/economic-security-programs-reduce-overall-poverty-racial-and-ethnic
  8fb45546bd08fbeb9430 | https://usich.gov/sites/default/files/document/Housing-Affordability-and-Stablility-Brief.pdf
  8fc61b06fea211291530 | https://facebook.com/KXANnews/posts/government-entities-are-not-required-to-provide-benefits-to-spouses-of-gay-and-l/10155464805598037
  8fc8459f46000eeae2d8 | https://urban.org/urban-wire/three-obstacles-federally-assisted-housing-programs-need-overcome-better-serve-residents-disabilities
  902200e0130085037aa3 | https://direct.mit.edu/euso/article/27/1/144/125848/Escape-from-home-The-moderating-role-of-sexual
  9048acef1bf86fd9400d | https://pmc.ncbi.nlm.nih.gov/articles/PMC8576989
  90708852666a1c4ed72c | https://stlpr.org/health-science-environment/2025-11-17/barriers-block-snap-and-medicaid-users-from-keeping-vital-benefits-survey-finds
  909d3fc5cd3090468489 | https://educationrightsattorney.com/understanding-access-to-education-for-students-with-disabilities
  90c9f9105aae8bab00e4 | https://pmc.ncbi.nlm.nih.gov/articles/PMC11756264
  911ce4f6b5d9a691731f | https://bcm.edu/research/research-centers/center-for-research-on-women-with-disabilities/a-to-z-directory/health-care/health-insurance
  913137bd1b51f6920f5b | https://sciencedirect.com/science/article/pii/S2667321521000196
  918aa89d0a894b367a37 | https://edexcelencia.org/research/publications/how-latinos-pay-for-college-2025-national-trends
  919f34b891778265a4a8 | https://synchrony.com/blog/bank/financial-literacy-hispanic-communities
  91a8bdd7a3f238b27b20 | https://endhomelessness.org/resources/research-and-analysis/demographic-data-project-gender-and-individual-homelessness
  91b900ec1fae01244aeb | https://finhealthnetwork.org/wp-content/uploads/2023/08/The-Financial-Health-of-People-With-Disabilities_Key-Obstacles-and-Opportunities.pdf
  91cc46cfa99798f4185e | https://ncan.org/Web/News/Despite-Progress-Women-in-Higher-Ed-Still-Face-Barriers
  92397b11969c4578d708 | https://stlouisfed.org/-/media/project/frbstl/stlouisfed/community-development/financial-well-being/financial-well-being-infographic.pdf?hash=D66FE2DE10D3E3389E9DDEF2DF1E77A6&sc_lang=en
  92868aa8acb452aa530d | https://scholarworks.merrimack.edu/cgi/viewcontent.cgi?article=1138&context=soe_student_ce
  92943eed3357bf30bfc3 | https://prestigepeo.com/blogs/job-quality-hispanic-latino-community
  92fc1ab90e105172fad2 | https://pmc.ncbi.nlm.nih.gov/articles/PMC10142323
  93e0b5a3a8853a4e22cf | https://fdic.gov/consumer-resource-center/2023-03/financial-empowerment-and-inclusion
  93fbc9d01524e0b8ba9c | https://tandfonline.com/doi/full/10.1080/19361653.2024.2414339
  9448970c042845b2343e | https://moneymanagement.org/blog/why-good-credit-is-harder-to-achieve-in-communities-of-color
  9460109b178358db6e38 | https://rrapp.spia.princeton.edu/how-credit-scoring-reproduces-racial-inequality
  94b009446c3bcaf5e39f | https://journeyfront.com/blog/increasing-gender-diversity-starts-with-the-hiring-process
  94df1d3401f7a478c0b1 | https://digitalcommons.calpoly.edu/cgi/viewcontent.cgi?article=1008&context=coe_dean
  94f6b3560e1e96e0124e | https://dol.gov/agencies/ebsa/about-ebsa/our-activities/resource-center/publications/women-and-retirement-savings
  954e907399c977ef416a | https://iaap-journals.onlinelibrary.wiley.com/doi/10.1111/apps.70103?af=R
  957084c2e0477094ccfe | https://publichealthpost.org/health-equity/students-of-color-are-disproportionately-bullied-and-harassed-at-school
  95e8aca593ad0b1471a0 | https://bankrate.com/credit-cards/news/credit-cards-and-race-statistics
  963e81564704833497bb | https://fletc.gov/use-force-part-ii
  963ec13f414574c07646 | https://prisonpolicy.org/blog/2015/04/08/nap-video
  96437a65a313b21480cf | https://investopedia.com/average-credit-scores-by-race-5214521
  964e6201ee16a556552a | https://journals.sagepub.com/doi/pdf/10.1177/136346099002004004
  9695e9d2e67a958b8fae | https://pmc.ncbi.nlm.nih.gov/articles/PMC11323075
  96b5d1d99d7f8eff2928 | https://nclrights.org/our-work/racial-economic-justice/criminalization-incarceration
  96e1aa5d1d8f5d57c814 | https://kff.org/racial-equity-and-health-policy/health-and-access-to-care-and-coverage-for-lesbian-gay-bisexual-and-transgender-individuals-in-the-u-s
  96e1cb3f1d4cb13e22d1 | https://pointfoundation.org/hubfs/2111%20Trans%20Higher%20Ed_Infographic%20Nov%2019%202021%20%281%29.pdf
  96e5f5dd953927f14fae | https://digitalcommons.unomaha.edu/cgi/viewcontent.cgi?article=1132&context=criminaljusticefacpub
  96feeeeb17b9f4e7b7bd | https://stanfordlawreview.org/print/article/policing-under-disability-law
  9709b557198573b6fd8a | https://pmc.ncbi.nlm.nih.gov/articles/PMC12212483
  97310caf5f7c2e2589df | https://shp.org.uk/homelessness-explained/why-are-lgbtqia-people-more-likely-to-be-homeless
  975b0fa63e92cef1bd8a | https://cdaa.org.au/CDAAWebsite/Web/Blog/Posts/Career-Development-of-Transgender-and-Gender-Diverse-People.aspx
  975d2870ecb7d7b5fa11 | https://pmc.ncbi.nlm.nih.gov/articles/PMC6219469
  979674bf4507d95c0e6c | https://apa.org/pi/oema/resources/ethnicity-health/asian-american/bullying-and-victimization
  97aea39789c23a617380 | https://healthaffairs.org/doi/10.1377/hlthaff.2025.00375
  97b7e839569f28e1290f | https://news.illinois.edu/boys-who-bully-peers-more-likely-to-engage-in-sexual-harassment
  97c0827ad7f2b25ff9c9 | https://npr.org/2013/10/22/237196335/getting-federal-benefits-to-gay-couples-its-complicated
  983ab3d26ad7b97fe39a | https://jff.org/blog/skills-based-hiring-alone-wont-advance-racial-equity
  9859a6c614dec4ad2dde | https://williamsinstitute.law.ucla.edu/publications/lgbt-housing-instability
  988ece79b66457654f69 | https://digitalcommons.fairfield.edu/cgi/viewcontent.cgi?article=1058&context=business-facultypubs
  98d73ac4a4ccf6091ed7 | https://ppic.org/blog/promoting-labor-force-opportunities-for-californias-latina-population
  98dac0da412339e97486 | https://ssa.gov/policy/docs/ssb/v62n2/v62n2p59.pdf
  98f40a48d582d56f02e8 | https://ncbi.nlm.nih.gov/books/NBK218240
  99224d0508786007ccfa | https://universityhealth.com/public-health/factors-shaping-health/economic-stability/housing
  99640cd5df9e0bc5835a | https://adata.org/research-brief/higher-education-and-ada
  99950653ffee46f2cd50 | https://generalicentrallife.com/blog/life-insurance/how-health-insurance-premium-varies-by-gender
  99af1948f1c3afd554e9 | https://aclu.org/news/racial-justice/why-access-to-education-is-key-to-systemic-equality
  99c69d53668c6423d6d7 | https://covenanthouse.org/homeless-issues/lgbtq-youth
  99cf9b9167eef6a263ea | https://point32health.org/newsroom/points-of-view/why-men-should-prioritize-preventive-health-care
  9a6522d263fe433722f2 | https://link.springer.com/content/pdf/10.1007/s40615-026-03159-9.pdf
  9a9832e4b17a35949138 | https://publichealth.jhu.edu/2026/new-study-identifies-racial-inequality-in-us-hospital-admissions
  9abdcaaa522304c8940a | https://pmc.ncbi.nlm.nih.gov/articles/PMC10920988
  9acebb2b4972976061b3 | https://jchs.harvard.edu/blog/locked-out-why-homeownership-out-reach-many-young-hispanic-families
  9ad09606649d629f8374 | https://ablelight.org/blog/housing-insecurity
  9b0c1c329af7645b7194 | https://americanprogress.org/article/protecting-advancing-health-care-transgender-adult-communities
  9b1d7a763b31fcd3c2d3 | https://kff.org/wp-content/uploads/2013/01/health-insurance-coverage-and-access-to-care-among-latinos.pdf
  9b963c7fe1f4ff72eb89 | https://pmc.ncbi.nlm.nih.gov/articles/PMC11044728
  9b999a907fd0c2e7d218 | https://journals.sagepub.com/doi/10.1177/00208728251336953
  9bbcec228eccee0de9db | https://employees.crc.losrios.edu/docs/crc/crc-inside/guided-pathways/engaging-latino-parents-in-supporting-college-pathways.pdf
  9c0a750cc99ace348fd9 | https://congress.gov/crs-product/LSB11336
  9c24d2589dfff1c4b2af | https://sciencedirect.com/science/article/abs/pii/S0749379714004966
  9c41a280e48ec02f74f9 | https://equalrightscenter.org/equal-access-hud-2026
  9c434a820b3590ceb180 | https://news.illinois.edu/how-are-lgbtq-people-treated-by-law-enforcement
  9c4b78e37ebc9e7d5597 | https://pmc.ncbi.nlm.nih.gov/articles/PMC4425261
  9c805746e577ff080d0d | https://digitalcommons.providence.edu/cgi/viewcontent.cgi?article=1122&context=sbg
  9c83fec30b1ed70e82ae | https://pmc.ncbi.nlm.nih.gov/articles/PMC5472072
  9c8778bb46fa8eb44702 | https://americanprogress.org/article/recognizing-addressing-housing-insecurity-disabled-renters
  9cb2b8f61c71e0fdfb4d | https://global-solutions-initiative.org/publication/financial-inclusion-for-women-a-way-forward
  9ce2fb171a6bfa4ef5c2 | https://americanbar.org/groups/crsj/resources/human-rights/archive/racial-ethnic-disparities-employer-sponsored-health-coverage
  9d091f0eefab73b697bc | https://transcen.org/top-10-reasons-to-hire-an-applicant-with-a-disability
  9d3617d27a486423fd7f | https://thedecisionlab.com/big-problems/reducing-administrative-burden-in-public-services
  9d51d8bfdd7993f7cabd | https://todaysbank.com/personal/personal-loan-approval-guide
  9d91707d34ac3c96b6fa | https://journals.sagepub.com/doi/10.1177/00380407231182682
  9dc178fec2d13435a140 | https://desertrockcapital.com/blogs/7-factors-that-affect-loan-approval-beyond-your-credit-score
  9df3e09e95a87369af4d | https://crresearch.com/blog/the-hispanic-market-a-strategic-imperative-for-financial-services
  9dff56c58f614b20ee68 | https://medstarhealth.org/blog/racism-patient-safety-action
  9e174cc4ac3524bbc6a6 | https://ivycoach.com/the-ivy-coach-blog/college-admissions/lgbtq-college-admissions
  9e4b49becfb9a382018a | https://sciencedirect.com/science/article/abs/pii/S0047235204000637
  9e50b890fa6e5a6b97f2 | https://counciloncj.org/womens-justice-a-preliminary-assessment-of-women-in-the-criminal-justice-system
  9e59787d2549226d2970 | https://hhs.gov/ocr/lgbtqi/index.html
  9eb560e480a59eafe9b5 | https://dfat.gov.au/sites/default/files/wwb-white-paper-serving-women.pdf
  9ebbff37fe07a5b14a24 | https://money.usnews.com/credit-cards/articles/how-race-affects-your-credit-score
  9ed7de3f14899145bf33 | https://ahrq.gov/news/blog/ahrqviews/delivery-preventive-services.html
  9eeaf114db9ef6a79220 | https://reveliolabs.com/news/macro/are-men-actually-being-left-behind-in-entry-level-hiring
  9eeb49b97abaf12ea3ed | https://researchgate.net/publication/309431934_Causes_of_homelessness_prevalence_Relationship_between_homelessness_and_disability
  9eedf36b5c7ef367f8b7 | https://startdisability.com/perspectives/transgender-apply-ssdi
  9ef36a0ea05744e6d3d9 | https://aclu.org/publications/policing-progress-findings-from-a-national-survey-of-lgbtq-peoples-experiences-with-law-enforcement
  9f78543b2ef115bd6b40 | https://pmc.ncbi.nlm.nih.gov/articles/PMC5060404
  9f983c14d9f5c79c2f1f | https://urban.org/research/publication/why-are-there-gaps-lgbtq-homeownership
  9fbb6af46bf8cb60cf6e | https://learningpolicyinstitute.org/topic/equitable-access-and-opportunity
  9fd7da673f5b1acc1cd9 | https://sciencedirect.com/science/article/abs/pii/S0047235225001941
  9fdaeabdb99914a12d1f | https://niot.org/blog/gender-related-bullying-and-harassment-growing-trend
  9fe580c39d4dd212b1b1 | https://urban.org/racial-equity-analytics-lab/structural-racism-explainer-collection/causes-and-consequences-separate-and-unequal-neighborhoods
  9fea38e3bc84f57df710 | https://womensworldbanking.org/insights/how-womens-financial-inclusion-contributes-to-financial-stability-and-soundness
  a00e70ab94b153c4de64 | https://azcentralcu.org/blog/financial-challenges-latinos
  a073eba0aa00be671cdc | https://ppic.org/publication/key-factors-in-arrest-trends-and-differences-in-californias-counties
  a077b23e13d9b68a0ac6 | https://pmc.ncbi.nlm.nih.gov/articles/PMC12059791
  a090ef80a7ba54d1ba9b | https://hcd.ca.gov/housing-element/building-blocks/people-experiencing-homelessness
  a151b11edce0efaa06fd | https://all4ed.org/future-ready-schools/emerging-practices-guides/ensuring-equity-access-and-inclusion-for-all
  a158d77bb4209e6ebc89 | https://journalcte.org/articles/10.21061/jcte.v22i2.431
  a166231099c7b016c673 | https://law.georgetown.edu/poverty-journal/blog/anti-lgbtq-discrimination-and-barriers-to-accessing-public-benefits
  a16c66827fff4ce57751 | https://equalrightscenter.org/ada-35-inaccessible-housing
  a1a96baa89435942845c | https://transequality.org/issues/employment
  a1b841bdd3bedbeab06f | https://ijoness.com/seo/article/146880/en?language=ru
  a1c8d6517f8c33f9fa84 | https://msm.edu/blog/2019/mens-preventive-care.php
  a1d174236c5e6d89a912 | https://pmc.ncbi.nlm.nih.gov/articles/PMC7878644
  a1edd4fded40829415c8 | https://lotushouse.org/wp-content/uploads/2023/09/Women-and-Children-Experiencing-Homelessness-Fact-Sheet.pdf
  a230367ea6aac7554879 | https://vera.org/news/transgender-people-at-higher-risk-for-justice-system-involvement
  a24a91c0bcbc3fbe2ee3 | https://justia.com/employment/employment-discrimination/transgender-discrimination
  a2f0ade383c82c4d7b2e | https://nationalfairhousing.org/wp-content/uploads/2017/04/NFHA-credit-scoring-paper-for-Suffolk-NCLC-symposium-submitted-to-Suffolk-Law.pdf
  a2fd4202003c6ae51dbe | https://transequality.org/issues/police-jails-prisons
  a3298fa461d7261e188d | https://pmc.ncbi.nlm.nih.gov/articles/PMC10680023
  a3761aeb4dd82de7c7bf | https://youtube.com/watch?t=171&v=XhZxwOdnzS4
  a39b991c2855b0ac1ebf | https://nationaldisabilityinstitute.org/wp-content/uploads/2019/11/ndi-banking-report-2019.pdf
  a39ebc8b7647ae97da07 | https://rsfjournal.org/content/10/4/173
  a3cb826ce54d4f52447e | https://ghlf.org/chronic-illness/insurance-health-care-rights-lgbtq
  a3ef3744be08ec079821 | https://nccdh.ca/resources/entry/the-four-pillars-of-housing-influencing-health-equity
  a440ac1996fbeabd926c | https://openscholarship.wustl.edu/cgi/viewcontent.cgi?article=1978&context=csd_research
  a45fb8789a5137377116 | https://blog.massmutual.com/planning/financial-benefits-of-lgbtq-marriage
  a4899c35a105d14f5d2e | https://cdr.lib.unc.edu/downloads/2514p153r
  a4c40a71d8be0a339feb | https://phenom.com/blog/job-application-gender-gap-revealed-univ-pitt-research-study
  a4cb070295d5566286b6 | https://pmc.ncbi.nlm.nih.gov/articles/PMC11967299
  a4fabb274b8f262e3f40 | https://profiles.umsl.edu/ws/portalfiles/portal/39865955/Culturally%20appropriate%20CC%20with%20lbgt.pdf
  a50b21d79c5179336819 | https://ed.gov/laws-and-policy/civil-rights-laws/disability-discrimination/disability-discrimination-key-issues/disability-discrimination-bullying-and-harassment
  a50e50a684921460d76e | https://pmc.ncbi.nlm.nih.gov/articles/PMC8954758
  a51104c820545e87c43a | https://tandfonline.com/doi/full/10.1080/00131911.2024.2325066
  a54c0ecd7d0e5e450005 | https://mapresearch.org/file/lgbt-older-adults-and-social-security.pdf
  a58ae1a657f6f0e5c1de | https://homewellcares.com/blogs/mens-health-month-the-importance-of-preventive-care
  a59ecd06a34d35790f09 | https://elibrary.imf.org/view/journals/001/2024/150/article-A001-en.xml
  a5b4ea2a4c1df096398d | https://my.neighbor.org/women-experiencing-homelessness
  a5c91995ecf0bd2cddd1 | https://docs.iza.org/dp15285.pdf
  a5ef3321a99ddbcaf5a1 | https://pmc.ncbi.nlm.nih.gov/articles/PMC7430435
  a62e9766b3d4787d4b6f | https://vera-institute.files.svdcdn.com/production/downloads/publications/for-the-record-unjust-burden-racial-disparities.pdf
  a6521bc05a4d4f69140f | https://cbpp.org/research/income-security/tanf-policies-reflect-racist-legacy-of-cash-assistance
  a667b37e064ad7c02fb5 | https://ewa.org/issues/higher-ed/what-are-some-of-the-barriers-to-college-access
  a673f827bd8515c2fb12 | https://peacehealth.org/healthy-you/preventive-care-different-when-youre-trans-what-know
  a6803a9e72c63b33aa85 | https://info.jff.org/end-occupational-segregation
  a68f210f3811c9cb02ed | https://cgdev.org/sites/default/files/women-and-credit-narrative-review-low-and-middle-income-countries.pdf
  a69b149bd0e234c59396 | https://minorityhealth.hhs.gov/hispaniclatino-health
  a6ade2be0ee7fa8203cc | https://uchicagomedicineadventhealth.org/blog/5-common-health-conditions-affect-hispanic-communities
  a6b8d692e6407a9cfa1f | https://tc.columbia.edu/articles/2024/april/data-reveals-new-insights-on-transgender-workplace-experiences
  a6b906fffbdf5f42d46e | https://scholarworks.wmich.edu/cgi/viewcontent.cgi?article=3074&context=jssw
  a6bf19006766d6ff50ad | https://genderconfirmation.com/blog/3-ways-transgender-community-benefits-affordable-care-act
  a6f1907062861a245525 | https://lendkey.com/lend/blog/digital-lending-insights/credit-unions-and-the-hispanic-community-a-path-to-mutual-growth
  a776b6bad147302b018b | https://williamsinstitute.law.ucla.edu/press/ca-police-stops-press-release
  a7cf0b22818db2d966af | https://pmc.ncbi.nlm.nih.gov/articles/PMC7916133
  a7e14aec13b41a4f1ba7 | https://pmc.ncbi.nlm.nih.gov/articles/PMC8874838
  a801150bbccdbb32d4b0 | https://pressley.house.gov/2023/03/31/pressley-unveils-bill-to-make-credit-reporting-system-more-inclusive-for-trans-nonbinary-folks
  a825bae71ec7d1610ec0 | https://sk.sagepub.com/ency/edvol/the-sage-encyclopedia-of-psychology-and-gender/chpt/bullying-genderbased
  a82e3d5f389879509e46 | https://investopedia.com/lgbtq-credit-barriers-7510340
  a84db898e6fe1dbfea30 | https://mostpolicyinitiative.org/science-note/education-opportunity-gaps
  a8b67274cc56646ae0da | https://linkedin.com/pulse/impact-hispanics-workforce-cultivating-diversity-through-djowc
  a8eef9c698e9fcc9060e | https://pmc.ncbi.nlm.nih.gov/articles/PMC5731542
  a91e4cf8ff12a6578aea | https://pmc.ncbi.nlm.nih.gov/articles/PMC8325532
  a941db55862321b90a47 | https://pmc.ncbi.nlm.nih.gov/articles/PMC1070923
  a944aa12d380fa89dee4 | https://feed.georgetown.edu/access-affordability/declining-male-enrollment-has-left-many-schools-seeking-gender-parity
  a97c045ae1bed39a5cc2 | https://pubmed.ncbi.nlm.nih.gov/28266148
  a995639359a46e02c0aa | https://pmc.ncbi.nlm.nih.gov/articles/PMC10937607
  a9ab5d0d8486765a4ec9 | https://kff.org/womens-health-policy/lgbt-peoples-health-status-and-access-to-care
  a9d286ddba82123557a0 | https://digitalforwomen.worldbank.org/access-finance
  aa05df10f321b7abd1af | https://pmc.ncbi.nlm.nih.gov/articles/PMC13113952
  aa5bf32981c0fae8dd6b | https://get2college.org/updates/working-with-students-with-disabilities-in-college-access
  aaa94ac886e2f7723b50 | https://journals.sagepub.com/doi/10.1177/00957984251319661
  aad3a83add8429842a35 | https://mckinsey.com/capabilities/people-and-organization/our-insights/women-in-the-workplace
  ab1c464851efbf043f26 | https://archive.news.ufl.edu/articles/2016/12/the-disturbing-connection-between-bullying-and-sexual-harassment-1.html
  ab1f631c394c47d5085b | https://healthecareers.com/career-resources/soft-skills/how-to-discuss-preventative-care-with-transgender-patients
  ab2980923092b585803a | https://equalrights.org/issue/economic-workplace-equality/discrimination-at-work
  ab2d26ba96efefa8b0f4 | https://latino.ucla.edu/press/regional-workforce-trends-for-latinos-across-california
  ab4f3460e91143dc371e | https://foundationfinance.com/what-factors-influence-financing-approval
  aba5aaadb3c4dde65ec6 | https://pmc.ncbi.nlm.nih.gov/articles/PMC9127679
  abac2edf00b923102072 | https://youtube.com/watch?t=1653&v=9_pMrBhrRWY
  abb75387b39b8cc46df5 | https://pmc.ncbi.nlm.nih.gov/articles/PMC10986209
  abcda7ac0179481466dd | https://congress.gov/crs-product/IF11631
  abcdbb4756523e849cb7 | https://traumainformedhousing.poah.org/housing-stability
  abdd7e817a50172e817d | https://pmc.ncbi.nlm.nih.gov/articles/PMC12399855
  ac1646a60154b4667582 | https://pmc.ncbi.nlm.nih.gov/articles/PMC12234001
  ac273bdcd3159738962a | https://youtube.com/watch?t=21&v=5uCpOkY07So
  ac3eeb580aa80a940d14 | https://cbpp.org/research/health/states-can-reduce-medicaids-administrative-burdens-to-advance-health-and-racial
  acb929a0da25e083e369 | https://nilc.org/resources/overview-immeligfedprograms
  acccddd2479bfd51c332 | https://pmc.ncbi.nlm.nih.gov/articles/PMC4699677
  ace66c055fd02a7ee14f | https://open.clemson.edu/all_dissertations/1204
  acf477e8594eaa7b7ab8 | https://shelteringgrace.org/the-factors-fueling-homelessness-among-women-and-children
  ad3d06d004138f665a84 | https://disabledperson.com/careeer-development-pwd
  ad9fddec7ff4370b4d31 | https://happen.com/resource-center/personal-loan/5-factors-that-may-affect-personal-loan-approval
  adb255cda800bfa1449b | https://americanprogress.org/article/disabled-behind-bars
  adcabab0e75d00bd23a2 | https://americanprogress.org/article/how-dehumanizing-administrative-burdens-harm-disabled-people
  addae0e8603f6269be2f | https://linkedin.com/pulse/banking-accessibility-inclusion-keith-delle-donne-qqwtc
  ade222160499d6653aaa | https://icrowdnewswire.com/2023/07/13/what-you-need-to-know-about-lgbtq-credit-barriers
  adf96716e722e75aec83 | https://pubmed.ncbi.nlm.nih.gov/26270385
  ae00c01da7f23888b031 | https://journalofsocialsciences.org/article/breaking-the-binary-in-academia-a-systematic-review-on-the-barriers-facing-transgender-students-in-higher-education
  ae15664cbd5d0f0fc01f | https://pmc.ncbi.nlm.nih.gov/articles/PMC9731338
  ae1adeb47be57a26c35c | https://ncbi.nlm.nih.gov/books/NBK596380
  ae8d3ba9a2f2126f5c85 | https://equityinhighered.org/
  aef4dc84430cbfbd9535 | https://pmc.ncbi.nlm.nih.gov/articles/PMC12083779
  af230edcd03dd54b70ee | https://endhomelessness.org/resources/toolkits-and-training-materials/supporting-homeless-transgender-and-and-gender-nonconforming-youth
  af48addc4a4c7bb68600 | https://endhomelessness.org/blog/homelessness-and-black-history-poverty-and-income
  afa8d5a97d09ced9bf35 | https://hopecu.org/articles/breaking-barriers-overcoming-financial-challenges-in-the-hispanic-community
  afb8d3dcd565a02e0684 | https://sciencedirect.com/science/article/abs/pii/S0889158318300650
  b045cd89b163c8376fef | https://lexology.com/library/detail.aspx?g=52f558d3-eb64-4c55-88ae-d07ee3e7114f
  b084a4d5d37cb7622d1a | https://rstreet.org/research/from-victim-to-defendant-how-justice-falls-short-for-women
  b087dfdad5ed4fe3b134 | https://bajajfinserv.in/insurance/what-are-the-factors-affecting-health-insurance-premium
  b0c20780f85bb37d7739 | https://medicaid.gov/federal-policy-guidance/downloads/cib11092023.pdf
  b12366e25d0ef879c46d | https://brookings.edu/articles/college-enrollment-gaps-how-academic-preparation-influences-opportunity
  b1367b13f46727ea0584 | https://endhomelessness.org/state-of-homelessness
  b15563231d9676fc035f | https://instagram.com/reel/DYUp_zZKroN
  b2cd27f56c7016d2a6a6 | https://youtube.com/watch?t=50s&v=BAo7bxMuzOQ
  b2d11d9a93f5f01ae9b2 | https://journals.plos.org/plosone/article/file?id=10.1371%2Fjournal.pone.0290016&type=printable
  b32885f00f9c9e2810d7 | https://hpri.usc.edu/homeless_research/latinx-homelessness-in-los-angeles
  b35c2921a0e1b37e2acc | https://justiceinaging.org/supporting-lgbtq-older-adults-basic-needs
  b364864f741a35bbd532 | https://tandfonline.com/doi/full/10.1080/16549716.2024.2342634
  b36f86301db1611f9677 | https://pmc.ncbi.nlm.nih.gov/articles/PMC4890541
  b39b3920de4e414f2a91 | https://arauniversity.org/harassment-workplace
  b415aff01f32a8fbf76b | https://cbpp.org/research/lessons-churned-measuring-the-impact-of-churn-in-health-and-human-services-programs-on
  b4248e40fd879cb21e3a | https://crr.bc.edu/black-workers-rely-more-on-federal-disability
  b4e00c9b532c436307c9 | https://benefitscal.com/Help/program/calworks/HCPDE?lang=en
  b4e995b3fe6b826a44d0 | https://bja.ojp.gov/library/publications/understanding-police-decisions-arrest-impact-situational-officer-and
  b506e3ea3f0a2fb4f1f3 | https://cfr.org/legal-barriers/barriers/building_credit
  b512fd721953bfca7526 | https://vorwerkforensic.com/gender-disparities-in-the-criminal-justice-system
  b5949564f5eafc4c8e3e | https://latino.ucla.edu/research/supplemental-nutrition-in-jeopardy-key-facts-about-calfresh-beneficiaries
  b6194642598ae5b8fe8a | https://cjcj.org/media/import/documents/latina_exposure.pdf
  b633cc3bae7473d250c7 | https://aspe.hhs.gov/reports/disabled-their-health-care-health-insurance-0
  b666fc455452e8dfd702 | https://commonwealthfund.org/publications/fund-reports/2024/apr/advancing-racial-equity-us-health-care
  b6b6635d8e55a2430721 | https://kaplanpathways.com/blog/4-ways-title-ix-expanded-women-access-to-us-higher-education
  b701cbcde94334c5235a | https://study.com/academy/lesson/video/the-arrest-process-definition-steps.html
  b725067993e874a35607 | https://19thnews.org/2023/07/credit-hurdles-transgender-nonbinary-fetterman-smith-bill
  b73834292b6ee3298bc9 | https://pmc.ncbi.nlm.nih.gov/articles/PMC4940635
  b73a8a051e0ff7b1fec9 | https://naceweb.org/career-development/trends-and-predictions/understanding-students-racialized-experiences-with-career-services
  b7501cb300491e9a3461 | https://prisonpolicy.org/blog/2024/12/19/policing_survey_2022
  b7569dd5dd7ba7bea2f1 | https://prisonpolicy.org/reports/repeatarrests.html
  b77d7fd8053e5fbe6f2b | https://pinyerdlaw.com/ssdi-approval-rates-by-condition
  b795f3c3ac2c6f7992e9 | https://chrc-ccdp.gc.ca/resources/newsroom/joint-news-release-new-data-highlights-troubling-housing-inequalities-people
  b7a3e143339ef1b70344 | https://psnet.ahrq.gov/perspective/patient-safety-concerns-and-lgbtq-population
  b7c998a266298a228465 | https://medresearch.umich.edu/sites/default/files/2024-06/RRTC-Evaluating-Housing-Concerns.pdf
  b7d1670cf07474ee54b7 | https://lgbtq-economics.org/research/leaf-report-2023
  b7e2f6009fd7080a669b | https://kff.org/medicaid/a-look-at-medicaid-and-chip-eligibility-enrollment-and-renewal-policies-during-the-unwinding-of-continuous-enrollment-and-beyond
  b7ff661b9d6ab0396700 | https://unitedwaynca.org/blog/causes-of-homelessness
  b8c3033dc5038838e977 | https://pmc.ncbi.nlm.nih.gov/articles/PMC7415496
  b8dc70fc1ea02947da37 | https://today.ucsd.edu/story/closing-gender-gaps-in-career-advancement
  b8f705f8e02301d19d38 | https://sciencedirect.com/science/article/abs/pii/S0047272725000994
  b934157df7b8d5def47c | https://epi.org/publication/racial-representation-prof-occ
  b97cba4c529844cb4856 | https://americanprogress.org/article/african-americans-face-systematic-obstacles-getting-good-jobs
  b995a1755a4563f06a1b | http://sciencedirect.com/science/article/pii/S074937972500724X
  b99ab0c967ba34aafb36 | https://jbhe.com/2021/11/study-finds-persisting-racial-inequality-in-access-to-financial-services-and-credit
  b99bf2b0985accb4b1c7 | https://williamsinstitute.law.ucla.edu/press/law-enforcement-lgbtq-interactions
  b9a2e1e2d43afe516517 | https://psychology.town/psychosocial-issues-in-disability/career-development-strategies-disabilities
  ba2fb1756466984f1a62 | https://pmc.ncbi.nlm.nih.gov/articles/PMC10595555
  ba528d1b08bc8eff35fc | https://stkate.edu/academics/healthcare-degrees/lgbtq-health-discrimination
  ba5d3d442b0a1768e239 | https://cbpp.org/research/health/health-coverage-rates-vary-widely-across-and-within-racial-and-ethnic-groups
  ba9601ba3187219f86e9 | https://uscis.gov/archive/public-charge-resources-0
  babc6f854c065a43c0f9 | https://commonwealthfund.org/publications/issue-briefs/2025/jun/reducing-medicaid-churn-policies-promote-stable-health-coverage
  bb089094d1ee8ec7602a | https://goodmorningamerica.com/news/story/digital-black-owned-bank-aims-tackle-economic-injustice-74952549
  bb15ff9aa2c4626a8196 | https://bostonfed.org/news-and-events/news/2021/11/racism-and-the-economy-barriers-to-financial-services-perpetuate-economic-gaps.aspx
  bb41cf60f43c8543d34a | https://facebook.com/groups/2544518709193401/posts/3467675626877700
  bb46b2d5419879584e9e | https://transequality.org/issues/housing-homelessness
  bb57ffcedce05262840e | https://workrisenetwork.org/working-knowledge/who-gets-what-job-taking-racial-equity-approach-improving-job-quality
  bb658db72ca850fd91bc | https://sciencedirect.com/science/article/pii/S0305750X2600207X
  bc29b1badb4f6253e3e0 | https://luminafoundation.org/news-and-views/from-access-to-value-community-colleges-expand-pathways-for-hispanic-students
  bc54e85d6d8440974570 | https://ssa.gov/policy/docs/ssb/v66n3/v66n3p29.html
  bc777d1fe70b343beb2e | https://calltherightattorney.com/blog/2025/10/what-does-a-racially-hostile-workplace-look-like-for-white-employees
  bc8323ebec11ac886d98 | https://lemoinelawfirm.com/top-10-signs-you-will-win-disability-benefits
  bc85f1dda4f31ca165b6 | https://pmc.ncbi.nlm.nih.gov/articles/PMC12224705
  bc92040f256ea384455f | https://luminafoundation.org/news-and-views/hispanic-students-can-shape-our-future-if-we-reshape-college
  bc924aabe7fc0370126a | http://digitalforwomen.worldbank.org/access-finance
  bc98944e69030adfe352 | https://urban.org/urban-wire/more-frequent-medicaid-redeterminations-would-reduce-health-insurance-coverage-and
  bc9cdc640dedae1596fa | https://pmc.ncbi.nlm.nih.gov/articles/PMC6497454
  bcfb486240470019d4d2 | https://kff.org/medicaid/5-key-facts-about-medicaid-coverage-for-people-with-disabilities
  bd37a3075a95ef31a4dc | https://clasp.org/blog/the-racist-roots-of-work-requirements-in-public-benefits-programs
  bd54eae3a3802c3d2e09 | https://ebsco.com/research-starters/politics-and-government/housing-stability
  bd56dadb0bc354647b9a | https://pmc.ncbi.nlm.nih.gov/articles/PMC8483182
  bd71aa7770417752b96a | https://pmc.ncbi.nlm.nih.gov/articles/PMC10172218
  bd7cb5a3d3afffcff463 | https://ncbi.nlm.nih.gov/books/NBK566074
  bd947d11558fdc320cb4 | https://localmemphis.com/article/news/nation-world/black-latino-students-educational-opportunity-disadvantaged/507-2931df2b-135d-4a3d-82a7-babaf5ba6f88
  bd97c4dec4c50f1c8b2e | https://pmc.ncbi.nlm.nih.gov/articles/PMC9341318
  bdaa34ffb482d120fc13 | https://employerscouncil.org/resources/examination-gender-bias-hiring
  bdf4c023e365c3621117 | https://hcd.ca.gov/policy-and-research/intersectional-policy-work/people-disabilities
  bdf6bff6d5105c74961c | https://pmc.ncbi.nlm.nih.gov/articles/PMC8559954
  be13b671adee6c87bfe5 | https://pubmed.ncbi.nlm.nih.gov/9883305
  be234be0c6f108b7bad4 | https://latino.ucla.edu/research/state-of-latinos-in-ca-2026
  be3c5dafefaff39d8b1e | https://pmc.ncbi.nlm.nih.gov/articles/PMC11673515
  be6d810d2af29ec33991 | https://medicarerights.org/medicare-watch/2026/10/01/whats-at-stake-in-2026-medicaid-cuts
  be825617309bb8283d04 | https://nlc.org/article/2023/03/21/housing-for-women-female-headed-households
  bebe0da5ba5a1ec2934b | https://latino.ucla.edu/press/ucla-lppi-study-sheds-light-on-rising-homelessness-crisis-among-latinos-in-los-angeles-county
  bf6519cd91101b539b26 | https://rennepubliclawgroup.com/investigating-same-culture-bias-with-spanish-speaking-employees
  bf90e3b3bba7319379f8 | https://urban.org/urban-wire/no-cops-pride-how-criminal-justice-system-harms-lgbtq-people
  bfb0936b068835d3f5d5 | https://researchspace.auckland.ac.nz/server/api/core/bitstreams/3a04acdb-1881-487f-bd05-f9e846269140/content
  bfb13fb39d38d8475379 | https://williamsinstitute.law.ucla.edu/publications/higher-ed-people-of-color
  bfb82191c93889daa445 | https://onlinelibrary.wiley.com/doi/10.1111/ssqu.13483?af=R
  bfe017b5f35c81e15fcb | https://nytimes.com/2023/09/08/magazine/men-college-enrollment.html
  bfe7a01e0a177e8ffbd1 | https://pubmed.ncbi.nlm.nih.gov/26131944
  bfee1781a9ca6ba6416a | https://journals.uchicago.edu/doi/10.1086/717298
  bfee2b766aa6f52110fa | https://youtube.com/watch?v=YhaTyOY5eHM
  c00a35542b0181ce61e5 | https://caf.com/en/currently/news/women-are-less-likely-to-access-consumer-credit
  c088e3f5d93ab9408974 | https://pmc.ncbi.nlm.nih.gov/articles/PMC11731762
  c0cf20b0f8be1896c96b | https://ncbi.nlm.nih.gov/books/NBK241578
  c0e93a457b5e58b3fe32 | https://home.treasury.gov/news/featured-stories/post-5-racial-differences-in-educational-experiences-and-attainment
  c10006e574bd63519a81 | https://search.proquest.com/openview/14d68d4ac7af20552d3c10b328887aff/1?cbl=48144&pq-origsite=gscholar
  c16a3084f1f4de70ad2b | https://pmc.ncbi.nlm.nih.gov/articles/PMC11982999
  c172665575ca399f8795 | https://journals.sagepub.com/doi/10.1177/10986111251372007
  c17454845bd8c8b65765 | https://ncbi.nlm.nih.gov/sites/books/NBK19909
  c17a26bf4da7ccea16f3 | https://aecf.org/resources/race-matters-how-race-affects-education-opportunities
  c18cd4ec74d89aa60c5b | https://scholarlycommons.henryford.com/nursing_articles/6
  c18ed2d545745bc8d1fb | https://rcej.scholasticahq.com/article/142768-infusing-disability-into-a-career-development-course
  c1e8bf4de2827a90cf75 | https://brookings.edu/articles/unequal-opportunity-race-and-education
  c242f1cdb04e394147a6 | https://prisonpolicy.org/reports/pie2025.html
  c2b19306eae4859c3625 | https://cnbc.com/2019/03/08/linkedin-study-reveals-why-men-are-more-likely-to-get-noticed-by-job-recruiters-than-women.html
  c2d21894a9bef1afe689 | https://torontocentre.org/index.php?Itemid=99&id=33&option=com_content&view=article
  c2d4b52c7e7470179ca0 | https://pmc.ncbi.nlm.nih.gov/articles/PMC10910491
  c2e48bd17b4eabb44721 | https://pmc.ncbi.nlm.nih.gov/articles/PMC9913751
  c2e5bbebb15177ec589e | https://ncd.gov/report/2023-progress-report-toward-economic-security-the-impact-of-income-and-asset-limits-on-people-with-disabilities
  c35c4ee415e799cc1352 | https://pmc.ncbi.nlm.nih.gov/articles/PMC13017733
  c378ab290784b331a1b6 | https://sciencedirect.com/science/article/pii/S074937972500724X
  c41f958d8ad81cdffad3 | https://longdom.org/open-access/the-causes-and-solutions-of-educational-disparities-are-discussed-in-inequality-opportunities-110067.html
  c423b1208c854e815fc8 | https://justice.gov/jm/1-16000-department-justice-policy-use-force
  c456b2b0275ce345b106 | https://ballardbrief.byu.edu/issue-briefs/educational-disparities-among-racial-and-ethnic-minority-youth-in-the-united-states
  c4b476e848e3c5962bfb | https://carleton.edu/accessibility-resources/newsletter/disability-and-homelessness-in-america
  c4c0909074eaad74d2e2 | https://sciencedirect.com/science/article/abs/pii/S0749379710001777
  c4ca4f1281a58c8b052a | https://commonwealthfund.org/publications/issue-briefs/2023/mar/inequities-coverage-access-black-hispanic-adults
  c4e24e6347b9aa5690d9 | https://providentcu.org/blog/news/5-key-factors-that-impact-your-credit-score
  c4f70e75944599302aee | https://nwlc.org/what-snap-really-means-for-women-and-families-of-color
  c5289737e03e107c70a9 | https://stopbullying.gov/bullying/special-needs
  c534c4f2d9c8bca8d6fe | https://pmc.ncbi.nlm.nih.gov/articles/PMC10623889
  c54cc39aed7d1b37afab | https://dl.acm.org/doi/full/10.1145/3769994.3770011
  c559804906d1da63be17 | https://mecklenburghousingdata.org/frontpage-article/addressing-lgbtq-homelessness-challenges-disparities-and-promising-practices
  c569679189d7d108c311 | https://facebook.com/centeronbudget/posts/too-many-eligible-families-lose-snap-because-of-paperwork-and-procedural-hurdles/1537135861787808
  c5ab63f556c42142c403 | https://tandfonline.com/doi/full/10.1080/13603108.2024.2381121
  c5b6989467a64bb51fbf | https://ebsco.com/research-starters/politics-and-government/employment-among-latinos
  c5f72a44bbb892505812 | https://thetrevorproject.org/research-briefs/how-state-policy-affects-the-well-being-and-relocation-of-lgbtq-young-people
  c605c43db3423bd3f043 | https://opportunityhome.org/wp-content/uploads/2020/10/Final-Racial-Equity-Page-Fact-Sheet.pdf
  c698911fb951287c890f | https://aeaweb.org/research/discriminatory-lending-lab-turkey
  c6d4ef26f2b276716b56 | https://nelp.org/insights-research/why-women-need-a-stronger-unemployment-insurance-system
  c6d9d01f7fe11ddc4a58 | https://umass.edu/public-health-sciences/news/minorities-free-preventive-healthcare-denied
  c6f1bbfaa5574615f075 | https://pmc.ncbi.nlm.nih.gov/articles/PMC5678390
  c6fe6da5ad2da156d1e0 | https://hks.harvard.edu/faculty-research/policy-topics/social-policy/does-reducing-stigma-increase-participation-benefit
  c750f831dc4d602fc60f | https://psrc-yh.nihr.ac.uk/research-themes-partners/patient-involvement-in-patient-safety/our-projects/exploring-patient-safety-for-people-with-learning-disabilities
  c753747c82241151ec69 | https://wdsu.com/article/medicaid-transgender-minors-gender-affirming-care/73411004
  c773d4e08fa48337c774 | https://wol.iza.org/articles/how-to-improve-participation-in-social-assistance-programs/long
  c7981730bec2a2492351 | https://youtube.com/watch?t=481&v=sIDoSDzuo-M
  c7ef9a2f0dc0339859be | https://williamsinstitute.law.ucla.edu/publications/lgbt-workplace-discrimination
  c7f58fc9301946a3a791 | https://pmc.ncbi.nlm.nih.gov/articles/PMC9603724
  c82a33b24041f742beed | https://law.stanford.edu/wp-content/uploads/2024/06/2024-Bias-Criminal-Legal-System.pdf
  c8391cbfd362636679c2 | https://researchgate.net/publication/344487314_Factors_Affecting_Women%27s_Participation_in_Career_A_Systematic_Review
  c8790fcbc603a7b1e461 | https://cavignac.com/blog/risk-factors-for-harassment-in-the-workplace
  c8847313a26f23c32591 | https://cbpp.org/blog/more-frequent-medicaid-renewals-would-increase-errors-and-lead-eligible-people-to-lose-health
  c8a9f927637366b322dd | https://mapresearch.org/file/lgbt-criminal-justice-trans.pdf
  c8cc815b8b0f2b230563 | https://elker.com/articles/5-risk-factors-for-sexual-harassment-in-the-workplace
  c8ddd91a04078e64f515 | https://insidehighered.com/news/students/diversity/2024/10/23/latino-students-face-major-obstacles-while-college
  c8f75fa40a9c8c0a45c3 | https://pmc.ncbi.nlm.nih.gov/articles/PMC9933811
  c90037f1d42eff2cc0f3 | https://macfound.org/press/grantee-news/examining-the-justice-systems-impact-on-disabled-people
  c92e31c335f926a63c42 | https://nn4youth.org/learn/lgbtq-homeless-youth
  c9f772f81cb675a19649 | https://vox.com/policy/379467/welfare-administrative-burdens-time-tax
  ca29ea4b81421de617f8 | https://theconversation.com/children-facing-racist-bullying-at-school-need-support-from-teachers-but-many-dont-get-it-196180
  ca6e6e25d3dbdd873b33 | https://pmc.ncbi.nlm.nih.gov/articles/PMC7899057
  ca792280327c949d4ed7 | https://cbpp.org/research/poverty-and-inequality/2025-budget-stakes-cuts-would-widen-economic-disparities-for-many
  ca97f26a3729fdef16be | https://journals.sagepub.com/doi/10.1177/14705958231180044?int.sj-abstract.similar-articles.8=
  cab70c6cd5488a2612ee | https://upward-mobility.urban.org/framework/neighborhoods/stability
  caba3dd1d554ce973c05 | https://pmc.ncbi.nlm.nih.gov/articles/PMC8916710
  caeed945925c9cb819a4 | https://journals.sagepub.com/doi/10.1177/23780231211054641
  caf34933050d2fccae9f | https://opportunityhome.org/resources/racial-equity-housing
  caf483a71c18e008ff6e | https://files.eric.ed.gov/fulltext/EJ992995.pdf
  cb3a903b7d785dfd740f | https://pmc.ncbi.nlm.nih.gov/articles/PMC12306465
  cb3d5dc4205bdaef83c4 | https://goodwinrecruiting.com/blog/the-positive-impact-of-black-history-month-on-hiring-practices
  cb8a234f2713209a8b7d | https://congress.gov/crs-product/R45979
  cbb2f8b610e05d9599b2 | https://ere.net/articles/ways-to-remove-barriers-to-hiring-people-with-disabilities
  cbb39bedea470d911f4b | https://prisonpolicy.org/scans/LatinoReport_lowres_6.17.14.pdf
  cbda6e6175e872748898 | https://youtube.com/watch?t=1s&v=-4EbTEjvQyw
  cbdd8c792afab59cfab3 | https://highereddive.com/news/diversity-college-admissions-enrollment-nacac-2025/760807
  cbe46fa6d95b06ea199e | https://insidehighered.com/news/student-success/health-wellness/2024/08/27/how-institutional-practices-can-impact-lgbtq
  cc05d39907ee81694cd2 | https://youtube.com/watch?v=68yf3xouXc8
  cc9dcbbde2b02a9d181e | https://chcs.org/media/Aligning-Work-Requirements-Across-SNAP-and-Medicaid-to-Support-Public-Benefit-Continuity.pdf
  ccd779ecf2bb10969dd9 | https://justia.com/employment/employment-discrimination/ethnicity-discrimination
  ccd9104dbbc5ffcb0994 | https://williamsinstitute.law.ucla.edu/press/trans-higher-ed-press-release
  cd3ad747b1007c7f2070 | https://cgdev.org/blog/women-policymaking-why-it-matters
  cd450bdd1b75f3cc1a67 | https://journals.sagepub.com/doi/10.1177/0093854897024002002
  cd461de5272cc0d1bc58 | https://journals.sagepub.com/doi/10.1177/00187267261480591
  cd7b714f97499d88fd86 | https://crownschool.uchicago.edu/student-life/advocates-forum/workplace-discrimination-and-undocumented-first-generation-latinx
  cddef8c5ffafde5490cd | https://pmc.ncbi.nlm.nih.gov/articles/PMC12573526
  cde5cccc4a7a8817ea28 | https://pttcnetwork.org/wp-content/uploads/2023/06/PTTC-CJS-Mini-eBook-ENG.pdf
  ce21617ae3bbdc62e052 | https://journals.sagepub.com/doi/10.1177/136346099002004004
  ce53d37fd267f6fd730d | https://phaidoninternational.com/blog/2021/06/5-ways-recruiters-can-be-a-lgbtq-plus-career-ally
  ce5ff1a3c2f8b5f18a9c | https://endhomelessness.org/resources/research-and-analysis/housing-instability-among-gender-expansive-people-and-paths-forward
  ce633f45d56010c18eab | https://pewresearch.org/social-trends/2023/05/17/diversity-equity-and-inclusion-in-the-workplace
  ce90a04b09d8619c4585 | https://steinhardt.nyu.edu/metrocenter/research-evaluation/section-3-practices-support-college-access-college-readiness
  ceaae4f8b0c7affb4b99 | https://onlinelibrary.wiley.com/doi/10.1111/puar.13497
  ceed92ed77c30d9ea473 | https://patientsafetylearning.org/blog/womens-health-and-patient-safety-accelerating-action-in-four-key-areas
  cef035ad45aaba1c01db | https://mayfieldis.com/blogs/factors-that-influence-health-insurance-premiums
  cef3cf56f30c17ebf1cc | https://blog.neogov.com/are-asian-and-hispanic-applicants-less-likely-to-land-certain-government-jobs-due-to-bias
  cf1fe57adb31f65a2c38 | https://census.gov/newsroom/blogs/random-samplings/2015/09/another-difference-between-the-sexes-health-insurance-coverage-3.html
  cf31ee7243e59e1d2173 | https://clasp.org/blog/centering-black-women-in-the-fight-for-safe-jobs
  cf4634cb4263facaa3e2 | https://kff.org/uninsured/characteristics-of-remaining-uninsured-men-and-potential-strategies-to-reach-and-enroll-them-in-health-coverage
  cf6e50ed8ab733829e10 | https://digitalcommons.liberty.edu/cgi/viewcontent.cgi?article=8700&context=doctoral
  cfa5b8762afbcf250fc8 | https://tcf.org/content/report/advancing-health-equity-for-black-communities-through-insurance-reform
  cfac0b7c1daa05d5c865 | https://pmc.ncbi.nlm.nih.gov/articles/PMC11196069
  d02fec0d45ede1aebf9b | https://cbpp.org/research/health/using-snap-data-for-medicaid-renewals-can-keep-eligible-beneficiaries-enrolled
  d0360b24d3028475c5ab | https://huduser.gov/portal/sites/default/files/pdf/What-We-Know-About-Mortgage-Lending-Discrimination-in-America.pdf
  d0535f747cd36a56b206 | https://psnet.ahrq.gov/perspective/ensuring-patient-and-workforce-safety-culture-healthcare
  d07b1dc58fe64c76c317 | https://csgjusticecenter.org/2021/10/12/how-are-hispanic-individuals-represented-in-the-criminal-justice-system
  d08871979fe50398d067 | https://digitalcommons.calpoly.edu/cgi/viewcontent.cgi?article=1010&context=coe_dean
  d0a2e47b781a5510d7c7 | https://sentencingproject.org/policy-brief/incarcerated-lgbtq-adults-and-youth
  d1025717ea2c9f02b03e | https://tandfonline.com/doi/full/10.1080/02673037.2015.1021768
  d113853cc47464af7204 | https://williamsinstitute.law.ucla.edu/press/latinx-workplace-press-release
  d12542251792c0056117 | https://openscholarship.wustl.edu/cgi/viewcontent.cgi?article=2004&context=csd_research
  d15b9f7bf89c2f70a561 | https://kff.org/womens-health-policy/womens-experiences-with-preventive-and-health-care-services-findings-from-the-2024-kff-womens-health-survey
  d15bd38bb286f6f59498 | https://partnersforjustice.org/evidence/public-benefits-access-and-the-criminal-system
  d170e49ee5530c51beed | https://ednc.org/bullying-another-challenge-students-disabilities
  d172ba666565b5ea7b41 | https://aclrc.com/education-programs/resources-for-teachers/bullying/bullying-and-lgbt-students
  d1890756a60b73ad1abd | https://ama-assn.org/system/files/transgender-coverage-issue-brief.pdf
  d18a130a1e025c5d6ac2 | https://jennifertardy.com/linkedin-newsletter-articles/four-barriers-to-equal-representation-for-hispanic-workers-in-us
  d18e43c0988afd3399d6 | https://youtube.com/watch?t=2&v=nSXCOrEQu2k
  d1a1e7ff99a19c783f27 | https://hrc.org/resources/transitioning-in-the-workplace-a-guide-for-trans-employees
  d1ab963fa1d1040ccb20 | https://cbpp.org/research/streamlining-and-coordinating-benefit-programs-application-procedures
  d1b14a16c6d331c65419 | https://bostonbar.org/journal/transgender-student-admissions-the-challenge-of-defining-gender-in-a-gender-fluid-world
  d26c4b08f15685b3ce67 | https://nationaldisabilityinstitute.org/financial-resilience-center/benefits
  d27c8750ae3d8e513f78 | https://fahe.org/the-benefits-cliff-eliminating-barriers-to-transitioning-off-public-benefits
  d2954b9ed58d0f0ff7db | https://mapresearch.org/equality-map/medicaid-coverage-of-transgender-related-health-care
  d2b0472c079a116df699 | https://housingup.org/2025/02/26/racism-and-homelessness
  d2ca68f23ead6fa5fb5b | https://aecf.org/resources/improving-access-to-public-benefits
  d2d2f98d9fee8c4598fb | https://pmc.ncbi.nlm.nih.gov/articles/PMC10953678
  d2df805a2e846a8b0ce0 | https://naacp.org/resources/criminal-justice-fact-sheet
  d2fd709bf244948dae97 | https://worldebhcday.org/blog/2023/ethnic-and-racial-disparities-and-patient-safety
  d31c65afcd2400ef778f | https://waldenu.edu/online-bachelors-programs/bs-in-criminal-justice/resource/what-influences-criminal-behavior
  d37c184949d55e0901a1 | https://pmc.ncbi.nlm.nih.gov/articles/PMC11148781
  d3957e808a99d7ffee84 | https://homelesshub.ca/blog/2023/five-arguments-trans-inclusion-homelessness-sector
  d3b551b592df7267acb4 | https://bofcu.com/unlocking-opportunities-understanding-the-impact-of-credit-scores-on-loan-approvals
  d3eedc2b6bc7b188352d | https://youtube.com/watch?v=3ihDXeAzhHk
  d44c7238be804aad7a7c | https://housingvisions.org/lgbtq-and-fair-housing
  d45ca852cb6c8c7af9d1 | https://pew.org/en/research-and-analysis/issue-briefs/2023/05/racial-disparities-persist-in-many-us-jails
  d477e00635e2fbe40230 | https://annescollege.fsu.edu/sites/g/files/upcbnu4516/files/2024-08/Bullying%20Statistics.pdf
  d4ba29bad9fb86cb87fd | https://tandfonline.com/doi/abs/10.2147/RMHP.S497337
  d4f1faa22caf33e59252 | https://cbpp.org/research/health/improving-snap-and-medicaid-access-medicaid-renewals
  d4f2d828057111b9f2bd | https://mdpi.com/2674-1032/4/1/8
  d4ffed8020576cefcdf1 | https://nij.ojp.gov/topics/articles/overview-police-use-force
  d55d20c9100af8ae4b1f | https://facebook.com/7NewsDC/videos/access-to-credit-plays-a-critical-role-in-financial-stability-and-opportunity-so/1013817464964557
  d5ee37fe532b36f64d5d | https://pmc.ncbi.nlm.nih.gov/articles/PMC7842519
  d5f6cf0f22e13a5ff8e6 | https://ivypanda.com/essays/racist-bullying-among-black-students-in-us-universities
  d624741168d773cb2241 | https://ojp.gov/library/publications/understanding-police-decisions-arrest-impact-situational-officer-and
  d692f888745398850821 | https://aeaweb.org/conference/2019/preliminary/paper/2EAtra4a
  d6a9435ef25c1daf4ca2 | https://pmc.ncbi.nlm.nih.gov/articles/PMC7506501
  d6b6d3f9857de00d81ec | https://acl.gov/HousingAndServices/Homelessness
  d6d632067d0ebd46c6d0 | https://oedb.org/women-grant
  d6e1b149ae6c80ad7ea0 | https://pmc.ncbi.nlm.nih.gov/articles/PMC5943618
  d738b7befe066abbe506 | https://armstrongatlaw.com/blog/2023/10/four-environmental-factors-that-raise-the-risk-of-sexual-harassment
  d80838d7354c1c72515a | https://finance.yahoo.com/news/establish-credit-adults-disabilities-203405315.html
  d81a2a09aa46bb4da7f7 | https://adata.org/research-brief/digital-access-students-higher-education-and-ada
  d8b424e3f0d73bd09c89 | https://afi-global.org/opinion/financially-including-people-with-disabilities-is-possible-heres-how
  d8e45e89443f3c519c56 | https://online.campbellsville.edu/social-work/factors-that-cause-homelessness
  d958d8cdf424a7b44361 | https://williamsinstitute.law.ucla.edu/wp-content/uploads/Medicaid-Gender-Care-Oct-2019.pdf
  d97ee289690dc6168e75 | https://includedhealth.com/blog/health/types-of-preventive-care-for-black-health
  d97fb2830f9f2488aeae | https://home.treasury.gov/news/featured-stories/spotlighting-womens-retirement-security
  d9884bc0e4d5d3c9369d | https://ama-assn.org/public-health/population-health/caring-transgender-patients-experts-offer-guidance
  d98d8b936e8385a75384 | https://pewresearch.org/race-and-ethnicity/2009/10/07/latinos-and-education-explaining-the-attainment-gap
  da025fc3fb4e84ef3e4b | https://medium.com/@jeankquam/falling-behind-understanding-the-challenges-facing-latino-education-in-the-u-s-f92bd776110b
  da02e2656e4222af4663 | https://ed.gov/media/document/enroll98pdf-54909.pdf
  da0927b52b726ea6b0bb | https://clsmas.soceco.uci.edu/news/new-report-sheds-light-latinos-us-criminal-justice-system
  da3aedd6f5afe8368335 | https://escalon.services/blog/finance/financial-inclusion-initiatives-expanding-access-to-banking-services
  da6a6aa644f765e7b33b | https://bcm.edu/news/the-importance-of-preventative-care-for-women
  da814da11949efab1489 | https://prisonpolicy.org/research/disability
  daa7b9fdbfeba62199fc | https://canr.msu.edu/news/dont_confuse_bullying_with_harassment
  dae3d5821652ad770851 | https://hrw.org/report/2016/12/07/walking-through-hailstorm/discrimination-against-lgbt-youth-us-schools
  db004479636865c5a76b | https://lendingtree.com/home/mortgage/lendingtree-study-black-homebuyers-more-likely-to-be-denied-mortgages-than-other-homebuyers
  db2914011cc6308b52db | https://pmc.ncbi.nlm.nih.gov/articles/PMC9723913
  db4c53c3b77066bb6b6d | https://pmc.ncbi.nlm.nih.gov/articles/PMC5798675
  db65e6bd3fd0ef831108 | https://review.law.stanford.edu/wp-content/uploads/sites/3/2021/06/Morgan-73-Stan.-L.-Rev.-1401.pdf
  db669adefdd2eb51d836 | https://pmc.ncbi.nlm.nih.gov/articles/PMC11569484
  dba972c7611a549053fc | https://americanprogress.org/article/basic-facts-women-poverty
  dbb46f6fb0dd0fec94af | https://motherjones.com/criminal-justice/2016/02/why-are-lgbt-people-overrepresented-prisons-and-jails
  dbcf4d62c36502f4405a | https://lawnow.org/bullying-of-2slgbtqia-students-the-impacts-and-what-educators-can-do-about-it
  dbdcbdda8be5a21e11da | https://cgap.org/research/publication/invisible-barriers-how-gender-norms-impact-financial-inclusion
  dc05deba6bab0f20134b | https://sussex.ac.uk/broadcast/read/39309
  dc4de177e06671b11acb | https://cbpp.org/research/how-states-can-align-benefit-renewals-across-programs-options-for-simplifying-and-aligning
  dc6bb918e51085766cbe | https://ebsco.com/research-starters/womens-studies-and-feminism/gender-and-welfare-policy
  dc82c28f7aa43b00a555 | https://bls.gov/opub/ted/2020/barriers-to-employment-for-people-with-a-disability.htm
  dcbb8fff6bc5011731ba | https://gao.gov/blog/it-harder-women-save-retirement
  dcf76c7d7d301b525a65 | https://cunninghampllc.com/blog/when-does-disability-discrimination-cross-into-harassment
  dd2309e2c3ca4435c60f | https://youtube.com/watch?t=3&v=-dUPODTWevk
  dd327e644c2ee33cd5e9 | https://communityplans.net/coverage-you-can-count-on/frequently-asked-questions-churning-and-continuous-eligibility
  dd3a3796bc25c285c683 | https://tandfonline.com/doi/abs/10.1300/J012v16n04_05
  dd456f333bea50eed4cb | https://openbooks.library.umass.edu/introwgss/chapter/gender-and-the-us-welfare-state
  dd5570a4169dbd34a2fc | https://chenmed.com/blog/understanding-healthcare-hesitancy-black-patients-historical-perspective
  dd9497a3bf45be87dcad | https://tylerclementi.org/why-do-students-bully
  dd9c53a2881ab7c865da | https://thetrevorproject.org/research-briefs/anti-bullying-policies-in-school-and-lgbtq-young-people
  dd9e32b4d782f5e5690a | https://usnews.com/education/best-colleges/articles/how-your-hometown-could-affect-your-college-prospects
  ddae8711636264112ac5 | https://link.springer.com/article/10.1057/s41261-026-00344-y
  ddb7fef1386c1cf980c7 | https://researchgate.net/post/Why_do_female_students_enrolment_access_equity_and_academic_performnaces_raised_as_challenges_in_higher_education_of_Africa_and_Asia
  de2f27bcbfe86a77a8a9 | https://cgap.org/research/publication/gender-intentional-credit-scoring
  de35345b4d96badcc1cc | https://barrierfreefinance.org/context
  de6290d9810d603eb58b | https://prisonpolicy.org/research/racial_and_ethnic_disparities
  de878ec6e15882cf332e | https://archive-housingmatters.urban.org/articles/how-can-we-advance-latino-homeownership-and-housing-stability
  de8cfcf24ef311d16a5a | https://eab.com/resources/blog/student-success-blog/how-to-navigate-policy-challenges-and-show-support-for-your-trans-students
  de90b927059280f16ca1 | https://ballardbrief.byu.edu/issue-briefs/racial-inequality-in-public-school-discipline-for-black-students-in-the-united-states
  de97989e2c58b58c1615 | https://pmc.ncbi.nlm.nih.gov/articles/PMC12210411
  de9bac4695b80d4bda3f | https://nlihc.org/resource/study-finds-significant-racial-disparities-homelessness-rates
  dec1fa9e0df83862a6e9 | https://icjia.illinois.gov/researchhub/articles/an-overview-of-police-use-of-force-policies-and-research
  df3c34440d516d698c4e | https://latinoslead.org/the-growing-influence-of-latino-millennials-in-todays-workplace
  df5d9e4b5db44408734b | https://probonoinst.org/2023/07/13/race-income-and-the-effect-on-educational-opportunity
  df70163691fb0e7ae261 | https://diversitybuilder.com/sexual-harassment-training-women
  df76840f6bd299c78b9a | https://americanprogress.org/article/discrimination-prevents-lgbtq-people-accessing-health-care
  df92eda0d3d9384bef1e | https://journals.sagepub.com/doi/full/10.1177/2156759X18784297
  df9bbbe0d31db75f7381 | https://steinhardt.nyu.edu/metrocenter/research-evaluation/section-2-higher-education-context-and-barriers-equitable-college
  dfa6071aec51b24a1787 | https://phhp-hsrmp.sites.medinfo.ufl.edu/files/2014/06/2007-The-effect-of-caregiving-on-preventative-care-for-people-with-disabilities.pdf
  dfd30eb3cca420073bbd | https://williamsinstitute.law.ucla.edu/press/lgbt-housing-press-release
  e081ce6915888244af02 | https://globalwomenpower.com/unequal-access-to-education-for-women-a-barrier-to-empowerment
  e09e5b8dea5977b88b68 | https://library.hbs.edu/working-knowledge/why-employers-favor-men
  e10d39360f5bd5bf9f93 | https://indusind.bank.in/iblogs/personal-loan/factors-that-influence-personal-loan-eligibility-all-you-need-to-know
  e16febd0f0544ccf3386 | https://redbanklegal.com/practice-areas/employment-discrimination-attorney/transgender-discrimination-in-the-workplace
  e17947afab94b93e7d0b | https://pmc.ncbi.nlm.nih.gov/articles/PMC12412225
  e1af0cedefe73ea4add6 | https://centerforhealthjournalism.org/our-work/reporting/hidden-harms-racial-bullying
  e1cad6122fdb16efa41a | https://academic.oup.com/epirev/article/48/1/mxag004/8512140
  e1d7bdde0d1c4f4659e4 | https://williamsinstitute.law.ucla.edu/wp-content/uploads/Trans-Higher-Ed-Apr-2022.pdf
  e1ffd6e81d62496a7658 | https://phreesia.com/resources/infographic-lgbtq-preventive-health
  e22550b87fa0d381558d | https://humanrights.unsw.edu.au/research/commentary/social-determinants-justice-increase-risk-prison
  e25abebd5d11ea66462a | https://pmc.ncbi.nlm.nih.gov/articles/PMC10525602
  e264a8a090679a45ee91 | https://hss.edu/health-library/conditions-and-treatments/enhancing-clinical-skills-lgbtq-care-hospital-setting
  e2725cb212093045b2eb | https://forbes.com/sites/michaeltnietzel/2024/08/07/women-continue-to-outpace-men-in-college-enrollment-and-graduation
  e2c8ac2c91f69e498f42 | https://cambercollective.com/2024/01/04/public-benefit-disparities
  e2ed1e61fb969c56cbe9 | https://americanprogress.org/article/5-reasons-support-affirmative-action-college-admissions
  e30d3062e0bbbfdecd26 | https://experian.com/blogs/ask-experian/women-and-credit
  e37cad46c3bfc4ec1492 | https://minneapolisfed.org/article/2024/lender-reported-reasons-for-mortgage-denials-dont-explain-racial-disparities
  e3a89ec43be81f48c72f | https://disability-benefits-help.org/blog/gender-and-social-security-disability-benefits
  e3ce18f84c506fd95d7f | https://linkedin.com/pulse/50-key-factors-influencing-hiring-decisions-shailesh-kumar-mehta-sqthf
  e4526c64ef16f0f9d447 | https://meps.ahrq.gov/mepsweb/data_files/publications/rf17/rf17.shtml
  e4611b486758bcaf966e | https://cbpp.org/research/geographic-pattern-of-disability-receipt-largely-reflects-economic-and-demographic-factors
  e4794221a821921b2a20 | https://pmc.ncbi.nlm.nih.gov/articles/PMC1403427
  e48dbddb4595b8194e4f | https://habitatcltregion.org/blog/homeownership-in-latino-and-hispanic-communities
  e4a749b32d0077dc066f | https://whijournal.com/article/S1049-3867%2808%2900108-4/fulltext
  e4af94d81d67aa5e996a | https://healthmanagement.org/c/healthmanagement/Post/health-insurance-for-people-with-disabilities-navigating-the-complex-terrain
  e4c343dbfd5521214647 | https://kff.org/affordable-care-act/health-care-access-and-coverage-for-the-lesbian-gay-bisexual-and-transgender-lgbt-community-in-the-united-states-opportunities-and-challenges-in-a-new-era
  e54347fce70e23f5e1b8 | https://pmc.ncbi.nlm.nih.gov/articles/PMC7280420
  e55c1ef739b07c74ad84 | https://wol.iza.org/articles/sexual-orientation-and-labor-market-outcomes/long
  e57e47dd6ee9b35ba01a | https://lundelllawfirm.com/post/common-sources-of-workplace-harassment
  e5cd22a0c4d372af4b62 | https://aeaweb.org/forum/2421/factors-affecting-household-access-banking-services-issues
  e5d1b70b8330a164f383 | https://scholarworks.calstate.edu/downloads/bv73c633w
  e5d3c951d63debf7d855 | https://pointfoundation.org/hubfs/Research%20Reports/2111-Trans-Higher-Ed-FINAL.pdf
  e5f919c4da68f6c89e9d | https://pmc.ncbi.nlm.nih.gov/articles/PMC5370590
  e63e646c68042089a365 | https://jec.senate.gov/public/_cache/files/2756e78d-cd64-4413-8d26-a4f9c2756947/banking-and-financial-exclusion-final.pdf
  e678e76cf83ed517e62a | https://ucdavis.edu/blog/curiosity/how-do-students-disabilities-achieve-success-college
  e6834740e8a7bf5c9b9e | https://healthaffairs.org/doi/10.1377/hlthaff.2024.00672
  e696795e8d6438fe48f2 | https://grad.ubc.ca/psi/blog/18/clark
  e6e6bd74c1e8f1785dfb | https://homelesshub.ca/collection/homelessness-101/what-are-the-causes-of-homelessness
  e6fd8072fbd8a5308a13 | https://chicagofed.org/publications/chicago-fed-letter/2026/524
  e7037d180af7a632c2b7 | https://youtube.com/watch?t=30&v=Lih6wkmQTs0
  e70f62e93fb9cc23bbaa | https://reimaginerpe.org/node/858
  e74c8efcab93c137640a | https://bestcolleges.com/resources/history-women-higher-education
  e763956ae024abb886de | https://researchforaction.org/research-resources/k-12/unequal-access-to-educational-opportunity-in-the-united-states
  e792e5f8024dbb33ba8f | https://pmc.ncbi.nlm.nih.gov/articles/PMC4554714
  e7ee35e8768cc98b3be8 | https://urban.org/urban-wire/improving-homebuying-opportunities-latino-families-would-benefit-entire-housing-market
  e8047f942e7e8872da20 | https://poverty.ucdavis.edu/post/safety-net-programs-underused-eligible-hispanic-families
  e816143f36909595c6cc | https://naceweb.org/job-market/trends-and-predictions/early-career-talent-and-the-effects-of--gender
  e81cdb52b8625babd931 | https://luminafoundation.org/news-and-views/one-quarter-of-hispanic-students-face-discrimination-leading-many-to-consider-leaving-college
  e8530c197fcd9d81b1b8 | https://pmc.ncbi.nlm.nih.gov/articles/PMC8624572
  e878b25c48d3fe0ec925 | https://pmc.ncbi.nlm.nih.gov/articles/PMC7153781
  e8790a9a9837dd8876a5 | https://freopp.org/whitepapers/fixing-the-broken-incentives-in-the-u-s-welfare-system
  e87d74548c942f68dc74 | https://hispanicresearchcenter.org/research-resources/highlights-decade-research-supports-economic-self-sufficiency-latino-families-children
  e87ec5668ff7b371025c | https://youtube.com/watch?t=26&v=YobHZee_XMc
  e8e4f30441bc3743c7b9 | https://nefe.org/news/2022/06/lgbtqia-discrimination-in-financial-services.aspx
  e9123aab8fc77dc6fb16 | https://pn3policy.org/blog/administrative-burden-blog
  e922c65ee544c22db507 | https://unidosus.org/higher-ed
  e925e6983272dcb10680 | https://unidosus.org/blog/2022/09/28/latinos-remain-disproportionately-impacted-by-food-insecurity-usda-can-make-progress-on-equity-and-racial-justice
  e92a17f3a579109e4461 | https://emerald.com/edi/article/45/5/781/1270096/A-three-dimensional-perspective-on-factors
  e94364f4e5a5671fbcd1 | https://researchgate.net/publication/377076621_Influence_of_Gender_on_Career_Choice
  e94f34f97f83dab1fde8 | https://washingtonpost.com/business/2020/10/16/how-race-affects-your-credit-score
  e959dc12cec0ad3b0a00 | https://pmc.ncbi.nlm.nih.gov/articles/PMC11861525
  e9623891f87255ed53a8 | https://additionsolutions.co.uk/the-psychology-of-hiring-what-makes-a-great-candidate-stand-out
  e9718c8d61bc478e8ab2 | https://apps.urban.org/features/latino-criminal-justice-data
  e971ba7c6e8e610c6260 | https://opportunityhome.org/resources/disability-rights-advocates-and-housing-fact-sheet
  e98593ff158abb7d736f | https://prisonpolicy.org/blog/2019/05/14/policingwomen
  e9e7a06c8e0e56720f83 | https://ohchr.org/en/stories/2025/08/womens-incarceration-rooted-gender-inequality-and-violence
  ea09a7afcf87a62cdf50 | https://apa.org/topics/healthy-workplaces/growth-opportunities
  ea20398a95be00073735 | https://cepr.org/voxeu/columns/gender-bias-access-finance-and-implications-capital-misallocation
  ea3324a819c614b0ba12 | https://eprints.leedsbeckett.ac.uk/id/eprint/1648/2/Revised%20Manuscript%20.pdf
  eaf961400280cf40c99a | https://scholarworks.wmich.edu/cgi/viewcontent.cgi?article=3024&context=jssw
  eb21eeb548904e18b543 | https://youtube.com/watch?t=671&v=aRgDrgDSCHc
  eb29811d3b0faf0a7fdc | https://transgenderlawcenter.org/resources/law-enforcement-interactions-rights-and-realities
  eb4e5e1a244d66f2d89f | https://wagner.nyu.edu/files/faculty/publications/Giannella%2C%20Homonoff%2C%20Rino%2C%20and%20Somerville%20%282023%29.pdf
  eb6baecc3a704fa8554b | https://nmmc.org/mens-health-and-preventive-care-why-routine-checkups-matter
  ebae981ff6c2f78f62ec | https://apa.org/monitor/2016/11/cover-inequality-school
  ebcb0c2c35c0eeeb5c23 | https://psnet.ahrq.gov/perspective/equity-patient-safety
  ec0214fde2b885b278f2 | https://habitat.org/stories/5-policy-solutions-advance-racial-equity-housing
  ec26790291d393dae7d6 | https://compass.onlinelibrary.wiley.com/doi/10.1111/j.1751-9020.2012.00459.x
  ec6cfa598c1cb6ab0699 | https://facebook.com/wqad8/posts/a-first-of-its-kind-report-was-released-earlier-this-year-examining-the-structur/1639230681123662
  ec7b44c925312f6e6a62 | https://gao.gov/women-and-gender-public-policy
  ec7d704bca1818930516 | https://sciencedirect.com/science/article/pii/S0929119920302261
  ed19e9cbb61aa338feb4 | https://voxdev.org/voxdevlit/female-labour-force-participation-issue-2/factors-affect-employers-decision-hire-female
  ed3e25f8346a8dac4473 | https://sivinandmiller.com/blog/2022/09/issues-disabled-people-deal-with-while-in-contact-with-the-police
  ed69912f1fd695863966 | https://normtherapy.com/blog/examining-the-disparities-in-assistance-for-homeless-men
  ed6baf21560a08f173ed | https://sentencingproject.org/reports/one-in-five-ending-racial-inequity-in-incarceration
  ed7084f25bfef33be953 | https://pmc.ncbi.nlm.nih.gov/articles/PMC2764043
  edcdc6b4ab2c9fa30cea | https://nlihc.org/resource/transgender-individuals-experience-homelessness-eight-times-rate-general-us-population
  edecf6db877cd8e55ff2 | https://linkedin.com/top-content/career/barriers-to-career-growth/overlooked-factors-in-women-s-career-success
  ee03c8a3d2da9f4ad4f1 | https://sepsis.org/news/how-does-lgbtq-identity-impact-healthcare-experiences
  ee665a75b0f8497a9bd7 | https://heraldopenaccess.us/openaccess/the-effect-of-housing-instability-on-risky-sexual-behavior-and-hiv-and-stis-for-a-sample-of-african-american-sero-discordant-couples
  ee881b80a2ffa0e2ade3 | https://onlinelibrary.wiley.com/doi/10.1111/joca.12343
  ee9da6e929e609973792 | https://nij.ojp.gov/media/video/23801
  eeeb01c5f98c311eb587 | https://sciencedirect.com/science/article/pii/S0929119922001584
  ef0fccbe8b397fd5725e | https://nytimes.com/2024/06/03/us/politics/medicaid-reenrollment-black-hispanic.html
  ef549aa184836ff96ad6 | https://phys.org/news/2025-10-homelessness-vary-sharply.html
  ef5654b189a09920b8df | https://pmc.ncbi.nlm.nih.gov/articles/PMC9449977
  ef8dee56c4d45da3fcb3 | https://calworks.org/eligibility-process
  efc02c1c87a01abeb879 | https://idbinvest.org/en/blog/gender/uncovering-hidden-cost-gender-biases-lending-women
  efc5a4e461dc64825498 | https://betterangels.la/halo/preventions/why-are-people-homeless
  efc5bed5a2f45510cb26 | https://ohr.dc.gov/page/transemployees
  f008806b3cdf4b7af519 | https://prisonpolicy.org/blog/2020/06/05/policingfacts
  f0396f9f6ac1903a5468 | https://pmc.ncbi.nlm.nih.gov/articles/PMC10350749
  f0541d923ac0a3a24872 | https://news.nd.edu/news/im-watching-you-behavior-produces-racial-disparities-in-school-discipline
  f061b3e66220cf54248c | https://beckerspayer.com/research-analysis/5-things-to-know-about-medicaids-administrative-burdens
  f0a17de66346b422c1d0 | https://urban.org/research/publication/people-disabilities-living-us-face-urgent-barriers-housing
  f0cb68bf408cbd5346c7 | https://hispanicresearchcenter.org/hisp-family-facts/hispanic-family-facts-low-income-hispanics-may-have-misconceptions-about-eligibility-for-government-assistance-programs
  f1ba26b69f35f1e19686 | https://pmc.ncbi.nlm.nih.gov/articles/PMC10251765
  f1cfec8aa4cf51da256f | https://navicoresolutions.org/resources/blog/overcoming-barriers-of-financial-inclusion
  f1d078b3cd7e5168846c | https://access.heinonline.com/hol-cgi-bin/get_pdf.cgi?handle=hein.journals%2Fsocprob29&section=22
  f2170b1dbb18b6b145b9 | https://fdic.gov/system/files/2024-06/2022-community-reinvestment-act-3064-af81-c-298.pdf
  f242ccc71cf9b71c447a | https://siepr.stanford.edu/publications/policy-brief/homelessness-california-causes-and-policy-considerations
  f24de4e8f7cf0034609c | https://pmc.ncbi.nlm.nih.gov/articles/PMC9744995
  f252962e9f65eefd1e5a | https://pmc.ncbi.nlm.nih.gov/articles/PMC6002151
  f27c878c2bb1688aab1d | https://ccjm.org/content/83/7/531
  f2c2e8d622be7ac477c1 | https://johepal.com/article-1-532-en.pdf
  f3425cece9c8f44f5b39 | https://bwlaw.com/blog/2024/05/sexual-harassment-also-affects-men
  f354d0e216bfca988dd4 | https://nwlc.org/resource/by-the-numbers-data-on-key-programs-for-the-well-being-of-women-lgbtqi-people-and-their-families
  f3b92c36bbc1c5c1a658 | https://ojp.gov/pdffiles1/ojjdp/grants/250804.pdf
  f3ba90eeeb64eabd274b | https://pmc.ncbi.nlm.nih.gov/articles/PMC11022155
  f3cf6770f761e4fa5a5e | https://williamsinstitute.law.ucla.edu/press/lgbt-snap-benefits-press-release
  f3e946ea8ac048e2a62d | https://pmc.ncbi.nlm.nih.gov/articles/PMC11523499
  f445de95ace940fe9789 | https://theconversation.com/the-disturbing-connection-between-bullying-and-sexual-harassment-68033
  f4a22b46bb8a7337a156 | https://law.justia.com/constitution/us/amendment-04/14-detention-short-of-arrest-stop-and-frisk.html
  f5022541018ac45c65da | https://pmc.ncbi.nlm.nih.gov/articles/PMC10431638
  f51f32a07d76c3952854 | https://cluballiance.aaa.com/the-extra-mile/advice/budget/factors-lenders-consider-for-credit-approval
  f5229c2773fea0403baa | https://unesco.org/en/health-education/safe-learning-environments
  f53559e83f2fca6b9a87 | https://journals.indianapolis.iu.edu/index.php/ENGAGE/article/view/27616
  f53b629a2f8f92f2a9ff | https://onlinelibrary.wiley.com/doi/abs/10.1002/aepp.13508
  f552be868377ebcb3e62 | https://aecf.org/blog/racial-inequality-in-education
  f585b2e536da81d51522 | https://csd.wustl.edu/26-30
  f58ceb907d706868c38b | https://right-to-education.org/girlswomen
  f5a623fe595972d7b35d | https://sk.sagepub.com/ency/edvol/download/counseling/chpt/career-counseling-latinos.pdf
  f5dc9bf0600f6f9ed95e | https://womensworldbanking.org/insights/the-institutional-barriers-holding-back-womens-financial-inclusion
  f5e238bd389381f95b9d | https://researchgate.net/publication/276605218_Factors_that_affect_the_arrest_decision_in_domestic_violence_cases
  f5f04319ebded9af5ba3 | https://pmc.ncbi.nlm.nih.gov/articles/PMC9636806
  f66dfe263cf857f43052 | https://pmc.ncbi.nlm.nih.gov/articles/PMC1495054
  f6806790825a3acc0974 | https://nces.ed.gov/programs/coe/indicator/a10/bullying-electronic-bullying
  f6cb1166c166493108b0 | https://specialneedsalliance.org/blog/archive/tough-choices-people-with-disabilities-face-housing-crisis
  f6f5d499b2b633a608f7 | https://epgn.com/2020/10/28/new-study-shows-roots-of-lgbtq-poverty-and-need-for-government-data
  f70b8298fc944a353a19 | https://sciencedirect.com/science/article/abs/pii/S0047235220300684
  f71a506c545f5836eabb | https://policingequity.org/resource-library/use-of-force
  f738451ab7946b42ebc6 | https://rudermanfoundation.org/white_papers/media-coverage-of-law-enforcement-use-of-force-and-disability
  f7ffe58e56617333d73e | https://endhomelessness.org/overview
  f80a3040fe0bf24209a0 | https://patientsafetylearning.org/blog/dangerous-exclusions-the-risk-to-patient-safety-of-sex-and-gender-bias
  f82ec25b053c87215e51 | https://aphsa.org/resources/seven-ways-to-improve-tanf-and-help-families
  f84caca687b9398a35bc | https://justice.gov/ovw/grants
  f8a49e9058b87de3dd2b | https://unidosus.org/wp-content/uploads/2021/07/millennial_employment_brief.pdf
  f8b26819ab2201b319a0 | https://williamsinstitute.law.ucla.edu/publications/lgbtq-colleges-grad-school
  f8b607d4e757d881b046 | https://scholarworks.uark.edu/cgi/viewcontent.cgi?article=1017&context=isysuht
  f8ce92ca856d5de86ec1 | https://meditopia.com/en/forwork/articles/disability-discrimination-in-the-workplace
  f8da42d42df89f65688b | https://americanbar.org/groups/diversity/sexual_orientation/publications/equalizer/2019-july/impact-of-incarceration-and-policing-in-our-community
  f8e194c57b48c03e906b | https://urban.org/sites/default/files/publication/89236/same_sex_marriage_0.pdf
  f91ee3f1f71278fac07e | https://pmc.ncbi.nlm.nih.gov/articles/PMC10418767
  f92043521710ee7c7e43 | https://latino.ucla.edu/press/new-federal-and-state-policies-could-lead-up-to-1m-latino-medi-cal-enrollees-to-disenroll-in-california
  f94026562c806f8a34b9 | https://stpaulscenter.com/racial-inequities
  f9a04b1ac569dcdba52f | https://mdpi.com/1660-4601/19/8/4502
  f9cf3b37df01f306e7c5 | https://wordinblack.com/2024/09/hidden-factors-influencing-college-admissions
  fa0b40d9260b1d3718a5 | https://post.ca.gov/portals/0/post_docs/basic_course_resources/workbooks/LD_15-V5.0.pdf
  fa7c21ebc9a5f7e0ba8f | https://latino.ucla.edu/research/redefine-latinx-homelessness
  fa826f7b52a5840332f9 | https://foxrothschild.com/publications/the-eeocs-enforcement-guidance-on-harassment-in-the-workplace-what-employers-need-to-know
  faa90d556c9d9e26a929 | https://youtube.com/watch?t=49s&v=wj_2U8NqR_M
  faaf6ee34b43ee3962e3 | https://tandfonline.com/doi/full/10.1080/15348431.2024.2333885
  fae834cfbefcbd5521c4 | https://nhchc.org/wp-content/uploads/2019/08/in-focus_transgender_sep2014_final.pdf
  fb8b1f823b432a9f612a | https://scholars.org/brief/how-federal-government-policies-have-helped-women-earn-college-degrees
  fbf2af6ad2b788f53dd5 | https://hud.gov/hudprograms
  fc2fa9ff1769607a6439 | https://eeoc.gov/youth/disability-discrimination
  fc9053ff9ec5e2ec8067 | https://ceo.lacounty.gov/2026/01/22/ardi-latest-news/task-force-on-latinx-people-experiencing-homelessness-report
  fcaa973c0b5c2a02115e | https://digitalgovernmenthub.org/publications/implementing-benefits-eligibility-enrollment-systems-key-context
  fcbdc4c9097da4271034 | https://pmc.ncbi.nlm.nih.gov/articles/PMC8252906
  fcf0a7f74a9480f63a6d | https://triagecancer.org/financial-assistance-can-impact-your-government-benefits
  fd1740f02c5e15ade32a | https://pmc.ncbi.nlm.nih.gov/articles/PMC10174265
  fd271c11b7f5e107d9df | https://1mtcares.org/stories-from-the-field/gender-equity-education
  fd49b882d7318ce94f6a | https://kff.org/medicaid/recent-medicaid-chip-enrollment-declines-and-barriers-to-maintaining-coverage
  fd671b6e0608b9cf2e0b | https://urban.org/urban-wire/how-can-we-reduce-housing-instability-among-lgbtq-americans
  fdc0935d622d821f9d9c | https://equineteurope.org/wp-content/uploads/2021/01/Women-in-Poverty_-Access-to-Education.pdf
  fdef0ff68550ff94af47 | https://sciencedirect.com/science/article/abs/pii/S1053482213000648
  fe7a28e1ae0c74afa59b | https://rsfjournal.org/content/9/5/1
  fe8f9a51884018eef3b1 | https://arlingtonlifeshelter.org/how-we-help/resources/causes-of-homelessness.html
  fec52f7412dbb2a39f37 | https://corp.publicschoolworks.com/resource/10-facts-about-equity-in-education
  feccf3fc5115122827e1 | https://pmc.ncbi.nlm.nih.gov/articles/PMC13252812
  feea067b3fa93c2a8541 | https://womensworldbanking.org/insights/from-exclusion-to-empowerment-the-meaning-of-financial-inclusion
  fefb43cfbc966d91f8bd | https://naspa.org/blog/supporting-queer-and-trans-college-students-amidst-political-turmoil
  ff5ce59a0f18c5445e88 | https://stopbullying.gov/blog/2015/10/13/overcoming-perceived-differences-prevent-bullying
  ff80a8bc1c518e0eee36 | https://ewa.org/data-research-tips/how-black-girls-are-harmed-in-schools
  ffc995d1bb8c677952c9 | https://hispanicresearchcenter.org/research-resources/national-profile-of-latino-parents-education-attainment-underscores-the-diverse-educational-needs-of-a-fast-growing-population?print=print

================================================================================
PARALLEL SOURCE COLLECTION
================================================================================
[1/1,559] curl_error | https://mckinsey.com/featured-insights/diversity-and-inclusion/being-transgender-at-work
[2/1,559] OK | https://pmc.ncbi.nlm.nih.gov/articles/PMC6612316
[3/1,559] OK | https://pmc.ncbi.nlm.nih.gov/articles/PMC11044716
[4/1,559] http_error | https://lulac.org/advocacy/issues/criminal_justice_reform
[5/1,559] OK | https://npr.org/2025/04/08/nx-s1-5354914/some-colleges-recruiting-latino-students
[6/1,559] OK | https://advocacysnt.org/articles/avoiding-benefits-trap-special-needs-planning
[7/1,559] http_error | https://americanprogress.org/article/understanding-policing-black-disabled-bodies
[8/1,559] http_error | https://weforum.org/stories/2015/08/why-lgbti-people-face-barriers-to-education-and-employment
[9/1,559] http_error | https://urban.org/research/publication/improving-health-coverage-working-people-disabilities
[10/1,559] http_error | https://healthaffairs.org/doi/abs/10.1377/hlthaff.2022.01493
[11/1,559] http_error | https://urban.org/urban-wire/policing-killing-black-disabled-people-centering-intersectionality-critical-reducing-harm
[12/1,559] OK | https://youtube.com/watch?t=121&v=n0urFzhWTZ4
[13/1,559] OK | https://hracuity.com/blog/female-workplace-harassment
[14/1,559] OK | https://thetrevorproject.org/wp-content/uploads/2022/02/Trevor-Project-Homelessness-Report.pdf
[15/1,559] http_error | https://nasfaa.org/news-item/34147/Report_The_Biggest_Barriers_to_Higher_Ed_Enrollment_Are_Cost_and_Lack_of_Financial_Ai
[16/1,559] http_error | https://scholarworks.gvsu.edu/cgi/viewcontent.cgi?article=1135&context=gradprojects
[17/1,559] OK | https://chiefhealthcareexecutive.com/view/patients-with-disabilities-are-more-vulnerable-to-safety-concerns
[18/1,559] http_error | https://researchgate.net/publication/230566333_What_Do_Women_Know_about_Government_Services_and_Benefits
[19/1,559] http_error | https://ne-arc.org/2025/04/25/housing-the-overlooked-crisis-for-disabled-people
[20/1,559] http_error | https://researchgate.net/publication/225650664_Men_accessing_education_Masculinities_class_and_choice
[21/1,559] OK | https://unidosus.org/wp-content/uploads/2021/07/IB17_CreditCardTrap.pdf
[22/1,559] OK | https://experian.com/blogs/ask-experian/why-credit-is-important-people-with-disabilities
[23/1,559] OK | https://pubmed.ncbi.nlm.nih.gov/40458769
[24/1,559] OK | https://dispartilaw.com/8-signs-you-will-be-approved-for-social-security
[25/1,559] http_error | https://scholarworks.umt.edu/cgi/viewcontent.cgi?article=13174&context=etd
[26/1,559] OK | https://nlc.org/article/2020/07/09/embedding-racial-equity-in-housing
[27/1,559] curl_error | https://rsfjournal.org/content/11/1/224
[28/1,559] OK | https://scarleteen.com/read/identity/understanding-lgbtq-youth-homelessness
[29/1,559] OK | https://ebsco.com/research-starters/education/inequality-and-access-higher-education
[30/1,559] OK | https://prisonpolicy.org/reports/pretrial_racial_disparities_sources.html
[31/1,559] OK | https://pmc.ncbi.nlm.nih.gov/articles/PMC11543415
[32/1,559] http_error | https://stopbullying.gov/bullying/groups
[33/1,559] OK | https://diversityjobs.com/career-advice/team-building/should-employers-give-hiring-preference-to-hispanic-job-candidates
[34/1,559] OK | https://pmc.ncbi.nlm.nih.gov/articles/PMC7678806
[35/1,559] OK | https://cnbc.com/2021/01/28/black-and-hispanic-americans-often-have-lower-credit-scores.html
[36/1,559] curl_error | https://ssa.gov/benefits/disability/work.html
[37/1,559] robots_disallowed | https://digitalgovernmenthub.org/library/racial-and-ethnic-differences-in-experiencing-administrative-burdens-in-public-
[38/1,559] http_error | https://tandfonline.com/doi/full/10.1080/13613324.2017.1343294
[39/1,559] OK | https://pmc.ncbi.nlm.nih.gov/articles/PMC11507352
[40/1,559] curl_error | https://stlouisfed.org/community-development/publications/access-credit-financial-services-bridge-financial-well-being
[41/1,559] OK | http://opwdd.ny.gov/
[42/1,559] OK | https://pmc.ncbi.nlm.nih.gov/articles/PMC12071379
[43/1,559] http_error | https://urban.org/urban-wire/how-can-we-advance-latino-homeownership-and-housing-stability
[44/1,559] OK | https://shrm.org/topics-tools/news/talent-acquisition/hiring-hispanics-requires-awareness-differences
[45/1,559] OK | https://lawreview.uchicago.edu/print-archive/empirical-analysis-sexual-orientation-discrimination
[46/1,559] http_error | https://urban.org/urban-wire/how-local-differences-race-and-place-affect-mortgage-lending
[47/1,559] OK | https://nationalhomeless.org/lgbtq-homelessness
[48/1,559] http_error | https://borgenproject.org/lack-of-access-to-education
[49/1,559] http_error | https://forbes.com/sites/kimelsesser/2026/05/06/education-dept-challenges-smith-colleges-transgender-admissions-policy
[50/1,559] OK | https://collegecampaign.org/publication/ensuring-college-access-and-success-for-black-students-in-higher-education
[51/1,559] OK | https://ovid.com/00011272-201741020-00001
[52/1,559] http_error | https://mdpi.com/2673-995X/5/4/128
[53/1,559] http_error | https://medium.com/commonfuture/why-credit-scores-are-racist-da109fcfb300
[54/1,559] OK | https://aspe.hhs.gov/sites/default/files/documents/4fc0ddbcee8d583d57e399dad6201536/aspe-coverage-access-black-americans
[55/1,559] OK | https://pmc.ncbi.nlm.nih.gov/articles/PMC11567148
[56/1,559] OK | https://housingsolutionstulsa.org/spotlight-on-disability-and-homelessness
[57/1,559] http_error | https://cis.org/Report/Welfare-Use-Immigrants-and-USBorn-2024
[58/1,559] curl_error | https://penalreform.org/issues/lgbtq-people/the-issue
[59/1,559] OK | https://pubmed.ncbi.nlm.nih.gov/39935449
[60/1,559] OK | https://worldatwork.org/publications/workspan-daily/how-organizations-can-remove-career-development-barriers-for-women
[61/1,559] http_error | https://stacks.cdc.gov/view/cdc/248736
[62/1,559] OK | https://huduser.gov/portal/periodicals/cityscpe/vol23num2/ch7.pdf
[63/1,559] http_error | https://pfizer.com/news/articles/health_disparities_among_african_americans
[64/1,559] http_error | https://onemainfinancial.com/personal-loans/resources/credit-score-for-personal-loan
[65/1,559] http_error | https://nerdwallet.com/credit-cards/learn/how-lgbtq-americans-can-build-credit
[66/1,559] OK | https://smhp.psych.ucla.edu/pdfdocs/harass.pdf
[67/1,559] OK | https://wmnf.org/research-shows-government-benefits-help-low%E2%80%91income-people-find-jobs-news
[68/1,559] OK | https://educationaladvocates.com/college-student-with-learning-disabilities
[69/1,559] OK | https://youtube.com/watch?v=5K3uoHsaxmc
[70/1,559] OK | https://wellsfargo.com/financial-education/credit-management/five-c
[71/1,559] OK | https://federalreserve.gov/newsevents/speech/brainard20200921a.htm
[72/1,559] OK | https://la.myneighborhooddata.org/2021/07/latino-representation-in-the-criminal-justice-system
[73/1,559] OK | https://odphp.health.gov/healthypeople/priority-areas/social-determinants-health/literature-summaries/incarceration
[74/1,559] OK | https://unidosus.org/press-releases/new-survey-shows-latinos-are-struggling-with-high-debt-burdens-low-savings-rates-and
[75/1,559] OK | https://odphp.health.gov/healthypeople/priority-areas/social-determinants-health/literature-summaries/housing-instabilit
[76/1,559] OK | https://pmc.ncbi.nlm.nih.gov/articles/PMC11089913
[77/1,559] OK | https://pmc.ncbi.nlm.nih.gov/articles/PMC12295307
[78/1,559] http_error | https://cepr.net/publications/the-continuing-power-of-white-preferences-in-employment
[79/1,559] OK | https://eeoc.gov/fact-sheet/facts-about-racecolor-discrimination
[80/1,559] http_error | https://researchgate.net/publication/361396815_Bullying_and_Harassment_Prevention_in_the_Lives_of_Latina_and_Latino_Stud
[81/1,559] OK | https://cnbc.com/2022/06/21/transgender-people-still-face-a-significant-wage-gap-in-the-us.html
[82/1,559] OK | https://youtube.com/watch?t=1419&v=EYnXTuHdOEk
[83/1,559] http_error | https://osmosis.org/blog/preventive-health-screenings-for-lgbtq-patients-what-you-need-to-know
[84/1,559] OK | https://forumtogether.org/article/fact-sheet-immigrants-and-public-benefits
[85/1,559] OK | https://loans-4-u.com/the-impact-of-gender-and-race-on-mortgage-approval-rates
[86/1,559] OK | https://feminist.org/news/millions-lose-snap-benefits-as-new-federal-law-tightens-access-to-food-assistance
[87/1,559] http_error | https://cis.org/Report/Welfare-Use-Immigrants-and-USBorn-2022
[88/1,559] OK | https://pmc.ncbi.nlm.nih.gov/articles/PMC6603461
[89/1,559] OK | https://pmc.ncbi.nlm.nih.gov/articles/PMC12488902
[90/1,559] curl_error | https://rsfjournal.org/content/11/3/22
[91/1,559] OK | https://endhomelessness.org/blog/how-the-equal-access-rule-can-protect-trans-people-and-sex-workers
[92/1,559] OK | https://pmc.ncbi.nlm.nih.gov/articles/PMC12193340
[93/1,559] OK | https://youtube.com/watch?t=698s&v=AST6-FCnRnc
[94/1,559] OK | https://pmc.ncbi.nlm.nih.gov/articles/PMC12622254
[95/1,559] OK | https://pmc.ncbi.nlm.nih.gov/articles/PMC12051801
[96/1,559] robots_disallowed | https://openurl.ebsco.com/EPDB%3Agcd%3A11%3A28339387/detailv2?crl=f&id=ebsco%3Agcd%3A119538269&link_origin=www.google.co
[97/1,559] OK | https://vera.org/publications/overlooked-women-and-jails-report
[98/1,559] robots_disallowed | https://scarincihollenbeck.com/law-firm-insights/workplace-sexual-harassment-claims
[99/1,559] http_error | https://nami.org/advocacy-at-nami/policy-positions/supporting-community-inclusion-and-non-discrimination/social-determin
[100/1,559] OK | https://newswise.com/articles/people-in-need-of-disability-benefits-are-facing-new-barriers-and-government-cuts-and-over
[101/1,559] OK | https://home.treasury.gov/news/featured-stories/racial-differences-in-economic-security-housing
[102/1,559] http_error | https://urban.org/urban-wire/what-will-it-take-help-latina-moms-hold-homeownership-gains
[103/1,559] OK | https://bestcolleges.com/resources/credit-literacy-black-hispanic-students
[104/1,559] http_error | https://gethelp.shegerianlaw.com/blog/5-examples-of-disability-discrimination-in-the-workplace
[105/1,559] http_error | https://ncsl.org/civil-and-criminal-justice/racial-and-ethnic-disparities-in-the-criminal-justice-system
[106/1,559] OK | https://ihep.org/press/new-report-higher-education-opportunities-for-students-with-disabilities-a-primer-for-policymaker
[107/1,559] OK | https://nacacnet.org/resources/barriers-to-successfully-financing-a-college-education/student-access-to-college-counseli
[108/1,559] http_error | https://digitalcommons.library.uab.edu/cgi/viewcontent.cgi?article=1613&context=etd-collection
[109/1,559] OK | https://williamsinstitute.law.ucla.edu/wp-content/uploads/Impact-SS-Partners-Retire-Plan-Oct-2009.pdf
[110/1,559] OK | https://pmc.ncbi.nlm.nih.gov/articles/PMC12962465
[111/1,559] OK | https://pn3policy.org/race-and-racial-perceptions-shape-burden-tolerance-for-medicaid-and-the-supplemental-nutrition-ass
[112/1,559] OK | https://pewresearch.org/short-reads/2022/10/07/hispanic-enrollment-reaches-new-high-at-four-year-colleges-in-the-u-s-but
[113/1,559] http_error | https://uscis.gov/policy-manual/volume-8-part-g-chapter-7
[114/1,559] http_error | https://investopedia.com/terms/f/five-c-credit.asp
[115/1,559] OK | https://shapetalent.com/the-three-barriers-to-lgbtq-career-progression
[116/1,559] OK | https://pewresearch.org/short-reads/2021/11/08/whats-behind-the-growing-gap-between-men-and-women-in-college-completion
[117/1,559] OK | https://nationalhomeless.org/homelessness-in-the-us
[118/1,559] http_error | https://theatlantavoice.com/education/black-students-bullied-more-than-other-races-according-to-u-s-department-of-educat
[119/1,559] OK | https://thehrcfoundation.org/professional-resources/discrimination-against-transgender-workers
[120/1,559] robots_disallowed | https://link.springer.com/article/10.1007/s00148-024-01031-w
[121/1,559] OK | https://unwomen.org/en/what-we-do/economic-empowerment/facts-and-figures
[122/1,559] OK | https://youtube.com/watch?t=23s&v=cNF5csMWnsA
[123/1,559] OK | https://mhanational.org/resources/bullying-lgbt-youth
[124/1,559] http_error | https://sciencedirect.com/science/article/pii/S2590291126002494
[125/1,559] OK | https://pmc.ncbi.nlm.nih.gov/articles/PMC5758340
[126/1,559] http_error | https://crosslawfirm.com/blog/2025/06/how-does-discrimination-affect-workers-with-disabilities-2
[127/1,559] OK | https://ukessays.com/essays/criminology/identifying-and-describing-the-factors-of-discretion-criminology-essay.php
[128/1,559] OK | https://hrlibrary.umn.edu/svaw/harassment/explore/3causes.htm
[129/1,559] http_error | https://careervillage.org/questions/704467/what-are-the-key-factors-that-employers-look-for-when-hiring-people
[130/1,559] OK | https://census.gov/library/stories/2022/05/who-is-receiving-social-safety-net-benefits.html
[131/1,559] http_error | https://healthaffairs.org/content/briefs/administrative-burdens-can-harm-health-1773889203949
[132/1,559] OK | https://pmc.ncbi.nlm.nih.gov/articles/PMC11762843
[133/1,559] OK | https://pmc.ncbi.nlm.nih.gov/articles/PMC2844864
[134/1,559] OK | https://pmc.ncbi.nlm.nih.gov/articles/PMC13384522
[135/1,559] OK | https://higheredtoday.org/2017/04/10/lgbtq-students-higher-education
[136/1,559] OK | https://dpeaflcio.org/factsheets/racial-representation-in-professional-occupations-by-the-numbers
[137/1,559] OK | https://vera.org/advancing-transgender-justice
[138/1,559] OK | https://vera.org/ending-mass-incarceration/causes-of-mass-incarceration
[139/1,559] OK | https://pmc.ncbi.nlm.nih.gov/articles/PMC12234507
[140/1,559] http_error | http://openscholarship.wustl.edu/cgi/viewcontent.cgi?article=1978&context=csd_research
[141/1,559] OK | https://youtube.com/shorts/eDNFOyAXt7Q
[142/1,559] OK | https://youtube.com/watch?t=68s&v=_X1Yd5UFUvk
[143/1,559] http_error | https://onlinelibrary.wiley.com/doi/full/10.1111/1744-7941.12377
[144/1,559] OK | https://sajhrm.co.za/index.php/sajhrm/article/view/2985/4971
[145/1,559] http_error | https://journals.sagepub.com/doi/10.1089/cyber.2012.0132?cf-mal-redirected=true
[146/1,559] http_error | https://sgp.jhu.edu/research/credit-access-in-the-united-states
[147/1,559] http_error | https://omahawomensfund.org/the-impact-of-housing-justice-on-gender-equity
[148/1,559] OK | https://aacn.org/blog/caring-for-lgbtq-patients-in-critical-and-progressive-care
[149/1,559] OK | https://oapub.org/edu/index.php/ejes/article/download/6220/8844
[150/1,559] OK | https://pmc.ncbi.nlm.nih.gov/articles/PMC12009860
[151/1,559] OK | https://pmc.ncbi.nlm.nih.gov/articles/PMC2231829
[152/1,559] http_error | https://cbpp.org/research/facts-about-african-americans-in-the-food-stamp-program
[153/1,559] OK | https://pmc.ncbi.nlm.nih.gov/articles/PMC10726945
[154/1,559] OK | https://pmc.ncbi.nlm.nih.gov/articles/PMC9989558
[155/1,559] OK | https://williamsinstitute.law.ucla.edu/wp-content/uploads/LGBT-Violence-Law-Enforce-Mar-2020.pdf
[156/1,559] OK | https://outandequal.org/resource/3insights-financialservicessector
[157/1,559] OK | https://pmc.ncbi.nlm.nih.gov/articles/PMC9931624
[158/1,559] OK | https://pmc.ncbi.nlm.nih.gov/articles/PMC12303088
[159/1,559] OK | https://pmc.ncbi.nlm.nih.gov/articles/PMC8536312
[160/1,559] OK | https://pmc.ncbi.nlm.nih.gov/articles/PMC9017075
[161/1,559] OK | https://pmc.ncbi.nlm.nih.gov/articles/PMC3279927
[162/1,559] http_error | https://urban.org/research/publication/racial-and-ethnic-representation-postsecondary-education
[163/1,559] OK | https://pmc.ncbi.nlm.nih.gov/articles/PMC1495328
[164/1,559] OK | https://pmc.ncbi.nlm.nih.gov/articles/PMC11069080
[165/1,559] OK | https://pubmed.ncbi.nlm.nih.gov/12529892
[166/1,559] OK | https://transcanwork.org/news/mental-health-and-the-workplace-how-discrimination-impacts-noncisgender-employees
[167/1,559] OK | https://rfi.global/unlocking-the-hispanic-opportunity-overcoming-the-barriers-to-wealth-creation
[168/1,559] OK | https://nationaldisabilitycenter.org/resources/the-current-status-of-accessibility-in-american-higher-education
[169/1,559] robots_disallowed | https://psycnet.apa.org/record/2008-08288-003
[170/1,559] OK | https://eastersealsar.com/the-effectiveness-of-inclusive-education-for-children-with-disabilities
[171/1,559] OK | http://lundelllawfirm.com/post/common-sources-of-workplace-harassment
[172/1,559] OK | https://nlihc.org/resource/hispanic-households-face-systemic-barriers-housing
[173/1,559] http_error | https://finca.org/5-reasons-why-more-women-need-financial-services
[174/1,559] OK | https://apps.urban.org/features/latino-financial-needs-community-lending
[175/1,559] OK | https://safetyandjusticechallenge.org/blog/focusing-on-latinos-in-the-u-s-criminal-justice-system
[176/1,559] OK | https://fkc.bank/blog/serving-customers-with-disabilities-is-vital-for-financial-inclusion
[177/1,559] OK | https://newamerica.org/insights/racialized-costs-banking/the-racialized-costs-of-banking
[178/1,559] OK | https://experian.com/blogs/ask-experian/how-to-increase-your-chances-of-getting-approved-for-new-credit
[179/1,559] OK | https://nature.com/articles/s41598-026-56768-z
[180/1,559] OK | https://endhomelessness.org/wp-content/uploads/2019/07/3rd-Demo-Brief-Race.pdf
[181/1,559] OK | https://insidehighered.com/admissions/article/2021/12/06/study-shows-ways-white-students-have-advantages-admissions
[182/1,559] OK | https://pmc.ncbi.nlm.nih.gov/articles/PMC4721598
[183/1,559] robots_disallowed | https://link.springer.com/article/10.1186/s12885-025-14380-w
[184/1,559] OK | https://hrc.org/press-releases/new-data-lgbtq-community-continues-to-face-financial-challenges-compared-to-peers
[185/1,559] OK | https://actuary.org/women-and-social-security
[186/1,559] OK | https://ivywise.com/ivywise-knowledgebase/the-truth-about-the-gender-gap-on-college-campuses
[187/1,559] OK | https://aclu.org/press-releases/new-report-finds-harassment-mistreatment-fuels-mistrust-among-lgbtq-people-towards-polic
[188/1,559] OK | https://sentencingproject.org/reports/one-in-five-racial-disparity-in-imprisonment-causes-and-remedies
[189/1,559] OK | https://cameron-deal.github.io/files/gov_assistance_wp.pdf
[190/1,559] http_error | https://researchgate.net/publication/400917685_Unequal_Access_Disability_and_Socioeconomic_Inequality_in_College_Enrollm
[191/1,559] OK | https://allianceforhousingjustice.org/post/27-ways-racism-and-white-supremacy-impact-housing
[192/1,559] OK | https://cew.georgetown.edu/cew-reports/raceandgoodjobs
[193/1,559] OK | https://habitat.org/stories/research-series-how-do-racial-inequities-limit-homeownership-opportunities
[194/1,559] http_error | https://transcare.ucsf.edu/guidelines/insurance
[195/1,559] OK | https://pmc.ncbi.nlm.nih.gov/articles/PMC7322061
[196/1,559] OK | https://youtube.com/watch?t=23&v=09Ks_25Saao
[197/1,559] http_error | https://journals.sagepub.com/doi/10.1177/21533687251314137
[198/1,559] OK | https://movingdots.com/news-insights/barriers-that-hinder-womens-career-advancement
[199/1,559] robots_disallowed | https://linkedin.com/top-content/recruitment-hr/importance-of-hiring-practices/how-job-postings-impact-female-hiring-rat
[200/1,559] OK | https://pmc.ncbi.nlm.nih.gov/articles/PMC10081699
[201/1,559] OK | https://gendergp.com/blog/being-trans-and-gender-diverse-at-the-workplace-discrimination
[202/1,559] robots_disallowed | https://facebook.com/linerlegal/posts/top-5%EF%B8%8F%E2%83%A3-conditions-that-automatically-qualify-for-ssd-share-with-s
[203/1,559] OK | https://crr.bc.edu/many-barriers-hinder-rural-use-of-government-programs
[204/1,559] OK | https://safetyandjusticechallenge.org/blog/reshaping-the-justice-system-for-people-with-disabilities
[205/1,559] http_error | https://healthaffairs.org/doi/abs/10.1377/hlthaff.2025.00375
[206/1,559] http_error | https://journals.calstate.edu/arcjs/article/download/4048/3532/12477
[207/1,559] OK | https://pmc.ncbi.nlm.nih.gov/articles/PMC4802845
[208/1,559] OK | https://nsvrc.org/blog_post/what-connection-between-housing-inequality-sexual-violence-and-white-supremacy
[209/1,559] OK | https://frontiersin.org/journals/psychology/articles/10.3389/fpsyg.2025.1664252/full
[210/1,559] OK | https://frontiersin.org/journals/public-health/articles/10.3389/fpubh.2026.1765145/full
[211/1,559] OK | https://news.cornell.edu/stories/2017/11/people-disabilities-more-likely-be-arrested
[212/1,559] OK | https://sentencingproject.org/reports/mass-incarceration-trends
[213/1,559] OK | https://equityinhighered.org/wp-content/uploads/2019/02/REHE-Exec-Summary-FINAL.pdf
[214/1,559] http_error | https://ncsl.org/human-services/introduction-to-benefits-cliffs-and-public-assistance-programs
[215/1,559] OK | https://dev.cjcenter.org/_files/apcj/1_1_homophobia.pdf
[216/1,559] OK | https://pmc.ncbi.nlm.nih.gov/articles/PMC5227943
[217/1,559] http_error | https://academic.oup.com/socpro/article/29/2/167/1674620
[218/1,559] OK | https://kff.org/affordable-care-act/demographics-insurance-coverage-and-access-to-care-among-transgender-adults
[219/1,559] OK | https://pmc.ncbi.nlm.nih.gov/articles/PMC7173312
[220/1,559] OK | https://bankrate.com/
[221/1,559] http_error | https://cdc.gov/mmwr/volumes/73/su/su7301a5.htm
[222/1,559] OK | https://womensworldbanking.org/insights/policy-handbook-for-womens-financial-inclusion
[223/1,559] OK | https://nlihc.org/resource/latino-households-face-challenges-accessing-housing-assistance-programs
[224/1,559] OK | https://chir.georgetown.edu/health-policy-pride-an-overview-of-private-coverage-issues-impacting-the-lgbtq-community
[225/1,559] OK | https://researchberg.com/index.php/rcba/article/view/116/112
[226/1,559] http_error | https://bls.gov/blog/2024/employment-trends-of-hispanics-in-the-us-labor-force.htm
[227/1,559] robots_disallowed | https://linkedin.com/pulse/when-skills-equal-hidden-factors-influence-hiring-decisions-fwjyf
[228/1,559] http_error | https://medstarhealth.org/blog/patient-safety-racism
[229/1,559] OK | https://thearc.org/blog/medicaid-and-snap-cuts-whats-happening-and-what-you-can-do
[230/1,559] OK | https://journalistsresource.org/politics-and-government/disabilities-insurance-affordable-care-act
[231/1,559] http_error | http://americanprogress.org/article/african-americans-face-systematic-obstacles-getting-good-jobs
[232/1,559] robots_disallowed | https://link.springer.com/article/10.1007/s12111-015-9295-z
[233/1,559] OK | https://frontiersin.org/journals/education/articles/10.3389/feduc.2025.1750921/full
[234/1,559] http_error | https://cis.org/Report/NonCitizen-Use-Welfare-Region-and-Country-Birth
[235/1,559] http_error | https://emerald.com/sc/article/14/4/183/342705/Policing-uncontrollable-banshees-factors
[236/1,559] http_error | https://commons.library.stonybrook.edu/cgi/viewcontent.cgi?article=1092&context=nyjsa
[237/1,559] OK | https://univ-tours.hal.science/hal-03375121/document
[238/1,559] OK | https://pmc.ncbi.nlm.nih.gov/articles/PMC10276116
[239/1,559] http_error | https://ppic.org/publication/police-use-of-force-and-misconduct-in-california
[240/1,559] robots_disallowed | https://facebook.com/groups/uclablackalumni/posts/10162083971079837
[241/1,559] http_error | https://emerald.com/jsm/article-split/39/5/531/1254237/Unveiling-barriers-and-opportunities-for-LGBTQIA
[242/1,559] OK | https://jaramilla.com/blog/understanding-systemic-discrimination-in-corporate-hiring-practices
[243/1,559] OK | https://studyonline.ecu.edu.au/blog/how-does-gender-affect-educational-opportunity
[244/1,559] http_error | https://wiserwomen.org/resources/social-security-resources/social-security-what-every-woman-needs-to-know
[245/1,559] OK | https://sites.uab.edu/humanrights/2022/01/17/injustice-in-the-justice-system-disability-schools-and-incarceration
[246/1,559] OK | https://pmc.ncbi.nlm.nih.gov/articles/PMC9891494
[247/1,559] OK | https://youtube.com/shorts/_DAJugTozQs
[248/1,559] http_error | https://sciencedirect.com/science/article/pii/S0927537120300646
[249/1,559] http_error | https://americanprogress.org/article/lgbtqi-nondiscrimination-laws-improve-economic-physical-and-mental-well-being
[250/1,559] OK | https://researchwithrowan.com/en/publications/an-exploration-of-officer-gender-and-use-of-force-incidents-in-a-
[251/1,559] http_error | https://tandfonline.com/doi/full/10.1080/07294360.2025.2526806
[252/1,559] OK | https://williamsinstitute.law.ucla.edu/publications/latinx-lgbt-workplace-experiences
[253/1,559] OK | https://cgap.org/blog/banking-on-change-enabling-womens-access-to-financial-services
[254/1,559] OK | https://unidosus.org/progress-report/exploring-opportunities-for-and-barriers-to-latino-participation-in-the-modern-work
[255/1,559] OK | https://pmc.ncbi.nlm.nih.gov/articles/PMC11363849
[256/1,559] hard_timeout | https://uncdf.org/article/9264/access-to-finance-alone-is-not-enough-women-entrepreneurs-need-a-level-playing-field
[257/1,559] http_error | https://lapdonline.org/newsroom/policy-on-the-use-of-force-revised
[258/1,559] OK | https://pmc.ncbi.nlm.nih.gov/articles/PMC5106500
[259/1,559] http_error | https://bankrate.com/banking/banks-that-are-lgbtq-friendly
[260/1,559] OK | https://cnbc.com/2024/02/02/men-benefit-more-from-their-looks-at-work-than-women-do-new-research-shows.html
[261/1,559] http_error | https://academic.oup.com/icon/article/21/2/649/7175197
[262/1,559] OK | https://pmc.ncbi.nlm.nih.gov/articles/PMC7893374
[263/1,559] OK | https://ccmh.psu.edu/index.php?day=29&id=26%3Aexploring-collegiate-trends-in-diverse-sexual-orientation-the-view-from-ab
[264/1,559] OK | https://pubmed.ncbi.nlm.nih.gov/27473922
[265/1,559] http_error | https://journals.sagepub.com/doi/abs/10.1177/10986111251372007
[266/1,559] curl_error | https://ssa.gov/policy/docs/ssb/v67n2/v67n2p73.html
[267/1,559] curl_error | https://pioneerpublisher.com/slj/article/view/1108
[268/1,559] http_error | https://ajph.aphapublications.org/doi/full/10.2105/AJPH.2007.123927
[269/1,559] OK | https://eeoc.gov/federal-sector/report/eeoc-african-american-workgroup-report
[270/1,559] OK | https://salud-america.org/what-do-latinos-think-about-preventative-care
[271/1,559] OK | https://pmc.ncbi.nlm.nih.gov/articles/PMC12228652
[272/1,559] http_error | https://ama-assn.org/about/leadership/maintaining-preventive-coverage-vital-public-health
[273/1,559] http_error | https://sciencedirect.com/science/article/abs/pii/S0047235221000490
[274/1,559] OK | https://hispanicresearchcenter.org/research-resources/highlights-decade-research-supports-economic-self-sufficiency-lati
[275/1,559] http_error | https://sciencedirect.com/science/article/pii/S2590291125006060
[276/1,559] OK | https://pathways.gseis.ucla.edu/publications/201307_HSConditionsRB.pdf
[277/1,559] OK | https://cbcfinc.org/blog/five-key-policy-issues-for-black-americans-in-2026
[278/1,559] OK | https://pmc.ncbi.nlm.nih.gov/articles/PMC6309763
[279/1,559] http_error | https://humanrights.gov.au/resource-hub/disability-rights/access-education-students-disability
[280/1,559] OK | https://unidosus.org/blog/2026/06/16/federal-snap-cuts-have-denied-millions-of-latinos-and-other-americans-help-paying-f
[281/1,559] OK | https://ojp.gov/ncjrs/virtual-library/abstracts/investigative-detention-constitutional-constraints-police-use-force
[282/1,559] http_error | https://stacks.cdc.gov/view/cdc/128469
[283/1,559] http_error | https://cbpp.org/research/poverty-and-inequality/expanding-work-requirements-would-make-it-harder-for-people-to-meet
[284/1,559] robots_disallowed | https://linkedin.com/posts/madelinemann_recruiting-career-lookingforjob-activity-7397665485141524480-26hi
[285/1,559] http_error | https://academicworks.cuny.edu/cgi/viewcontent.cgi?article=6918&context=gc_etds
[286/1,559] http_error | https://americanprogress.org/article/protecting-basic-living-standards-lgbtq-people
[287/1,559] http_error | https://stephaniehahn.com/blog/2023/03/3-factors-that-increase-the-risk-of-workplace-sexual-harassment
[288/1,559] OK | https://nlc.org/article/2022/10/28/barriers-existing-practices-recommendations-in-housing-for-hispanic-latinx-latinoa-re
[289/1,559] OK | https://annuities.pacificlife.com/home/resources/retirement-landscape/blog/2025/three-retirement-planning-opportunities-
[290/1,559] OK | https://pmc.ncbi.nlm.nih.gov/articles/PMC11195964
[291/1,559] OK | https://aspe.hhs.gov/sites/default/files/documents/125e672c9d7b9fa620ec62afe0435160/ASPE_Latino_Health_Coverage_IB.pdf
[292/1,559] OK | https://endhomelessness.org/resources/research-and-analysis/demographic-data-project-geography
[293/1,559] OK | https://rasmussen.edu/degrees/health-sciences/blog/patient-safety-in-hospitals
[294/1,559] OK | https://kff.org/medicaid/medicaid-and-chip-eligibility-enrollment-and-renewal-policies-as-states-prepare-for-major-medic
[295/1,559] OK | https://federalreserve.gov/econres/feds/how-much-does-racial-bias-affect-mortgage-lending.htm
[296/1,559] http_error | https://commonwealthfund.org/blog/2023/state-health-equity-initiatives-confront-decades-racism-insurance-industry
[297/1,559] http_error | https://commonwealthfund.org/publications/issue-briefs/2018/apr/how-affordable-care-act-has-affected-health-coverage-you
[298/1,559] OK | https://pmc.ncbi.nlm.nih.gov/articles/PMC2690299
[299/1,559] OK | https://eeoc.gov/laws/guidance/section-15-race-and-color-discrimination
[300/1,559] OK | https://ebsco.com/research-starters/history/welfares-impact-racialethnic-relations
[301/1,559] OK | https://health-access.org/federal-impacts-medicaid-renewals
[302/1,559] http_error | https://sciencedirect.com/science/article/abs/pii/S0190740909001819
[303/1,559] robots_disallowed | https://link.springer.com/article/10.1186/s12939-025-02603-2
[304/1,559] OK | https://wbur.org/cognoscenti/2023/10/19/racial-bullying-george-floyd-alexis-rickmers-oren-sellstrom
[305/1,559] OK | https://ehdinsurance.com/deep-dive-understanding-and-reducing-harassment-risk-factors
[306/1,559] OK | https://nacacnet.org/factors-in-the-admission-decision
[307/1,559] OK | https://pewresearch.org/social-trends/2013/12/11/chapter-3-what-men-women-value-in-a-job
[308/1,559] OK | https://unwomen.org/en/articles/facts-and-figures/facts-and-figures-economic-empowerment
[309/1,559] http_error | https://healthaffairs.org/content/briefs/implications-public-policies-lgbtqi-population-health-us
[310/1,559] http_error | https://ajpmonline.org/article/S0749-3797(25)00724-X/fulltext
[311/1,559] OK | https://abilitykc.org/5-commonly-faced-barriers-to-employment-that-persons-with-disabilities-often-face
[312/1,559] OK | https://williamsinstitute.law.ucla.edu/wp-content/uploads/Trans-Workplace-Discrimination-Nov-2024.pdf
[313/1,559] http_error | https://healthaffairs.org/doi/10.1377/hlthaff.2019.01361
[314/1,559] http_error | https://inc.com/replacemeplease1456157247.html
[315/1,559] OK | https://pmc.ncbi.nlm.nih.gov/articles/PMC4438581
[316/1,559] OK | https://pmc.ncbi.nlm.nih.gov/articles/PMC10937783
[317/1,559] OK | https://generations.asaging.org/supporting-lgbtq-older-adults-in-retirement-through-research-and-advocacy
[318/1,559] OK | https://transequality.org/news/new-report-details-failure-of-nation-s-police-departments-to-protect-and-serve-transgende
[319/1,559] OK | https://who.int/news-room/fact-sheets/detail/patient-safety
[320/1,559] OK | https://prisonpolicy.org/blog/2017/08/23/disability
[321/1,559] OK | https://endhomelessness.org/blog/examining-latino-homelessness
[322/1,559] OK | https://unitedwayplains.org/what-are-the-root-causes-of-homelessness
[323/1,559] OK | https://pmc.ncbi.nlm.nih.gov/articles/PMC12614286
[324/1,559] OK | https://familypromiseanoka.org/blog/disproportionate-homelessness
[325/1,559] OK | https://endhomelessness.org/blog/increases-in-individual-homelessness-a-gender-analysis
[326/1,559] http_error | https://emerald.com/edi/article/34/6/510/42368/The-impact-of-gay-friendly-recruitment-statements
[327/1,559] OK | https://policingproject.org/news-main/2019/11/27/the-importance-of-trans-sensitive-police-policies
[328/1,559] http_error | https://cangrade.com/blog/talent-acquisition/6-science-backed-ways-to-prioritize-hiring-women
[329/1,559] http_error | https://americanbar.org/groups/domestic_violence/Initiatives/five-for-five/five-facts-homelessness
[330/1,559] OK | https://pmc.ncbi.nlm.nih.gov/articles/PMC9662773
[331/1,559] OK | https://pewresearch.org/social-trends/2012/12/18/a-bipartisan-nation-of-beneficiaries
[332/1,559] OK | https://northeastada.org/blog/workplace-bullying-harassment-and-disability
[333/1,559] OK | https://nlihc.org/resource/research-finds-patterns-racial-inequality-housing-subsidy-programs
[334/1,559] OK | https://ncbi.nlm.nih.gov/books/NBK220738
[335/1,559] OK | https://mhanational.org/blog/challenges-being-lgbtq-workplace
[336/1,559] OK | https://healthcare.gov/how-plans-set-your-premiums
[337/1,559] OK | https://unesco.org/en/articles/what-you-need-know-about-school-violence-and-bullying
[338/1,559] OK | https://williamsinstitute.law.ucla.edu/publications/medicaid-trans-health-care
[339/1,559] OK | https://pmc.ncbi.nlm.nih.gov/articles/PMC5763841
[340/1,559] OK | https://brookings.edu/articles/an-analysis-of-financial-institutions-in-black-majority-communities-black-borrowers-and-d
[341/1,559] OK | https://aibm.org/research/jobs-by-gender
[342/1,559] OK | https://williamsinstitute.law.ucla.edu/press/lgbtq-college-decisions
[343/1,559] http_error | https://archive-housingmatters.urban.org/articles/five-facts-about-housing-access-lgbt-people
[344/1,559] OK | https://specialneedsalliance.org/special-needs-101/government-benefits
[345/1,559] OK | https://latino.ucla.edu/press/ucla-lppi-study-reveals-housing-challenges-for-latino-renters-in-los-angeles
[346/1,559] OK | https://sph.umn.edu/news/7-factors-of-career-success
[347/1,559] OK | https://pmc.ncbi.nlm.nih.gov/articles/PMC7384261
[348/1,559] OK | https://pmc.ncbi.nlm.nih.gov/articles/PMC4718646
[349/1,559] OK | https://nlc.org/article/2023/08/17/housing-for-individuals-with-disabilities
[350/1,559] http_error | https://cbpp.org/research/poverty-and-inequality/a-frayed-and-fragmented-system-of-supports-for-low-income-adults
[351/1,559] OK | https://futureofhousing.aarp.org/systemic-barriers
[352/1,559] OK | https://disabilityrightsflorida.org/blog/entry/5_reasons_to_hire_people_with_disabilities
[353/1,559] OK | https://mapresearch.org/press-release/protecting-our-lgbt-elders-an-overview-of-lgbt-aging-issues
[354/1,559] OK | https://pewresearch.org/short-reads/2023/08/31/black-workers-views-and-experiences-in-the-us-labor-force-stand-out-in-ke
[355/1,559] OK | https://brookings.edu/articles/the-male-college-crisis-is-not-just-in-enrollment-but-completion
[356/1,559] http_error | https://sofi.com/learn/content/disability-loan
[357/1,559] OK | https://worksupport.com/research/documents/pdf/jablonskietal2024employmentbarriersexperiencedatdifferentjobacquisitionst
[358/1,559] OK | https://milbank.org/quarterly/opinions/the-confusing-landscape-of-gender-affirming-care-for-transgender-medicaid-patient
[359/1,559] OK | https://pmc.ncbi.nlm.nih.gov/articles/PMC11055463
[360/1,559] OK | https://irp.wisc.edu/resource/connections-among-poverty-incarceration-and-inequality
[361/1,559] OK | https://pmc.ncbi.nlm.nih.gov/articles/PMC3669464
[362/1,559] OK | https://endhomelessness.org/resources/research-and-analysis/demographic-data-project-race
[363/1,559] OK | https://solutionsfdl.org/homelessness-fond-du-lac/what-causes-homelessness
[364/1,559] http_error | https://connective.medium.com/public-benefits-are-so-tough-to-navigate-that-people-dont-use-them-5f7c3a1f02cd
[365/1,559] OK | https://ncan.org/Web/News/Race-Conscious-Admissions-and-Black-Students-The-Past-Present-and-Future.aspx
[366/1,559] curl_error | https://faireconomy.org/11_ways_the_federal_government_contributed_to_the_racial_wealth_divide
[367/1,559] http_error | https://abi.org/feed-item/factors-that-threaten-your-social-security-disability-benefits
[368/1,559] http_error | https://vitalrecord.tamu.edu/how-race-and-racial-perceptions-shape-public-assistance-policy-opinions
[369/1,559] OK | https://pmc.ncbi.nlm.nih.gov/articles/PMC2811044
[370/1,559] OK | https://mapresearch.org/report/unjust-how-the-broken-criminal-justice-system-fails-transgender-people
[371/1,559] OK | https://pmc.ncbi.nlm.nih.gov/articles/PMC10811440
[372/1,559] OK | https://pmc.ncbi.nlm.nih.gov/articles/PMC2712944
[373/1,559] OK | https://transequality.org/news/act-now-protect-our-healthcare
[374/1,559] OK | https://mx.com/research/what-influences-where-consumers-choose-to-bank
[375/1,559] OK | https://aahd.us/2025/03/dhjo-disability-benefits-decision-making
[376/1,559] OK | https://pmc.ncbi.nlm.nih.gov/articles/PMC4764796
[377/1,559] OK | https://vermontpublic.org/2013-10-22/getting-federal-benefits-to-gay-couples-its-complicated
[378/1,559] OK | https://pmc.ncbi.nlm.nih.gov/articles/PMC13253046
[379/1,559] OK | https://latino.ucla.edu/research/hr1-medi-cal-cal-fresh-beneficiaries
[380/1,559] OK | https://home.treasury.gov/news/featured-stories/racial-inequality-in-the-united-states
[381/1,559] OK | https://home.ecri.org/blogs/guidance-insights-tools/enhancing-patient-safety-through-systems-thinking-in-healthcare
[382/1,559] OK | https://pmc.ncbi.nlm.nih.gov/articles/PMC12241181
[383/1,559] http_error | https://phys.org/news/2026-09-analysis-socioeconomic-health-factors-disability.html
[384/1,559] OK | https://jhmhp.amegroups.org/article/view/9170/html
[385/1,559] OK | https://pewresearch.org/short-reads/2025/11/14/what-the-data-says-about-food-stamps-in-the-us
[386/1,559] OK | https://scielo.org.za/scielo.php?pid=S0256-01002025000600013&script=sci_arttext
[387/1,559] OK | https://blog.csba.org/majority-report
[388/1,559] OK | https://williamsinstitute.law.ucla.edu/publications/police-public-arrests-trans-people
[389/1,559] OK | https://usdigitalresponse.org/resources/the-stories-of-medicaid-renewal-insights-from-those-experiencing-it
[390/1,559] robots_disallowed | https://iopscience.iop.org/article/10.1088/1757-899X/390/1/012021/pdf
[391/1,559] http_error | https://immigrantjustice.org/sites/default/files/INSECURE_COMMUNITIES_REPORT_FINAL.PDF
[392/1,559] http_error | https://sciencedirect.com/science/article/abs/pii/S0047235210000218
[393/1,559] OK | https://scholarlycommons.law.emory.edu/elj/vol70/iss7/7
[394/1,559] http_error | https://americanprogress.org/article/racial-disparities-home-appreciation
[395/1,559] OK | https://fiveable.me/sociology-of-education/unit-2/gender-educational-opportunities/study-guide/xfDWjXtpSezzdYpg
[396/1,559] OK | https://azcentralcu.org/blog/latinos-build-credit
[397/1,559] OK | https://usafacts.org/articles/what-the-data-shows-about-police-use-of-force-by-race
[398/1,559] http_error | https://crimrxiv.com/pub/spfg4hk6/release/1
[399/1,559] http_error | https://sites.marsal.umich.edu/mac/research-initiatives/stratification-and-inequality-among-selective-colleges
[400/1,559] OK | https://pmc.ncbi.nlm.nih.gov/articles/PMC10335036
[401/1,559] OK | https://justiceinaging.org/equity-in-aging-public-benefits-and-the-realities-of-black-older-adults
[402/1,559] http_error | https://acpjournals.org/doi/10.7326/ANNALS-24-02446
[403/1,559] OK | https://shine.lab.uconn.edu/wp-content/uploads/sites/3321/2021/06/lessard_watson___puhl_2020.joya_.pdf
[404/1,559] OK | https://pmc.ncbi.nlm.nih.gov/articles/PMC11862866
[405/1,559] http_error | https://americanprogress.org/article/the-facts-about-americans-who-receive-public-benefits
[406/1,559] OK | https://youtube.com/watch?t=41&v=_TUydUMazkc
[407/1,559] OK | https://action.deloitte.com/insight/3546/creative-with-credit-how-banks-can-assist-people-with-disabilities
[408/1,559] OK | https://sentencingproject.org/press-releases/new-report-three-causes-of-racial-inequity-in-the-criminal-legal-system
[409/1,559] OK | https://theconversation.com/more-americans-of-all-political-stripes-support-government-benefits-for-low-income-people-an
[410/1,559] OK | https://southerneducation.org/in-the-news/u-s-still-has-miles-to-go-to-increase-black-students-educational-opportunities
[411/1,559] http_error | https://voxdev.org/voxdevlit/female-labour-force-participation-issue-2/factors-affecting-womens-decision-participate
[412/1,559] OK | https://pmc.ncbi.nlm.nih.gov/articles/PMC7088168
[413/1,559] http_error | https://cgdev.org/blog/promoting-womens-financial-inclusion-quiet-revolution-taking-place-financial-sector
[414/1,559] http_error | https://sciencedirect.com/science/article/pii/S2590291126008223
[415/1,559] OK | https://pmc.ncbi.nlm.nih.gov/articles/PMC9291436
[416/1,559] OK | https://pmc.ncbi.nlm.nih.gov/articles/PMC10323979
[417/1,559] OK | https://askearn.org/page/disability-employment-in-the-workplace
[418/1,559] hard_timeout | https://in.gov/icrc/enforcement/credit/disability-and-access-to-credit
[419/1,559] http_error | https://researchgate.net/publication/247738283_Heterosexism_in_the_Workplace
[420/1,559] http_error | https://osha.gov/workplace-violence
[421/1,559] http_error | https://forbes.com/sites/forbeseq/2025/07/08/the-business-benefits-of-hiring-people-with-disabilities
[422/1,559] OK | https://kff.org/womens-health-policy/health-policy-101-health-policy-issues-in-womens-health
[423/1,559] OK | https://fedemploylaw.com/lgbtq-harassment-in-the-workplace-how-to-identify-prove-it
[424/1,559] OK | https://pmc.ncbi.nlm.nih.gov/articles/PMC4111266
[425/1,559] OK | https://pmc.ncbi.nlm.nih.gov/articles/PMC5650246
[426/1,559] OK | https://pmc.ncbi.nlm.nih.gov/articles/PMC9716543
[427/1,559] OK | https://odphp.health.gov/healthypeople/priority-areas/social-determinants-health/literature-summaries/access-health-serv
[428/1,559] OK | https://pacer.org/bullying/info/students-with-disabilities
[429/1,559] OK | https://pmc.ncbi.nlm.nih.gov/articles/PMC7024623
[430/1,559] OK | https://youtube.com/watch?t=2&v=bT4TU4Scx7c
[431/1,559] OK | https://library.hbs.edu/working-knowledge/breaking-through-the-self-doubt-that-keeps-talented-women-from-leading
[432/1,559] hard_timeout | https://tiogacentral.org/Downloads/Fact%20Sheet%20on%20Students%20with%20Disabilities.pdf
[433/1,559] OK | https://pmc.ncbi.nlm.nih.gov/articles/PMC6511003
[434/1,559] robots_disallowed | https://facebook.com/lalgbtcenter/posts/a-new-study-found-that-lgbtq-people-experience-housing-insecurity-at-a-higher-ra
[435/1,559] OK | https://home.treasury.gov/news/featured-stories/racial-equity-benefits-all-americans
[436/1,559] OK | https://ofboysandmen.substack.com/p/how-colleges-turned-pink
[437/1,559] OK | https://pmc.ncbi.nlm.nih.gov/articles/PMC9028848
[438/1,559] OK | https://youtube.com/watch?v=vTBF_-gfT-o
[439/1,559] OK | https://williamsinstitute.law.ucla.edu/wp-content/uploads/Trans-Higher-Ed-Aug-2018.pdf
[440/1,559] OK | https://healthcity.bmc.org/why-safe-housing-pivotal-transgender-womens-health
[441/1,559] OK | https://sentencingproject.org/reports/one-in-five-disparities-in-crime-and-policing
[442/1,559] hard_timeout | https://archives.hud.gov/reports/barriers.cfm
[443/1,559] http_error | https://yesmagazine.org/issue/a-new-social-justice/2021/11/15/banking-bipoc-businesses
[444/1,559] OK | https://prisonpolicy.org/reports/pie2024women.html
[445/1,559] OK | https://justiceinaging.org/policy-reforms-to-better-connect-older-adults-and-individuals-with-disabilities-to-ssi-and-ot
[446/1,559] OK | https://pmc.ncbi.nlm.nih.gov/articles/PMC12812978
[447/1,559] OK | https://siepr.stanford.edu/news/qa-whats-behind-gender-gap-disability-benefits
[448/1,559] http_error | https://healthaffairs.org/doi/10.1377/hlthaff.2023.00994
[449/1,559] OK | https://pmc.ncbi.nlm.nih.gov/articles/PMC12311976
[450/1,559] http_error | https://consumerfinance.gov/archive/newsroom/consumer-financial-protection-bureau-study-finds-consumers-lower-income-are
[451/1,559] OK | https://defendernetwork.com/news/education/black-youth-bullying-challenges
[452/1,559] OK | https://study.com/academy/lesson/video/what-is-homelessness-definition-causes-effects.html
[453/1,559] OK | https://ilo.org/resource/other/gender-and-financial-inclusion
[454/1,559] OK | https://youtube.com/watch?t=667s&v=jSqF4hs6910
[455/1,559] http_error | https://sciencedirect.com/science/article/pii/S1568484926000031
[456/1,559] OK | https://feed.georgetown.edu/access-affordability/anti-dei-policies-a-threat-to-colleges-recruitment-of-male-applicants
[457/1,559] http_error | https://americanprogress.org/article/fact-sheet-lgbt-workers-in-the-labor-market
[458/1,559] OK | https://ijetsar.com/index.php/pub/article/view/318
[459/1,559] http_error | https://cbpp.org/research/health/looking-across-the-landscape-state-opportunities-to-increase-access-to-snap
[460/1,559] OK | https://pmc.ncbi.nlm.nih.gov/articles/PMC12117312
[461/1,559] OK | https://kff.org/racial-equity-and-health-policy/how-present-day-health-disparities-for-black-people-are-linked-to-past-p
[462/1,559] OK | https://harvardfcu.org/blog/the-importance-of-disability-employment
[463/1,559] OK | https://pmc.ncbi.nlm.nih.gov/articles/PMC10000362
[464/1,559] OK | https://evidencebasedmentoring.org/lgbtq-college-student-guide
[465/1,559] OK | https://budgetandpolicy.org/resources-tools/2020/01/Gender-equity-fact-sheet.pdf
[466/1,559] OK | https://disabilityin.org/articles-and-updates/talent-on-the-move-professionals-with-disabilities-are-changing-firms-to-g
[467/1,559] OK | https://rsisinternational.org/journals/ijriss/articles/structural-inequalities-and-racial-barriers-to-education-attainme
[468/1,559] OK | https://jphmpdirect.com/homelessness-among-individuals-with-disabilities
[469/1,559] OK | https://youtube.com/watch?t=8&v=hzWciDUKAPA
[470/1,559] OK | https://complyeq.com/resources/articles/transgender-issues-workplace-abuse-hiring-discrimination
[471/1,559] OK | https://unicef.org/education/girls-education
[472/1,559] OK | https://pmc.ncbi.nlm.nih.gov/articles/PMC4643365
[473/1,559] OK | https://apha.org/publications/public-health-newswire/public-health-newswire/articles/women-in-law-enforcement-are-more-l
[474/1,559] OK | https://pmc.ncbi.nlm.nih.gov/articles/PMC8726680
[475/1,559] OK | https://cawc.org/news/understanding-domestic-violence-and-homelessness
[476/1,559] OK | https://pmc.ncbi.nlm.nih.gov/articles/PMC10661442
[477/1,559] OK | https://adata.org/research-brief/experience-discrimination-and-ada
[478/1,559] OK | https://niwr.org/2025/05/20/policy-brief-how-dei-combats-discrimination
[479/1,559] http_error | https://davisvanguard.org/2026/08/california-police-perceived-transgender-disparities
[480/1,559] http_error | https://sciencedirect.com/science/article/abs/pii/S0047235225000017
[481/1,559] http_error | https://stopbullying.gov/bullying/at-risk
[482/1,559] OK | https://youtube.com/watch?v=KmfTFZ90zsM
[483/1,559] OK | https://pmc.ncbi.nlm.nih.gov/articles/PMC11418443
[484/1,559] robots_disallowed | https://digitalgovernmenthub.org/library/using-snap-data-for-medicaid-renewals-can-keep-eligible-beneficiaries-enrolled
[485/1,559] OK | https://pmc.ncbi.nlm.nih.gov/articles/PMC5494033
[486/1,559] OK | https://federalreserve.gov/publications/2024-economic-well-being-of-us-households-in-2023-banking-credit.htm
[487/1,559] http_error | https://consumerfinance.gov/archive/newsroom/cfpb-provides-guidance-to-help-lenders-avoid-discrimination-against-consume
[488/1,559] http_error | https://finhealthnetwork.org/research/who-trusts-financial-institutions?ki-cf-botcl=1
[489/1,559] OK | https://ballardbrief.byu.edu/issue-briefs/mass-incarceration-in-the-united-states
[490/1,559] http_error | https://cbpp.org/research/health/opportunities-for-states-to-coordinate-medicaid-and-snap-renewals
[491/1,559] OK | https://pmc.ncbi.nlm.nih.gov/articles/PMC8606364
[492/1,559] OK | https://williamsinstitute.law.ucla.edu/publications/transgender-higher-ed
[493/1,559] OK | https://youtube.com/watch?t=466&v=vK11Srr1vSE
[494/1,559] OK | https://latino.ucla.edu/debunking-myths-about-latinos-and-medicaid
[495/1,559] OK | https://digitalgovernmenthub.org/wp-content/uploads/2023/08/adminburden_differential.pdf
[496/1,559] OK | https://changingperspectivesnow.org/2024/07/10/disability-inclusion-in-education-the-benefits-importance-for-all-student
[497/1,559] OK | https://pmc.ncbi.nlm.nih.gov/articles/PMC12449720
[498/1,559] OK | https://federalreserve.gov/econres/notes/feds-notes/gender-related-differences-in-credit-use-and-credit-scores-20180622.
[499/1,559] OK | https://files.eric.ed.gov/fulltext/EJ962511.pdf
[500/1,559] http_error | https://academic.oup.com/gerontologist/article/65/8/gnaf163/8186160
[501/1,559] OK | https://publications.csba.org/california-school-news/february-2022/latino-student-participation-success-in-college-can-b
[502/1,559] OK | https://solarisgroup.com/blog/finance-for-everyone
[503/1,559] http_error | https://americanprogress.org/article/occupational-segregation-in-america
[504/1,559] http_error | https://tuc.org.uk/research-analysis/reports/bullying-harassment-and-discrimination-disabled-people-workplace
[505/1,559] OK | https://jbhe.com/2024/08/racial-differences-in-victims-of-school-crime-and-bullying
[506/1,559] http_error | https://mercatus.org/research/data-visualizations/more-americans-dependent-disability-longer
[507/1,559] http_error | https://voxdev.org/topic/firms/expanding-credit-access-women-entrepreneurs
[508/1,559] OK | https://experian.com/blogs/ask-experian/credit-education/score-basics/what-affects-your-credit-scores
[509/1,559] OK | https://npr.org/2024/04/11/1243713272/resume-bias-study-white-names-black-names
[510/1,559] OK | https://cms.gov/newsroom/fact-sheets/how-affordable-care-act-helping-men-lead-healthier-lives-afford-health-insurance
[511/1,559] OK | https://thearc.org/policy-advocacy/housing
[512/1,559] OK | https://careercenter.fresnostate.edu/blog/2024/06/14/trans-and-non-binary-career-advancement-how-to-overcome-challenges-
[513/1,559] OK | https://pubmed.ncbi.nlm.nih.gov/36931857
[514/1,559] OK | https://digitalgovernmenthub.org/wp-content/uploads/2025/12/Racial-and-Ethnic-Differences-in-Experiencing-Administrative
[515/1,559] OK | https://pmc.ncbi.nlm.nih.gov/articles/PMC10824976
[516/1,559] OK | https://finmkt.io/blog-posts/how-creditworthiness-determines-consumer-approval-rates
[517/1,559] OK | https://nnedv.org/spotlight_on/impact-safe-housing-survivors
[518/1,559] http_error | https://cbpp.org/research/food-assistance/administrative-burden-and-procedural-denials-in-the-supplemental-nutrition
[519/1,559] OK | https://brookings.edu/articles/how-our-education-system-undermines-gender-equity
[520/1,559] OK | https://prisonpolicy.org/blog/2020/07/27/disparities
[521/1,559] OK | https://pmc.ncbi.nlm.nih.gov/articles/PMC1989108
[522/1,559] OK | https://feed.georgetown.edu/access-affordability/seeking-more-male-students-colleges-tailor-outreach-programming
[523/1,559] OK | https://pmc.ncbi.nlm.nih.gov/articles/PMC10126970
[524/1,559] OK | https://lrn.com/blog/being-transgender-at-work-insights-from-mckinsey-dei-report
[525/1,559] OK | https://hls.harvard.edu/bibliography/credit-scores-lending-and-psychosocial-disability
[526/1,559] http_error | https://cbpp.org/research/poverty-and-inequality/2025-budget-stakes-people-with-disabilities-could-lose-vital-health
[527/1,559] OK | https://pmc.ncbi.nlm.nih.gov/articles/PMC5271590
[528/1,559] OK | https://action4justice.org/legal_areas/detention
[529/1,559] http_error | https://housingca.org/policy/focus/causes
[530/1,559] OK | https://census.gov/library/working-papers/2025/adrm/CES-WP-25-45.html
[531/1,559] OK | https://kff.org/womens-health-policy/womens-health-care-utilization-and-costs-findings-from-the-2020-kff-womens-health-s
[532/1,559] OK | https://justiceinaging.org/newsroom/social-security-opens-to-survivors-of-same-sex-couples-who-could-not-marry
[533/1,559] OK | https://sddirect.org.uk/blog-article/why-lgbtqi-inclusive-education-so-important-and-what-can-be-done
[534/1,559] OK | https://disabilityhelpgroup.com/disability-benefits-denied-top-reasons
[535/1,559] http_error | https://leaders-in-law.com/key-factors-in-getting-approved-for-social-security-disability
[536/1,559] OK | https://pmc.ncbi.nlm.nih.gov/articles/PMC9565787
[537/1,559] OK | https://ncbi.nlm.nih.gov/books/NBK24693
[538/1,559] http_error | https://cbpp.org/research/poverty-and-inequality/poverty-reduction-programs-help-adults-lacking-college-degrees-the
[539/1,559] OK | https://theundercoverrecruiter.com/do-men-and-women-approach-the-job-hunt-differently
[540/1,559] OK | https://pmc.ncbi.nlm.nih.gov/articles/PMC4263117
[541/1,559] OK | https://pmc.ncbi.nlm.nih.gov/articles/PMC5723709
[542/1,559] OK | https://pmc.ncbi.nlm.nih.gov/articles/PMC7820533
[543/1,559] http_error | https://researchgate.net/publication/405278775_Male_and_Female_Youth%27s_Opportunities_to_Attend_Higher_Education_Gender
[544/1,559] OK | https://ssir.org/articles/entry/trans_forming_the_workplace_to_be_transgender_inclusive
[545/1,559] OK | https://eml.berkeley.edu/~webfac/cbrown/e251_f03/giuliano.pdf
[546/1,559] OK | https://latinojustice.org/en/news/national-poll-shows-latinos-are-concerned-about-police-violence-feel-less-safe-under-t
[547/1,559] http_error | https://commonwealthfund.org/publications/2018/sep/focus-reducing-racial-disparities-health-care-confronting-racism
[548/1,559] curl_error | https://law.georgetown.edu/gender-journal/in-print/volume-xxvi-issue-1-fall-2024/unforgetting-latinas-in-american-prison
[549/1,559] OK | https://pmc.ncbi.nlm.nih.gov/articles/PMC7453877
[550/1,559] OK | https://youtube.com/watch?t=68&v=_X1Yd5UFUvk
[551/1,559] OK | https://centerforhealthjournalism.org/our-work/reporting/barriers-home-ownership-latinos-california-have-long-lasting-ef
[552/1,559] OK | https://pubmed.ncbi.nlm.nih.gov/37782863
[553/1,559] OK | https://aha-inc.org/blog/common-barriers-to-housing-stabilityand-how-we-can-help-you-overcome-them
[554/1,559] OK | https://islg.cuny.edu/blog/complex-reality-women-jails
[555/1,559] OK | https://healthlaw.org/racial-disparities-persist-during-the-unwinding-of-the-medicaid-continuous-coverage-requirement
[556/1,559] OK | https://topcollegeconsultants.com/a-shifting-landscape-whats-changing-in-college-admissions-for-students-with-disabiliti
[557/1,559] http_error | https://americanprogress.org/article/how-to-address-the-administrative-burdens-of-accessing-the-safety-net
[558/1,559] robots_disallowed | https://idra.org/wp-content/uploads/2024/04/Literature-Review-Bullying-and-Harassment-in-Schools-Second-Edition-IDRA-202
[559/1,559] http_error | https://cdc.gov/disability-and-health/about/disability-and-health-information-for-healthcare-providers.html
[560/1,559] OK | https://indigo.uic.edu/articles/poster/Los_Encarcelados_Assessing_the_Increasing_Rate_of_Latinos_in_American_Prisons/279
[561/1,559] OK | https://pmc.ncbi.nlm.nih.gov/articles/PMC4838486
[562/1,559] OK | https://alignplatform.org/gender-norms-and-education/discriminatory-gender-norms-access-and-educational-attainment
[563/1,559] http_error | https://usa.edu/blog/career-advancement
[564/1,559] OK | https://pmc.ncbi.nlm.nih.gov/articles/PMC9599998
[565/1,559] OK | https://nationalacademies.org/read/9719/chapter/8
[566/1,559] OK | https://wfi-hub.org/resource/barrier/biases-that-center-men-as-financial-customers
[567/1,559] OK | https://hrc.org/resources/get-the-facts-on-transgender-healthcare
[568/1,559] OK | https://hrc.org/resources/fair-and-equal-housing-act
[569/1,559] OK | https://williamsinstitute.law.ucla.edu/publications/trans-students-higher-education
[570/1,559] OK | https://pmc.ncbi.nlm.nih.gov/articles/PMC5172593
[571/1,559] OK | https://pmc.ncbi.nlm.nih.gov/articles/PMC9173361
[572/1,559] OK | https://youtube.com/watch?t=38s&v=o7soCyte1RE
[573/1,559] http_error | https://urban.org/urban-wire/three-ways-improving-housing-stability-can-make-long-term-progress-toward-racial-equity
[574/1,559] http_error | https://americanprogress.org/article/systematic-inequality-economic-opportunity
[575/1,559] OK | https://pmc.ncbi.nlm.nih.gov/articles/PMC12129408
[576/1,559] OK | https://perigen.com/empowering-patient-safety-in-obstetrics-navigating-human-factors-with-technology
[577/1,559] OK | https://moonlawgroup.com/faqs/men-as-victims-of-sexual-harassment
[578/1,559] OK | https://womenshousingforum.org/our-research-2
[579/1,559] OK | https://pmc.ncbi.nlm.nih.gov/articles/PMC11658587
[580/1,559] OK | https://williamsinstitute.law.ucla.edu/publications/law-enforcement-lgbtq-people
[581/1,559] http_error | https://cdc.gov/mmwr/volumes/73/su/su7304a6.htm
[582/1,559] http_error | https://investopedia.com/lgbtq-marriage-and-personal-finance-5176477
[583/1,559] OK | https://ohchr.org/en/special-procedures/sr-housing/women-and-right-adequate-housing
[584/1,559] OK | https://nationalfairhousing.org/issue/access-to-credit
[585/1,559] OK | http://aclu.org/issues/racial-justice/race-and-criminal-justice
[586/1,559] OK | https://pmc.ncbi.nlm.nih.gov/articles/PMC5367473
[587/1,559] http_error | https://journals.sagepub.com/doi/10.1177/15365042251386835
[588/1,559] OK | https://housingsolutionstulsa.org/spotlight-on-lgbtq-homelessness-and-housing-insecurity
[589/1,559] OK | https://pmc.ncbi.nlm.nih.gov/articles/PMC12481928
[590/1,559] OK | https://pmc.ncbi.nlm.nih.gov/articles/PMC5441521
[591/1,559] OK | https://cryamerica.org/blogs/how-womens-empowerment-through-education-creates-generational-change
[592/1,559] OK | https://pmc.ncbi.nlm.nih.gov/articles/PMC10021551
[593/1,559] OK | https://pmc.ncbi.nlm.nih.gov/articles/PMC10530172
[594/1,559] http_error | https://disabilityrightsca.org/publications/bullying-and-harassment-of-students-with-disabilities
[595/1,559] OK | https://pmc.ncbi.nlm.nih.gov/articles/PMC8903243
[596/1,559] OK | https://ncrc.org/lending-and-the-lgbtq-community-creating-a-fair-marketplace-for-queer-borrowers
[597/1,559] http_error | https://cbpp.org/research/easing-benefit-enrollment-and-retention-by-reducing-the-burden-of-providing-verification
[598/1,559] OK | https://nij.ojp.gov/library/publications/understanding-use-force-and-against-police-research-brief
[599/1,559] http_error | https://tandfonline.com/doi/full/10.1080/08974454.2023.2271464
[600/1,559] http_error | https://journals.sagepub.com/doi/abs/10.1177/1098611120957767
[601/1,559] OK | https://williamsinstitute.law.ucla.edu/publications/fehb-changes-trans-workers
[602/1,559] OK | https://pubmed.ncbi.nlm.nih.gov/24328621
[603/1,559] OK | https://pmc.ncbi.nlm.nih.gov/articles/PMC10742514
[604/1,559] OK | https://files.kff.org/attachment/womens-health-insurance-coverage-fact-sheet
[605/1,559] http_error | https://cato.org/cato-journal/fall/winter-1995/effect-race-sex-welfare-benefits
[606/1,559] OK | https://luminafoundation.org/resource/race-and-ethnicity-in-higher-education
[607/1,559] http_error | https://urban.org/urban-wire/young-adults-credit-trajectories-vary-widely-race-and-ethnicity
[608/1,559] http_error | https://tandfonline.com/doi/full/10.1080/01612840.2026.2673376
[609/1,559] http_error | https://urban.org/sites/default/files/2023-01/Strategies%20for%20Improving%20Public%20Benefits%20Access%20and%20Retentio
[610/1,559] OK | https://experian.com/blogs/ask-experian/how-does-ssi-ssdi-affect-my-credit
[611/1,559] http_error | https://sciencedirect.com/science/article/abs/pii/S0743016725003298
[612/1,559] http_error | https://newsnetwork.mayoclinic.org/discussion/health-disparities-in-preventive-screenings-for-african-americans
[613/1,559] OK | https://online.uwsuper.edu/degrees/education/msed/special-education/stop-special-ed-students-being-bullied
[614/1,559] OK | https://unfe.org/en/know-the-facts/challenges-solutions/lgbtiq-youth-bullying-and-violence-at-school
[615/1,559] OK | https://endhomelessness.org/blog/recognizing-women-experiencing-homelessness-a-womens-history-month-spotlight-on-downtow
[616/1,559] OK | https://pn3policy.org/pn-3-state-policy-roadmap-2022/us/admin-burden
[617/1,559] OK | https://youtube.com/watch?t=215&v=ydooO1jXTuc
[618/1,559] OK | https://pmc.ncbi.nlm.nih.gov/articles/PMC11108055
[619/1,559] OK | https://onlinedegrees.sandiego.edu/women-in-law-enforcement
[620/1,559] OK | https://saraharberson.com/blog/hidden-factors-that-influence-who-gets-in
[621/1,559] OK | https://taxoutreach.org/outreach-strategies/lgbtq-people
[622/1,559] OK | https://tgpdenver.org/publications/blog.html/article/2025/08/29/the-overlooked-connection-between-disability-and-homeles
[623/1,559] OK | https://pmc.ncbi.nlm.nih.gov/articles/PMC6927152
[624/1,559] OK | https://pubmed.ncbi.nlm.nih.gov/22081983
[625/1,559] http_error | https://abc10.com/article/money/nerdwallet/how-latino-credit-unions-clear-banking-barriers/606-3e5fa94f-12aa-4ee5-8395-5
[626/1,559] OK | https://equityinhighered.org/resources/ideas-and-insights/segregation-in-higher-education-and-unequal-paths-to-college-c
[627/1,559] OK | https://pmc.ncbi.nlm.nih.gov/articles/PMC5509345
[628/1,559] OK | https://chcs.org/medicaid-and-sexual-orientation-and-gender-identity-data-key-factors-for-more-equitable-data-collection
[629/1,559] OK | https://sjcexchange.org/blogs/matt-davis/2025/08/01/reshaping-the-justice-system-for-people-with-disab
[630/1,559] OK | https://unidosus.org/wp-content/uploads/2021/07/latinohomeownership_52118.pdf
[631/1,559] OK | https://cacp.gatech.edu/sites/default/files/2020-02/Barriers%20to%20Employment.pdf
[632/1,559] http_error | https://researchgate.net/publication/336656710_Racial_and_Ethnic_Differences_in_Bullying_Review_and_Implications_for_Int
[633/1,559] OK | https://transequality.org/issues/health-healthcare
[634/1,559] OK | https://thehrcfoundation.org/professional-resources/transgender-inclusive-benefits-for-employees-and-dependents
[635/1,559] http_error | https://healthaffairs.org/doi/10.1377/hlthaff.2022.01493
[636/1,559] http_error | https://urban.org/urban-wire/creating-avenues-financial-inclusion-latino-families
[637/1,559] http_error | https://urban.org/urban-wire/three-trends-lgbtq-homeownership-gaps-underscore-research-and-policy-needs
[638/1,559] OK | https://prntexas.org/top-10-facts-about-bullying-and-harassment-of-students-with-disabilities
[639/1,559] OK | https://highereddive.com/news/at-womens-colleges-trans-and-nonbinary-applicants-face-inconsistent-rules/567537
[640/1,559] OK | https://them.us/story/lgbtq-finances-bills-economic-insecurity
[641/1,559] OK | https://federalreserve.gov/publications/2022-economic-well-being-of-us-households-in-2021-banking-and-credit.htm
[642/1,559] OK | https://pmc.ncbi.nlm.nih.gov/articles/PMC10815774
[643/1,559] http_error | https://tandfonline.com/doi/full/10.1080/02673037.2025.2492781
[644/1,559] OK | https://understandinghouston.org/topic/economic-opportunity/access-to-credit-and-household-debt
[645/1,559] OK | https://experian.com/blogs/ask-experian/lgbtq-financial-inclusion
[646/1,559] OK | https://careerhub.students.duke.edu/blog/2025/02/03/how-can-i-advance-my-career-as-a-latino-professional
[647/1,559] OK | https://endhomelessness.org/blog/homelessness-and-black-history-access-to-housing
[648/1,559] OK | https://ovid.com/jnls/journalpatientsafety/abstract/10.1097/pts.0000000000001578~factors-associated-with-likelihood-of-e
[649/1,559] OK | https://valliance.bank/blog/credit-gaps-facing-women-business-owners
[650/1,559] http_error | https://doi.org/10.15781/T2CK6M
[651/1,559] OK | https://deloitte.com/us/en/insights/industry/financial-services/accessible-banking-for-disabled.html
[652/1,559] OK | https://transcanwork.org/news/span-classsqsrte-text-color-blackwhy-trans-employees-face-barriers-to-career-advancementnb
[653/1,559] http_error | https://tandfonline.com/doi/full/10.1080/26379112.2024.2357996
[654/1,559] http_error | https://weforum.org/stories/financial-and-monetary-systems/women-access-financial-services
[655/1,559] OK | https://opportunityinsights.org/paper/creditaccess
[656/1,559] OK | https://pmc.ncbi.nlm.nih.gov/articles/PMC12691752
[657/1,559] OK | https://williamsinstitute.law.ucla.edu/wp-content/archive/Impact-LGBT-Support-Workplace-May-2013.pdf
[658/1,559] http_error | https://ticas.org/anti-poverty/reconciliation-2025-snap-and-medicaid
[659/1,559] OK | https://pmc.ncbi.nlm.nih.gov/articles/PMC9222328
[660/1,559] OK | http://chci.org/wp-content/uploads/2026/04/2026-Denys-Castillo.pdf
[661/1,559] OK | https://eeoc.gov/chart-risk-factors-harassment-and-responsive-strategies
[662/1,559] OK | https://pmc.ncbi.nlm.nih.gov/articles/PMC8312312
[663/1,559] OK | https://shvs.org/resources/new-federal-rules-affecting-coverage-of-treatment-for-gender-dysphoria-considerations-for-sta
[664/1,559] OK | https://pmc.ncbi.nlm.nih.gov/articles/PMC5559891
[665/1,559] OK | https://news.iastate.edu/news/lower-approval-rates-higher-finance-fees-evidence-discrimination-same-sex-borrowers
[666/1,559] OK | https://nlc.org/article/2023/06/30/housing-for-lgbtqia
[667/1,559] OK | https://thetrevorproject.org/research-briefs/homelessness-and-housing-instability-among-lgbtq-youth-feb-2022
[668/1,559] OK | https://clasp.org/sites/default/files/Deep%20Dive%20-%20Medicaid%20Renewals%20-%2011-27.pdf
[669/1,559] http_error | https://comcastnewsmakers.com/Videos/2023/11/30/Disability-Rights-and-the-Criminal-Justice-System
[670/1,559] OK | https://bestcolleges.com/news/gender-inequity-in-selective-college-admissions
[671/1,559] OK | https://youtube.com/watch?t=17s&v=h4JhTOwNq-s
[672/1,559] OK | https://tacqe.com/employer-practices-for-hiring-people-with-disabilities-factsheet
[673/1,559] OK | https://endhomelessness.org/a-shortage-of-affordable-housing
[674/1,559] OK | https://pmc.ncbi.nlm.nih.gov/articles/PMC9803884
[675/1,559] OK | https://thearc.org/our-initiatives/criminal-justice
[676/1,559] OK | https://afterschoolalliance.org/afterschoolsnack/What-does-the-state-of-educational-opportunity-look-like-in_11-07-2024.
[677/1,559] http_error | https://bipartisanpolicy.org/report/understanding-and-addressing-racial-and-ethnic-disparities-in-housing
[678/1,559] http_error | https://urban.org/research/publication/how-do-financial-attitudes-and-preferences-vary-among-latine-consumers
[679/1,559] OK | https://kff.org/womens-health-policy/womens-health-insurance-coverage
[680/1,559] OK | https://poverty-action.org/what-we-know-about-womens-access-credit-and-what-ipa-doing-about-it
[681/1,559] OK | https://habitat.org/historic-housing-discrimination-us
[682/1,559] http_error | https://rand.org/pubs/articles/2022/the-impact-of-racism-on-patient-safety.html
[683/1,559] OK | https://bannerbank.com/financial-resources/blog/five-things-that-make-up-your-credit-score
[684/1,559] OK | https://ncbi.nlm.nih.gov/books/NBK259474
[685/1,559] curl_error | https://ssa.gov/pubs/EN-05-10029.pdf
[686/1,559] http_error | https://disabilityevidence.org/questions-evidence/how-do-we-overcome-barriers-accessing-higher-education-people-disabili
[687/1,559] OK | https://toptieradmissions.com/the-gender-gap-in-college-admissions
[688/1,559] OK | https://lifelinesupport.org/how-to-qualify
[689/1,559] OK | https://advocate.com/politics/medicaid-snap-lgbtq
[690/1,559] OK | https://aafp.org/about/policies/social-determinants-health-family-medicine-position-paper
[691/1,559] OK | https://pmc.ncbi.nlm.nih.gov/articles/PMC12428156
[692/1,559] OK | https://wa.gov.au/government/publications/sexuality-and-gender-based-bullying-schools-fact-sheet-students
[693/1,559] OK | https://pubmed.ncbi.nlm.nih.gov/12529894
[694/1,559] OK | https://youtube.com/watch?t=76&v=2eqk_2ZRybY
[695/1,559] OK | https://fortunahealth.com/insights/how-health-plans-reduce-medicaid-coverage-churn
[696/1,559] OK | https://latino.ucla.edu/research/key-facts-about-the-latino-workforce-across-california
[697/1,559] OK | https://ncld.org/understand-the-issues
[698/1,559] OK | https://williamsinstitute.law.ucla.edu/publications/transgender-workplace-discrim
[699/1,559] OK | https://wfi-hub.org/api/media/file/Biases%20that%20Center%20Men%20as%20Financial%20Customers-1.pdf
[700/1,559] OK | https://prisonpolicy.org/blog/2021/03/02/lgbtq
[701/1,559] OK | https://youtube.com/watch?t=43&v=wNYWDmy8gPo
[702/1,559] http_error | https://merlininvestor.com/2024/03/20/unveiling-the-factors-driving-the-gender-gap-in-financial-inclusion
[703/1,559] OK | https://pmc.ncbi.nlm.nih.gov/articles/PMC12218944
[704/1,559] http_error | https://credible.com/personal-loan/disability-loans
[705/1,559] OK | https://psychologytoday.com/us/blog/lgbtq-affirmative-psychology/202306/key-factors-related-to-lgbtq-bullying
[706/1,559] OK | https://unidosus.org/wp-content/uploads/2021/07/lb_credit.pdf
[707/1,559] http_error | https://urban.org/urban-wire/five-reasons-mass-incarceration-queer-issue
[708/1,559] OK | https://cgap.org/topics/women-financial-inclusion
[709/1,559] http_error | https://enb.iisd.org/4wcw/dpa-021.html
[710/1,559] curl_error | https://ussc.gov/research/research-reports/2023-demographic-differences-federal-sentencing
[711/1,559] OK | https://nahajskifirm.com/police-discretion-arrest-citation
[712/1,559] OK | https://frontiersin.org/journals/education/articles/10.3389/feduc.2025.1528899/full
[713/1,559] OK | https://files.eric.ed.gov/fulltext/ED658299.pdf
[714/1,559] http_error | https://journals.sagepub.com/doi/10.1177/14705958231180044
[715/1,559] OK | https://thetrevorproject.org/research-briefs/anti-lgbtq-school-policies-and-lgbtq-young-people
[716/1,559] http_error | https://housingmatters.urban.org/research-summary/transgender-and-gender-nonconforming-people-experiencing-housing-insec
[717/1,559] OK | https://disabilityadvice.org/ssdi/approval-process/approval-by-age
[718/1,559] OK | https://opportunityinsights.org/wp-content/uploads/2025/07/CreditAccess_Nontech.pdf
[719/1,559] robots_disallowed | https://digitalgovernmenthub.org/library/the-experience-of-administrative-burdens-in-snap-and-medicaid-new-evidence-from
[720/1,559] http_error | https://uhc.com/understanding-health-insurance/understanding-health-insurance-costs/types-of-health-insurance-costs/how-
[721/1,559] OK | https://pmc.ncbi.nlm.nih.gov/articles/PMC8794735
[722/1,559] OK | https://endhomelessness.org/systemic-racism-and-marginalization
[723/1,559] http_error | https://journals.sagepub.com/doi/10.1177/27526461221092429
[724/1,559] OK | https://nationaldisabilityinstitute.org/wp-content/uploads/2018/12/access-credit-brief.pdf
[725/1,559] http_error | https://americanprogress.org/article/the-medicaid-program-and-lgbt-communities-overview-and-policy-recommendations
[726/1,559] OK | https://youtube.com/watch?v=93TA06gnhdg
[727/1,559] OK | https://nationalacademies.org/read/14685/chapter/10
[728/1,559] http_error | https://journals.sagepub.com/doi/abs/10.1177/1043659614530761
[729/1,559] http_error | https://beckerspayer.com/payer/how-to-close-the-gap-why-members-avoid-preventive-care
[730/1,559] OK | https://pfva.org/what-leads-to-homelessness-top-causes
[731/1,559] OK | https://unitedwaynca.org/blog/racial-inequality-in-education
[732/1,559] OK | https://pmc.ncbi.nlm.nih.gov/articles/PMC10323066
[733/1,559] http_error | https://nationalmortgageprofessional.com/news/racial-gaps-mortgage-denials-persist-despite-industry-progress
[734/1,559] OK | https://pmc.ncbi.nlm.nih.gov/articles/PMC6661108
[735/1,559] http_error | https://tandfonline.com/doi/full/10.1080/26895269.2026.2656940
[736/1,559] OK | https://news.byu.edu/banks-offer-black-entrepreneurs-inferior-loans-even-when-they-are-better-qualified-than-peers
[737/1,559] OK | https://academybank.com/article/banking-trends-and-the-us-latino-population
[738/1,559] hard_timeout | https://diversityglobal.com/web/Article.aspx?id=Striving-for-Hispanic-and-Latino-Inclusion-in-the-Work-Environment-4840
[739/1,559] OK | https://ebsco.com/research-starters/politics-and-government/employment-among-african-americans
[740/1,559] OK | https://kff.org/racial-equity-and-health-policy/health-coverage-by-race-and-ethnicity
[741/1,559] http_error | https://forbes.com/sites/michaeltnietzel/2026/02/04/five-things-the-new-data-about-race-conscious-college-admissions-tel
[742/1,559] http_error | https://iadb.org/en/blog/urban-development-and-housing/three-factors-barring-women-accessing-housing-credit
[743/1,559] http_error | https://hopkinsmedicine.org/health/expert-qa/transgender-health-what-you-need-to-know
[744/1,559] robots_disallowed | https://instagram.com/reel/DTVS62HgXDZ
[745/1,559] OK | https://kitchenerexecutive.com/5-factors-that-impact-successful-recruitment-and-hiring
[746/1,559] OK | https://them.us/story/fighting-lgbtq-workplace-harassment
[747/1,559] OK | https://bja.ojp.gov/sites/bja/files/Publications/WomensPathwaysToJail.pdf
[748/1,559] http_error | https://hhs.gov/black-history-month/reading-list/index.html
[749/1,559] robots_disallowed | https://link.springer.com/article/10.1007/s40615-026-03159-9
[750/1,559] OK | https://salud-america.org/latinos-and-the-state-of-unemployment-insurance-and-government-benefits
[751/1,559] OK | https://youtube.com/watch?t=105&v=-oJPcnpXONA
[752/1,559] OK | https://youtube.com/watch?t=100&v=OQr00k_iJ3k
[753/1,559] http_error | https://gao.gov/blog/racial-disparities-education-and-role-government
[754/1,559] OK | https://cls.soceco.uci.edu/news/new-report-sheds-light-latinos-us-criminal-justice-system
[755/1,559] OK | https://violence.chop.edu/bullying-schools
[756/1,559] OK | https://sentencingproject.org/fact-sheet/incarcerated-women-and-girls
[757/1,559] robots_disallowed | https://linkedin.com/blog/member/career/dismantling-barriers-to-career-advancement-for-latinos
[758/1,559] OK | https://ldi.upenn.edu/our-work/research-updates/breaking-the-link-between-disability-and-incarceration
[759/1,559] OK | https://avp.org/wp-content/uploads/2017/04/FORGE_Trans_People_Police_Incarceration_Facts.pdf
[760/1,559] OK | https://breastfeeddurham.org/wic-medicaid-and-snap-what-changed-and-what-did-not
[761/1,559] OK | https://specialneedsanswers.com/accessible-housing-basics-guide-for-people-with-disabilities-21554
[762/1,559] OK | https://nclc.org/wp-content/uploads/2016/05/20240227_Issue-Brief_Past-Imperfect.pdf
[763/1,559] OK | https://prisonpolicy.org/blog/2024/06/04/lgbt_incarceration
[764/1,559] robots_disallowed | https://digitalgovernmenthub.org/library/strategies-for-improving-public-benefits-access-and-retention
[765/1,559] OK | https://takecommandhealth.com/blog/blog/how-health-insurance-premiums-are-calculated
[766/1,559] OK | https://pmc.ncbi.nlm.nih.gov/articles/PMC9322545
[767/1,559] OK | https://safetyandjusticechallenge.org/blog/what-is-behind-the-overrepresentation-of-people-who-identify-as-lgbtq-in-the-
[768/1,559] http_error | https://cbpp.org/blog/reducing-administrative-burdens-in-medicaid-is-critical-to-achieving-health-and-racial-equity
[769/1,559] OK | https://unitedwayla.org/news/housing-inequality-within-the-lgbtq-community
[770/1,559] http_error | https://upstart.com/learn/personal-loan-disability-income
[771/1,559] http_error | https://chrt.org/publication/housing-crisis-magnified
[772/1,559] http_error | https://americanprogress.org/article/the-top-5-facts-about-women-in-our-criminal-justice-system
[773/1,559] OK | https://endhomelessness.org/resources/sharable-graphics/racial-inequalities-homelessness-numbers
[774/1,559] OK | https://pmc.ncbi.nlm.nih.gov/articles/PMC6003615
[775/1,559] http_error | https://cdc.gov/youth-violence/about/about-bullying.html
[776/1,559] OK | https://csgjusticecenter.org/publications/adopting-a-gender-responsive-approach-for-women-in-the-justice-system-a-resour
[777/1,559] OK | https://chicagobooth.edu/review/racial-bias-hiring
[778/1,559] http_error | https://thelancet.com/journals/lancet/article/PIIS2468-2667(20)30054-2/fulltext
[779/1,559] OK | https://educationsupport.org.uk/resources/for-individuals/guides/bullying-and-harassment
[780/1,559] OK | https://mitsloan.mit.edu/ideas-made-to-matter/to-keep-employees-focus-career-advancement
[781/1,559] http_error | https://researchgate.net/publication/360692134_The_effect_of_administrative_burden_on_state_safety-net_participation_Evi
[782/1,559] OK | https://pewresearch.org/fact-sheet/topic-affirmative-action-in-college-admissions
[783/1,559] OK | https://casrf.org/post/breaking-barriers-through-access-to-education
[784/1,559] OK | https://ldaamerica.org/lda_today/disability-and-criminal-justice-reform
[785/1,559] OK | https://19thnews.org/2023/04/lgbtq-finances-bills-economic-insecurity
[786/1,559] OK | https://dulyhealthandcare.com/health-topic/preventive-care-in-hispanic-communities
[787/1,559] OK | https://brookings.edu/articles/latinos-and-the-future-of-finance-why-we-need-to-examine-the-motivations-and-effects-of-l
[788/1,559] OK | https://chcf.org/resource/2025/06/26/lessons-medi-cal-unwinding-enrollee-experiences-renewals
[789/1,559] http_error | https://fletc.gov/use-force-part-i
[790/1,559] OK | https://pmc.ncbi.nlm.nih.gov/articles/PMC10834057
[791/1,559] OK | https://education.ml.com/bol/Pages/Article.aspx?Title=whywomenpaymorefortheirhealthcare
[792/1,559] OK | https://kff.org/womens-health-policy/health-policy-101-health-policy-issues-in-womens-health?entry=table-of-contents-wha
[793/1,559] OK | https://justice.gov/ovw/media/1443986/dl
[794/1,559] OK | https://unesco.org/en/articles/qa-role-teachers-preventing-and-addressing-school-violence
[795/1,559] hard_timeout | https://everycrsreport.com/reports/R45979.html
[796/1,559] OK | https://endhomelessness.org/resources/toolkits-and-training-materials/how-providers-can-address-homelessness-among-gende
[797/1,559] http_error | https://cbpp.org/research/food-assistance/improving-snap-and-medicaid-access-snap-renewals
[798/1,559] OK | https://pmc.ncbi.nlm.nih.gov/articles/PMC4929689
[799/1,559] OK | https://pmc.ncbi.nlm.nih.gov/articles/PMC9617098
[800/1,559] http_error | https://opportunityhome.org/resources/gender-equity-housing
[801/1,559] OK | https://bristol.ac.uk/media-library/sites/geography/pfrc/documents/fwb-of-disabled-people-essential-services.pdf
[802/1,559] http_error | https://ed.gov/media/document/factsheet-supporting-transgender-youth-school-june-2021-112270.pdf?ref=womensrightsdata.or
[803/1,559] OK | https://bhexplained.org/blog/health-insurance-101-for-black-adults
[804/1,559] OK | https://pmc.ncbi.nlm.nih.gov/articles/PMC10984377
[805/1,559] OK | https://povertyactionlab.org/evaluation/discrimination-job-market-united-states
[806/1,559] http_error | https://osmosis.org/blog/social-determinants-of-health-education-access-and-quality
[807/1,559] OK | https://fusionhousing.org/understanding-the-problem-of-homelessness
[808/1,559] OK | https://uncf.org/pages/k-12-disparity-facts-and-stats
[809/1,559] OK | https://news.gallup.com/opinion/gallup/510323/hispanic-students-feeling-discrimination-school.aspx
[810/1,559] http_error | https://digitalcommons.wcl.american.edu/cgi/viewcontent.cgi?article=1050&context=stu_upperlevel_papers
[811/1,559] OK | https://pmc.ncbi.nlm.nih.gov/articles/PMC11812675
[812/1,559] OK | https://californiaemploymentlaw.foxrothschild.com/2016/07/articles/advice-counseling/eeoc-identifies-risk-factors-for-wo
[813/1,559] OK | https://pmc.ncbi.nlm.nih.gov/articles/PMC12895444
[814/1,559] OK | https://ncan.org/Web/News/539190
[815/1,559] http_error | https://americanprogress.org/article/the-unfair-criminalization-of-gay-and-transgender-youth
[816/1,559] http_error | https://cbpp.org/blog/eliminating-structural-barriers-can-improve-latino-peoples-access-to-health-coverage
[817/1,559] OK | https://newsroom.ucla.edu/releases/housing-discrimination-california-historically-marginalized-communities
[818/1,559] OK | https://transequality.org/issues/resources/failing-to-protect-and-serve-police-department-policies-towards-transgender-p
[819/1,559] OK | https://shelteringgrace.org/the-unique-challenges-of-women-facing-homelessness
[820/1,559] OK | https://cdiaonline.org/cdia-statements/2022/02/02/credit-reporting-industry-helping-transgender-and-nonbinary-individual
[821/1,559] OK | https://pmc.ncbi.nlm.nih.gov/articles/PMC9640174
[822/1,559] http_error | https://mastercard.com/news/eemea/en/newsroom/press-releases/en/2022/may/technology-can-accelerate-financial-inclusion-f
[823/1,559] OK | https://womensworldbanking.org/wp-content/uploads/2022/12/Check-Your-Bias-A-Field-Guide-for-Lenders.pdf
[824/1,559] OK | https://nclrights.org/wp-content/uploads/2013/04/Resources_PublicBenefits_Attorney_Advocate_Guide.pdf
[825/1,559] OK | https://researchmgt.monash.edu/ws/portalfiles/portal/519056876/483077505_oa.pdf
[826/1,559] OK | https://ndrn.org/resource/ndeam-article-3
[827/1,559] OK | https://pmc.ncbi.nlm.nih.gov/articles/PMC10241469
[828/1,559] OK | https://pmc.ncbi.nlm.nih.gov/articles/PMC4524744
[829/1,559] OK | https://ohchr.org/en/statements-and-speeches/2019/10/inclusion-lgbt-people-education-settings-paramount-importance
[830/1,559] http_error | https://academic.oup.com/gerontologist/article/65/9/gnaf158/8165435
[831/1,559] http_error | https://crimrxiv.com/pub/spfg4hk6
[832/1,559] OK | https://youtube.com/watch?v=u1GsuawCmes
[833/1,559] OK | https://libertystreeteconomics.newyorkfed.org/2024/01/an-overlooked-factor-in-banks-lending-to-minorities
[834/1,559] OK | https://ncpssm.org/documents/social-security-policy-papers/womens-social-security-benefits
[835/1,559] OK | https://brennancenter.org/our-work/analysis-opinion/history-mass-incarceration
[836/1,559] robots_disallowed | https://linkedin.com/top-content/career/career-advancement-tips/factors-influencing-career-advancement-opportunities
[837/1,559] robots_disallowed | https://uc.edu/content/dam/uc/ics/docs/NovakBrownFrankWomenOnPatrol.pdf
[838/1,559] OK | https://pmc.ncbi.nlm.nih.gov/articles/PMC7094761
[839/1,559] OK | https://pmc.ncbi.nlm.nih.gov/articles/PMC12513714
[840/1,559] http_error | https://tcf.org/content/commentary/equitable-insurance-coverage-and-access-can-advance-lgbt-health
[841/1,559] OK | https://kff.org/quick-insights/new-regulation-prohibits-federal-medicaid-funds-from-covering-gender-affirming-medical-ca
[842/1,559] http_error | https://sciencedirect.com/science/article/pii/S0047235221000490
[843/1,559] OK | https://hbtbank.com/personal-banking/five-factors-that-impact-your-credit-score
[844/1,559] OK | https://youtube.com/watch?v=ruu9Gep9Sd8
[845/1,559] OK | https://pmc.ncbi.nlm.nih.gov/articles/PMC4772969
[846/1,559] OK | https://pegalislawgroup.com/patient-safety-concerns-in-the-lgbtqia-community
[847/1,559] OK | https://pmc.ncbi.nlm.nih.gov/articles/PMC5744605
[848/1,559] OK | https://nationaldisabilityinstitute.org/financial-resilience-center/credit
[849/1,559] curl_error | https://stlouisfed.org/community-development/publications/access-credit-financial-services-bridge-financial-well-being/l
[850/1,559] OK | https://catalog.results4america.org/strategies/reducing-obstacles
[851/1,559] OK | https://evidencebasedliving.human.cornell.edu/blog/what-we-know-about-trans-youth-and-bullying
[852/1,559] OK | https://pubmed.ncbi.nlm.nih.gov/40578577
[853/1,559] OK | https://binghamton.edu/news/story/6105/people-in-need-of-disability-benefits-are-facing-new-barriers-and-government-cuts
[854/1,559] OK | https://kff.org/private-insurance/new-rule-proposes-changes-to-aca-coverage-of-gender-affirming-care-potentially-increas
[855/1,559] OK | https://blogs.worldbank.org/en/opendata/more-women-have-financial-accounts--yet-equal-access-and-use-rem
[856/1,559] OK | https://pmc.ncbi.nlm.nih.gov/articles/PMC3404465
[857/1,559] http_error | https://cbpp.org/research/poverty-and-inequality/economic-security-programs-reduce-overall-poverty-racial-and-ethnic
[858/1,559] OK | https://brookings.edu/articles/homeownership-racial-segregation-and-policies-for-racial-wealth-equity
[859/1,559] robots_disallowed | https://facebook.com/KXANnews/posts/government-entities-are-not-required-to-provide-benefits-to-spouses-of-gay-and-l/101
[860/1,559] OK | https://pmc.ncbi.nlm.nih.gov/articles/PMC12461105
[861/1,559] OK | https://musticolaw.com/if-disability-worsens-does-the-government-increase-benefits
[862/1,559] OK | https://pmc.ncbi.nlm.nih.gov/articles/PMC8576989
[863/1,559] OK | https://ccrw.org/wp-content/uploads/2024/10/Career-advancement-pathways-for-workers-with-disabilities_CCRW_Trends-Report
[864/1,559] http_error | https://direct.mit.edu/euso/article/27/1/144/125848/Escape-from-home-The-moderating-role-of-sexual
[865/1,559] http_error | https://openoregon.pressbooks.pub/raceandcrime1e/chapter/oo5-3
[866/1,559] http_error | https://urban.org/urban-wire/three-obstacles-federally-assisted-housing-programs-need-overcome-better-serve-residents-di
[867/1,559] OK | https://usich.gov/sites/default/files/document/Housing-Affordability-and-Stablility-Brief.pdf
[868/1,559] OK | https://pmc.ncbi.nlm.nih.gov/articles/PMC11756264
[869/1,559] OK | https://educationrightsattorney.com/understanding-access-to-education-for-students-with-disabilities
[870/1,559] OK | https://sageusa.org/news/cfpb-protects-lgbt-people-with-ecoa
[871/1,559] http_error | https://finhealthnetwork.org/wp-content/uploads/2023/08/The-Financial-Health-of-People-With-Disabilities_Key-Obstacles-a
[872/1,559] OK | https://endhomelessness.org/resources/research-and-analysis/demographic-data-project-gender-and-individual-homelessness
[873/1,559] curl_error | https://stlouisfed.org/-/media/project/frbstl/stlouisfed/community-development/financial-well-being/financial-well-being
[874/1,559] http_error | https://sciencedirect.com/science/article/pii/S2667321521000196
[875/1,559] OK | https://stlpr.org/health-science-environment/2025-11-17/barriers-block-snap-and-medicaid-users-from-keeping-vital-benefi
[876/1,559] OK | https://ncan.org/Web/News/Despite-Progress-Women-in-Higher-Ed-Still-Face-Barriers
[877/1,559] OK | https://synchrony.com/blog/bank/financial-literacy-hispanic-communities
[878/1,559] OK | https://pmc.ncbi.nlm.nih.gov/articles/PMC10142323
[879/1,559] OK | https://prestigepeo.com/blogs/job-quality-hispanic-latino-community
[880/1,559] http_error | https://scholarworks.merrimack.edu/cgi/viewcontent.cgi?article=1138&context=soe_student_ce
[881/1,559] http_error | https://tandfonline.com/doi/full/10.1080/19361653.2024.2414339
[882/1,559] OK | https://edexcelencia.org/research/publications/how-latinos-pay-for-college-2025-national-trends
[883/1,559] hard_timeout | https://usnews.com/education/best-colleges/articles/2018-11-02/how-gender-influences-college-admissions
[884/1,559] OK | https://moneymanagement.org/blog/why-good-credit-is-harder-to-achieve-in-communities-of-color
[885/1,559] OK | https://bcm.edu/research/research-centers/center-for-research-on-women-with-disabilities/a-to-z-directory/health-care/he
[886/1,559] http_error | https://dol.gov/agencies/ebsa/about-ebsa/our-activities/resource-center/publications/women-and-retirement-savings
[887/1,559] http_error | https://fletc.gov/use-force-part-ii
[888/1,559] http_error | https://digitalcommons.calpoly.edu/cgi/viewcontent.cgi?article=1008&context=coe_dean
[889/1,559] http_error | https://bankrate.com/credit-cards/news/credit-cards-and-race-statistics
[890/1,559] OK | https://fdic.gov/consumer-resource-center/2023-03/financial-empowerment-and-inclusion
[891/1,559] http_error | https://iaap-journals.onlinelibrary.wiley.com/doi/10.1111/apps.70103?af=R
[892/1,559] OK | https://prisonpolicy.org/blog/2015/04/08/nap-video
[893/1,559] http_error | https://investopedia.com/average-credit-scores-by-race-5214521
[894/1,559] http_error | https://journals.sagepub.com/doi/pdf/10.1177/136346099002004004
[895/1,559] OK | https://publichealthpost.org/health-equity/students-of-color-are-disproportionately-bullied-and-harassed-at-school
[896/1,559] OK | https://journeyfront.com/blog/increasing-gender-diversity-starts-with-the-hiring-process
[897/1,559] OK | https://pmc.ncbi.nlm.nih.gov/articles/PMC11323075
[898/1,559] OK | https://nclrights.org/our-work/racial-economic-justice/criminalization-incarceration
[899/1,559] OK | https://kff.org/racial-equity-and-health-policy/health-and-access-to-care-and-coverage-for-lesbian-gay-bisexual-and-tran
[900/1,559] OK | https://pmc.ncbi.nlm.nih.gov/articles/PMC6219469
[901/1,559] OK | https://pmc.ncbi.nlm.nih.gov/articles/PMC12212483
[902/1,559] http_error | https://digitalcommons.unomaha.edu/cgi/viewcontent.cgi?article=1132&context=criminaljusticefacpub
[903/1,559] OK | https://pointfoundation.org/hubfs/2111%20Trans%20Higher%20Ed_Infographic%20Nov%2019%202021%20%281%29.pdf
[904/1,559] http_error | https://shp.org.uk/homelessness-explained/why-are-lgbtqia-people-more-likely-to-be-homeless
[905/1,559] http_error | https://healthaffairs.org/doi/10.1377/hlthaff.2025.00375
[906/1,559] OK | https://cdaa.org.au/CDAAWebsite/Web/Blog/Posts/Career-Development-of-Transgender-and-Gender-Diverse-People.aspx
[907/1,559] OK | https://stanfordlawreview.org/print/article/policing-under-disability-law
[908/1,559] http_error | https://ppic.org/blog/promoting-labor-force-opportunities-for-californias-latina-population
[909/1,559] OK | https://williamsinstitute.law.ucla.edu/publications/lgbt-housing-instability
[910/1,559] curl_error | https://ssa.gov/policy/docs/ssb/v62n2/v62n2p59.pdf
[911/1,559] OK | https://npr.org/2013/10/22/237196335/getting-federal-benefits-to-gay-couples-its-complicated
[912/1,559] OK | https://jff.org/blog/skills-based-hiring-alone-wont-advance-racial-equity
[913/1,559] downloaded | https://apa.org/pi/oema/resources/ethnicity-health/asian-american/bullying-and-victimization
[914/1,559] OK | https://ncbi.nlm.nih.gov/books/NBK218240
[915/1,559] http_error | https://digitalcommons.fairfield.edu/cgi/viewcontent.cgi?article=1058&context=business-facultypubs
[916/1,559] OK | https://adata.org/research-brief/higher-education-and-ada
[917/1,559] robots_disallowed | https://link.springer.com/content/pdf/10.1007/s40615-026-03159-9.pdf
[918/1,559] http_error | https://generalicentrallife.com/blog/life-insurance/how-health-insurance-premium-varies-by-gender
[919/1,559] http_error | https://publichealth.jhu.edu/2026/new-study-identifies-racial-inequality-in-us-hospital-admissions
[920/1,559] OK | https://pmc.ncbi.nlm.nih.gov/articles/PMC10920988
[921/1,559] OK | https://aclu.org/news/racial-justice/why-access-to-education-is-key-to-systemic-equality
[922/1,559] OK | https://covenanthouse.org/homeless-issues/lgbtq-youth
[923/1,559] OK | https://universityhealth.com/public-health/factors-shaping-health/economic-stability/housing
[924/1,559] OK | https://pmc.ncbi.nlm.nih.gov/articles/PMC11044728
[925/1,559] hard_timeout | https://rrapp.spia.princeton.edu/how-credit-scoring-reproduces-racial-inequality
[926/1,559] OK | https://kff.org/wp-content/uploads/2013/01/health-insurance-coverage-and-access-to-care-among-latinos.pdf
[927/1,559] http_error | https://jchs.harvard.edu/blog/locked-out-why-homeownership-out-reach-many-young-hispanic-families
[928/1,559] http_error | https://americanprogress.org/article/protecting-advancing-health-care-transgender-adult-communities
[929/1,559] http_error | https://journals.sagepub.com/doi/10.1177/00208728251336953
[930/1,559] OK | https://ablelight.org/blog/housing-insecurity
[931/1,559] http_error | https://sciencedirect.com/science/article/abs/pii/S0749379714004966
[932/1,559] OK | https://point32health.org/newsroom/points-of-view/why-men-should-prioritize-preventive-health-care
[933/1,559] OK | https://news.illinois.edu/boys-who-bully-peers-more-likely-to-engage-in-sexual-harassment
[934/1,559] OK | https://employees.crc.losrios.edu/docs/crc/crc-inside/guided-pathways/engaging-latino-parents-in-supporting-college-path
[935/1,559] OK | https://equalrightscenter.org/equal-access-hud-2026
[936/1,559] OK | https://pmc.ncbi.nlm.nih.gov/articles/PMC4425261
[937/1,559] http_error | https://congress.gov/crs-product/LSB11336
[938/1,559] OK | https://news.illinois.edu/how-are-lgbtq-people-treated-by-law-enforcement
[939/1,559] OK | https://pmc.ncbi.nlm.nih.gov/articles/PMC5472072
[940/1,559] http_error | https://digitalcommons.providence.edu/cgi/viewcontent.cgi?article=1122&context=sbg
[941/1,559] http_error | https://americanprogress.org/article/recognizing-addressing-housing-insecurity-disabled-renters
[942/1,559] http_error | https://americanbar.org/groups/crsj/resources/human-rights/archive/racial-ethnic-disparities-employer-sponsored-health-c
[943/1,559] http_error | https://journals.sagepub.com/doi/10.1177/00380407231182682
[944/1,559] http_error | https://medstarhealth.org/blog/racism-patient-safety-action
[945/1,559] OK | https://thedecisionlab.com/big-problems/reducing-administrative-burden-in-public-services
[946/1,559] http_error | https://ivycoach.com/the-ivy-coach-blog/college-admissions/lgbtq-college-admissions
[947/1,559] http_error | https://global-solutions-initiative.org/publication/financial-inclusion-for-women-a-way-forward
[948/1,559] OK | https://transcen.org/top-10-reasons-to-hire-an-applicant-with-a-disability
[949/1,559] http_error | https://sciencedirect.com/science/article/abs/pii/S0047235204000637
[950/1,559] http_error | https://hhs.gov/ocr/lgbtqi/index.html
[951/1,559] OK | https://counciloncj.org/womens-justice-a-preliminary-assessment-of-women-in-the-criminal-justice-system
[952/1,559] OK | https://crresearch.com/blog/the-hispanic-market-a-strategic-imperative-for-financial-services
[953/1,559] curl_error | https://money.usnews.com/credit-cards/articles/how-race-affects-your-credit-score
[954/1,559] OK | https://todaysbank.com/personal/personal-loan-approval-guide
[955/1,559] OK | https://desertrockcapital.com/blogs/7-factors-that-affect-loan-approval-beyond-your-credit-score
[956/1,559] OK | https://pmc.ncbi.nlm.nih.gov/articles/PMC5060404
[957/1,559] OK | https://aclu.org/publications/policing-progress-findings-from-a-national-survey-of-lgbtq-peoples-experiences-with-law-en
[958/1,559] OK | https://startdisability.com/perspectives/transgender-apply-ssdi
[959/1,559] http_error | https://researchgate.net/publication/309431934_Causes_of_homelessness_prevalence_Relationship_between_homelessness_and_d
[960/1,559] http_error | https://ahrq.gov/news/blog/ahrqviews/delivery-preventive-services.html
[961/1,559] http_error | https://sciencedirect.com/science/article/abs/pii/S0047235225001941
[962/1,559] http_error | https://urban.org/research/publication/why-are-there-gaps-lgbtq-homeownership
[963/1,559] curl_error | https://dfat.gov.au/sites/default/files/wwb-white-paper-serving-women.pdf
[964/1,559] http_error | https://ppic.org/publication/key-factors-in-arrest-trends-and-differences-in-californias-counties
[965/1,559] http_error | https://learningpolicyinstitute.org/topic/equitable-access-and-opportunity
[966/1,559] OK | https://reveliolabs.com/news/macro/are-men-actually-being-left-behind-in-entry-level-hiring
[967/1,559] OK | https://womensworldbanking.org/insights/how-womens-financial-inclusion-contributes-to-financial-stability-and-soundness
[968/1,559] robots_disallowed | https://journalcte.org/articles/10.21061/jcte.v22i2.431
[969/1,559] OK | https://pmc.ncbi.nlm.nih.gov/articles/PMC12059791
[970/1,559] http_error | https://urban.org/racial-equity-analytics-lab/structural-racism-explainer-collection/causes-and-consequences-separate-an
[971/1,559] OK | https://equalrightscenter.org/ada-35-inaccessible-housing
[972/1,559] OK | https://azcentralcu.org/blog/financial-challenges-latinos
[973/1,559] OK | https://niot.org/blog/gender-related-bullying-and-harassment-growing-trend
[974/1,559] OK | https://transequality.org/issues/employment
[975/1,559] OK | https://all4ed.org/future-ready-schools/emerging-practices-guides/ensuring-equity-access-and-inclusion-for-all
[976/1,559] http_error | https://hcd.ca.gov/housing-element/building-blocks/people-experiencing-homelessness
[977/1,559] OK | https://pmc.ncbi.nlm.nih.gov/articles/PMC7878644
[978/1,559] OK | https://nationalfairhousing.org/wp-content/uploads/2017/04/NFHA-credit-scoring-paper-for-Suffolk-NCLC-symposium-submitte
[979/1,559] OK | https://transequality.org/issues/police-jails-prisons
[980/1,559] OK | https://vera.org/news/transgender-people-at-higher-risk-for-justice-system-involvement
[981/1,559] OK | https://pmc.ncbi.nlm.nih.gov/articles/PMC10680023
[982/1,559] OK | https://youtube.com/watch?t=171&v=XhZxwOdnzS4
[983/1,559] OK | https://ijoness.com/seo/article/146880/en?language=ru
[984/1,559] OK | https://lotushouse.org/wp-content/uploads/2023/09/Women-and-Children-Experiencing-Homelessness-Fact-Sheet.pdf
[985/1,559] OK | https://nationaldisabilityinstitute.org/wp-content/uploads/2019/11/ndi-banking-report-2019.pdf
[986/1,559] http_error | https://nccdh.ca/resources/entry/the-four-pillars-of-housing-influencing-health-equity
[987/1,559] http_error | https://justia.com/employment/employment-discrimination/transgender-discrimination
[988/1,559] hard_timeout | https://law.georgetown.edu/poverty-journal/blog/anti-lgbtq-discrimination-and-barriers-to-accessing-public-benefits
[989/1,559] curl_error | https://blog.massmutual.com/planning/financial-benefits-of-lgbtq-marriage
[990/1,559] OK | https://profiles.umsl.edu/ws/portalfiles/portal/39865955/Culturally%20appropriate%20CC%20with%20lbgt.pdf
[991/1,559] curl_error | https://cdr.lib.unc.edu/downloads/2514p153r
[992/1,559] OK | https://pmc.ncbi.nlm.nih.gov/articles/PMC11967299
[993/1,559] OK | https://ghlf.org/chronic-illness/insurance-health-care-rights-lgbtq
[994/1,559] http_error | https://tandfonline.com/doi/full/10.1080/00131911.2024.2325066
[995/1,559] http_error | https://openscholarship.wustl.edu/cgi/viewcontent.cgi?article=1978&context=csd_research
[996/1,559] OK | https://pmc.ncbi.nlm.nih.gov/articles/PMC8954758
[997/1,559] http_error | https://ed.gov/laws-and-policy/civil-rights-laws/disability-discrimination/disability-discrimination-key-issues/disabili
[998/1,559] OK | https://mapresearch.org/file/lgbt-older-adults-and-social-security.pdf
[999/1,559] OK | https://pmc.ncbi.nlm.nih.gov/articles/PMC7430435
[1,000/1,559] curl_error | https://rsfjournal.org/content/10/4/173
[1,001/1,559] OK | https://phenom.com/blog/job-application-gender-gap-revealed-univ-pitt-research-study
[1,002/1,559] http_error | https://homewellcares.com/blogs/mens-health-month-the-importance-of-preventive-care
[1,003/1,559] http_error | https://elibrary.imf.org/view/journals/001/2024/150/article-A001-en.xml
[1,004/1,559] http_error | https://cbpp.org/research/income-security/tanf-policies-reflect-racist-legacy-of-cash-assistance
[1,005/1,559] OK | https://vera-institute.files.svdcdn.com/production/downloads/publications/for-the-record-unjust-burden-racial-disparitie
[1,006/1,559] OK | https://info.jff.org/end-occupational-segregation
[1,007/1,559] OK | https://docs.iza.org/dp15285.pdf
[1,008/1,559] OK | https://my.neighbor.org/women-experiencing-homelessness
[1,009/1,559] OK | https://ewa.org/issues/higher-ed/what-are-some-of-the-barriers-to-college-access
[1,010/1,559] curl_error | https://tc.columbia.edu/articles/2024/april/data-reveals-new-insights-on-transgender-workplace-experiences
[1,011/1,559] OK | https://cgdev.org/sites/default/files/women-and-credit-narrative-review-low-and-middle-income-countries.pdf
[1,012/1,559] hard_timeout | https://msm.edu/blog/2019/mens-preventive-care.php
[1,013/1,559] http_error | https://peacehealth.org/healthy-you/preventive-care-different-when-youre-trans-what-know
[1,014/1,559] OK | https://pmc.ncbi.nlm.nih.gov/articles/PMC7916133
[1,015/1,559] OK | https://minorityhealth.hhs.gov/hispaniclatino-health
[1,016/1,559] OK | https://pressley.house.gov/2023/03/31/pressley-unveils-bill-to-make-credit-reporting-system-more-inclusive-for-trans-non
[1,017/1,559] http_error | https://scholarworks.wmich.edu/cgi/viewcontent.cgi?article=3074&context=jssw
[1,018/1,559] OK | https://williamsinstitute.law.ucla.edu/press/ca-police-stops-press-release
[1,019/1,559] robots_disallowed | https://linkedin.com/pulse/impact-hispanics-workforce-cultivating-diversity-through-djowc
[1,020/1,559] OK | https://genderconfirmation.com/blog/3-ways-transgender-community-benefits-affordable-care-act
[1,021/1,559] OK | https://pmc.ncbi.nlm.nih.gov/articles/PMC8874838
[1,022/1,559] OK | https://pmc.ncbi.nlm.nih.gov/articles/PMC1070923
[1,023/1,559] OK | https://pmc.ncbi.nlm.nih.gov/articles/PMC5731542
[1,024/1,559] OK | https://pmc.ncbi.nlm.nih.gov/articles/PMC8325532
[1,025/1,559] OK | https://uchicagomedicineadventhealth.org/blog/5-common-health-conditions-affect-hispanic-communities
[1,026/1,559] http_error | https://investopedia.com/lgbtq-credit-barriers-7510340
[1,027/1,559] http_error | https://mostpolicyinitiative.org/science-note/education-opportunity-gaps
[1,028/1,559] OK | https://pmc.ncbi.nlm.nih.gov/articles/PMC13113952
[1,029/1,559] OK | https://pubmed.ncbi.nlm.nih.gov/28266148
[1,030/1,559] OK | https://feed.georgetown.edu/access-affordability/declining-male-enrollment-has-left-many-schools-seeking-gender-parity
[1,031/1,559] OK | https://pmc.ncbi.nlm.nih.gov/articles/PMC10937607
[1,032/1,559] OK | https://lendkey.com/lend/blog/digital-lending-insights/credit-unions-and-the-hispanic-community-a-path-to-mutual-growth
[1,033/1,559] OK | https://digitalforwomen.worldbank.org/access-finance
[1,034/1,559] curl_error | https://mckinsey.com/capabilities/people-and-organization/our-insights/women-in-the-workplace
[1,035/1,559] http_error | https://journals.sagepub.com/doi/10.1177/00957984251319661
[1,036/1,559] OK | https://kff.org/womens-health-policy/lgbt-peoples-health-status-and-access-to-care
[1,037/1,559] OK | https://archive.news.ufl.edu/articles/2016/12/the-disturbing-connection-between-bullying-and-sexual-harassment-1.html
[1,038/1,559] OK | https://pmc.ncbi.nlm.nih.gov/articles/PMC9127679
[1,039/1,559] OK | https://latino.ucla.edu/press/regional-workforce-trends-for-latinos-across-california
[1,040/1,559] curl_error | https://sk.sagepub.com/ency/edvol/the-sage-encyclopedia-of-psychology-and-gender/chpt/bullying-genderbased
[1,041/1,559] http_error | https://healthecareers.com/career-resources/soft-skills/how-to-discuss-preventative-care-with-transgender-patients
[1,042/1,559] http_error | https://congress.gov/crs-product/IF11631
[1,043/1,559] OK | https://pmc.ncbi.nlm.nih.gov/articles/PMC12399855
[1,044/1,559] OK | https://pmc.ncbi.nlm.nih.gov/articles/PMC10986209
[1,045/1,559] OK | https://get2college.org/updates/working-with-students-with-disabilities-in-college-access
[1,046/1,559] OK | https://foundationfinance.com/what-factors-influence-financing-approval
[1,047/1,559] OK | https://pmc.ncbi.nlm.nih.gov/articles/PMC4699677
[1,048/1,559] http_error | https://cbpp.org/research/health/states-can-reduce-medicaids-administrative-burdens-to-advance-health-and-racial
[1,049/1,559] OK | https://equalrights.org/issue/economic-workplace-equality/discrimination-at-work
[1,050/1,559] OK | https://pmc.ncbi.nlm.nih.gov/articles/PMC12234001
[1,051/1,559] OK | https://youtube.com/watch?t=1653&v=9_pMrBhrRWY
[1,052/1,559] http_error | https://nilc.org/resources/overview-immeligfedprograms
[1,053/1,559] OK | https://shelteringgrace.org/the-factors-fueling-homelessness-among-women-and-children
[1,054/1,559] robots_disallowed | https://linkedin.com/pulse/banking-accessibility-inclusion-keith-delle-donne-qqwtc
[1,055/1,559] OK | https://youtube.com/watch?t=21&v=5uCpOkY07So
[1,056/1,559] http_error | https://americanprogress.org/article/how-dehumanizing-administrative-burdens-harm-disabled-people
[1,057/1,559] OK | https://traumainformedhousing.poah.org/housing-stability
[1,058/1,559] http_error | https://americanprogress.org/article/disabled-behind-bars
[1,059/1,559] OK | https://ncbi.nlm.nih.gov/books/NBK596380
[1,060/1,559] OK | https://pubmed.ncbi.nlm.nih.gov/26270385
[1,061/1,559] http_error | https://icrowdnewswire.com/2023/07/13/what-you-need-to-know-about-lgbtq-credit-barriers
[1,062/1,559] OK | https://open.clemson.edu/all_dissertations/1204
[1,063/1,559] OK | https://pmc.ncbi.nlm.nih.gov/articles/PMC9731338
[1,064/1,559] OK | https://journalofsocialsciences.org/article/breaking-the-binary-in-academia-a-systematic-review-on-the-barriers-facing-t
[1,065/1,559] OK | https://pmc.ncbi.nlm.nih.gov/articles/PMC12083779
[1,066/1,559] OK | https://endhomelessness.org/resources/toolkits-and-training-materials/supporting-homeless-transgender-and-and-gender-non
[1,067/1,559] OK | https://disabledperson.com/careeer-development-pwd
[1,068/1,559] OK | https://endhomelessness.org/blog/homelessness-and-black-history-poverty-and-income
[1,069/1,559] http_error | https://lexology.com/library/detail.aspx?g=52f558d3-eb64-4c55-88ae-d07ee3e7114f
[1,070/1,559] http_error | https://happen.com/resource-center/personal-loan/5-factors-that-may-affect-personal-loan-approval
[1,071/1,559] OK | https://equityinhighered.org/
[1,072/1,559] robots_disallowed | https://instagram.com/reel/DYUp_zZKroN
[1,073/1,559] http_error | https://sciencedirect.com/science/article/abs/pii/S0889158318300650
[1,074/1,559] OK | https://endhomelessness.org/state-of-homelessness
[1,075/1,559] http_error | https://medicaid.gov/federal-policy-guidance/downloads/cib11092023.pdf
[1,076/1,559] OK | https://hopecu.org/articles/breaking-barriers-overcoming-financial-challenges-in-the-hispanic-community
[1,077/1,559] http_error | https://tandfonline.com/doi/full/10.1080/16549716.2024.2342634
[1,078/1,559] OK | https://brookings.edu/articles/college-enrollment-gaps-how-academic-preparation-influences-opportunity
[1,079/1,559] OK | https://youtube.com/watch?t=50s&v=BAo7bxMuzOQ
[1,080/1,559] http_error | https://cbpp.org/research/lessons-churned-measuring-the-impact-of-churn-in-health-and-human-services-programs-on
[1,081/1,559] OK | https://journals.plos.org/plosone/article/file?id=10.1371%2Fjournal.pone.0290016&type=printable
[1,082/1,559] OK | https://pmc.ncbi.nlm.nih.gov/articles/PMC4890541
[1,083/1,559] OK | https://hpri.usc.edu/homeless_research/latinx-homelessness-in-los-angeles
[1,084/1,559] OK | https://justiceinaging.org/supporting-lgbtq-older-adults-basic-needs
[1,085/1,559] OK | https://bajajfinserv.in/insurance/what-are-the-factors-affecting-health-insurance-premium
[1,086/1,559] OK | https://crr.bc.edu/black-workers-rely-more-on-federal-disability
[1,087/1,559] OK | https://rstreet.org/research/from-victim-to-defendant-how-justice-falls-short-for-women
[1,088/1,559] OK | https://arauniversity.org/harassment-workplace
[1,089/1,559] OK | https://bja.ojp.gov/library/publications/understanding-police-decisions-arrest-impact-situational-officer-and
[1,090/1,559] http_error | https://benefitscal.com/Help/program/calworks/HCPDE?lang=en
[1,091/1,559] http_error | https://commonwealthfund.org/publications/fund-reports/2024/apr/advancing-racial-equity-us-health-care
[1,092/1,559] OK | https://latino.ucla.edu/research/supplemental-nutrition-in-jeopardy-key-facts-about-calfresh-beneficiaries
[1,093/1,559] OK | https://pmc.ncbi.nlm.nih.gov/articles/PMC4940635
[1,094/1,559] OK | https://aspe.hhs.gov/reports/disabled-their-health-care-health-insurance-0
[1,095/1,559] OK | https://study.com/academy/lesson/video/the-arrest-process-definition-steps.html
[1,096/1,559] OK | https://cfr.org/legal-barriers/barriers/building_credit
[1,097/1,559] http_error | https://vorwerkforensic.com/gender-disparities-in-the-criminal-justice-system
[1,098/1,559] http_error | https://pinyerdlaw.com/ssdi-approval-rates-by-condition
[1,099/1,559] OK | https://19thnews.org/2023/07/credit-hurdles-transgender-nonbinary-fetterman-smith-bill
[1,100/1,559] OK | https://prisonpolicy.org/blog/2024/12/19/policing_survey_2022
[1,101/1,559] OK | https://cjcj.org/media/import/documents/latina_exposure.pdf
[1,102/1,559] OK | https://naceweb.org/career-development/trends-and-predictions/understanding-students-racialized-experiences-with-career-
[1,103/1,559] OK | https://prisonpolicy.org/reports/repeatarrests.html
[1,104/1,559] OK | https://pmc.ncbi.nlm.nih.gov/articles/PMC7415496
[1,105/1,559] OK | https://lgbtq-economics.org/research/leaf-report-2023
[1,106/1,559] http_error | https://psnet.ahrq.gov/perspective/patient-safety-concerns-and-lgbtq-population
[1,107/1,559] http_error | https://medresearch.umich.edu/sites/default/files/2024-06/RRTC-Evaluating-Housing-Concerns.pdf
[1,108/1,559] http_error | https://sciencedirect.com/science/article/abs/pii/S0047272725000994
[1,109/1,559] OK | https://unitedwaynca.org/blog/causes-of-homelessness
[1,110/1,559] OK | https://chrc-ccdp.gc.ca/resources/newsroom/joint-news-release-new-data-highlights-troubling-housing-inequalities-people
[1,111/1,559] OK | https://kaplanpathways.com/blog/4-ways-title-ix-expanded-women-access-to-us-higher-education
[1,112/1,559] http_error | https://americanprogress.org/article/african-americans-face-systematic-obstacles-getting-good-jobs
[1,113/1,559] OK | https://jbhe.com/2021/11/study-finds-persisting-racial-inequality-in-access-to-financial-services-and-credit
[1,114/1,559] OK | https://today.ucsd.edu/story/closing-gender-gaps-in-career-advancement
[1,115/1,559] OK | https://psychology.town/psychosocial-issues-in-disability/career-development-strategies-disabilities
[1,116/1,559] OK | https://kff.org/medicaid/a-look-at-medicaid-and-chip-eligibility-enrollment-and-renewal-policies-during-the-unwinding-of
[1,117/1,559] OK | https://williamsinstitute.law.ucla.edu/press/law-enforcement-lgbtq-interactions
[1,118/1,559] http_error | https://commonwealthfund.org/publications/issue-briefs/2025/jun/reducing-medicaid-churn-policies-promote-stable-health-c
[1,119/1,559] OK | https://pmc.ncbi.nlm.nih.gov/articles/PMC10595555
[1,120/1,559] robots_disallowed | https://facebook.com/groups/2544518709193401/posts/3467675626877700
[1,121/1,559] http_error | https://cbpp.org/research/health/health-coverage-rates-vary-widely-across-and-within-racial-and-ethnic-groups
[1,122/1,559] http_error | https://uscis.gov/archive/public-charge-resources-0
[1,123/1,559] OK | https://transequality.org/issues/housing-homelessness
[1,124/1,559] http_error | https://epi.org/publication/racial-representation-prof-occ
[1,125/1,559] http_error | http://sciencedirect.com/science/article/pii/S074937972500724X
[1,126/1,559] OK | https://luminafoundation.org/news-and-views/from-access-to-value-community-colleges-expand-pathways-for-hispanic-student
[1,127/1,559] OK | https://goodmorningamerica.com/news/story/digital-black-owned-bank-aims-tackle-economic-injustice-74952549
[1,128/1,559] OK | https://lemoinelawfirm.com/top-10-signs-you-will-win-disability-benefits
[1,129/1,559] curl_error | https://ssa.gov/policy/docs/ssb/v66n3/v66n3p29.html
[1,130/1,559] http_error | https://workrisenetwork.org/working-knowledge/who-gets-what-job-taking-racial-equity-approach-improving-job-quality
[1,131/1,559] OK | https://bostonfed.org/news-and-events/news/2021/11/racism-and-the-economy-barriers-to-financial-services-perpetuate-econ
[1,132/1,559] http_error | https://sciencedirect.com/science/article/pii/S0305750X2600207X
[1,133/1,559] OK | https://stkate.edu/academics/healthcare-degrees/lgbtq-health-discrimination
[1,134/1,559] http_error | https://calltherightattorney.com/blog/2025/10/what-does-a-racially-hostile-workplace-look-like-for-white-employees
[1,135/1,559] OK | https://pmc.ncbi.nlm.nih.gov/articles/PMC12224705
[1,136/1,559] OK | https://pmc.ncbi.nlm.nih.gov/articles/PMC8483182
[1,137/1,559] OK | https://pmc.ncbi.nlm.nih.gov/articles/PMC6497454
[1,138/1,559] OK | https://ncbi.nlm.nih.gov/books/NBK566074
[1,139/1,559] OK | https://kff.org/medicaid/5-key-facts-about-medicaid-coverage-for-people-with-disabilities
[1,140/1,559] OK | https://clasp.org/blog/the-racist-roots-of-work-requirements-in-public-benefits-programs
[1,141/1,559] http_error | https://urban.org/urban-wire/more-frequent-medicaid-redeterminations-would-reduce-health-insurance-coverage-and
[1,142/1,559] OK | https://pmc.ncbi.nlm.nih.gov/articles/PMC10172218
[1,143/1,559] OK | https://luminafoundation.org/news-and-views/hispanic-students-can-shape-our-future-if-we-reshape-college
[1,144/1,559] OK | https://pmc.ncbi.nlm.nih.gov/articles/PMC9341318
[1,145/1,559] OK | https://pmc.ncbi.nlm.nih.gov/articles/PMC8559954
[1,146/1,559] OK | https://ebsco.com/research-starters/politics-and-government/housing-stability
[1,147/1,559] OK | https://latino.ucla.edu/research/state-of-latinos-in-ca-2026
[1,148/1,559] OK | http://digitalforwomen.worldbank.org/access-finance
[1,149/1,559] OK | https://pubmed.ncbi.nlm.nih.gov/9883305
[1,150/1,559] OK | https://pmc.ncbi.nlm.nih.gov/articles/PMC11673515
[1,151/1,559] OK | https://latino.ucla.edu/press/ucla-lppi-study-sheds-light-on-rising-homelessness-crisis-among-latinos-in-los-angeles-cou
[1,152/1,559] OK | https://nlc.org/article/2023/03/21/housing-for-women-female-headed-households
[1,153/1,559] http_error | https://hcd.ca.gov/policy-and-research/intersectional-policy-work/people-disabilities
[1,154/1,559] http_error | https://medicarerights.org/medicare-watch/2026/10/01/whats-at-stake-in-2026-medicaid-cuts
[1,155/1,559] http_error | https://onlinelibrary.wiley.com/doi/10.1111/ssqu.13483?af=R
[1,156/1,559] OK | https://employerscouncil.org/resources/examination-gender-bias-hiring
[1,157/1,559] OK | https://rennepubliclawgroup.com/investigating-same-culture-bias-with-spanish-speaking-employees
[1,158/1,559] OK | https://williamsinstitute.law.ucla.edu/publications/higher-ed-people-of-color
[1,159/1,559] OK | https://pubmed.ncbi.nlm.nih.gov/26131944
[1,160/1,559] http_error | https://localmemphis.com/article/news/nation-world/black-latino-students-educational-opportunity-disadvantaged/507-2931d
[1,161/1,559] http_error | https://urban.org/urban-wire/no-cops-pride-how-criminal-justice-system-harms-lgbtq-people
[1,162/1,559] OK | https://home.treasury.gov/news/featured-stories/post-5-racial-differences-in-educational-experiences-and-attainment
[1,163/1,559] OK | https://pmc.ncbi.nlm.nih.gov/articles/PMC11731762
[1,164/1,559] OK | https://ncbi.nlm.nih.gov/books/NBK241578
[1,165/1,559] http_error | https://journals.sagepub.com/doi/10.1177/10986111251372007
[1,166/1,559] OK | https://youtube.com/watch?v=YhaTyOY5eHM
[1,167/1,559] http_error | https://nytimes.com/2023/09/08/magazine/men-college-enrollment.html
[1,168/1,559] curl_error | https://caf.com/en/currently/news/women-are-less-likely-to-access-consumer-credit
[1,169/1,559] OK | https://pmc.ncbi.nlm.nih.gov/articles/PMC11982999
[1,170/1,559] OK | https://scholarlycommons.henryford.com/nursing_articles/6
[1,171/1,559] OK | https://brookings.edu/articles/unequal-opportunity-race-and-education
[1,172/1,559] http_error | https://journals.uchicago.edu/doi/10.1086/717298
[1,173/1,559] OK | https://researchspace.auckland.ac.nz/server/api/core/bitstreams/3a04acdb-1881-487f-bd05-f9e846269140/content
[1,174/1,559] OK | https://rcej.scholasticahq.com/article/142768-infusing-disability-into-a-career-development-course
[1,175/1,559] OK | https://pmc.ncbi.nlm.nih.gov/articles/PMC10910491
[1,176/1,559] OK | https://pmc.ncbi.nlm.nih.gov/articles/PMC9913751
[1,177/1,559] OK | https://ncbi.nlm.nih.gov/sites/books/NBK19909
[1,178/1,559] OK | https://prisonpolicy.org/reports/pie2025.html
[1,179/1,559] OK | https://cnbc.com/2019/03/08/linkedin-study-reveals-why-men-are-more-likely-to-get-noticed-by-job-recruiters-than-women.h
[1,180/1,559] http_error | https://torontocentre.org/index.php?Itemid=99&id=33&option=com_content&view=article
[1,181/1,559] OK | https://pmc.ncbi.nlm.nih.gov/articles/PMC13017733
[1,182/1,559] http_error | https://sciencedirect.com/science/article/pii/S074937972500724X
[1,183/1,559] http_error | https://aecf.org/resources/race-matters-how-race-affects-education-opportunities
[1,184/1,559] http_error | https://commonwealthfund.org/publications/issue-briefs/2023/mar/inequities-coverage-access-black-hispanic-adults
[1,185/1,559] OK | https://justice.gov/jm/1-16000-department-justice-policy-use-force
[1,186/1,559] OK | https://ballardbrief.byu.edu/issue-briefs/educational-disparities-among-racial-and-ethnic-minority-youth-in-the-united-s
[1,187/1,559] http_error | https://longdom.org/open-access/the-causes-and-solutions-of-educational-disparities-are-discussed-in-inequality-opportun
[1,188/1,559] OK | https://pmc.ncbi.nlm.nih.gov/articles/PMC10623889
[1,189/1,559] http_error | https://sciencedirect.com/science/article/abs/pii/S0749379710001777
[1,190/1,559] OK | https://ncd.gov/report/2023-progress-report-toward-economic-security-the-impact-of-income-and-asset-limits-on-people-wit
[1,191/1,559] robots_disallowed | https://facebook.com/centeronbudget/posts/too-many-eligible-families-lose-snap-because-of-paperwork-and-procedural-hurdl
[1,192/1,559] http_error | https://tandfonline.com/doi/full/10.1080/13603108.2024.2381121
[1,193/1,559] http_error | https://providentcu.org/blog/news/5-key-factors-that-impact-your-credit-score
[1,194/1,559] http_error | https://dl.acm.org/doi/full/10.1145/3769994.3770011
[1,195/1,559] OK | https://nwlc.org/what-snap-really-means-for-women-and-families-of-color
[1,196/1,559] http_error | https://opportunityhome.org/wp-content/uploads/2020/10/Final-Racial-Equity-Page-Fact-Sheet.pdf
[1,197/1,559] http_error | https://stopbullying.gov/bullying/special-needs
[1,198/1,559] OK | https://carleton.edu/accessibility-resources/newsletter/disability-and-homelessness-in-america
[1,199/1,559] OK | https://pmc.ncbi.nlm.nih.gov/articles/PMC5678390
[1,200/1,559] curl_error | https://search.proquest.com/openview/14d68d4ac7af20552d3c10b328887aff/1?cbl=48144&pq-origsite=gscholar
[1,201/1,559] OK | https://mecklenburghousingdata.org/frontpage-article/addressing-lgbtq-homelessness-challenges-disparities-and-promising-
[1,202/1,559] OK | https://ebsco.com/research-starters/politics-and-government/employment-among-latinos
[1,203/1,559] robots_disallowed | https://wol.iza.org/articles/how-to-improve-participation-in-social-assistance-programs/long
[1,204/1,559] OK | https://thetrevorproject.org/research-briefs/how-state-policy-affects-the-well-being-and-relocation-of-lgbtq-young-peopl
[1,205/1,559] OK | https://nelp.org/insights-research/why-women-need-a-stronger-unemployment-insurance-system
[1,206/1,559] OK | https://williamsinstitute.law.ucla.edu/publications/lgbt-workplace-discrimination
[1,207/1,559] OK | https://youtube.com/watch?t=481&v=sIDoSDzuo-M
[1,208/1,559] OK | https://pmc.ncbi.nlm.nih.gov/articles/PMC9603724
[1,209/1,559] http_error | https://psrc-yh.nihr.ac.uk/research-themes-partners/patient-involvement-in-patient-safety/our-projects/exploring-patient
[1,210/1,559] http_error | https://umass.edu/public-health-sciences/news/minorities-free-preventive-healthcare-denied
[1,211/1,559] http_error | https://cbpp.org/blog/more-frequent-medicaid-renewals-would-increase-errors-and-lead-eligible-people-to-lose-health
[1,212/1,559] OK | https://law.stanford.edu/wp-content/uploads/2024/06/2024-Bias-Criminal-Legal-System.pdf
[1,213/1,559] OK | https://wdsu.com/article/medicaid-transgender-minors-gender-affirming-care/73411004
[1,214/1,559] OK | https://aeaweb.org/research/discriminatory-lending-lab-turkey
[1,215/1,559] OK | https://hks.harvard.edu/faculty-research/policy-topics/social-policy/does-reducing-stigma-increase-participation-benefit
[1,216/1,559] OK | https://mapresearch.org/file/lgbt-criminal-justice-trans.pdf
[1,217/1,559] http_error | https://researchgate.net/publication/344487314_Factors_Affecting_Women%27s_Participation_in_Career_A_Systematic_Review
[1,218/1,559] OK | https://elker.com/articles/5-risk-factors-for-sexual-harassment-in-the-workplace
[1,219/1,559] OK | https://pmc.ncbi.nlm.nih.gov/articles/PMC9933811
[1,220/1,559] OK | https://insidehighered.com/news/students/diversity/2024/10/23/latino-students-face-major-obstacles-while-college
[1,221/1,559] OK | https://pmc.ncbi.nlm.nih.gov/articles/PMC7899057
[1,222/1,559] OK | https://theconversation.com/children-facing-racist-bullying-at-school-need-support-from-teachers-but-many-dont-get-it-19
[1,223/1,559] OK | https://pmc.ncbi.nlm.nih.gov/articles/PMC8916710
[1,224/1,559] http_error | https://cbpp.org/research/poverty-and-inequality/2025-budget-stakes-cuts-would-widen-economic-disparities-for-many
[1,225/1,559] OK | https://cavignac.com/blog/risk-factors-for-harassment-in-the-workplace
[1,226/1,559] http_error | https://opportunityhome.org/resources/racial-equity-housing
[1,227/1,559] http_error | https://journals.sagepub.com/doi/10.1177/14705958231180044?int.sj-abstract.similar-articles.8=
[1,228/1,559] http_error | https://journals.sagepub.com/doi/10.1177/23780231211054641
[1,229/1,559] OK | https://files.eric.ed.gov/fulltext/EJ992995.pdf
[1,230/1,559] OK | https://pmc.ncbi.nlm.nih.gov/articles/PMC12306465
[1,231/1,559] OK | https://goodwinrecruiting.com/blog/the-positive-impact-of-black-history-month-on-hiring-practices
[1,232/1,559] http_error | https://upward-mobility.urban.org/framework/neighborhoods/stability
[1,233/1,559] http_error | https://congress.gov/crs-product/R45979
[1,234/1,559] OK | https://vox.com/policy/379467/welfare-administrative-burdens-time-tax
[1,235/1,559] OK | https://macfound.org/press/grantee-news/examining-the-justice-systems-impact-on-disabled-people
[1,236/1,559] OK | https://nn4youth.org/learn/lgbtq-homeless-youth
[1,237/1,559] OK | https://prisonpolicy.org/scans/LatinoReport_lowres_6.17.14.pdf
[1,238/1,559] OK | https://youtube.com/watch?t=1s&v=-4EbTEjvQyw
[1,239/1,559] OK | https://youtube.com/watch?v=68yf3xouXc8
[1,240/1,559] OK | https://insidehighered.com/news/student-success/health-wellness/2024/08/27/how-institutional-practices-can-impact-lgbtq
[1,241/1,559] http_error | https://journals.sagepub.com/doi/10.1177/00187267261480591
[1,242/1,559] http_error | https://justia.com/employment/employment-discrimination/ethnicity-discrimination
[1,243/1,559] OK | https://highereddive.com/news/diversity-college-admissions-enrollment-nacac-2025/760807
[1,244/1,559] OK | https://williamsinstitute.law.ucla.edu/press/trans-higher-ed-press-release
[1,245/1,559] OK | https://ere.net/articles/ways-to-remove-barriers-to-hiring-people-with-disabilities
[1,246/1,559] http_error | https://cgdev.org/blog/women-policymaking-why-it-matters
[1,247/1,559] http_error | https://journals.sagepub.com/doi/10.1177/0093854897024002002
[1,248/1,559] OK | https://chcs.org/media/Aligning-Work-Requirements-Across-SNAP-and-Medicaid-to-Support-Public-Benefit-Continuity.pdf
[1,249/1,559] OK | https://pmc.ncbi.nlm.nih.gov/articles/PMC12573526
[1,250/1,559] http_error | https://onlinelibrary.wiley.com/doi/10.1111/puar.13497
[1,251/1,559] http_error | https://journals.sagepub.com/doi/10.1177/136346099002004004
[1,252/1,559] OK | https://pttcnetwork.org/wp-content/uploads/2023/06/PTTC-CJS-Mini-eBook-ENG.pdf
[1,253/1,559] OK | https://endhomelessness.org/resources/research-and-analysis/housing-instability-among-gender-expansive-people-and-paths-
[1,254/1,559] OK | https://crownschool.uchicago.edu/student-life/advocates-forum/workplace-discrimination-and-undocumented-first-generation
[1,255/1,559] OK | https://pewresearch.org/social-trends/2023/05/17/diversity-equity-and-inclusion-in-the-workplace
[1,256/1,559] OK | https://steinhardt.nyu.edu/metrocenter/research-evaluation/section-3-practices-support-college-access-college-readiness
[1,257/1,559] OK | https://blog.neogov.com/are-asian-and-hispanic-applicants-less-likely-to-land-certain-government-jobs-due-to-bias
[1,258/1,559] http_error | https://tcf.org/content/report/advancing-health-equity-for-black-communities-through-insurance-reform
[1,259/1,559] http_error | https://digitalcommons.liberty.edu/cgi/viewcontent.cgi?article=8700&context=doctoral
[1,260/1,559] OK | https://mayfieldis.com/blogs/factors-that-influence-health-insurance-premiums
[1,261/1,559] OK | https://census.gov/newsroom/blogs/random-samplings/2015/09/another-difference-between-the-sexes-health-insurance-coverag
[1,262/1,559] OK | https://phaidoninternational.com/blog/2021/06/5-ways-recruiters-can-be-a-lgbtq-plus-career-ally
[1,263/1,559] http_error | https://psnet.ahrq.gov/perspective/ensuring-patient-and-workforce-safety-culture-healthcare
[1,264/1,559] OK | https://pmc.ncbi.nlm.nih.gov/articles/PMC11196069
[1,265/1,559] http_error | https://cbpp.org/research/health/using-snap-data-for-medicaid-renewals-can-keep-eligible-beneficiaries-enrolled
[1,266/1,559] http_error | https://tandfonline.com/doi/full/10.1080/02673037.2015.1021768
[1,267/1,559] OK | https://clasp.org/blog/centering-black-women-in-the-fight-for-safe-jobs
[1,268/1,559] OK | https://kff.org/uninsured/characteristics-of-remaining-uninsured-men-and-potential-strategies-to-reach-and-enroll-them-i
[1,269/1,559] OK | https://huduser.gov/portal/sites/default/files/pdf/What-We-Know-About-Mortgage-Lending-Discrimination-in-America.pdf
[1,270/1,559] http_error | https://digitalcommons.calpoly.edu/cgi/viewcontent.cgi?article=1010&context=coe_dean
[1,271/1,559] OK | https://sentencingproject.org/policy-brief/incarcerated-lgbtq-adults-and-youth
[1,272/1,559] http_error | https://openscholarship.wustl.edu/cgi/viewcontent.cgi?article=2004&context=csd_research
[1,273/1,559] OK | https://patientsafetylearning.org/blog/womens-health-and-patient-safety-accelerating-action-in-four-key-areas
[1,274/1,559] OK | https://williamsinstitute.law.ucla.edu/press/latinx-workplace-press-release
[1,275/1,559] OK | https://partnersforjustice.org/evidence/public-benefits-access-and-the-criminal-system
[1,276/1,559] OK | https://csgjusticecenter.org/2021/10/12/how-are-hispanic-individuals-represented-in-the-criminal-justice-system
[1,277/1,559] http_error | https://cbpp.org/research/streamlining-and-coordinating-benefit-programs-application-procedures
[1,278/1,559] OK | https://hrc.org/resources/transitioning-in-the-workplace-a-guide-for-trans-employees
[1,279/1,559] OK | https://ednc.org/bullying-another-challenge-students-disabilities
[1,280/1,559] OK | https://youtube.com/watch?t=2&v=nSXCOrEQu2k
[1,281/1,559] OK | https://bostonbar.org/journal/transgender-student-admissions-the-challenge-of-defining-gender-in-a-gender-fluid-world
[1,282/1,559] http_error | https://ama-assn.org/system/files/transgender-coverage-issue-brief.pdf
[1,283/1,559] OK | https://kff.org/womens-health-policy/womens-experiences-with-preventive-and-health-care-services-findings-from-the-2024-
[1,284/1,559] http_error | https://fahe.org/the-benefits-cliff-eliminating-barriers-to-transitioning-off-public-benefits
[1,285/1,559] OK | https://mapresearch.org/equality-map/medicaid-coverage-of-transgender-related-health-care
[1,286/1,559] OK | https://jennifertardy.com/linkedin-newsletter-articles/four-barriers-to-equal-representation-for-hispanic-workers-in-us
[1,287/1,559] OK | https://nationaldisabilityinstitute.org/financial-resilience-center/benefits
[1,288/1,559] OK | https://aclrc.com/education-programs/resources-for-teachers/bullying/bullying-and-lgbt-students
[1,289/1,559] OK | https://pmc.ncbi.nlm.nih.gov/articles/PMC10953678
[1,290/1,559] http_error | https://aecf.org/resources/improving-access-to-public-benefits
[1,291/1,559] OK | https://naacp.org/resources/criminal-justice-fact-sheet
[1,292/1,559] OK | https://pmc.ncbi.nlm.nih.gov/articles/PMC11148781
[1,293/1,559] OK | https://youtube.com/watch?v=3ihDXeAzhHk
[1,294/1,559] OK | https://housingup.org/2025/02/26/racism-and-homelessness
[1,295/1,559] http_error | https://tandfonline.com/doi/abs/10.2147/RMHP.S497337
[1,296/1,559] http_error | https://homelesshub.ca/blog/2023/five-arguments-trans-inclusion-homelessness-sector
[1,297/1,559] OK | https://worldebhcday.org/blog/2023/ethnic-and-racial-disparities-and-patient-safety
[1,298/1,559] OK | https://waldenu.edu/online-bachelors-programs/bs-in-criminal-justice/resource/what-influences-criminal-behavior
[1,299/1,559] robots_disallowed | https://facebook.com/7NewsDC/videos/access-to-credit-plays-a-critical-role-in-financial-stability-and-opportunity-so/101
[1,300/1,559] http_error | https://cbpp.org/research/health/improving-snap-and-medicaid-access-medicaid-renewals
[1,301/1,559] http_error | https://mdpi.com/2674-1032/4/1/8
[1,302/1,559] OK | https://annescollege.fsu.edu/sites/g/files/upcbnu4516/files/2024-08/Bullying%20Statistics.pdf
[1,303/1,559] OK | https://nij.ojp.gov/topics/articles/overview-police-use-force
[1,304/1,559] OK | https://pmc.ncbi.nlm.nih.gov/articles/PMC7842519
[1,305/1,559] OK | https://housingvisions.org/lgbtq-and-fair-housing
[1,306/1,559] OK | https://ivypanda.com/essays/racist-bullying-among-black-students-in-us-universities
[1,307/1,559] OK | https://ojp.gov/library/publications/understanding-police-decisions-arrest-impact-situational-officer-and
[1,308/1,559] OK | https://pmc.ncbi.nlm.nih.gov/articles/PMC7506501
[1,309/1,559] OK | https://aeaweb.org/conference/2019/preliminary/paper/2EAtra4a
[1,310/1,559] OK | https://bofcu.com/unlocking-opportunities-understanding-the-impact-of-credit-scores-on-loan-approvals
[1,311/1,559] http_error | https://armstrongatlaw.com/blog/2023/10/four-environmental-factors-that-raise-the-risk-of-sexual-harassment
[1,312/1,559] OK | https://pmc.ncbi.nlm.nih.gov/articles/PMC5943618
[1,313/1,559] http_error | https://pew.org/en/research-and-analysis/issue-briefs/2023/05/racial-disparities-persist-in-many-us-jails
[1,314/1,559] http_error | https://acl.gov/HousingAndServices/Homelessness
[1,315/1,559] OK | https://williamsinstitute.law.ucla.edu/wp-content/uploads/Medicaid-Gender-Care-Oct-2019.pdf
[1,316/1,559] OK | https://adata.org/research-brief/digital-access-students-higher-education-and-ada
[1,317/1,559] OK | https://online.campbellsville.edu/social-work/factors-that-cause-homelessness
[1,318/1,559] OK | https://home.treasury.gov/news/featured-stories/spotlighting-womens-retirement-security
[1,319/1,559] http_error | https://ama-assn.org/public-health/population-health/caring-transgender-patients-experts-offer-guidance
[1,320/1,559] OK | https://finance.yahoo.com/news/establish-credit-adults-disabilities-203405315.html
[1,321/1,559] OK | https://oedb.org/women-grant
[1,322/1,559] http_error | https://medium.com/@jeankquam/falling-behind-understanding-the-challenges-facing-latino-education-in-the-u-s-f92bd776110
[1,323/1,559] OK | https://includedhealth.com/blog/health/types-of-preventive-care-for-black-health
[1,324/1,559] OK | https://escalon.services/blog/finance/financial-inclusion-initiatives-expanding-access-to-banking-services
[1,325/1,559] OK | https://prisonpolicy.org/research/disability
[1,326/1,559] OK | https://afi-global.org/opinion/financially-including-people-with-disabilities-is-possible-heres-how
[1,327/1,559] http_error | https://ed.gov/media/document/enroll98pdf-54909.pdf
[1,328/1,559] OK | https://pewresearch.org/race-and-ethnicity/2009/10/07/latinos-and-education-explaining-the-attainment-gap
[1,329/1,559] OK | https://bcm.edu/news/the-importance-of-preventative-care-for-women
[1,330/1,559] OK | https://clsmas.soceco.uci.edu/news/new-report-sheds-light-latinos-us-criminal-justice-system
[1,331/1,559] OK | https://pmc.ncbi.nlm.nih.gov/articles/PMC11569484
[1,332/1,559] OK | https://canr.msu.edu/news/dont_confuse_bullying_with_harassment
[1,333/1,559] OK | https://pmc.ncbi.nlm.nih.gov/articles/PMC9723913
[1,334/1,559] OK | https://review.law.stanford.edu/wp-content/uploads/sites/3/2021/06/Morgan-73-Stan.-L.-Rev.-1401.pdf
[1,335/1,559] OK | https://pmc.ncbi.nlm.nih.gov/articles/PMC5798675
[1,336/1,559] OK | https://hrw.org/report/2016/12/07/walking-through-hailstorm/discrimination-against-lgbt-youth-us-schools
[1,337/1,559] http_error | https://cbpp.org/research/how-states-can-align-benefit-renewals-across-programs-options-for-simplifying-and-aligning
[1,338/1,559] http_error | https://americanprogress.org/article/basic-facts-women-poverty
[1,339/1,559] OK | https://ebsco.com/research-starters/womens-studies-and-feminism/gender-and-welfare-policy
[1,340/1,559] OK | https://cgap.org/research/publication/invisible-barriers-how-gender-norms-impact-financial-inclusion
[1,341/1,559] OK | https://lendingtree.com/home/mortgage/lendingtree-study-black-homebuyers-more-likely-to-be-denied-mortgages-than-other-h
[1,342/1,559] OK | https://lawnow.org/bullying-of-2slgbtqia-students-the-impacts-and-what-educators-can-do-about-it
[1,343/1,559] http_error | https://tandfonline.com/doi/abs/10.1300/J012v16n04_05
[1,344/1,559] http_error | https://bls.gov/opub/ted/2020/barriers-to-employment-for-people-with-a-disability.htm
[1,345/1,559] http_error | https://gao.gov/blog/it-harder-women-save-retirement
[1,346/1,559] OK | https://sussex.ac.uk/broadcast/read/39309
[1,347/1,559] OK | https://cunninghampllc.com/blog/when-does-disability-discrimination-cross-into-harassment
[1,348/1,559] OK | https://motherjones.com/criminal-justice/2016/02/why-are-lgbt-people-overrepresented-prisons-and-jails
[1,349/1,559] robots_disallowed | https://link.springer.com/article/10.1057/s41261-026-00344-y
[1,350/1,559] OK | https://youtube.com/watch?t=3&v=-dUPODTWevk
[1,351/1,559] http_error | https://openbooks.library.umass.edu/introwgss/chapter/gender-and-the-us-welfare-state
[1,352/1,559] OK | https://thetrevorproject.org/research-briefs/anti-bullying-policies-in-school-and-lgbtq-young-people
[1,353/1,559] http_error | https://researchgate.net/post/Why_do_female_students_enrolment_access_equity_and_academic_performnaces_raised_as_challen
[1,354/1,559] OK | https://cgap.org/research/publication/gender-intentional-credit-scoring
[1,355/1,559] OK | https://tylerclementi.org/why-do-students-bully
[1,356/1,559] http_error | https://archive-housingmatters.urban.org/articles/how-can-we-advance-latino-homeownership-and-housing-stability
[1,357/1,559] OK | https://chenmed.com/blog/understanding-healthcare-hesitancy-black-patients-historical-perspective
[1,358/1,559] OK | https://ballardbrief.byu.edu/issue-briefs/racial-inequality-in-public-school-discipline-for-black-students-in-the-united
[1,359/1,559] OK | https://pmc.ncbi.nlm.nih.gov/articles/PMC12210411
[1,360/1,559] OK | https://nlihc.org/resource/study-finds-significant-racial-disparities-homelessness-rates
[1,361/1,559] OK | https://prisonpolicy.org/research/racial_and_ethnic_disparities
[1,362/1,559] OK | https://eab.com/resources/blog/student-success-blog/how-to-navigate-policy-challenges-and-show-support-for-your-trans-st
[1,363/1,559] OK | https://icjia.illinois.gov/researchhub/articles/an-overview-of-police-use-of-force-policies-and-research
[1,364/1,559] OK | https://communityplans.net/coverage-you-can-count-on/frequently-asked-questions-churning-and-continuous-eligibility
[1,365/1,559] OK | https://barrierfreefinance.org/context
[1,366/1,559] OK | https://diversitybuilder.com/sexual-harassment-training-women
[1,367/1,559] http_error | https://journals.sagepub.com/doi/full/10.1177/2156759X18784297
[1,368/1,559] OK | https://steinhardt.nyu.edu/metrocenter/research-evaluation/section-2-higher-education-context-and-barriers-equitable-col
[1,369/1,559] OK | https://latinoslead.org/the-growing-influence-of-latino-millennials-in-todays-workplace
[1,370/1,559] OK | https://probonoinst.org/2023/07/13/race-income-and-the-effect-on-educational-opportunity
[1,371/1,559] http_error | https://americanprogress.org/article/discrimination-prevents-lgbtq-people-accessing-health-care
[1,372/1,559] OK | https://williamsinstitute.law.ucla.edu/press/lgbt-housing-press-release
[1,373/1,559] OK | https://library.hbs.edu/working-knowledge/why-employers-favor-men
[1,374/1,559] http_error | https://academic.oup.com/epirev/article/48/1/mxag004/8512140
[1,375/1,559] OK | https://pmc.ncbi.nlm.nih.gov/articles/PMC12412225
[1,376/1,559] OK | https://centerforhealthjournalism.org/our-work/reporting/hidden-harms-racial-bullying
[1,377/1,559] OK | https://williamsinstitute.law.ucla.edu/wp-content/uploads/Trans-Higher-Ed-Apr-2022.pdf
[1,378/1,559] http_error | https://redbanklegal.com/practice-areas/employment-discrimination-attorney/transgender-discrimination-in-the-workplace
[1,379/1,559] OK | https://phhp-hsrmp.sites.medinfo.ufl.edu/files/2014/06/2007-The-effect-of-caregiving-on-preventative-care-for-people-wit
[1,380/1,559] OK | https://pmc.ncbi.nlm.nih.gov/articles/PMC10525602
[1,381/1,559] OK | https://globalwomenpower.com/unequal-access-to-education-for-women-a-barrier-to-empowerment
[1,382/1,559] http_error | https://forbes.com/sites/michaeltnietzel/2024/08/07/women-continue-to-outpace-men-in-college-enrollment-and-graduation
[1,383/1,559] http_error | https://americanprogress.org/article/5-reasons-support-affirmative-action-college-admissions
[1,384/1,559] OK | https://experian.com/blogs/ask-experian/women-and-credit
[1,385/1,559] OK | https://humanrights.unsw.edu.au/research/commentary/social-determinants-justice-increase-risk-prison
[1,386/1,559] robots_disallowed | https://linkedin.com/pulse/50-key-factors-influencing-hiring-decisions-shailesh-kumar-mehta-sqthf
[1,387/1,559] OK | https://cambercollective.com/2024/01/04/public-benefit-disparities
[1,388/1,559] OK | https://phreesia.com/resources/infographic-lgbtq-preventive-health
[1,389/1,559] http_error | https://cbpp.org/research/geographic-pattern-of-disability-receipt-largely-reflects-economic-and-demographic-factors
[1,390/1,559] OK | https://pmc.ncbi.nlm.nih.gov/articles/PMC1403427
[1,391/1,559] OK | https://hss.edu/health-library/conditions-and-treatments/enhancing-clinical-skills-lgbtq-care-hospital-setting
[1,392/1,559] OK | https://meps.ahrq.gov/mepsweb/data_files/publications/rf17/rf17.shtml
[1,393/1,559] OK | https://kff.org/affordable-care-act/health-care-access-and-coverage-for-the-lesbian-gay-bisexual-and-transgender-lgbt-co
[1,394/1,559] OK | https://disability-benefits-help.org/blog/gender-and-social-security-disability-benefits
[1,395/1,559] robots_disallowed | https://wol.iza.org/articles/sexual-orientation-and-labor-market-outcomes/long
[1,396/1,559] OK | https://minneapolisfed.org/article/2024/lender-reported-reasons-for-mortgage-denials-dont-explain-racial-disparities
[1,397/1,559] OK | https://habitatcltregion.org/blog/homeownership-in-latino-and-hispanic-communities
[1,398/1,559] http_error | https://whijournal.com/article/S1049-3867%2808%2900108-4/fulltext
[1,399/1,559] OK | https://healthmanagement.org/c/healthmanagement/Post/health-insurance-for-people-with-disabilities-navigating-the-comple
[1,400/1,559] hard_timeout | https://usnews.com/education/best-colleges/articles/how-your-hometown-could-affect-your-college-prospects
[1,401/1,559] OK | https://pmc.ncbi.nlm.nih.gov/articles/PMC7280420
[1,402/1,559] OK | https://pmc.ncbi.nlm.nih.gov/articles/PMC5370590
[1,403/1,559] OK | https://pointfoundation.org/hubfs/Research%20Reports/2111-Trans-Higher-Ed-FINAL.pdf
[1,404/1,559] http_error | https://scholarworks.calstate.edu/downloads/bv73c633w
[1,405/1,559] OK | https://lundelllawfirm.com/post/common-sources-of-workplace-harassment
[1,406/1,559] http_error | https://healthaffairs.org/doi/10.1377/hlthaff.2024.00672
[1,407/1,559] http_error | https://jec.senate.gov/public/_cache/files/2756e78d-cd64-4413-8d26-a4f9c2756947/banking-and-financial-exclusion-final.pd
[1,408/1,559] http_error | https://homelesshub.ca/collection/homelessness-101/what-are-the-causes-of-homelessness
[1,409/1,559] http_error | https://aeaweb.org/forum/2421/factors-affecting-household-access-banking-services-issues
[1,410/1,559] OK | https://bestcolleges.com/resources/history-women-higher-education
[1,411/1,559] OK | https://ucdavis.edu/blog/curiosity/how-do-students-disabilities-achieve-success-college
[1,412/1,559] OK | https://youtube.com/watch?t=30&v=Lih6wkmQTs0
[1,413/1,559] http_error | https://reimaginerpe.org/node/858
[1,414/1,559] OK | https://grad.ubc.ca/psi/blog/18/clark
[1,415/1,559] http_error | https://urban.org/urban-wire/improving-homebuying-opportunities-latino-families-would-benefit-entire-housing-market
[1,416/1,559] OK | https://pmc.ncbi.nlm.nih.gov/articles/PMC4554714
[1,417/1,559] OK | https://chicagofed.org/publications/chicago-fed-letter/2026/524
[1,418/1,559] OK | https://pmc.ncbi.nlm.nih.gov/articles/PMC7153781
[1,419/1,559] OK | https://naceweb.org/job-market/trends-and-predictions/early-career-talent-and-the-effects-of--gender
[1,420/1,559] OK | https://pmc.ncbi.nlm.nih.gov/articles/PMC8624572
[1,421/1,559] OK | https://researchforaction.org/research-resources/k-12/unequal-access-to-educational-opportunity-in-the-united-states
[1,422/1,559] OK | https://luminafoundation.org/news-and-views/one-quarter-of-hispanic-students-face-discrimination-leading-many-to-conside
[1,423/1,559] OK | https://poverty.ucdavis.edu/post/safety-net-programs-underused-eligible-hispanic-families
[1,424/1,559] OK | https://freopp.org/whitepapers/fixing-the-broken-incentives-in-the-u-s-welfare-system
[1,425/1,559] OK | https://unidosus.org/higher-ed
[1,426/1,559] OK | https://youtube.com/watch?t=26&v=YobHZee_XMc
[1,427/1,559] http_error | https://emerald.com/edi/article/45/5/781/1270096/A-three-dimensional-perspective-on-factors
[1,428/1,559] OK | https://pn3policy.org/blog/administrative-burden-blog
[1,429/1,559] OK | https://hispanicresearchcenter.org/research-resources/highlights-decade-research-supports-economic-self-sufficiency-lati
[1,430/1,559] http_error | https://researchgate.net/publication/377076621_Influence_of_Gender_on_Career_Choice
[1,431/1,559] OK | https://unidosus.org/blog/2022/09/28/latinos-remain-disproportionately-impacted-by-food-insecurity-usda-can-make-progres
[1,432/1,559] OK | https://pmc.ncbi.nlm.nih.gov/articles/PMC11861525
[1,433/1,559] OK | https://nefe.org/news/2022/06/lgbtqia-discrimination-in-financial-services.aspx
[1,434/1,559] OK | https://apps.urban.org/features/latino-criminal-justice-data
[1,435/1,559] OK | https://indusind.bank.in/iblogs/personal-loan/factors-that-influence-personal-loan-eligibility-all-you-need-to-know
[1,436/1,559] http_error | https://opportunityhome.org/resources/disability-rights-advocates-and-housing-fact-sheet
[1,437/1,559] OK | https://prisonpolicy.org/blog/2019/05/14/policingwomen
[1,438/1,559] OK | https://eprints.leedsbeckett.ac.uk/id/eprint/1648/2/Revised%20Manuscript%20.pdf
[1,439/1,559] OK | https://additionsolutions.co.uk/the-psychology-of-hiring-what-makes-a-great-candidate-stand-out
[1,440/1,559] curl_error | https://washingtonpost.com/business/2020/10/16/how-race-affects-your-credit-score
[1,441/1,559] http_error | https://scholarworks.wmich.edu/cgi/viewcontent.cgi?article=3024&context=jssw
[1,442/1,559] OK | https://apa.org/topics/healthy-workplaces/growth-opportunities
[1,443/1,559] http_error | https://cepr.org/voxeu/columns/gender-bias-access-finance-and-implications-capital-misallocation
[1,444/1,559] OK | https://youtube.com/watch?t=671&v=aRgDrgDSCHc
[1,445/1,559] OK | https://ohchr.org/en/stories/2025/08/womens-incarceration-rooted-gender-inequality-and-violence
[1,446/1,559] robots_disallowed | https://facebook.com/wqad8/posts/a-first-of-its-kind-report-was-released-earlier-this-year-examining-the-structur/163923
[1,447/1,559] OK | https://transgenderlawcenter.org/resources/law-enforcement-interactions-rights-and-realities
[1,448/1,559] http_error | https://psnet.ahrq.gov/perspective/equity-patient-safety
[1,449/1,559] http_error | https://compass.onlinelibrary.wiley.com/doi/10.1111/j.1751-9020.2012.00459.x
[1,450/1,559] http_error | https://sivinandmiller.com/blog/2022/09/issues-disabled-people-deal-with-while-in-contact-with-the-police
[1,451/1,559] http_error | https://sciencedirect.com/science/article/pii/S0929119920302261
[1,452/1,559] OK | https://apa.org/monitor/2016/11/cover-inequality-school
[1,453/1,559] http_error | https://wagner.nyu.edu/files/faculty/publications/Giannella%2C%20Homonoff%2C%20Rino%2C%20and%20Somerville%20%282023%29.p
[1,454/1,559] http_error | https://voxdev.org/voxdevlit/female-labour-force-participation-issue-2/factors-affect-employers-decision-hire-female
[1,455/1,559] robots_disallowed | https://linkedin.com/top-content/career/barriers-to-career-growth/overlooked-factors-in-women-s-career-success
[1,456/1,559] OK | https://nmmc.org/mens-health-and-preventive-care-why-routine-checkups-matter
[1,457/1,559] OK | https://habitat.org/stories/5-policy-solutions-advance-racial-equity-housing
[1,458/1,559] http_error | https://gao.gov/women-and-gender-public-policy
[1,459/1,559] OK | https://nij.ojp.gov/media/video/23801
[1,460/1,559] OK | https://nlihc.org/resource/transgender-individuals-experience-homelessness-eight-times-rate-general-us-population
[1,461/1,559] http_error | https://onlinelibrary.wiley.com/doi/10.1111/joca.12343
[1,462/1,559] http_error | https://sciencedirect.com/science/article/pii/S0929119922001584
[1,463/1,559] OK | https://pmc.ncbi.nlm.nih.gov/articles/PMC2764043
[1,464/1,559] OK | https://sepsis.org/news/how-does-lgbtq-identity-impact-healthcare-experiences
[1,465/1,559] OK | https://sentencingproject.org/reports/one-in-five-ending-racial-inequity-in-incarceration
[1,466/1,559] http_error | https://nytimes.com/2024/06/03/us/politics/medicaid-reenrollment-black-hispanic.html
[1,467/1,559] OK | https://heraldopenaccess.us/openaccess/the-effect-of-housing-instability-on-risky-sexual-behavior-and-hiv-and-stis-for-a
[1,468/1,559] http_error | https://phys.org/news/2025-10-homelessness-vary-sharply.html
[1,469/1,559] OK | https://pmc.ncbi.nlm.nih.gov/articles/PMC9449977
[1,470/1,559] OK | https://idbinvest.org/en/blog/gender/uncovering-hidden-cost-gender-biases-lending-women
[1,471/1,559] OK | https://pmc.ncbi.nlm.nih.gov/articles/PMC10350749
[1,472/1,559] OK | https://prisonpolicy.org/blog/2020/06/05/policingfacts
[1,473/1,559] OK | https://betterangels.la/halo/preventions/why-are-people-homeless
[1,474/1,559] http_error | https://beckerspayer.com/research-analysis/5-things-to-know-about-medicaids-administrative-burdens
[1,475/1,559] OK | https://ohr.dc.gov/page/transemployees
[1,476/1,559] OK | https://calworks.org/eligibility-process
[1,477/1,559] OK | https://pmc.ncbi.nlm.nih.gov/articles/PMC10251765
[1,478/1,559] OK | https://news.nd.edu/news/im-watching-you-behavior-produces-racial-disparities-in-school-discipline
[1,479/1,559] OK | https://hispanicresearchcenter.org/hisp-family-facts/hispanic-family-facts-low-income-hispanics-may-have-misconceptions-
[1,480/1,559] OK | https://siepr.stanford.edu/publications/policy-brief/homelessness-california-causes-and-policy-considerations
[1,481/1,559] downloaded | https://access.heinonline.com/hol-cgi-bin/get_pdf.cgi?handle=hein.journals%2Fsocprob29&section=22
[1,482/1,559] OK | https://navicoresolutions.org/resources/blog/overcoming-barriers-of-financial-inclusion
[1,483/1,559] http_error | https://urban.org/research/publication/people-disabilities-living-us-face-urgent-barriers-housing
[1,484/1,559] OK | https://nwlc.org/resource/by-the-numbers-data-on-key-programs-for-the-well-being-of-women-lgbtqi-people-and-their-famili
[1,485/1,559] OK | https://pmc.ncbi.nlm.nih.gov/articles/PMC9744995
[1,486/1,559] OK | https://pmc.ncbi.nlm.nih.gov/articles/PMC6002151
[1,487/1,559] http_error | https://bwlaw.com/blog/2024/05/sexual-harassment-also-affects-men
[1,488/1,559] OK | https://williamsinstitute.law.ucla.edu/press/lgbt-snap-benefits-press-release
[1,489/1,559] OK | https://pmc.ncbi.nlm.nih.gov/articles/PMC11022155
[1,490/1,559] downloaded | https://fdic.gov/system/files/2024-06/2022-community-reinvestment-act-3064-af81-c-298.pdf
[1,491/1,559] OK | https://theconversation.com/the-disturbing-connection-between-bullying-and-sexual-harassment-68033
[1,492/1,559] OK | https://pmc.ncbi.nlm.nih.gov/articles/PMC10431638
[1,493/1,559] OK | https://pmc.ncbi.nlm.nih.gov/articles/PMC11523499
[1,494/1,559] OK | https://cluballiance.aaa.com/the-extra-mile/advice/budget/factors-lenders-consider-for-credit-approval
[1,495/1,559] OK | https://johepal.com/article-1-532-en.pdf
[1,496/1,559] OK | https://ojp.gov/pdffiles1/ojjdp/grants/250804.pdf
[1,497/1,559] http_error | https://onlinelibrary.wiley.com/doi/abs/10.1002/aepp.13508
[1,498/1,559] http_error | https://law.justia.com/constitution/us/amendment-04/14-detention-short-of-arrest-stop-and-frisk.html
[1,499/1,559] OK | https://normtherapy.com/blog/examining-the-disparities-in-assistance-for-homeless-men
[1,500/1,559] http_error | https://aecf.org/blog/racial-inequality-in-education
[1,501/1,559] OK | https://ccjm.org/content/83/7/531
[1,502/1,559] OK | https://pmc.ncbi.nlm.nih.gov/articles/PMC9636806
[1,503/1,559] http_error | https://researchgate.net/publication/276605218_Factors_that_affect_the_arrest_decision_in_domestic_violence_cases
[1,504/1,559] OK | https://journals.indianapolis.iu.edu/index.php/ENGAGE/article/view/27616
[1,505/1,559] OK | https://unesco.org/en/health-education/safe-learning-environments
[1,506/1,559] OK | https://csd.wustl.edu/26-30
[1,507/1,559] OK | https://pmc.ncbi.nlm.nih.gov/articles/PMC1495054
[1,508/1,559] http_error | https://sciencedirect.com/science/article/abs/pii/S0047235220300684
[1,509/1,559] OK | https://womensworldbanking.org/insights/the-institutional-barriers-holding-back-womens-financial-inclusion
[1,510/1,559] OK | https://endhomelessness.org/overview
[1,511/1,559] OK | https://epgn.com/2020/10/28/new-study-shows-roots-of-lgbtq-poverty-and-need-for-government-data
[1,512/1,559] OK | https://specialneedsalliance.org/blog/archive/tough-choices-people-with-disabilities-face-housing-crisis
[1,513/1,559] OK | https://right-to-education.org/girlswomen
[1,514/1,559] OK | https://rudermanfoundation.org/white_papers/media-coverage-of-law-enforcement-use-of-force-and-disability
[1,515/1,559] OK | https://policingequity.org/resource-library/use-of-force
[1,516/1,559] curl_error | https://sk.sagepub.com/ency/edvol/download/counseling/chpt/career-counseling-latinos.pdf
[1,517/1,559] OK | https://patientsafetylearning.org/blog/dangerous-exclusions-the-risk-to-patient-safety-of-sex-and-gender-bias
[1,518/1,559] OK | https://williamsinstitute.law.ucla.edu/publications/lgbtq-colleges-grad-school
[1,519/1,559] http_error | https://aphsa.org/resources/seven-ways-to-improve-tanf-and-help-families
[1,520/1,559] OK | https://unidosus.org/wp-content/uploads/2021/07/millennial_employment_brief.pdf
[1,521/1,559] OK | https://justice.gov/ovw/grants
[1,522/1,559] http_error | https://americanbar.org/groups/diversity/sexual_orientation/publications/equalizer/2019-july/impact-of-incarceration-and
[1,523/1,559] OK | https://stpaulscenter.com/racial-inequities
[1,524/1,559] OK | https://nces.ed.gov/programs/coe/indicator/a10/bullying-electronic-bullying
[1,525/1,559] OK | https://pmc.ncbi.nlm.nih.gov/articles/PMC10418767
[1,526/1,559] OK | https://latino.ucla.edu/press/new-federal-and-state-policies-could-lead-up-to-1m-latino-medi-cal-enrollees-to-disenroll-
[1,527/1,559] OK | https://meditopia.com/en/forwork/articles/disability-discrimination-in-the-workplace
[1,528/1,559] http_error | https://urban.org/sites/default/files/publication/89236/same_sex_marriage_0.pdf
[1,529/1,559] http_error | https://scholarworks.uark.edu/cgi/viewcontent.cgi?article=1017&context=isysuht
[1,530/1,559] http_error | https://tandfonline.com/doi/full/10.1080/15348431.2024.2333885
[1,531/1,559] http_error | https://mdpi.com/1660-4601/19/8/4502
[1,532/1,559] OK | https://latino.ucla.edu/research/redefine-latinx-homelessness
[1,533/1,559] OK | https://wordinblack.com/2024/09/hidden-factors-influencing-college-admissions
[1,534/1,559] OK | https://post.ca.gov/portals/0/post_docs/basic_course_resources/workbooks/LD_15-V5.0.pdf
[1,535/1,559] OK | https://eeoc.gov/youth/disability-discrimination
[1,536/1,559] OK | https://youtube.com/watch?t=49s&v=wj_2U8NqR_M
[1,537/1,559] http_error | https://foxrothschild.com/publications/the-eeocs-enforcement-guidance-on-harassment-in-the-workplace-what-employers-need
[1,538/1,559] http_error | https://scholars.org/brief/how-federal-government-policies-have-helped-women-earn-college-degrees
[1,539/1,559] http_error | https://nhchc.org/wp-content/uploads/2019/08/in-focus_transgender_sep2014_final.pdf
[1,540/1,559] OK | https://pmc.ncbi.nlm.nih.gov/articles/PMC8252906
[1,541/1,559] OK | https://pmc.ncbi.nlm.nih.gov/articles/PMC10174265
[1,542/1,559] OK | https://digitalgovernmenthub.org/publications/implementing-benefits-eligibility-enrollment-systems-key-context
[1,543/1,559] http_error | https://sciencedirect.com/science/article/abs/pii/S1053482213000648
[1,544/1,559] http_error | https://equineteurope.org/wp-content/uploads/2021/01/Women-in-Poverty_-Access-to-Education.pdf
[1,545/1,559] http_error | https://urban.org/urban-wire/how-can-we-reduce-housing-instability-among-lgbtq-americans
[1,546/1,559] OK | https://triagecancer.org/financial-assistance-can-impact-your-government-benefits
[1,547/1,559] OK | https://ceo.lacounty.gov/2026/01/22/ardi-latest-news/task-force-on-latinx-people-experiencing-homelessness-report
[1,548/1,559] OK | https://kff.org/medicaid/recent-medicaid-chip-enrollment-declines-and-barriers-to-maintaining-coverage
[1,549/1,559] OK | https://1mtcares.org/stories-from-the-field/gender-equity-education
[1,550/1,559] OK | https://pmc.ncbi.nlm.nih.gov/articles/PMC13252812
[1,551/1,559] OK | https://womensworldbanking.org/insights/from-exclusion-to-empowerment-the-meaning-of-financial-inclusion
[1,552/1,559] OK | https://arlingtonlifeshelter.org/how-we-help/resources/causes-of-homelessness.html
[1,553/1,559] OK | https://corp.publicschoolworks.com/resource/10-facts-about-equity-in-education
[1,554/1,559] OK | https://hispanicresearchcenter.org/research-resources/national-profile-of-latino-parents-education-attainment-underscore
[1,555/1,559] OK | https://ewa.org/data-research-tips/how-black-girls-are-harmed-in-schools
[1,556/1,559] http_error | https://naspa.org/blog/supporting-queer-and-trans-college-students-amidst-political-turmoil
[1,557/1,559] http_error | https://stopbullying.gov/blog/2015/10/13/overcoming-perceived-differences-prevent-bullying
[1,558/1,559] curl_error | https://rsfjournal.org/content/9/5/1
[1,559/1,559] hard_timeout | https://hud.gov/hudprograms

================================================================================
REBUILDING COMPLETE MANIFEST
================================================================================

================================================================================
SOURCE COLLECTION FINISHED
================================================================================

Source occurrences: 2,156
Unique URLs: 1,559

Already present before this run: 0
Scheduled this run: 1,559
New successful extractions: 1,064
New failed/incomplete: 495

Successful downloads total: 1,067/1,559
Successful text extractions total: 1,064/1,559
Text extraction coverage: 68.25%

Hard timeouts: 12
Robots blocked: 39
HTTP errors: 412
curl errors: 29
Exceptions: 0
Empty text extractions: 3
Missing metadata after run: 0

Corpus directory:
/scratch/victoria.estanislau/ai-summary/annotations/v3_la/source_corpus

Reports directory:
/scratch/victoria.estanislau/ai-summary/results/source_collection_la

Main files:
  /scratch/victoria.estanislau/ai-summary/annotations/v3_la/source_corpus/manifest.csv
  /scratch/victoria.estanislau/ai-summary/annotations/v3_la/source_corpus/url_usage.csv
  /scratch/victoria.estanislau/ai-summary/annotations/v3_la/source_corpus/url_usage_enriched.csv
  /scratch/victoria.estanislau/ai-summary/annotations/v3_la/source_corpus/corpus.jsonl
  /scratch/victoria.estanislau/ai-summary/results/source_collection_la/collection_summary.json
  /scratch/victoria.estanislau/ai-summary/results/source_collection_la/failed_or_incomplete_sources.csv
  /scratch/victoria.estanislau/ai-summary/results/source_collection_la/missing_after_run.csv
  /scratch/victoria.estanislau/ai-summary/results/source_collection_la/collection_quality_by_domain.csv

Done.
