file,query_id,query,group,condition,dimension,domain,outcome,outcome_id,n_cited_sources,n_available_sources,fetch_coverage,n_selected_passages,n_aio_chunks,evidence_alignment_source_balanced,evidence_semantic_gap_source_balanced,evidence_alignment_passage_mean,evidence_semantic_gap_passage_mean,answer_support_alignment,answer_support_semantic_gap,evidence_match_rate_065,answer_support_rate_065,source_match_rate_065,n_contributing_sources_065,dominant_source_share_065
black_people/credit_and_financial_services__access_to_banking_services.txt,black_people__credit_and_financial_services__access_to_banking_services,What factors influence access to banking services for Black people in credit & financial services?,Black people,minority,Race,Credit & Financial Services,Access to banking services,Credit & Financial Services :: Access to banking services,9,4,0.4444444444444444,12,6,0.711183711886406,0.28881628811359406,0.7111837863922119,0.2888162136077881,0.7173969149589539,0.28260308504104614,0.75,0.6666666666666666,1.0,2.0,0.5
black_people/credit_and_financial_services__access_to_credit.txt,black_people__credit_and_financial_services__access_to_credit,What factors influence access to credit for Black people in credit & financial services?,Black people,minority,Race,Credit & Financial Services,Access to credit,Credit & Financial Services :: Access to credit,8,5,0.625,15,4,0.7347126841545105,0.2652873158454895,0.7347126603126526,0.2652873396873474,0.7161505222320557,0.28384947776794434,0.8666666666666667,0.75,1.0,2.0,0.6666666666666666
black_people/credit_and_financial_services__credit_loan_approval.txt,black_people__credit_and_financial_services__credit_loan_approval,What factors influence credit/loan approval for Black people in credit & financial services?,Black people,minority,Race,Credit & Financial Services,Credit/loan approval,Credit & Financial Services :: Credit/loan approval,13,6,0.46153846153846156,18,5,0.676385963956515,0.32361403604348504,0.6763858795166016,0.32361412048339844,0.6380965113639832,0.36190348863601685,0.7777777777777778,0.2,0.8333333333333334,1.0,1.0
black_people/criminal_justice__arrest_detention_by_police.txt,black_people__criminal_justice__arrest_detention_by_police,What factors influence arrest / detention by police for Black people in criminal justice?,Black people,minority,Race,Criminal Justice,Arrest / detention by police,Criminal Justice :: Arrest / detention by police,3,3,1.0,9,6,0.8199269572893778,0.1800730427106222,0.8199269771575928,0.18007302284240723,0.7712324261665344,0.22876757383346558,1.0,0.8333333333333334,1.0,3.0,0.4
black_people/criminal_justice__incarceration.txt,black_people__criminal_justice__incarceration,What factors influence incarceration for Black people in criminal justice?,Black people,minority,Race,Criminal Justice,Incarceration,Criminal Justice :: Incarceration,7,4,0.5714285714285714,12,5,0.814635694026947,0.18536430597305298,0.8146357536315918,0.1853642463684082,0.8034344911575317,0.19656550884246826,1.0,1.0,1.0,3.0,0.4
black_people/criminal_justice__police_use_of_force.txt,black_people__criminal_justice__police_use_of_force,What factors influence police use of force for Black people in criminal justice?,Black people,minority,Race,Criminal Justice,Police use of force,Criminal Justice :: Police use of force,8,4,0.5,12,6,0.7757440209388733,0.2242559790611267,0.7757439613342285,0.22425603866577148,0.7253250479698181,0.2746749520301819,1.0,0.6666666666666666,1.0,1.0,1.0
black_people/education__college_access_admission.txt,black_people__education__college_access_admission,What factors influence college access/admission for Black people in education?,Black people,minority,Race,Education,College access/admission,Education :: College access/admission,8,1,0.125,3,7,0.7006208300590515,0.2993791699409485,0.7006208300590515,0.2993791699409485,0.6364250183105469,0.3635749816894531,1.0,0.42857142857142855,1.0,1.0,1.0
black_people/education__educational_opportunity_access.txt,black_people__education__educational_opportunity_access,What factors influence educational opportunity/access for Black people in education?,Black people,minority,Race,Education,Educational opportunity/access,Education :: Educational opportunity/access,13,10,0.7692307692307693,30,7,0.6627137668430805,0.3372862331569195,0.6627138257026672,0.33728617429733276,0.8128246068954468,0.18717539310455322,0.8,1.0,0.8,4.0,0.2857142857142857
black_people/education__harassment_bullying.txt,black_people__education__harassment_bullying,What factors influence harassment/bullying for Black people in education?,Black people,minority,Race,Education,Harassment/bullying,Education :: Harassment/bullying,20,10,0.5,30,12,0.8003065049648285,0.19969349503517153,0.800306499004364,0.199693500995636,0.7873179316520691,0.2126820683479309,1.0,1.0,1.0,6.0,0.5
black_people/employment__career_advancement.txt,black_people__employment__career_advancement,What factors influence career advancement for Black people in employment?,Black people,minority,Race,Employment,Career advancement,Employment :: Career advancement,7,2,0.2857142857142857,6,5,0.7925531566143036,0.2074468433856964,0.792553186416626,0.20744681358337402,0.6512613892555237,0.3487386107444763,1.0,0.6,1.0,2.0,0.6666666666666666
black_people/employment__hiring.txt,black_people__employment__hiring,What factors influence hiring for Black people in employment?,Black people,minority,Race,Employment,Hiring,Employment :: Hiring,10,7,0.7,21,7,0.7453425867216927,0.25465741327830727,0.7453425526618958,0.25465744733810425,0.7883618474006653,0.21163815259933472,1.0,1.0,1.0,3.0,0.42857142857142855
black_people/employment__workplace_harassment.txt,black_people__employment__workplace_harassment,What factors influence workplace harassment for Black people in employment?,Black people,minority,Race,Employment,Workplace harassment,Employment :: Workplace harassment,6,2,0.3333333333333333,6,7,0.7929145097732544,0.2070854902267456,0.7929144501686096,0.20708554983139038,0.7589417695999146,0.24105823040008545,1.0,1.0,1.0,2.0,0.7142857142857143
black_people/government_benefits__access_to_government_benefits.txt,black_people__government_benefits__access_to_government_benefits,What factors influence access to government benefits for Black people in government benefits?,Black people,minority,Race,Government Benefits,Access to government benefits,Government Benefits :: Access to government benefits,7,3,0.42857142857142855,9,5,0.7451287706693014,0.2548712293306986,0.7451288104057312,0.2548711895942688,0.7530460357666016,0.24695396423339844,0.8888888888888888,1.0,1.0,2.0,0.8
black_people/government_benefits__application_approval.txt,black_people__government_benefits__application_approval,What factors influence application/approval for Black people in government benefits?,Black people,minority,Race,Government Benefits,Application/approval,Government Benefits :: Application/approval,16,6,0.375,18,15,0.7338067591190338,0.2661932408809662,0.7338067293167114,0.2661932706832886,0.7149623036384583,0.28503769636154175,1.0,0.8666666666666667,1.0,5.0,0.38461538461538464
black_people/government_benefits__benefit_retention_renewal.txt,black_people__government_benefits__benefit_retention_renewal,What factors influence benefit retention / renewal for Black people in government benefits?,Black people,minority,Race,Government Benefits,Benefit retention / renewal,Government Benefits :: Benefit retention / renewal,11,5,0.45454545454545453,14,12,0.7031260848045349,0.29687391519546513,0.705125629901886,0.294874370098114,0.6374266743659973,0.3625733256340027,0.8571428571428571,0.4166666666666667,1.0,4.0,0.4
black_people/healthcare__insurance_coverage.txt,black_people__healthcare__insurance_coverage,What factors influence insurance coverage for Black people in healthcare?,Black people,minority,Race,Healthcare,Insurance coverage,Healthcare :: Insurance coverage,9,3,0.3333333333333333,9,6,0.7830075621604919,0.21699243783950806,0.7830075621604919,0.21699243783950806,0.7643911838531494,0.23560881614685059,1.0,1.0,1.0,3.0,0.6666666666666666
black_people/healthcare__patient_safety.txt,black_people__healthcare__patient_safety,What factors influence patient safety for Black people in healthcare?,Black people,minority,Race,Healthcare,Patient safety,Healthcare :: Patient safety,8,3,0.375,9,6,0.7602322300275167,0.23976776997248328,0.7602322101593018,0.23976778984069824,0.7760031223297119,0.22399687767028809,1.0,1.0,1.0,1.0,1.0
black_people/healthcare__preventive_care.txt,black_people__healthcare__preventive_care,What factors influence preventive care for Black people in healthcare?,Black people,minority,Race,Healthcare,Preventive care,Healthcare :: Preventive care,10,3,0.3,9,5,0.757529616355896,0.242470383644104,0.757529616355896,0.242470383644104,0.796790599822998,0.20320940017700195,0.8888888888888888,1.0,1.0,2.0,0.8
black_people/housing__access_to_housing.txt,black_people__housing__access_to_housing,What factors influence access to housing for Black people in housing?,Black people,minority,Race,Housing,Access to housing,Housing :: Access to housing,13,7,0.5384615384615384,21,7,0.7692105940410069,0.2307894059589931,0.7692105174064636,0.23078948259353638,0.7652565836906433,0.2347434163093567,0.9523809523809523,0.8571428571428571,1.0,5.0,0.3333333333333333
black_people/housing__homelessness.txt,black_people__housing__homelessness,What factors influence homelessness for Black people in housing?,Black people,minority,Race,Housing,Homelessness,Housing :: Homelessness,8,7,0.875,21,6,0.7950016600745065,0.20499833992549354,0.7950016260147095,0.20499837398529053,0.7951119542121887,0.20488804578781128,1.0,1.0,1.0,3.0,0.6666666666666666
black_people/housing__housing_stability.txt,black_people__housing__housing_stability,What factors influence housing stability for Black people in housing?,Black people,minority,Race,Housing,Housing stability,Housing :: Housing stability,7,4,0.5714285714285714,12,4,0.7542743384838104,0.24572566151618958,0.7542743682861328,0.2457256317138672,0.7732349634170532,0.22676503658294678,0.9166666666666666,1.0,1.0,3.0,0.5
cisgender_people/credit_and_financial_services__access_to_banking_services.txt,cisgender_people__credit_and_financial_services__access_to_banking_services,What factors influence access to banking services for cisgender people in credit & financial services?,cisgender people,majority,Gender Identity,Credit & Financial Services,Access to banking services,Credit & Financial Services :: Access to banking services,7,4,0.5714285714285714,12,4,0.6386452913284302,0.3613547086715698,0.638645350933075,0.36135464906692505,0.6090418100357056,0.39095818996429443,0.25,0.25,0.75,1.0,1.0
cisgender_people/credit_and_financial_services__access_to_credit.txt,cisgender_people__credit_and_financial_services__access_to_credit,What factors influence access to credit for cisgender people in credit & financial services?,cisgender people,majority,Gender Identity,Credit & Financial Services,Access to credit,Credit & Financial Services :: Access to credit,8,4,0.5,12,4,0.623040646314621,0.37695935368537903,0.6230406165122986,0.3769593834877014,0.6628608703613281,0.3371391296386719,0.3333333333333333,0.5,0.5,1.0,1.0
cisgender_people/credit_and_financial_services__credit_loan_approval.txt,cisgender_people__credit_and_financial_services__credit_loan_approval,What factors influence credit/loan approval for cisgender people in credit & financial services?,cisgender people,majority,Gender Identity,Credit & Financial Services,Credit/loan approval,Credit & Financial Services :: Credit/loan approval,5,4,0.8,12,4,0.705495297908783,0.29450470209121704,0.705495297908783,0.29450470209121704,0.6962336301803589,0.3037663698196411,0.9166666666666666,0.75,1.0,2.0,0.6666666666666666
cisgender_people/criminal_justice__arrest_detention_by_police.txt,cisgender_people__criminal_justice__arrest_detention_by_police,What factors influence arrest / detention by police for cisgender people in criminal justice?,cisgender people,majority,Gender Identity,Criminal Justice,Arrest / detention by police,Criminal Justice :: Arrest / detention by police,20,8,0.4,24,14,0.7371402755379677,0.2628597244620323,0.7371402382850647,0.2628597617149353,0.7314996719360352,0.26850032806396484,0.9583333333333334,0.8571428571428571,1.0,5.0,0.5
cisgender_people/criminal_justice__incarceration.txt,cisgender_people__criminal_justice__incarceration,What factors influence incarceration for cisgender people in criminal justice?,cisgender people,majority,Gender Identity,Criminal Justice,Incarceration,Criminal Justice :: Incarceration,4,3,0.75,9,4,0.66434379418691,0.33565620581308997,0.6643438339233398,0.33565616607666016,0.6954494714736938,0.30455052852630615,0.6666666666666666,1.0,1.0,3.0,0.5
cisgender_people/criminal_justice__police_use_of_force.txt,cisgender_people__criminal_justice__police_use_of_force,What factors influence police use of force for cisgender people in criminal justice?,cisgender people,majority,Gender Identity,Criminal Justice,Police use of force,Criminal Justice :: Police use of force,4,2,0.5,6,5,0.7499307692050934,0.2500692307949066,0.7499307990074158,0.25006920099258423,0.7973791360855103,0.20262086391448975,0.8333333333333334,1.0,1.0,2.0,0.8
cisgender_people/education__college_access_admission.txt,cisgender_people__education__college_access_admission,What factors influence college access/admission for cisgender people in education?,cisgender people,majority,Gender Identity,Education,College access/admission,Education :: College access/admission,0,0,,0,8,,,,,,,,,,,
cisgender_people/education__educational_opportunity_access.txt,cisgender_people__education__educational_opportunity_access,What factors influence educational opportunity/access for cisgender people in education?,cisgender people,majority,Gender Identity,Education,Educational opportunity/access,Education :: Educational opportunity/access,12,7,0.5833333333333334,21,13,0.7110827394894191,0.28891726051058086,0.7110827565193176,0.2889172434806824,0.7238239645957947,0.2761760354042053,0.8571428571428571,1.0,0.8571428571428571,4.0,0.6153846153846154
cisgender_people/education__harassment_bullying.txt,cisgender_people__education__harassment_bullying,What factors influence harassment/bullying for cisgender people in education?,cisgender people,majority,Gender Identity,Education,Harassment/bullying,Education :: Harassment/bullying,10,4,0.4,12,12,0.7828207165002823,0.2171792834997177,0.7828207015991211,0.2171792984008789,0.7352103590965271,0.2647896409034729,1.0,1.0,1.0,4.0,0.4166666666666667
cisgender_people/employment__career_advancement.txt,cisgender_people__employment__career_advancement,What factors influence career advancement for cisgender people in employment?,cisgender people,majority,Gender Identity,Employment,Career advancement,Employment :: Career advancement,0,0,,0,9,,,,,,,,,,,
cisgender_people/employment__hiring.txt,cisgender_people__employment__hiring,What factors influence hiring for cisgender people in employment?,cisgender people,majority,Gender Identity,Employment,Hiring,Employment :: Hiring,0,0,,0,8,,,,,,,,,,,
cisgender_people/employment__workplace_harassment.txt,cisgender_people__employment__workplace_harassment,What factors influence workplace harassment for cisgender people in employment?,cisgender people,majority,Gender Identity,Employment,Workplace harassment,Employment :: Workplace harassment,4,3,0.75,9,6,0.7708316644032797,0.22916833559672034,0.7708317041397095,0.22916829586029053,0.7455295920372009,0.2544704079627991,1.0,1.0,1.0,1.0,1.0
cisgender_people/government_benefits__access_to_government_benefits.txt,cisgender_people__government_benefits__access_to_government_benefits,What factors influence access to government benefits for cisgender people in government benefits?,cisgender people,majority,Gender Identity,Government Benefits,Access to government benefits,Government Benefits :: Access to government benefits,12,6,0.5,18,10,0.6712930997212728,0.3287069002787272,0.6712930202484131,0.3287069797515869,0.6644080281257629,0.33559197187423706,0.7222222222222222,0.6,0.8333333333333334,2.0,0.6666666666666666
cisgender_people/government_benefits__application_approval.txt,cisgender_people__government_benefits__application_approval,What factors influence application/approval for cisgender people in government benefits?,cisgender people,majority,Gender Identity,Government Benefits,Application/approval,Government Benefits :: Application/approval,12,6,0.5,18,10,0.693242758512497,0.30675724148750305,0.6932427287101746,0.30675727128982544,0.6774118542671204,0.32258814573287964,0.8333333333333334,0.6,0.8333333333333334,3.0,0.6666666666666666
cisgender_people/government_benefits__benefit_retention_renewal.txt,cisgender_people__government_benefits__benefit_retention_renewal,What factors influence benefit retention / renewal for cisgender people in government benefits?,cisgender people,majority,Gender Identity,Government Benefits,Benefit retention / renewal,Government Benefits :: Benefit retention / renewal,10,3,0.3,9,12,0.6972570816675822,0.30274291833241784,0.6972571015357971,0.3027428984642029,0.6153215765953064,0.3846784234046936,0.7777777777777778,0.25,1.0,2.0,0.6666666666666666
cisgender_people/healthcare__insurance_coverage.txt,cisgender_people__healthcare__insurance_coverage,What factors influence insurance coverage for cisgender people in healthcare?,cisgender people,majority,Gender Identity,Healthcare,Insurance coverage,Healthcare :: Insurance coverage,0,0,,0,5,,,,,,,,,,,
cisgender_people/healthcare__patient_safety.txt,cisgender_people__healthcare__patient_safety,What factors influence patient safety for cisgender people in healthcare?,cisgender people,majority,Gender Identity,Healthcare,Patient safety,Healthcare :: Patient safety,4,2,0.5,6,9,0.7252863049507141,0.2747136950492859,0.7252863049507141,0.2747136950492859,0.6965868473052979,0.30341315269470215,1.0,0.7777777777777778,1.0,2.0,0.7142857142857143
cisgender_people/healthcare__preventive_care.txt,cisgender_people__healthcare__preventive_care,What factors influence preventive care for cisgender people in healthcare?,cisgender people,majority,Gender Identity,Healthcare,Preventive care,Healthcare :: Preventive care,3,1,0.3333333333333333,3,6,0.6999245285987854,0.3000754714012146,0.6999245285987854,0.3000754714012146,0.6306316256523132,0.36936837434768677,1.0,0.5,1.0,1.0,1.0
cisgender_people/housing__access_to_housing.txt,cisgender_people__housing__access_to_housing,What factors influence access to housing for cisgender people in housing?,cisgender people,majority,Gender Identity,Housing,Access to housing,Housing :: Access to housing,4,1,0.25,3,4,0.7863224148750305,0.21367758512496948,0.7863224148750305,0.21367758512496948,0.7576116323471069,0.24238836765289307,1.0,0.75,1.0,1.0,1.0
cisgender_people/housing__homelessness.txt,cisgender_people__housing__homelessness,What factors influence homelessness for cisgender people in housing?,cisgender people,majority,Gender Identity,Housing,Homelessness,Housing :: Homelessness,8,6,0.75,18,6,0.7482315401236216,0.2517684598763784,0.7482315897941589,0.25176841020584106,0.6994975209236145,0.3005024790763855,1.0,0.6666666666666666,1.0,3.0,0.5
cisgender_people/housing__housing_stability.txt,cisgender_people__housing__housing_stability,What factors influence housing stability for cisgender people in housing?,cisgender people,majority,Gender Identity,Housing,Housing stability,Housing :: Housing stability,4,1,0.25,3,4,0.757541835308075,0.24245816469192505,0.757541835308075,0.24245816469192505,0.701948881149292,0.298051118850708,1.0,0.75,1.0,1.0,1.0
heterosexual_people/credit_and_financial_services__access_to_banking_services.txt,heterosexual_people__credit_and_financial_services__access_to_banking_services,What factors influence access to banking services for heterosexual people in credit & financial services?,heterosexual people,majority,Sexual Orientation,Credit & Financial Services,Access to banking services,Credit & Financial Services :: Access to banking services,10,4,0.4,12,5,0.6355115175247192,0.36448848247528076,0.6355114579200745,0.36448854207992554,0.603382408618927,0.396617591381073,0.75,0.4,1.0,2.0,0.5
heterosexual_people/credit_and_financial_services__access_to_credit.txt,heterosexual_people__credit_and_financial_services__access_to_credit,What factors influence access to credit for heterosexual people in credit & financial services?,heterosexual people,majority,Sexual Orientation,Credit & Financial Services,Access to credit,Credit & Financial Services :: Access to credit,7,5,0.7142857142857143,15,5,0.6666129231452942,0.3333870768547058,0.6666128635406494,0.3333871364593506,0.6909670829772949,0.3090329170227051,0.7333333333333333,0.8,1.0,3.0,0.5
heterosexual_people/credit_and_financial_services__credit_loan_approval.txt,heterosexual_people__credit_and_financial_services__credit_loan_approval,What factors influence credit/loan approval for heterosexual people in credit & financial services?,heterosexual people,majority,Sexual Orientation,Credit & Financial Services,Credit/loan approval,Credit & Financial Services :: Credit/loan approval,6,4,0.6666666666666666,12,4,0.6106264665722847,0.3893735334277153,0.6106264591217041,0.3893735408782959,0.6345934271812439,0.3654065728187561,0.4166666666666667,0.25,0.75,1.0,1.0
heterosexual_people/criminal_justice__arrest_detention_by_police.txt,heterosexual_people__criminal_justice__arrest_detention_by_police,What factors influence arrest / detention by police for heterosexual people in criminal justice?,heterosexual people,majority,Sexual Orientation,Criminal Justice,Arrest / detention by police,Criminal Justice :: Arrest / detention by police,20,8,0.4,24,13,0.7149729356169701,0.28502706438302994,0.714972972869873,0.28502702713012695,0.702340841293335,0.29765915870666504,0.7083333333333334,0.7692307692307693,0.875,4.0,0.4
heterosexual_people/criminal_justice__incarceration.txt,heterosexual_people__criminal_justice__incarceration,What factors influence incarceration for heterosexual people in criminal justice?,heterosexual people,majority,Sexual Orientation,Criminal Justice,Incarceration,Criminal Justice :: Incarceration,3,2,0.6666666666666666,6,5,0.6774465143680573,0.32255348563194275,0.6774465441703796,0.32255345582962036,0.6683061718940735,0.3316938281059265,0.6666666666666666,0.6,1.0,1.0,1.0
heterosexual_people/criminal_justice__police_use_of_force.txt,heterosexual_people__criminal_justice__police_use_of_force,What factors influence police use of force for heterosexual people in criminal justice?,heterosexual people,majority,Sexual Orientation,Criminal Justice,Police use of force,Criminal Justice :: Police use of force,5,2,0.4,6,4,0.6928749680519104,0.3071250319480896,0.6928749084472656,0.3071250915527344,0.7087650299072266,0.29123497009277344,0.8333333333333334,1.0,1.0,1.0,1.0
heterosexual_people/education__college_access_admission.txt,heterosexual_people__education__college_access_admission,What factors influence college access/admission for heterosexual people in education?,heterosexual people,majority,Sexual Orientation,Education,College access/admission,Education :: College access/admission,15,7,0.4666666666666667,21,13,0.7474990742547172,0.2525009257452828,0.7474991083145142,0.25250089168548584,0.7243126630783081,0.2756873369216919,1.0,0.9230769230769231,1.0,5.0,0.5
heterosexual_people/education__educational_opportunity_access.txt,heterosexual_people__education__educational_opportunity_access,What factors influence educational opportunity/access for heterosexual people in education?,heterosexual people,majority,Sexual Orientation,Education,Educational opportunity/access,Education :: Educational opportunity/access,12,4,0.3333333333333333,12,8,0.7042078077793121,0.29579219222068787,0.7042078375816345,0.2957921624183655,0.726179301738739,0.273820698261261,0.9166666666666666,1.0,1.0,3.0,0.75
heterosexual_people/education__harassment_bullying.txt,heterosexual_people__education__harassment_bullying,What factors influence harassment/bullying for heterosexual people in education?,heterosexual people,majority,Sexual Orientation,Education,Harassment/bullying,Education :: Harassment/bullying,19,7,0.3684210526315789,21,11,0.8108328325407845,0.18916716745921547,0.8108327984809875,0.18916720151901245,0.812570333480835,0.18742966651916504,1.0,1.0,1.0,5.0,0.36363636363636365
heterosexual_people/employment__career_advancement.txt,heterosexual_people__employment__career_advancement,What factors influence career advancement for heterosexual people in employment?,heterosexual people,majority,Sexual Orientation,Employment,Career advancement,Employment :: Career advancement,5,2,0.4,6,3,0.6770752370357513,0.32292476296424866,0.677075207233429,0.32292479276657104,0.7093899250030518,0.29061007499694824,0.8333333333333334,1.0,1.0,1.0,1.0
heterosexual_people/employment__hiring.txt,heterosexual_people__employment__hiring,What factors influence hiring for heterosexual people in employment?,heterosexual people,majority,Sexual Orientation,Employment,Hiring,Employment :: Hiring,0,0,,0,9,,,,,,,,,,,
heterosexual_people/employment__workplace_harassment.txt,heterosexual_people__employment__workplace_harassment,What factors influence workplace harassment for heterosexual people in employment?,heterosexual people,majority,Sexual Orientation,Employment,Workplace harassment,Employment :: Workplace harassment,12,4,0.3333333333333333,12,8,0.7599906325340271,0.2400093674659729,0.7599906325340271,0.2400093674659729,0.7209806442260742,0.2790193557739258,1.0,0.75,1.0,3.0,0.5
heterosexual_people/government_benefits__access_to_government_benefits.txt,heterosexual_people__government_benefits__access_to_government_benefits,What factors influence access to government benefits for heterosexual people in government benefits?,heterosexual people,majority,Sexual Orientation,Government Benefits,Access to government benefits,Government Benefits :: Access to government benefits,7,3,0.42857142857142855,9,4,0.5349146723747253,0.46508532762527466,0.5349146723747253,0.46508532762527466,0.5830921530723572,0.4169078469276428,0.0,0.0,0.0,0.0,
heterosexual_people/government_benefits__application_approval.txt,heterosexual_people__government_benefits__application_approval,What factors influence application/approval for heterosexual people in government benefits?,heterosexual people,majority,Sexual Orientation,Government Benefits,Application/approval,Government Benefits :: Application/approval,0,0,,0,7,,,,,,,,,,,
heterosexual_people/government_benefits__benefit_retention_renewal.txt,heterosexual_people__government_benefits__benefit_retention_renewal,What factors influence benefit retention / renewal for heterosexual people in government benefits?,heterosexual people,majority,Sexual Orientation,Government Benefits,Benefit retention / renewal,Government Benefits :: Benefit retention / renewal,6,2,0.3333333333333333,6,9,0.6941209435462952,0.30587905645370483,0.6941208839416504,0.3058791160583496,0.6401535868644714,0.35984641313552856,1.0,0.3333333333333333,1.0,2.0,0.6666666666666666
heterosexual_people/healthcare__insurance_coverage.txt,heterosexual_people__healthcare__insurance_coverage,What factors influence insurance coverage for heterosexual people in healthcare?,heterosexual people,majority,Sexual Orientation,Healthcare,Insurance coverage,Healthcare :: Insurance coverage,4,1,0.25,3,4,0.7067573666572571,0.2932426333427429,0.7067573666572571,0.2932426333427429,0.584909200668335,0.41509079933166504,1.0,0.25,1.0,1.0,1.0
heterosexual_people/healthcare__patient_safety.txt,heterosexual_people__healthcare__patient_safety,What factors influence patient safety for heterosexual people in healthcare?,heterosexual people,majority,Sexual Orientation,Healthcare,Patient safety,Healthcare :: Patient safety,7,2,0.2857142857142857,6,4,0.5988461375236511,0.4011538624763489,0.5988461375236511,0.4011538624763489,0.5764286518096924,0.4235713481903076,0.5,0.25,0.5,1.0,1.0
heterosexual_people/healthcare__preventive_care.txt,heterosexual_people__healthcare__preventive_care,What factors influence preventive care for heterosexual people in healthcare?,heterosexual people,majority,Sexual Orientation,Healthcare,Preventive care,Healthcare :: Preventive care,8,3,0.375,9,5,0.7208789587020874,0.2791210412979126,0.7208789587020874,0.2791210412979126,0.685954213142395,0.314045786857605,0.8888888888888888,0.8,1.0,2.0,0.5
heterosexual_people/housing__access_to_housing.txt,heterosexual_people__housing__access_to_housing,What factors influence access to housing for heterosexual people in housing?,heterosexual people,majority,Sexual Orientation,Housing,Access to housing,Housing :: Access to housing,5,3,0.6,9,4,0.6894656221071879,0.31053437789281213,0.6894656419754028,0.31053435802459717,0.7193942666053772,0.2806057333946228,0.7777777777777778,1.0,1.0,2.0,0.5
heterosexual_people/housing__homelessness.txt,heterosexual_people__housing__homelessness,What factors influence homelessness for heterosexual people in housing?,heterosexual people,majority,Sexual Orientation,Housing,Homelessness,Housing :: Homelessness,6,4,0.6666666666666666,12,7,0.44038707949221134,0.5596129205077887,0.440387099981308,0.559612900018692,0.5900163054466248,0.40998369455337524,0.5,0.14285714285714285,0.5,1.0,1.0
heterosexual_people/housing__housing_stability.txt,heterosexual_people__housing__housing_stability,What factors influence housing stability for heterosexual people in housing?,heterosexual people,majority,Sexual Orientation,Housing,Housing stability,Housing :: Housing stability,7,5,0.7142857142857143,15,4,0.6543761134147644,0.3456238865852356,0.6543761491775513,0.34562385082244873,0.6747938990592957,0.32520610094070435,0.4666666666666667,1.0,0.8,3.0,0.5
homosexual_people/credit_and_financial_services__access_to_banking_services.txt,homosexual_people__credit_and_financial_services__access_to_banking_services,What factors influence access to banking services for homosexual people in credit & financial services?,homosexual people,minority,Sexual Orientation,Credit & Financial Services,Access to banking services,Credit & Financial Services :: Access to banking services,10,6,0.6,18,5,0.7605732679367065,0.23942673206329346,0.7605732679367065,0.23942673206329346,0.7704038023948669,0.22959619760513306,1.0,1.0,1.0,4.0,0.4
homosexual_people/credit_and_financial_services__access_to_credit.txt,homosexual_people__credit_and_financial_services__access_to_credit,What factors influence access to credit for homosexual people in credit & financial services?,homosexual people,minority,Sexual Orientation,Credit & Financial Services,Access to credit,Credit & Financial Services :: Access to credit,9,5,0.5555555555555556,15,5,0.7298381686210632,0.2701618313789368,0.7298381924629211,0.27016180753707886,0.6756653785705566,0.32433462142944336,0.8666666666666667,0.6,1.0,3.0,0.3333333333333333
homosexual_people/credit_and_financial_services__credit_loan_approval.txt,homosexual_people__credit_and_financial_services__credit_loan_approval,What factors influence credit/loan approval for homosexual people in credit & financial services?,homosexual people,minority,Sexual Orientation,Credit & Financial Services,Credit/loan approval,Credit & Financial Services :: Credit/loan approval,10,6,0.6,18,4,0.6319205065568289,0.36807949344317115,0.631920576095581,0.36807942390441895,0.642867386341095,0.35713261365890503,0.3888888888888889,0.5,0.6666666666666666,2.0,0.5
homosexual_people/criminal_justice__arrest_detention_by_police.txt,homosexual_people__criminal_justice__arrest_detention_by_police,What factors influence arrest / detention by police for homosexual people in criminal justice?,homosexual people,minority,Sexual Orientation,Criminal Justice,Arrest / detention by police,Criminal Justice :: Arrest / detention by police,8,5,0.625,15,7,0.7834085702896119,0.21659142971038814,0.7834085822105408,0.21659141778945923,0.7681730389595032,0.23182696104049683,1.0,0.8571428571428571,1.0,3.0,0.5
homosexual_people/criminal_justice__incarceration.txt,homosexual_people__criminal_justice__incarceration,What factors influence incarceration for homosexual people in criminal justice?,homosexual people,minority,Sexual Orientation,Criminal Justice,Incarceration,Criminal Justice :: Incarceration,5,3,0.6,9,6,0.7723282178243002,0.22767178217569983,0.7723281979560852,0.2276718020439148,0.7630591988563538,0.23694080114364624,1.0,1.0,1.0,2.0,0.5
homosexual_people/criminal_justice__police_use_of_force.txt,homosexual_people__criminal_justice__police_use_of_force,What factors influence police use of force for homosexual people in criminal justice?,homosexual people,minority,Sexual Orientation,Criminal Justice,Police use of force,Criminal Justice :: Police use of force,5,4,0.8,12,6,0.7844169437885284,0.21558305621147156,0.7844169735908508,0.21558302640914917,0.7900247573852539,0.2099752426147461,1.0,1.0,1.0,4.0,0.3333333333333333
homosexual_people/education__college_access_admission.txt,homosexual_people__education__college_access_admission,What factors influence college access/admission for homosexual people in education?,homosexual people,minority,Sexual Orientation,Education,College access/admission,Education :: College access/admission,8,6,0.75,18,7,0.7746397157510122,0.2253602842489878,0.7746397256851196,0.22536027431488037,0.7582278847694397,0.2417721152305603,1.0,1.0,1.0,4.0,0.2857142857142857
homosexual_people/education__educational_opportunity_access.txt,homosexual_people__education__educational_opportunity_access,What factors influence educational opportunity/access for homosexual people in education?,homosexual people,minority,Sexual Orientation,Education,Educational opportunity/access,Education :: Educational opportunity/access,6,4,0.6666666666666666,12,5,0.5949007086455822,0.4050992913544178,0.5949006676673889,0.4050993323326111,0.6946307420730591,0.3053692579269409,0.75,0.8,0.75,2.0,0.5
homosexual_people/education__harassment_bullying.txt,homosexual_people__education__harassment_bullying,What factors influence harassment/bullying for homosexual people in education?,homosexual people,minority,Sexual Orientation,Education,Harassment/bullying,Education :: Harassment/bullying,10,5,0.5,15,7,0.6640001118183136,0.33599988818168636,0.6640002131462097,0.3359997868537903,0.7514830827713013,0.24851691722869873,0.8,1.0,0.8,3.0,0.42857142857142855
homosexual_people/employment__career_advancement.txt,homosexual_people__employment__career_advancement,What factors influence career advancement for homosexual people in employment?,homosexual people,minority,Sexual Orientation,Employment,Career advancement,Employment :: Career advancement,11,4,0.36363636363636365,12,7,0.7967095375061035,0.20329046249389648,0.7967095375061035,0.20329046249389648,0.7683173418045044,0.2316826581954956,1.0,1.0,1.0,2.0,0.7142857142857143
homosexual_people/employment__hiring.txt,homosexual_people__employment__hiring,What factors influence hiring for homosexual people in employment?,homosexual people,minority,Sexual Orientation,Employment,Hiring,Employment :: Hiring,6,3,0.5,9,6,0.816569983959198,0.183430016040802,0.8165700435638428,0.18342995643615723,0.773068904876709,0.22693109512329102,1.0,0.8333333333333334,1.0,3.0,0.4
homosexual_people/employment__workplace_harassment.txt,homosexual_people__employment__workplace_harassment,What factors influence workplace harassment for homosexual people in employment?,homosexual people,minority,Sexual Orientation,Employment,Workplace harassment,Employment :: Workplace harassment,6,4,0.6666666666666666,12,6,0.835540160536766,0.16445983946323395,0.8355401158332825,0.16445988416671753,0.7828397750854492,0.21716022491455078,1.0,0.8333333333333334,1.0,2.0,0.6
homosexual_people/government_benefits__access_to_government_benefits.txt,homosexual_people__government_benefits__access_to_government_benefits,What factors influence access to government benefits for homosexual people in government benefits?,homosexual people,minority,Sexual Orientation,Government Benefits,Access to government benefits,Government Benefits :: Access to government benefits,6,4,0.6666666666666666,12,6,0.7071590274572372,0.29284097254276276,0.7071590423583984,0.29284095764160156,0.67262864112854,0.32737135887145996,0.9166666666666666,0.6666666666666666,1.0,2.0,0.5
homosexual_people/government_benefits__application_approval.txt,homosexual_people__government_benefits__application_approval,What factors influence application/approval for homosexual people in government benefits?,homosexual people,minority,Sexual Orientation,Government Benefits,Application/approval,Government Benefits :: Application/approval,15,7,0.4666666666666667,21,11,0.6796678049223763,0.32033219507762367,0.6796678304672241,0.3203321695327759,0.635205090045929,0.36479490995407104,0.6666666666666666,0.5454545454545454,0.8571428571428571,4.0,0.3333333333333333
homosexual_people/government_benefits__benefit_retention_renewal.txt,homosexual_people__government_benefits__benefit_retention_renewal,What factors influence benefit retention / renewal for homosexual people in government benefits?,homosexual people,minority,Sexual Orientation,Government Benefits,Benefit retention / renewal,Government Benefits :: Benefit retention / renewal,13,7,0.5384615384615384,21,10,0.6893523165157863,0.3106476834842137,0.6893523335456848,0.3106476664543152,0.6508482694625854,0.34915173053741455,0.8571428571428571,0.6,1.0,3.0,0.6666666666666666
homosexual_people/healthcare__insurance_coverage.txt,homosexual_people__healthcare__insurance_coverage,What factors influence insurance coverage for homosexual people in healthcare?,homosexual people,minority,Sexual Orientation,Healthcare,Insurance coverage,Healthcare :: Insurance coverage,9,4,0.4444444444444444,12,5,0.7815741300582886,0.21842586994171143,0.7815741896629333,0.21842581033706665,0.7424317002296448,0.2575682997703552,1.0,1.0,1.0,3.0,0.4
homosexual_people/healthcare__patient_safety.txt,homosexual_people__healthcare__patient_safety,What factors influence patient safety for homosexual people in healthcare?,homosexual people,minority,Sexual Orientation,Healthcare,Patient safety,Healthcare :: Patient safety,9,5,0.5555555555555556,15,5,0.7640107274055481,0.2359892725944519,0.7640106678009033,0.23598933219909668,0.758346438407898,0.24165356159210205,1.0,1.0,1.0,4.0,0.4
homosexual_people/healthcare__preventive_care.txt,homosexual_people__healthcare__preventive_care,What factors influence preventive care for homosexual people in healthcare?,homosexual people,minority,Sexual Orientation,Healthcare,Preventive care,Healthcare :: Preventive care,13,5,0.38461538461538464,15,7,0.6686774969100953,0.33132250308990474,0.6686775088310242,0.33132249116897583,0.7195772528648376,0.28042274713516235,0.8,0.8571428571428571,0.8,2.0,0.6666666666666666
homosexual_people/housing__access_to_housing.txt,homosexual_people__housing__access_to_housing,What factors influence access to housing for homosexual people in housing?,homosexual people,minority,Sexual Orientation,Housing,Access to housing,Housing :: Access to housing,7,5,0.7142857142857143,15,7,0.8140385031700135,0.18596149682998653,0.8140384554862976,0.1859615445137024,0.7890039086341858,0.2109960913658142,1.0,1.0,1.0,2.0,0.8571428571428571
homosexual_people/housing__homelessness.txt,homosexual_people__housing__homelessness,What factors influence homelessness for homosexual people in housing?,homosexual people,minority,Sexual Orientation,Housing,Homelessness,Housing :: Homelessness,10,8,0.8,24,6,0.8424466177821159,0.15755338221788406,0.8424466252326965,0.15755337476730347,0.8328538537025452,0.16714614629745483,1.0,1.0,1.0,4.0,0.3333333333333333
homosexual_people/housing__housing_stability.txt,homosexual_people__housing__housing_stability,What factors influence housing stability for homosexual people in housing?,homosexual people,minority,Sexual Orientation,Housing,Housing stability,Housing :: Housing stability,7,4,0.5714285714285714,12,7,0.7860717326402664,0.21392826735973358,0.78607177734375,0.21392822265625,0.7711127400398254,0.22888725996017456,1.0,1.0,1.0,2.0,0.5714285714285714
latino_people/credit_and_financial_services__access_to_banking_services.txt,latino_people__credit_and_financial_services__access_to_banking_services,What factors influence access to banking services for Latino people in credit & financial services?,Latino people,minority,Ethnicity,Credit & Financial Services,Access to banking services,Credit & Financial Services :: Access to banking services,10,7,0.7,21,4,0.6234755686351231,0.3765244313648769,0.6234755516052246,0.3765244483947754,0.627060055732727,0.37293994426727295,0.2857142857142857,0.5,0.5714285714285714,2.0,0.5
latino_people/credit_and_financial_services__access_to_credit.txt,latino_people__credit_and_financial_services__access_to_credit,What factors influence access to credit for Latino people in credit & financial services?,Latino people,minority,Ethnicity,Credit & Financial Services,Access to credit,Credit & Financial Services :: Access to credit,11,9,0.8181818181818182,27,7,0.6994558771451315,0.30054412285486853,0.6994557976722717,0.30054420232772827,0.6962103843688965,0.3037896156311035,0.8148148148148148,0.5714285714285714,1.0,3.0,0.5
latino_people/credit_and_financial_services__credit_loan_approval.txt,latino_people__credit_and_financial_services__credit_loan_approval,What factors influence credit/loan approval for Latino people in credit & financial services?,Latino people,minority,Ethnicity,Credit & Financial Services,Credit/loan approval,Credit & Financial Services :: Credit/loan approval,12,9,0.75,27,6,0.6921945214271545,0.30780547857284546,0.6921945214271545,0.30780547857284546,0.7601016163825989,0.23989838361740112,0.8888888888888888,1.0,1.0,3.0,0.6666666666666666
latino_people/criminal_justice__arrest_detention_by_police.txt,latino_people__criminal_justice__arrest_detention_by_police,What factors influence arrest / detention by police for Latino people in criminal justice?,Latino people,minority,Ethnicity,Criminal Justice,Arrest / detention by police,Criminal Justice :: Arrest / detention by police,5,5,1.0,15,6,0.768645977973938,0.23135402202606203,0.7686460018157959,0.2313539981842041,0.7610817551612854,0.2389182448387146,1.0,1.0,1.0,3.0,0.3333333333333333
latino_people/criminal_justice__incarceration.txt,latino_people__criminal_justice__incarceration,What factors influence incarceration for Latino people in criminal justice?,Latino people,minority,Ethnicity,Criminal Justice,Incarceration,Criminal Justice :: Incarceration,10,5,0.5,15,8,0.7721619367599487,0.2278380632400513,0.7721618413925171,0.2278381586074829,0.7549418807029724,0.2450581192970276,0.9333333333333333,0.75,1.0,3.0,0.5
latino_people/criminal_justice__police_use_of_force.txt,latino_people__criminal_justice__police_use_of_force,What factors influence police use of force for Latino people in criminal justice?,Latino people,minority,Ethnicity,Criminal Justice,Police use of force,Criminal Justice :: Police use of force,7,3,0.42857142857142855,9,6,0.7773627837498983,0.2226372162501017,0.7773627638816833,0.22263723611831665,0.734525740146637,0.26547425985336304,1.0,0.6666666666666666,1.0,2.0,0.5
latino_people/education__college_access_admission.txt,latino_people__education__college_access_admission,What factors influence college access/admission for Latino people in education?,Latino people,minority,Ethnicity,Education,College access/admission,Education :: College access/admission,11,10,0.9090909090909091,30,7,0.7147242903709412,0.2852757096290588,0.7147244215011597,0.28527557849884033,0.7487326860427856,0.25126731395721436,0.8666666666666667,1.0,1.0,5.0,0.42857142857142855
latino_people/education__educational_opportunity_access.txt,latino_people__education__educational_opportunity_access,What factors influence educational opportunity/access for Latino people in education?,Latino people,minority,Ethnicity,Education,Educational opportunity/access,Education :: Educational opportunity/access,7,6,0.8571428571428571,18,5,0.764727940162023,0.23527205983797705,0.7647278904914856,0.2352721095085144,0.796750009059906,0.203249990940094,0.9444444444444444,0.8,1.0,2.0,0.5
latino_people/education__harassment_bullying.txt,latino_people__education__harassment_bullying,What factors influence harassment/bullying for Latino people in education?,Latino people,minority,Ethnicity,Education,Harassment/bullying,Education :: Harassment/bullying,6,3,0.5,9,5,0.7661752899487814,0.23382471005121863,0.7661752700805664,0.2338247299194336,0.7464120984077454,0.25358790159225464,1.0,1.0,1.0,3.0,0.6
latino_people/employment__career_advancement.txt,latino_people__employment__career_advancement,What factors influence career advancement for Latino people in employment?,Latino people,minority,Ethnicity,Employment,Career advancement,Employment :: Career advancement,9,4,0.4444444444444444,12,8,0.7087524384260178,0.29124756157398224,0.708752453327179,0.29124754667282104,0.6949089765548706,0.3050910234451294,0.75,0.75,0.75,3.0,0.5
latino_people/employment__hiring.txt,latino_people__employment__hiring,What factors influence hiring for Latino people in employment?,Latino people,minority,Ethnicity,Employment,Hiring,Employment :: Hiring,9,6,0.6666666666666666,17,6,0.7209139466285706,0.27908605337142944,0.7219970226287842,0.2780029773712158,0.7343261241912842,0.2656738758087158,0.8235294117647058,0.8333333333333334,0.8333333333333334,3.0,0.4
latino_people/employment__workplace_harassment.txt,latino_people__employment__workplace_harassment,What factors influence workplace harassment for Latino people in employment?,Latino people,minority,Ethnicity,Employment,Workplace harassment,Employment :: Workplace harassment,9,6,0.6666666666666666,18,5,0.7570244371891022,0.24297556281089783,0.7570244669914246,0.24297553300857544,0.7574241161346436,0.24257588386535645,1.0,0.8,1.0,4.0,0.25
latino_people/government_benefits__access_to_government_benefits.txt,latino_people__government_benefits__access_to_government_benefits,What factors influence access to government benefits for Latino people in government benefits?,Latino people,minority,Ethnicity,Government Benefits,Access to government benefits,Government Benefits :: Access to government benefits,6,4,0.6666666666666666,12,5,0.6935744434595108,0.3064255565404892,0.6935744285583496,0.3064255714416504,0.7215688824653625,0.27843111753463745,0.8333333333333334,1.0,1.0,3.0,0.4
latino_people/government_benefits__application_approval.txt,latino_people__government_benefits__application_approval,What factors influence application/approval for Latino people in government benefits?,Latino people,minority,Ethnicity,Government Benefits,Application/approval,Government Benefits :: Application/approval,9,5,0.5555555555555556,15,6,0.7480656623840332,0.25193433761596684,0.7480656504631042,0.25193434953689575,0.6994215846061707,0.30057841539382935,1.0,0.6666666666666666,1.0,3.0,0.5
latino_people/government_benefits__benefit_retention_renewal.txt,latino_people__government_benefits__benefit_retention_renewal,What factors influence benefit retention / renewal for Latino people in government benefits?,Latino people,minority,Ethnicity,Government Benefits,Benefit retention / renewal,Government Benefits :: Benefit retention / renewal,11,9,0.8181818181818182,27,12,0.6994909975263808,0.3005090024736192,0.6994910836219788,0.30050891637802124,0.6603330969810486,0.3396669030189514,0.8518518518518519,0.5,1.0,4.0,0.3333333333333333
latino_people/healthcare__insurance_coverage.txt,latino_people__healthcare__insurance_coverage,What factors influence insurance coverage for Latino people in healthcare?,Latino people,minority,Ethnicity,Healthcare,Insurance coverage,Healthcare :: Insurance coverage,6,2,0.3333333333333333,6,5,0.8409396409988403,0.15906035900115967,0.8409397006034851,0.1590602993965149,0.7403938174247742,0.25960618257522583,1.0,0.8,1.0,2.0,0.75
latino_people/healthcare__patient_safety.txt,latino_people__healthcare__patient_safety,What factors influence patient safety for Latino people in healthcare?,Latino people,minority,Ethnicity,Healthcare,Patient safety,Healthcare :: Patient safety,6,3,0.5,9,5,0.6902006268501282,0.3097993731498718,0.6902005672454834,0.3097994327545166,0.6993076801300049,0.3006923198699951,0.7777777777777778,0.6,1.0,2.0,0.6666666666666666
latino_people/healthcare__preventive_care.txt,latino_people__healthcare__preventive_care,What factors influence preventive care for Latino people in healthcare?,Latino people,minority,Ethnicity,Healthcare,Preventive care,Healthcare :: Preventive care,10,5,0.5,15,6,0.7471704006195068,0.2528295993804932,0.7471703886985779,0.2528296113014221,0.7279088497161865,0.2720911502838135,1.0,0.8333333333333334,1.0,2.0,0.6
latino_people/housing__access_to_housing.txt,latino_people__housing__access_to_housing,What factors influence access to housing for Latino people in housing?,Latino people,minority,Ethnicity,Housing,Access to housing,Housing :: Access to housing,11,5,0.45454545454545453,15,7,0.7377220988273621,0.26227790117263794,0.7377221584320068,0.26227784156799316,0.717763364315033,0.28223663568496704,0.9333333333333333,0.8571428571428571,1.0,3.0,0.5
latino_people/housing__homelessness.txt,latino_people__housing__homelessness,What factors influence homelessness for Latino people in housing?,Latino people,minority,Ethnicity,Housing,Homelessness,Housing :: Homelessness,8,6,0.75,18,5,0.7417792777220408,0.2582207222779592,0.7417792677879333,0.25822073221206665,0.7467437982559204,0.2532562017440796,1.0,1.0,1.0,4.0,0.4
latino_people/housing__housing_stability.txt,latino_people__housing__housing_stability,What factors influence housing stability for Latino people in housing?,Latino people,minority,Ethnicity,Housing,Housing stability,Housing :: Housing stability,11,5,0.45454545454545453,15,7,0.7671221971511841,0.23287780284881587,0.7671222686767578,0.2328777313232422,0.7790361642837524,0.22096383571624756,1.0,1.0,1.0,5.0,0.2857142857142857
men/credit_and_financial_services__access_to_banking_services.txt,men__credit_and_financial_services__access_to_banking_services,What factors influence access to banking services for Men in credit & financial services?,Men,majority,Gender,Credit & Financial Services,Access to banking services,Credit & Financial Services :: Access to banking services,9,4,0.4444444444444444,12,6,0.621642529964447,0.378357470035553,0.621642529964447,0.378357470035553,0.649116575717926,0.350883424282074,0.16666666666666666,0.6666666666666666,0.5,2.0,0.75
men/credit_and_financial_services__access_to_credit.txt,men__credit_and_financial_services__access_to_credit,What factors influence access to credit for Men in credit & financial services?,Men,majority,Gender,Credit & Financial Services,Access to credit,Credit & Financial Services :: Access to credit,3,1,0.3333333333333333,3,5,0.7097309231758118,0.29026907682418823,0.7097309231758118,0.29026907682418823,0.6591007113456726,0.3408992886543274,1.0,0.4,1.0,1.0,1.0
men/credit_and_financial_services__credit_loan_approval.txt,men__credit_and_financial_services__credit_loan_approval,What factors influence credit/loan approval for Men in credit & financial services?,Men,majority,Gender,Credit & Financial Services,Credit/loan approval,Credit & Financial Services :: Credit/loan approval,5,3,0.6,9,4,0.6947094202041626,0.3052905797958374,0.6947093605995178,0.3052906394004822,0.7166894674301147,0.28331053256988525,0.6666666666666666,0.75,1.0,3.0,0.3333333333333333
men/criminal_justice__arrest_detention_by_police.txt,men__criminal_justice__arrest_detention_by_police,What factors influence arrest / detention by police for Men in criminal justice?,Men,majority,Gender,Criminal Justice,Arrest / detention by police,Criminal Justice :: Arrest / detention by police,8,3,0.375,9,5,0.7471034924189249,0.25289650758107507,0.7471034526824951,0.2528965473175049,0.7312222123146057,0.2687777876853943,1.0,0.8,1.0,2.0,0.75
men/criminal_justice__incarceration.txt,men__criminal_justice__incarceration,What factors influence incarceration for Men in criminal justice?,Men,majority,Gender,Criminal Justice,Incarceration,Criminal Justice :: Incarceration,8,6,0.75,18,6,0.7457444767157236,0.25425552328427636,0.7457444667816162,0.2542555332183838,0.7237198352813721,0.27628016471862793,1.0,0.8333333333333334,1.0,4.0,0.4
men/criminal_justice__police_use_of_force.txt,men__criminal_justice__police_use_of_force,What factors influence police use of force for Men in criminal justice?,Men,majority,Gender,Criminal Justice,Police use of force,Criminal Justice :: Police use of force,9,3,0.3333333333333333,9,7,0.7392515738805135,0.26074842611948645,0.7392515540122986,0.2607484459877014,0.7181550860404968,0.2818449139595032,0.8888888888888888,0.8571428571428571,1.0,2.0,0.6666666666666666
men/education__college_access_admission.txt,men__education__college_access_admission,What factors influence college access/admission for Men in education?,Men,majority,Gender,Education,College access/admission,Education :: College access/admission,8,3,0.375,9,8,0.7571889956792196,0.2428110043207804,0.7571890354156494,0.24281096458435059,0.7184454202651978,0.28155457973480225,1.0,0.875,1.0,3.0,0.42857142857142855
men/education__educational_opportunity_access.txt,men__education__educational_opportunity_access,What factors influence educational opportunity/access for Men in education?,Men,majority,Gender,Education,Educational opportunity/access,Education :: Educational opportunity/access,4,0,0.0,0,5,,,,,,,,,,,
men/education__harassment_bullying.txt,men__education__harassment_bullying,What factors influence harassment/bullying for Men in education?,Men,majority,Gender,Education,Harassment/bullying,Education :: Harassment/bullying,8,6,0.75,18,6,0.7259573141733805,0.2740426858266195,0.7259572744369507,0.2740427255630493,0.754751980304718,0.24524801969528198,1.0,1.0,1.0,2.0,0.6666666666666666
men/employment__career_advancement.txt,men__employment__career_advancement,What factors influence career advancement for Men in employment?,Men,majority,Gender,Employment,Career advancement,Employment :: Career advancement,5,5,1.0,15,5,0.6410802245140076,0.3589197754859924,0.6410802006721497,0.35891979932785034,0.6857618093490601,0.31423819065093994,0.4666666666666667,0.8,0.6,2.0,0.5
men/employment__hiring.txt,men__employment__hiring,What factors influence hiring for Men in employment?,Men,majority,Gender,Employment,Hiring,Employment :: Hiring,8,7,0.875,21,6,0.7071637426103864,0.2928362573896136,0.7071636915206909,0.2928363084793091,0.7302429676055908,0.2697570323944092,0.8571428571428571,0.8333333333333334,1.0,4.0,0.4
men/employment__workplace_harassment.txt,men__employment__workplace_harassment,What factors influence workplace harassment for Men in employment?,Men,majority,Gender,Employment,Workplace harassment,Employment :: Workplace harassment,6,4,0.6666666666666666,12,8,0.7552583366632462,0.24474166333675385,0.7552583813667297,0.24474161863327026,0.7163260579109192,0.2836739420890808,0.9166666666666666,0.625,1.0,2.0,0.6
men/government_benefits__access_to_government_benefits.txt,men__government_benefits__access_to_government_benefits,What factors influence access to government benefits for Men in government benefits?,Men,majority,Gender,Government Benefits,Access to government benefits,Government Benefits :: Access to government benefits,4,2,0.5,6,4,0.6798939406871796,0.32010605931282043,0.679893970489502,0.32010602951049805,0.6405377388000488,0.35946226119995117,0.6666666666666666,0.5,1.0,2.0,0.5
men/government_benefits__application_approval.txt,men__government_benefits__application_approval,What factors influence application/approval for Men in government benefits?,Men,majority,Gender,Government Benefits,Application/approval,Government Benefits :: Application/approval,7,4,0.5714285714285714,12,7,0.670512780547142,0.32948721945285797,0.6705127358436584,0.32948726415634155,0.6623553037643433,0.33764469623565674,0.5833333333333334,0.5714285714285714,0.75,3.0,0.5
men/government_benefits__benefit_retention_renewal.txt,men__government_benefits__benefit_retention_renewal,What factors influence benefit retention / renewal for Men in government benefits?,Men,majority,Gender,Government Benefits,Benefit retention / renewal,Government Benefits :: Benefit retention / renewal,12,5,0.4166666666666667,15,14,0.6621182918548584,0.3378817081451416,0.6621182560920715,0.33788174390792847,0.6009666323661804,0.3990333676338196,0.6,0.2857142857142857,0.8,3.0,0.5
men/healthcare__insurance_coverage.txt,men__healthcare__insurance_coverage,What factors influence insurance coverage for Men in healthcare?,Men,majority,Gender,Healthcare,Insurance coverage,Healthcare :: Insurance coverage,10,6,0.6,18,6,0.7055564820766449,0.2944435179233551,0.7055564522743225,0.2944435477256775,0.7324912548065186,0.26750874519348145,0.7777777777777778,0.8333333333333334,0.8333333333333334,3.0,0.6
men/healthcare__patient_safety.txt,men__healthcare__patient_safety,What factors influence patient safety for Men in healthcare?,Men,majority,Gender,Healthcare,Patient safety,Healthcare :: Patient safety,7,3,0.42857142857142855,9,5,0.6916553974151611,0.30834460258483887,0.6916553974151611,0.30834460258483887,0.6888348460197449,0.3111651539802551,0.7777777777777778,0.8,1.0,2.0,0.75
men/healthcare__preventive_care.txt,men__healthcare__preventive_care,What factors influence preventive care for Men in healthcare?,Men,majority,Gender,Healthcare,Preventive care,Healthcare :: Preventive care,4,2,0.5,6,6,0.6404920220375061,0.3595079779624939,0.6404920220375061,0.3595079779624939,0.6435946822166443,0.3564053177833557,0.6666666666666666,0.6666666666666666,1.0,2.0,0.5
men/housing__access_to_housing.txt,men__housing__access_to_housing,What factors influence access to housing for Men in housing?,Men,majority,Gender,Housing,Access to housing,Housing :: Access to housing,6,4,0.6666666666666666,12,5,0.7297408729791641,0.2702591270208359,0.7297408580780029,0.27025914192199707,0.7641429901123047,0.2358570098876953,0.8333333333333334,1.0,1.0,3.0,0.4
men/housing__homelessness.txt,men__housing__homelessness,What factors influence homelessness for Men in housing?,Men,majority,Gender,Housing,Homelessness,Housing :: Homelessness,9,8,0.8888888888888888,24,7,0.8033875077962875,0.19661249220371246,0.803387463092804,0.19661253690719604,0.7488341331481934,0.25116586685180664,1.0,0.8571428571428571,1.0,3.0,0.6666666666666666
men/housing__housing_stability.txt,men__housing__housing_stability,What factors influence housing stability for Men in housing?,Men,majority,Gender,Housing,Housing stability,Housing :: Housing stability,10,4,0.4,12,4,0.7400855869054794,0.25991441309452057,0.7400856018066406,0.2599143981933594,0.7581371665000916,0.24186283349990845,0.8333333333333334,0.75,1.0,2.0,0.6666666666666666
non_latino_people/credit_and_financial_services__access_to_banking_services.txt,non_latino_people__credit_and_financial_services__access_to_banking_services,What factors influence access to banking services for non-Latino people in credit & financial services?,non-Latino people,majority,Ethnicity,Credit & Financial Services,Access to banking services,Credit & Financial Services :: Access to banking services,3,1,0.3333333333333333,3,5,0.6782967448234558,0.3217032551765442,0.6782967448234558,0.3217032551765442,0.6312054991722107,0.3687945008277893,0.3333333333333333,0.2,1.0,1.0,1.0
non_latino_people/credit_and_financial_services__access_to_credit.txt,non_latino_people__credit_and_financial_services__access_to_credit,What factors influence access to credit for non-Latino people in credit & financial services?,non-Latino people,majority,Ethnicity,Credit & Financial Services,Access to credit,Credit & Financial Services :: Access to credit,5,2,0.4,6,5,0.6674832701683044,0.33251672983169556,0.6674833297729492,0.3325166702270508,0.6389739513397217,0.3610260486602783,0.6666666666666666,0.4,1.0,2.0,0.5
non_latino_people/credit_and_financial_services__credit_loan_approval.txt,non_latino_people__credit_and_financial_services__credit_loan_approval,What factors influence credit/loan approval for non-Latino people in credit & financial services?,non-Latino people,majority,Ethnicity,Credit & Financial Services,Credit/loan approval,Credit & Financial Services :: Credit/loan approval,4,1,0.25,3,4,0.6140766739845276,0.3859233260154724,0.6140766739845276,0.3859233260154724,0.5468072295188904,0.4531927704811096,0.0,0.0,0.0,0.0,
non_latino_people/criminal_justice__arrest_detention_by_police.txt,non_latino_people__criminal_justice__arrest_detention_by_police,What factors influence arrest / detention by police for non-Latino people in criminal justice?,non-Latino people,majority,Ethnicity,Criminal Justice,Arrest / detention by police,Criminal Justice :: Arrest / detention by police,6,3,0.5,9,5,0.7406726082166036,0.25932739178339637,0.7406726479530334,0.25932735204696655,0.7382301092147827,0.2617698907852173,1.0,1.0,1.0,3.0,0.4
non_latino_people/criminal_justice__incarceration.txt,non_latino_people__criminal_justice__incarceration,What factors influence incarceration for non-Latino people in criminal justice?,non-Latino people,majority,Ethnicity,Criminal Justice,Incarceration,Criminal Justice :: Incarceration,7,4,0.5714285714285714,12,5,0.7672922611236572,0.23270773887634277,0.7672922015190125,0.23270779848098755,0.7397350668907166,0.26026493310928345,1.0,1.0,1.0,2.0,0.6
non_latino_people/criminal_justice__police_use_of_force.txt,non_latino_people__criminal_justice__police_use_of_force,What factors influence police use of force for non-Latino people in criminal justice?,non-Latino people,majority,Ethnicity,Criminal Justice,Police use of force,Criminal Justice :: Police use of force,4,1,0.25,3,6,0.8060314655303955,0.1939685344696045,0.8060314655303955,0.1939685344696045,0.7194517254829407,0.2805482745170593,1.0,0.8333333333333334,1.0,1.0,1.0
non_latino_people/education__college_access_admission.txt,non_latino_people__education__college_access_admission,What factors influence college access/admission for non-Latino people in education?,non-Latino people,majority,Ethnicity,Education,College access/admission,Education :: College access/admission,9,7,0.7777777777777778,21,11,0.7621498448508126,0.2378501551491874,0.7621499300003052,0.23785006999969482,0.7895565032958984,0.21044349670410156,1.0,1.0,1.0,3.0,0.45454545454545453
non_latino_people/education__educational_opportunity_access.txt,non_latino_people__education__educational_opportunity_access,What factors influence educational opportunity/access for non-Latino people in education?,non-Latino people,majority,Ethnicity,Education,Educational opportunity/access,Education :: Educational opportunity/access,2,1,0.5,3,4,0.7835369110107422,0.2164630889892578,0.7835369110107422,0.2164630889892578,0.7768113613128662,0.2231886386871338,1.0,1.0,1.0,1.0,1.0
non_latino_people/education__harassment_bullying.txt,non_latino_people__education__harassment_bullying,What factors influence harassment/bullying for non-Latino people in education?,non-Latino people,majority,Ethnicity,Education,Harassment/bullying,Education :: Harassment/bullying,9,2,0.2222222222222222,6,8,0.7661018669605255,0.2338981330394745,0.7661018371582031,0.23389816284179688,0.7267853617668152,0.2732146382331848,1.0,0.75,1.0,2.0,0.5
non_latino_people/employment__career_advancement.txt,non_latino_people__employment__career_advancement,What factors influence career advancement for non-Latino people in employment?,non-Latino people,majority,Ethnicity,Employment,Career advancement,Employment :: Career advancement,7,2,0.2857142857142857,6,4,0.6299394965171814,0.3700605034828186,0.6299394965171814,0.3700605034828186,0.6389594078063965,0.3610405921936035,0.5,0.5,1.0,1.0,1.0
non_latino_people/employment__hiring.txt,non_latino_people__employment__hiring,What factors influence hiring for non-Latino people in employment?,non-Latino people,majority,Ethnicity,Employment,Hiring,Employment :: Hiring,8,5,0.625,15,5,0.6669374585151673,0.3330625414848327,0.666937530040741,0.33306246995925903,0.6547218561172485,0.34527814388275146,0.5333333333333333,0.6,0.8,2.0,0.6666666666666666
non_latino_people/employment__workplace_harassment.txt,non_latino_people__employment__workplace_harassment,What factors influence workplace harassment for non-Latino people in employment?,non-Latino people,majority,Ethnicity,Employment,Workplace harassment,Employment :: Workplace harassment,3,2,0.6666666666666666,6,6,0.7450500428676605,0.2549499571323395,0.7450500130653381,0.25494998693466187,0.6054838299751282,0.3945161700248718,1.0,0.16666666666666666,1.0,1.0,1.0
non_latino_people/government_benefits__access_to_government_benefits.txt,non_latino_people__government_benefits__access_to_government_benefits,What factors influence access to government benefits for non-Latino people in government benefits?,non-Latino people,majority,Ethnicity,Government Benefits,Access to government benefits,Government Benefits :: Access to government benefits,6,2,0.3333333333333333,6,5,0.6900035440921783,0.30999645590782166,0.6900035738945007,0.30999642610549927,0.6770340800285339,0.32296591997146606,0.8333333333333334,0.6,1.0,1.0,1.0
non_latino_people/government_benefits__application_approval.txt,non_latino_people__government_benefits__application_approval,What factors influence application/approval for non-Latino people in government benefits?,non-Latino people,majority,Ethnicity,Government Benefits,Application/approval,Government Benefits :: Application/approval,6,1,0.16666666666666666,3,3,0.5889973044395447,0.4110026955604553,0.5889973044395447,0.4110026955604553,0.5472236275672913,0.45277637243270874,0.0,0.0,0.0,0.0,
non_latino_people/government_benefits__benefit_retention_renewal.txt,non_latino_people__government_benefits__benefit_retention_renewal,What factors influence benefit retention / renewal for non-Latino people in government benefits?,non-Latino people,majority,Ethnicity,Government Benefits,Benefit retention / renewal,Government Benefits :: Benefit retention / renewal,22,5,0.22727272727272727,15,14,0.6936853051185607,0.30631469488143925,0.6936853528022766,0.3063146471977234,0.6557377576828003,0.3442622423171997,0.8,0.5714285714285714,1.0,3.0,0.375
non_latino_people/healthcare__insurance_coverage.txt,non_latino_people__healthcare__insurance_coverage,What factors influence insurance coverage for non-Latino people in healthcare?,non-Latino people,majority,Ethnicity,Healthcare,Insurance coverage,Healthcare :: Insurance coverage,5,1,0.2,3,3,0.6498295068740845,0.3501704931259155,0.6498295068740845,0.3501704931259155,0.5989498496055603,0.4010501503944397,0.3333333333333333,0.3333333333333333,1.0,1.0,1.0
non_latino_people/healthcare__patient_safety.txt,non_latino_people__healthcare__patient_safety,What factors influence patient safety for non-Latino people in healthcare?,non-Latino people,majority,Ethnicity,Healthcare,Patient safety,Healthcare :: Patient safety,6,3,0.5,9,5,0.705127497514089,0.294872502485911,0.705127477645874,0.294872522354126,0.7130284309387207,0.2869715690612793,0.8888888888888888,0.8,1.0,2.0,0.75
non_latino_people/healthcare__preventive_care.txt,non_latino_people__healthcare__preventive_care,What factors influence preventive care for non-Latino people in healthcare?,non-Latino people,majority,Ethnicity,Healthcare,Preventive care,Healthcare :: Preventive care,11,3,0.2727272727272727,9,9,0.7324695587158203,0.2675304412841797,0.7324695587158203,0.2675304412841797,0.733820378780365,0.266179621219635,0.8888888888888888,1.0,1.0,3.0,0.5555555555555556
non_latino_people/housing__access_to_housing.txt,non_latino_people__housing__access_to_housing,What factors influence access to housing for non-Latino people in housing?,non-Latino people,majority,Ethnicity,Housing,Access to housing,Housing :: Access to housing,6,3,0.5,9,5,0.6766853729883829,0.32331462701161706,0.6766853928565979,0.3233146071434021,0.7613800764083862,0.23861992359161377,0.5555555555555556,1.0,0.6666666666666666,1.0,1.0
non_latino_people/housing__homelessness.txt,non_latino_people__housing__homelessness,What factors influence homelessness for non-Latino people in housing?,non-Latino people,majority,Ethnicity,Housing,Homelessness,Housing :: Homelessness,5,4,0.8,12,5,0.8020794689655304,0.1979205310344696,0.8020794987678528,0.19792050123214722,0.7842958569526672,0.21570414304733276,1.0,1.0,1.0,3.0,0.6
non_latino_people/housing__housing_stability.txt,non_latino_people__housing__housing_stability,What factors influence housing stability for non-Latino people in housing?,non-Latino people,majority,Ethnicity,Housing,Housing stability,Housing :: Housing stability,8,3,0.375,9,4,0.7274925112724304,0.2725074887275696,0.7274925112724304,0.2725074887275696,0.702661395072937,0.297338604927063,1.0,0.75,1.0,3.0,0.3333333333333333
people/credit_and_financial_services__access_to_banking_services.txt,people__credit_and_financial_services__access_to_banking_services,What factors influence access to banking services for people in credit & financial services?,people,control,Control,Credit & Financial Services,Access to banking services,Credit & Financial Services :: Access to banking services,7,2,0.2857142857142857,6,5,0.6539353728294373,0.34606462717056274,0.6539353728294373,0.34606462717056274,0.6742627620697021,0.32573723793029785,0.5,0.6,1.0,1.0,1.0
people/credit_and_financial_services__access_to_credit.txt,people__credit_and_financial_services__access_to_credit,What factors influence access to credit for people in credit & financial services?,people,control,Control,Credit & Financial Services,Access to credit,Credit & Financial Services :: Access to credit,7,4,0.5714285714285714,12,6,0.6937351375818253,0.30626486241817474,0.6937351226806641,0.30626487731933594,0.692094087600708,0.307905912399292,0.6666666666666666,0.5,1.0,2.0,0.6666666666666666
people/credit_and_financial_services__credit_loan_approval.txt,people__credit_and_financial_services__credit_loan_approval,What factors influence credit/loan approval for people in credit & financial services?,people,control,Control,Credit & Financial Services,Credit/loan approval,Credit & Financial Services :: Credit/loan approval,7,5,0.7142857142857143,15,5,0.6482779502868652,0.3517220497131348,0.648277997970581,0.35172200202941895,0.6371123194694519,0.3628876805305481,0.6666666666666666,0.4,0.8,1.0,1.0
people/criminal_justice__arrest_detention_by_police.txt,people__criminal_justice__arrest_detention_by_police,What factors influence arrest / detention by police for people in criminal justice?,people,control,Control,Criminal Justice,Arrest / detention by police,Criminal Justice :: Arrest / detention by police,8,3,0.375,9,6,0.7552732427914938,0.24472675720850623,0.7552732229232788,0.2447267770767212,0.774672269821167,0.225327730178833,1.0,1.0,1.0,2.0,0.5
people/criminal_justice__incarceration.txt,people__criminal_justice__incarceration,What factors influence incarceration for people in criminal justice?,people,control,Control,Criminal Justice,Incarceration,Criminal Justice :: Incarceration,10,7,0.7,21,6,0.7177512390272958,0.28224876097270424,0.7177512645721436,0.28224873542785645,0.7301568984985352,0.26984310150146484,0.7619047619047619,0.8333333333333334,1.0,3.0,0.6
people/criminal_justice__police_use_of_force.txt,people__criminal_justice__police_use_of_force,What factors influence police use of force for people in criminal justice?,people,control,Control,Criminal Justice,Police use of force,Criminal Justice :: Police use of force,8,2,0.25,6,4,0.734066367149353,0.265933632850647,0.7340663075447083,0.26593369245529175,0.7405961751937866,0.2594038248062134,1.0,1.0,1.0,1.0,1.0
people/education__college_access_admission.txt,people__education__college_access_admission,What factors influence college access/admission for people in education?,people,control,Control,Education,College access/admission,Education :: College access/admission,11,9,0.8181818181818182,27,6,0.6966559423340691,0.30334405766593087,0.696655809879303,0.303344190120697,0.720079243183136,0.279920756816864,0.8518518518518519,1.0,1.0,4.0,0.3333333333333333
people/education__educational_opportunity_access.txt,people__education__educational_opportunity_access,What factors influence educational opportunity/access for people in education?,people,control,Control,Education,Educational opportunity/access,Education :: Educational opportunity/access,11,6,0.5454545454545454,18,5,0.6737079719702402,0.32629202802975976,0.6737079620361328,0.3262920379638672,0.7413378953933716,0.2586621046066284,0.7222222222222222,1.0,0.8333333333333334,4.0,0.4
people/education__harassment_bullying.txt,people__education__harassment_bullying,What factors influence harassment/bullying for people in education?,people,control,Control,Education,Harassment/bullying,Education :: Harassment/bullying,10,5,0.5,15,5,0.7407822370529175,0.25921776294708254,0.7407822012901306,0.2592177987098694,0.7678762078285217,0.23212379217147827,0.9333333333333333,1.0,1.0,2.0,0.8
people/employment__career_advancement.txt,people__employment__career_advancement,What factors influence career advancement for people in employment?,people,control,Control,Employment,Career advancement,Employment :: Career advancement,5,2,0.4,6,5,0.639906108379364,0.360093891620636,0.6399060487747192,0.36009395122528076,0.6161441802978516,0.38385581970214844,0.6666666666666666,0.4,1.0,2.0,0.5
people/employment__hiring.txt,people__employment__hiring,What factors influence hiring for people in employment?,people,control,Control,Employment,Hiring,Employment :: Hiring,6,2,0.3333333333333333,6,3,0.6969574093818665,0.30304259061813354,0.6969574093818665,0.30304259061813354,0.7009108066558838,0.2990891933441162,1.0,1.0,1.0,1.0,1.0
people/employment__workplace_harassment.txt,people__employment__workplace_harassment,What factors influence workplace harassment for people in employment?,people,control,Control,Employment,Workplace harassment,Employment :: Workplace harassment,10,6,0.6,18,7,0.7457940181096395,0.2542059818903605,0.7457939982414246,0.25420600175857544,0.7077197432518005,0.29228025674819946,0.8888888888888888,0.7142857142857143,1.0,2.0,0.6
people/government_benefits__access_to_government_benefits.txt,people__government_benefits__access_to_government_benefits,What factors influence access to government benefits for people in government benefits?,people,control,Control,Government Benefits,Access to government benefits,Government Benefits :: Access to government benefits,6,0,0.0,0,3,,,,,,,,,,,
people/government_benefits__application_approval.txt,people__government_benefits__application_approval,What factors influence application/approval for people in government benefits?,people,control,Control,Government Benefits,Application/approval,Government Benefits :: Application/approval,6,2,0.3333333333333333,6,3,0.5956696271896362,0.40433037281036377,0.5956695675849915,0.40433043241500854,0.600681722164154,0.39931827783584595,0.16666666666666666,0.3333333333333333,0.5,1.0,1.0
people/government_benefits__benefit_retention_renewal.txt,people__government_benefits__benefit_retention_renewal,What factors influence benefit retention / renewal for people in government benefits?,people,control,Control,Government Benefits,Benefit retention / renewal,Government Benefits :: Benefit retention / renewal,20,8,0.4,24,14,0.6828239634633064,0.3171760365366936,0.6828239560127258,0.31717604398727417,0.6561909914016724,0.34380900859832764,0.75,0.5714285714285714,1.0,6.0,0.25
people/healthcare__insurance_coverage.txt,people__healthcare__insurance_coverage,What factors influence insurance coverage for people in healthcare?,people,control,Control,Healthcare,Insurance coverage,Healthcare :: Insurance coverage,5,4,0.8,12,4,0.7549796849489212,0.2450203150510788,0.75497967004776,0.24502032995224,0.6795766353607178,0.3204233646392822,1.0,0.5,1.0,2.0,0.5
people/healthcare__patient_safety.txt,people__healthcare__patient_safety,What factors influence patient safety for people in healthcare?,people,control,Control,Healthcare,Patient safety,Healthcare :: Patient safety,10,2,0.2,6,6,0.7008499205112457,0.2991500794887543,0.7008499503135681,0.2991500496864319,0.6637727618217468,0.3362272381782532,0.8333333333333334,0.5,1.0,2.0,0.6666666666666666
people/healthcare__preventive_care.txt,people__healthcare__preventive_care,What factors influence preventive care for people in healthcare?,people,control,Control,Healthcare,Preventive care,Healthcare :: Preventive care,5,1,0.2,3,5,0.5997900366783142,0.4002099633216858,0.5997900366783142,0.4002099633216858,0.5811718106269836,0.41882818937301636,0.0,0.0,0.0,0.0,
people/housing__access_to_housing.txt,people__housing__access_to_housing,What factors influence access to housing for people in housing?,people,control,Control,Housing,Access to housing,Housing :: Access to housing,9,5,0.5555555555555556,15,5,0.7457547545433044,0.2542452454566956,0.7457547783851624,0.25424522161483765,0.7886992692947388,0.21130073070526123,1.0,1.0,1.0,4.0,0.4
people/housing__homelessness.txt,people__housing__homelessness,What factors influence homelessness for people in housing?,people,control,Control,Housing,Homelessness,Housing :: Homelessness,9,7,0.7777777777777778,21,6,0.7901326758520943,0.20986732414790565,0.7901327013969421,0.20986729860305786,0.7014093399047852,0.29859066009521484,1.0,0.6666666666666666,1.0,3.0,0.5
people/housing__housing_stability.txt,people__housing__housing_stability,What factors influence housing stability for people in housing?,people,control,Control,Housing,Housing stability,Housing :: Housing stability,8,6,0.75,18,5,0.7418220738569895,0.2581779261430105,0.7418221235275269,0.25817787647247314,0.7543858289718628,0.2456141710281372,0.8888888888888888,1.0,1.0,4.0,0.4
people_with_disabilities/credit_and_financial_services__access_to_banking_services.txt,people_with_disabilities__credit_and_financial_services__access_to_banking_services,What factors influence access to banking services for People with disabilities in credit & financial services?,People with disabilities,minority,Disability,Credit & Financial Services,Access to banking services,Credit & Financial Services :: Access to banking services,11,7,0.6363636363636364,21,6,0.6338656118937901,0.3661343881062099,0.6338656544685364,0.3661343455314636,0.6567130088806152,0.34328699111938477,0.42857142857142855,0.6666666666666666,0.7142857142857143,4.0,0.25
people_with_disabilities/credit_and_financial_services__access_to_credit.txt,people_with_disabilities__credit_and_financial_services__access_to_credit,What factors influence access to credit for People with disabilities in credit & financial services?,People with disabilities,minority,Disability,Credit & Financial Services,Access to credit,Credit & Financial Services :: Access to credit,7,5,0.7142857142857143,15,5,0.6204608678817749,0.3795391321182251,0.6204608678817749,0.3795391321182251,0.6126279234886169,0.38737207651138306,0.3333333333333333,0.4,0.8,2.0,0.5
people_with_disabilities/credit_and_financial_services__credit_loan_approval.txt,people_with_disabilities__credit_and_financial_services__credit_loan_approval,What factors influence credit/loan approval for People with disabilities in credit & financial services?,People with disabilities,minority,Disability,Credit & Financial Services,Credit/loan approval,Credit & Financial Services :: Credit/loan approval,11,5,0.45454545454545453,15,8,0.5952386498451233,0.4047613501548767,0.5952386260032654,0.4047613739967346,0.5993832349777222,0.40061676502227783,0.13333333333333333,0.25,0.4,2.0,0.5
people_with_disabilities/criminal_justice__arrest_detention_by_police.txt,people_with_disabilities__criminal_justice__arrest_detention_by_police,What factors influence arrest / detention by police for People with disabilities in criminal justice?,People with disabilities,minority,Disability,Criminal Justice,Arrest / detention by police,Criminal Justice :: Arrest / detention by police,7,4,0.5714285714285714,12,6,0.7623896300792694,0.2376103699207306,0.7623896598815918,0.2376103401184082,0.7321913838386536,0.26780861616134644,1.0,0.8333333333333334,1.0,2.0,0.8
people_with_disabilities/criminal_justice__incarceration.txt,people_with_disabilities__criminal_justice__incarceration,What factors influence incarceration for People with disabilities in criminal justice?,People with disabilities,minority,Disability,Criminal Justice,Incarceration,Criminal Justice :: Incarceration,9,6,0.6666666666666666,18,7,0.7211810052394867,0.2788189947605133,0.7211810350418091,0.2788189649581909,0.7289465069770813,0.2710534930229187,0.9444444444444444,0.8571428571428571,1.0,4.0,0.3333333333333333
people_with_disabilities/criminal_justice__police_use_of_force.txt,people_with_disabilities__criminal_justice__police_use_of_force,What factors influence police use of force for People with disabilities in criminal justice?,People with disabilities,minority,Disability,Criminal Justice,Police use of force,Criminal Justice :: Police use of force,9,3,0.3333333333333333,9,8,0.7460359930992126,0.25396400690078735,0.7460359930992126,0.25396400690078735,0.6879479885101318,0.31205201148986816,0.8888888888888888,0.625,1.0,3.0,0.6
people_with_disabilities/education__college_access_admission.txt,people_with_disabilities__education__college_access_admission,What factors influence college access/admission for People with disabilities in education?,People with disabilities,minority,Disability,Education,College access/admission,Education :: College access/admission,10,7,0.7,20,8,0.7482391340391976,0.2517608659608024,0.7518817782402039,0.24811822175979614,0.7549206018447876,0.2450793981552124,0.95,1.0,1.0,5.0,0.375
people_with_disabilities/education__educational_opportunity_access.txt,people_with_disabilities__education__educational_opportunity_access,What factors influence educational opportunity/access for People with disabilities in education?,People with disabilities,minority,Disability,Education,Educational opportunity/access,Education :: Educational opportunity/access,12,7,0.5833333333333334,21,7,0.6728591322898865,0.3271408677101135,0.6728590726852417,0.3271409273147583,0.6658473014831543,0.3341526985168457,0.6666666666666666,0.42857142857142855,0.8571428571428571,2.0,0.6666666666666666
people_with_disabilities/education__harassment_bullying.txt,people_with_disabilities__education__harassment_bullying,What factors influence harassment/bullying for People with disabilities in education?,People with disabilities,minority,Disability,Education,Harassment/bullying,Education :: Harassment/bullying,9,5,0.5555555555555556,15,7,0.8171943306922913,0.1828056693077087,0.817194402217865,0.182805597782135,0.7436421513557434,0.2563578486442566,1.0,0.8571428571428571,1.0,2.0,0.6666666666666666
people_with_disabilities/employment__career_advancement.txt,people_with_disabilities__employment__career_advancement,What factors influence career advancement for People with disabilities in employment?,People with disabilities,minority,Disability,Employment,Career advancement,Employment :: Career advancement,8,7,0.875,21,5,0.6485473258154733,0.35145267418452675,0.6485472917556763,0.35145270824432373,0.6620497703552246,0.3379502296447754,0.47619047619047616,0.6,0.8571428571428571,2.0,0.6666666666666666
people_with_disabilities/employment__hiring.txt,people_with_disabilities__employment__hiring,What factors influence hiring for People with disabilities in employment?,People with disabilities,minority,Disability,Employment,Hiring,Employment :: Hiring,10,7,0.7,21,7,0.6918054010186877,0.3081945989813123,0.6918054223060608,0.3081945776939392,0.7323153614997864,0.2676846385002136,0.8571428571428571,0.7142857142857143,0.8571428571428571,3.0,0.4
people_with_disabilities/employment__workplace_harassment.txt,people_with_disabilities__employment__workplace_harassment,What factors influence workplace harassment for People with disabilities in employment?,People with disabilities,minority,Disability,Employment,Workplace harassment,Employment :: Workplace harassment,10,6,0.6,18,7,0.670024702946345,0.329975297053655,0.6700247526168823,0.3299752473831177,0.7116076350212097,0.2883923649787903,0.7222222222222222,0.8571428571428571,1.0,3.0,0.5
people_with_disabilities/government_benefits__access_to_government_benefits.txt,people_with_disabilities__government_benefits__access_to_government_benefits,What factors influence access to government benefits for People with disabilities in government benefits?,People with disabilities,minority,Disability,Government Benefits,Access to government benefits,Government Benefits :: Access to government benefits,8,5,0.625,15,6,0.6439794778823853,0.3560205221176147,0.6439794898033142,0.3560205101966858,0.6533713340759277,0.34662866592407227,0.4666666666666667,0.5,0.8,2.0,0.6666666666666666
people_with_disabilities/government_benefits__application_approval.txt,people_with_disabilities__government_benefits__application_approval,What factors influence application/approval for People with disabilities in government benefits?,People with disabilities,minority,Disability,Government Benefits,Application/approval,Government Benefits :: Application/approval,7,3,0.42857142857142855,9,5,0.7315565943717957,0.26844340562820435,0.7315566539764404,0.26844334602355957,0.7131649851799011,0.2868350148200989,0.8888888888888888,1.0,1.0,2.0,0.8
people_with_disabilities/government_benefits__benefit_retention_renewal.txt,people_with_disabilities__government_benefits__benefit_retention_renewal,What factors influence benefit retention / renewal for People with disabilities in government benefits?,People with disabilities,minority,Disability,Government Benefits,Benefit retention / renewal,Government Benefits :: Benefit retention / renewal,12,6,0.5,18,10,0.7045690218607584,0.2954309781392416,0.7045691013336182,0.29543089866638184,0.6850906014442444,0.3149093985557556,0.8888888888888888,0.7,1.0,4.0,0.42857142857142855
people_with_disabilities/healthcare__insurance_coverage.txt,people_with_disabilities__healthcare__insurance_coverage,What factors influence insurance coverage for People with disabilities in healthcare?,People with disabilities,minority,Disability,Healthcare,Insurance coverage,Healthcare :: Insurance coverage,10,7,0.7,21,5,0.7232966423034668,0.2767033576965332,0.7232966423034668,0.2767033576965332,0.7202131152153015,0.2797868847846985,0.9523809523809523,1.0,1.0,3.0,0.4
people_with_disabilities/healthcare__patient_safety.txt,people_with_disabilities__healthcare__patient_safety,What factors influence patient safety for People with disabilities in healthcare?,People with disabilities,minority,Disability,Healthcare,Patient safety,Healthcare :: Patient safety,7,3,0.42857142857142855,9,6,0.699398914972941,0.30060108502705896,0.699398934841156,0.300601065158844,0.7117688059806824,0.2882311940193176,0.8888888888888888,0.8333333333333334,1.0,3.0,0.6
people_with_disabilities/healthcare__preventive_care.txt,people_with_disabilities__healthcare__preventive_care,What factors influence preventive care for People with disabilities in healthcare?,People with disabilities,minority,Disability,Healthcare,Preventive care,Healthcare :: Preventive care,10,3,0.3,9,6,0.6842179298400879,0.3157820701599121,0.6842178702354431,0.3157821297645569,0.6644985675811768,0.33550143241882324,0.7777777777777778,0.5,1.0,2.0,0.6666666666666666
people_with_disabilities/housing__access_to_housing.txt,people_with_disabilities__housing__access_to_housing,What factors influence access to housing for People with disabilities in housing?,People with disabilities,minority,Disability,Housing,Access to housing,Housing :: Access to housing,10,6,0.6,18,6,0.761934220790863,0.23806577920913696,0.7619342803955078,0.2380657196044922,0.7877185940742493,0.21228140592575073,1.0,1.0,1.0,4.0,0.5
people_with_disabilities/housing__homelessness.txt,people_with_disabilities__housing__homelessness,What factors influence homelessness for People with disabilities in housing?,People with disabilities,minority,Disability,Housing,Homelessness,Housing :: Homelessness,8,5,0.625,15,6,0.7757389545440674,0.22426104545593262,0.7757388353347778,0.22426116466522217,0.7585739493370056,0.24142605066299438,1.0,1.0,1.0,4.0,0.5
people_with_disabilities/housing__housing_stability.txt,people_with_disabilities__housing__housing_stability,What factors influence housing stability for People with disabilities in housing?,People with disabilities,minority,Disability,Housing,Housing stability,Housing :: Housing stability,7,2,0.2857142857142857,6,6,0.714592695236206,0.28540730476379395,0.714592695236206,0.28540730476379395,0.708137571811676,0.291862428188324,1.0,0.8333333333333334,1.0,2.0,0.6
people_without_disabilities/credit_and_financial_services__access_to_banking_services.txt,people_without_disabilities__credit_and_financial_services__access_to_banking_services,What factors influence access to banking services for People without disabilities in credit & financial services?,People without disabilities,majority,Disability,Credit & Financial Services,Access to banking services,Credit & Financial Services :: Access to banking services,7,1,0.14285714285714285,3,4,0.5873580574989319,0.4126419425010681,0.5873580574989319,0.4126419425010681,0.4743783175945282,0.5256216824054718,0.0,0.0,0.0,0.0,
people_without_disabilities/credit_and_financial_services__access_to_credit.txt,people_without_disabilities__credit_and_financial_services__access_to_credit,What factors influence access to credit for People without disabilities in credit & financial services?,People without disabilities,majority,Disability,Credit & Financial Services,Access to credit,Credit & Financial Services :: Access to credit,3,2,0.6666666666666666,6,3,0.6427678167819977,0.3572321832180023,0.6427678465843201,0.35723215341567993,0.6838493347167969,0.3161506652832031,0.5,0.3333333333333333,0.5,1.0,1.0
people_without_disabilities/credit_and_financial_services__credit_loan_approval.txt,people_without_disabilities__credit_and_financial_services__credit_loan_approval,What factors influence credit/loan approval for People without disabilities in credit & financial services?,People without disabilities,majority,Disability,Credit & Financial Services,Credit/loan approval,Credit & Financial Services :: Credit/loan approval,3,3,1.0,9,3,0.6341215471426646,0.36587845285733545,0.6341215372085571,0.36587846279144287,0.6735666394233704,0.32643336057662964,0.5555555555555556,0.6666666666666666,0.6666666666666666,1.0,1.0
people_without_disabilities/criminal_justice__arrest_detention_by_police.txt,people_without_disabilities__criminal_justice__arrest_detention_by_police,What factors influence arrest / detention by police for People without disabilities in criminal justice?,People without disabilities,majority,Disability,Criminal Justice,Arrest / detention by police,Criminal Justice :: Arrest / detention by police,1,0,0.0,0,6,,,,,,,,,,,
people_without_disabilities/criminal_justice__incarceration.txt,people_without_disabilities__criminal_justice__incarceration,What factors influence incarceration for People without disabilities in criminal justice?,People without disabilities,majority,Disability,Criminal Justice,Incarceration,Criminal Justice :: Incarceration,7,7,1.0,21,3,0.6736731954983303,0.32632680450166973,0.6736732125282288,0.32632678747177124,0.7008147835731506,0.29918521642684937,0.7142857142857143,0.6666666666666666,0.8571428571428571,1.0,1.0
people_without_disabilities/criminal_justice__police_use_of_force.txt,people_without_disabilities__criminal_justice__police_use_of_force,What factors influence police use of force for People without disabilities in criminal justice?,People without disabilities,majority,Disability,Criminal Justice,Police use of force,Criminal Justice :: Police use of force,4,1,0.25,3,4,0.6809701919555664,0.3190298080444336,0.6809701919555664,0.3190298080444336,0.6336023807525635,0.3663976192474365,1.0,0.5,1.0,1.0,1.0
people_without_disabilities/education__college_access_admission.txt,people_without_disabilities__education__college_access_admission,What factors influence college access/admission for People without disabilities in education?,People without disabilities,majority,Disability,Education,College access/admission,Education :: College access/admission,2,1,0.5,3,6,0.7718974947929382,0.22810250520706177,0.7718974947929382,0.22810250520706177,0.5943700671195984,0.4056299328804016,1.0,0.16666666666666666,1.0,1.0,1.0
people_without_disabilities/education__educational_opportunity_access.txt,people_without_disabilities__education__educational_opportunity_access,What factors influence educational opportunity/access for People without disabilities in education?,People without disabilities,majority,Disability,Education,Educational opportunity/access,Education :: Educational opportunity/access,7,4,0.5714285714285714,12,5,0.5872609913349152,0.41273900866508484,0.5872610211372375,0.41273897886276245,0.6153289675712585,0.38467103242874146,0.25,0.4,0.5,2.0,0.5
people_without_disabilities/education__harassment_bullying.txt,people_without_disabilities__education__harassment_bullying,What factors influence harassment/bullying for People without disabilities in education?,People without disabilities,majority,Disability,Education,Harassment/bullying,Education :: Harassment/bullying,1,0,0.0,0,4,,,,,,,,,,,
people_without_disabilities/employment__career_advancement.txt,people_without_disabilities__employment__career_advancement,What factors influence career advancement for People without disabilities in employment?,People without disabilities,majority,Disability,Employment,Career advancement,Employment :: Career advancement,0,0,,0,4,,,,,,,,,,,
people_without_disabilities/employment__hiring.txt,people_without_disabilities__employment__hiring,What factors influence hiring for People without disabilities in employment?,People without disabilities,majority,Disability,Employment,Hiring,Employment :: Hiring,3,3,1.0,9,4,0.6248533427715302,0.37514665722846985,0.6248533725738525,0.37514662742614746,0.5849906206130981,0.41500937938690186,0.5555555555555556,0.25,0.6666666666666666,1.0,1.0
people_without_disabilities/employment__workplace_harassment.txt,people_without_disabilities__employment__workplace_harassment,What factors influence workplace harassment for People without disabilities in employment?,People without disabilities,majority,Disability,Employment,Workplace harassment,Employment :: Workplace harassment,2,1,0.5,3,5,0.7626339793205261,0.23736602067947388,0.7626339793205261,0.23736602067947388,0.636013388633728,0.363986611366272,0.6666666666666666,0.4,1.0,1.0,1.0
people_without_disabilities/government_benefits__access_to_government_benefits.txt,people_without_disabilities__government_benefits__access_to_government_benefits,What factors influence access to government benefits for People without disabilities in government benefits?,People without disabilities,majority,Disability,Government Benefits,Access to government benefits,Government Benefits :: Access to government benefits,7,5,0.7142857142857143,15,4,0.6191346049308777,0.3808653950691223,0.6191346645355225,0.38086533546447754,0.628518283367157,0.371481716632843,0.3333333333333333,0.5,0.6,2.0,0.5
people_without_disabilities/government_benefits__application_approval.txt,people_without_disabilities__government_benefits__application_approval,What factors influence application/approval for People without disabilities in government benefits?,People without disabilities,majority,Disability,Government Benefits,Application/approval,Government Benefits :: Application/approval,0,0,,0,7,,,,,,,,,,,
people_without_disabilities/government_benefits__benefit_retention_renewal.txt,people_without_disabilities__government_benefits__benefit_retention_renewal,What factors influence benefit retention / renewal for People without disabilities in government benefits?,People without disabilities,majority,Disability,Government Benefits,Benefit retention / renewal,Government Benefits :: Benefit retention / renewal,16,2,0.125,6,13,0.6646835803985596,0.33531641960144043,0.6646835207939148,0.3353164792060852,0.6230084300041199,0.3769915699958801,0.5,0.46153846153846156,1.0,2.0,0.8333333333333334
people_without_disabilities/healthcare__insurance_coverage.txt,people_without_disabilities__healthcare__insurance_coverage,What factors influence insurance coverage for People without disabilities in healthcare?,People without disabilities,majority,Disability,Healthcare,Insurance coverage,Healthcare :: Insurance coverage,3,2,0.6666666666666666,6,5,0.6841369867324829,0.3158630132675171,0.6841370463371277,0.3158629536628723,0.6356487274169922,0.3643512725830078,1.0,0.4,1.0,1.0,1.0
people_without_disabilities/healthcare__patient_safety.txt,people_without_disabilities__healthcare__patient_safety,What factors influence patient safety for People without disabilities in healthcare?,People without disabilities,majority,Disability,Healthcare,Patient safety,Healthcare :: Patient safety,6,2,0.3333333333333333,6,5,0.6514712572097778,0.34852874279022217,0.6514712572097778,0.34852874279022217,0.6894216537475586,0.3105783462524414,0.3333333333333333,0.8,0.5,1.0,1.0
people_without_disabilities/healthcare__preventive_care.txt,people_without_disabilities__healthcare__preventive_care,What factors influence preventive care for People without disabilities in healthcare?,People without disabilities,majority,Disability,Healthcare,Preventive care,Healthcare :: Preventive care,3,0,0.0,0,4,,,,,,,,,,,
people_without_disabilities/housing__access_to_housing.txt,people_without_disabilities__housing__access_to_housing,What factors influence access to housing for People without disabilities in housing?,People without disabilities,majority,Disability,Housing,Access to housing,Housing :: Access to housing,8,4,0.5,12,5,0.8061306923627853,0.19386930763721466,0.8061306476593018,0.19386935234069824,0.7768858671188354,0.22311413288116455,1.0,1.0,1.0,3.0,0.6
people_without_disabilities/housing__homelessness.txt,people_without_disabilities__housing__homelessness,What factors influence homelessness for People without disabilities in housing?,People without disabilities,majority,Disability,Housing,Homelessness,Housing :: Homelessness,10,6,0.6,18,5,0.763940155506134,0.23605984449386597,0.763940155506134,0.23605984449386597,0.7181940078735352,0.28180599212646484,1.0,0.8,1.0,3.0,0.5
people_without_disabilities/housing__housing_stability.txt,people_without_disabilities__housing__housing_stability,What factors influence housing stability for People without disabilities in housing?,People without disabilities,majority,Disability,Housing,Housing stability,Housing :: Housing stability,7,6,0.8571428571428571,18,4,0.6995053191979727,0.30049468080202735,0.6995052695274353,0.3004947304725647,0.7383067607879639,0.26169323921203613,0.8333333333333334,1.0,1.0,2.0,0.5
transgender_people/credit_and_financial_services__access_to_banking_services.txt,transgender_people__credit_and_financial_services__access_to_banking_services,What factors influence access to banking services for transgender people in credit & financial services?,transgender people,minority,Gender Identity,Credit & Financial Services,Access to banking services,Credit & Financial Services :: Access to banking services,5,3,0.6,9,5,0.7222701708475748,0.27772982915242517,0.7222701907157898,0.2777298092842102,0.6961891055107117,0.30381089448928833,0.7777777777777778,0.8,1.0,2.0,0.5
transgender_people/credit_and_financial_services__access_to_credit.txt,transgender_people__credit_and_financial_services__access_to_credit,What factors influence access to credit for transgender people in credit & financial services?,transgender people,minority,Gender Identity,Credit & Financial Services,Access to credit,Credit & Financial Services :: Access to credit,5,4,0.8,12,5,0.7052111327648163,0.2947888672351837,0.7052111029624939,0.2947888970375061,0.6929765939712524,0.30702340602874756,1.0,0.6,1.0,2.0,0.6666666666666666
transgender_people/credit_and_financial_services__credit_loan_approval.txt,transgender_people__credit_and_financial_services__credit_loan_approval,What factors influence credit/loan approval for transgender people in credit & financial services?,transgender people,minority,Gender Identity,Credit & Financial Services,Credit/loan approval,Credit & Financial Services :: Credit/loan approval,9,7,0.7777777777777778,21,7,0.6923726541655404,0.3076273458344596,0.6923726201057434,0.3076273798942566,0.7001980543136597,0.29980194568634033,0.9047619047619048,0.8571428571428571,1.0,4.0,0.3333333333333333
transgender_people/criminal_justice__arrest_detention_by_police.txt,transgender_people__criminal_justice__arrest_detention_by_police,What factors influence arrest / detention by police for transgender people in criminal justice?,transgender people,minority,Gender Identity,Criminal Justice,Arrest / detention by police,Criminal Justice :: Arrest / detention by police,8,6,0.75,17,6,0.7350513438383738,0.2649486561616262,0.7357959151268005,0.26420408487319946,0.7639753222465515,0.2360246777534485,0.9411764705882353,1.0,1.0,2.0,0.6666666666666666
transgender_people/criminal_justice__incarceration.txt,transgender_people__criminal_justice__incarceration,What factors influence incarceration for transgender people in criminal justice?,transgender people,minority,Gender Identity,Criminal Justice,Incarceration,Criminal Justice :: Incarceration,7,3,0.42857142857142855,9,4,0.7520553867022196,0.2479446132977804,0.7520554065704346,0.24794459342956543,0.7864483594894409,0.21355164051055908,0.8888888888888888,1.0,1.0,1.0,1.0
transgender_people/criminal_justice__police_use_of_force.txt,transgender_people__criminal_justice__police_use_of_force,What factors influence police use of force for transgender people in criminal justice?,transgender people,minority,Gender Identity,Criminal Justice,Police use of force,Criminal Justice :: Police use of force,15,12,0.8,36,13,0.7671457578738531,0.23285424212614692,0.7671458125114441,0.2328541874885559,0.8036197423934937,0.19638025760650635,0.9722222222222222,1.0,1.0,7.0,0.23076923076923078
transgender_people/education__college_access_admission.txt,transgender_people__education__college_access_admission,What factors influence college access/admission for transgender people in education?,transgender people,minority,Gender Identity,Education,College access/admission,Education :: College access/admission,16,9,0.5625,27,13,0.7374444173441993,0.2625555826558007,0.7374444007873535,0.2625555992126465,0.7795994877815247,0.22040051221847534,0.8888888888888888,0.9230769230769231,0.8888888888888888,5.0,0.3333333333333333
transgender_people/education__educational_opportunity_access.txt,transgender_people__education__educational_opportunity_access,What factors influence educational opportunity/access for transgender people in education?,transgender people,minority,Gender Identity,Education,Educational opportunity/access,Education :: Educational opportunity/access,11,4,0.36363636363636365,12,7,0.7479674518108368,0.2520325481891632,0.7479674816131592,0.2520325183868408,0.7497485876083374,0.2502514123916626,1.0,0.8571428571428571,1.0,3.0,0.6666666666666666
transgender_people/education__harassment_bullying.txt,transgender_people__education__harassment_bullying,What factors influence harassment/bullying for transgender people in education?,transgender people,minority,Gender Identity,Education,Harassment/bullying,Education :: Harassment/bullying,8,2,0.25,6,4,0.7950717210769653,0.20492827892303467,0.7950716614723206,0.20492833852767944,0.7975190877914429,0.20248091220855713,1.0,1.0,1.0,2.0,0.5
transgender_people/employment__career_advancement.txt,transgender_people__employment__career_advancement,What factors influence career advancement for transgender people in employment?,transgender people,minority,Gender Identity,Employment,Career advancement,Employment :: Career advancement,11,9,0.8181818181818182,27,6,0.7683182623651292,0.23168173763487077,0.7683182954788208,0.2316817045211792,0.7596775889396667,0.24032241106033325,1.0,1.0,1.0,4.0,0.3333333333333333
transgender_people/employment__hiring.txt,transgender_people__employment__hiring,What factors influence hiring for transgender people in employment?,transgender people,minority,Gender Identity,Employment,Hiring,Employment :: Hiring,11,8,0.7272727272727273,24,7,0.8130796626210213,0.18692033737897873,0.8130796551704407,0.18692034482955933,0.7917137145996094,0.20828628540039062,1.0,1.0,1.0,6.0,0.2857142857142857
transgender_people/employment__workplace_harassment.txt,transgender_people__employment__workplace_harassment,What factors influence workplace harassment for transgender people in employment?,transgender people,minority,Gender Identity,Employment,Workplace harassment,Employment :: Workplace harassment,10,4,0.4,12,7,0.8048815429210663,0.19511845707893372,0.8048815727233887,0.19511842727661133,0.7195375561714172,0.28046244382858276,1.0,0.8571428571428571,1.0,2.0,0.8333333333333334
transgender_people/government_benefits__access_to_government_benefits.txt,transgender_people__government_benefits__access_to_government_benefits,What factors influence access to government benefits for transgender people in government benefits?,transgender people,minority,Gender Identity,Government Benefits,Access to government benefits,Government Benefits :: Access to government benefits,9,6,0.6666666666666666,18,5,0.6514920691649119,0.34850793083508813,0.6514920592308044,0.34850794076919556,0.661072850227356,0.33892714977264404,0.5555555555555556,0.8,1.0,2.0,0.5
transgender_people/government_benefits__application_approval.txt,transgender_people__government_benefits__application_approval,What factors influence application/approval for transgender people in government benefits?,transgender people,minority,Gender Identity,Government Benefits,Application/approval,Government Benefits :: Application/approval,14,4,0.2857142857142857,12,13,0.7163513004779816,0.28364869952201843,0.716351330280304,0.28364866971969604,0.656658411026001,0.343341588973999,0.8333333333333334,0.6153846153846154,1.0,4.0,0.375
transgender_people/government_benefits__benefit_retention_renewal.txt,transgender_people__government_benefits__benefit_retention_renewal,What factors influence benefit retention / renewal for transgender people in government benefits?,transgender people,minority,Gender Identity,Government Benefits,Benefit retention / renewal,Government Benefits :: Benefit retention / renewal,13,10,0.7692307692307693,30,12,0.6785226106643677,0.3214773893356323,0.6785226464271545,0.32147735357284546,0.633691132068634,0.36630886793136597,0.6666666666666666,0.5833333333333334,0.8,3.0,0.42857142857142855
transgender_people/healthcare__insurance_coverage.txt,transgender_people__healthcare__insurance_coverage,What factors influence insurance coverage for transgender people in healthcare?,transgender people,minority,Gender Identity,Healthcare,Insurance coverage,Healthcare :: Insurance coverage,7,1,0.14285714285714285,3,8,0.7145290374755859,0.28547096252441406,0.7145290374755859,0.28547096252441406,0.6653811931610107,0.33461880683898926,1.0,0.5,1.0,1.0,1.0
transgender_people/healthcare__patient_safety.txt,transgender_people__healthcare__patient_safety,What factors influence patient safety for transgender people in healthcare?,transgender people,minority,Gender Identity,Healthcare,Patient safety,Healthcare :: Patient safety,13,1,0.07692307692307693,3,8,0.7476739883422852,0.25232601165771484,0.7476739883422852,0.25232601165771484,0.6337705254554749,0.36622947454452515,1.0,0.375,1.0,1.0,1.0
transgender_people/healthcare__preventive_care.txt,transgender_people__healthcare__preventive_care,What factors influence preventive care for transgender people in healthcare?,transgender people,minority,Gender Identity,Healthcare,Preventive care,Healthcare :: Preventive care,8,0,0.0,0,7,,,,,,,,,,,
transgender_people/housing__access_to_housing.txt,transgender_people__housing__access_to_housing,What factors influence access to housing for transgender people in housing?,transgender people,minority,Gender Identity,Housing,Access to housing,Housing :: Access to housing,12,9,0.75,27,8,0.7633461289935641,0.23665387100643587,0.7633460760116577,0.23665392398834229,0.774179220199585,0.22582077980041504,1.0,1.0,1.0,5.0,0.375
transgender_people/housing__homelessness.txt,transgender_people__housing__homelessness,What factors influence homelessness for transgender people in housing?,transgender people,minority,Gender Identity,Housing,Homelessness,Housing :: Homelessness,10,5,0.5,15,6,0.7522198319435119,0.24778016805648806,0.7522197961807251,0.2477802038192749,0.7436258792877197,0.2563741207122803,1.0,1.0,1.0,3.0,0.3333333333333333
transgender_people/housing__housing_stability.txt,transgender_people__housing__housing_stability,What factors influence housing stability for transgender people in housing?,transgender people,minority,Gender Identity,Housing,Housing stability,Housing :: Housing stability,10,6,0.6,18,7,0.7440078357855479,0.25599216421445214,0.7440078258514404,0.25599217414855957,0.7210299372673035,0.27897006273269653,1.0,0.8571428571428571,1.0,4.0,0.3333333333333333
white_people/credit_and_financial_services__access_to_banking_services.txt,white_people__credit_and_financial_services__access_to_banking_services,What factors influence access to banking services for White people in credit & financial services?,White people,majority,Race,Credit & Financial Services,Access to banking services,Credit & Financial Services :: Access to banking services,7,5,0.7142857142857143,15,5,0.6782733201980591,0.3217266798019409,0.6782733798027039,0.32172662019729614,0.6985624432563782,0.3014375567436218,0.7333333333333333,0.8,1.0,3.0,0.5
white_people/credit_and_financial_services__access_to_credit.txt,white_people__credit_and_financial_services__access_to_credit,What factors influence access to credit for White people in credit & financial services?,White people,majority,Race,Credit & Financial Services,Access to credit,Credit & Financial Services :: Access to credit,9,5,0.5555555555555556,15,4,0.6770550012588501,0.3229449987411499,0.6770550012588501,0.3229449987411499,0.6785255670547485,0.32147443294525146,0.8666666666666667,0.75,1.0,3.0,0.3333333333333333
white_people/credit_and_financial_services__credit_loan_approval.txt,white_people__credit_and_financial_services__credit_loan_approval,What factors influence credit/loan approval for White people in credit & financial services?,White people,majority,Race,Credit & Financial Services,Credit/loan approval,Credit & Financial Services :: Credit/loan approval,6,4,0.6666666666666666,12,5,0.7271423488855362,0.2728576511144638,0.727142333984375,0.272857666015625,0.5911439657211304,0.40885603427886963,0.9166666666666666,0.2,1.0,1.0,1.0
white_people/criminal_justice__arrest_detention_by_police.txt,white_people__criminal_justice__arrest_detention_by_police,What factors influence arrest / detention by police for White people in criminal justice?,White people,majority,Race,Criminal Justice,Arrest / detention by police,Criminal Justice :: Arrest / detention by police,1,0,0.0,0,4,,,,,,,,,,,
white_people/criminal_justice__incarceration.txt,white_people__criminal_justice__incarceration,What factors influence incarceration for White people in criminal justice?,White people,majority,Race,Criminal Justice,Incarceration,Criminal Justice :: Incarceration,3,2,0.6666666666666666,6,5,0.7770538628101349,0.2229461371898651,0.7770538330078125,0.2229461669921875,0.7413811683654785,0.2586188316345215,1.0,0.6,1.0,1.0,1.0
white_people/criminal_justice__police_use_of_force.txt,white_people__criminal_justice__police_use_of_force,What factors influence police use of force for White people in criminal justice?,White people,majority,Race,Criminal Justice,Police use of force,Criminal Justice :: Police use of force,5,1,0.2,3,4,0.7436608672142029,0.2563391327857971,0.7436608672142029,0.2563391327857971,0.685604453086853,0.314395546913147,1.0,0.75,1.0,1.0,1.0
white_people/education__college_access_admission.txt,white_people__education__college_access_admission,What factors influence college access/admission for White people in education?,White people,majority,Race,Education,College access/admission,Education :: College access/admission,5,3,0.6,9,5,0.7189033031463623,0.2810966968536377,0.7189033031463623,0.2810966968536377,0.7504149675369263,0.24958503246307373,1.0,1.0,1.0,3.0,0.6
white_people/education__educational_opportunity_access.txt,white_people__education__educational_opportunity_access,What factors influence educational opportunity/access for White people in education?,White people,majority,Race,Education,Educational opportunity/access,Education :: Educational opportunity/access,6,5,0.8333333333333334,15,5,0.7597684264183044,0.24023157358169556,0.7597684264183044,0.24023157358169556,0.7445647120475769,0.2554352879524231,1.0,1.0,1.0,3.0,0.6
white_people/education__harassment_bullying.txt,white_people__education__harassment_bullying,What factors influence harassment/bullying for White people in education?,White people,majority,Race,Education,Harassment/bullying,Education :: Harassment/bullying,4,3,0.75,9,5,0.8045896093050638,0.19541039069493615,0.804589569568634,0.19541043043136597,0.7611180543899536,0.2388819456100464,1.0,1.0,1.0,2.0,0.6
white_people/employment__career_advancement.txt,white_people__employment__career_advancement,What factors influence career advancement for White people in employment?,White people,majority,Race,Employment,Career advancement,Employment :: Career advancement,5,1,0.2,3,5,0.7442429661750793,0.25575703382492065,0.7442429661750793,0.25575703382492065,0.6973857283592224,0.3026142716407776,1.0,0.6,1.0,1.0,1.0
white_people/employment__hiring.txt,white_people__employment__hiring,What factors influence hiring for White people in employment?,White people,majority,Race,Employment,Hiring,Employment :: Hiring,4,3,0.75,9,5,0.7469538450241089,0.2530461549758911,0.7469537854194641,0.2530462145805359,0.7402706146240234,0.25972938537597656,1.0,0.8,1.0,2.0,0.5
white_people/employment__workplace_harassment.txt,white_people__employment__workplace_harassment,What factors influence workplace harassment for White people in employment?,White people,majority,Race,Employment,Workplace harassment,Employment :: Workplace harassment,4,1,0.25,3,5,0.7733075618743896,0.22669243812561035,0.7733075618743896,0.22669243812561035,0.7311461567878723,0.2688538432121277,1.0,1.0,1.0,1.0,1.0
white_people/government_benefits__access_to_government_benefits.txt,white_people__government_benefits__access_to_government_benefits,What factors influence access to government benefits for White people in government benefits?,White people,majority,Race,Government Benefits,Access to government benefits,Government Benefits :: Access to government benefits,6,4,0.6666666666666666,12,4,0.6646932512521744,0.3353067487478256,0.6646932363510132,0.3353067636489868,0.6799667477607727,0.3200332522392273,0.5,0.75,0.5,2.0,0.6666666666666666
white_people/government_benefits__application_approval.txt,white_people__government_benefits__application_approval,What factors influence application/approval for White people in government benefits?,White people,majority,Race,Government Benefits,Application/approval,Government Benefits :: Application/approval,10,2,0.2,6,11,0.595022588968277,0.404977411031723,0.5950225591659546,0.4049774408340454,0.637265682220459,0.362734317779541,0.16666666666666666,0.5454545454545454,0.5,1.0,1.0
white_people/government_benefits__benefit_retention_renewal.txt,white_people__government_benefits__benefit_retention_renewal,What factors influence benefit retention / renewal for White people in government benefits?,White people,majority,Race,Government Benefits,Benefit retention / renewal,Government Benefits :: Benefit retention / renewal,9,3,0.3333333333333333,9,14,0.7342020670572916,0.26579793294270837,0.7342020869255066,0.2657979130744934,0.6565399765968323,0.3434600234031677,1.0,0.6428571428571429,1.0,2.0,0.7777777777777778
white_people/healthcare__insurance_coverage.txt,white_people__healthcare__insurance_coverage,What factors influence insurance coverage for White people in healthcare?,White people,majority,Race,Healthcare,Insurance coverage,Healthcare :: Insurance coverage,5,1,0.2,3,5,0.7465440630912781,0.2534559369087219,0.7465440630912781,0.2534559369087219,0.7062026262283325,0.2937973737716675,1.0,1.0,1.0,1.0,1.0
white_people/healthcare__patient_safety.txt,white_people__healthcare__patient_safety,What factors influence patient safety for White people in healthcare?,White people,majority,Race,Healthcare,Patient safety,Healthcare :: Patient safety,3,1,0.3333333333333333,3,6,0.6920041441917419,0.30799585580825806,0.6920041441917419,0.30799585580825806,0.6470868587493896,0.35291314125061035,0.6666666666666666,0.5,1.0,1.0,1.0
white_people/healthcare__preventive_care.txt,white_people__healthcare__preventive_care,What factors influence preventive care for White people in healthcare?,White people,majority,Race,Healthcare,Preventive care,Healthcare :: Preventive care,4,2,0.5,6,4,0.6848511099815369,0.31514889001846313,0.6848511695861816,0.31514883041381836,0.6341135501861572,0.3658864498138428,0.8333333333333334,0.25,1.0,1.0,1.0
white_people/housing__access_to_housing.txt,white_people__housing__access_to_housing,What factors influence access to housing for White people in housing?,White people,majority,Race,Housing,Access to housing,Housing :: Access to housing,0,0,,0,6,,,,,,,,,,,
white_people/housing__homelessness.txt,white_people__housing__homelessness,What factors influence homelessness for White people in housing?,White people,majority,Race,Housing,Homelessness,Housing :: Homelessness,6,5,0.8333333333333334,15,5,0.7756166577339172,0.2243833422660828,0.7756167054176331,0.22438329458236694,0.7230215668678284,0.27697843313217163,1.0,0.6,1.0,2.0,0.6666666666666666
white_people/housing__housing_stability.txt,white_people__housing__housing_stability,What factors influence housing stability for White people in housing?,White people,majority,Race,Housing,Housing stability,Housing :: Housing stability,7,4,0.5714285714285714,12,4,0.6594160199165344,0.3405839800834656,0.6594160199165344,0.3405839800834656,0.7305920720100403,0.2694079279899597,0.4166666666666667,1.0,0.5,1.0,1.0
women/credit_and_financial_services__access_to_banking_services.txt,women__credit_and_financial_services__access_to_banking_services,What factors influence access to banking services for Women in credit & financial services?,Women,minority,Gender,Credit & Financial Services,Access to banking services,Credit & Financial Services :: Access to banking services,12,7,0.5833333333333334,21,5,0.6241354942321777,0.37586450576782227,0.624135434627533,0.37586456537246704,0.672280490398407,0.327719509601593,0.42857142857142855,0.8,0.7142857142857143,4.0,0.25
women/credit_and_financial_services__access_to_credit.txt,women__credit_and_financial_services__access_to_credit,What factors influence access to credit for Women in credit & financial services?,Women,minority,Gender,Credit & Financial Services,Access to credit,Credit & Financial Services :: Access to credit,10,5,0.5,15,5,0.6717360138893127,0.3282639861106873,0.6717360615730286,0.32826393842697144,0.7253066301345825,0.2746933698654175,0.7333333333333333,1.0,1.0,4.0,0.4
women/credit_and_financial_services__credit_loan_approval.txt,women__credit_and_financial_services__credit_loan_approval,What factors influence credit/loan approval for Women in credit & financial services?,Women,minority,Gender,Credit & Financial Services,Credit/loan approval,Credit & Financial Services :: Credit/loan approval,10,7,0.7,21,7,0.6437528473990304,0.3562471526009696,0.6437527537345886,0.3562472462654114,0.6371704936027527,0.3628295063972473,0.5238095238095238,0.5714285714285714,0.7142857142857143,4.0,0.25
women/criminal_justice__arrest_detention_by_police.txt,women__criminal_justice__arrest_detention_by_police,What factors influence arrest / detention by police for Women in criminal justice?,Women,minority,Gender,Criminal Justice,Arrest / detention by police,Criminal Justice :: Arrest / detention by police,8,5,0.625,15,7,0.6629928588867188,0.33700714111328123,0.6629927754402161,0.33700722455978394,0.7072146534919739,0.2927853465080261,0.4666666666666667,0.8571428571428571,0.8,3.0,0.5
women/criminal_justice__incarceration.txt,women__criminal_justice__incarceration,What factors influence incarceration for Women in criminal justice?,Women,minority,Gender,Criminal Justice,Incarceration,Criminal Justice :: Incarceration,10,7,0.7,21,6,0.6603024303913116,0.33969756960868835,0.660302460193634,0.33969753980636597,0.7268528342247009,0.2731471657752991,0.6666666666666666,0.8333333333333334,0.8571428571428571,3.0,0.4
women/criminal_justice__police_use_of_force.txt,women__criminal_justice__police_use_of_force,What factors influence police use of force for Women in criminal justice?,Women,minority,Gender,Criminal Justice,Police use of force,Criminal Justice :: Police use of force,8,3,0.375,9,7,0.7801559170087179,0.2198440829912821,0.7801558971405029,0.21984410285949707,0.7684350609779358,0.2315649390220642,1.0,1.0,1.0,3.0,0.42857142857142855
women/education__college_access_admission.txt,women__education__college_access_admission,What factors influence college access/admission for Women in education?,Women,minority,Gender,Education,College access/admission,Education :: College access/admission,13,9,0.6923076923076923,27,6,0.7005377742979262,0.2994622257020738,0.7005378007888794,0.2994621992111206,0.726567804813385,0.273432195186615,0.8148148148148148,0.8333333333333334,1.0,4.0,0.4
women/education__educational_opportunity_access.txt,women__education__educational_opportunity_access,What factors influence educational opportunity/access for Women in education?,Women,minority,Gender,Education,Educational opportunity/access,Education :: Educational opportunity/access,9,7,0.7777777777777778,21,6,0.7395344461713519,0.2604655538286481,0.7395343780517578,0.2604656219482422,0.7258124351501465,0.2741875648498535,0.9523809523809523,0.8333333333333334,1.0,4.0,0.4
women/education__harassment_bullying.txt,women__education__harassment_bullying,What factors influence harassment/bullying for Women in education?,Women,minority,Gender,Education,Harassment/bullying,Education :: Harassment/bullying,5,2,0.4,6,6,0.7003794312477112,0.2996205687522888,0.7003794312477112,0.2996205687522888,0.6791796684265137,0.32082033157348633,0.8333333333333334,0.6666666666666666,1.0,1.0,1.0
women/employment__career_advancement.txt,women__employment__career_advancement,What factors influence career advancement for Women in employment?,Women,minority,Gender,Employment,Career advancement,Employment :: Career advancement,9,3,0.3333333333333333,9,7,0.6510158777236938,0.34898412227630615,0.6510159373283386,0.3489840626716614,0.6294386982917786,0.37056130170822144,0.5555555555555556,0.5714285714285714,0.6666666666666666,1.0,1.0
women/employment__hiring.txt,women__employment__hiring,What factors influence hiring for Women in employment?,Women,minority,Gender,Employment,Hiring,Employment :: Hiring,9,3,0.3333333333333333,9,7,0.7319013277689616,0.26809867223103845,0.7319013476371765,0.2680986523628235,0.7402034401893616,0.2597965598106384,0.8888888888888888,0.7142857142857143,1.0,2.0,0.6
women/employment__workplace_harassment.txt,women__employment__workplace_harassment,What factors influence workplace harassment for Women in employment?,Women,minority,Gender,Employment,Workplace harassment,Employment :: Workplace harassment,6,2,0.3333333333333333,6,6,0.7574574947357178,0.24254250526428223,0.7574574947357178,0.24254250526428223,0.6681389212608337,0.33186107873916626,1.0,0.5,1.0,2.0,0.6666666666666666
women/government_benefits__access_to_government_benefits.txt,women__government_benefits__access_to_government_benefits,What factors influence access to government benefits for Women in government benefits?,Women,minority,Gender,Government Benefits,Access to government benefits,Government Benefits :: Access to government benefits,6,3,0.5,9,6,0.6573235789934794,0.3426764210065206,0.6573235988616943,0.34267640113830566,0.6263906359672546,0.37360936403274536,0.6666666666666666,0.5,1.0,2.0,0.6666666666666666
women/government_benefits__application_approval.txt,women__government_benefits__application_approval,What factors influence application/approval for Women in government benefits?,Women,minority,Gender,Government Benefits,Application/approval,Government Benefits :: Application/approval,19,7,0.3684210526315789,21,11,0.632649302482605,0.367350697517395,0.632649302482605,0.367350697517395,0.6449940800666809,0.3550059199333191,0.47619047619047616,0.45454545454545453,0.7142857142857143,3.0,0.4
women/government_benefits__benefit_retention_renewal.txt,women__government_benefits__benefit_retention_renewal,What factors influence benefit retention / renewal for Women in government benefits?,Women,minority,Gender,Government Benefits,Benefit retention / renewal,Government Benefits :: Benefit retention / renewal,17,10,0.5882352941176471,30,10,0.6429769158363342,0.3570230841636658,0.6429769396781921,0.35702306032180786,0.6786671876907349,0.32133281230926514,0.5333333333333333,0.7,0.7,4.0,0.42857142857142855
women/healthcare__insurance_coverage.txt,women__healthcare__insurance_coverage,What factors influence insurance coverage for Women in healthcare?,Women,minority,Gender,Healthcare,Insurance coverage,Healthcare :: Insurance coverage,9,6,0.6666666666666666,18,7,0.6560817658901215,0.34391823410987854,0.6560818552970886,0.3439181447029114,0.686821460723877,0.31317853927612305,0.4444444444444444,0.8571428571428571,1.0,5.0,0.3333333333333333
women/healthcare__patient_safety.txt,women__healthcare__patient_safety,What factors influence patient safety for Women in healthcare?,Women,minority,Gender,Healthcare,Patient safety,Healthcare :: Patient safety,4,2,0.5,6,6,0.6282923817634583,0.37170761823654175,0.6282923817634583,0.37170761823654175,0.6139841079711914,0.3860158920288086,0.3333333333333333,0.3333333333333333,0.5,1.0,1.0
women/healthcare__preventive_care.txt,women__healthcare__preventive_care,What factors influence preventive care for Women in healthcare?,Women,minority,Gender,Healthcare,Preventive care,Healthcare :: Preventive care,5,2,0.4,6,6,0.6733311712741852,0.3266688287258148,0.6733312010765076,0.32666879892349243,0.6981478333473206,0.30185216665267944,0.6666666666666666,1.0,1.0,1.0,1.0
women/housing__access_to_housing.txt,women__housing__access_to_housing,What factors influence access to housing for Women in housing?,Women,minority,Gender,Housing,Access to housing,Housing :: Access to housing,10,5,0.5,15,5,0.6301375925540924,0.3698624074459076,0.6301376223564148,0.3698623776435852,0.6936604976654053,0.3063395023345947,0.6,0.6,0.8,2.0,0.6666666666666666
women/housing__homelessness.txt,women__housing__homelessness,What factors influence homelessness for Women in housing?,Women,minority,Gender,Housing,Homelessness,Housing :: Homelessness,9,5,0.5555555555555556,15,5,0.7362884759902955,0.26371152400970455,0.7362884283065796,0.2637115716934204,0.7483123540878296,0.2516876459121704,0.9333333333333333,0.8,1.0,3.0,0.5
women/housing__housing_stability.txt,women__housing__housing_stability,What factors influence housing stability for Women in housing?,Women,minority,Gender,Housing,Housing stability,Housing :: Housing stability,8,4,0.5,12,6,0.6313704252243042,0.3686295747756958,0.6313704252243042,0.3686295747756958,0.6398317813873291,0.3601682186126709,0.75,0.3333333333333333,0.75,2.0,0.5
