response_id,query_id,outcome,domain,dimension,demographic_dimension,group,condition,group_type,replica_id,expected_location,vpn_location,location,public_ip,collection_datetime,language,source_file,sentence_id,sentence_text,predicate_surface,predicate_lemma,phrasal_predicate,complement_text,dependency_relation,syntactic_frame,voice,negated,polarity,matched_resource_entry,match_status,unmatched_reason,veridicality_score,parser_confidence,condition_cell,item_id,replica_id_model
v1_dallas::black_people__credit_and_financial_services__access_to_banking_services,black_people__credit_and_financial_services__access_to_banking_services,Access to banking services,Credit & Financial Services,Race,Race,Black people,minority,minority,v1_dallas,Dallas,,Dallas,,,English,annotations/v1_dallas/google_aio_collection/black_people/credit_and_financial_services__access_to_banking_services.txt,7,Studies noted by the Brookings Institution show that Black applicants are frequently denied credit or charged higher interest rates and fees even when their financial credentials and creditworthiness match those of White applicants.,show,show,,that Black applicants are frequently denied credit or charged higher interest rates and fees even when their financial credentials and creditworthiness match those of White applicants,ccomp,NP Ved that S,active,False,positive,MV21-01376,matched_strict,,0.22386,,Race::Minority,Credit & Financial Services :: Access to banking services,v1_dallas
v1_dallas::black_people__credit_and_financial_services__access_to_credit,black_people__credit_and_financial_services__access_to_credit,Access to credit,Credit & Financial Services,Race,Race,Black people,minority,minority,v1_dallas,Dallas,,Dallas,,,English,annotations/v1_dallas/google_aio_collection/black_people/credit_and_financial_services__access_to_credit.txt,12,"Studies noted by WCNC Charlotte indicate that Black college graduates hold significantly higher average student loan debt than White peers, dragging down debt-to-income and credit utilization metrics.3.",indicate,indicate,,"that Black college graduates hold significantly higher average student loan debt than White peers, dragging down debt-to-income and credit utilization metrics.3",ccomp,NP Ved that S,active,False,positive,MV21-02711,matched_strict,,-0.5292314,,Race::Minority,Credit & Financial Services :: Access to credit,v1_dallas
v1_dallas::black_people__credit_and_financial_services__access_to_credit,black_people__credit_and_financial_services__access_to_credit,Access to credit,Credit & Financial Services,Race,Race,Black people,minority,minority,v1_dallas,Dallas,,Dallas,,,English,annotations/v1_dallas/google_aio_collection/black_people/credit_and_financial_services__access_to_credit.txt,15,"These expensive, single-payment vehicles drain wealth through astronomical fees and, crucially, rarely report positive payment data to major credit bureaus to help build a score.4.",report,report,,to help build a score.4,advcl,NP Ved NP to VP[-eventive],active,False,positive,MV21-02063,matched_strict,,-0.20529613,,Race::Minority,Credit & Financial Services :: Access to credit,v1_dallas
v1_dallas::black_people__credit_and_financial_services__access_to_credit,black_people__credit_and_financial_services__access_to_credit,Access to credit,Credit & Financial Services,Race,Race,Black people,minority,minority,v1_dallas,Dallas,,Dallas,,,English,annotations/v1_dallas/google_aio_collection/black_people/credit_and_financial_services__access_to_credit.txt,16,"Direct and Algorithmic BiasPersistent Approval Gaps: Research published by Opportunity Insights reveals that even when matching individuals for identical income, wealth, marital status, and job stability, Black borrowers still score lower and experience lower loan approval rates than White peers.",reveals,reveal,,"that even when matching individuals for identical income, wealth, marital status, and job stability, Black borrowers still score lower and experience lower loan approval rates than White peers",ccomp,NP Ved that S,active,False,positive,MV21-00802,matched_strict,,0.82202023,,Race::Minority,Credit & Financial Services :: Access to credit,v1_dallas
v1_dallas::black_people__credit_and_financial_services__access_to_credit,black_people__credit_and_financial_services__access_to_credit,Access to credit,Credit & Financial Services,Race,Race,Black people,minority,minority,v1_dallas,Dallas,,Dallas,,,English,annotations/v1_dallas/google_aio_collection/black_people/credit_and_financial_services__access_to_credit.txt,18,"Studies on automated and human mortgage systems from the Federal Reserve show that systemic variables are frequently baked into automated underwriting logic, generating lower approval rates even within race-blind systems.",show,show,,"that systemic variables are frequently baked into automated underwriting logic, generating lower approval rates even within race-blind systems",ccomp,NP Ved that S,active,False,positive,MV21-01376,matched_strict,,0.22386,,Race::Minority,Credit & Financial Services :: Access to credit,v1_dallas
v1_dallas::black_people__credit_and_financial_services__access_to_credit,black_people__credit_and_financial_services__access_to_credit,Access to credit,Credit & Financial Services,Race,Race,Black people,minority,minority,v1_dallas,Dallas,,Dallas,,,English,annotations/v1_dallas/google_aio_collection/black_people/credit_and_financial_services__access_to_credit.txt,19,"If you would like to explore this topic further, please let me know if you want to look into efforts to reform credit models (such as incorporating rent/utility data), or if you want to examine specific data on mortgage and small business loan denial rates.",know,know,,if you want to look into efforts to reform credit models (such as incorporating rent/utility data,ccomp,NP Ved that S,active,False,positive,MV21-00448,matched_strict,,1.4967998,,Race::Minority,Credit & Financial Services :: Access to credit,v1_dallas
v1_dallas::black_people__credit_and_financial_services__credit_loan_approval,black_people__credit_and_financial_services__credit_loan_approval,Credit/loan approval,Credit & Financial Services,Race,Race,Black people,minority,minority,v1_dallas,Dallas,,Dallas,,,English,annotations/v1_dallas/google_aio_collection/black_people/credit_and_financial_services__credit_loan_approval.txt,3,Traditional Financial MetricsCredit Scores: Lenders use credit scores to measure risk.,use,use,,to measure risk,xcomp,NP Ved NP to VP[+eventive],active,False,positive,MV21-01028,matched_strict,,0.5548276,,Race::Minority,Credit & Financial Services :: Credit/loan approval,v1_dallas
v1_dallas::black_people__credit_and_financial_services__credit_loan_approval,black_people__credit_and_financial_services__credit_loan_approval,Credit/loan approval,Credit & Financial Services,Race,Race,Black people,minority,minority,v1_dallas,Dallas,,Dallas,,,English,annotations/v1_dallas/google_aio_collection/black_people/credit_and_financial_services__credit_loan_approval.txt,4,Data shows that average credit scores tend to be lower in majority-Black communities due to broader economic factors.,shows,show,,that average credit scores tend to be lower in majority-Black communities due to broader economic factors,ccomp,NP Ved that S,active,False,positive,MV21-01376,matched_strict,,0.22386,,Race::Minority,Credit & Financial Services :: Credit/loan approval,v1_dallas
v1_dallas::black_people__credit_and_financial_services__credit_loan_approval,black_people__credit_and_financial_services__credit_loan_approval,Credit/loan approval,Credit & Financial Services,Race,Race,Black people,minority,minority,v1_dallas,Dallas,,Dallas,,,English,annotations/v1_dallas/google_aio_collection/black_people/credit_and_financial_services__credit_loan_approval.txt,11,Human and Institutional Bias: Field studies demonstrate that Black entrepreneurs sometimes face lower approval rates or inferior loan offers compared to white peers with identical or superior financial profiles.,demonstrate,demonstrate,,that Black entrepreneurs sometimes face lower approval rates or inferior loan offers compared to white peers with identical or superior financial profiles,ccomp,NP Ved that S,active,False,positive,MV21-02309,matched_strict,,-0.3352641,,Race::Minority,Credit & Financial Services :: Credit/loan approval,v1_dallas
v1_dallas::black_people__criminal_justice__arrest_detention_by_police,black_people__criminal_justice__arrest_detention_by_police,Arrest / detention by police,Criminal Justice,Race,Race,Black people,minority,minority,v1_dallas,Dallas,,Dallas,,,English,annotations/v1_dallas/google_aio_collection/black_people/criminal_justice__arrest_detention_by_police.txt,4,"Stop Decisions: Research highlighted by the National Conference of State Legislatures indicates that stop-and-search decisions suffer from persistent racial bias, with Black drivers pulled over at disproportionate rates compared to white drivers.",indicates,indicate,,"that stop-and-search decisions suffer from persistent racial bias, with Black drivers pulled over at disproportionate rates compared to white drivers",ccomp,NP Ved that S,active,False,positive,MV21-02711,matched_strict,,-0.5292314,,Race::Minority,Criminal Justice :: Arrest / detention by police,v1_dallas
v1_dallas::black_people__criminal_justice__arrest_detention_by_police,black_people__criminal_justice__arrest_detention_by_police,Arrest / detention by police,Criminal Justice,Race,Race,Black people,minority,minority,v1_dallas,Dallas,,Dallas,,,English,annotations/v1_dallas/google_aio_collection/black_people/criminal_justice__arrest_detention_by_police.txt,6,Surveillance and Databases: The Center for Policing Equity notes that broad reliance on tools like gang databases with vague criteria leads to the misallocation of resources and heightened targeting of minority populations.,notes,note,,that broad reliance on tools like gang databases with vague criteria leads to the misallocation of resources and heightened targeting of minority populations,ccomp,NP Ved that S,active,False,positive,MV21-01081,matched_strict,,0.49871644,,Race::Minority,Criminal Justice :: Arrest / detention by police,v1_dallas
v1_dallas::black_people__criminal_justice__arrest_detention_by_police,black_people__criminal_justice__arrest_detention_by_police,Arrest / detention by police,Criminal Justice,Race,Race,Black people,minority,minority,v1_dallas,Dallas,,Dallas,,,English,annotations/v1_dallas/google_aio_collection/black_people/criminal_justice__arrest_detention_by_police.txt,7,"Neighborhood and Environmental ContextConcentrated Poverty: Studies on neighborhood dynamics show that structural issues like urban poverty, historical housing discrimination, and neighborhood disinvestment—often correlated with segregation—increase police presence and subsequent arrest rates.",show,show,,"that structural issues like urban poverty, historical housing discrimination, and neighborhood disinvestment—often correlated with segregation—increase police presence and subsequent arrest rates",ccomp,NP Ved that S,active,False,positive,MV21-01376,matched_strict,,0.22386,,Race::Minority,Criminal Justice :: Arrest / detention by police,v1_dallas
v1_dallas::black_people__criminal_justice__arrest_detention_by_police,black_people__criminal_justice__arrest_detention_by_police,Arrest / detention by police,Criminal Justice,Race,Race,Black people,minority,minority,v1_dallas,Dallas,,Dallas,,,English,annotations/v1_dallas/google_aio_collection/black_people/criminal_justice__arrest_detention_by_police.txt,9,"If you'd like, we can explore:Specific data regarding pretrial detention and bail disparitiesThe impact of pretextual traffic stops in specific states or citiesProposed policy reforms aimed at reducing racial disparities in policingLet me know how you would like to proceed.",know,know,,how you would like to proceed,ccomp,NP Ved that S,active,False,positive,MV21-00448,matched_strict,,1.4967998,,Race::Minority,Criminal Justice :: Arrest / detention by police,v1_dallas
v1_dallas::black_people__criminal_justice__incarceration,black_people__criminal_justice__incarceration,Incarceration,Criminal Justice,Race,Race,Black people,minority,minority,v1_dallas,Dallas,,Dallas,,,English,annotations/v1_dallas/google_aio_collection/black_people/criminal_justice__incarceration.txt,7,Sentence lengths: Statistical analyses from the U.S. Sentencing Commission indicate that Black men often receive longer prison terms than white men convicted of similar offenses and with similar criminal histories.,indicate,indicate,,that Black men often receive longer prison terms than white men convicted of similar offenses and with similar criminal histories,ccomp,NP Ved that S,active,False,positive,MV21-02711,matched_strict,,-0.5292314,,Race::Minority,Criminal Justice :: Incarceration,v1_dallas
v1_dallas::black_people__criminal_justice__police_use_of_force,black_people__criminal_justice__police_use_of_force,Police use of force,Criminal Justice,Race,Race,Black people,minority,minority,v1_dallas,Dallas,,Dallas,,,English,annotations/v1_dallas/google_aio_collection/black_people/criminal_justice__police_use_of_force.txt,9,"Racial Threat Perception: Macro-level sociological studies suggest that in areas with visible racial demographics shifts or perceived conflict, enforcement strategies often shift toward heightened social control.",suggest,suggest,,"that in areas with visible racial demographics shifts or perceived conflict, enforcement strategies often shift toward heightened social control",ccomp,NP Ved that S,active,False,positive,MV21-03865,matched_strict,,-1.9342568,,Race::Minority,Criminal Justice :: Police use of force,v1_dallas
v1_dallas::black_people__education__college_access_admission,black_people__education__college_access_admission,College access/admission,Education,Race,Race,Black people,minority,minority,v1_dallas,Dallas,,Dallas,,,English,annotations/v1_dallas/google_aio_collection/black_people/education__college_access_admission.txt,11,"If you'd like, let me know if you want to explore strategies used by universities to maintain diversity post-affirmative action or the role of HBCUs in modern admissions.",know,know,,if you want to explore strategies used by universities to maintain diversity post-affirmative action or the role of HBCUs in modern admissions,ccomp,NP Ved that S,active,False,positive,MV21-00448,matched_strict,,1.4967998,,Race::Minority,Education :: College access/admission,v1_dallas
v1_dallas::black_people__education__educational_opportunity_access,black_people__education__educational_opportunity_access,Educational opportunity/access,Education,Race,Race,Black people,minority,minority,v1_dallas,Dallas,,Dallas,,,English,annotations/v1_dallas/google_aio_collection/black_people/education__educational_opportunity_access.txt,6,Childhood Opportunity Index (COI): Research via the National Institutes of Health shows that regional differences in childhood opportunity strongly correlate with reading and cognitive achievement gaps between Black and White students.,shows,show,,that regional differences in childhood opportunity strongly correlate with reading and cognitive achievement gaps between Black and White students,ccomp,NP Ved that S,active,False,positive,MV21-01376,matched_strict,,0.22386,,Race::Minority,Education :: Educational opportunity/access,v1_dallas
v1_dallas::black_people__education__educational_opportunity_access,black_people__education__educational_opportunity_access,Educational opportunity/access,Education,Race,Race,Black people,minority,minority,v1_dallas,Dallas,,Dallas,,,English,annotations/v1_dallas/google_aio_collection/black_people/education__educational_opportunity_access.txt,13,"If you'd like, I can provide more details on:Higher education access following shifts in affirmative action policiesIntervention strategies that successfully narrow achievement gapsLocal or regional data trends in TexasLet me know how you would like to proceed.",know,know,,how you would like to proceed,ccomp,NP Ved that S,active,False,positive,MV21-00448,matched_strict,,1.4967998,,Race::Minority,Education :: Educational opportunity/access,v1_dallas
v1_dallas::black_people__education__harassment_bullying,black_people__education__harassment_bullying,Harassment/bullying,Education,Race,Race,Black people,minority,minority,v1_dallas,Dallas,,Dallas,,,English,annotations/v1_dallas/google_aio_collection/black_people/education__harassment_bullying.txt,8,Unaddressed Incidents: Victims frequently report that school staff either ignore racist behavior or fail to notice subtle forms of social exclusion.,report,report,,that school staff either ignore racist behavior or fail to notice subtle forms of social exclusion,ccomp,NP Ved that S,active,False,positive,MV21-02250,matched_strict,,-0.30240816,,Race::Minority,Education :: Harassment/bullying,v1_dallas
v1_dallas::black_people__education__harassment_bullying,black_people__education__harassment_bullying,Harassment/bullying,Education,Race,Race,Black people,minority,minority,v1_dallas,Dallas,,Dallas,,,English,annotations/v1_dallas/google_aio_collection/black_people/education__harassment_bullying.txt,11,"Adultification Bias: Research shows that Black girls are often viewed as older or less innocent than their peers, leading to harsher adult responses and vulnerability to hostile classroom environments.",shows,show,,"that Black girls are often viewed as older or less innocent than their peers, leading to harsher adult responses and vulnerability to hostile classroom environments",ccomp,NP Ved that S,active,False,positive,MV21-01376,matched_strict,,0.22386,,Race::Minority,Education :: Harassment/bullying,v1_dallas
v1_dallas::black_people__education__harassment_bullying,black_people__education__harassment_bullying,Harassment/bullying,Education,Race,Race,Black people,minority,minority,v1_dallas,Dallas,,Dallas,,,English,annotations/v1_dallas/google_aio_collection/black_people/education__harassment_bullying.txt,12,"If you'd like, I can provide:Prevention strategies for schools and educatorsCoping resources for students and familiesMore details on cyberbullying patternsLet me know how you want to proceed.",know,know,,how you want to proceed,ccomp,NP Ved that S,active,False,positive,MV21-00448,matched_strict,,1.4967998,,Race::Minority,Education :: Harassment/bullying,v1_dallas
v1_dallas::black_people__employment__career_advancement,black_people__employment__career_advancement,Career advancement,Employment,Race,Race,Black people,minority,minority,v1_dallas,Dallas,,Dallas,,,English,annotations/v1_dallas/google_aio_collection/black_people/employment__career_advancement.txt,2,"Access to Mentorship and SponsorshipSocial Capital Gaps: Research highlighted by Jobs for the Future (JFF) shows that Black workers, particularly Black women, are less likely to secure workplace mentors or sponsors who guide career navigation and advocate for promotions.",shows,show,,"that Black workers, particularly Black women, are less likely to secure workplace mentors or sponsors who guide career navigation and advocate for promotions",ccomp,NP Ved that S,active,False,positive,MV21-01376,matched_strict,,0.22386,,Race::Minority,Employment :: Career advancement,v1_dallas
v1_dallas::black_people__employment__career_advancement,black_people__employment__career_advancement,Career advancement,Employment,Race,Race,Black people,minority,minority,v1_dallas,Dallas,,Dallas,,,English,annotations/v1_dallas/google_aio_collection/black_people/employment__career_advancement.txt,4,Developmental Assignments and Performance EvaluationLack of Transparent Tracking: Studies from the Equal Employment Opportunity Commission (EEOC) indicate that Black employees are less often offered acting supervisory roles or high-level developmental assignments.,indicate,indicate,,that Black employees are less often offered acting supervisory roles or high-level developmental assignments,ccomp,NP Ved that S,active,False,positive,MV21-02711,matched_strict,,-0.5292314,,Race::Minority,Employment :: Career advancement,v1_dallas
v1_dallas::black_people__employment__hiring,black_people__employment__hiring,Hiring,Employment,Race,Race,Black people,minority,minority,v1_dallas,Dallas,,Dallas,,,English,annotations/v1_dallas/google_aio_collection/black_people/employment__hiring.txt,3,Audit studies consistently show that job applicants with African-American-sounding names receive fewer callbacks than equally or less-qualified applicants with white-sounding names.,show,show,,that job applicants with African-American-sounding names receive fewer callbacks than equally or less-qualified applicants with white-sounding names,ccomp,NP Ved that S,active,False,positive,MV21-01376,matched_strict,,0.22386,,Race::Minority,Employment :: Hiring,v1_dallas
v1_dallas::black_people__employment__hiring,black_people__employment__hiring,Hiring,Employment,Race,Race,Black people,minority,minority,v1_dallas,Dallas,,Dallas,,,English,annotations/v1_dallas/google_aio_collection/black_people/employment__hiring.txt,6,Criminal Record Stigma: Research demonstrates that Black applicants without a criminal record often receive callbacks at rates comparable to or lower than white applicants with a felony conviction.,demonstrates,demonstrate,,that Black applicants without a criminal record often receive callbacks at rates comparable to or lower than white applicants with a felony conviction,ccomp,NP Ved that S,active,False,positive,MV21-02309,matched_strict,,-0.3352641,,Race::Minority,Employment :: Hiring,v1_dallas
v1_dallas::black_people__employment__hiring,black_people__employment__hiring,Hiring,Employment,Race,Race,Black people,minority,minority,v1_dallas,Dallas,,Dallas,,,English,annotations/v1_dallas/google_aio_collection/black_people/employment__hiring.txt,10,"The ""Education Gap"": Studies show that even among college graduates, Black workers experience higher unemployment rates than their white counterparts.",show,show,,"that even among college graduates, Black workers experience higher unemployment rates than their white counterparts",ccomp,NP Ved that S,active,False,positive,MV21-01376,matched_strict,,0.22386,,Race::Minority,Employment :: Hiring,v1_dallas
v1_dallas::black_people__employment__hiring,black_people__employment__hiring,Hiring,Employment,Race,Race,Black people,minority,minority,v1_dallas,Dallas,,Dallas,,,English,annotations/v1_dallas/google_aio_collection/black_people/employment__hiring.txt,14,"If you'd like, I can provide more details on:Regional differences in Black employment ratesThe impact of DEI policies on modern corporate hiringPublic versus private sector representation dataLet me know how you would like to proceed.",know,know,,how you would like to proceed,ccomp,NP Ved that S,active,False,positive,MV21-00448,matched_strict,,1.4967998,,Race::Minority,Employment :: Hiring,v1_dallas
v1_dallas::black_people__employment__workplace_harassment,black_people__employment__workplace_harassment,Workplace harassment,Employment,Race,Race,Black people,minority,minority,v1_dallas,Dallas,,Dallas,,,English,annotations/v1_dallas/google_aio_collection/black_people/employment__workplace_harassment.txt,10,"Conduct Severity and Pervasiveness: Under legal frameworks like EEOC Guidance, the frequency, physical threat, humiliation level, and degree of interference with an employee's work performance determine whether conduct legally constitutes actionable racial harassment.",determine,determine,,whether conduct legally constitutes actionable racial harassment,ccomp,NP Ved that S,active,False,positive,MV21-01912,matched_strict,,-0.12988712,,Race::Minority,Employment :: Workplace harassment,v1_dallas
v1_dallas::black_people__government_benefits__access_to_government_benefits,black_people__government_benefits__access_to_government_benefits,Access to government benefits,Government Benefits,Race,Race,Black people,minority,minority,v1_dallas,Dallas,,Dallas,,,English,annotations/v1_dallas/google_aio_collection/black_people/government_benefits__access_to_government_benefits.txt,7,Racial Perceptions: Studies on public assistance indicate that higher levels of racial resentment among policymakers or administrators can lead to stricter administrative rules and harsher enforcement mechanisms.,indicate,indicate,,that higher levels of racial resentment among policymakers or administrators can lead to stricter administrative rules and harsher enforcement mechanisms,ccomp,NP Ved that S,active,False,positive,MV21-02711,matched_strict,,-0.5292314,,Race::Minority,Government Benefits :: Access to government benefits,v1_dallas
v1_dallas::black_people__government_benefits__access_to_government_benefits,black_people__government_benefits__access_to_government_benefits,Access to government benefits,Government Benefits,Race,Race,Black people,minority,minority,v1_dallas,Dallas,,Dallas,,,English,annotations/v1_dallas/google_aio_collection/black_people/government_benefits__access_to_government_benefits.txt,8,"Socioeconomic and Structural FactorsUnderlying Risk Factors: Research published by the National Academies of Sciences, Engineering, and Medicine notes that variations in welfare receipt are largely driven by measurable risk factors, including lower baseline earnings, wealth gaps, and disparities in education.",notes,note,,"that variations in welfare receipt are largely driven by measurable risk factors, including lower baseline earnings, wealth gaps, and disparities in education",ccomp,NP Ved that S,active,False,positive,MV21-01081,matched_strict,,0.49871644,,Race::Minority,Government Benefits :: Access to government benefits,v1_dallas
v1_dallas::black_people__government_benefits__application_approval,black_people__government_benefits__application_approval,Application/approval,Government Benefits,Race,Race,Black people,minority,minority,v1_dallas,Dallas,,Dallas,,,English,annotations/v1_dallas/google_aio_collection/black_people/government_benefits__application_approval.txt,2,"Research from institutions like the National Academies of Sciences and the Center on Budget and Policy Priorities (CBPP) shows that gaps in receipt and approval are driven by several key elements:Socio-Economic and Financial FactorsPre-unemployment earnings: Lower average prior earnings mean some Black applicants fail to meet the minimum ""base period"" earnings required for programs like Unemployment Insurance (UI).Family structure and marital status: Disparities in marriage rates impact eligibility for specific derivative benefits, such as Social Security spousal or survivor payouts.",shows,show,,that gaps in receipt and approval are driven by several key elements:Socio-Economic and Financial FactorsPre-unemployment earnings,ccomp,NP Ved that S,active,False,positive,MV21-01376,matched_strict,,0.22386,,Race::Minority,Government Benefits :: Application/approval,v1_dallas
v1_dallas::black_people__government_benefits__benefit_retention_renewal,black_people__government_benefits__benefit_retention_renewal,Benefit retention / renewal,Government Benefits,Race,Race,Black people,minority,minority,v1_dallas,Dallas,,Dallas,,,English,annotations/v1_dallas/google_aio_collection/black_people/government_benefits__benefit_retention_renewal.txt,4,Research shows that Black and Hispanic adults are twice as likely as white adults to lose Medicaid coverage purely due to an inability to successfully complete renewal processes.,shows,show,,that Black and Hispanic adults are twice as likely as white adults to lose Medicaid coverage purely due to an inability to successfully complete renewal processes,ccomp,NP Ved that S,active,False,positive,MV21-01376,matched_strict,,0.22386,,Race::Minority,Government Benefits :: Benefit retention / renewal,v1_dallas
v1_dallas::black_people__government_benefits__benefit_retention_renewal,black_people__government_benefits__benefit_retention_renewal,Benefit retention / renewal,Government Benefits,Race,Race,Black people,minority,minority,v1_dallas,Dallas,,Dallas,,,English,annotations/v1_dallas/google_aio_collection/black_people/government_benefits__benefit_retention_renewal.txt,6,"For example, data shows they are more likely to be asked to verify their residency or provide additional documentation compared to white enrollees.",shows,show,,they are more likely to be asked to verify their residency or provide additional documentation compared to white enrollees,ccomp,NP Ved that S,active,False,positive,MV21-01376,matched_strict,,0.22386,,Race::Minority,Government Benefits :: Benefit retention / renewal,v1_dallas
v1_dallas::black_people__government_benefits__benefit_retention_renewal,black_people__government_benefits__benefit_retention_renewal,Benefit retention / renewal,Government Benefits,Race,Race,Black people,minority,minority,v1_dallas,Dallas,,Dallas,,,English,annotations/v1_dallas/google_aio_collection/black_people/government_benefits__benefit_retention_renewal.txt,6,"For example, data shows they are more likely to be asked to verify their residency or provide additional documentation compared to white enrollees.",asked,ask,,to verify their residency or provide additional documentation compared to white enrollees,xcomp,NP was Ved to VP[+eventive],passive,False,positive,MV21-03747,matched_strict,,-1.4978678,,Race::Minority,Government Benefits :: Benefit retention / renewal,v1_dallas
v1_dallas::black_people__government_benefits__benefit_retention_renewal,black_people__government_benefits__benefit_retention_renewal,Benefit retention / renewal,Government Benefits,Race,Race,Black people,minority,minority,v1_dallas,Dallas,,Dallas,,,English,annotations/v1_dallas/google_aio_collection/black_people/government_benefits__benefit_retention_renewal.txt,10,"Impact Exaggeration: Studies on SNAP implementation revealed that work mandates were three times as likely to cause Black participants to lose nutrition assistance than white participants, largely because of uneven regional job opportunities.3.",revealed,reveal,,"that work mandates were three times as likely to cause Black participants to lose nutrition assistance than white participants, largely because of uneven regional job opportunities.3",ccomp,NP Ved that S,active,False,positive,MV21-00802,matched_strict,,0.82202023,,Race::Minority,Government Benefits :: Benefit retention / renewal,v1_dallas
v1_dallas::black_people__government_benefits__benefit_retention_renewal,black_people__government_benefits__benefit_retention_renewal,Benefit retention / renewal,Government Benefits,Race,Race,Black people,minority,minority,v1_dallas,Dallas,,Dallas,,,English,annotations/v1_dallas/google_aio_collection/black_people/government_benefits__benefit_retention_renewal.txt,12,Racial Bias: Studies investigating the lived experience of administrative burdens show that Black adults report significantly higher rates of being treated or judged unfairly because of their race or ethnicity during interactions with agency staff.,show,show,,that Black adults report significantly higher rates of being treated or judged unfairly because of their race or ethnicity during interactions with agency staff,ccomp,NP Ved that S,active,False,positive,MV21-01376,matched_strict,,0.22386,,Race::Minority,Government Benefits :: Benefit retention / renewal,v1_dallas
v1_dallas::black_people__government_benefits__benefit_retention_renewal,black_people__government_benefits__benefit_retention_renewal,Benefit retention / renewal,Government Benefits,Race,Race,Black people,minority,minority,v1_dallas,Dallas,,Dallas,,,English,annotations/v1_dallas/google_aio_collection/black_people/government_benefits__benefit_retention_renewal.txt,18,Ex Parte (Passive) Renewals: When states utilize automated ex parte renewals—using existing tax and wage database systems to verify eligibility without requiring the participant to do anything—disparities drop significantly.,using,use,,to verify eligibility without requiring the participant to do anything,xcomp,NP Ved NP to VP[+eventive],active,False,positive,MV21-01028,matched_strict,,0.5548276,,Race::Minority,Government Benefits :: Benefit retention / renewal,v1_dallas
v1_dallas::black_people__government_benefits__benefit_retention_renewal,black_people__government_benefits__benefit_retention_renewal,Benefit retention / renewal,Government Benefits,Race,Race,Black people,minority,minority,v1_dallas,Dallas,,Dallas,,,English,annotations/v1_dallas/google_aio_collection/black_people/government_benefits__benefit_retention_renewal.txt,18,Ex Parte (Passive) Renewals: When states utilize automated ex parte renewals—using existing tax and wage database systems to verify eligibility without requiring the participant to do anything—disparities drop significantly.,requiring,require,,to do anything,xcomp,NP Ved NP to VP[+eventive],active,False,positive,MV21-01419,matched_strict,,0.18342596,,Race::Minority,Government Benefits :: Benefit retention / renewal,v1_dallas
v1_dallas::black_people__healthcare__insurance_coverage,black_people__healthcare__insurance_coverage,Insurance coverage,Healthcare,Race,Race,Black people,minority,minority,v1_dallas,Dallas,,Dallas,,,English,annotations/v1_dallas/google_aio_collection/black_people/healthcare__insurance_coverage.txt,2,"Geographic Policy and the Medicaid GapNon-expansion states: A disproportionate share of the U.S. Black population (about 37%) lives in Southern states that have chosen not to expand Medicaid under the Affordable Care Act (ACA).The coverage gap: Because of this, uninsured Black individuals are more likely to fall into a ""coverage gap""—meaning their incomes are too high for traditional Medicaid in their state, but too low to qualify for Marketplace premium tax credits.",chosen,choose,,not to expand Medicaid under the Affordable Care Act (ACA).The coverage gap,xcomp,NP Ved to VP[+eventive],active,False,positive,MV21-00741,matched_strict,,0.92311674,,Race::Minority,Healthcare :: Insurance coverage,v1_dallas
v1_dallas::black_people__healthcare__insurance_coverage,black_people__healthcare__insurance_coverage,Insurance coverage,Healthcare,Race,Race,Black people,minority,minority,v1_dallas,Dallas,,Dallas,,,English,annotations/v1_dallas/google_aio_collection/black_people/healthcare__insurance_coverage.txt,4,"Employer-sponsored coverage: Research cited by the American Bar Association indicates that Black Americans are about 10% less likely to hold employer-sponsored health coverage than white counterparts, even when working for large firms, due to occupational segregation and differences in job stability.",indicates,indicate,,"that Black Americans are about 10% less likely to hold employer-sponsored health coverage than white counterparts, even when working for large firms, due to occupational segregation and differences in job stability",ccomp,NP Ved that S,active,False,positive,MV21-02711,matched_strict,,-0.5292314,,Race::Minority,Healthcare :: Insurance coverage,v1_dallas
v1_dallas::black_people__healthcare__insurance_coverage,black_people__healthcare__insurance_coverage,Insurance coverage,Healthcare,Race,Race,Black people,minority,minority,v1_dallas,Dallas,,Dallas,,,English,annotations/v1_dallas/google_aio_collection/black_people/healthcare__insurance_coverage.txt,7,"If you'd like, I can provide more details on:Medicaid expansion state comparisonsSpecific health outcomes tied to these coverage gapsLet me know how you would like to proceed.",know,know,,how you would like to proceed,ccomp,NP Ved that S,active,False,positive,MV21-00448,matched_strict,,1.4967998,,Race::Minority,Healthcare :: Insurance coverage,v1_dallas
v1_dallas::black_people__healthcare__patient_safety,black_people__healthcare__patient_safety,Patient safety,Healthcare,Race,Race,Black people,minority,minority,v1_dallas,Dallas,,Dallas,,,English,annotations/v1_dallas/google_aio_collection/black_people/healthcare__patient_safety.txt,8,"Patient and Community FactorsMedical Mistrust: Past and present mistreatment fosters valid medical mistrust, which can lead patients to delay seeking care, avoid speaking up about safety events, or feel the need to prepare for unfair treatment.",lead,lead,,to delay seeking care,xcomp,NP Ved NP to VP[+eventive],active,False,positive,MV21-00680,matched_strict,,0.99594826,,Race::Minority,Healthcare :: Patient safety,v1_dallas
v1_dallas::black_people__healthcare__preventive_care,black_people__healthcare__preventive_care,Preventive care,Healthcare,Race,Race,Black people,minority,minority,v1_dallas,Dallas,,Dallas,,,English,annotations/v1_dallas/google_aio_collection/black_people/healthcare__preventive_care.txt,7,"Provider diversity: Research highlighted by the Kaiser Family Foundation (KFF) indicates that racial concordance—having providers who share a patient's racial or ethnic background—improves patient trust, communication, and adherence to preventive recommendations.",indicates,indicate,,"that racial concordance—having providers who share a patient's racial or ethnic background—improves patient trust, communication, and adherence to preventive recommendations",ccomp,NP Ved that S,active,False,positive,MV21-02711,matched_strict,,-0.5292314,,Race::Minority,Healthcare :: Preventive care,v1_dallas
v1_dallas::black_people__housing__access_to_housing,black_people__housing__access_to_housing,Access to housing,Housing,Race,Race,Black people,minority,minority,v1_dallas,Dallas,,Dallas,,,English,annotations/v1_dallas/google_aio_collection/black_people/housing__access_to_housing.txt,2,Historical and Systemic PoliciesRedlining: The U.S. Department of the Treasury notes that historic practices like redlining—where federal agencies and lenders marked Black neighborhoods as risky—denied capital and investment to these communities.,notes,note,,that historic practices like redlining—where federal agencies and lenders marked Black neighborhoods as risky—denied capital and investment to these communities,ccomp,NP Ved that S,active,False,positive,MV21-01081,matched_strict,,0.49871644,,Race::Minority,Housing :: Access to housing,v1_dallas
v1_dallas::black_people__housing__access_to_housing,black_people__housing__access_to_housing,Access to housing,Housing,Race,Race,Black people,minority,minority,v1_dallas,Dallas,,Dallas,,,English,annotations/v1_dallas/google_aio_collection/black_people/housing__access_to_housing.txt,7,"Credit and Lending Disparities: Studies from organizations like the Urban Institute show Black applicants face higher rates of mortgage rejections, higher offered rates, and higher frequencies of ""thin"" or lower credit files.",show,show,,"Black applicants face higher rates of mortgage rejections, higher offered rates, and higher frequencies of ""thin"" or lower credit files",ccomp,NP Ved that S,active,False,positive,MV21-01376,matched_strict,,0.22386,,Race::Minority,Housing :: Access to housing,v1_dallas
v1_dallas::black_people__housing__access_to_housing,black_people__housing__access_to_housing,Access to housing,Housing,Race,Race,Black people,minority,minority,v1_dallas,Dallas,,Dallas,,,English,annotations/v1_dallas/google_aio_collection/black_people/housing__access_to_housing.txt,10,"If you'd like, we can explore:Specific local housing initiatives or tenant rights in your areaPolicy solutions aimed at closing the homeownership gapResources for reporting housing discriminationLet me know how you would like to proceed.",know,know,,how you would like to proceed,ccomp,NP Ved that S,active,False,positive,MV21-00448,matched_strict,,1.4967998,,Race::Minority,Housing :: Access to housing,v1_dallas
v1_dallas::black_people__housing__homelessness,black_people__housing__homelessness,Homelessness,Housing,Race,Race,Black people,minority,minority,v1_dallas,Dallas,,Dallas,,,English,annotations/v1_dallas/google_aio_collection/black_people/housing__homelessness.txt,4,"Research indicates white families possess significantly more median wealth than Black families, leaving Black households with fewer financial buffers during emergencies.",indicates,indicate,,"white families possess significantly more median wealth than Black families, leaving Black households with fewer financial buffers during emergencies",ccomp,NP Ved that S,active,False,positive,MV21-02711,matched_strict,,-0.5292314,,Race::Minority,Housing :: Homelessness,v1_dallas
v1_dallas::black_people__housing__homelessness,black_people__housing__homelessness,Homelessness,Housing,Race,Race,Black people,minority,minority,v1_dallas,Dallas,,Dallas,,,English,annotations/v1_dallas/google_aio_collection/black_people/housing__homelessness.txt,5,"Housing Market Bias: Studies from the U.S. Department of Housing and Urban Development (HUD) show that Black renters face discrimination, such as being shown fewer units, quoted higher prices, and experiencing higher lease denial rates.",show,show,,"that Black renters face discrimination, such as being shown fewer units,",ccomp,NP Ved that S,active,False,positive,MV21-01376,matched_strict,,0.22386,,Race::Minority,Housing :: Homelessness,v1_dallas
v1_dallas::cisgender_people__credit_and_financial_services__access_to_banking_services,cisgender_people__credit_and_financial_services__access_to_banking_services,Access to banking services,Credit & Financial Services,Gender Identity,Gender Identity,cisgender people,majority,majority,v1_dallas,Dallas,,Dallas,,,English,annotations/v1_dallas/google_aio_collection/cisgender_people/credit_and_financial_services__access_to_banking_services.txt,11,"If you'd like, let me know if you want to focus on a specific geographic region or type of financial service (such as mortgages versus small business loans)",know,know,,if you want to focus on a specific geographic region or type of financial service (such as mortgages versus small business loans,ccomp,NP Ved that S,active,False,positive,MV21-00448,matched_strict,,1.4967998,,Gender Identity::Majority,Credit & Financial Services :: Access to banking services,v1_dallas
v1_dallas::cisgender_people__credit_and_financial_services__access_to_credit,cisgender_people__credit_and_financial_services__access_to_credit,Access to credit,Credit & Financial Services,Gender Identity,Gender Identity,cisgender people,majority,majority,v1_dallas,Dallas,,Dallas,,,English,annotations/v1_dallas/google_aio_collection/cisgender_people/credit_and_financial_services__access_to_credit.txt,6,Amounts (Intensive Margin): Research shows that women-managed firms often receive smaller loan amounts compared to male-managed firms with identical performance profiles.,shows,show,,that women-managed firms often receive smaller loan amounts compared to male-managed firms with identical performance profiles,ccomp,NP Ved that S,active,False,positive,MV21-01376,matched_strict,,0.22386,,Gender Identity::Majority,Credit & Financial Services :: Access to credit,v1_dallas
v1_dallas::cisgender_people__credit_and_financial_services__access_to_credit,cisgender_people__credit_and_financial_services__access_to_credit,Access to credit,Credit & Financial Services,Gender Identity,Gender Identity,cisgender people,majority,majority,v1_dallas,Dallas,,Dallas,,,English,annotations/v1_dallas/google_aio_collection/cisgender_people/credit_and_financial_services__access_to_credit.txt,10,"If you would like to narrow this down, let me know if you want to explore:The role of geographic and legal differences in credit accessDifferences between personal credit versus business loans",know,know,,if you want to explore,ccomp,NP Ved that S,active,False,positive,MV21-00448,matched_strict,,1.4967998,,Gender Identity::Majority,Credit & Financial Services :: Access to credit,v1_dallas
v1_dallas::cisgender_people__criminal_justice__incarceration,cisgender_people__criminal_justice__incarceration,Incarceration,Criminal Justice,Gender Identity,Gender Identity,cisgender people,majority,majority,v1_dallas,Dallas,,Dallas,,,English,annotations/v1_dallas/google_aio_collection/cisgender_people/criminal_justice__incarceration.txt,6,Studies show that minority cisgender individuals—particularly Black and Hispanic populations—face disproportionate rates of arrest and incarceration compared to their white peers.,show,show,,that minority cisgender individuals—particularly Black and Hispanic populations—face disproportionate rates of arrest and incarceration compared to their white peers,ccomp,NP Ved that S,active,False,positive,MV21-01376,matched_strict,,0.22386,,Gender Identity::Majority,Criminal Justice :: Incarceration,v1_dallas
v1_dallas::cisgender_people__criminal_justice__incarceration,cisgender_people__criminal_justice__incarceration,Incarceration,Criminal Justice,Gender Identity,Gender Identity,cisgender people,majority,majority,v1_dallas,Dallas,,Dallas,,,English,annotations/v1_dallas/google_aio_collection/cisgender_people/criminal_justice__incarceration.txt,10,"If you would like, let me know if you want to focus on:Cisgender men versus cisgender women specificallyThe role of sentencing guidelinesGeographic or state-level disparitiesI can provide more targeted details.",know,know,,if you want to focus on,ccomp,NP Ved that S,active,False,positive,MV21-00448,matched_strict,,1.4967998,,Gender Identity::Majority,Criminal Justice :: Incarceration,v1_dallas
v1_dallas::cisgender_people__criminal_justice__police_use_of_force,cisgender_people__criminal_justice__police_use_of_force,Police use of force,Criminal Justice,Gender Identity,Gender Identity,cisgender people,majority,majority,v1_dallas,Dallas,,Dallas,,,English,annotations/v1_dallas/google_aio_collection/cisgender_people/criminal_justice__police_use_of_force.txt,2,"Subject Demographics and BehaviorSubject Gender: Studies (such as research on focal concerns in policing) indicate that officers generally use higher levels of force and escalate force more quickly against male subjects than female subjects, often due to societal associations between masculinity and threat perception.",indicate,indicate,,"that officers generally use higher levels of force and escalate force more quickly against male subjects than female subjects, often due to societal associations between masculinity and threat perception",ccomp,NP Ved that S,active,False,positive,MV21-02711,matched_strict,,-0.5292314,,Gender Identity::Majority,Criminal Justice :: Police use of force,v1_dallas
v1_dallas::cisgender_people__criminal_justice__police_use_of_force,cisgender_people__criminal_justice__police_use_of_force,Police use of force,Criminal Justice,Gender Identity,Gender Identity,cisgender people,majority,majority,v1_dallas,Dallas,,Dallas,,,English,annotations/v1_dallas/google_aio_collection/cisgender_people/criminal_justice__police_use_of_force.txt,3,"Race and Ethnicity: Racial disparities heavily interact with gender; research shows heightened levels of force during encounters involving racial and gender incongruence between officers and civilians, particularly White officers interacting with Black individuals.",shows,show,,Race and Ethnicity: Racial disparities heavily interact with gender,ccomp,NP Ved that S,active,False,positive,MV21-01376,matched_strict,,0.22386,,Gender Identity::Majority,Criminal Justice :: Police use of force,v1_dallas
v1_dallas::cisgender_people__criminal_justice__police_use_of_force,cisgender_people__criminal_justice__police_use_of_force,Police use of force,Criminal Justice,Gender Identity,Gender Identity,cisgender people,majority,majority,v1_dallas,Dallas,,Dallas,,,English,annotations/v1_dallas/google_aio_collection/cisgender_people/criminal_justice__police_use_of_force.txt,7,"Officer Characteristics and TrainingOfficer Experience and Education: Studies show that less experienced or less educated male officers exhibit a higher statistical likelihood of utilizing physical force, whereas officer characteristics have varying significance among female officers.",show,show,,"that less experienced or less educated male officers exhibit a higher statistical likelihood of utilizing physical force, whereas officer characteristics have varying significance among female officers",ccomp,NP Ved that S,active,False,positive,MV21-01376,matched_strict,,0.22386,,Gender Identity::Majority,Criminal Justice :: Police use of force,v1_dallas
v1_dallas::cisgender_people__criminal_justice__police_use_of_force,cisgender_people__criminal_justice__police_use_of_force,Police use of force,Criminal Justice,Gender Identity,Gender Identity,cisgender people,majority,majority,v1_dallas,Dallas,,Dallas,,,English,annotations/v1_dallas/google_aio_collection/cisgender_people/criminal_justice__police_use_of_force.txt,9,"If you'd like to explore further, let me know if you are looking into:Specific statistical data regarding male vs. female suspectsThe impact of officer-civilian demographic matchingDetails on the use-of-force continuumNational Institutes of Health (NIH)",know,know,,if you are looking into:Specific statistical data regarding male vs. female suspectsThe impact of officer-civilian demographic matchingDetails on the use-of-force continuumNational Institutes of Health (NIH),ccomp,NP Ved that S,active,False,positive,MV21-00448,matched_strict,,1.4967998,,Gender Identity::Majority,Criminal Justice :: Police use of force,v1_dallas
v1_dallas::cisgender_people__criminal_justice__police_use_of_force,cisgender_people__criminal_justice__police_use_of_force,Police use of force,Criminal Justice,Gender Identity,Gender Identity,cisgender people,majority,majority,v1_dallas,Dallas,,Dallas,,,English,annotations/v1_dallas/google_aio_collection/cisgender_people/criminal_justice__police_use_of_force.txt,14,| (.gov)“An ethnographic exploration of factors that drive policing of street-based female sex workers in a U.S. setting - identifying opportunities for intervention” - PMCThis study uses ethnographic methods to explore the factors that influence police attitudes and practices towards street-based cis...,uses,use,,to explore the factors that influence police attitudes and practices towards street-based cis,xcomp,NP Ved NP to VP[+eventive],active,False,positive,MV21-01028,matched_strict,,0.5548276,,Gender Identity::Majority,Criminal Justice :: Police use of force,v1_dallas
v1_dallas::cisgender_people__education__college_access_admission,cisgender_people__education__college_access_admission,College access/admission,Education,Gender Identity,Gender Identity,cisgender people,majority,majority,v1_dallas,Dallas,,Dallas,,,English,annotations/v1_dallas/google_aio_collection/cisgender_people/education__college_access_admission.txt,4,Higher grades show you can handle college work.,show,show,,you can handle college work,ccomp,NP Ved that S,active,False,positive,MV21-01376,matched_strict,,0.22386,,Gender Identity::Majority,Education :: College access/admission,v1_dallas
v1_dallas::cisgender_people__education__college_access_admission,cisgender_people__education__college_access_admission,College access/admission,Education,Gender Identity,Gender Identity,cisgender people,majority,majority,v1_dallas,Dallas,,Dallas,,,English,annotations/v1_dallas/google_aio_collection/cisgender_people/education__college_access_admission.txt,17,Race and Geography: Schools often look for diverse student bodies from different racial backgrounds and geographic regions to build a well-rounded campus.,look,look,,to build a well-rounded campus,advcl,NP Ved to VP[+eventive],active,False,positive,MV21-01914,matched_strict,,-0.1319544,,Gender Identity::Majority,Education :: College access/admission,v1_dallas
v1_dallas::cisgender_people__education__educational_opportunity_access,cisgender_people__education__educational_opportunity_access,Educational opportunity/access,Education,Gender Identity,Gender Identity,cisgender people,majority,majority,v1_dallas,Dallas,,Dallas,,,English,annotations/v1_dallas/google_aio_collection/cisgender_people/education__educational_opportunity_access.txt,3,"Traditional Gender Stereotypes and Major SelectionSocial norms and systemic biases influence what cisgender men and women choose to study, frequently tracking them into gender-segregated career paths:Cisgender Women: Often face unconscious gender bias in STEM fields (Science, Technology, Engineering, and Math).",choose,choose,,what cisgender men and women choose to study,xcomp,NP Ved to VP[+eventive],active,False,positive,MV21-00741,matched_strict,,0.92311674,,Gender Identity::Majority,Education :: Educational opportunity/access,v1_dallas
v1_dallas::cisgender_people__education__educational_opportunity_access,cisgender_people__education__educational_opportunity_access,Educational opportunity/access,Education,Gender Identity,Gender Identity,cisgender people,majority,majority,v1_dallas,Dallas,,Dallas,,,English,annotations/v1_dallas/google_aio_collection/cisgender_people/education__educational_opportunity_access.txt,6,"Socioeconomic Status and Family EnvironmentFamily background remains one of the strongest predictors of educational attainment for cisgender students:Financial Resources: Generational wealth, family income, and parental education levels directly determine access to well-funded schools, private tutoring, test prep, and higher education without high student loan burdens.",determine,determine,,Socioeconomic Status and Family EnvironmentFamily background remains one of the strongest predictors of educational attainment for cisgender students:,ccomp,NP Ved that S,active,False,positive,MV21-01912,matched_strict,,-0.12988712,,Gender Identity::Majority,Education :: Educational opportunity/access,v1_dallas
v1_dallas::cisgender_people__education__educational_opportunity_access,cisgender_people__education__educational_opportunity_access,Educational opportunity/access,Education,Gender Identity,Gender Identity,cisgender people,majority,majority,v1_dallas,Dallas,,Dallas,,,English,annotations/v1_dallas/google_aio_collection/cisgender_people/education__educational_opportunity_access.txt,10,"Classroom Dynamics and Behavioral ExpectationsBehavioral socialization differs significantly along binary lines, altering how cisgender students interact with educators:Teachers are statistically documented to discipline boys more frequently and severely.",documented,document,,to discipline boys more frequently and severely,xcomp,NP was Ved to VP[-eventive],passive,False,positive,MV21-00712,matched_strict,,0.94652855,,Gender Identity::Majority,Education :: Educational opportunity/access,v1_dallas
v1_dallas::cisgender_people__education__harassment_bullying,cisgender_people__education__harassment_bullying,Harassment/bullying,Education,Gender Identity,Gender Identity,cisgender people,majority,majority,v1_dallas,Dallas,,Dallas,,,English,annotations/v1_dallas/google_aio_collection/cisgender_people/education__harassment_bullying.txt,9,"Intersectional DemographicsThe risk and severity of bullying change when gender identity intersects with other demographic factors:Race and Ethnicity: Cisgender students of color face different baseline risks; certain surveys indicate varying reporting rates of school bullying across white, multiracial, Indigenous, Black, and Hispanic student populations.",indicate,indicate,,Intersectional DemographicsThe risk and severity of bullying change when gender identity intersects with other demographic factors:Race and Ethnicity: Cisgender students of color face different baseline risks,ccomp,NP Ved that S,active,False,positive,MV21-02711,matched_strict,,-0.5292314,,Gender Identity::Majority,Education :: Harassment/bullying,v1_dallas
v1_dallas::cisgender_people__education__harassment_bullying,cisgender_people__education__harassment_bullying,Harassment/bullying,Education,Gender Identity,Gender Identity,cisgender people,majority,majority,v1_dallas,Dallas,,Dallas,,,English,annotations/v1_dallas/google_aio_collection/cisgender_people/education__harassment_bullying.txt,13,"When cisgender students believe reporting does nothing, underreporting increases, allowing hostile behavior to persist.",believe,believe,,"reporting does nothing, underreporting increases, allowing hostile behavior to persist",ccomp,NP Ved that S,active,False,positive,MV21-03614,matched_strict,,-1.1882768,,Gender Identity::Majority,Education :: Harassment/bullying,v1_dallas
v1_dallas::cisgender_people__employment__career_advancement,cisgender_people__employment__career_advancement,Career advancement,Employment,Gender Identity,Gender Identity,cisgender people,majority,majority,v1_dallas,Dallas,,Dallas,,,English,annotations/v1_dallas/google_aio_collection/cisgender_people/employment__career_advancement.txt,7,"Research shows that cisgender men are often promoted based on perceived potential, while cisgender women face a ""prove-it-again"" bias requiring more evidence of past performance.",shows,show,,"that cisgender men are often promoted based on perceived potential, while cisgender women face a ""prove-it-again"" bias requiring more evidence of past performance",ccomp,NP Ved that S,active,False,positive,MV21-01376,matched_strict,,0.22386,,Gender Identity::Majority,Employment :: Career advancement,v1_dallas
v1_dallas::cisgender_people__employment__hiring,cisgender_people__employment__hiring,Hiring,Employment,Gender Identity,Gender Identity,cisgender people,majority,majority,v1_dallas,Dallas,,Dallas,,,English,annotations/v1_dallas/google_aio_collection/cisgender_people/employment__hiring.txt,2,Key Factors Influencing Cisgender HiringGender and Occupational Stereotypes: Research published by the National Institutes of Health shows that applicant evaluation depends on how closely a candidate aligns with traditional gender roles and whether the job is male- or female-dominated.,shows,show,,that applicant evaluation depends on how closely a candidate aligns with traditional gender roles and whether the job is male- or female-dominated,ccomp,NP Ved that S,active,False,positive,MV21-01376,matched_strict,,0.22386,,Gender Identity::Majority,Employment :: Hiring,v1_dallas
v1_dallas::cisgender_people__employment__hiring,cisgender_people__employment__hiring,Hiring,Employment,Gender Identity,Gender Identity,cisgender people,majority,majority,v1_dallas,Dallas,,Dallas,,,English,annotations/v1_dallas/google_aio_collection/cisgender_people/employment__hiring.txt,7,"Sexual Orientation Intersection: Data from the Williams Institute highlights that for cisgender LGB (lesbian, gay, or bisexual) individuals, hiring and workplace experiences are further influenced by sexual orientation, leading some candidates to navigate ""covering"" or disclosure decisions to mitigate bias.",leading,lead,,"to navigate ""covering"" or disclosure decisions to mitigate bias",advcl,NP Ved NP to VP[+eventive],active,False,positive,MV21-00680,matched_strict,,0.99594826,,Gender Identity::Majority,Employment :: Hiring,v1_dallas
v1_dallas::cisgender_people__employment__hiring,cisgender_people__employment__hiring,Hiring,Employment,Gender Identity,Gender Identity,cisgender people,majority,majority,v1_dallas,Dallas,,Dallas,,,English,annotations/v1_dallas/google_aio_collection/cisgender_people/employment__hiring.txt,8,"Family and Parental Status: Studies on demographic intersections indicate that parental status can impact hiring and promotion ratings, with cisgender women frequently facing steeper penalties regarding perceived workplace commitment compared to men.",indicate,indicate,,"that parental status can impact hiring and promotion ratings, with cisgender women frequently facing steeper penalties regarding perceived workplace commitment compared to men",ccomp,NP Ved that S,active,False,positive,MV21-02711,matched_strict,,-0.5292314,,Gender Identity::Majority,Employment :: Hiring,v1_dallas
v1_dallas::cisgender_people__government_benefits__application_approval,cisgender_people__government_benefits__application_approval,Application/approval,Government Benefits,Gender Identity,Gender Identity,cisgender people,majority,majority,v1_dallas,Dallas,,Dallas,,,English,annotations/v1_dallas/google_aio_collection/cisgender_people/government_benefits__application_approval.txt,4,"Financial and Demographical CriteriaIncome and Asset Thresholds: Eligibility for means-tested programs like the Supplemental Nutrition Assistance Program (SNAP) or Medicaid is primarily driven by gross and net income limits relative to the Federal Poverty Level (FPL).Household Composition: Program rules dictate who must be included in an application (e.g., spouses, children).",dictate,dictate,,Financial and Demographical CriteriaIncome and Asset Thresholds: Eligibility for means-tested programs like the Supplemental Nutrition Assistance Program (SNAP) or Medicaid is primarily driven by gross and net income limits relative to the Federal Poverty Level (FPL).Household Composition,ccomp,NP Ved that S,active,False,positive,MV21-02387,matched_strict,,-0.37246418,,Gender Identity::Majority,Government Benefits :: Application/approval,v1_dallas
v1_dallas::cisgender_people__government_benefits__application_approval,cisgender_people__government_benefits__application_approval,Application/approval,Government Benefits,Gender Identity,Gender Identity,cisgender people,majority,majority,v1_dallas,Dallas,,Dallas,,,English,annotations/v1_dallas/google_aio_collection/cisgender_people/government_benefits__application_approval.txt,4,"Financial and Demographical CriteriaIncome and Asset Thresholds: Eligibility for means-tested programs like the Supplemental Nutrition Assistance Program (SNAP) or Medicaid is primarily driven by gross and net income limits relative to the Federal Poverty Level (FPL).Household Composition: Program rules dictate who must be included in an application (e.g., spouses, children).",dictate,dictate,,"who must be included in an application (e.g., spouses, children)",ccomp,NP Ved that S,active,False,positive,MV21-02387,matched_strict,,-0.37246418,,Gender Identity::Majority,Government Benefits :: Application/approval,v1_dallas
v1_dallas::cisgender_people__government_benefits__application_approval,cisgender_people__government_benefits__application_approval,Application/approval,Government Benefits,Gender Identity,Gender Identity,cisgender people,majority,majority,v1_dallas,Dallas,,Dallas,,,English,annotations/v1_dallas/google_aio_collection/cisgender_people/government_benefits__application_approval.txt,8,"General Administrative BurdensWhile cisgender individuals navigate these programs with matching legal documents, they face widespread institutional barriers referred to by researchers as administrative burdens:Learning Costs: The complexity of finding out which programs they qualify for, interpreting a patchwork of shifting local rules, and managing the ""benefits cliff"" (where a minor raise in wages causes a complete loss of benefits).Compliance Costs: The physical and time-based toll of submitting extensive documentation (e.g., pay stubs, lease agreements), attending mandatory in-person interviews, or navigating outdated digital platforms.",finding,find_out,find_out_out,"which programs they qualify for, interpreting a patchwork of shifting local rules, and managing the ""benefits cliff"" (where a minor raise in wages causes a complete loss of benefits).Compliance Costs: The physical and time-based toll of submitting extensive documentation (e.g., pay stubs, lease agreements), attending mandatory in-person interviews, or navigating outdated digital platforms",ccomp,NP Ved that S,active,False,positive,MV21-00821,matched_strict,,0.7980732,,Gender Identity::Majority,Government Benefits :: Application/approval,v1_dallas
v1_dallas::cisgender_people__government_benefits__application_approval,cisgender_people__government_benefits__application_approval,Application/approval,Government Benefits,Gender Identity,Gender Identity,cisgender people,majority,majority,v1_dallas,Dallas,,Dallas,,,English,annotations/v1_dallas/google_aio_collection/cisgender_people/government_benefits__application_approval.txt,11,"For instance, a landmark study from the Stanford Institute for Economic Policy Research (SIEPR) found that women were roughly 20% more likely to have their disability claims rejected than men with identical health conditions, indicating that the Social Security Administration has historically set a higher clinical threshold for admitting women into the program.",indicating,indicate,,that the Social Security Administration has historically set a higher clinical threshold for admitting women into the program,ccomp,NP Ved that S,active,False,positive,MV21-02711,matched_strict,,-0.5292314,,Gender Identity::Majority,Government Benefits :: Application/approval,v1_dallas
v1_dallas::cisgender_people__healthcare__insurance_coverage,cisgender_people__healthcare__insurance_coverage,Insurance coverage,Healthcare,Gender Identity,Gender Identity,cisgender people,majority,majority,v1_dallas,Dallas,,Dallas,,,English,annotations/v1_dallas/google_aio_collection/cisgender_people/healthcare__insurance_coverage.txt,7,Race and Ethnicity: Studies show that systemic health disparities and racial inequities significantly affect insurance rates and stability among different demographic subsets within the general population.,show,show,,that systemic health disparities and racial inequities significantly affect insurance rates and stability among different demographic subsets within the general population,ccomp,NP Ved that S,active,False,positive,MV21-01376,matched_strict,,0.22386,,Gender Identity::Majority,Healthcare :: Insurance coverage,v1_dallas
v1_dallas::cisgender_people__healthcare__patient_safety,cisgender_people__healthcare__patient_safety,Patient safety,Healthcare,Gender Identity,Gender Identity,cisgender people,majority,majority,v1_dallas,Dallas,,Dallas,,,English,annotations/v1_dallas/google_aio_collection/cisgender_people/healthcare__patient_safety.txt,7,"If you'd like, I can focus on:General human factors affecting all patients according to the World Health OrganizationSpecific diagnostic or communication safeguards in clinical settingsLet me know how you want to proceed.",know,know,,"If you'd like, I can focus on:",ccomp,NP Ved that S,active,False,positive,MV21-00448,matched_strict,,1.4967998,,Gender Identity::Majority,Healthcare :: Patient safety,v1_dallas
v1_dallas::cisgender_people__healthcare__patient_safety,cisgender_people__healthcare__patient_safety,Patient safety,Healthcare,Gender Identity,Gender Identity,cisgender people,majority,majority,v1_dallas,Dallas,,Dallas,,,English,annotations/v1_dallas/google_aio_collection/cisgender_people/healthcare__patient_safety.txt,7,"If you'd like, I can focus on:General human factors affecting all patients according to the World Health OrganizationSpecific diagnostic or communication safeguards in clinical settingsLet me know how you want to proceed.",know,know,,how you want to proceed,ccomp,NP Ved that S,active,False,positive,MV21-00448,matched_strict,,1.4967998,,Gender Identity::Majority,Healthcare :: Patient safety,v1_dallas
v1_dallas::cisgender_people__healthcare__preventive_care,cisgender_people__healthcare__preventive_care,Preventive care,Healthcare,Gender Identity,Gender Identity,cisgender people,majority,majority,v1_dallas,Dallas,,Dallas,,,English,annotations/v1_dallas/google_aio_collection/cisgender_people/healthcare__preventive_care.txt,11,"If you'd like to explore this further, let me know if you are interested in:Specific preventive screening guidelines for cisgender men vs. cisgender womenThe impact of geographic or state-level policies on preventive care accessStrategies to improve health literacy and screening rates",know,know,,if you are interested in:Specific preventive screening guidelines for cisgender men vs. cisgender womenThe impact of geographic or state-level policies on preventive care accessStrategies to improve health literacy and screening rates,ccomp,NP Ved that S,active,False,positive,MV21-00448,matched_strict,,1.4967998,,Gender Identity::Majority,Healthcare :: Preventive care,v1_dallas
v1_dallas::cisgender_people__housing__access_to_housing,cisgender_people__housing__access_to_housing,Access to housing,Housing,Gender Identity,Gender Identity,cisgender people,majority,majority,v1_dallas,Dallas,,Dallas,,,English,annotations/v1_dallas/google_aio_collection/cisgender_people/housing__access_to_housing.txt,9,"If you would like to explore this further, let me know if you want to focus on:The role of regional housing markets and affordabilitySpecific demographic comparisons (e.g., renters vs. homeowners)",know,know,,if you want to focus on,ccomp,NP Ved that S,active,False,positive,MV21-00448,matched_strict,,1.4967998,,Gender Identity::Majority,Housing :: Access to housing,v1_dallas
v1_dallas::cisgender_people__housing__housing_stability,cisgender_people__housing__housing_stability,Housing stability,Housing,Gender Identity,Gender Identity,cisgender people,majority,majority,v1_dallas,Dallas,,Dallas,,,English,annotations/v1_dallas/google_aio_collection/cisgender_people/housing__housing_stability.txt,10,"If you'd like, I can provide more details on:The difference between renter and homeowner stability factorsHow regional costs impact housing securitySpecific programs designed to improve housing stability",designed,design,,to improve housing stability,xcomp,NP Ved to VP[+eventive],active,False,positive,MV21-03502,matched_strict,,-1.0458529,,Gender Identity::Majority,Housing :: Housing stability,v1_dallas
v1_dallas::heterosexual_people__credit_and_financial_services__access_to_banking_services,heterosexual_people__credit_and_financial_services__access_to_banking_services,Access to banking services,Credit & Financial Services,Sexual Orientation,Sexual Orientation,heterosexual people,majority,majority,v1_dallas,Dallas,,Dallas,,,English,annotations/v1_dallas/google_aio_collection/heterosexual_people/credit_and_financial_services__access_to_banking_services.txt,7,"If you would like to explore this further, let me know if you want to focus on:Geographic differences (urban vs. rural banking access)Demographic intersections (how race, age, or income intersect with financial inclusion)Regulatory or technological solutions (such as fintech or tiered KYC)",know,know,,if you want to focus on,ccomp,NP Ved that S,active,False,positive,MV21-00448,matched_strict,,1.4967998,,Sexual Orientation::Majority,Credit & Financial Services :: Access to banking services,v1_dallas
v1_dallas::heterosexual_people__credit_and_financial_services__access_to_credit,heterosexual_people__credit_and_financial_services__access_to_credit,Access to credit,Credit & Financial Services,Sexual Orientation,Sexual Orientation,heterosexual people,majority,majority,v1_dallas,Dallas,,Dallas,,,English,annotations/v1_dallas/google_aio_collection/heterosexual_people/credit_and_financial_services__access_to_credit.txt,7,"Socioeconomic and Background FactorsFinancial Literacy: Understanding how credit products, interest rates, and loan applications work affects successful navigation of formal financial systems.",Understanding,understand,,"how credit products, interest rates, and loan applications work affects successful navigation of formal financial systems",ccomp,NP Ved that S,active,False,positive,MV21-00334,matched_strict,,1.8251444,,Sexual Orientation::Majority,Credit & Financial Services :: Access to credit,v1_dallas
v1_dallas::heterosexual_people__credit_and_financial_services__credit_loan_approval,heterosexual_people__credit_and_financial_services__credit_loan_approval,Credit/loan approval,Credit & Financial Services,Sexual Orientation,Sexual Orientation,heterosexual people,majority,majority,v1_dallas,Dallas,,Dallas,,,English,annotations/v1_dallas/google_aio_collection/heterosexual_people/credit_and_financial_services__credit_loan_approval.txt,4,Lenders compare your total recurring monthly debt payments against your gross monthly income to ensure you can afford a new loan.,ensure,ensure,,you can afford a new loan,ccomp,NP Ved that S,active,False,positive,MV21-02833,matched_strict,,-0.5772175,,Sexual Orientation::Majority,Credit & Financial Services :: Credit/loan approval,v1_dallas
v1_dallas::heterosexual_people__credit_and_financial_services__credit_loan_approval,heterosexual_people__credit_and_financial_services__credit_loan_approval,Credit/loan approval,Credit & Financial Services,Sexual Orientation,Sexual Orientation,heterosexual people,majority,majority,v1_dallas,Dallas,,Dallas,,,English,annotations/v1_dallas/google_aio_collection/heterosexual_people/credit_and_financial_services__credit_loan_approval.txt,5,"Income and Employment Stability: Consistent, verifiable earnings through pay stubs or tax returns demonstrate that you have the cash flow required to make regular repayments.",demonstrate,demonstrate,,that you have the cash flow required to make regular repayments,ccomp,NP Ved that S,active,False,positive,MV21-02309,matched_strict,,-0.3352641,,Sexual Orientation::Majority,Credit & Financial Services :: Credit/loan approval,v1_dallas
v1_dallas::heterosexual_people__credit_and_financial_services__credit_loan_approval,heterosexual_people__credit_and_financial_services__credit_loan_approval,Credit/loan approval,Credit & Financial Services,Sexual Orientation,Sexual Orientation,heterosexual people,majority,majority,v1_dallas,Dallas,,Dallas,,,English,annotations/v1_dallas/google_aio_collection/heterosexual_people/credit_and_financial_services__credit_loan_approval.txt,7,Loan Amount and Terms: The size of the request relative to your financial profile determines whether a lender feels comfortable greenlighting the funds.,determines,determine,,whether a lender feels comfortable greenlighting the funds,ccomp,NP Ved that S,active,False,positive,MV21-01912,matched_strict,,-0.12988712,,Sexual Orientation::Majority,Credit & Financial Services :: Credit/loan approval,v1_dallas
v1_dallas::heterosexual_people__criminal_justice__arrest_detention_by_police,heterosexual_people__criminal_justice__arrest_detention_by_police,Arrest / detention by police,Criminal Justice,Sexual Orientation,Sexual Orientation,heterosexual people,majority,majority,v1_dallas,Dallas,,Dallas,,,English,annotations/v1_dallas/google_aio_collection/heterosexual_people/criminal_justice__arrest_detention_by_police.txt,11,"Race and Ethnicity: Extensive data shows that Black and Hispanic individuals (regardless of sexual orientation) experience significantly higher rates of stops, searches, and discretionary arrests compared to White individuals.",shows,show,,"that Black and Hispanic individuals (regardless of sexual orientation) experience significantly higher rates of stops, searches, and discretionary arrests compared to White individuals",ccomp,NP Ved that S,active,False,positive,MV21-01376,matched_strict,,0.22386,,Sexual Orientation::Majority,Criminal Justice :: Arrest / detention by police,v1_dallas
v1_dallas::heterosexual_people__criminal_justice__arrest_detention_by_police,heterosexual_people__criminal_justice__arrest_detention_by_police,Arrest / detention by police,Criminal Justice,Sexual Orientation,Sexual Orientation,heterosexual people,majority,majority,v1_dallas,Dallas,,Dallas,,,English,annotations/v1_dallas/google_aio_collection/heterosexual_people/criminal_justice__arrest_detention_by_police.txt,15,"Conversely, research shows women often benefit from a degree of officer leniency during low-level offenses, though women who exhibit non-normative behavior or aggression face a sharp increase in police pushback.",shows,show,,"women often benefit from a degree of officer leniency during low-level offenses, though women who exhibit non-normative behavior or aggression face a sharp increase in police pushback",ccomp,NP Ved that S,active,False,positive,MV21-01376,matched_strict,,0.22386,,Sexual Orientation::Majority,Criminal Justice :: Arrest / detention by police,v1_dallas
v1_dallas::heterosexual_people__criminal_justice__incarceration,heterosexual_people__criminal_justice__incarceration,Incarceration,Criminal Justice,Sexual Orientation,Sexual Orientation,heterosexual people,majority,majority,v1_dallas,Dallas,,Dallas,,,English,annotations/v1_dallas/google_aio_collection/heterosexual_people/criminal_justice__incarceration.txt,9,"Pretrial Policies: Local prosecutorial practices, access to public defense resources, and bail schedule amounts heavily dictate who remains detained prior to trial.",dictate,dictate,,who remains detained prior to trial,ccomp,NP Ved that S,active,False,positive,MV21-02387,matched_strict,,-0.37246418,,Sexual Orientation::Majority,Criminal Justice :: Incarceration,v1_dallas
v1_dallas::heterosexual_people__criminal_justice__police_use_of_force,heterosexual_people__criminal_justice__police_use_of_force,Police use of force,Criminal Justice,Sexual Orientation,Sexual Orientation,heterosexual people,majority,majority,v1_dallas,Dallas,,Dallas,,,English,annotations/v1_dallas/google_aio_collection/heterosexual_people/criminal_justice__police_use_of_force.txt,2,Key Factors Influencing Police Use of ForceSuspect Resistance: Research from the National Institute of Justice indicates that a suspect's active resistance or physical aggression is the single strongest predictor of police physical force.,indicates,indicate,,that a suspect's active resistance or physical aggression is the single strongest predictor of police physical force,ccomp,NP Ved that S,active,False,positive,MV21-02711,matched_strict,,-0.5292314,,Sexual Orientation::Majority,Criminal Justice :: Police use of force,v1_dallas
v1_dallas::heterosexual_people__education__educational_opportunity_access,heterosexual_people__education__educational_opportunity_access,Educational opportunity/access,Education,Sexual Orientation,Sexual Orientation,heterosexual people,majority,majority,v1_dallas,Dallas,,Dallas,,,English,annotations/v1_dallas/google_aio_collection/heterosexual_people/education__educational_opportunity_access.txt,7,"The ""Queer Habitus"" Contrast: Interestingly, sociological research indicates that the link between social origin and educational success is rigidly tied to family wealth for heterosexual individuals.",indicates,indicate,,that the link between social origin and educational success is rigidly tied to family wealth for heterosexual individuals,ccomp,NP Ved that S,active,False,positive,MV21-02711,matched_strict,,-0.5292314,,Sexual Orientation::Majority,Education :: Educational opportunity/access,v1_dallas
v1_dallas::heterosexual_people__education__educational_opportunity_access,heterosexual_people__education__educational_opportunity_access,Educational opportunity/access,Education,Sexual Orientation,Sexual Orientation,heterosexual people,majority,majority,v1_dallas,Dallas,,Dallas,,,English,annotations/v1_dallas/google_aio_collection/heterosexual_people/education__educational_opportunity_access.txt,16,"Digital Divide and Infrastructure: Access to reliable digital connectivity, updated learning materials, and robust primary school foundations dictate whether a student can successfully bridge the transition into higher education.4.",dictate,dictate,,whether a student can successfully bridge the transition into higher education.4,ccomp,NP Ved that S,active,False,positive,MV21-02387,matched_strict,,-0.37246418,,Sexual Orientation::Majority,Education :: Educational opportunity/access,v1_dallas
v1_dallas::heterosexual_people__education__educational_opportunity_access,heterosexual_people__education__educational_opportunity_access,Educational opportunity/access,Education,Sexual Orientation,Sexual Orientation,heterosexual people,majority,majority,v1_dallas,Dallas,,Dallas,,,English,annotations/v1_dallas/google_aio_collection/heterosexual_people/education__educational_opportunity_access.txt,17,"Absence of the ""Workplace Protection"" MotivationResearch suggests that some lesbian, gay, and bisexual (LGB) individuals actively pursue higher levels of education as a non-monetary shield against discrimination, seeking highly educated corporate environments that tend to be more socially tolerant.",suggests,suggest,,"that some lesbian, gay, and bisexual (LGB) individuals actively pursue higher levels of education as a non-monetary shield against discrimination, seeking highly educated corporate environments that tend to be more socially tolerant",ccomp,NP Ved that S,active,False,positive,MV21-03865,matched_strict,,-1.9342568,,Sexual Orientation::Majority,Education :: Educational opportunity/access,v1_dallas
v1_dallas::heterosexual_people__education__harassment_bullying,heterosexual_people__education__harassment_bullying,Harassment/bullying,Education,Sexual Orientation,Sexual Orientation,heterosexual people,majority,majority,v1_dallas,Dallas,,Dallas,,,English,annotations/v1_dallas/google_aio_collection/heterosexual_people/education__harassment_bullying.txt,2,Research indicates that the risk and occurrence of harassment or bullying for heterosexual students in education are heavily influenced by the following factors:1.,indicates,indicate,,that the risk and occurrence of harassment or bullying for heterosexual students in education are heavily influenced by the following factors:1,ccomp,NP Ved that S,active,False,positive,MV21-02711,matched_strict,,-0.5292314,,Sexual Orientation::Majority,Education :: Harassment/bullying,v1_dallas
v1_dallas::heterosexual_people__education__harassment_bullying,heterosexual_people__education__harassment_bullying,Harassment/bullying,Education,Sexual Orientation,Sexual Orientation,heterosexual people,majority,majority,v1_dallas,Dallas,,Dallas,,,English,annotations/v1_dallas/google_aio_collection/heterosexual_people/education__harassment_bullying.txt,6,"Studies show heterosexual students are frequently targeted by these slurs, which negatively impacts their self-esteem and mental health.2.",show,show,,"heterosexual students are frequently targeted by these slurs, which negatively impacts their self-esteem and mental health.2",ccomp,NP Ved that S,active,False,positive,MV21-01376,matched_strict,,0.22386,,Sexual Orientation::Majority,Education :: Harassment/bullying,v1_dallas
v1_dallas::heterosexual_people__education__harassment_bullying,heterosexual_people__education__harassment_bullying,Harassment/bullying,Education,Sexual Orientation,Sexual Orientation,heterosexual people,majority,majority,v1_dallas,Dallas,,Dallas,,,English,annotations/v1_dallas/google_aio_collection/heterosexual_people/education__harassment_bullying.txt,10,"Sociodemographic Factors (Sex and Age)Demographic variables shape how and when heterosexual students experience school victimization:The Gender Gap: Studies show that heterosexual female students face higher overall rates of generalized bullying (such as social exclusion, rumor-spreading, and verbal insults) than heterosexual males.",show,show,,"that heterosexual female students face higher overall rates of generalized bullying (such as social exclusion, rumor-spreading, and verbal insults) than heterosexual males",ccomp,NP Ved that S,active,False,positive,MV21-01376,matched_strict,,0.22386,,Sexual Orientation::Majority,Education :: Harassment/bullying,v1_dallas
v1_dallas::heterosexual_people__education__harassment_bullying,heterosexual_people__education__harassment_bullying,Harassment/bullying,Education,Sexual Orientation,Sexual Orientation,heterosexual people,majority,majority,v1_dallas,Dallas,,Dallas,,,English,annotations/v1_dallas/google_aio_collection/heterosexual_people/education__harassment_bullying.txt,14,"Furthermore, if a school downplays verbal harassment or derogatory name-calling, it signals to perpetrators that their actions have no consequences.",signals,signal,,that their actions have no consequences,ccomp,NP Ved that S,active,False,positive,MV21-01954,matched_strict,,-0.1452402,,Sexual Orientation::Majority,Education :: Harassment/bullying,v1_dallas
v1_dallas::heterosexual_people__education__harassment_bullying,heterosexual_people__education__harassment_bullying,Harassment/bullying,Education,Sexual Orientation,Sexual Orientation,heterosexual people,majority,majority,v1_dallas,Dallas,,Dallas,,,English,annotations/v1_dallas/google_aio_collection/heterosexual_people/education__harassment_bullying.txt,15,"Lack of Teacher Intervention: Research indicates that many educators feel under-equipped or are less likely to intervene in gender-policing or homophobic teasing than in overt physical fights, creating an environment where subtle psychological bullying goes unchecked.",indicates,indicate,,"that many educators feel under-equipped or are less likely to intervene in gender-policing or homophobic teasing than in overt physical fights, creating an environment where subtle psychological bullying goes unchecked",ccomp,NP Ved that S,active,False,positive,MV21-02711,matched_strict,,-0.5292314,,Sexual Orientation::Majority,Education :: Harassment/bullying,v1_dallas
v1_dallas::heterosexual_people__employment__career_advancement,heterosexual_people__employment__career_advancement,Career advancement,Employment,Sexual Orientation,Sexual Orientation,heterosexual people,majority,majority,v1_dallas,Dallas,,Dallas,,,English,annotations/v1_dallas/google_aio_collection/heterosexual_people/employment__career_advancement.txt,10,"If you'd like, let me know if you want to explore the gender differences within heterosexual couples or focus on a specific industry.",know,know,,if you want to explore the gender differences within heterosexual couples or focus on a specific industry,ccomp,NP Ved that S,active,False,positive,MV21-00448,matched_strict,,1.4967998,,Sexual Orientation::Majority,Employment :: Career advancement,v1_dallas
v1_dallas::heterosexual_people__employment__hiring,heterosexual_people__employment__hiring,Hiring,Employment,Sexual Orientation,Sexual Orientation,heterosexual people,majority,majority,v1_dallas,Dallas,,Dallas,,,English,annotations/v1_dallas/google_aio_collection/heterosexual_people/employment__hiring.txt,4,"Family Status Assumptions: Employers often assume heterosexual candidates are married or plan to have children, which shapes perceptions of long-term commitment.",assume,assume,,"heterosexual candidates are married or plan to have children, which shapes perceptions of long-term commitment",ccomp,NP Ved that S,active,False,positive,MV21-03694,matched_strict,,-1.3247496,,Sexual Orientation::Majority,Employment :: Hiring,v1_dallas
v1_dallas::heterosexual_people__employment__hiring,heterosexual_people__employment__hiring,Hiring,Employment,Sexual Orientation,Sexual Orientation,heterosexual people,majority,majority,v1_dallas,Dallas,,Dallas,,,English,annotations/v1_dallas/google_aio_collection/heterosexual_people/employment__hiring.txt,4,"Family Status Assumptions: Employers often assume heterosexual candidates are married or plan to have children, which shapes perceptions of long-term commitment.",plan,plan,,"to have children, which shapes perceptions of long-term commitment",xcomp,NP Ved to VP[-eventive],active,False,positive,MV21-03329,matched_strict,,-0.88735074,,Sexual Orientation::Majority,Employment :: Hiring,v1_dallas
v1_dallas::heterosexual_people__employment__hiring,heterosexual_people__employment__hiring,Hiring,Employment,Sexual Orientation,Sexual Orientation,heterosexual people,majority,majority,v1_dallas,Dallas,,Dallas,,,English,annotations/v1_dallas/google_aio_collection/heterosexual_people/employment__hiring.txt,5,"Gender and Parental Biases: Heterosexual women often face the ""motherhood penalty,"" where employers incorrectly assume they will be less dedicated.",assume,assume,,they will be less dedicated,ccomp,NP Ved that S,active,False,positive,MV21-03694,matched_strict,,-1.3247496,,Sexual Orientation::Majority,Employment :: Hiring,v1_dallas
v1_dallas::heterosexual_people__employment__workplace_harassment,heterosexual_people__employment__workplace_harassment,Workplace harassment,Employment,Sexual Orientation,Sexual Orientation,heterosexual people,majority,majority,v1_dallas,Dallas,,Dallas,,,English,annotations/v1_dallas/google_aio_collection/heterosexual_people/employment__workplace_harassment.txt,12,"If you'd like, let me know:Is this for a general research question or a specific workplace scenario?Would you like to explore company policies or legal definitions under Title VII?",like,like,,"If you'd like, let me know:Is this for a general research question or a specific workplace",ccomp,NP Ved that S,active,False,positive,MV21-00094,matched_strict,,2.6090033,,Sexual Orientation::Majority,Employment :: Workplace harassment,v1_dallas
v1_dallas::heterosexual_people__government_benefits__access_to_government_benefits,heterosexual_people__government_benefits__access_to_government_benefits,Access to government benefits,Government Benefits,Sexual Orientation,Sexual Orientation,heterosexual people,majority,majority,v1_dallas,Dallas,,Dallas,,,English,annotations/v1_dallas/google_aio_collection/heterosexual_people/government_benefits__access_to_government_benefits.txt,7,"The time, effort, and complexity required to apply for and maintain benefits create compliance costs that deter participation even among eligible people.",maintain,maintain,,benefits create compliance costs that deter participation even among eligible people,ccomp,NP Ved that S,active,False,positive,MV21-03246,matched_strict,,-0.8247037,,Sexual Orientation::Majority,Government Benefits :: Access to government benefits,v1_dallas
v1_dallas::heterosexual_people__government_benefits__benefit_retention_renewal,heterosexual_people__government_benefits__benefit_retention_renewal,Benefit retention / renewal,Government Benefits,Sexual Orientation,Sexual Orientation,heterosexual people,majority,majority,v1_dallas,Dallas,,Dallas,,,English,annotations/v1_dallas/google_aio_collection/heterosexual_people/government_benefits__benefit_retention_renewal.txt,11,Work Requirements and Employment DynamicsMany public programs mandate active work participation to sustain ongoing enrollment:Mandatory Hours: Programs like Temporary Assistance for Needy Families (TANF) and SNAP often enforce strict monthly working hours.,mandate,mandate,,to sustain ongoing enrollment,advcl,NP Ved NP to VP[+eventive],active,False,positive,MV21-01486,matched_strict,,0.13571715,,Sexual Orientation::Majority,Government Benefits :: Benefit retention / renewal,v1_dallas
v1_dallas::heterosexual_people__healthcare__insurance_coverage,heterosexual_people__healthcare__insurance_coverage,Insurance coverage,Healthcare,Sexual Orientation,Sexual Orientation,heterosexual people,majority,majority,v1_dallas,Dallas,,Dallas,,,English,annotations/v1_dallas/google_aio_collection/heterosexual_people/healthcare__insurance_coverage.txt,6,"Race and Ethnicity: Studies show that Black and Latino heterosexual adults face lower adjusted odds of having health insurance compared to white heterosexual peers, often driven by underlying socioeconomic disparities.",show,show,,"that Black and Latino heterosexual adults face lower adjusted odds of having health insurance compared to white heterosexual peers, often driven by underlying socioeconomic disparities",ccomp,NP Ved that S,active,False,positive,MV21-01376,matched_strict,,0.22386,,Sexual Orientation::Majority,Healthcare :: Insurance coverage,v1_dallas
v1_dallas::heterosexual_people__healthcare__patient_safety,heterosexual_people__healthcare__patient_safety,Patient safety,Healthcare,Sexual Orientation,Sexual Orientation,heterosexual people,majority,majority,v1_dallas,Dallas,,Dallas,,,English,annotations/v1_dallas/google_aio_collection/heterosexual_people/healthcare__patient_safety.txt,5,"For instance, research shows women frequently face gender bias, where physical symptoms are incorrectly attributed to psychological distress or hysteria.",shows,show,,"women frequently face gender bias, where physical symptoms are incorrectly attributed to psychological distress or hysteria",ccomp,NP Ved that S,active,False,positive,MV21-01376,matched_strict,,0.22386,,Sexual Orientation::Majority,Healthcare :: Patient safety,v1_dallas
v1_dallas::heterosexual_people__healthcare__preventive_care,heterosexual_people__healthcare__preventive_care,Preventive care,Healthcare,Sexual Orientation,Sexual Orientation,heterosexual people,majority,majority,v1_dallas,Dallas,,Dallas,,,English,annotations/v1_dallas/google_aio_collection/heterosexual_people/healthcare__preventive_care.txt,8,"Socioeconomic Status: Income level, educational attainment, and stable health insurance coverage dictate whether individuals can afford preventive visits, copays, and out-of-pocket screening costs.",dictate,dictate,,"whether individuals can afford preventive visits, copays, and out-of-pocket screening costs",ccomp,NP Ved that S,active,False,positive,MV21-02387,matched_strict,,-0.37246418,,Sexual Orientation::Majority,Healthcare :: Preventive care,v1_dallas
v1_dallas::heterosexual_people__housing__access_to_housing,heterosexual_people__housing__access_to_housing,Access to housing,Housing,Sexual Orientation,Sexual Orientation,heterosexual people,majority,majority,v1_dallas,Dallas,,Dallas,,,English,annotations/v1_dallas/google_aio_collection/heterosexual_people/housing__access_to_housing.txt,6,Favorable Treatment from Providers: Studies consistently show that housing providers and landlords favor heterosexual couples over same-sex partners.,show,show,,that housing providers and landlords favor heterosexual couples over same-sex partners,ccomp,NP Ved that S,active,False,positive,MV21-01376,matched_strict,,0.22386,,Sexual Orientation::Majority,Housing :: Access to housing,v1_dallas
v1_dallas::heterosexual_people__housing__access_to_housing,heterosexual_people__housing__access_to_housing,Access to housing,Housing,Sexual Orientation,Sexual Orientation,heterosexual people,majority,majority,v1_dallas,Dallas,,Dallas,,,English,annotations/v1_dallas/google_aio_collection/heterosexual_people/housing__access_to_housing.txt,9,"Data from the Williams Institute shows that 70.1% of non-LGBT adults own their homes, compared to just 49.8% of LGBT adults.",shows,show,,"that 70.1% of non-LGBT adults own their homes, compared to just 49.8% of LGBT adults",ccomp,NP Ved that S,active,False,positive,MV21-01376,matched_strict,,0.22386,,Sexual Orientation::Majority,Housing :: Access to housing,v1_dallas
v1_dallas::heterosexual_people__housing__access_to_housing,heterosexual_people__housing__access_to_housing,Access to housing,Housing,Sexual Orientation,Sexual Orientation,heterosexual people,majority,majority,v1_dallas,Dallas,,Dallas,,,English,annotations/v1_dallas/google_aio_collection/heterosexual_people/housing__access_to_housing.txt,11,"Standard Socioeconomic FactorsBecause heterosexual individuals do not experience sexual orientation-based discrimination, their access to housing is restricted or enabled by universal economic metrics:Income and Employment Status: Wealth accumulation, steady employment, and individual income dictate purchasing and rental power.",dictate,dictate,,"Standard Socioeconomic FactorsBecause heterosexual individuals do not experience sexual orientation-based discrimination, their access to housing is restricted or enabled by universal economic metrics:Income and Employment Status",ccomp,NP Ved that S,active,False,positive,MV21-02387,matched_strict,,-0.37246418,,Sexual Orientation::Majority,Housing :: Access to housing,v1_dallas
v1_dallas::heterosexual_people__housing__access_to_housing,heterosexual_people__housing__access_to_housing,Access to housing,Housing,Sexual Orientation,Sexual Orientation,heterosexual people,majority,majority,v1_dallas,Dallas,,Dallas,,,English,annotations/v1_dallas/google_aio_collection/heterosexual_people/housing__access_to_housing.txt,20,"Are you looking to compare these factors against a specific demographic, or would you like to explore how housing policies or regional laws impact these statistics?",looking,look,,to compare these factors against a specific demographic,xcomp,NP Ved to VP[+eventive],active,False,positive,MV21-01914,matched_strict,,-0.1319544,,Sexual Orientation::Majority,Housing :: Access to housing,v1_dallas
v1_dallas::homosexual_people__credit_and_financial_services__access_to_banking_services,homosexual_people__credit_and_financial_services__access_to_banking_services,Access to banking services,Credit & Financial Services,Sexual Orientation,Sexual Orientation,homosexual people,minority,minority,v1_dallas,Dallas,,Dallas,,,English,annotations/v1_dallas/google_aio_collection/homosexual_people/credit_and_financial_services__access_to_banking_services.txt,7,Discrimination and Lending DisparitiesMortgage and Loan Bias: Research indicates that same-sex couples face higher mortgage rejection rates and can be subjected to higher average interest rates compared to heterosexual couples.,indicates,indicate,,that same-sex couples face higher mortgage rejection rates and can be subjected to higher average interest rates compared to heterosexual couples,ccomp,NP Ved that S,active,False,positive,MV21-02711,matched_strict,,-0.5292314,,Sexual Orientation::Minority,Credit & Financial Services :: Access to banking services,v1_dallas
v1_dallas::homosexual_people__credit_and_financial_services__access_to_credit,homosexual_people__credit_and_financial_services__access_to_credit,Access to credit,Credit & Financial Services,Sexual Orientation,Sexual Orientation,homosexual people,minority,minority,v1_dallas,Dallas,,Dallas,,,English,annotations/v1_dallas/google_aio_collection/homosexual_people/credit_and_financial_services__access_to_credit.txt,3,"Hidden Bias: While sexual orientation does not appear on credit reports, studies show that same-sex applicants still face higher mortgage denial rates or extra fees from some traditional lenders due to lingering institutional biases.",show,show,,that same-sex applicants still face higher mortgage denial rates or extra fees from some traditional lenders due to lingering institutional biases,ccomp,NP Ved that S,active,False,positive,MV21-01376,matched_strict,,0.22386,,Sexual Orientation::Minority,Credit & Financial Services :: Access to credit,v1_dallas
v1_dallas::homosexual_people__credit_and_financial_services__access_to_credit,homosexual_people__credit_and_financial_services__access_to_credit,Access to credit,Credit & Financial Services,Sexual Orientation,Sexual Orientation,homosexual people,minority,minority,v1_dallas,Dallas,,Dallas,,,English,annotations/v1_dallas/google_aio_collection/homosexual_people/credit_and_financial_services__access_to_credit.txt,7,"Reliance on Credit: Forced to pay out-of-pocket for legal name changes, family protections, or medical care, many rely heavily on credit cards to survive, which can hurt their credit scores if balances run high.",Forced,force,,"to pay out-of-pocket for legal name changes, family protections, or medical care",xcomp,NP Ved to VP[+eventive],active,False,positive,MV21-01043,matched_strict,,0.54009086,,Sexual Orientation::Minority,Credit & Financial Services :: Access to credit,v1_dallas
v1_dallas::homosexual_people__credit_and_financial_services__access_to_credit,homosexual_people__credit_and_financial_services__access_to_credit,Access to credit,Credit & Financial Services,Sexual Orientation,Sexual Orientation,homosexual people,minority,minority,v1_dallas,Dallas,,Dallas,,,English,annotations/v1_dallas/google_aio_collection/homosexual_people/credit_and_financial_services__access_to_credit.txt,10,"This leads some to use high-cost, alternative financial services like payday loans, which harms long-term financial health.",leads,lead,,"to use high-cost, alternative financial services like payday loans, which harms long-term financial health",xcomp,NP Ved NP to VP[+eventive],active,False,positive,MV21-00680,matched_strict,,0.99594826,,Sexual Orientation::Minority,Credit & Financial Services :: Access to credit,v1_dallas
v1_dallas::homosexual_people__credit_and_financial_services__access_to_credit,homosexual_people__credit_and_financial_services__access_to_credit,Access to credit,Credit & Financial Services,Sexual Orientation,Sexual Orientation,homosexual people,minority,minority,v1_dallas,Dallas,,Dallas,,,English,annotations/v1_dallas/google_aio_collection/homosexual_people/credit_and_financial_services__access_to_credit.txt,12,"If you'd like, I can share tips on:How to build credit using secure cards or alternative dataYour rights under fair lending lawsFinding inclusive financial institutionsLet me know how you want to proceed.",know,know,,how you want to proceed,ccomp,NP Ved that S,active,False,positive,MV21-00448,matched_strict,,1.4967998,,Sexual Orientation::Minority,Credit & Financial Services :: Access to credit,v1_dallas
v1_dallas::homosexual_people__credit_and_financial_services__credit_loan_approval,homosexual_people__credit_and_financial_services__credit_loan_approval,Credit/loan approval,Credit & Financial Services,Sexual Orientation,Sexual Orientation,homosexual people,minority,minority,v1_dallas,Dallas,,Dallas,,,English,annotations/v1_dallas/google_aio_collection/homosexual_people/credit_and_financial_services__credit_loan_approval.txt,2,"While legal protections have expanded, research and financial data show that sexual orientation indirectly and directly impacts how credit applications are processed.",show,show,,that sexual orientation indirectly and directly impacts how credit applications are processed,ccomp,NP Ved that S,active,False,positive,MV21-01376,matched_strict,,0.22386,,Sexual Orientation::Minority,Credit & Financial Services :: Credit/loan approval,v1_dallas
v1_dallas::homosexual_people__credit_and_financial_services__credit_loan_approval,homosexual_people__credit_and_financial_services__credit_loan_approval,Credit/loan approval,Credit & Financial Services,Sexual Orientation,Sexual Orientation,homosexual people,minority,minority,v1_dallas,Dallas,,Dallas,,,English,annotations/v1_dallas/google_aio_collection/homosexual_people/credit_and_financial_services__credit_loan_approval.txt,4,"Inherent Loan Officer Bias and Information FrictionsDespite having identical credit risk profiles to heterosexual applicants, same-sex couples face direct discrimination when human intermediaries are involved in the approval process:Lower Approval Rates: Studies published in PNAS and by researchers at Iowa State University indicate that same-sex couples are 3% to 8% less likely to be approved for a mortgage than comparable different-sex couples.",indicate,indicate,,"Inherent Loan Officer Bias and Information FrictionsDespite having identical credit risk profiles to heterosexual applicants, same-sex couples face direct discrimination when human intermediaries are involved in the approval process:",ccomp,NP Ved that S,active,False,positive,MV21-02711,matched_strict,,-0.5292314,,Sexual Orientation::Minority,Credit & Financial Services :: Credit/loan approval,v1_dallas
v1_dallas::homosexual_people__credit_and_financial_services__credit_loan_approval,homosexual_people__credit_and_financial_services__credit_loan_approval,Credit/loan approval,Credit & Financial Services,Sexual Orientation,Sexual Orientation,homosexual people,minority,minority,v1_dallas,Dallas,,Dallas,,,English,annotations/v1_dallas/google_aio_collection/homosexual_people/credit_and_financial_services__credit_loan_approval.txt,4,"Inherent Loan Officer Bias and Information FrictionsDespite having identical credit risk profiles to heterosexual applicants, same-sex couples face direct discrimination when human intermediaries are involved in the approval process:Lower Approval Rates: Studies published in PNAS and by researchers at Iowa State University indicate that same-sex couples are 3% to 8% less likely to be approved for a mortgage than comparable different-sex couples.",indicate,indicate,,that same-sex couples are 3% to 8% less likely to be approved for a mortgage than comparable different-sex couples,ccomp,NP Ved that S,active,False,positive,MV21-02711,matched_strict,,-0.5292314,,Sexual Orientation::Minority,Credit & Financial Services :: Credit/loan approval,v1_dallas
v1_dallas::homosexual_people__credit_and_financial_services__credit_loan_approval,homosexual_people__credit_and_financial_services__credit_loan_approval,Credit/loan approval,Credit & Financial Services,Sexual Orientation,Sexual Orientation,homosexual people,minority,minority,v1_dallas,Dallas,,Dallas,,,English,annotations/v1_dallas/google_aio_collection/homosexual_people/credit_and_financial_services__credit_loan_approval.txt,7,"The ""FinTech"" Exception: Data from ScienceDirect shows that algorithmic FinTech lenders, which rely less on human loan officers, exhibit no change in the denial gap for same-sex couples.",shows,show,,"that algorithmic FinTech lenders, which rely less on human loan officers, exhibit no change in the denial gap for same-sex couples",ccomp,NP Ved that S,active,False,positive,MV21-01376,matched_strict,,0.22386,,Sexual Orientation::Minority,Credit & Financial Services :: Credit/loan approval,v1_dallas
v1_dallas::homosexual_people__credit_and_financial_services__credit_loan_approval,homosexual_people__credit_and_financial_services__credit_loan_approval,Credit/loan approval,Credit & Financial Services,Sexual Orientation,Sexual Orientation,homosexual people,minority,minority,v1_dallas,Dallas,,Dallas,,,English,annotations/v1_dallas/google_aio_collection/homosexual_people/credit_and_financial_services__credit_loan_approval.txt,14,"Disparities in Credit Scoring and Credit UtilizationWhile credit scoring models are designed to be mathematically objective, the underlying data is influenced by systemic barriers:Lower Average Credit Scores: Surveys compiled by Investopedia and Experian reveal that LGBTQ+ populations are less likely to hold high credit scores due to historic discrimination in housing, employment, and healthcare.",reveal,reveal,,"Disparities in Credit Scoring and Credit UtilizationWhile credit scoring models are designed to be mathematically objective, the underlying data is influenced by systemic barriers:Lower Average Credit Scores",ccomp,NP Ved that S,active,False,positive,MV21-00802,matched_strict,,0.82202023,,Sexual Orientation::Minority,Credit & Financial Services :: Credit/loan approval,v1_dallas
v1_dallas::homosexual_people__credit_and_financial_services__credit_loan_approval,homosexual_people__credit_and_financial_services__credit_loan_approval,Credit/loan approval,Credit & Financial Services,Sexual Orientation,Sexual Orientation,homosexual people,minority,minority,v1_dallas,Dallas,,Dallas,,,English,annotations/v1_dallas/google_aio_collection/homosexual_people/credit_and_financial_services__credit_loan_approval.txt,14,"Disparities in Credit Scoring and Credit UtilizationWhile credit scoring models are designed to be mathematically objective, the underlying data is influenced by systemic barriers:Lower Average Credit Scores: Surveys compiled by Investopedia and Experian reveal that LGBTQ+ populations are less likely to hold high credit scores due to historic discrimination in housing, employment, and healthcare.",reveal,reveal,,"that LGBTQ+ populations are less likely to hold high credit scores due to historic discrimination in housing, employment, and healthcare",ccomp,NP Ved that S,active,False,positive,MV21-00802,matched_strict,,0.82202023,,Sexual Orientation::Minority,Credit & Financial Services :: Credit/loan approval,v1_dallas
v1_dallas::homosexual_people__credit_and_financial_services__credit_loan_approval,homosexual_people__credit_and_financial_services__credit_loan_approval,Credit/loan approval,Credit & Financial Services,Sexual Orientation,Sexual Orientation,homosexual people,minority,minority,v1_dallas,Dallas,,Dallas,,,English,annotations/v1_dallas/google_aio_collection/homosexual_people/credit_and_financial_services__credit_loan_approval.txt,16,"Legal Protections and Regulatory FrameworksThe legal environment heavily dictates institutional lending behavior, though enforcement remains an ongoing variable:ECOA Protections: The Consumer Financial Protection Bureau (CFPB) officially rules that credit discrimination based on sexual orientation is prohibited under the Equal Credit Opportunity Act (ECOA).",rules,rule,,that credit discrimination based on sexual orientation is prohibited under the Equal Credit Opportunity Act (ECOA),ccomp,NP Ved that S,active,False,positive,MV21-02114,matched_strict,,-0.23378886,,Sexual Orientation::Minority,Credit & Financial Services :: Credit/loan approval,v1_dallas
v1_dallas::homosexual_people__credit_and_financial_services__credit_loan_approval,homosexual_people__credit_and_financial_services__credit_loan_approval,Credit/loan approval,Credit & Financial Services,Sexual Orientation,Sexual Orientation,homosexual people,minority,minority,v1_dallas,Dallas,,Dallas,,,English,annotations/v1_dallas/google_aio_collection/homosexual_people/credit_and_financial_services__credit_loan_approval.txt,19,"Loan performance data proves that same-sex couples are no more likely to default than heterosexual peers, and in some metrics, structurally outperform them.",proves,prove,,"that same-sex couples are no more likely to default than heterosexual peers, and in some metrics, structurally outperform them",ccomp,NP Ved that S,active,False,positive,MV21-01691,matched_strict,,-0.018218411,,Sexual Orientation::Minority,Credit & Financial Services :: Credit/loan approval,v1_dallas
v1_dallas::homosexual_people__criminal_justice__incarceration,homosexual_people__criminal_justice__incarceration,Incarceration,Criminal Justice,Sexual Orientation,Sexual Orientation,homosexual people,minority,minority,v1_dallas,Dallas,,Dallas,,,English,annotations/v1_dallas/google_aio_collection/homosexual_people/criminal_justice__incarceration.txt,7,Sentencing DisparitiesLonger Sentences: Studies indicate that lesbian and bisexual women often receive longer prison sentences compared to straight women.,indicate,indicate,,that lesbian and bisexual women often receive longer prison sentences compared to straight women,ccomp,NP Ved that S,active,False,positive,MV21-02711,matched_strict,,-0.5292314,,Sexual Orientation::Minority,Criminal Justice :: Incarceration,v1_dallas
v1_dallas::homosexual_people__criminal_justice__police_use_of_force,homosexual_people__criminal_justice__police_use_of_force,Police use of force,Criminal Justice,Sexual Orientation,Sexual Orientation,homosexual people,minority,minority,v1_dallas,Dallas,,Dallas,,,English,annotations/v1_dallas/google_aio_collection/homosexual_people/criminal_justice__police_use_of_force.txt,1,"Research from organizations like the American Civil Liberties Union (ACLU) and the Williams Institute shows that multiple intersecting factors influence police stops, harassment, and use of force against LGBTQ+ individuals.",shows,show,,"that multiple intersecting factors influence police stops, harassment, and use of force against LGBTQ+ individuals",ccomp,NP Ved that S,active,False,positive,MV21-01376,matched_strict,,0.22386,,Sexual Orientation::Minority,Criminal Justice :: Police use of force,v1_dallas
v1_dallas::homosexual_people__education__college_access_admission,homosexual_people__education__college_access_admission,College access/admission,Education,Sexual Orientation,Sexual Orientation,homosexual people,minority,minority,v1_dallas,Dallas,,Dallas,,,English,annotations/v1_dallas/google_aio_collection/homosexual_people/education__college_access_admission.txt,5,Relocation for safety: Many LGBTQ+ students deliberately seek colleges in different cities or states to escape unsupportive family environments or find more welcoming regional climates.,seek,seek,,to escape unsupportive family environments or find more welcoming regional climates,advcl,NP Ved NP to VP[+eventive],active,False,positive,MV21-03496,matched_strict,,-1.0329423,,Sexual Orientation::Minority,Education :: College access/admission,v1_dallas
v1_dallas::homosexual_people__education__college_access_admission,homosexual_people__education__college_access_admission,College access/admission,Education,Sexual Orientation,Sexual Orientation,homosexual people,minority,minority,v1_dallas,Dallas,,Dallas,,,English,annotations/v1_dallas/google_aio_collection/homosexual_people/education__college_access_admission.txt,7,Applicants often use application essays to highlight community organizing or resilience in the face of discrimination.,use,use,,to highlight community organizing or resilience in the face of discrimination,xcomp,NP Ved NP to VP[+eventive],active,False,positive,MV21-01028,matched_strict,,0.5548276,,Sexual Orientation::Minority,Education :: College access/admission,v1_dallas
v1_dallas::homosexual_people__education__educational_opportunity_access,homosexual_people__education__educational_opportunity_access,Educational opportunity/access,Education,Sexual Orientation,Sexual Orientation,homosexual people,minority,minority,v1_dallas,Dallas,,Dallas,,,English,annotations/v1_dallas/google_aio_collection/homosexual_people/education__educational_opportunity_access.txt,3,"Research highlighted by the American Psychological Association (APA) shows that inclusive schools experience fewer slurs and lower rates of victimization, leading to higher attendance and better GPAs.",shows,show,,"that inclusive schools experience fewer slurs and lower rates of victimization, leading to higher attendance and better GPAs",ccomp,NP Ved that S,active,False,positive,MV21-01376,matched_strict,,0.22386,,Sexual Orientation::Minority,Education :: Educational opportunity/access,v1_dallas
v1_dallas::homosexual_people__education__educational_opportunity_access,homosexual_people__education__educational_opportunity_access,Educational opportunity/access,Education,Sexual Orientation,Sexual Orientation,homosexual people,minority,minority,v1_dallas,Dallas,,Dallas,,,English,annotations/v1_dallas/google_aio_collection/homosexual_people/education__educational_opportunity_access.txt,12,"If you'd like to narrow this down, let me know if you are interested in:Strategies for creating inclusive school policiesStatistical disparities in higher education vs. K-12",know,know,,if you are interested in:Strategies for creating inclusive school policiesStatistical disparities in higher education vs. K-12,ccomp,NP Ved that S,active,False,positive,MV21-00448,matched_strict,,1.4967998,,Sexual Orientation::Minority,Education :: Educational opportunity/access,v1_dallas
v1_dallas::homosexual_people__employment__career_advancement,homosexual_people__employment__career_advancement,Career advancement,Employment,Sexual Orientation,Sexual Orientation,homosexual people,minority,minority,v1_dallas,Dallas,,Dallas,,,English,annotations/v1_dallas/google_aio_collection/homosexual_people/employment__career_advancement.txt,2,"Key Factors Influencing Career AdvancementWorkplace Climate and Inclusion: Inclusive policies, supportive leadership, and LGBTQ+ Career Advancement Barriers research show that non-discrimination protections directly impact promotion rates.",show,show,,that non-discrimination protections directly impact promotion rates,ccomp,NP Ved that S,active,False,positive,MV21-01376,matched_strict,,0.22386,,Sexual Orientation::Minority,Employment :: Career advancement,v1_dallas
v1_dallas::homosexual_people__employment__career_advancement,homosexual_people__employment__career_advancement,Career advancement,Employment,Sexual Orientation,Sexual Orientation,homosexual people,minority,minority,v1_dallas,Dallas,,Dallas,,,English,annotations/v1_dallas/google_aio_collection/homosexual_people/employment__career_advancement.txt,3,An LGBTQ-Friendly Work Environment study notes that a welcoming climate strongly drives job retention and satisfaction.,notes,note,,that a welcoming climate strongly drives job retention and satisfaction,ccomp,NP Ved that S,active,False,positive,MV21-01081,matched_strict,,0.49871644,,Sexual Orientation::Minority,Employment :: Career advancement,v1_dallas
v1_dallas::homosexual_people__employment__career_advancement,homosexual_people__employment__career_advancement,Career advancement,Employment,Sexual Orientation,Sexual Orientation,homosexual people,minority,minority,v1_dallas,Dallas,,Dallas,,,English,annotations/v1_dallas/google_aio_collection/homosexual_people/employment__career_advancement.txt,5,"While openness can build authentic professional relationships and trust, fear of bias or harassment leads some employees to conceal their identity.",leads,lead,,to conceal their identity,xcomp,NP Ved NP to VP[+eventive],active,False,positive,MV21-00680,matched_strict,,0.99594826,,Sexual Orientation::Minority,Employment :: Career advancement,v1_dallas
v1_dallas::homosexual_people__employment__hiring,homosexual_people__employment__hiring,Hiring,Employment,Sexual Orientation,Sexual Orientation,homosexual people,minority,minority,v1_dallas,Dallas,,Dallas,,,English,annotations/v1_dallas/google_aio_collection/homosexual_people/employment__hiring.txt,2,"Research shows that several key factors shape these hiring decisions:Recruiter Gender and BiasFemale recruiters: A study published in the Journal of Business and Psychology (reported via Phys.org) found that women often rate gay and lesbian job applicants as more competent and warm, leading to higher hire scores.",shows,show,,that several key factors shape these hiring decisions,ccomp,NP Ved that S,active,False,positive,MV21-01376,matched_strict,,0.22386,,Sexual Orientation::Minority,Employment :: Hiring,v1_dallas
v1_dallas::homosexual_people__employment__hiring,homosexual_people__employment__hiring,Hiring,Employment,Sexual Orientation,Sexual Orientation,homosexual people,minority,minority,v1_dallas,Dallas,,Dallas,,,English,annotations/v1_dallas/google_aio_collection/homosexual_people/employment__hiring.txt,3,Male recruiters: The same research noted that male hiring managers sometimes lean toward heterosexual candidates or show no positive bias toward LGBTQ+ applicants.,noted,note,,that male hiring managers sometimes lean toward heterosexual candidates or show no positive bias toward LGBTQ+ applicants,ccomp,NP Ved that S,active,False,positive,MV21-01081,matched_strict,,0.49871644,,Sexual Orientation::Minority,Employment :: Hiring,v1_dallas
v1_dallas::homosexual_people__employment__hiring,homosexual_people__employment__hiring,Hiring,Employment,Sexual Orientation,Sexual Orientation,homosexual people,minority,minority,v1_dallas,Dallas,,Dallas,,,English,annotations/v1_dallas/google_aio_collection/homosexual_people/employment__hiring.txt,10,"Customer fears: Some traditional firms worry about how clients or other workers will react, which negatively impacts hiring choices.",fears,fear,,"Some traditional firms worry about how clients or other workers will react, which negatively impacts hiring choices",ccomp,NP Ved that S,active,False,positive,MV21-03487,matched_strict,,-1.0267316,,Sexual Orientation::Minority,Employment :: Hiring,v1_dallas
v1_dallas::homosexual_people__employment__hiring,homosexual_people__employment__hiring,Hiring,Employment,Sexual Orientation,Sexual Orientation,homosexual people,minority,minority,v1_dallas,Dallas,,Dallas,,,English,annotations/v1_dallas/google_aio_collection/homosexual_people/employment__hiring.txt,11,"If you'd like, I can:Provide details on legal protections against workplace discriminationShare tips on how companies build inclusive hiring processesLet me know how you want to continue.",know,know,,how you want to continue,ccomp,NP Ved that S,active,False,positive,MV21-00448,matched_strict,,1.4967998,,Sexual Orientation::Minority,Employment :: Hiring,v1_dallas
v1_dallas::homosexual_people__employment__workplace_harassment,homosexual_people__employment__workplace_harassment,Workplace harassment,Employment,Sexual Orientation,Sexual Orientation,homosexual people,minority,minority,v1_dallas,Dallas,,Dallas,,,English,annotations/v1_dallas/google_aio_collection/homosexual_people/employment__workplace_harassment.txt,4,"Visibility and Disclosure (""Outness"")Degree of openness: Research highlighted by the Williams Institute shows that employees who are open about their sexual orientation at work report higher rates of harassment and discrimination compared to those who are closeted, as visibility exposes them directly to intolerant colleagues.",shows,show,,that employees who are open about their sexual orientation at work report higher rates of harassment and discrimination compared to those who are closeted,ccomp,NP Ved that S,active,False,positive,MV21-01376,matched_strict,,0.22386,,Sexual Orientation::Minority,Employment :: Workplace harassment,v1_dallas
v1_dallas::homosexual_people__government_benefits__application_approval,homosexual_people__government_benefits__application_approval,Application/approval,Government Benefits,Sexual Orientation,Sexual Orientation,homosexual people,minority,minority,v1_dallas,Dallas,,Dallas,,,English,annotations/v1_dallas/google_aio_collection/homosexual_people/government_benefits__application_approval.txt,4,"Socioeconomic Disparities and Systemic Poverty: Studies by organizations like the Williams Institute at UCLA School of Law note that LGBT adults rely on safety-net programs like SNAP and Medicaid at higher rates due to compounding economic vulnerabilities, discrimination in housing, and higher rates of poverty or disability.",note,note,,"that LGBT adults rely on safety-net programs like SNAP and Medicaid at higher rates due to compounding economic vulnerabilities, discrimination in housing, and higher rates of poverty or disability",ccomp,NP Ved that S,active,False,positive,MV21-01081,matched_strict,,0.49871644,,Sexual Orientation::Minority,Government Benefits :: Application/approval,v1_dallas
v1_dallas::homosexual_people__government_benefits__benefit_retention_renewal,homosexual_people__government_benefits__benefit_retention_renewal,Benefit retention / renewal,Government Benefits,Sexual Orientation,Sexual Orientation,homosexual people,minority,minority,v1_dallas,Dallas,,Dallas,,,English,annotations/v1_dallas/google_aio_collection/homosexual_people/government_benefits__benefit_retention_renewal.txt,2,"Research indicates that sexual minority groups rely on the social safety net at higher rates due to compounding economic inequities, making the following retention and renewal factors critical:1.",indicates,indicate,,"that sexual minority groups rely on the social safety net at higher rates due to compounding economic inequities, making the following retention and renewal factors critical:1",ccomp,NP Ved that S,active,False,positive,MV21-02711,matched_strict,,-0.5292314,,Sexual Orientation::Minority,Government Benefits :: Benefit retention / renewal,v1_dallas
v1_dallas::homosexual_people__government_benefits__benefit_retention_renewal,homosexual_people__government_benefits__benefit_retention_renewal,Benefit retention / renewal,Government Benefits,Sexual Orientation,Sexual Orientation,homosexual people,minority,minority,v1_dallas,Dallas,,Dallas,,,English,annotations/v1_dallas/google_aio_collection/homosexual_people/government_benefits__benefit_retention_renewal.txt,5,"Work Requirements: Policies that enforce strict work requirements to maintain benefits (e.g., in SNAP or TANF) disproportionately harm the LGBTQ+ community.",enforce,enforce,,to maintain benefits,advcl,NP Ved NP to VP[-eventive],active,False,positive,MV21-00637,matched_strict,,1.0610685,,Sexual Orientation::Minority,Government Benefits :: Benefit retention / renewal,v1_dallas
v1_dallas::homosexual_people__healthcare__preventive_care,homosexual_people__healthcare__preventive_care,Preventive care,Healthcare,Sexual Orientation,Sexual Orientation,homosexual people,minority,minority,v1_dallas,Dallas,,Dallas,,,English,annotations/v1_dallas/google_aio_collection/homosexual_people/healthcare__preventive_care.txt,3,Provider Assumptions: Doctors who routinely assume patients are heterosexual often fail to recommend vital screenings or ask relevant health questions.,assume,assume,,patients are heterosexual,ccomp,NP Ved that S,active,False,positive,MV21-03694,matched_strict,,-1.3247496,,Sexual Orientation::Minority,Healthcare :: Preventive care,v1_dallas
v1_dallas::homosexual_people__healthcare__preventive_care,homosexual_people__healthcare__preventive_care,Preventive care,Healthcare,Sexual Orientation,Sexual Orientation,homosexual people,minority,minority,v1_dallas,Dallas,,Dallas,,,English,annotations/v1_dallas/google_aio_collection/homosexual_people/healthcare__preventive_care.txt,6,"Stigma and Bias: Fear of discrimination, past bad experiences in healthcare settings, and generalized minority stress lead many homosexual individuals to delay or avoid preventive services.",lead,lead,,to delay or avoid preventive services,xcomp,NP Ved NP to VP[+eventive],active,False,positive,MV21-00680,matched_strict,,0.99594826,,Sexual Orientation::Minority,Healthcare :: Preventive care,v1_dallas
v1_dallas::homosexual_people__housing__access_to_housing,homosexual_people__housing__access_to_housing,Access to housing,Housing,Sexual Orientation,Sexual Orientation,homosexual people,minority,minority,v1_dallas,Dallas,,Dallas,,,English,annotations/v1_dallas/google_aio_collection/homosexual_people/housing__access_to_housing.txt,3,"Direct Discrimination in Rental and Sales MarketsDespite increasing legal protections, overt and covert bias from housing providers remains a major barrier:Differential Treatment: Controlled testing reveals that housing providers are less likely to make appointments with same-sex male couples, inform them about fewer available units, and quote them higher rents compared to heterosexual pairs.",reveals,reveal,,"that housing providers are less likely to make appointments with same-sex male couples,",ccomp,NP Ved that S,active,False,positive,MV21-00802,matched_strict,,0.82202023,,Sexual Orientation::Minority,Housing :: Access to housing,v1_dallas
v1_dallas::homosexual_people__housing__access_to_housing,homosexual_people__housing__access_to_housing,Access to housing,Housing,Sexual Orientation,Sexual Orientation,homosexual people,minority,minority,v1_dallas,Dallas,,Dallas,,,English,annotations/v1_dallas/google_aio_collection/homosexual_people/housing__access_to_housing.txt,12,"Neighborhood Bias: Research shows that same-sex couples face lower housing entry barriers and find more stable housing values in socially liberal neighborhoods, whereas they encounter steep prejudice and volatile housing dynamics in socially conservative areas.4.",shows,show,,"that same-sex couples face lower housing entry barriers and find more stable housing values in socially liberal neighborhoods, whereas they encounter steep prejudice and volatile housing dynamics in socially conservative areas.4",ccomp,NP Ved that S,active,False,positive,MV21-01376,matched_strict,,0.22386,,Sexual Orientation::Minority,Housing :: Access to housing,v1_dallas
v1_dallas::homosexual_people__housing__access_to_housing,homosexual_people__housing__access_to_housing,Access to housing,Housing,Sexual Orientation,Sexual Orientation,homosexual people,minority,minority,v1_dallas,Dallas,,Dallas,,,English,annotations/v1_dallas/google_aio_collection/homosexual_people/housing__access_to_housing.txt,16,"Data shows that 44% of LGBTQ+ people of color report that discrimination has impacted their ability to buy or rent a home, compared to 32% of white LGBTQ+ individuals.",shows,show,,"that 44% of LGBTQ+ people of color report that discrimination has impacted their ability to buy or rent a home, compared to 32% of white LGBTQ+ individuals",ccomp,NP Ved that S,active,False,positive,MV21-01376,matched_strict,,0.22386,,Sexual Orientation::Minority,Housing :: Access to housing,v1_dallas
v1_dallas::homosexual_people__housing__access_to_housing,homosexual_people__housing__access_to_housing,Access to housing,Housing,Sexual Orientation,Sexual Orientation,homosexual people,minority,minority,v1_dallas,Dallas,,Dallas,,,English,annotations/v1_dallas/google_aio_collection/homosexual_people/housing__access_to_housing.txt,17,"If you would like to narrow this down, please let me know if you want to focus on:The legal protections and gaps in a specific country or region.",know,know,,if you want to focus on,ccomp,NP Ved that S,active,False,positive,MV21-00448,matched_strict,,1.4967998,,Sexual Orientation::Minority,Housing :: Access to housing,v1_dallas
v1_dallas::homosexual_people__housing__access_to_housing,homosexual_people__housing__access_to_housing,Access to housing,Housing,Sexual Orientation,Sexual Orientation,homosexual people,minority,minority,v1_dallas,Dallas,,Dallas,,,English,annotations/v1_dallas/google_aio_collection/homosexual_people/housing__access_to_housing.txt,19,Programs designed to support LGBTQ+ youth or seniors facing housing insecurity.,designed,design,,to support LGBTQ+ youth or seniors facing housing insecurity,xcomp,NP Ved to VP[+eventive],active,False,positive,MV21-03502,matched_strict,,-1.0458529,,Sexual Orientation::Minority,Housing :: Access to housing,v1_dallas
v1_dallas::homosexual_people__housing__housing_stability,homosexual_people__housing__housing_stability,Housing stability,Housing,Sexual Orientation,Sexual Orientation,homosexual people,minority,minority,v1_dallas,Dallas,,Dallas,,,English,annotations/v1_dallas/google_aio_collection/homosexual_people/housing__housing_stability.txt,2,Discrimination and Biased TreatmentRental and Sales Bias: Studies show that housing providers are less likely to respond to rental inquiries from same-sex couples or may quote higher rents and fees to male same-sex couples compared to different-sex couples.,show,show,,that housing providers are less likely to respond to rental inquiries from same-sex couples or may quote higher rents and fees to male same-sex couples compared to different-sex couples,ccomp,NP Ved that S,active,False,positive,MV21-01376,matched_strict,,0.22386,,Sexual Orientation::Minority,Housing :: Housing stability,v1_dallas
v1_dallas::latino_people__credit_and_financial_services__access_to_credit,latino_people__credit_and_financial_services__access_to_credit,Access to credit,Credit & Financial Services,Ethnicity,Ethnicity,Latino people,minority,minority,v1_dallas,Dallas,,Dallas,,,English,annotations/v1_dallas/google_aio_collection/latino_people/credit_and_financial_services__access_to_credit.txt,5,"Historically, studies have shown that more than 20% of Hispanic borrowers have no credit score compared to just 4% of white consumers.",shown,show,,that more than 20% of Hispanic borrowers have no credit score compared to just 4% of white consumers,ccomp,NP Ved that S,active,False,positive,MV21-01376,matched_strict,,0.22386,,Ethnicity::Minority,Credit & Financial Services :: Access to credit,v1_dallas
v1_dallas::latino_people__credit_and_financial_services__access_to_credit,latino_people__credit_and_financial_services__access_to_credit,Access to credit,Credit & Financial Services,Ethnicity,Ethnicity,Latino people,minority,minority,v1_dallas,Dallas,,Dallas,,,English,annotations/v1_dallas/google_aio_collection/latino_people/credit_and_financial_services__access_to_credit.txt,12,Language and Experiential BarriersMultilingual Services: Roughly 78% of U.S. Hispanics indicate that multilingual services are highly important when selecting a financial institution.,indicate,indicate,,that multilingual services are highly important when selecting a financial institution,ccomp,NP Ved that S,active,False,positive,MV21-02711,matched_strict,,-0.5292314,,Ethnicity::Minority,Credit & Financial Services :: Access to credit,v1_dallas
v1_dallas::latino_people__credit_and_financial_services__credit_loan_approval,latino_people__credit_and_financial_services__credit_loan_approval,Credit/loan approval,Credit & Financial Services,Ethnicity,Ethnicity,Latino people,minority,minority,v1_dallas,Dallas,,Dallas,,,English,annotations/v1_dallas/google_aio_collection/latino_people/credit_and_financial_services__credit_loan_approval.txt,10,me know how you would like to proceed.,know,know,,how you would like to proceed,ccomp,NP Ved that S,active,False,positive,MV21-00448,matched_strict,,1.4967998,,Ethnicity::Minority,Credit & Financial Services :: Credit/loan approval,v1_dallas
v1_dallas::latino_people__criminal_justice__arrest_detention_by_police,latino_people__criminal_justice__arrest_detention_by_police,Arrest / detention by police,Criminal Justice,Ethnicity,Ethnicity,Latino people,minority,minority,v1_dallas,Dallas,,Dallas,,,English,annotations/v1_dallas/google_aio_collection/latino_people/criminal_justice__arrest_detention_by_police.txt,4,Skin Tone and Phenotype (Colorism)Intragroup disparities: Research indicates that the likelihood of adult arrest among Latino individuals increases as perceived skin color darkens.,indicates,indicate,,that the likelihood of adult arrest among Latino individuals increases as perceived skin color darkens,ccomp,NP Ved that S,active,False,positive,MV21-02711,matched_strict,,-0.5292314,,Ethnicity::Minority,Criminal Justice :: Arrest / detention by police,v1_dallas
v1_dallas::latino_people__criminal_justice__arrest_detention_by_police,latino_people__criminal_justice__arrest_detention_by_police,Arrest / detention by police,Criminal Justice,Ethnicity,Ethnicity,Latino people,minority,minority,v1_dallas,Dallas,,Dallas,,,English,annotations/v1_dallas/google_aio_collection/latino_people/criminal_justice__arrest_detention_by_police.txt,6,Institutional and Data PracticesClassification and recording: The League of United Latin American Citizens (LULAC) and specialized criminal justice reports note that ethnicity data is often inconsistently tracked or grouped into generalized categories by law enforcement.,note,note,,that ethnicity data is often inconsistently tracked or grouped into generalized categories by law enforcement,ccomp,NP Ved that S,active,False,positive,MV21-01081,matched_strict,,0.49871644,,Ethnicity::Minority,Criminal Justice :: Arrest / detention by police,v1_dallas
v1_dallas::latino_people__criminal_justice__incarceration,latino_people__criminal_justice__incarceration,Incarceration,Criminal Justice,Ethnicity,Ethnicity,Latino people,minority,minority,v1_dallas,Dallas,,Dallas,,,English,annotations/v1_dallas/google_aio_collection/latino_people/criminal_justice__incarceration.txt,6,"Sentencing and Legal DiscretionEthnic Stereotypes: A study published in psychology databases shows that people perceived as Hispanic by legal actors are nearly twice as likely to go to prison as white individuals, even for the same crime history and severity.",shows,show,,"that people perceived as Hispanic by legal actors are nearly twice as likely to go to prison as white individuals, even for the same crime history and severity",ccomp,NP Ved that S,active,False,positive,MV21-01376,matched_strict,,0.22386,,Ethnicity::Minority,Criminal Justice :: Incarceration,v1_dallas
v1_dallas::latino_people__criminal_justice__incarceration,latino_people__criminal_justice__incarceration,Incarceration,Criminal Justice,Ethnicity,Ethnicity,Latino people,minority,minority,v1_dallas,Dallas,,Dallas,,,English,annotations/v1_dallas/google_aio_collection/latino_people/criminal_justice__incarceration.txt,8,Demographics and Age StructureYounger Population: Research indicates that the Latino population in the U.S. has a younger average age structure than the white population.,indicates,indicate,,that the Latino population in the U.S. has a younger average age structure than the white population,ccomp,NP Ved that S,active,False,positive,MV21-02711,matched_strict,,-0.5292314,,Ethnicity::Minority,Criminal Justice :: Incarceration,v1_dallas
v1_dallas::latino_people__criminal_justice__incarceration,latino_people__criminal_justice__incarceration,Incarceration,Criminal Justice,Ethnicity,Ethnicity,Latino people,minority,minority,v1_dallas,Dallas,,Dallas,,,English,annotations/v1_dallas/google_aio_collection/latino_people/criminal_justice__incarceration.txt,10,"Early System Contact and Data GapsSchool-to-Prison Pipeline: Studies show that Latino and Black youth make up a large portion of students referred to law enforcement or arrested in schools, pushing them into the justice system at an early age.",show,show,,"that Latino and Black youth make up a large portion of students referred to law enforcement or arrested in schools, pushing them into the justice system at an early age",ccomp,NP Ved that S,active,False,positive,MV21-01376,matched_strict,,0.22386,,Ethnicity::Minority,Criminal Justice :: Incarceration,v1_dallas
v1_dallas::latino_people__criminal_justice__incarceration,latino_people__criminal_justice__incarceration,Incarceration,Criminal Justice,Ethnicity,Ethnicity,Latino people,minority,minority,v1_dallas,Dallas,,Dallas,,,English,annotations/v1_dallas/google_aio_collection/latino_people/criminal_justice__incarceration.txt,14,"If you'd like, I can provide more details on:Juvenile justice disparities affecting Latino youthThe impact of immigration enforcement on local communitiesProposed criminal justice reformsLet me know how you want to proceed.",know,know,,how you want to proceed,ccomp,NP Ved that S,active,False,positive,MV21-00448,matched_strict,,1.4967998,,Ethnicity::Minority,Criminal Justice :: Incarceration,v1_dallas
v1_dallas::latino_people__criminal_justice__police_use_of_force,latino_people__criminal_justice__police_use_of_force,Police use of force,Criminal Justice,Ethnicity,Ethnicity,Latino people,minority,minority,v1_dallas,Dallas,,Dallas,,,English,annotations/v1_dallas/google_aio_collection/latino_people/criminal_justice__police_use_of_force.txt,2,Neighborhood and Structural FactorsConcentrated Disadvantage: Research indicates that police deployments and subsequent use of force are higher in densely populated or economically disadvantaged neighborhoods where Black and Hispanic residents often live.,indicates,indicate,,that police deployments and subsequent use of force are higher in densely populated or economically disadvantaged neighborhoods where Black and Hispanic residents often live,ccomp,NP Ved that S,active,False,positive,MV21-02711,matched_strict,,-0.5292314,,Ethnicity::Minority,Criminal Justice :: Police use of force,v1_dallas
v1_dallas::latino_people__criminal_justice__police_use_of_force,latino_people__criminal_justice__police_use_of_force,Police use of force,Criminal Justice,Ethnicity,Ethnicity,Latino people,minority,minority,v1_dallas,Dallas,,Dallas,,,English,annotations/v1_dallas/google_aio_collection/latino_people/criminal_justice__police_use_of_force.txt,3,Social Control Theories: Structural perspectives suggest that law enforcement agencies may deploy higher levels of formal social control in communities with large minority concentrations to maintain perceived social order.,suggest,suggest,,that law enforcement agencies may deploy higher levels of formal social control in communities with large minority concentrations to maintain perceived social order,ccomp,NP Ved that S,active,False,positive,MV21-03865,matched_strict,,-1.9342568,,Ethnicity::Minority,Criminal Justice :: Police use of force,v1_dallas
v1_dallas::latino_people__criminal_justice__police_use_of_force,latino_people__criminal_justice__police_use_of_force,Police use of force,Criminal Justice,Ethnicity,Ethnicity,Latino people,minority,minority,v1_dallas,Dallas,,Dallas,,,English,annotations/v1_dallas/google_aio_collection/latino_people/criminal_justice__police_use_of_force.txt,4,"Officer Perceptions and Decision-MakingPerceptual Shorthand: Under conditions of high ambiguity or stress, officers may rely on cognitive shortcuts (""perceptual shorthand"") that incorporate racial or ethnic stereotypes, potentially leading them to perceive Latino or minority suspects as more dangerous.",leading,lead,,to perceive Latino or minority suspects as more dangerous,advcl,NP Ved NP to VP[+eventive],active,False,positive,MV21-00680,matched_strict,,0.99594826,,Ethnicity::Minority,Criminal Justice :: Police use of force,v1_dallas
v1_dallas::latino_people__criminal_justice__police_use_of_force,latino_people__criminal_justice__police_use_of_force,Police use of force,Criminal Justice,Ethnicity,Ethnicity,Latino people,minority,minority,v1_dallas,Dallas,,Dallas,,,English,annotations/v1_dallas/google_aio_collection/latino_people/criminal_justice__police_use_of_force.txt,5,"Suspect Demographics: Studies analyzing suspect characteristics during stops note that physical attributes, such as being perceived as very large or physically imposing, can compound the odds of police using physical force against Hispanic and Black suspects.",note,note,,"that physical attributes, such as being perceived as very large or physically imposing, can compound the odds of police using physical force against Hispanic and Black suspects",ccomp,NP Ved that S,active,False,positive,MV21-01081,matched_strict,,0.49871644,,Ethnicity::Minority,Criminal Justice :: Police use of force,v1_dallas
v1_dallas::latino_people__education__college_access_admission,latino_people__education__college_access_admission,College access/admission,Education,Ethnicity,Ethnicity,Latino people,minority,minority,v1_dallas,Dallas,,Dallas,,,English,annotations/v1_dallas/google_aio_collection/latino_people/education__college_access_admission.txt,8,"Family proximity: Cultural values strongly emphasize la familia, leading many students to choose schools close to home over more distant selective institutions.",leading,lead,,to choose schools close to home over more distant selective institutions,xcomp,NP Ved NP to VP[+eventive],active,False,positive,MV21-00680,matched_strict,,0.99594826,,Ethnicity::Minority,Education :: College access/admission,v1_dallas
v1_dallas::latino_people__education__harassment_bullying,latino_people__education__harassment_bullying,Harassment/bullying,Education,Ethnicity,Ethnicity,Latino people,minority,minority,v1_dallas,Dallas,,Dallas,,,English,annotations/v1_dallas/google_aio_collection/latino_people/education__harassment_bullying.txt,2,"Intersectional Identity and DemographicsRace, Ethnicity, and Gender: Research indicates that identity-based bullying is heavily driven by stereotypes related to race, ethnicity, and gender, making Latino youth—particularly those with overlapping minority or LGBTQ+ identities—more vulnerable to peer harassment.",indicates,indicate,,"that identity-based bullying is heavily driven by stereotypes related to race, ethnicity, and gender, making Latino youth—particularly those with overlapping minority or LGBTQ+ identities—more vulnerable to peer harassment",ccomp,NP Ved that S,active,False,positive,MV21-02711,matched_strict,,-0.5292314,,Ethnicity::Minority,Education :: Harassment/bullying,v1_dallas
v1_dallas::latino_people__education__harassment_bullying,latino_people__education__harassment_bullying,Harassment/bullying,Education,Ethnicity,Ethnicity,Latino people,minority,minority,v1_dallas,Dallas,,Dallas,,,English,annotations/v1_dallas/google_aio_collection/latino_people/education__harassment_bullying.txt,10,"School and Environmental ContextsAcademic Success and Extracurriculars: Paradoxically, research notes that Latino students involved in specific academic extracurricular activities or high academic achievement may experience elevated rates of peer victimization compared to majority peers.",notes,note,,that Latino students involved in specific academic extracurricular activities or high academic achievement may experience elevated rates of peer victimization compared to majority peers,ccomp,NP Ved that S,active,False,positive,MV21-01081,matched_strict,,0.49871644,,Ethnicity::Minority,Education :: Harassment/bullying,v1_dallas
v1_dallas::latino_people__employment__career_advancement,latino_people__employment__career_advancement,Career advancement,Employment,Ethnicity,Ethnicity,Latino people,minority,minority,v1_dallas,Dallas,,Dallas,,,English,annotations/v1_dallas/google_aio_collection/latino_people/employment__career_advancement.txt,11,"Intersectional Identity: Skin tone, gender, and immigrant background heavily influence career progression, with many reporting that complexions or foreign-born status affect how their work is recognized.",reporting,report,,that complexions or foreign-born status affect how their work is recognized,ccomp,NP Ved that S,active,False,positive,MV21-02250,matched_strict,,-0.30240816,,Ethnicity::Minority,Employment :: Career advancement,v1_dallas
v1_dallas::latino_people__employment__career_advancement,latino_people__employment__career_advancement,Career advancement,Employment,Ethnicity,Ethnicity,Latino people,minority,minority,v1_dallas,Dallas,,Dallas,,,English,annotations/v1_dallas/google_aio_collection/latino_people/employment__career_advancement.txt,16,Let me know how you want to proceed.,know,know,,how you want to proceed,ccomp,NP Ved that S,active,False,positive,MV21-00448,matched_strict,,1.4967998,,Ethnicity::Minority,Employment :: Career advancement,v1_dallas
v1_dallas::latino_people__employment__hiring,latino_people__employment__hiring,Hiring,Employment,Ethnicity,Ethnicity,Latino people,minority,minority,v1_dallas,Dallas,,Dallas,,,English,annotations/v1_dallas/google_aio_collection/latino_people/employment__hiring.txt,2,"While the Latino community maintains a high labor force participation rate, multiple socioeconomic and institutional factors dictate how and where they are hired.1.",dictate,dictate,,where they are hired.1,ccomp,NP Ved that S,active,False,positive,MV21-02387,matched_strict,,-0.37246418,,Ethnicity::Minority,Employment :: Hiring,v1_dallas
v1_dallas::latino_people__employment__hiring,latino_people__employment__hiring,Hiring,Employment,Ethnicity,Ethnicity,Latino people,minority,minority,v1_dallas,Dallas,,Dallas,,,English,annotations/v1_dallas/google_aio_collection/latino_people/employment__hiring.txt,3,"Systemic and Workplace DiscriminationHiring and Promotion Bias: Research from the U.S. Commission on Civil Rights demonstrates that even when qualifications like education and age are equalized, minorities still face a significant disadvantage in hiring.",demonstrates,demonstrate,,"that even when qualifications like education and age are equalized, minorities still face a significant disadvantage in hiring",ccomp,NP Ved that S,active,False,positive,MV21-02309,matched_strict,,-0.3352641,,Ethnicity::Minority,Employment :: Hiring,v1_dallas
v1_dallas::latino_people__employment__hiring,latino_people__employment__hiring,Hiring,Employment,Ethnicity,Ethnicity,Latino people,minority,minority,v1_dallas,Dallas,,Dallas,,,English,annotations/v1_dallas/google_aio_collection/latino_people/employment__hiring.txt,4,"Academic studies also show that when applicant qualifications are mixed or ambiguous, ethnic background heavily influences hiring decisions, with Latino applicants facing higher rates of bias.",show,show,,"that when applicant qualifications are mixed or ambiguous, ethnic background heavily influences hiring decisions, with Latino applicants facing higher rates of bias",ccomp,NP Ved that S,active,False,positive,MV21-01376,matched_strict,,0.22386,,Ethnicity::Minority,Employment :: Hiring,v1_dallas
v1_dallas::latino_people__employment__hiring,latino_people__employment__hiring,Hiring,Employment,Ethnicity,Ethnicity,Latino people,minority,minority,v1_dallas,Dallas,,Dallas,,,English,annotations/v1_dallas/google_aio_collection/latino_people/employment__hiring.txt,14,"Lack of Mentorship ""Social Capital"": Corporate surveys indicate that Latino employees often report having lower social capital—meaning they have fewer professional connections, mentors, or sponsors to advocate for them during hiring or internal promotion cycles.5.",indicate,indicate,,"that Latino employees often report having lower social capital—meaning they have fewer professional connections, mentors, or sponsors to advocate for them during hiring or internal promotion cycles.5",ccomp,NP Ved that S,active,False,positive,MV21-02711,matched_strict,,-0.5292314,,Ethnicity::Minority,Employment :: Hiring,v1_dallas
v1_dallas::latino_people__employment__hiring,latino_people__employment__hiring,Hiring,Employment,Ethnicity,Ethnicity,Latino people,minority,minority,v1_dallas,Dallas,,Dallas,,,English,annotations/v1_dallas/google_aio_collection/latino_people/employment__hiring.txt,18,"Would you like to explore how specific industries are adjusting their hiring practices to better support Latino professionals, or do you want to look into targeted workforce training programs designed to bridge these gaps?",designed,design,,to bridge these gaps,xcomp,NP Ved to VP[+eventive],active,False,positive,MV21-03502,matched_strict,,-1.0458529,,Ethnicity::Minority,Employment :: Hiring,v1_dallas
v1_dallas::latino_people__employment__workplace_harassment,latino_people__employment__workplace_harassment,Workplace harassment,Employment,Ethnicity,Ethnicity,Latino people,minority,minority,v1_dallas,Dallas,,Dallas,,,English,annotations/v1_dallas/google_aio_collection/latino_people/employment__workplace_harassment.txt,11,"If you'd like, let me know if you are looking for information on legal protections (like Title VII via the EEOC Enforcement Guidance) or strategies for reporting harassment at work.",know,know,,if you are looking for information on legal protections (like Title VII via the EEOC Enforcement Guidance) or strategies for reporting harassment at work,ccomp,NP Ved that S,active,False,positive,MV21-00448,matched_strict,,1.4967998,,Ethnicity::Minority,Employment :: Workplace harassment,v1_dallas
v1_dallas::latino_people__government_benefits__access_to_government_benefits,latino_people__government_benefits__access_to_government_benefits,Access to government benefits,Government Benefits,Ethnicity,Ethnicity,Latino people,minority,minority,v1_dallas,Dallas,,Dallas,,,English,annotations/v1_dallas/google_aio_collection/latino_people/government_benefits__access_to_government_benefits.txt,7,Language and Information BarriersLimited English Proficiency (LEP): The National Immigration Law Center notes that many individuals with LEP struggle to navigate complex application forms or speak with agency staff without proper language services.,notes,note,,that many individuals with LEP struggle to navigate complex application forms or speak with agency staff without proper language services,ccomp,NP Ved that S,active,False,positive,MV21-01081,matched_strict,,0.49871644,,Ethnicity::Minority,Government Benefits :: Access to government benefits,v1_dallas
v1_dallas::latino_people__government_benefits__access_to_government_benefits,latino_people__government_benefits__access_to_government_benefits,Access to government benefits,Government Benefits,Ethnicity,Ethnicity,Latino people,minority,minority,v1_dallas,Dallas,,Dallas,,,English,annotations/v1_dallas/google_aio_collection/latino_people/government_benefits__access_to_government_benefits.txt,8,"Eligibility Misconceptions: Research from the Hispanic Research Center shows that low-income Latino parents often hold misconceptions about their eligibility, incorrectly believing that their family's immigration background bars them from aid even when their children are U.S. citizens.",shows,show,,"that low-income Latino parents often hold misconceptions about their eligibility, incorrectly believing that their family's immigration background bars them from aid even when their children are U.S. citizens",ccomp,NP Ved that S,active,False,positive,MV21-01376,matched_strict,,0.22386,,Ethnicity::Minority,Government Benefits :: Access to government benefits,v1_dallas
v1_dallas::latino_people__government_benefits__access_to_government_benefits,latino_people__government_benefits__access_to_government_benefits,Access to government benefits,Government Benefits,Ethnicity,Ethnicity,Latino people,minority,minority,v1_dallas,Dallas,,Dallas,,,English,annotations/v1_dallas/google_aio_collection/latino_people/government_benefits__access_to_government_benefits.txt,8,"Eligibility Misconceptions: Research from the Hispanic Research Center shows that low-income Latino parents often hold misconceptions about their eligibility, incorrectly believing that their family's immigration background bars them from aid even when their children are U.S. citizens.",believing,believe,,that their family's immigration background bars them from aid even when their children are U.S. citizens,ccomp,NP Ved that S,active,False,positive,MV21-03614,matched_strict,,-1.1882768,,Ethnicity::Minority,Government Benefits :: Access to government benefits,v1_dallas
v1_dallas::latino_people__government_benefits__application_approval,latino_people__government_benefits__application_approval,Application/approval,Government Benefits,Ethnicity,Ethnicity,Latino people,minority,minority,v1_dallas,Dallas,,Dallas,,,English,annotations/v1_dallas/google_aio_collection/latino_people/government_benefits__application_approval.txt,2,"Research consistently shows that while many low-income Latino families meet the basic eligibility criteria for vital safety-net programs like Medicaid or SNAP, their actual participation rates lag behind other demographic groups.1.",shows,show,,"that while many low-income Latino families meet the basic eligibility criteria for vital safety-net programs like Medicaid or SNAP, their actual participation rates lag behind other demographic groups.1",ccomp,NP Ved that S,active,False,positive,MV21-01376,matched_strict,,0.22386,,Ethnicity::Minority,Government Benefits :: Application/approval,v1_dallas
v1_dallas::latino_people__government_benefits__application_approval,latino_people__government_benefits__application_approval,Application/approval,Government Benefits,Ethnicity,Ethnicity,Latino people,minority,minority,v1_dallas,Dallas,,Dallas,,,English,annotations/v1_dallas/google_aio_collection/latino_people/government_benefits__application_approval.txt,7,"Many immigrants worry that enrolling themselves or their children in a government program will negatively affect their ability to adjust their legal status, gain citizenship, or secure a green card.",worry,worry,,"that enrolling themselves or their children in a government program will negatively affect their ability to adjust their legal status, gain citizenship, or secure a green card",ccomp,NP Ved that S,active,False,positive,MV21-02089,matched_strict,,-0.22101107,,Ethnicity::Minority,Government Benefits :: Application/approval,v1_dallas
v1_dallas::latino_people__government_benefits__benefit_retention_renewal,latino_people__government_benefits__benefit_retention_renewal,Benefit retention / renewal,Government Benefits,Ethnicity,Ethnicity,Latino people,minority,minority,v1_dallas,Dallas,,Dallas,,,English,annotations/v1_dallas/google_aio_collection/latino_people/government_benefits__benefit_retention_renewal.txt,1,Research shows that Latino individuals and families are disproportionately vulnerable to losing government benefits during the renewal process.,shows,show,,that Latino individuals and families are disproportionately vulnerable to losing government benefits during the renewal process,ccomp,NP Ved that S,active,False,positive,MV21-01376,matched_strict,,0.22386,,Ethnicity::Minority,Government Benefits :: Benefit retention / renewal,v1_dallas
v1_dallas::latino_people__government_benefits__benefit_retention_renewal,latino_people__government_benefits__benefit_retention_renewal,Benefit retention / renewal,Government Benefits,Ethnicity,Ethnicity,Latino people,minority,minority,v1_dallas,Dallas,,Dallas,,,English,annotations/v1_dallas/google_aio_collection/latino_people/government_benefits__benefit_retention_renewal.txt,6,"Disparate Verification Demands: Research from organizations like the Kaiser Family Foundation (KFF) shows that Black and Latino adults are frequently subjected to higher administrative scrutiny, such as being asked to prove their residency more often than white adults during renewals.2.",shows,show,,"that Black and Latino adults are frequently subjected to higher administrative scrutiny, such as being asked to prove their residency more often than white adults during renewals.2",ccomp,NP Ved that S,active,False,positive,MV21-01376,matched_strict,,0.22386,,Ethnicity::Minority,Government Benefits :: Benefit retention / renewal,v1_dallas
v1_dallas::latino_people__government_benefits__benefit_retention_renewal,latino_people__government_benefits__benefit_retention_renewal,Benefit retention / renewal,Government Benefits,Ethnicity,Ethnicity,Latino people,minority,minority,v1_dallas,Dallas,,Dallas,,,English,annotations/v1_dallas/google_aio_collection/latino_people/government_benefits__benefit_retention_renewal.txt,6,"Disparate Verification Demands: Research from organizations like the Kaiser Family Foundation (KFF) shows that Black and Latino adults are frequently subjected to higher administrative scrutiny, such as being asked to prove their residency more often than white adults during renewals.2.",asked,ask,,to prove their residency more often than white adults during renewals.2,xcomp,NP was Ved to VP[+eventive],passive,False,positive,MV21-03747,matched_strict,,-1.4978678,,Ethnicity::Minority,Government Benefits :: Benefit retention / renewal,v1_dallas
v1_dallas::latino_people__government_benefits__benefit_retention_renewal,latino_people__government_benefits__benefit_retention_renewal,Benefit retention / renewal,Government Benefits,Ethnicity,Ethnicity,Latino people,minority,minority,v1_dallas,Dallas,,Dallas,,,English,annotations/v1_dallas/google_aio_collection/latino_people/government_benefits__benefit_retention_renewal.txt,12,"State Policy Variations and Structural StabilityBecause programs like Medicaid are administered at the state level, a person's geographic location dictates their retention success.",dictates,dictate,,State Policy Variations and Structural StabilityBecause programs like Medicaid are administered at the state level,ccomp,NP Ved that S,active,False,positive,MV21-02387,matched_strict,,-0.37246418,,Ethnicity::Minority,Government Benefits :: Benefit retention / renewal,v1_dallas
v1_dallas::latino_people__government_benefits__benefit_retention_renewal,latino_people__government_benefits__benefit_retention_renewal,Benefit retention / renewal,Government Benefits,Ethnicity,Ethnicity,Latino people,minority,minority,v1_dallas,Dallas,,Dallas,,,English,annotations/v1_dallas/google_aio_collection/latino_people/government_benefits__benefit_retention_renewal.txt,16,"you focused on a particular geographic area or state (e.g., California, Texas, Florida)?Do you need actionable strategies for community organizations to help families increase retention?",need,need,,to help families increase retention,advcl,NP Ved NP to VP[+eventive],active,False,positive,MV21-02814,matched_strict,,-0.56830466,,Ethnicity::Minority,Government Benefits :: Benefit retention / renewal,v1_dallas
v1_dallas::latino_people__healthcare__insurance_coverage,latino_people__healthcare__insurance_coverage,Insurance coverage,Healthcare,Ethnicity,Ethnicity,Latino people,minority,minority,v1_dallas,Dallas,,Dallas,,,English,annotations/v1_dallas/google_aio_collection/latino_people/healthcare__insurance_coverage.txt,4,"• Foreign-Born Status: Research shows that being foreign-born is independently associated with higher odds of being uninsured, even when adjusting for income and education.
",shows,show,,"that being foreign-born is independently associated with higher odds of being uninsured, even when adjusting for income and education",ccomp,NP Ved that S,active,False,positive,MV21-01376,matched_strict,,0.22386,,Ethnicity::Minority,Healthcare :: Insurance coverage,v1_dallas
v1_dallas::latino_people__healthcare__insurance_coverage,latino_people__healthcare__insurance_coverage,Insurance coverage,Healthcare,Ethnicity,Ethnicity,Latino people,minority,minority,v1_dallas,Dallas,,Dallas,,,English,annotations/v1_dallas/google_aio_collection/latino_people/healthcare__insurance_coverage.txt,7,"• Medical Debt: Financial strain from medical or dental debt leads many individuals to delay or forgo necessary medical attention.
",leads,lead,,to delay or forgo necessary medical attention,xcomp,NP Ved NP to VP[+eventive],active,False,positive,MV21-00680,matched_strict,,0.99594826,,Ethnicity::Minority,Healthcare :: Insurance coverage,v1_dallas
v1_dallas::latino_people__healthcare__patient_safety,latino_people__healthcare__patient_safety,Patient safety,Healthcare,Ethnicity,Ethnicity,Latino people,minority,minority,v1_dallas,Dallas,,Dallas,,,English,annotations/v1_dallas/google_aio_collection/latino_people/healthcare__patient_safety.txt,4,"• Provider Communication: Studies show that poor communication is a leading driver of perceived healthcare discrimination and delayed care.
",show,show,,that poor communication is a leading driver of perceived healthcare discrimination and delayed care,ccomp,NP Ved that S,active,False,positive,MV21-01376,matched_strict,,0.22386,,Ethnicity::Minority,Healthcare :: Patient safety,v1_dallas
v1_dallas::latino_people__housing__access_to_housing,latino_people__housing__access_to_housing,Access to housing,Housing,Ethnicity,Ethnicity,Latino people,minority,minority,v1_dallas,Dallas,,Dallas,,,English,annotations/v1_dallas/google_aio_collection/latino_people/housing__access_to_housing.txt,9,"Housing Discrimination and Systemic Bias
• Market Discrimination: Studies show Latino buyers can face higher interest rates, stricter paperwork rules, and appraisal bias—where homes in minority neighborhoods are undervalued.
",show,show,,"Latino buyers can face higher interest rates, stricter paperwork rules, and appraisal bias—where homes in minority neighborhoods are undervalued",ccomp,NP Ved that S,active,False,positive,MV21-01376,matched_strict,,0.22386,,Ethnicity::Minority,Housing :: Access to housing,v1_dallas
v1_dallas::latino_people__housing__access_to_housing,latino_people__housing__access_to_housing,Access to housing,Housing,Ethnicity,Ethnicity,Latino people,minority,minority,v1_dallas,Dallas,,Dallas,,,English,annotations/v1_dallas/google_aio_collection/latino_people/housing__access_to_housing.txt,12,"Research by the Joint Center for Housing Studies notes these systemic barriers block families from building housing wealth.
",notes,note,,these systemic barriers block families from building housing wealth,ccomp,NP Ved that S,active,False,positive,MV21-01081,matched_strict,,0.49871644,,Ethnicity::Minority,Housing :: Access to housing,v1_dallas
v1_dallas::latino_people__housing__access_to_housing,latino_people__housing__access_to_housing,Access to housing,Housing,Ethnicity,Ethnicity,Latino people,minority,minority,v1_dallas,Dallas,,Dallas,,,English,annotations/v1_dallas/google_aio_collection/latino_people/housing__access_to_housing.txt,17,"Provide details on housing assistance programs available for low-income families
• Share strategies for first-time homebuyers overcoming credit or language barriers
Let me know how you would like to proceed.",know,know,,how you would like to proceed,ccomp,NP Ved that S,active,False,positive,MV21-00448,matched_strict,,1.4967998,,Ethnicity::Minority,Housing :: Access to housing,v1_dallas
v1_dallas::latino_people__housing__homelessness,latino_people__housing__homelessness,Homelessness,Housing,Ethnicity,Ethnicity,Latino people,minority,minority,v1_dallas,Dallas,,Dallas,,,English,annotations/v1_dallas/google_aio_collection/latino_people/housing__homelessness.txt,13,"If you'd like, I can provide more information on:
• Specific regional data (such as trends in California or Texas)
• Proposed policy solutions and culturally responsive interventions
Let me know how you would like to proceed.",know,know,,how you would like to proceed,ccomp,NP Ved that S,active,False,positive,MV21-00448,matched_strict,,1.4967998,,Ethnicity::Minority,Housing :: Homelessness,v1_dallas
v1_dallas::latino_people__housing__housing_stability,latino_people__housing__housing_stability,Housing stability,Housing,Ethnicity,Ethnicity,Latino people,minority,minority,v1_dallas,Dallas,,Dallas,,,English,annotations/v1_dallas/google_aio_collection/latino_people/housing__housing_stability.txt,8,"Language and Immigration Factors
• English Proficiency: Data from the American Community Survey show that Latinos who speak English very well or exclusively report higher rates of homeownership, and neighborhoods with higher English proficiency tend to have higher overall homeownership rates.
",show,show,,"that Latinos who speak English very well or exclusively report higher rates of homeownership, and neighborhoods with higher English proficiency tend to have higher overall homeownership rates",ccomp,NP Ved that S,active,False,positive,MV21-01376,matched_strict,,0.22386,,Ethnicity::Minority,Housing :: Housing stability,v1_dallas
v1_dallas::latino_people__housing__housing_stability,latino_people__housing__housing_stability,Housing stability,Housing,Ethnicity,Ethnicity,Latino people,minority,minority,v1_dallas,Dallas,,Dallas,,,English,annotations/v1_dallas/google_aio_collection/latino_people/housing__housing_stability.txt,14,"• Underutilization of Assistance: Studies indicate that low-income Latino households are underrepresented in public housing, Housing Choice Vouchers, and other housing assistance programs relative to their poverty rates, often due to language and administrative barriers.
",indicate,indicate,,"that low-income Latino households are underrepresented in public housing, Housing Choice Vouchers, and other housing assistance programs relative to their poverty rates, often due to language and administrative barriers",ccomp,NP Ved that S,active,False,positive,MV21-02711,matched_strict,,-0.5292314,,Ethnicity::Minority,Housing :: Housing stability,v1_dallas
v1_dallas::latino_people__housing__housing_stability,latino_people__housing__housing_stability,Housing stability,Housing,Ethnicity,Ethnicity,Latino people,minority,minority,v1_dallas,Dallas,,Dallas,,,English,annotations/v1_dallas/google_aio_collection/latino_people/housing__housing_stability.txt,17,"If you'd like to explore this further, let me know if you want to focus on:
• Regional housing stability trends in Texas
• Specific down payment assistance programs available for Latino homebuyers
• Policies aimed at reducing the homeownership gap",know,know,,"if you want to focus on:
• Regional housing stability trends in Texas
• Specific down payment assistance programs available for Latino homebuyers
• Policies aimed at reducing the homeownership gap",ccomp,NP Ved that S,active,False,positive,MV21-00448,matched_strict,,1.4967998,,Ethnicity::Minority,Housing :: Housing stability,v1_dallas
v1_dallas::men__credit_and_financial_services__access_to_banking_services,men__credit_and_financial_services__access_to_banking_services,Access to banking services,Credit & Financial Services,Gender,Gender,Men,majority,majority,v1_dallas,Dallas,,Dallas,,,English,annotations/v1_dallas/google_aio_collection/men/credit_and_financial_services__access_to_banking_services.txt,8,"Trust and Social Factors
• Institutional Trust: Skepticism or past negative experiences with formal financial institutions lead some consumers to avoid banks voluntarily or involuntarily.
",lead,lead,,to avoid banks voluntarily or involuntarily,xcomp,NP Ved NP to VP[+eventive],active,False,positive,MV21-00680,matched_strict,,0.99594826,,Gender::Majority,Credit & Financial Services :: Access to banking services,v1_dallas
v1_dallas::men__credit_and_financial_services__access_to_banking_services,men__credit_and_financial_services__access_to_banking_services,Access to banking services,Credit & Financial Services,Gender,Gender,Men,majority,majority,v1_dallas,Dallas,,Dallas,,,English,annotations/v1_dallas/google_aio_collection/men/credit_and_financial_services__access_to_banking_services.txt,10,"If you are looking at a specific demographic, region, or type of financial product, let me know so I can tailor these factors further.",know,know,,so I can tailor these factors further,ccomp,NP Ved that S,active,False,positive,MV21-00448,matched_strict,,1.4967998,,Gender::Majority,Credit & Financial Services :: Access to banking services,v1_dallas
v1_dallas::men__credit_and_financial_services__access_to_credit,men__credit_and_financial_services__access_to_credit,Access to credit,Credit & Financial Services,Gender,Gender,Men,majority,majority,v1_dallas,Dallas,,Dallas,,,English,annotations/v1_dallas/google_aio_collection/men/credit_and_financial_services__access_to_credit.txt,3,"• Amounts owed: Total debt and credit utilization ratios dictate how much additional risk a lender perceives.
",dictate,dictate,,how much additional risk a lender perceives,ccomp,NP Ved that S,active,False,positive,MV21-02387,matched_strict,,-0.37246418,,Gender::Majority,Credit & Financial Services :: Access to credit,v1_dallas
v1_dallas::men__credit_and_financial_services__access_to_credit,men__credit_and_financial_services__access_to_credit,Access to credit,Credit & Financial Services,Gender,Gender,Men,majority,majority,v1_dallas,Dallas,,Dallas,,,English,annotations/v1_dallas/google_aio_collection/men/credit_and_financial_services__access_to_credit.txt,7,"• Early-life and geographic environment: Research indicates that childhood environment, neighborhood upward mobility, and local socioeconomic factors indirectly shape adult financial behaviors and long-term credit health.
",indicates,indicate,,"that childhood environment, neighborhood upward mobility, and local socioeconomic factors indirectly shape adult financial behaviors and long-term credit health",ccomp,NP Ved that S,active,False,positive,MV21-02711,matched_strict,,-0.5292314,,Gender::Majority,Credit & Financial Services :: Access to credit,v1_dallas
v1_dallas::men__credit_and_financial_services__access_to_credit,men__credit_and_financial_services__access_to_credit,Access to credit,Credit & Financial Services,Gender,Gender,Men,majority,majority,v1_dallas,Dallas,,Dallas,,,English,annotations/v1_dallas/google_aio_collection/men/credit_and_financial_services__access_to_credit.txt,8,"• Algorithmic calibration: While traditional credit scoring models are legally gender-neutral and do not use gender as a direct input, studies suggest that predictive efficacy and scoring outcomes can exhibit nuanced distributional differences across demographic lines.
",suggest,suggest,,that predictive efficacy and scoring outcomes can exhibit nuanced distributional differences across demographic lines,ccomp,NP Ved that S,active,False,positive,MV21-03865,matched_strict,,-1.9342568,,Gender::Majority,Credit & Financial Services :: Access to credit,v1_dallas
v1_dallas::men__credit_and_financial_services__credit_loan_approval,men__credit_and_financial_services__credit_loan_approval,Credit/loan approval,Credit & Financial Services,Gender,Gender,Men,majority,majority,v1_dallas,Dallas,,Dallas,,,English,annotations/v1_dallas/google_aio_collection/men/credit_and_financial_services__credit_loan_approval.txt,5,"Lenders prefer a lower DTI to ensure you can afford new payments.
",ensure,ensure,,you can afford new payments,ccomp,NP Ved that S,active,False,positive,MV21-02833,matched_strict,,-0.5772175,,Gender::Majority,Credit & Financial Services :: Credit/loan approval,v1_dallas
v1_dallas::men__credit_and_financial_services__credit_loan_approval,men__credit_and_financial_services__credit_loan_approval,Credit/loan approval,Credit & Financial Services,Gender,Gender,Men,majority,majority,v1_dallas,Dallas,,Dallas,,,English,annotations/v1_dallas/google_aio_collection/men/credit_and_financial_services__credit_loan_approval.txt,6,"• Income and Employment Stability: Proof of a steady, reliable income confirms you have the financial means to repay the borrowed amount.
",confirms,confirm,,you have the financial means to repay the borrowed amount,ccomp,NP Ved that S,active,False,positive,MV21-01682,matched_strict,,-0.009685539,,Gender::Majority,Credit & Financial Services :: Credit/loan approval,v1_dallas
v1_dallas::men__criminal_justice__arrest_detention_by_police,men__criminal_justice__arrest_detention_by_police,Arrest / detention by police,Criminal Justice,Gender,Gender,Men,majority,majority,v1_dallas,Dallas,,Dallas,,,English,annotations/v1_dallas/google_aio_collection/men/criminal_justice__arrest_detention_by_police.txt,6,"Officer and Departmental Characteristics
• Responding Personnel: Research highlighted by the Bureau of Justice Assistance indicates that incidents involving a higher number of responding officers, female officers, or college-educated officers statistically show a greater likelihood of ending in an arrest.
",indicates,indicate,,"Officer and Departmental Characteristics
• Responding Personnel",ccomp,NP Ved that S,active,False,positive,MV21-02711,matched_strict,,-0.5292314,,Gender::Majority,Criminal Justice :: Arrest / detention by police,v1_dallas
v1_dallas::men__criminal_justice__arrest_detention_by_police,men__criminal_justice__arrest_detention_by_police,Arrest / detention by police,Criminal Justice,Gender,Gender,Men,majority,majority,v1_dallas,Dallas,,Dallas,,,English,annotations/v1_dallas/google_aio_collection/men/criminal_justice__arrest_detention_by_police.txt,6,"Officer and Departmental Characteristics
• Responding Personnel: Research highlighted by the Bureau of Justice Assistance indicates that incidents involving a higher number of responding officers, female officers, or college-educated officers statistically show a greater likelihood of ending in an arrest.
",indicates,indicate,,"that incidents involving a higher number of responding officers, female officers, or college-educated officers statistically show a greater likelihood of ending in an arrest",ccomp,NP Ved that S,active,False,positive,MV21-02711,matched_strict,,-0.5292314,,Gender::Majority,Criminal Justice :: Arrest / detention by police,v1_dallas
v1_dallas::men__criminal_justice__arrest_detention_by_police,men__criminal_justice__arrest_detention_by_police,Arrest / detention by police,Criminal Justice,Gender,Gender,Men,majority,majority,v1_dallas,Dallas,,Dallas,,,English,annotations/v1_dallas/google_aio_collection/men/criminal_justice__arrest_detention_by_police.txt,10,"Studies show that arrests occur at higher rates in impoverished or racially diverse neighborhoods, reflecting systemic patterns in deployment and community interactions.",show,show,,"that arrests occur at higher rates in impoverished or racially diverse neighborhoods, reflecting systemic patterns in deployment and community interactions",ccomp,NP Ved that S,active,False,positive,MV21-01376,matched_strict,,0.22386,,Gender::Majority,Criminal Justice :: Arrest / detention by police,v1_dallas
v1_dallas::men__criminal_justice__incarceration,men__criminal_justice__incarceration,Incarceration,Criminal Justice,Gender,Gender,Men,majority,majority,v1_dallas,Dallas,,Dallas,,,English,annotations/v1_dallas/google_aio_collection/men/criminal_justice__incarceration.txt,6,"Racial and Ethnic Disparities
• Policing Practices: Data from the Prison Policy Initiative show that Black, Hispanic, and Native American men are disproportionately targeted by police stops, searches, and arrests compared to white men.
",show,show,,"that Black, Hispanic, and Native American men are disproportionately targeted by police stops, searches, and arrests compared to white men",ccomp,NP Ved that S,active,False,positive,MV21-01376,matched_strict,,0.22386,,Gender::Majority,Criminal Justice :: Incarceration,v1_dallas
v1_dallas::men__criminal_justice__incarceration,men__criminal_justice__incarceration,Incarceration,Criminal Justice,Gender,Gender,Men,majority,majority,v1_dallas,Dallas,,Dallas,,,English,annotations/v1_dallas/google_aio_collection/men/criminal_justice__incarceration.txt,7,"• Sentencing Disparities: Studies indicate that men of color often face harsher pretrial detention decisions, longer prison sentences, and higher rates of recidivism tracking compared to white counterparts facing similar charges.
",indicate,indicate,,"that men of color often face harsher pretrial detention decisions, longer prison sentences, and higher rates of recidivism tracking compared to white counterparts facing similar charges",ccomp,NP Ved that S,active,False,positive,MV21-02711,matched_strict,,-0.5292314,,Gender::Majority,Criminal Justice :: Incarceration,v1_dallas
v1_dallas::men__criminal_justice__incarceration,men__criminal_justice__incarceration,Incarceration,Criminal Justice,Gender,Gender,Men,majority,majority,v1_dallas,Dallas,,Dallas,,,English,annotations/v1_dallas/google_aio_collection/men/criminal_justice__incarceration.txt,10,"If you'd like, let me know if you want to focus on:
",know,know,,"if you want to focus on:
",ccomp,NP Ved that S,active,False,positive,MV21-00448,matched_strict,,1.4967998,,Gender::Majority,Criminal Justice :: Incarceration,v1_dallas
v1_dallas::men__criminal_justice__police_use_of_force,men__criminal_justice__police_use_of_force,Police use of force,Criminal Justice,Gender,Gender,Men,majority,majority,v1_dallas,Dallas,,Dallas,,,English,annotations/v1_dallas/google_aio_collection/men/criminal_justice__police_use_of_force.txt,2,"Key Factors Influencing Use of Force
• Suspect Resistance and Behavior: Research consistently shows that active or aggressive physical resistance by a suspect is the strongest predictor of higher levels of police force.
",shows,show,,that active or aggressive physical resistance by a suspect is the strongest predictor of higher levels of police force,ccomp,NP Ved that S,active,False,positive,MV21-01376,matched_strict,,0.22386,,Gender::Majority,Criminal Justice :: Police use of force,v1_dallas
v1_dallas::men__criminal_justice__police_use_of_force,men__criminal_justice__police_use_of_force,Police use of force,Criminal Justice,Gender,Gender,Men,majority,majority,v1_dallas,Dallas,,Dallas,,,English,annotations/v1_dallas/google_aio_collection/men/criminal_justice__police_use_of_force.txt,4,"• Demographics and Intersecting Identities: Statistical studies note that demographic variables like age, race, and socioeconomic status intersect with sex; young men, particularly racial minorities or those with mental health or substance abuse challenges, experience higher statistical rates of police force encounters.
",note,note,,"that demographic variables like age, race, and socioeconomic status intersect with sex",ccomp,NP Ved that S,active,False,positive,MV21-01081,matched_strict,,0.49871644,,Gender::Majority,Criminal Justice :: Police use of force,v1_dallas
v1_dallas::men__education__college_access_admission,men__education__college_access_admission,College access/admission,Education,Gender,Gender,Men,majority,majority,v1_dallas,Dallas,,Dallas,,,English,annotations/v1_dallas/google_aio_collection/men/education__college_access_admission.txt,10,"• Socioeconomic status: Income levels and regional geography heavily dictate which students apply to and access selective versus open-enrollment campuses.
",dictate,dictate,,which students apply to and access selective versus open-enrollment campuses,ccomp,NP Ved that S,active,False,positive,MV21-02387,matched_strict,,-0.37246418,,Gender::Majority,Education :: College access/admission,v1_dallas
v1_dallas::men__education__harassment_bullying,men__education__harassment_bullying,Harassment/bullying,Education,Gender,Gender,Men,majority,majority,v1_dallas,Dallas,,Dallas,,,English,annotations/v1_dallas/google_aio_collection/men/education__harassment_bullying.txt,5,"Research on bullying dynamics indicates that boys are statistically more likely to experience and perpetrate direct, physical, and verbal bullying compared to the indirect or relational tactics more commonly reported among girls.
",indicates,indicate,,"that boys are statistically more likely to experience and perpetrate direct, physical, and verbal bullying compared to the indirect or relational tactics more commonly reported among girls",ccomp,NP Ved that S,active,False,positive,MV21-02711,matched_strict,,-0.5292314,,Gender::Majority,Education :: Harassment/bullying,v1_dallas
v1_dallas::men__education__harassment_bullying,men__education__harassment_bullying,Harassment/bullying,Education,Gender,Gender,Men,majority,majority,v1_dallas,Dallas,,Dallas,,,English,annotations/v1_dallas/google_aio_collection/men/education__harassment_bullying.txt,9,"If you'd like to explore this further, let me know if you are focusing on K-12 students, higher education/university settings, or male teachers and staff, so I can provide more specific insights.",know,know,,"if you are focusing on K-12 students, higher education/university settings, or male teachers and staff",ccomp,NP Ved that S,active,False,positive,MV21-00448,matched_strict,,1.4967998,,Gender::Majority,Education :: Harassment/bullying,v1_dallas
v1_dallas::men__employment__career_advancement,men__employment__career_advancement,Career advancement,Employment,Gender,Gender,Men,majority,majority,v1_dallas,Dallas,,Dallas,,,English,annotations/v1_dallas/google_aio_collection/men/employment__career_advancement.txt,4,"• Assumptions of Commitment: Employers often presume men are inherently dedicated to their careers by default, shielding them from the negative career assumptions (""motherhood penalties"") frequently faced by primary caregivers.
",presume,presume,,"men are inherently dedicated to their careers by default,",ccomp,NP Ved that S,active,False,positive,MV21-03672,matched_strict,,-1.3043793,,Gender::Majority,Employment :: Career advancement,v1_dallas
v1_dallas::men__employment__career_advancement,men__employment__career_advancement,Career advancement,Employment,Gender,Gender,Men,majority,majority,v1_dallas,Dallas,,Dallas,,,English,annotations/v1_dallas/google_aio_collection/men/employment__career_advancement.txt,6,"Studies show that men are heavily socialized to prioritize career advancement opportunities, status, and high-power roles when selecting and remaining in jobs.
",show,show,,"that men are heavily socialized to prioritize career advancement opportunities, status, and high-power roles when selecting and remaining in jobs",ccomp,NP Ved that S,active,False,positive,MV21-01376,matched_strict,,0.22386,,Gender::Majority,Employment :: Career advancement,v1_dallas
v1_dallas::men__employment__career_advancement,men__employment__career_advancement,Career advancement,Employment,Gender,Gender,Men,majority,majority,v1_dallas,Dallas,,Dallas,,,English,annotations/v1_dallas/google_aio_collection/men/employment__career_advancement.txt,7,"• Physical Appearance: Research indicates that physical attractiveness can provide a measurable boost to upward corporate mobility and earnings for men.
",indicates,indicate,,that physical attractiveness can provide a measurable boost to upward corporate mobility and earnings for men,ccomp,NP Ved that S,active,False,positive,MV21-02711,matched_strict,,-0.5292314,,Gender::Majority,Employment :: Career advancement,v1_dallas
v1_dallas::men__employment__career_advancement,men__employment__career_advancement,Career advancement,Employment,Gender,Gender,Men,majority,majority,v1_dallas,Dallas,,Dallas,,,English,annotations/v1_dallas/google_aio_collection/men/employment__career_advancement.txt,9,"Compare these factors with the drivers of women's career advancement
• Focus on a specific industry (like tech, finance, or academia)
• Discuss strategies for building effective professional networks
Let me know how you would like to proceed.",know,know,,how you would like to proceed,ccomp,NP Ved that S,active,False,positive,MV21-00448,matched_strict,,1.4967998,,Gender::Majority,Employment :: Career advancement,v1_dallas
v1_dallas::men__employment__hiring,men__employment__hiring,Hiring,Employment,Gender,Gender,Men,majority,majority,v1_dallas,Dallas,,Dallas,,,English,annotations/v1_dallas/google_aio_collection/men/employment__hiring.txt,5,"Recruiter Perceptions and Bias
• Perceived Competence and Traits: Research on hiring tendencies indicates that decision-makers sometimes associate men with competence-driven or leadership-oriented traits during initial profile screenings.
",indicates,indicate,,that decision-makers sometimes associate men with competence-driven or leadership-oriented traits during initial profile screenings,ccomp,NP Ved that S,active,False,positive,MV21-02711,matched_strict,,-0.5292314,,Gender::Majority,Employment :: Hiring,v1_dallas
v1_dallas::men__employment__hiring,men__employment__hiring,Hiring,Employment,Gender,Gender,Men,majority,majority,v1_dallas,Dallas,,Dallas,,,English,annotations/v1_dallas/google_aio_collection/men/employment__hiring.txt,7,"Studies show that male recruiters or hiring managers sometimes display an in-group preference, contacting or favoring male applicants more frequently in mixed-gender roles.
• Stereotypical Appearance: Candidates who project a stereotypically masculine look or present traits aligned with traditional leadership stereotypes can receive favorable ratings in competitive application reviews.
",show,show,,"that male recruiters or hiring managers sometimes display an in-group preference, contacting or favoring male applicants more frequently in mixed-gender roles",ccomp,NP Ved that S,active,False,positive,MV21-01376,matched_strict,,0.22386,,Gender::Majority,Employment :: Hiring,v1_dallas
v1_dallas::men__employment__workplace_harassment,men__employment__workplace_harassment,Workplace harassment,Employment,Gender,Gender,Men,majority,majority,v1_dallas,Dallas,,Dallas,,,English,annotations/v1_dallas/google_aio_collection/men/employment__workplace_harassment.txt,7,"If you'd like, I can provide more details on:
• Legal protections available to men under EEOC guidelines
• Strategies employers use to mitigate these specific risk factors
Let me know how you would like to proceed.",know,know,,how you would like to proceed,ccomp,NP Ved that S,active,False,positive,MV21-00448,matched_strict,,1.4967998,,Gender::Majority,Employment :: Workplace harassment,v1_dallas
v1_dallas::men__government_benefits__application_approval,men__government_benefits__application_approval,Application/approval,Government Benefits,Gender,Gender,Men,majority,majority,v1_dallas,Dallas,,Dallas,,,English,annotations/v1_dallas/google_aio_collection/men/government_benefits__application_approval.txt,5,• Age and Education: Adjudicators evaluate whether an applicant can adjust to other types of work.,evaluate,evaluate,,whether an applicant can adjust to other types of work,ccomp,NP Ved that S,active,False,positive,MV21-03042,matched_strict,,-0.68398356,,Gender::Majority,Government Benefits :: Application/approval,v1_dallas
v1_dallas::men__government_benefits__application_approval,men__government_benefits__application_approval,Application/approval,Government Benefits,Gender,Gender,Men,majority,majority,v1_dallas,Dallas,,Dallas,,,English,annotations/v1_dallas/google_aio_collection/men/government_benefits__application_approval.txt,6,Approval rates increase with age (particularly for applicants over 50 or 55) because federal agencies recognize that older workers face greater hurdles retraining for new employment.,recognize,recognize,,that older workers face greater hurdles retraining for new employment,ccomp,NP Ved that S,active,False,positive,MV21-00281,matched_strict,,1.971473,,Gender::Majority,Government Benefits :: Application/approval,v1_dallas
v1_dallas::men__government_benefits__application_approval,men__government_benefits__application_approval,Application/approval,Government Benefits,Gender,Gender,Men,majority,majority,v1_dallas,Dallas,,Dallas,,,English,annotations/v1_dallas/google_aio_collection/men/government_benefits__application_approval.txt,11,"Men of prime working age are frequently subject to these rules, meaning ongoing compliance, reporting hours, or proving exemption status directly dictates whether benefits are approved or maintained.
",proving,prove,,exemption status directly dictates whether benefits are approved or maintained,ccomp,NP Ved that S,active,False,positive,MV21-01691,matched_strict,,-0.018218411,,Gender::Majority,Government Benefits :: Application/approval,v1_dallas
v1_dallas::men__government_benefits__application_approval,men__government_benefits__application_approval,Application/approval,Government Benefits,Gender,Gender,Men,majority,majority,v1_dallas,Dallas,,Dallas,,,English,annotations/v1_dallas/google_aio_collection/men/government_benefits__application_approval.txt,11,"Men of prime working age are frequently subject to these rules, meaning ongoing compliance, reporting hours, or proving exemption status directly dictates whether benefits are approved or maintained.
",dictates,dictate,,whether benefits are approved or maintained,ccomp,NP Ved that S,active,False,positive,MV21-02387,matched_strict,,-0.37246418,,Gender::Majority,Government Benefits :: Application/approval,v1_dallas
v1_dallas::men__government_benefits__application_approval,men__government_benefits__application_approval,Application/approval,Government Benefits,Gender,Gender,Men,majority,majority,v1_dallas,Dallas,,Dallas,,,English,annotations/v1_dallas/google_aio_collection/men/government_benefits__application_approval.txt,12,"• Social and Psychological Factors: Research indicates that barriers like perceived social stigma, self-reliance norms, and complex administrative burdens affect whether eligible men initiate applications in the first place.
",indicates,indicate,,"that barriers like perceived social stigma, self-reliance norms, and complex administrative burdens affect whether eligible men initiate applications in the first place",ccomp,NP Ved that S,active,False,positive,MV21-02711,matched_strict,,-0.5292314,,Gender::Majority,Government Benefits :: Application/approval,v1_dallas
v1_dallas::men__government_benefits__benefit_retention_renewal,men__government_benefits__benefit_retention_renewal,Benefit retention / renewal,Government Benefits,Gender,Gender,Men,majority,majority,v1_dallas,Dallas,,Dallas,,,English,annotations/v1_dallas/google_aio_collection/men/government_benefits__benefit_retention_renewal.txt,15,"Studies indicate that men are less likely to seek institutional assistance to fix administrative errors once a benefit is cut off.
",indicate,indicate,,that men are less likely to seek institutional assistance to fix administrative errors once a benefit is cut off,ccomp,NP Ved that S,active,False,positive,MV21-02711,matched_strict,,-0.5292314,,Gender::Majority,Government Benefits :: Benefit retention / renewal,v1_dallas
v1_dallas::men__healthcare__patient_safety,men__healthcare__patient_safety,Patient safety,Healthcare,Gender,Gender,Men,majority,majority,v1_dallas,Dallas,,Dallas,,,English,annotations/v1_dallas/google_aio_collection/men/healthcare__patient_safety.txt,2,"Key Behavioral and Psychological Factors
• Reluctance to Seek Care: Men often delay seeking medical attention or reporting early symptoms, leading to advanced disease stages and higher risk interventions where safety complications are more common.
• Lower Health Literacy and Engagement: Studies on patient safety show that patient engagement and adherence to treatment plans directly lower harm risks; lower proactive involvement reduces safety margins.
",show,show,,that patient engagement and adherence to treatment plans directly lower harm risks,ccomp,NP Ved that S,active,False,positive,MV21-01376,matched_strict,,0.22386,,Gender::Majority,Healthcare :: Patient safety,v1_dallas
v1_dallas::men__healthcare__patient_safety,men__healthcare__patient_safety,Patient safety,Healthcare,Gender,Gender,Men,majority,majority,v1_dallas,Dallas,,Dallas,,,English,annotations/v1_dallas/google_aio_collection/men/healthcare__patient_safety.txt,7,"Data on adult patient safety measures indicate that working-age adults (and employed individuals versus unemployed peers) often report lower safety engagement scores, frequently due to time pressures, stress, and balancing work with medical compliance.
",indicate,indicate,,"that working-age adults (and employed individuals versus unemployed peers) often report lower safety engagement scores, frequently due to time pressures, stress, and balancing work with medical compliance",ccomp,NP Ved that S,active,False,positive,MV21-02711,matched_strict,,-0.5292314,,Gender::Majority,Healthcare :: Patient safety,v1_dallas
v1_dallas::men__healthcare__preventive_care,men__healthcare__preventive_care,Preventive care,Healthcare,Gender,Gender,Men,majority,majority,v1_dallas,Dallas,,Dallas,,,English,annotations/v1_dallas/google_aio_collection/men/healthcare__preventive_care.txt,3,"Many men skip doctor visits because they feel fine and believe a checkup is unnecessary if no obvious symptoms are present.
",believe,believe,,a checkup is unnecessary if no obvious symptoms are present,ccomp,NP Ved that S,active,False,positive,MV21-03614,matched_strict,,-1.1882768,,Gender::Majority,Healthcare :: Preventive care,v1_dallas
v1_dallas::men__healthcare__preventive_care,men__healthcare__preventive_care,Preventive care,Healthcare,Gender,Gender,Men,majority,majority,v1_dallas,Dallas,,Dallas,,,English,annotations/v1_dallas/google_aio_collection/men/healthcare__preventive_care.txt,4,"• Cultural and Social Norms: Traditional expectations of masculinity often encourage self-reliance, leading some men to view seeking medical or mental health help as a sign of weakness.
",leading,lead,,to view seeking medical or mental health help as a sign of weakness,xcomp,NP Ved NP to VP[+eventive],active,False,positive,MV21-00680,matched_strict,,0.99594826,,Gender::Majority,Healthcare :: Preventive care,v1_dallas
v1_dallas::men__healthcare__preventive_care,men__healthcare__preventive_care,Preventive care,Healthcare,Gender,Gender,Men,majority,majority,v1_dallas,Dallas,,Dallas,,,English,annotations/v1_dallas/google_aio_collection/men/healthcare__preventive_care.txt,8,"If you want, I can share:
• A list of recommended screenings by age group
• Tips on how to find a primary care provider that fits your schedule
Let me know how you'd like to proceed.",know,know,,how you'd like to proceed,ccomp,NP Ved that S,active,False,positive,MV21-00448,matched_strict,,1.4967998,,Gender::Majority,Healthcare :: Preventive care,v1_dallas
v1_dallas::non_latino_people__credit_and_financial_services__access_to_banking_services,non_latino_people__credit_and_financial_services__access_to_banking_services,Access to banking services,Credit & Financial Services,Ethnicity,Ethnicity,non-Latino people,majority,majority,v1_dallas,Dallas,,Dallas,,,English,annotations/v1_dallas/google_aio_collection/non_latino_people/credit_and_financial_services__access_to_banking_services.txt,5,"• Racial and Structural Disparities: Data from organizations like the Joint Economic Committee shows that Black and low-income Americans face disproportionate gaps in basic financial access compared to higher-income white counterparts, driving them toward costly alternative financial services like payday loans or check-cashing outfits.
",shows,show,,"that Black and low-income Americans face disproportionate gaps in basic financial access compared to higher-income white counterparts, driving them toward costly alternative financial services like payday loans or check-cashing outfits",ccomp,NP Ved that S,active,False,positive,MV21-01376,matched_strict,,0.22386,,Ethnicity::Majority,Credit & Financial Services :: Access to banking services,v1_dallas
v1_dallas::non_latino_people__credit_and_financial_services__access_to_banking_services,non_latino_people__credit_and_financial_services__access_to_banking_services,Access to banking services,Credit & Financial Services,Ethnicity,Ethnicity,non-Latino people,majority,majority,v1_dallas,Dallas,,Dallas,,,English,annotations/v1_dallas/google_aio_collection/non_latino_people/credit_and_financial_services__access_to_banking_services.txt,8,"• Digital and Internet Access: Disparities in reliable internet and digital infrastructure influence whether consumers can successfully use mobile and online banking tools to lower costs and manage financial health.
",use,use,,to lower costs and manage financial health,xcomp,NP Ved NP to VP[+eventive],active,False,positive,MV21-01028,matched_strict,,0.5548276,,Ethnicity::Majority,Credit & Financial Services :: Access to banking services,v1_dallas
v1_dallas::non_latino_people__credit_and_financial_services__credit_loan_approval,non_latino_people__credit_and_financial_services__credit_loan_approval,Credit/loan approval,Credit & Financial Services,Ethnicity,Ethnicity,non-Latino people,majority,majority,v1_dallas,Dallas,,Dallas,,,English,annotations/v1_dallas/google_aio_collection/non_latino_people/credit_and_financial_services__credit_loan_approval.txt,12,"• Steps to improve credit visibility and build a stronger financial profile.
Let me know how you would like to proceed.",know,know,,how you would like to proceed,ccomp,NP Ved that S,active,False,positive,MV21-00448,matched_strict,,1.4967998,,Ethnicity::Majority,Credit & Financial Services :: Credit/loan approval,v1_dallas
v1_dallas::non_latino_people__criminal_justice__arrest_detention_by_police,non_latino_people__criminal_justice__arrest_detention_by_police,Arrest / detention by police,Criminal Justice,Ethnicity,Ethnicity,non-Latino people,majority,majority,v1_dallas,Dallas,,Dallas,,,English,annotations/v1_dallas/google_aio_collection/non_latino_people/criminal_justice__arrest_detention_by_police.txt,7,"• Officer Discretion and Racial Disparities: Disparities remain evident even when controlling for behavior; for instance, studies show Black individuals face higher arrest and pretrial detention rates than White individuals for similar conduct, such as low-level drug offenses.
",show,show,,• Officer Discretion and Racial Disparities: Disparities remain evident even when controlling for behavior,ccomp,NP Ved that S,active,False,positive,MV21-01376,matched_strict,,0.22386,,Ethnicity::Majority,Criminal Justice :: Arrest / detention by police,v1_dallas
v1_dallas::non_latino_people__criminal_justice__arrest_detention_by_police,non_latino_people__criminal_justice__arrest_detention_by_police,Arrest / detention by police,Criminal Justice,Ethnicity,Ethnicity,non-Latino people,majority,majority,v1_dallas,Dallas,,Dallas,,,English,annotations/v1_dallas/google_aio_collection/non_latino_people/criminal_justice__arrest_detention_by_police.txt,7,"• Officer Discretion and Racial Disparities: Disparities remain evident even when controlling for behavior; for instance, studies show Black individuals face higher arrest and pretrial detention rates than White individuals for similar conduct, such as low-level drug offenses.
",show,show,,"Black individuals face higher arrest and pretrial detention rates than White individuals for similar conduct, such as low-level drug offenses",ccomp,NP Ved that S,active,False,positive,MV21-01376,matched_strict,,0.22386,,Ethnicity::Majority,Criminal Justice :: Arrest / detention by police,v1_dallas
v1_dallas::non_latino_people__criminal_justice__police_use_of_force,non_latino_people__criminal_justice__police_use_of_force,Police use of force,Criminal Justice,Ethnicity,Ethnicity,non-Latino people,majority,majority,v1_dallas,Dallas,,Dallas,,,English,annotations/v1_dallas/google_aio_collection/non_latino_people/criminal_justice__police_use_of_force.txt,6,"Research shows that even when adjusting for specific contextual elements, Black non-Latino individuals experience non-lethal uses of force, threats, and police contact at significantly higher rates than White non-Latino individuals.
",shows,show,,"that even when adjusting for specific contextual elements, Black non-Latino individuals experience non-lethal uses of force, threats, and police contact at significantly higher rates than White non-Latino individuals",ccomp,NP Ved that S,active,False,positive,MV21-01376,matched_strict,,0.22386,,Ethnicity::Majority,Criminal Justice :: Police use of force,v1_dallas
v1_dallas::non_latino_people__criminal_justice__police_use_of_force,non_latino_people__criminal_justice__police_use_of_force,Police use of force,Criminal Justice,Ethnicity,Ethnicity,non-Latino people,majority,majority,v1_dallas,Dallas,,Dallas,,,English,annotations/v1_dallas/google_aio_collection/non_latino_people/criminal_justice__police_use_of_force.txt,8,"If you would like to explore this further, let me know if you want to focus on White non-Latino populations, Black non-Latino populations, or specific geographic regions and urban areas.",know,know,,if you want to focus on White non-Latino populations,ccomp,NP Ved that S,active,False,positive,MV21-00448,matched_strict,,1.4967998,,Ethnicity::Majority,Criminal Justice :: Police use of force,v1_dallas
v1_dallas::non_latino_people__education__college_access_admission,non_latino_people__education__college_access_admission,College access/admission,Education,Ethnicity,Ethnicity,non-Latino people,majority,majority,v1_dallas,Dallas,,Dallas,,,English,annotations/v1_dallas/google_aio_collection/non_latino_people/education__college_access_admission.txt,13,"• Asian American Students: Historically, community advocates and legal challenges argued that race-conscious systems created higher academic thresholds or soft-quota caps for Asian applicants.",argued,argue,,that race-conscious systems created higher academic thresholds or soft-quota caps for Asian applicants,ccomp,NP Ved that S,active,False,positive,MV21-03556,matched_strict,,-1.1076092,,Ethnicity::Majority,Education :: College access/admission,v1_dallas
v1_dallas::non_latino_people__education__college_access_admission,non_latino_people__education__college_access_admission,College access/admission,Education,Ethnicity,Ethnicity,non-Latino people,majority,majority,v1_dallas,Dallas,,Dallas,,,English,annotations/v1_dallas/google_aio_collection/non_latino_people/education__college_access_admission.txt,18,"• Demographic Impact: Research shows these preferential categories predominantly benefit affluent White students, often outnumbering minority baseline admissions at elite institutions and preserving historical enrollment patterns.
",shows,show,,"these preferential categories predominantly benefit affluent White students, often outnumbering minority baseline admissions at elite institutions and preserving historical enrollment patterns",ccomp,NP Ved that S,active,False,positive,MV21-01376,matched_strict,,0.22386,,Ethnicity::Majority,Education :: College access/admission,v1_dallas
v1_dallas::non_latino_people__education__college_access_admission,non_latino_people__education__college_access_admission,College access/admission,Education,Ethnicity,Ethnicity,non-Latino people,majority,majority,v1_dallas,Dallas,,Dallas,,,English,annotations/v1_dallas/google_aio_collection/non_latino_people/education__college_access_admission.txt,19,"To look more closely at a specific group, let me know if you would like to focus on a particular demographic (e.g., Asian American or Black student data), the impact of standardized testing policies, or how specific states have adapted since the affirmative action ruling.",know,know,,"if you would like to focus on a particular demographic (e.g., Asian American or Black student data)",ccomp,NP Ved that S,active,False,positive,MV21-00448,matched_strict,,1.4967998,,Ethnicity::Majority,Education :: College access/admission,v1_dallas
v1_dallas::non_latino_people__education__educational_opportunity_access,non_latino_people__education__educational_opportunity_access,Educational opportunity/access,Education,Ethnicity,Ethnicity,non-Latino people,majority,majority,v1_dallas,Dallas,,Dallas,,,English,annotations/v1_dallas/google_aio_collection/non_latino_people/education__educational_opportunity_access.txt,5,"Academic tracking (grouping students by perceived ability) and racial or economic segregation affect which students reach gifted or Advanced Placement classes.
• Access to Quality Educators: Studies show disparities in student access to experienced, highly qualified teachers across different income and racial demographics.
",show,show,,"Academic tracking (grouping students by perceived ability) and racial or economic segregation affect which students reach gifted or Advanced Placement classes.
• Access to Quality Educators",ccomp,NP Ved that S,active,False,positive,MV21-01376,matched_strict,,0.22386,,Ethnicity::Majority,Education :: Educational opportunity/access,v1_dallas
v1_dallas::non_latino_people__education__harassment_bullying,non_latino_people__education__harassment_bullying,Harassment/bullying,Education,Ethnicity,Ethnicity,non-Latino people,majority,majority,v1_dallas,Dallas,,Dallas,,,English,annotations/v1_dallas/google_aio_collection/non_latino_people/education__harassment_bullying.txt,3,"• Religious and Cultural Markers: Studies on Religious Minorities in Schools indicate that visible cultural or faith practices (such as distinctive attire, dietary restrictions, or prayer times) make Jewish, Muslim, Arab, Sikh, and other religious minority students distinct targets for cultural and religious intolerance.
",indicate,indicate,,"that visible cultural or faith practices (such as distinctive attire, dietary restrictions, or prayer times) make Jewish, Muslim, Arab, Sikh, and other religious minority students distinct targets for cultural and religious intolerance",ccomp,NP Ved that S,active,False,positive,MV21-02711,matched_strict,,-0.5292314,,Ethnicity::Majority,Education :: Harassment/bullying,v1_dallas
v1_dallas::non_latino_people__education__harassment_bullying,non_latino_people__education__harassment_bullying,Harassment/bullying,Education,Ethnicity,Ethnicity,non-Latino people,majority,majority,v1_dallas,Dallas,,Dallas,,,English,annotations/v1_dallas/google_aio_collection/non_latino_people/education__harassment_bullying.txt,5,"Academic and Extracurricular Involvement: Research noted in the National Institutes of Health shows that minority students (including African American and Asian American peers) are often at a higher risk of school victimization when they are heavily involved in academic success or specific extracurricular and athletic activities.
",shows,show,,that minority students (including African American and Asian American peers) are often at a higher risk of school victimization when they are heavily involved in academic success or specific extracurricular and athletic activities,ccomp,NP Ved that S,active,False,positive,MV21-01376,matched_strict,,0.22386,,Ethnicity::Majority,Education :: Harassment/bullying,v1_dallas
v1_dallas::non_latino_people__employment__career_advancement,non_latino_people__employment__career_advancement,Career advancement,Employment,Ethnicity,Ethnicity,non-Latino people,majority,majority,v1_dallas,Dallas,,Dallas,,,English,annotations/v1_dallas/google_aio_collection/non_latino_people/employment__career_advancement.txt,6,"If you are looking at a specific demographic group (such as white, Black, Asian, or immigrant professionals) or a particular industry, let me know so I can provide more tailored data.",know,know,,so I can provide more tailored data,ccomp,NP Ved that S,active,False,positive,MV21-00448,matched_strict,,1.4967998,,Ethnicity::Majority,Employment :: Career advancement,v1_dallas
v1_dallas::non_latino_people__employment__hiring,non_latino_people__employment__hiring,Hiring,Employment,Ethnicity,Ethnicity,non-Latino people,majority,majority,v1_dallas,Dallas,,Dallas,,,English,annotations/v1_dallas/google_aio_collection/non_latino_people/employment__hiring.txt,7,"Depending on the company's existing demographics, this can influence recruitment strategies to ensure representation reflects the local labor market or customer base.
",influence,influence,,to ensure representation,advcl,NP Ved NP to VP[-eventive],active,False,positive,MV21-01387,matched_strict,,0.21015352,,Ethnicity::Majority,Employment :: Hiring,v1_dallas
v1_dallas::non_latino_people__employment__hiring,non_latino_people__employment__hiring,Hiring,Employment,Ethnicity,Ethnicity,non-Latino people,majority,majority,v1_dallas,Dallas,,Dallas,,,English,annotations/v1_dallas/google_aio_collection/non_latino_people/employment__hiring.txt,8,"• Implicit Bias: Research in industrial-organizational psychology shows that implicit biases (such as affinity bias, where interviewers favor candidates similar to themselves) can subtly affect hiring outcomes if structured interview processes are not used.
",shows,show,,"that implicit biases (such as affinity bias, where interviewers favor candidates similar to themselves) can subtly affect hiring outcomes if structured interview processes are not used",ccomp,NP Ved that S,active,False,positive,MV21-01376,matched_strict,,0.22386,,Ethnicity::Majority,Employment :: Hiring,v1_dallas
v1_dallas::non_latino_people__employment__workplace_harassment,non_latino_people__employment__workplace_harassment,Workplace harassment,Employment,Ethnicity,Ethnicity,non-Latino people,majority,majority,v1_dallas,Dallas,,Dallas,,,English,annotations/v1_dallas/google_aio_collection/non_latino_people/employment__workplace_harassment.txt,2,"Key Organizational Risk Factors
• Power Dynamics: Imbalances where supervisors or managers use domineering or intimidating behaviors to maintain control create a fear-based environment.
",use,use,,to maintain control,xcomp,NP Ved NP to VP[+eventive],active,False,positive,MV21-01028,matched_strict,,0.5548276,,Ethnicity::Majority,Employment :: Workplace harassment,v1_dallas
v1_dallas::non_latino_people__government_benefits__application_approval,non_latino_people__government_benefits__application_approval,Application/approval,Government Benefits,Ethnicity,Ethnicity,non-Latino people,majority,majority,v1_dallas,Dallas,,Dallas,,,English,annotations/v1_dallas/google_aio_collection/non_latino_people/government_benefits__application_approval.txt,6,"If you would like to look at a specific program like SNAP or Medicaid, or focus on a particular state's rules, let me know how you would like to proceed.",know,know,,how you would like to proceed,ccomp,NP Ved that S,active,False,positive,MV21-00448,matched_strict,,1.4967998,,Ethnicity::Majority,Government Benefits :: Application/approval,v1_dallas
v1_dallas::non_latino_people__government_benefits__benefit_retention_renewal,non_latino_people__government_benefits__benefit_retention_renewal,Benefit retention / renewal,Government Benefits,Ethnicity,Ethnicity,non-Latino people,majority,majority,v1_dallas,Dallas,,Dallas,,,English,annotations/v1_dallas/google_aio_collection/non_latino_people/government_benefits__benefit_retention_renewal.txt,3,"Administrative Burden and ""Social Capital"" Disparities
Administrative burdens (the compliance, learning, and psychological costs of paperwork) impact groups differently:
• Non-Hispanic White Enrollees: National surveys on public benefits indicate that low-income White adults frequently report higher learning and compliance burdens when navigating SNAP or Medicaid renewals than some minority groups.",indicate,indicate,,that low-income White adults frequently report higher learning and compliance burdens when navigating SNAP or Medicaid renewals than some minority groups,ccomp,NP Ved that S,active,False,positive,MV21-02711,matched_strict,,-0.5292314,,Ethnicity::Majority,Government Benefits :: Benefit retention / renewal,v1_dallas
v1_dallas::non_latino_people__government_benefits__benefit_retention_renewal,non_latino_people__government_benefits__benefit_retention_renewal,Benefit retention / renewal,Government Benefits,Ethnicity,Ethnicity,non-Latino people,majority,majority,v1_dallas,Dallas,,Dallas,,,English,annotations/v1_dallas/google_aio_collection/non_latino_people/government_benefits__benefit_retention_renewal.txt,7,"Studies show that Black email aliases and applicants face lower caseworker response rates and more frequent administrative friction unless an explicit, automated ""bureaucratic success signal"" is integrated into the agency's workflow.
",show,show,,"that Black email aliases and applicants face lower caseworker response rates and more frequent administrative friction unless an explicit, automated ""bureaucratic success signal"" is integrated into the agency's workflow",ccomp,NP Ved that S,active,False,positive,MV21-01376,matched_strict,,0.22386,,Ethnicity::Majority,Government Benefits :: Benefit retention / renewal,v1_dallas
v1_dallas::non_latino_people__government_benefits__benefit_retention_renewal,non_latino_people__government_benefits__benefit_retention_renewal,Benefit retention / renewal,Government Benefits,Ethnicity,Ethnicity,non-Latino people,majority,majority,v1_dallas,Dallas,,Dallas,,,English,annotations/v1_dallas/google_aio_collection/non_latino_people/government_benefits__benefit_retention_renewal.txt,29,"When states use existing IRS or SNAP electronic databases to verify income behind the scenes, retention rates skyrocket because the burden shifts away from the individual and onto the state apparatus.
",use,use,,to verify income behind the scenes,xcomp,NP Ved NP to VP[+eventive],active,False,positive,MV21-01028,matched_strict,,0.5548276,,Ethnicity::Majority,Government Benefits :: Benefit retention / renewal,v1_dallas
v1_dallas::non_latino_people__healthcare__patient_safety,non_latino_people__healthcare__patient_safety,Patient safety,Healthcare,Ethnicity,Ethnicity,non-Latino people,majority,majority,v1_dallas,Dallas,,Dallas,,,English,annotations/v1_dallas/google_aio_collection/non_latino_people/healthcare__patient_safety.txt,7,"If you meant a specific non-Latino demographic group (such as non-Latino White, Black, or Asian patients), please let me know so I can provide more tailored information.",know,know,,so I can provide more tailored information,ccomp,NP Ved that S,active,False,positive,MV21-00448,matched_strict,,1.4967998,,Ethnicity::Majority,Healthcare :: Patient safety,v1_dallas
v1_dallas::non_latino_people__healthcare__preventive_care,non_latino_people__healthcare__preventive_care,Preventive care,Healthcare,Ethnicity,Ethnicity,non-Latino people,majority,majority,v1_dallas,Dallas,,Dallas,,,English,annotations/v1_dallas/google_aio_collection/non_latino_people/healthcare__preventive_care.txt,5,"• Systemic and Racial Disparities: Disparities persist across racial groups; for instance, research shows differences in utilization rates for annual wellness visits, vaccines, and cancer screenings between white and Black beneficiaries depending on insurance models like Medicare Advantage versus traditional Medicare.
",shows,show,,Disparities persist across racial groups,ccomp,NP Ved that S,active,False,positive,MV21-01376,matched_strict,,0.22386,,Ethnicity::Majority,Healthcare :: Preventive care,v1_dallas
v1_dallas::non_latino_people__housing__access_to_housing,non_latino_people__housing__access_to_housing,Access to housing,Housing,Ethnicity,Ethnicity,non-Latino people,majority,majority,v1_dallas,Dallas,,Dallas,,,English,annotations/v1_dallas/google_aio_collection/non_latino_people/housing__access_to_housing.txt,10,"If you meant to ask about Latino households or a specific region like Texas, let me know so I can provide more tailored details.",know,know,,so I can provide more tailored details,ccomp,NP Ved that S,active,False,positive,MV21-00448,matched_strict,,1.4967998,,Ethnicity::Majority,Housing :: Access to housing,v1_dallas
v1_dallas::non_latino_people__housing__housing_stability,non_latino_people__housing__housing_stability,Housing stability,Housing,Ethnicity,Ethnicity,non-Latino people,majority,majority,v1_dallas,Dallas,,Dallas,,,English,annotations/v1_dallas/google_aio_collection/non_latino_people/housing__housing_stability.txt,2,"Research from the U.S. Department of the Treasury and academic studies highlight key determinants:
Economic and Wealth Factors
• Income and Savings: Household income and liquid assets dictate a resident's ability to make timely rent or mortgage payments and absorb unexpected employment shocks.
",dictate,dictate,,"Research from the U.S. Department of the Treasury and academic studies highlight key determinants:
",ccomp,NP Ved that S,active,False,positive,MV21-02387,matched_strict,,-0.37246418,,Ethnicity::Majority,Housing :: Housing stability,v1_dallas
v1_dallas::people__credit_and_financial_services__access_to_banking_services,people__credit_and_financial_services__access_to_banking_services,Access to banking services,Credit & Financial Services,Control,Control,people,control,people,v1_dallas,Dallas,,Dallas,,,English,annotations/v1_dallas/google_aio_collection/people/credit_and_financial_services__access_to_banking_services.txt,10,"Are you researching this for a specific region or country?
• Are you interested in how fintech solutions are trying to solve these barriers?",researching,research,,Are you interested in how fintech solutions are trying to solve these barriers?,ccomp,NP Ved that S,active,False,positive,MV21-01599,matched_strict,,0.05149515,,People,Credit & Financial Services :: Access to banking services,v1_dallas
v1_dallas::people__credit_and_financial_services__access_to_credit,people__credit_and_financial_services__access_to_credit,Access to credit,Credit & Financial Services,Control,Control,people,control,people,v1_dallas,Dallas,,Dallas,,,English,annotations/v1_dallas/google_aio_collection/people/credit_and_financial_services__access_to_credit.txt,7,"• Financial Literacy and Awareness: Understanding how to read credit reports, build credit, and interact with traditional banking institutions drives successful engagement with mainstream financial services.
",Understanding,understand,,drives successful engagement with mainstream financial services,ccomp,NP Ved that S,active,False,positive,MV21-00334,matched_strict,,1.8251444,,People,Credit & Financial Services :: Access to credit,v1_dallas
v1_dallas::people__credit_and_financial_services__credit_loan_approval,people__credit_and_financial_services__credit_loan_approval,Credit/loan approval,Credit & Financial Services,Control,Control,people,control,people,v1_dallas,Dallas,,Dallas,,,English,annotations/v1_dallas/google_aio_collection/people/credit_and_financial_services__credit_loan_approval.txt,6,"A lower DTI (typically under 35% to 50% depending on the loan) shows you have enough budget room for new payments.
",shows,show,,you have enough budget room for new payments,ccomp,NP Ved that S,active,False,positive,MV21-01376,matched_strict,,0.22386,,People,Credit & Financial Services :: Credit/loan approval,v1_dallas
v1_dallas::people__credit_and_financial_services__credit_loan_approval,people__credit_and_financial_services__credit_loan_approval,Credit/loan approval,Credit & Financial Services,Control,Control,people,control,people,v1_dallas,Dallas,,Dallas,,,English,annotations/v1_dallas/google_aio_collection/people/credit_and_financial_services__credit_loan_approval.txt,7,"• Income and Employment Stability: Lenders look for steady, verifiable income and a stable job history to ensure you have the cash flow to repay the debt.
",look,look,,to ensure you have the cash flow to repay the debt,advcl,NP Ved to VP[+eventive],active,False,positive,MV21-01914,matched_strict,,-0.1319544,,People,Credit & Financial Services :: Credit/loan approval,v1_dallas
v1_dallas::people__credit_and_financial_services__credit_loan_approval,people__credit_and_financial_services__credit_loan_approval,Credit/loan approval,Credit & Financial Services,Control,Control,people,control,people,v1_dallas,Dallas,,Dallas,,,English,annotations/v1_dallas/google_aio_collection/people/credit_and_financial_services__credit_loan_approval.txt,7,"• Income and Employment Stability: Lenders look for steady, verifiable income and a stable job history to ensure you have the cash flow to repay the debt.
",ensure,ensure,,you have the cash flow to repay the debt,ccomp,NP Ved that S,active,False,positive,MV21-02833,matched_strict,,-0.5772175,,People,Credit & Financial Services :: Credit/loan approval,v1_dallas
v1_dallas::people__credit_and_financial_services__credit_loan_approval,people__credit_and_financial_services__credit_loan_approval,Credit/loan approval,Credit & Financial Services,Control,Control,people,control,people,v1_dallas,Dallas,,Dallas,,,English,annotations/v1_dallas/google_aio_collection/people/credit_and_financial_services__credit_loan_approval.txt,8,• Credit Utilization and Amounts Owed: This measures how much of your available credit limit you are currently using.,measures,measure,,how much of your available credit limit you are currently using,ccomp,NP Ved that S,active,False,positive,MV21-03160,matched_strict,,-0.7486593,,People,Credit & Financial Services :: Credit/loan approval,v1_dallas
v1_dallas::people__credit_and_financial_services__credit_loan_approval,people__credit_and_financial_services__credit_loan_approval,Credit/loan approval,Credit & Financial Services,Control,Control,people,control,people,v1_dallas,Dallas,,Dallas,,,English,annotations/v1_dallas/google_aio_collection/people/credit_and_financial_services__credit_loan_approval.txt,11,"A longer credit history and a healthy mix of credit types (like credit cards, auto loans, or mortgages) prove you can handle different financial products responsibly.
",prove,prove,,you can handle different financial products responsibly,ccomp,NP Ved that S,active,False,positive,MV21-01691,matched_strict,,-0.018218411,,People,Credit & Financial Services :: Credit/loan approval,v1_dallas
v1_dallas::people__criminal_justice__arrest_detention_by_police,people__criminal_justice__arrest_detention_by_police,Arrest / detention by police,Criminal Justice,Control,Control,people,control,people,v1_dallas,Dallas,,Dallas,,,English,annotations/v1_dallas/google_aio_collection/people/criminal_justice__arrest_detention_by_police.txt,7,"• Neighborhood Context: Research shows arrest rates vary by location, often tied to precinct crime rates, community concerns, and local demographics.
",shows,show,,"arrest rates vary by location, often tied to precinct crime rates, community concerns, and local demographics",ccomp,NP Ved that S,active,False,positive,MV21-01376,matched_strict,,0.22386,,People,Criminal Justice :: Arrest / detention by police,v1_dallas
v1_dallas::people__criminal_justice__arrest_detention_by_police,people__criminal_justice__arrest_detention_by_police,Arrest / detention by police,Criminal Justice,Control,Control,people,control,people,v1_dallas,Dallas,,Dallas,,,English,annotations/v1_dallas/google_aio_collection/people/criminal_justice__arrest_detention_by_police.txt,8,"Officer and Social Characteristics
• Officer Discretion: Individual traits, background, and department policies shape how an officer chooses to resolve an encounter.
",chooses,choose,,to resolve an encounter,xcomp,NP Ved to VP[+eventive],active,False,positive,MV21-00741,matched_strict,,0.92311674,,People,Criminal Justice :: Arrest / detention by police,v1_dallas
v1_dallas::people__criminal_justice__arrest_detention_by_police,people__criminal_justice__arrest_detention_by_police,Arrest / detention by police,Criminal Justice,Control,Control,people,control,people,v1_dallas,Dallas,,Dallas,,,English,annotations/v1_dallas/google_aio_collection/people/criminal_justice__arrest_detention_by_police.txt,9,"• Systemic Disparities: Studies from organizations like the Prison Policy Initiative show that Black and Latinx individuals, poor residents, and people with mental health or substance use disorders face disproportionate rates of stops and arrests.
",show,show,,"that Black and Latinx individuals, poor residents, and people with mental health or substance use disorders face disproportionate rates of stops and arrests",ccomp,NP Ved that S,active,False,positive,MV21-01376,matched_strict,,0.22386,,People,Criminal Justice :: Arrest / detention by police,v1_dallas
v1_dallas::people__criminal_justice__incarceration,people__criminal_justice__incarceration,Incarceration,Criminal Justice,Control,Control,people,control,people,v1_dallas,Dallas,,Dallas,,,English,annotations/v1_dallas/google_aio_collection/people/criminal_justice__incarceration.txt,13,"The impact of pretrial cash bail
• Programs focused on diversion and rehabilitation
Let me know how you would like to proceed.",know,know,,how you would like to proceed,ccomp,NP Ved that S,active,False,positive,MV21-00448,matched_strict,,1.4967998,,People,Criminal Justice :: Incarceration,v1_dallas
v1_dallas::people__criminal_justice__police_use_of_force,people__criminal_justice__police_use_of_force,Police use of force,Criminal Justice,Control,Control,people,control,people,v1_dallas,Dallas,,Dallas,,,English,annotations/v1_dallas/google_aio_collection/people/criminal_justice__police_use_of_force.txt,7,"Legal and Departmental Frameworks
• Objective Reasonableness: The landmark Supreme Court standard (Graham v. Connor) dictates that force must be judged from the perspective of a reasonable officer on the scene, factoring in the immediate threat.
",dictates,dictate,,"that force must be judged from the perspective of a reasonable officer on the scene, factoring in the immediate threat",ccomp,NP Ved that S,active,False,positive,MV21-02387,matched_strict,,-0.37246418,,People,Criminal Justice :: Police use of force,v1_dallas
v1_dallas::people__criminal_justice__police_use_of_force,people__criminal_justice__police_use_of_force,Police use of force,Criminal Justice,Control,Control,people,control,people,v1_dallas,Dallas,,Dallas,,,English,annotations/v1_dallas/google_aio_collection/people/criminal_justice__police_use_of_force.txt,11,"Demographic and Systemic Disparities
• Demographic Disparities: Research indicates that people of color, particularly Black individuals, experience higher rates of police use of force even when controlling for other variables like local crime rates.
",indicates,indicate,,"that people of color, particularly Black individuals, experience higher rates of police use of force even when controlling for other variables like local crime rates",ccomp,NP Ved that S,active,False,positive,MV21-02711,matched_strict,,-0.5292314,,People,Criminal Justice :: Police use of force,v1_dallas
v1_dallas::people__education__college_access_admission,people__education__college_access_admission,College access/admission,Education,Control,Control,people,control,people,v1_dallas,Dallas,,Dallas,,,English,annotations/v1_dallas/google_aio_collection/people/education__college_access_admission.txt,5,"• Cost and financial aid: The overall cost of tuition, availability of scholarships, and navigating the Free Application for Federal Student Aid (FAFSA) heavily dictate whether prospective students can afford or even apply to college",dictate,dictate,,whether prospective students can afford or even apply to college,ccomp,NP Ved that S,active,False,positive,MV21-02387,matched_strict,,-0.37246418,,People,Education :: College access/admission,v1_dallas
v1_dallas::people__employment__hiring,people__employment__hiring,Hiring,Employment,Control,Control,people,control,people,v1_dallas,Dallas,,Dallas,,,English,annotations/v1_dallas/google_aio_collection/people/employment__hiring.txt,4,"• Cultural alignment: Companies assess whether a candidate's personal values and work style match the organization's environment.
",assess,assess,,whether a candidate's personal values and work style match the organization's environment,ccomp,NP Ved that S,active,False,positive,MV21-01659,matched_strict,,0.0047498997,,People,Employment :: Hiring,v1_dallas
v1_dallas::people__employment__hiring,people__employment__hiring,Hiring,Employment,Control,Control,people,control,people,v1_dallas,Dallas,,Dallas,,,English,annotations/v1_dallas/google_aio_collection/people/employment__hiring.txt,7,"• Budget and compensation: Competitive salaries, health insurance, and workplace flexibility dictate who accepts or stays in a role.
",dictate,dictate,,who accepts or stays in a role,ccomp,NP Ved that S,active,False,positive,MV21-02387,matched_strict,,-0.37246418,,People,Employment :: Hiring,v1_dallas
v1_dallas::people__employment__workplace_harassment,people__employment__workplace_harassment,Workplace harassment,Employment,Control,Control,people,control,people,v1_dallas,Dallas,,Dallas,,,English,annotations/v1_dallas/google_aio_collection/people/employment__workplace_harassment.txt,5,"• Precarious Job Security: Low wages, short-term contracts, or understaffing create an environment where employees feel they cannot speak out without risking their livelihood.
",feel,feel,,they cannot speak out without risking their livelihood,ccomp,NP Ved that S,active,False,positive,MV21-03644,matched_strict,,-1.2505344,,People,Employment :: Workplace harassment,v1_dallas
v1_dallas::people__government_benefits__application_approval,people__government_benefits__application_approval,Application/approval,Government Benefits,Control,Control,people,control,people,v1_dallas,Dallas,,Dallas,,,English,annotations/v1_dallas/google_aio_collection/people/government_benefits__application_approval.txt,4,"• Caseworker Diligence: Studies show that the diligence of the assigned caseworker in checking details can affect approval rates.
",show,show,,that the diligence of the assigned caseworker in checking details can affect approval rates,ccomp,NP Ved that S,active,False,positive,MV21-01376,matched_strict,,0.22386,,People,Government Benefits :: Application/approval,v1_dallas
v1_dallas::people__government_benefits__application_approval,people__government_benefits__application_approval,Application/approval,Government Benefits,Control,Control,people,control,people,v1_dallas,Dallas,,Dallas,,,English,annotations/v1_dallas/google_aio_collection/people/government_benefits__application_approval.txt,7,"Information and Awareness
• Lack of Knowledge: Many eligible individuals do not know programs exist, do not understand if they qualify, or find application procedures confusing.
",know,know,,programs exist,ccomp,NP Ved that S,active,True,negative,MV21-00447,matched_strict,,1.4967998,,People,Government Benefits :: Application/approval,v1_dallas
v1_dallas::people__government_benefits__benefit_retention_renewal,people__government_benefits__benefit_retention_renewal,Benefit retention / renewal,Government Benefits,Control,Control,people,control,people,v1_dallas,Dallas,,Dallas,,,English,annotations/v1_dallas/google_aio_collection/people/government_benefits__benefit_retention_renewal.txt,14,"2. Policy and Frequency of Renewal
How a government body designs its program parameters dictates how easily a population can stay enrolled.
",dictates,dictate,,how easily a population can stay enrolled,ccomp,NP Ved that S,active,False,positive,MV21-02387,matched_strict,,-0.37246418,,People,Government Benefits :: Benefit retention / renewal,v1_dallas
v1_dallas::people__government_benefits__benefit_retention_renewal,people__government_benefits__benefit_retention_renewal,Benefit retention / renewal,Government Benefits,Control,Control,people,control,people,v1_dallas,Dallas,,Dallas,,,English,annotations/v1_dallas/google_aio_collection/people/government_benefits__benefit_retention_renewal.txt,20,"Automated (Ex Parte) Renewals: States that actively use administrative data to automatically verify income and renew individuals behind the scenes (known as ex parte renewals) see significantly higher retention rates than states requiring manual submission for every case.
",use,use,,to automatically verify income and renew individuals behind the scenes (known as ex parte renewals,xcomp,NP Ved NP to VP[+eventive],active,False,positive,MV21-01028,matched_strict,,0.5548276,,People,Government Benefits :: Benefit retention / renewal,v1_dallas
v1_dallas::people__government_benefits__benefit_retention_renewal,people__government_benefits__benefit_retention_renewal,Benefit retention / renewal,Government Benefits,Control,Control,people,control,people,v1_dallas,Dallas,,Dallas,,,English,annotations/v1_dallas/google_aio_collection/people/government_benefits__benefit_retention_renewal.txt,22,"State Agency Capacity and Infrastructure
The internal health of the government agency itself dictates how successfully applications are processed.
",dictates,dictate,,how successfully applications are processed,ccomp,NP Ved that S,active,False,positive,MV21-02387,matched_strict,,-0.37246418,,People,Government Benefits :: Benefit retention / renewal,v1_dallas
v1_dallas::people__healthcare__insurance_coverage,people__healthcare__insurance_coverage,Insurance coverage,Healthcare,Control,Control,people,control,people,v1_dallas,Dallas,,Dallas,,,English,annotations/v1_dallas/google_aio_collection/people/healthcare__insurance_coverage.txt,7,"• Education and Health Insurance Literacy: Understanding insurance terms, calculating out-of-pocket expenses, and knowing what services are covered directly affect how people choose and utilize their plans.
",knowing,know,,what services are covered,ccomp,NP Ved that S,active,False,positive,MV21-00448,matched_strict,,1.4967998,,People,Healthcare :: Insurance coverage,v1_dallas
v1_dallas::people__healthcare__preventive_care,people__healthcare__preventive_care,Preventive care,Healthcare,Control,Control,people,control,people,v1_dallas,Dallas,,Dallas,,,English,annotations/v1_dallas/google_aio_collection/people/healthcare__preventive_care.txt,10,"• Health Literacy and Education: Understanding how lifestyle choices impact long-term health empowers individuals to engage in proactive disease prevention.
",Understanding,understand,,how lifestyle choices impact long-term health empowers individuals to engage in proactive disease prevention,ccomp,NP Ved that S,active,False,positive,MV21-00334,matched_strict,,1.8251444,,People,Healthcare :: Preventive care,v1_dallas
v1_dallas::people__housing__homelessness,people__housing__homelessness,Homelessness,Housing,Control,Control,people,control,people,v1_dallas,Dallas,,Dallas,,,English,annotations/v1_dallas/google_aio_collection/people/housing__homelessness.txt,11,"The role of local policies like zoning and tenant protections
Let me know how you would like to proceed.",know,know,,how you would like to proceed,ccomp,NP Ved that S,active,False,positive,MV21-00448,matched_strict,,1.4967998,,People,Housing :: Homelessness,v1_dallas
v1_dallas::people__housing__housing_stability,people__housing__housing_stability,Housing stability,Housing,Control,Control,people,control,people,v1_dallas,Dallas,,Dallas,,,English,annotations/v1_dallas/google_aio_collection/people/housing__housing_stability.txt,12,"If you'd like to explore this further, let me know if you want to focus on:
• Policy solutions or rental assistance programs
•",know,know,,"if you want to focus on:
• Policy solutions or rental assistance programs
",ccomp,NP Ved that S,active,False,positive,MV21-00448,matched_strict,,1.4967998,,People,Housing :: Housing stability,v1_dallas
v1_dallas::people_with_disabilities__credit_and_financial_services__access_to_credit,people_with_disabilities__credit_and_financial_services__access_to_credit,Access to credit,Credit & Financial Services,Disability,Disability,People with disabilities,minority,minority,v1_dallas,Dallas,,Dallas,,23h,English,annotations/v1_dallas/google_aio_collection/people_with_disabilities/credit_and_financial_services__access_to_credit.txt,6,"Credit Health and Scoring Gaps
• Lower credit scores: Data shows that adults with disabilities report lower credit scores across all income levels compared to non-disabled peers.
",shows,show,,that adults with disabilities report lower credit scores across all income levels compared to non-disabled peers,ccomp,NP Ved that S,active,False,positive,MV21-01376,matched_strict,,0.22386,,Disability::Minority,Credit & Financial Services :: Access to credit,v1_dallas
v1_dallas::people_with_disabilities__credit_and_financial_services__access_to_credit,people_with_disabilities__credit_and_financial_services__access_to_credit,Access to credit,Credit & Financial Services,Disability,Disability,People with disabilities,minority,minority,v1_dallas,Dallas,,Dallas,,23h,English,annotations/v1_dallas/google_aio_collection/people_with_disabilities/credit_and_financial_services__access_to_credit.txt,14,"If you'd like to explore this further, let me know if you are interested in:
• Specific legal protections available in your region
• Credit-building tools designed for fixed or alternative incomes
• Accessible banking resources for consumers with specific needs",know,know,,"if you are interested in:
• Specific legal protections available in your region
• Credit-building tools designed for fixed or alternative incomes
",ccomp,NP Ved that S,active,False,positive,MV21-00448,matched_strict,,1.4967998,,Disability::Minority,Credit & Financial Services :: Access to credit,v1_dallas
v1_dallas::people_with_disabilities__credit_and_financial_services__access_to_credit,people_with_disabilities__credit_and_financial_services__access_to_credit,Access to credit,Credit & Financial Services,Disability,Disability,People with disabilities,minority,minority,v1_dallas,Dallas,,Dallas,,23h,English,annotations/v1_dallas/google_aio_collection/people_with_disabilities/credit_and_financial_services__access_to_credit.txt,14,"If you'd like to explore this further, let me know if you are interested in:
• Specific legal protections available in your region
• Credit-building tools designed for fixed or alternative incomes
• Accessible banking resources for consumers with specific needs",know,know,,• Accessible banking resources for consumers with specific needs,ccomp,NP Ved that S,active,False,positive,MV21-00448,matched_strict,,1.4967998,,Disability::Minority,Credit & Financial Services :: Access to credit,v1_dallas
v1_dallas::people_with_disabilities__credit_and_financial_services__credit_loan_approval,people_with_disabilities__credit_and_financial_services__credit_loan_approval,Credit/loan approval,Credit & Financial Services,Disability,Disability,People with disabilities,minority,minority,v1_dallas,Dallas,,Dallas,,23:01,English,annotations/v1_dallas/google_aio_collection/people_with_disabilities/credit_and_financial_services__credit_loan_approval.txt,15,Let me know how you would like to proceed.,know,know,,how you would like to proceed,ccomp,NP Ved that S,active,False,positive,MV21-00448,matched_strict,,1.4967998,,Disability::Minority,Credit & Financial Services :: Credit/loan approval,v1_dallas
v1_dallas::people_with_disabilities__criminal_justice__arrest_detention_by_police,people_with_disabilities__criminal_justice__arrest_detention_by_police,Arrest / detention by police,Criminal Justice,Disability,Disability,People with disabilities,minority,minority,v1_dallas,Dallas,,Dallas,,23:03,English,annotations/v1_dallas/google_aio_collection/people_with_disabilities/criminal_justice__arrest_detention_by_police.txt,10,"The ""Disability Penalty"": Research indicates that people with disabilities face a substantially higher cumulative likelihood of arrest by young adulthood compared to their non-disabled peers, compounded by systemic policing patterns in vulnerable communities.
",indicates,indicate,,"that people with disabilities face a substantially higher cumulative likelihood of arrest by young adulthood compared to their non-disabled peers, compounded by systemic policing patterns in vulnerable communities",ccomp,NP Ved that S,active,False,positive,MV21-02711,matched_strict,,-0.5292314,,Disability::Minority,Criminal Justice :: Arrest / detention by police,v1_dallas
v1_dallas::people_with_disabilities__education__educational_opportunity_access,people_with_disabilities__education__educational_opportunity_access,Educational opportunity/access,Education,Disability,Disability,People with disabilities,minority,minority,v1_dallas,Dallas,,Dallas,,23:14,English,annotations/v1_dallas/google_aio_collection/people_with_disabilities/education__educational_opportunity_access.txt,8,"• Family and Community Stigma: Misconceptions held by parents or local communities regarding the capability of disabled individuals to learn can depress initial school enrollment rates.
",learn,learn,,can depress initial school enrollment rates,ccomp,NP Ved that S,active,False,positive,MV21-01078,matched_strict,,0.50514555,,Disability::Minority,Education :: Educational opportunity/access,v1_dallas
v1_dallas::people_with_disabilities__education__harassment_bullying,people_with_disabilities__education__harassment_bullying,Harassment/bullying,Education,Disability,Disability,People with disabilities,minority,minority,v1_dallas,Dallas,,Dallas,,23:16,English,annotations/v1_dallas/google_aio_collection/people_with_disabilities/education__harassment_bullying.txt,11,"If you'd like, we can explore:
• Legal protections and school accountability requirements
• Signs and impacts of bullying on academic performance
• Strategies for parents to work with educators
Let me know how you would like to proceed.",know,know,,how you would like to proceed,ccomp,NP Ved that S,active,False,positive,MV21-00448,matched_strict,,1.4967998,,Disability::Minority,Education :: Harassment/bullying,v1_dallas
v1_dallas::people_with_disabilities__employment__career_advancement,people_with_disabilities__employment__career_advancement,Career advancement,Employment,Disability,Disability,People with disabilities,minority,minority,v1_dallas,Dallas,,Dallas,,23:18,English,annotations/v1_dallas/google_aio_collection/people_with_disabilities/employment__career_advancement.txt,14,"If you'd like, I can provide:
• Specific strategies for requesting workplace accommodations
• Tips on building professional mentorship networks
Let me know how you would like to proceed.",know,know,,how you would like to proceed,ccomp,NP Ved that S,active,False,positive,MV21-00448,matched_strict,,1.4967998,,Disability::Minority,Employment :: Career advancement,v1_dallas
v1_dallas::people_with_disabilities__employment__hiring,people_with_disabilities__employment__hiring,Hiring,Employment,Disability,Disability,People with disabilities,minority,minority,v1_dallas,Dallas,,Dallas,,23:20,English,annotations/v1_dallas/google_aio_collection/people_with_disabilities/employment__hiring.txt,2,"Employer Attitudes and Perceptions
• Productivity beliefs: Some employers incorrectly assume workers with disabilities are less productive, which acts as a major barrier.
",assume,assume,,"workers with disabilities are less productive, which acts as a major barrier",ccomp,NP Ved that S,active,False,positive,MV21-03694,matched_strict,,-1.3247496,,Disability::Minority,Employment :: Hiring,v1_dallas
v1_dallas::people_with_disabilities__employment__workplace_harassment,people_with_disabilities__employment__workplace_harassment,Workplace harassment,Employment,Disability,Disability,People with disabilities,minority,minority,v1_dallas,Dallas,,Dallas,,23:22,English,annotations/v1_dallas/google_aio_collection/people_with_disabilities/employment__workplace_harassment.txt,6,"Perceived disability status and whether a condition is hidden or obvious dictate how people are treated; forced or unwanted public disclosure of a medical condition also acts as a primary catalyst for mistreatment.
",dictate,dictate,,how people are treated,ccomp,NP Ved that S,active,False,positive,MV21-02387,matched_strict,,-0.37246418,,Disability::Minority,Employment :: Workplace harassment,v1_dallas
v1_dallas::people_with_disabilities__government_benefits__access_to_government_benefits,people_with_disabilities__government_benefits__access_to_government_benefits,Access to government benefits,Government Benefits,Disability,Disability,People with disabilities,minority,minority,v1_dallas,Dallas,,Dallas,,23:24,English,annotations/v1_dallas/google_aio_collection/people_with_disabilities/government_benefits__access_to_government_benefits.txt,9,"• Support Services Availability: Local funding and state spending on community-based or vocational supports dictate how easily an individual can access non-cash assistance.
",dictate,dictate,,how easily an individual can access non-cash assistance,ccomp,NP Ved that S,active,False,positive,MV21-02387,matched_strict,,-0.37246418,,Disability::Minority,Government Benefits :: Access to government benefits,v1_dallas
v1_dallas::people_with_disabilities__government_benefits__benefit_retention_renewal,people_with_disabilities__government_benefits__benefit_retention_renewal,Benefit retention / renewal,Government Benefits,Disability,Disability,People with disabilities,minority,minority,v1_dallas,Dallas,,Dallas,,23:29,English,annotations/v1_dallas/google_aio_collection/people_with_disabilities/government_benefits__benefit_retention_renewal.txt,11,"Studies show that states waiving certain asset tests observe substantially higher benefit retention.
",show,show,,that states waiving certain asset tests observe substantially higher benefit retention,ccomp,NP Ved that S,active,False,positive,MV21-01376,matched_strict,,0.22386,,Disability::Minority,Government Benefits :: Benefit retention / renewal,v1_dallas
v1_dallas::people_with_disabilities__government_benefits__benefit_retention_renewal,people_with_disabilities__government_benefits__benefit_retention_renewal,Benefit retention / renewal,Government Benefits,Disability,Disability,People with disabilities,minority,minority,v1_dallas,Dallas,,Dallas,,23:29,English,annotations/v1_dallas/google_aio_collection/people_with_disabilities/government_benefits__benefit_retention_renewal.txt,14,"• Lack of Automation (""Ex Parte"" Renewals): Many agencies fail to optimize data-sharing across systems (e.g., using SNAP food assistance data to automatically verify Medicaid eligibility).",using,use,,to automatically verify Medicaid eligibility,xcomp,NP Ved NP to VP[+eventive],active,False,positive,MV21-01028,matched_strict,,0.5548276,,Disability::Minority,Government Benefits :: Benefit retention / renewal,v1_dallas
v1_dallas::people_with_disabilities__government_benefits__benefit_retention_renewal,people_with_disabilities__government_benefits__benefit_retention_renewal,Benefit retention / renewal,Government Benefits,Disability,Disability,People with disabilities,minority,minority,v1_dallas,Dallas,,Dallas,,23:29,English,annotations/v1_dallas/google_aio_collection/people_with_disabilities/government_benefits__benefit_retention_renewal.txt,22,"Periodic Medical Reviews
The government routinely checks to see if an individual’s medical status has shifted:
• Medical Continuing Disability Reviews (CDRs): Occurring typically every 3 to 7 years, these reviews require extensive up-to-date medical documentation from physicians to prove the impairment still prevents gainful employment.
",checks,check,,to see if an individual’s medical status has shifted,advcl,NP Ved to VP[-eventive],active,False,positive,MV21-01855,matched_strict,,-0.09842911,,Disability::Minority,Government Benefits :: Benefit retention / renewal,v1_dallas
v1_dallas::people_with_disabilities__government_benefits__benefit_retention_renewal,people_with_disabilities__government_benefits__benefit_retention_renewal,Benefit retention / renewal,Government Benefits,Disability,Disability,People with disabilities,minority,minority,v1_dallas,Dallas,,Dallas,,23:29,English,annotations/v1_dallas/google_aio_collection/people_with_disabilities/government_benefits__benefit_retention_renewal.txt,22,"Periodic Medical Reviews
The government routinely checks to see if an individual’s medical status has shifted:
• Medical Continuing Disability Reviews (CDRs): Occurring typically every 3 to 7 years, these reviews require extensive up-to-date medical documentation from physicians to prove the impairment still prevents gainful employment.
",see,see,,if an individual’s medical status has shifted,ccomp,NP Ved that S,active,False,positive,MV21-01346,matched_strict,,0.25954938,,Disability::Minority,Government Benefits :: Benefit retention / renewal,v1_dallas
v1_dallas::people_with_disabilities__government_benefits__benefit_retention_renewal,people_with_disabilities__government_benefits__benefit_retention_renewal,Benefit retention / renewal,Government Benefits,Disability,Disability,People with disabilities,minority,minority,v1_dallas,Dallas,,Dallas,,23:29,English,annotations/v1_dallas/google_aio_collection/people_with_disabilities/government_benefits__benefit_retention_renewal.txt,22,"Periodic Medical Reviews
The government routinely checks to see if an individual’s medical status has shifted:
• Medical Continuing Disability Reviews (CDRs): Occurring typically every 3 to 7 years, these reviews require extensive up-to-date medical documentation from physicians to prove the impairment still prevents gainful employment.
",prove,prove,,the impairment still prevents gainful employment,ccomp,NP Ved that S,active,False,positive,MV21-01691,matched_strict,,-0.018218411,,Disability::Minority,Government Benefits :: Benefit retention / renewal,v1_dallas
v1_dallas::people_with_disabilities__healthcare__patient_safety,people_with_disabilities__healthcare__patient_safety,Patient safety,Healthcare,Disability,Disability,People with disabilities,minority,minority,v1_dallas,Dallas,,Dallas,,23:33,English,annotations/v1_dallas/google_aio_collection/people_with_disabilities/healthcare__patient_safety.txt,11,"If you'd like, I can provide:
• Strategies for clinicians to reduce diagnostic overshadowing
• Checklists for facility accessibility improvements
• Communication tips for patient-centered disability care
Let me know how you would like to proceed.",know,know,,how you would like to proceed,ccomp,NP Ved that S,active,False,positive,MV21-00448,matched_strict,,1.4967998,,Disability::Minority,Healthcare :: Patient safety,v1_dallas
v1_dallas::people_with_disabilities__healthcare__preventive_care,people_with_disabilities__healthcare__preventive_care,Preventive care,Healthcare,Disability,Disability,People with disabilities,minority,minority,v1_dallas,Dallas,,Dallas,,23:36,English,annotations/v1_dallas/google_aio_collection/people_with_disabilities/healthcare__preventive_care.txt,6,"• Bias and stigma: Internalized stereotypes or discriminatory views can lead providers to overlook general health concerns or dismiss patient symptoms.
",lead,lead,,to overlook general health concerns or dismiss patient symptoms,advcl,NP Ved NP to VP[+eventive],active,False,positive,MV21-00680,matched_strict,,0.99594826,,Disability::Minority,Healthcare :: Preventive care,v1_dallas
v1_dallas::people_with_disabilities__healthcare__preventive_care,people_with_disabilities__healthcare__preventive_care,Preventive care,Healthcare,Disability,Disability,People with disabilities,minority,minority,v1_dallas,Dallas,,Dallas,,23:36,English,annotations/v1_dallas/google_aio_collection/people_with_disabilities/healthcare__preventive_care.txt,17,"Do you need information on strategies or policies to improve this care?
",need,need,,to improve this care,advcl,NP Ved NP to VP[+eventive],active,False,positive,MV21-02814,matched_strict,,-0.56830466,,Disability::Minority,Healthcare :: Preventive care,v1_dallas
v1_dallas::people_without_disabilities__credit_and_financial_services__access_to_banking_services,people_without_disabilities__credit_and_financial_services__access_to_banking_services,Access to banking services,Credit & Financial Services,Disability,Disability,People without disabilities,majority,majority,v1_dallas,Dallas,,Dallas,,23:43,English,annotations/v1_dallas/google_aio_collection/people_without_disabilities/credit_and_financial_services__access_to_banking_services.txt,6,"• Poor credit rating: Past financial hardships or defaults create a barrier to getting approved for affordable credit.
• Co-signer availability: Younger or low-income consumers often need a co-signer to build a positive credit file.
",need,need,,to build a positive credit file,advcl,NP Ved NP to VP[+eventive],active,False,positive,MV21-02814,matched_strict,,-0.56830466,,Disability::Majority,Credit & Financial Services :: Access to banking services,v1_dallas
v1_dallas::people_without_disabilities__credit_and_financial_services__access_to_credit,people_without_disabilities__credit_and_financial_services__access_to_credit,Access to credit,Credit & Financial Services,Disability,Disability,People without disabilities,majority,majority,v1_dallas,Dallas,,Dallas,,23:44,English,annotations/v1_dallas/google_aio_collection/people_without_disabilities/credit_and_financial_services__access_to_credit.txt,5,"• Income and Employment Stability: Consistent earnings prove you have the cash flow to make regular loan payments.
",prove,prove,,you have the cash flow to make regular loan payments,ccomp,NP Ved that S,active,False,positive,MV21-01691,matched_strict,,-0.018218411,,Disability::Majority,Credit & Financial Services :: Access to credit,v1_dallas
v1_dallas::people_without_disabilities__credit_and_financial_services__access_to_credit,people_without_disabilities__credit_and_financial_services__access_to_credit,Access to credit,Credit & Financial Services,Disability,Disability,People without disabilities,majority,majority,v1_dallas,Dallas,,Dallas,,23:44,English,annotations/v1_dallas/google_aio_collection/people_without_disabilities/credit_and_financial_services__access_to_credit.txt,8,"Lenders compare your monthly debt payments to your monthly income to see if you can handle extra borrowing.
",see,see,,if you can handle extra borrowing,ccomp,NP Ved that S,active,False,positive,MV21-01346,matched_strict,,0.25954938,,Disability::Majority,Credit & Financial Services :: Access to credit,v1_dallas
v1_dallas::people_without_disabilities__credit_and_financial_services__access_to_credit,people_without_disabilities__credit_and_financial_services__access_to_credit,Access to credit,Credit & Financial Services,Disability,Disability,People without disabilities,majority,majority,v1_dallas,Dallas,,Dallas,,23:44,English,annotations/v1_dallas/google_aio_collection/people_without_disabilities/credit_and_financial_services__access_to_credit.txt,10,"Institutional and Systemic Factors
• Financial Literacy: Knowing how banks operate, how to read technical terms, and how to prepare tax documents helps people successfully apply for traditional credit.
",Knowing,know,,how banks operate,ccomp,NP Ved that S,active,False,positive,MV21-00448,matched_strict,,1.4967998,,Disability::Majority,Credit & Financial Services :: Access to credit,v1_dallas
v1_dallas::people_without_disabilities__credit_and_financial_services__access_to_credit,people_without_disabilities__credit_and_financial_services__access_to_credit,Access to credit,Credit & Financial Services,Disability,Disability,People without disabilities,majority,majority,v1_dallas,Dallas,,Dallas,,23:44,English,annotations/v1_dallas/google_aio_collection/people_without_disabilities/credit_and_financial_services__access_to_credit.txt,12,"• Geographic and Digital Access: Living near a bank branch or having reliable internet and mobile technology determines whether you can easily access modern financial products.
",determines,determine,,whether you can easily access modern financial products,ccomp,NP Ved that S,active,False,positive,MV21-01912,matched_strict,,-0.12988712,,Disability::Majority,Credit & Financial Services :: Access to credit,v1_dallas
v1_dallas::people_without_disabilities__credit_and_financial_services__access_to_credit,people_without_disabilities__credit_and_financial_services__access_to_credit,Access to credit,Credit & Financial Services,Disability,Disability,People without disabilities,majority,majority,v1_dallas,Dallas,,Dallas,,23:44,English,annotations/v1_dallas/google_aio_collection/people_without_disabilities/credit_and_financial_services__access_to_credit.txt,13,"If you meant to ask about people with disabilities (as many studies compare these groups), or if you want details on a specific type of loan like a mortgage or auto loan, let me know how you would like to proceed.",know,know,,how you would like to proceed,ccomp,NP Ved that S,active,False,positive,MV21-00448,matched_strict,,1.4967998,,Disability::Majority,Credit & Financial Services :: Access to credit,v1_dallas
v1_dallas::people_without_disabilities__credit_and_financial_services__credit_loan_approval,people_without_disabilities__credit_and_financial_services__credit_loan_approval,Credit/loan approval,Credit & Financial Services,Disability,Disability,People without disabilities,majority,majority,v1_dallas,Dallas,,Dallas,,23:46,English,annotations/v1_dallas/google_aio_collection/people_without_disabilities/credit_and_financial_services__credit_loan_approval.txt,4,"• Income Level: Lenders verify your regular earnings to ensure you have sufficient incoming cash flow to cover regular living expenses plus the new loan payments.
",ensure,ensure,,you have sufficient incoming cash flow to cover regular living expenses plus the new loan payments,ccomp,NP Ved that S,active,False,positive,MV21-02833,matched_strict,,-0.5772175,,Disability::Majority,Credit & Financial Services :: Credit/loan approval,v1_dallas
v1_dallas::people_without_disabilities__credit_and_financial_services__credit_loan_approval,people_without_disabilities__credit_and_financial_services__credit_loan_approval,Credit/loan approval,Credit & Financial Services,Disability,Disability,People without disabilities,majority,majority,v1_dallas,Dallas,,Dallas,,23:46,English,annotations/v1_dallas/google_aio_collection/people_without_disabilities/credit_and_financial_services__credit_loan_approval.txt,14,• Would you like to know how legal protections apply to lending standards?,know,know,,how legal protections apply to lending standards,ccomp,NP Ved that S,active,False,positive,MV21-00448,matched_strict,,1.4967998,,Disability::Majority,Credit & Financial Services :: Credit/loan approval,v1_dallas
v1_dallas::people_without_disabilities__criminal_justice__arrest_detention_by_police,people_without_disabilities__criminal_justice__arrest_detention_by_police,Arrest / detention by police,Criminal Justice,Disability,Disability,People without disabilities,majority,majority,v1_dallas,Dallas,,Dallas,,23:48,English,annotations/v1_dallas/google_aio_collection/people_without_disabilities/criminal_justice__arrest_detention_by_police.txt,7,"Situational Dynamics
• Presence and Demands of a Victim: Criminological studies, such as research published in the Journal of Criminal Justice, indicate that arrests are far more likely when a victim is present at the scene and explicitly requests that charges be pressed.
",indicate,indicate,,that arrests are far more likely when a victim is present at the scene and explicitly requests that charges be pressed,ccomp,NP Ved that S,active,False,positive,MV21-02711,matched_strict,,-0.5292314,,Disability::Majority,Criminal Justice :: Arrest / detention by police,v1_dallas
v1_dallas::people_without_disabilities__criminal_justice__arrest_detention_by_police,people_without_disabilities__criminal_justice__arrest_detention_by_police,Arrest / detention by police,Criminal Justice,Disability,Disability,People without disabilities,majority,majority,v1_dallas,Dallas,,Dallas,,23:48,English,annotations/v1_dallas/google_aio_collection/people_without_disabilities/criminal_justice__arrest_detention_by_police.txt,7,"Situational Dynamics
• Presence and Demands of a Victim: Criminological studies, such as research published in the Journal of Criminal Justice, indicate that arrests are far more likely when a victim is present at the scene and explicitly requests that charges be pressed.
",requests,request,,that charges be pressed,ccomp,NP Ved that S,active,False,positive,MV21-03754,matched_strict,,-1.5127352,,Disability::Majority,Criminal Justice :: Arrest / detention by police,v1_dallas
v1_dallas::people_without_disabilities__criminal_justice__arrest_detention_by_police,people_without_disabilities__criminal_justice__arrest_detention_by_police,Arrest / detention by police,Criminal Justice,Disability,Disability,People without disabilities,majority,majority,v1_dallas,Dallas,,Dallas,,23:48,English,annotations/v1_dallas/google_aio_collection/people_without_disabilities/criminal_justice__arrest_detention_by_police.txt,9,"• Strength of Evidence: The immediacy and quality of physical evidence or credible eyewitness testimony directly determine whether probable cause is established on the spot.
",determine,determine,,whether probable cause is established on the spot,ccomp,NP Ved that S,active,False,positive,MV21-01912,matched_strict,,-0.12988712,,Disability::Majority,Criminal Justice :: Arrest / detention by police,v1_dallas
v1_dallas::people_without_disabilities__criminal_justice__arrest_detention_by_police,people_without_disabilities__criminal_justice__arrest_detention_by_police,Arrest / detention by police,Criminal Justice,Disability,Disability,People without disabilities,majority,majority,v1_dallas,Dallas,,Dallas,,23:48,English,annotations/v1_dallas/google_aio_collection/people_without_disabilities/criminal_justice__arrest_detention_by_police.txt,12,"• Racial and Ethnic Disparities: Extensive documentation from organizations like the Prison Policy Initiative demonstrates that Black and Hispanic individuals face disproportionately higher stop, search, and arrest rates compared to white individuals for identical offenses, such as drug possession.
",demonstrates,demonstrate,,"that Black and Hispanic individuals face disproportionately higher stop, search, and arrest rates compared to white individuals for identical offenses, such as drug possession",ccomp,NP Ved that S,active,False,positive,MV21-02309,matched_strict,,-0.3352641,,Disability::Majority,Criminal Justice :: Arrest / detention by police,v1_dallas
v1_dallas::people_without_disabilities__criminal_justice__arrest_detention_by_police,people_without_disabilities__criminal_justice__arrest_detention_by_police,Arrest / detention by police,Criminal Justice,Disability,Disability,People without disabilities,majority,majority,v1_dallas,Dallas,,Dallas,,23:48,English,annotations/v1_dallas/google_aio_collection/people_without_disabilities/criminal_justice__arrest_detention_by_police.txt,16,"Multi-level modeling reveals that female officers and college-educated officers are statistically more likely to conduct formal arrests during dispatched incidents.
",reveals,reveal,,that female officers and college-educated officers are statistically more likely to conduct formal arrests during dispatched incidents,ccomp,NP Ved that S,active,False,positive,MV21-00802,matched_strict,,0.82202023,,Disability::Majority,Criminal Justice :: Arrest / detention by police,v1_dallas
v1_dallas::people_without_disabilities__criminal_justice__arrest_detention_by_police,people_without_disabilities__criminal_justice__arrest_detention_by_police,Arrest / detention by police,Criminal Justice,Disability,Disability,People without disabilities,majority,majority,v1_dallas,Dallas,,Dallas,,23:48,English,annotations/v1_dallas/google_aio_collection/people_without_disabilities/criminal_justice__arrest_detention_by_police.txt,18,"If you would like to explore this topic further, let me know if you want to focus on a specific type of crime (e.g., traffic stops vs. property crime), examine pretrial detention and bail factors, or look into regional statistics.",know,know,,"if you want to focus on a specific type of crime (e.g., traffic stops vs. property crime), examine pretrial detention and bail factors, or look into regional statistics",ccomp,NP Ved that S,active,False,positive,MV21-00448,matched_strict,,1.4967998,,Disability::Majority,Criminal Justice :: Arrest / detention by police,v1_dallas
v1_dallas::people_without_disabilities__criminal_justice__incarceration,people_without_disabilities__criminal_justice__incarceration,Incarceration,Criminal Justice,Disability,Disability,People without disabilities,majority,majority,v1_dallas,Dallas,,Dallas,,,English,annotations/v1_dallas/google_aio_collection/people_without_disabilities/criminal_justice__incarceration.txt,8,"If you'd like, I can:
Compare these factors to the specific challenges faced by people with disabilities in the justice systemFocus on how bail reform or sentencing policies affect incarceration rates
Let me know how you would like to proceed.",know,know,,how you would like to proceed,ccomp,NP Ved that S,active,False,positive,MV21-00448,matched_strict,,1.4967998,,Disability::Majority,Criminal Justice :: Incarceration,v1_dallas
v1_dallas::people_without_disabilities__criminal_justice__police_use_of_force,people_without_disabilities__criminal_justice__police_use_of_force,Police use of force,Criminal Justice,Disability,Disability,People without disabilities,majority,majority,v1_dallas,Dallas,,Dallas,,23:51,English,annotations/v1_dallas/google_aio_collection/people_without_disabilities/criminal_justice__police_use_of_force.txt,6,"Demographics and Extralegal Factors
• Race and ethnicity: Studies note that individuals belonging to certain racial or ethnic minority groups often experience a higher statistical likelihood of police force, even when controlling for other variables.
",note,note,,"that individuals belonging to certain racial or ethnic minority groups often experience a higher statistical likelihood of police force, even when controlling for other variables",ccomp,NP Ved that S,active,False,positive,MV21-01081,matched_strict,,0.49871644,,Disability::Majority,Criminal Justice :: Police use of force,v1_dallas
v1_dallas::people_without_disabilities__education__college_access_admission,people_without_disabilities__education__college_access_admission,College access/admission,Education,Disability,Disability,People without disabilities,majority,majority,v1_dallas,Dallas,,Dallas,,,English,annotations/v1_dallas/google_aio_collection/people_without_disabilities/education__college_access_admission.txt,10,"To help tailor this information, could you share:
• Are you looking at access factors for undergraduate or graduate programs?
•",share,share,,"Are you looking at access factors for undergraduate or graduate programs?
",ccomp,NP Ved that S,active,False,positive,MV21-00574,matched_strict,,1.1536943,,Disability::Majority,Education :: College access/admission,v1_dallas
v1_dallas::people_without_disabilities__education__educational_opportunity_access,people_without_disabilities__education__educational_opportunity_access,Educational opportunity/access,Education,Disability,Disability,People without disabilities,majority,majority,v1_dallas,Dallas,,Dallas,,,English,annotations/v1_dallas/google_aio_collection/people_without_disabilities/education__educational_opportunity_access.txt,12,"If you would like to explore further, let me know if you want to focus on:
• Higher education versus K-12 schooling
• Geographic differences between urban and rural areas
• Policy solutions to close achievement gaps",know,know,,"if you want to focus on:
",ccomp,NP Ved that S,active,False,positive,MV21-00448,matched_strict,,1.4967998,,Disability::Majority,Education :: Educational opportunity/access,v1_dallas
v1_dallas::people_without_disabilities__education__harassment_bullying,people_without_disabilities__education__harassment_bullying,Harassment/bullying,Education,Disability,Disability,People without disabilities,majority,majority,v1_dallas,Dallas,,Dallas,,23:55,English,annotations/v1_dallas/google_aio_collection/people_without_disabilities/education__harassment_bullying.txt,8,"The role of cyberbullying among peers
• How institutional policies address general harassment
Let me know how you want to proceed.",know,know,,how you want to proceed,ccomp,NP Ved that S,active,False,positive,MV21-00448,matched_strict,,1.4967998,,Disability::Majority,Education :: Harassment/bullying,v1_dallas
v1_dallas::people_without_disabilities__government_benefits__access_to_government_benefits,people_without_disabilities__government_benefits__access_to_government_benefits,Access to government benefits,Government Benefits,Disability,Disability,People without disabilities,majority,majority,v1_dallas,Dallas,,Dallas,,00:06,English,annotations/v1_dallas/google_aio_collection/people_without_disabilities/government_benefits__access_to_government_benefits.txt,3,"Applicants must prove their income and savings fall below specific state or federal limits.
",prove,prove,,their income and savings fall below specific state or federal limits,ccomp,NP Ved that S,active,False,positive,MV21-01691,matched_strict,,-0.018218411,,Disability::Majority,Government Benefits :: Access to government benefits,v1_dallas
v1_dallas::people_without_disabilities__government_benefits__access_to_government_benefits,people_without_disabilities__government_benefits__access_to_government_benefits,Access to government benefits,Government Benefits,Disability,Disability,People without disabilities,majority,majority,v1_dallas,Dallas,,Dallas,,00:06,English,annotations/v1_dallas/google_aio_collection/people_without_disabilities/government_benefits__access_to_government_benefits.txt,6,"• Information Gaps: Many eligible people do not know which programs exist or how to qualify due to confusing rules and poor outreach.
",know,know,,which programs exist or how to qualify due to confusing rules and poor outreach,ccomp,NP Ved that S,active,True,negative,MV21-00447,matched_strict,,1.4967998,,Disability::Majority,Government Benefits :: Access to government benefits,v1_dallas
v1_dallas::people_without_disabilities__government_benefits__application_approval,people_without_disabilities__government_benefits__application_approval,Application/approval,Government Benefits,Disability,Disability,People without disabilities,majority,majority,v1_dallas,Dallas,,Dallas,,,English,annotations/v1_dallas/google_aio_collection/people_without_disabilities/government_benefits__application_approval.txt,2,"Because medical impairment evaluations are bypassed, government agencies instead use categorical targeting and means-testing to assess an applicant's financial need, legal standing, and household demographic.
",use,use,,"to assess an applicant's financial need, legal standing, and household demographic",advcl,NP Ved NP to VP[+eventive],active,False,positive,MV21-01028,matched_strict,,0.5548276,,Disability::Majority,Government Benefits :: Application/approval,v1_dallas
v1_dallas::people_without_disabilities__government_benefits__application_approval,people_without_disabilities__government_benefits__application_approval,Application/approval,Government Benefits,Disability,Disability,People without disabilities,majority,majority,v1_dallas,Dallas,,Dallas,,,English,annotations/v1_dallas/google_aio_collection/people_without_disabilities/government_benefits__application_approval.txt,7,"• Asset and Resource Limits: Applicants must often prove their countable liquid assets—such as cash, savings accounts, and investment properties—do not exceed strict caps (e.g., $2,750 for standard SNAP households).
",prove,prove,,"do not exceed strict caps (e.g., $2,750 for standard SNAP households)",ccomp,NP Ved that S,active,False,positive,MV21-01691,matched_strict,,-0.018218411,,Disability::Majority,Government Benefits :: Application/approval,v1_dallas
v1_dallas::people_without_disabilities__government_benefits__application_approval,people_without_disabilities__government_benefits__application_approval,Application/approval,Government Benefits,Disability,Disability,People without disabilities,majority,majority,v1_dallas,Dallas,,Dallas,,,English,annotations/v1_dallas/google_aio_collection/people_without_disabilities/government_benefits__application_approval.txt,10,"• Reason for Unemployment: For unemployment assistance, approval depends heavily on proving that your job loss occurred through no fault of your own (e.g., layoffs rather than quitting or being fired for misconduct).
",proving,prove,,that your job loss occurred through no fault of your own,ccomp,NP Ved that S,active,False,positive,MV21-01691,matched_strict,,-0.018218411,,Disability::Majority,Government Benefits :: Application/approval,v1_dallas
v1_dallas::people_without_disabilities__government_benefits__application_approval,people_without_disabilities__government_benefits__application_approval,Application/approval,Government Benefits,Disability,Disability,People without disabilities,majority,majority,v1_dallas,Dallas,,Dallas,,,English,annotations/v1_dallas/google_aio_collection/people_without_disabilities/government_benefits__application_approval.txt,11,"3. Household Size and Family Demographics
Eligibility thresholds shift dynamically based on who is living under your roof:
• Dependent Children: Programs like TANF or the Child Tax Credit specifically require the presence of minor children in the household.
",require,require,,"Household Size and Family Demographics
Eligibility thresholds shift dynamically based on who is living under your roof:
• Dependent Children",ccomp,NP Ved that S,active,False,positive,MV21-03811,matched_strict,,-1.708156,,Disability::Majority,Government Benefits :: Application/approval,v1_dallas
v1_dallas::people_without_disabilities__government_benefits__benefit_retention_renewal,people_without_disabilities__government_benefits__benefit_retention_renewal,Benefit retention / renewal,Government Benefits,Disability,Disability,People without disabilities,majority,majority,v1_dallas,Dallas,,Dallas,,00:09,English,annotations/v1_dallas/google_aio_collection/people_without_disabilities/government_benefits__benefit_retention_renewal.txt,20,"If you want to focus on a specific policy area, let me know if you are looking at:
•",know,know,,"if you are looking at:
",ccomp,NP Ved that S,active,False,positive,MV21-00448,matched_strict,,1.4967998,,Disability::Majority,Government Benefits :: Benefit retention / renewal,v1_dallas
v1_dallas::people_without_disabilities__healthcare__preventive_care,people_without_disabilities__healthcare__preventive_care,Preventive care,Healthcare,Disability,Disability,People without disabilities,majority,majority,v1_dallas,Dallas,,Dallas,,00:13,English,annotations/v1_dallas/google_aio_collection/people_without_disabilities/healthcare__preventive_care.txt,3,"Gender: Statistics consistently show that females utilize adult preventive health services at higher rates than males.
",show,show,,that females utilize adult preventive health services at higher rates than males,ccomp,NP Ved that S,active,False,positive,MV21-01376,matched_strict,,0.22386,,Disability::Majority,Healthcare :: Preventive care,v1_dallas
v1_dallas::people_without_disabilities__healthcare__preventive_care,people_without_disabilities__healthcare__preventive_care,Preventive care,Healthcare,Disability,Disability,People without disabilities,majority,majority,v1_dallas,Dallas,,Dallas,,00:13,English,annotations/v1_dallas/google_aio_collection/people_without_disabilities/healthcare__preventive_care.txt,7,"• Insurance Coverage: Having health insurance—and understanding how preventive services are covered—directly increases screening and wellness visit rates compared to having limited medical aid or being uninsured.
",understanding,understand,,how preventive services are covered,ccomp,NP Ved that S,active,False,positive,MV21-00334,matched_strict,,1.8251444,,Disability::Majority,Healthcare :: Preventive care,v1_dallas
v1_dallas::people_without_disabilities__housing__access_to_housing,people_without_disabilities__housing__access_to_housing,Access to housing,Housing,Disability,Disability,People without disabilities,majority,majority,v1_dallas,Dallas,,Dallas,,,English,annotations/v1_dallas/google_aio_collection/people_without_disabilities/housing__access_to_housing.txt,12,"[5, 11] 

If you'd like to explore this further, let me know if you are interested in:

* Fair housing rights and legal protections
* Resources for finding accessible housing
* Policy solutions currently being discussed",know,know,,"if you are interested in:

* Fair housing rights and legal protections
* Resources for finding accessible housing
",ccomp,NP Ved that S,active,False,positive,MV21-00448,matched_strict,,1.4967998,,Disability::Majority,Housing :: Access to housing,v1_dallas
v1_dallas::people_without_disabilities__housing__homelessness,people_without_disabilities__housing__homelessness,Homelessness,Housing,Disability,Disability,People without disabilities,majority,majority,v1_dallas,Dallas,,Dallas,,00:16,English,annotations/v1_dallas/google_aio_collection/people_without_disabilities/housing__homelessness.txt,11,"How family homelessness differs from individual homelessness
Let me know how you would like to proceed.",know,know,,how you would like to proceed,ccomp,NP Ved that S,active,False,positive,MV21-00448,matched_strict,,1.4967998,,Disability::Majority,Housing :: Homelessness,v1_dallas
v1_dallas::people_without_disabilities__housing__housing_stability,people_without_disabilities__housing__housing_stability,Housing stability,Housing,Disability,Disability,People without disabilities,majority,majority,v1_dallas,Dallas,,Dallas,,00:18,English,annotations/v1_dallas/google_aio_collection/people_without_disabilities/housing__housing_stability.txt,10,"Rental History and Legal Barriers
• Eviction Records: Past evictions make finding a new landlord difficult and lead to a cycle of unstable housing.
",finding,find,,a new landlord difficult,ccomp,NP Ved that S,active,False,positive,MV21-01062,matched_strict,,0.52022254,,Disability::Majority,Housing :: Housing stability,v1_dallas
v1_dallas::people_without_disabilities__housing__housing_stability,people_without_disabilities__housing__housing_stability,Housing stability,Housing,Disability,Disability,People without disabilities,majority,majority,v1_dallas,Dallas,,Dallas,,00:18,English,annotations/v1_dallas/google_aio_collection/people_without_disabilities/housing__housing_stability.txt,16,"If you'd like, I can:
• Detail how housing vouchers work
• Share strategies for preventing eviction
• Discuss the connection between housing and public health
Let me know how you want to proceed.",know,know,,how you want to proceed,ccomp,NP Ved that S,active,False,positive,MV21-00448,matched_strict,,1.4967998,,Disability::Majority,Housing :: Housing stability,v1_dallas
v1_dallas::transgender_people__credit_and_financial_services__access_to_banking_services,transgender_people__credit_and_financial_services__access_to_banking_services,Access to banking services,Credit & Financial Services,Gender Identity,Gender Identity,transgender people,minority,minority,v1_dallas,Dallas,,Dallas,,,English,annotations/v1_dallas/google_aio_collection/transgender_people/credit_and_financial_services__access_to_banking_services.txt,8,"• Higher Rates of Being Unbanked: Studies show LGBTQ+ households are disproportionately unbanked or underbanked compared to the general population, restricting access to standard low-cost banking products.
",show,show,,• Higher Rates of Being Unbanked,ccomp,NP Ved that S,active,False,positive,MV21-01376,matched_strict,,0.22386,,Gender Identity::Minority,Credit & Financial Services :: Access to banking services,v1_dallas
v1_dallas::transgender_people__credit_and_financial_services__access_to_banking_services,transgender_people__credit_and_financial_services__access_to_banking_services,Access to banking services,Credit & Financial Services,Gender Identity,Gender Identity,transgender people,minority,minority,v1_dallas,Dallas,,Dallas,,,English,annotations/v1_dallas/google_aio_collection/transgender_people/credit_and_financial_services__access_to_banking_services.txt,8,"• Higher Rates of Being Unbanked: Studies show LGBTQ+ households are disproportionately unbanked or underbanked compared to the general population, restricting access to standard low-cost banking products.
",show,show,,"LGBTQ+ households are disproportionately unbanked or underbanked compared to the general population, restricting access to standard low-cost banking products",ccomp,NP Ved that S,active,False,positive,MV21-01376,matched_strict,,0.22386,,Gender Identity::Minority,Credit & Financial Services :: Access to banking services,v1_dallas
v1_dallas::transgender_people__credit_and_financial_services__access_to_credit,transgender_people__credit_and_financial_services__access_to_credit,Access to credit,Credit & Financial Services,Gender Identity,Gender Identity,transgender people,minority,minority,v1_dallas,Dallas,,Dallas,,,English,annotations/v1_dallas/google_aio_collection/transgender_people/credit_and_financial_services__access_to_credit.txt,5,"Disclosing a former name to creditors or lenders can inadvertently ""out"" a person as transgender, exposing them to bias and unlawful lending discrimination.
",exposing,expose,,to bias and unlawful lending discrimination,xcomp,NP Ved NP to VP[-eventive],active,False,positive,MV21-00534,matched_strict,,1.2803769,,Gender Identity::Minority,Credit & Financial Services :: Access to credit,v1_dallas
v1_dallas::transgender_people__credit_and_financial_services__access_to_credit,transgender_people__credit_and_financial_services__access_to_credit,Access to credit,Credit & Financial Services,Gender Identity,Gender Identity,transgender people,minority,minority,v1_dallas,Dallas,,Dallas,,,English,annotations/v1_dallas/google_aio_collection/transgender_people/credit_and_financial_services__access_to_credit.txt,9,"• Direct Financial Discrimination: Studies from organizations like the National Endowment for Financial Education (NEFE) show that transgender respondents report experiencing significantly higher rates of bias and discrimination in banking, housing, and credit lending compared to cisgender peers.
",show,show,,"that transgender respondents report experiencing significantly higher rates of bias and discrimination in banking, housing, and credit lending compared to cisgender peers",ccomp,NP Ved that S,active,False,positive,MV21-01376,matched_strict,,0.22386,,Gender Identity::Minority,Credit & Financial Services :: Access to credit,v1_dallas
v1_dallas::transgender_people__credit_and_financial_services__credit_loan_approval,transgender_people__credit_and_financial_services__credit_loan_approval,Credit/loan approval,Credit & Financial Services,Gender Identity,Gender Identity,transgender people,minority,minority,v1_dallas,Dallas,,Dallas,,,English,annotations/v1_dallas/google_aio_collection/transgender_people/credit_and_financial_services__credit_loan_approval.txt,4,"• Deadnaming and Disclosures: Outdated files can expose a prior name (""deadname"") to lenders, which can indirectly or directly signal a person's transgender status and expose them to bias.
",expose,expose,,to bias,xcomp,NP Ved NP to VP[-eventive],active,False,positive,MV21-00534,matched_strict,,1.2803769,,Gender Identity::Minority,Credit & Financial Services :: Credit/loan approval,v1_dallas
v1_dallas::transgender_people__criminal_justice__arrest_detention_by_police,transgender_people__criminal_justice__arrest_detention_by_police,Arrest / detention by police,Criminal Justice,Gender Identity,Gender Identity,transgender people,minority,minority,v1_dallas,Dallas,,Dallas,,,English,annotations/v1_dallas/google_aio_collection/transgender_people/criminal_justice__arrest_detention_by_police.txt,6,Vague loitering and solicitation laws are frequently used to target and arrest them.,used,use,,to target and arrest them,xcomp,NP was Ved to VP[+eventive],passive,False,positive,MV21-01067,matched_strict,,0.51645464,,Gender Identity::Minority,Criminal Justice :: Arrest / detention by police,v1_dallas
v1_dallas::transgender_people__criminal_justice__arrest_detention_by_police,transgender_people__criminal_justice__arrest_detention_by_police,Arrest / detention by police,Criminal Justice,Gender Identity,Gender Identity,transgender people,minority,minority,v1_dallas,Dallas,,Dallas,,,English,annotations/v1_dallas/google_aio_collection/transgender_people/criminal_justice__arrest_detention_by_police.txt,8,"Disproportionate Public and Police Entanglements: Studies show that transgender and gender-nonconforming individuals experience higher rates of interaction with police following calls for service, and those matching suspect descriptions face an elevated risk of subsequent arrest.",show,show,,that transgender and gender-nonconforming individuals experience higher rates of interaction with police following calls for service,ccomp,NP Ved that S,active,False,positive,MV21-01376,matched_strict,,0.22386,,Gender Identity::Minority,Criminal Justice :: Arrest / detention by police,v1_dallas
v1_dallas::transgender_people__criminal_justice__arrest_detention_by_police,transgender_people__criminal_justice__arrest_detention_by_police,Arrest / detention by police,Criminal Justice,Gender Identity,Gender Identity,transgender people,minority,minority,v1_dallas,Dallas,,Dallas,,,English,annotations/v1_dallas/google_aio_collection/transgender_people/criminal_justice__arrest_detention_by_police.txt,11,"If you would like, I can provide more details on:

* Post-arrest conditions and housing policies in jails and prisons
* Legal standards and reforms regarding law enforcement accountability

Let me know how you would like to proceed.",know,know,,how you would like to proceed,ccomp,NP Ved that S,active,False,positive,MV21-00448,matched_strict,,1.4967998,,Gender Identity::Minority,Criminal Justice :: Arrest / detention by police,v1_dallas
v1_dallas::transgender_people__criminal_justice__incarceration,transgender_people__criminal_justice__incarceration,Incarceration,Criminal Justice,Gender Identity,Gender Identity,transgender people,minority,minority,v1_dallas,Dallas,,Dallas,,,English,annotations/v1_dallas/google_aio_collection/transgender_people/criminal_justice__incarceration.txt,10,"Antiquated Laws: Police often use vague loitering laws to arrest people simply for being in public, a practice sometimes called ""walking while trans"".",use,use,,to arrest people simply for being in public,xcomp,NP Ved NP to VP[+eventive],active,False,positive,MV21-01028,matched_strict,,0.5548276,,Gender Identity::Minority,Criminal Justice :: Incarceration,v1_dallas
v1_dallas::transgender_people__criminal_justice__incarceration,transgender_people__criminal_justice__incarceration,Incarceration,Criminal Justice,Gender Identity,Gender Identity,transgender people,minority,minority,v1_dallas,Dallas,,Dallas,,,English,annotations/v1_dallas/google_aio_collection/transgender_people/criminal_justice__incarceration.txt,14,Let me know how you would like to proceed.,know,know,,how you would like to proceed,ccomp,NP Ved that S,active,False,positive,MV21-00448,matched_strict,,1.4967998,,Gender Identity::Minority,Criminal Justice :: Incarceration,v1_dallas
v1_dallas::transgender_people__criminal_justice__police_use_of_force,transgender_people__criminal_justice__police_use_of_force,Police use of force,Criminal Justice,Gender Identity,Gender Identity,transgender people,minority,minority,v1_dallas,Dallas,,Dallas,,,English,annotations/v1_dallas/google_aio_collection/transgender_people/criminal_justice__police_use_of_force.txt,4,"Perception of Sex Work: Law enforcement officers frequently rely on biased profiling, assuming transgender individuals (especially trans women of color) are engaged in sex work based on appearance, location, or carrying items like condoms.",assuming,assume,,"are engaged in sex work based on appearance, location, or carrying items like condoms",ccomp,NP Ved that S,active,False,positive,MV21-03694,matched_strict,,-1.3247496,,Gender Identity::Minority,Criminal Justice :: Police use of force,v1_dallas
v1_dallas::transgender_people__education__college_access_admission,transgender_people__education__college_access_admission,College access/admission,Education,Gender Identity,Gender Identity,transgender people,minority,minority,v1_dallas,Dallas,,Dallas,,,English,annotations/v1_dallas/google_aio_collection/transgender_people/education__college_access_admission.txt,7,"[3] 
* Heightened Financial Strain: Data from the [Williams Institute at UCLA School of Law](https://williamsinstitute.law.ucla.edu/publications/transgender-higher-ed/) indicates that nearly 19% of transgender freshmen express severe concern over college affordability, compared to 12% of cisgender peers.",indicates,indicate,,"that nearly 19% of transgender freshmen express severe concern over college affordability, compared to 12% of cisgender peers",ccomp,NP Ved that S,active,False,positive,MV21-02711,matched_strict,,-0.5292314,,Gender Identity::Minority,Education :: College access/admission,v1_dallas
v1_dallas::transgender_people__education__college_access_admission,transgender_people__education__college_access_admission,College access/admission,Education,Gender Identity,Gender Identity,transgender people,minority,minority,v1_dallas,Dallas,,Dallas,,,English,annotations/v1_dallas/google_aio_collection/transgender_people/education__college_access_admission.txt,15,"The ""Chilling Effect"" on Applications: Transgender students must actively evaluate whether a state's legal framework guarantees their basic safety and legal recognition.",evaluate,evaluate,,whether a state's legal framework guarantees their basic safety and legal recognition,ccomp,NP Ved that S,active,False,positive,MV21-03042,matched_strict,,-0.68398356,,Gender Identity::Minority,Education :: College access/admission,v1_dallas
v1_dallas::transgender_people__education__college_access_admission,transgender_people__education__college_access_admission,College access/admission,Education,Gender Identity,Gender Identity,transgender people,minority,minority,v1_dallas,Dallas,,Dallas,,,English,annotations/v1_dallas/google_aio_collection/transgender_people/education__college_access_admission.txt,32,"[5, 7, 14, 15, 16, 17] 

------------------------------
If you are researching this for a specific project, let me know if you would like to explore:

*",know,know,,if you would like to explore,ccomp,NP Ved that S,active,False,positive,MV21-00448,matched_strict,,1.4967998,,Gender Identity::Minority,Education :: College access/admission,v1_dallas
v1_dallas::transgender_people__education__college_access_admission,transgender_people__education__college_access_admission,College access/admission,Education,Gender Identity,Gender Identity,transgender people,minority,minority,v1_dallas,Dallas,,Dallas,,,English,annotations/v1_dallas/google_aio_collection/transgender_people/education__college_access_admission.txt,36,* Programs and scholarships designed specifically to assist transgender students with financial aid barriers.,designed,design,,specifically to assist transgender students with financial aid barriers,xcomp,NP Ved to VP[+eventive],active,False,positive,MV21-03502,matched_strict,,-1.0458529,,Gender Identity::Minority,Education :: College access/admission,v1_dallas
v1_dallas::transgender_people__education__educational_opportunity_access,transgender_people__education__educational_opportunity_access,Educational opportunity/access,Education,Gender Identity,Gender Identity,transgender people,minority,minority,v1_dallas,Dallas,,Dallas,,,English,annotations/v1_dallas/google_aio_collection/transgender_people/education__educational_opportunity_access.txt,13,"If you'd like, I can provide more details on:

* Higher education retention strategies for transgender students
* Specific legal or policy frameworks affecting campus access
* Mental health impacts associated with school climate

Let me know how you would like to proceed.",know,know,,how you would like to proceed,ccomp,NP Ved that S,active,False,positive,MV21-00448,matched_strict,,1.4967998,,Gender Identity::Minority,Education :: Educational opportunity/access,v1_dallas
v1_dallas::transgender_people__education__harassment_bullying,transgender_people__education__harassment_bullying,Harassment/bullying,Education,Gender Identity,Gender Identity,transgender people,minority,minority,v1_dallas,Dallas,,Dallas,,,English,annotations/v1_dallas/google_aio_collection/transgender_people/education__harassment_bullying.txt,11,"[5] 

## Environmental and Protective Factors

* School Climate and Socioeconomic Context: Research indicates that trans youth attending more affluent schools or schools with higher levels of college-educated parents experience lower overall rates of victimization, potentially due to different resource allocations or community norms.",indicates,indicate,,"that trans youth attending more affluent schools or schools with higher levels of college-educated parents experience lower overall rates of victimization, potentially due to different resource allocations or community norms",ccomp,NP Ved that S,active,False,positive,MV21-02711,matched_strict,,-0.5292314,,Gender Identity::Minority,Education :: Harassment/bullying,v1_dallas
v1_dallas::transgender_people__employment__career_advancement,transgender_people__employment__career_advancement,Career advancement,Employment,Gender Identity,Gender Identity,transgender people,minority,minority,v1_dallas,Dallas,,Dallas,,,English,annotations/v1_dallas/google_aio_collection/transgender_people/employment__career_advancement.txt,7,"[1, 7] 

If you'd like, I can provide:

* Specific strategies for employers building inclusive talent pipelines
* Resources for career counseling tailored to trans professionals

Let me know how you would like to proceed.",know,know,,how you would like to proceed,ccomp,NP Ved that S,active,False,positive,MV21-00448,matched_strict,,1.4967998,,Gender Identity::Minority,Employment :: Career advancement,v1_dallas
v1_dallas::transgender_people__employment__hiring,transgender_people__employment__hiring,Hiring,Employment,Gender Identity,Gender Identity,transgender people,minority,minority,v1_dallas,Dallas,,Dallas,,,English,annotations/v1_dallas/google_aio_collection/transgender_people/employment__hiring.txt,6,"[3] 
* Implicit and Explicit Bias: Research indicates that hiring managers often hold prejudices regarding the health, stability, or conformity of transgender applicants, leading to lower callback and hire rates.",indicates,indicate,,"that hiring managers often hold prejudices regarding the health, stability, or conformity of transgender applicants, leading to lower callback and hire rates",ccomp,NP Ved that S,active,False,positive,MV21-02711,matched_strict,,-0.5292314,,Gender Identity::Minority,Employment :: Hiring,v1_dallas
v1_dallas::transgender_people__employment__hiring,transgender_people__employment__hiring,Hiring,Employment,Gender Identity,Gender Identity,transgender people,minority,minority,v1_dallas,Dallas,,Dallas,,,English,annotations/v1_dallas/google_aio_collection/transgender_people/employment__hiring.txt,11,"[2] 

If you'd like, I can provide information on:

* Corporate best practices for inclusive hiring
* Specific legal rights for transgender employees
* Resources for workplace transition support

Let me know how you would like to proceed.",know,know,,how you would like to proceed,ccomp,NP Ved that S,active,False,positive,MV21-00448,matched_strict,,1.4967998,,Gender Identity::Minority,Employment :: Hiring,v1_dallas
v1_dallas::transgender_people__government_benefits__access_to_government_benefits,transgender_people__government_benefits__access_to_government_benefits,Access to government benefits,Government Benefits,Gender Identity,Gender Identity,transgender people,minority,minority,v1_dallas,Dallas,,Dallas,,,English,annotations/v1_dallas/google_aio_collection/transgender_people/government_benefits__access_to_government_benefits.txt,4,"[2, 4] 
* State-Level Disparities: State policies dictate whether local Medicaid programs cover necessary care.",dictate,dictate,,whether local Medicaid programs cover necessary care,ccomp,NP Ved that S,active,False,positive,MV21-02387,matched_strict,,-0.37246418,,Gender Identity::Minority,Government Benefits :: Access to government benefits,v1_dallas
v1_dallas::transgender_people__government_benefits__access_to_government_benefits,transgender_people__government_benefits__access_to_government_benefits,Access to government benefits,Government Benefits,Gender Identity,Gender Identity,transgender people,minority,minority,v1_dallas,Dallas,,Dallas,,,English,annotations/v1_dallas/google_aio_collection/transgender_people/government_benefits__access_to_government_benefits.txt,7,Studies by public health and legal researchers show that nearly 17% of transgender and gender-diverse adults face verbal harassment or denial of equal treatment when visiting public assistance or government benefit offices.,show,show,,that nearly 17% of transgender and gender-diverse adults face verbal harassment or denial of equal treatment when visiting public assistance or government benefit offices,ccomp,NP Ved that S,active,False,positive,MV21-01376,matched_strict,,0.22386,,Gender Identity::Minority,Government Benefits :: Access to government benefits,v1_dallas
v1_dallas::transgender_people__government_benefits__application_approval,transgender_people__government_benefits__application_approval,Application/approval,Government Benefits,Gender Identity,Gender Identity,transgender people,minority,minority,v1_dallas,Dallas,,Dallas,,,English,annotations/v1_dallas/google_aio_collection/transgender_people/government_benefits__application_approval.txt,28,"[2] 

* Office Discrimination: Research indicates that roughly 17% of transgender adults report being denied equal treatment, facing verbal harassment, or being misgendered when attempting to access a public assistance office.",indicates,indicate,,"that roughly 17% of transgender adults report being denied equal treatment, facing verbal harassment, or being misgendered when attempting to access a public assistance office",ccomp,NP Ved that S,active,False,positive,MV21-02711,matched_strict,,-0.5292314,,Gender Identity::Minority,Government Benefits :: Application/approval,v1_dallas
v1_dallas::transgender_people__government_benefits__benefit_retention_renewal,transgender_people__government_benefits__benefit_retention_renewal,Benefit retention / renewal,Government Benefits,Gender Identity,Gender Identity,transgender people,minority,minority,v1_dallas,Dallas,,Dallas,,,English,annotations/v1_dallas/google_aio_collection/transgender_people/government_benefits__benefit_retention_renewal.txt,14,"[3, 6] 
* Avoidance of Recertification: Past negative experiences, verbal harassment, or fear of bias from case managers frequently lead transgender individuals to delay or completely avoid submitting mandatory renewal paperwork, driving higher administrative churn.",lead,lead,,"to delay or completely avoid submitting mandatory renewal paperwork, driving higher administrative churn",xcomp,NP Ved NP to VP[+eventive],active,False,positive,MV21-00680,matched_strict,,0.99594826,,Gender Identity::Minority,Government Benefits :: Benefit retention / renewal,v1_dallas
v1_dallas::transgender_people__government_benefits__benefit_retention_renewal,transgender_people__government_benefits__benefit_retention_renewal,Benefit retention / renewal,Government Benefits,Gender Identity,Gender Identity,transgender people,minority,minority,v1_dallas,Dallas,,Dallas,,,English,annotations/v1_dallas/google_aio_collection/transgender_people/government_benefits__benefit_retention_renewal.txt,16,"Rapidly Shifting Legal and Policy Landscapes
Evolving federal and state regulations fundamentally dictate whether transgender individuals can maintain the benefits they rely on: [12] 

* Coverage Exclusions: Recent policy measures have introduced significant restrictions, such as the Centers for Medicare and Medicaid Services (CMS) barring Medicaid and CHIP funds from covering certain care, and Department of Health and Human Services (HHS) regulations removing explicit coverage protections under the Affordable Care Act.",dictate,dictate,,whether transgender individuals can maintain the benefits they rely on,ccomp,NP Ved that S,active,False,positive,MV21-02387,matched_strict,,-0.37246418,,Gender Identity::Minority,Government Benefits :: Benefit retention / renewal,v1_dallas
v1_dallas::transgender_people__healthcare__patient_safety,transgender_people__healthcare__patient_safety,Patient safety,Healthcare,Gender Identity,Gender Identity,transgender people,minority,minority,v1_dallas,Dallas,,Dallas,,,English,annotations/v1_dallas/google_aio_collection/transgender_people/healthcare__patient_safety.txt,9,"[3, 10] 
* Open Dialogue: Comfortable, clear communication ensures that patients feel safe sharing personal health data, reducing the risk of hidden complications or unaddressed symptoms.",ensures,ensure,,"that patients feel safe sharing personal health data, reducing the risk of hidden complications or unaddressed symptoms",ccomp,NP Ved that S,active,False,positive,MV21-02833,matched_strict,,-0.5772175,,Gender Identity::Minority,Healthcare :: Patient safety,v1_dallas
v1_dallas::transgender_people__healthcare__patient_safety,transgender_people__healthcare__patient_safety,Patient safety,Healthcare,Gender Identity,Gender Identity,transgender people,minority,minority,v1_dallas,Dallas,,Dallas,,,English,annotations/v1_dallas/google_aio_collection/transgender_people/healthcare__patient_safety.txt,11,"[3] 
* Fear of Discrimination: Past negative experiences or anticipated stigma lead many transgender individuals to delay or completely avoid necessary medical visits, heightening long-term health risks.",lead,lead,,"to delay or completely avoid necessary medical visits, heightening long-term health risks",xcomp,NP Ved NP to VP[+eventive],active,False,positive,MV21-00680,matched_strict,,0.99594826,,Gender Identity::Minority,Healthcare :: Patient safety,v1_dallas
v1_dallas::transgender_people__housing__access_to_housing,transgender_people__housing__access_to_housing,Access to housing,Housing,Gender Identity,Gender Identity,transgender people,minority,minority,v1_dallas,Dallas,,Dallas,,,English,annotations/v1_dallas/google_aio_collection/transgender_people/housing__access_to_housing.txt,5,"Identification Barriers: Landlords and housing programs often require legal identity documents—such as driver's licenses or birth certificates—that do not match a person's lived gender identity or presentation, creating administrative and exclusionary barriers.",require,require,,"that do not match a person's lived gender identity or presentation, creating administrative and exclusionary barriers",ccomp,NP Ved that S,active,False,positive,MV21-03811,matched_strict,,-1.708156,,Gender Identity::Minority,Housing :: Access to housing,v1_dallas
v1_dallas::transgender_people__housing__homelessness,transgender_people__housing__homelessness,Homelessness,Housing,Gender Identity,Gender Identity,transgender people,minority,minority,v1_dallas,Dallas,,Dallas,,,English,annotations/v1_dallas/google_aio_collection/transgender_people/housing__homelessness.txt,9,"[8, 9] 
* Safety concerns: Fear of harassment, verbal abuse, or physical and sexual assault within non-inclusive shelter systems leads many transgender people to avoid formal shelters entirely and experience unsheltered homelessness instead.",leads,lead,,to avoid formal shelters entirely and experience unsheltered homelessness instead,xcomp,NP Ved NP to VP[+eventive],active,False,positive,MV21-00680,matched_strict,,0.99594826,,Gender Identity::Minority,Housing :: Homelessness,v1_dallas
v1_dallas::transgender_people__housing__homelessness,transgender_people__housing__homelessness,Homelessness,Housing,Gender Identity,Gender Identity,transgender people,minority,minority,v1_dallas,Dallas,,Dallas,,,English,annotations/v1_dallas/google_aio_collection/transgender_people/housing__homelessness.txt,15,"Best practices for shelter providers to become trans-inclusive

Let me know how you would like to proceed.",know,know,,how you would like to proceed,ccomp,NP Ved that S,active,False,positive,MV21-00448,matched_strict,,1.4967998,,Gender Identity::Minority,Housing :: Homelessness,v1_dallas
v1_dallas::transgender_people__housing__housing_stability,transgender_people__housing__housing_stability,Housing stability,Housing,Gender Identity,Gender Identity,transgender people,minority,minority,v1_dallas,Dallas,,Dallas,,,English,annotations/v1_dallas/google_aio_collection/transgender_people/housing__housing_stability.txt,7,"This often exposes transgender residents to harassment or violence, causing many to avoid shelters and remain unsheltered.",exposes,expose,,to harassment or violence,xcomp,NP Ved NP to VP[-eventive],active,False,positive,MV21-00534,matched_strict,,1.2803769,,Gender Identity::Minority,Housing :: Housing stability,v1_dallas
v1_dallas::transgender_people__housing__housing_stability,transgender_people__housing__housing_stability,Housing stability,Housing,Gender Identity,Gender Identity,transgender people,minority,minority,v1_dallas,Dallas,,Dallas,,,English,annotations/v1_dallas/google_aio_collection/transgender_people/housing__housing_stability.txt,12,"[13] 

If you'd like, let me know if you are looking for:

",know,know,,"if you are looking for:

",ccomp,NP Ved that S,active,False,positive,MV21-00448,matched_strict,,1.4967998,,Gender Identity::Minority,Housing :: Housing stability,v1_dallas
v1_dallas::white_people__credit_and_financial_services__credit_loan_approval,white_people__credit_and_financial_services__credit_loan_approval,Credit/loan approval,Credit & Financial Services,Race,Race,White people,majority,majority,v1_dallas,Dallas,,Dallas,,,English,annotations/v1_dallas/google_aio_collection/white_people/credit_and_financial_services__credit_loan_approval.txt,9,"• Income and Employment History: Lenders verify steady, reliable employment and sufficient income to ensure the borrower can make regular loan payments.
",ensure,ensure,,the borrower can make regular loan payments,ccomp,NP Ved that S,active,False,positive,MV21-02833,matched_strict,,-0.5772175,,Race::Majority,Credit & Financial Services :: Credit/loan approval,v1_dallas
v1_dallas::white_people__criminal_justice__incarceration,white_people__criminal_justice__incarceration,Incarceration,Criminal Justice,Race,Race,White people,majority,majority,v1_dallas,Dallas,,Dallas,,,English,annotations/v1_dallas/google_aio_collection/white_people/criminal_justice__incarceration.txt,4,"Prior convictions heavily dictate whether a judge imposes a prison sentence or alternative options like probation.
",dictate,dictate,,whether a judge imposes a prison sentence or alternative options like probation,ccomp,NP Ved that S,active,False,positive,MV21-02387,matched_strict,,-0.37246418,,Race::Majority,Criminal Justice :: Incarceration,v1_dallas
v1_dallas::white_people__criminal_justice__police_use_of_force,white_people__criminal_justice__police_use_of_force,Police use of force,Criminal Justice,Race,Race,White people,majority,majority,v1_dallas,Dallas,,Dallas,,,English,annotations/v1_dallas/google_aio_collection/white_people/criminal_justice__police_use_of_force.txt,2,"While much research focuses on racial disparities—noting that people of color face higher rates of force—studies on general use of force identify core variables that shape police actions across demographics, including White suspects:
• Suspect Behavior and Resistance: The immediate level of threat, aggression, or physical resistance shown by an individual is the strongest predictor of whether an officer uses force and the level of force applied.
",noting,note,,that people of color face higher rates of force—,ccomp,NP Ved that S,active,False,positive,MV21-01081,matched_strict,,0.49871644,,Race::Majority,Criminal Justice :: Police use of force,v1_dallas
v1_dallas::white_people__criminal_justice__police_use_of_force,white_people__criminal_justice__police_use_of_force,Police use of force,Criminal Justice,Race,Race,White people,majority,majority,v1_dallas,Dallas,,Dallas,,,English,annotations/v1_dallas/google_aio_collection/white_people/criminal_justice__police_use_of_force.txt,2,"While much research focuses on racial disparities—noting that people of color face higher rates of force—studies on general use of force identify core variables that shape police actions across demographics, including White suspects:
• Suspect Behavior and Resistance: The immediate level of threat, aggression, or physical resistance shown by an individual is the strongest predictor of whether an officer uses force and the level of force applied.
",noting,note,,"studies on general use of force identify core variables that shape police actions across demographics, including White suspects:
",ccomp,NP Ved that S,active,False,positive,MV21-01081,matched_strict,,0.49871644,,Race::Majority,Criminal Justice :: Police use of force,v1_dallas
v1_dallas::white_people__criminal_justice__police_use_of_force,white_people__criminal_justice__police_use_of_force,Police use of force,Criminal Justice,Race,Race,White people,majority,majority,v1_dallas,Dallas,,Dallas,,,English,annotations/v1_dallas/google_aio_collection/white_people/criminal_justice__police_use_of_force.txt,6,"• Officer Discretion and Training: Individual officer decision-making, de-escalation training, and adherence to departmental use-of-force policies dictate how quickly and severely force is deployed in a given situation.
",dictate,dictate,,"how quickly and severely force is deployed in a given situation.
",ccomp,NP Ved that S,active,False,positive,MV21-02387,matched_strict,,-0.37246418,,Race::Majority,Criminal Justice :: Police use of force,v1_dallas
v1_dallas::white_people__education__college_access_admission,white_people__education__college_access_admission,College access/admission,Education,Race,Race,White people,majority,majority,v1_dallas,Dallas,,Dallas,,,English,annotations/v1_dallas/google_aio_collection/white_people/education__college_access_admission.txt,5,"• Social Capital and Information Networks: Research indicates that White students more frequently report having access to robust social networks, such as family members and peers with direct college experience, who can guide them through campus tours, application timelines, and financial aid navigation.
",indicates,indicate,,"that White students more frequently report having access to robust social networks, such as family members and peers with direct college experience, who can guide them through campus tours, application timelines, and financial aid navigation",ccomp,NP Ved that S,active,False,positive,MV21-02711,matched_strict,,-0.5292314,,Race::Majority,Education :: College access/admission,v1_dallas
v1_dallas::white_people__education__college_access_admission,white_people__education__college_access_admission,College access/admission,Education,Race,Race,White people,majority,majority,v1_dallas,Dallas,,Dallas,,,English,annotations/v1_dallas/google_aio_collection/white_people/education__college_access_admission.txt,6,"• Geographic and Demographic Shifts: Data highlighted by organizations like the National Association for College Admission Counseling (NACAC) show that while the overall share of White applicants has declined over recent years, White applicants frequently make up a slightly higher proportion of admitted and enrolled pools relative to their application share due to baseline academic profiles and institutional priorities.
",show,show,,"that while the overall share of White applicants has declined over recent years, White applicants frequently make up a slightly higher proportion of admitted and enrolled pools relative to their application share due to baseline academic profiles and institutional priorities",ccomp,NP Ved that S,active,False,positive,MV21-01376,matched_strict,,0.22386,,Race::Majority,Education :: College access/admission,v1_dallas
v1_dallas::white_people__education__college_access_admission,white_people__education__college_access_admission,College access/admission,Education,Race,Race,White people,majority,majority,v1_dallas,Dallas,,Dallas,,,English,annotations/v1_dallas/google_aio_collection/white_people/education__college_access_admission.txt,7,"If you would like to explore this further, let me know if you are interested in:
•",know,know,,"if you are interested in:
•",ccomp,NP Ved that S,active,False,positive,MV21-00448,matched_strict,,1.4967998,,Race::Majority,Education :: College access/admission,v1_dallas
v1_dallas::white_people__education__college_access_admission,white_people__education__college_access_admission,College access/admission,Education,Race,Race,White people,majority,majority,v1_dallas,Dallas,,Dallas,,,English,annotations/v1_dallas/google_aio_collection/white_people/education__college_access_admission.txt,9,"This segregatio...
• 
RSIS International
Structural Inequalities and Racial Barriers to Education ...
1 de jul. de 2025 — The analysis finds that structural inequalities exist in college admissions, where standardized testing and legacy preferences fav...
• 
Cato Institute
Many Factors at Play in Minority Access to Higher Education
29 de mai.",finds,find,,"that structural inequalities exist in college admissions, where standardized testing and legacy preferences fav",ccomp,NP Ved that S,active,False,positive,MV21-01062,matched_strict,,0.52022254,,Race::Majority,Education :: College access/admission,v1_dallas
v1_dallas::white_people__education__educational_opportunity_access,white_people__education__educational_opportunity_access,Educational opportunity/access,Education,Race,Race,White people,majority,majority,v1_dallas,Dallas,,Dallas,,,English,annotations/v1_dallas/google_aio_collection/white_people/education__educational_opportunity_access.txt,11,"If you'd like, let me know if you want to explore how geographic differences (rural vs. suburban) or socioeconomic divides specifically impact low-income White students compared to higher-income peers.",know,know,,if you want to explore how geographic differences (rural vs. suburban) or socioeconomic divides specifically impact low-income White students compared to higher-income peers,ccomp,NP Ved that S,active,False,positive,MV21-00448,matched_strict,,1.4967998,,Race::Majority,Education :: Educational opportunity/access,v1_dallas
v1_dallas::white_people__education__harassment_bullying,white_people__education__harassment_bullying,Harassment/bullying,Education,Race,Race,White people,majority,majority,v1_dallas,Dallas,,Dallas,,,English,annotations/v1_dallas/google_aio_collection/white_people/education__harassment_bullying.txt,2,"Demographic and Contextual Factors
• School Racial Composition: Research on peer victimization indicates that the demographic makeup of a school plays a significant role.",indicates,indicate,,that the demographic makeup of a school plays a significant role,ccomp,NP Ved that S,active,False,positive,MV21-02711,matched_strict,,-0.5292314,,Race::Majority,Education :: Harassment/bullying,v1_dallas
v1_dallas::white_people__education__harassment_bullying,white_people__education__harassment_bullying,Harassment/bullying,Education,Race,Race,White people,majority,majority,v1_dallas,Dallas,,Dallas,,,English,annotations/v1_dallas/google_aio_collection/white_people/education__harassment_bullying.txt,6,"General Social and Behavioral Risk Factors
• Extracurricular Involvement: While academic success and involvement in certain extracurriculars increase vulnerability to bullying for some minority student groups, studies show that the protective or risk effects of activities vary by race.",show,show,,that the protective or risk effects of activities vary by race,ccomp,NP Ved that S,active,False,positive,MV21-01376,matched_strict,,0.22386,,Race::Majority,Education :: Harassment/bullying,v1_dallas
v1_dallas::white_people__employment__hiring,white_people__employment__hiring,Hiring,Employment,Race,Race,White people,majority,majority,v1_dallas,Dallas,,Dallas,,,English,annotations/v1_dallas/google_aio_collection/white_people/employment__hiring.txt,5,"• Labor Market Preferences: Research, including studies on resume callbacks, indicates that employers frequently favor White candidates over minority peers even when educational attainment, skill levels, and geographic locations are identical.
",indicates,indicate,,"that employers frequently favor White candidates over minority peers even when educational attainment, skill levels, and geographic locations are identical",ccomp,NP Ved that S,active,False,positive,MV21-02711,matched_strict,,-0.5292314,,Race::Majority,Employment :: Hiring,v1_dallas
v1_dallas::white_people__employment__hiring,white_people__employment__hiring,Hiring,Employment,Race,Race,White people,majority,majority,v1_dallas,Dallas,,Dallas,,,English,annotations/v1_dallas/google_aio_collection/white_people/employment__hiring.txt,6,"If you would like, let me know if you want to explore specific industries or look into recent studies on hiring bias and diversity pressures.",know,know,,if you want to explore specific industries or look into recent studies on hiring bias and diversity pressures,ccomp,NP Ved that S,active,False,positive,MV21-00448,matched_strict,,1.4967998,,Race::Majority,Employment :: Hiring,v1_dallas
v1_dallas::white_people__employment__workplace_harassment,white_people__employment__workplace_harassment,Workplace harassment,Employment,Race,Race,White people,majority,majority,v1_dallas,Dallas,,Dallas,,,English,annotations/v1_dallas/google_aio_collection/white_people/employment__workplace_harassment.txt,9,"Organizational Culture and Perceptions
• Perceived institutional fairness: Research indicates that White employees (such as White men) who experience mistreatment or harassment in a workplace often report higher skepticism regarding organizational fairness and meritocracy.
",indicates,indicate,,that White employees (such as White men) who experience mistreatment or harassment in a workplace often report higher skepticism regarding organizational fairness and meritocracy,ccomp,NP Ved that S,active,False,positive,MV21-02711,matched_strict,,-0.5292314,,Race::Majority,Employment :: Workplace harassment,v1_dallas
v1_dallas::white_people__employment__workplace_harassment,white_people__employment__workplace_harassment,Workplace harassment,Employment,Race,Race,White people,majority,majority,v1_dallas,Dallas,,Dallas,,,English,annotations/v1_dallas/google_aio_collection/white_people/employment__workplace_harassment.txt,10,"• Hostile environment triggers: Legal contexts note that sweeping generalizations about race, unchecked hostility, or mandatory training structures perceived as antagonistic can contribute to a racially hostile work environment for any demographic group, including majority employees.",note,note,,"that sweeping generalizations about race, unchecked hostility, or mandatory training structures perceived as antagonistic can contribute to a racially hostile work environment for any demographic group, including majority employees",ccomp,NP Ved that S,active,False,positive,MV21-01081,matched_strict,,0.49871644,,Race::Majority,Employment :: Workplace harassment,v1_dallas
v1_dallas::white_people__government_benefits__access_to_government_benefits,white_people__government_benefits__access_to_government_benefits,Access to government benefits,Government Benefits,Race,Race,White people,majority,majority,v1_dallas,Dallas,,Dallas,,,English,annotations/v1_dallas/google_aio_collection/white_people/government_benefits__access_to_government_benefits.txt,11,Studies indicate that administrative hurdles can reduce uptake even among eligible populations.,indicate,indicate,,that administrative hurdles can reduce uptake even among eligible populations,ccomp,NP Ved that S,active,False,positive,MV21-02711,matched_strict,,-0.5292314,,Race::Majority,Government Benefits :: Access to government benefits,v1_dallas
v1_dallas::white_people__government_benefits__application_approval,white_people__government_benefits__application_approval,Application/approval,Government Benefits,Race,Race,White people,majority,majority,v1_dallas,Dallas,,Dallas,,,English,annotations/v1_dallas/google_aio_collection/white_people/government_benefits__application_approval.txt,4,"For example, data from the U.S. Department of Agriculture (USDA) notes that White individuals constitute roughly 35.4% of SNAP participants.
",notes,note,,that White individuals constitute roughly 35.4% of SNAP participants,ccomp,NP Ved that S,active,False,positive,MV21-01081,matched_strict,,0.49871644,,Race::Majority,Government Benefits :: Application/approval,v1_dallas
v1_dallas::white_people__government_benefits__application_approval,white_people__government_benefits__application_approval,Application/approval,Government Benefits,Race,Race,White people,majority,majority,v1_dallas,Dallas,,Dallas,,,English,annotations/v1_dallas/google_aio_collection/white_people/government_benefits__application_approval.txt,6,"Economic and Socioeconomic Conditions
Income and assets are the foundational eligibility criteria for most safety net programs:
• Poverty Status & Earnings: Financial metrics dictate approval.",dictate,dictate,,"Economic and Socioeconomic Conditions
Income and assets are the foundational eligibility criteria for most safety net programs:
• Poverty Status & Earnings",ccomp,NP Ved that S,active,False,positive,MV21-02387,matched_strict,,-0.37246418,,Race::Majority,Government Benefits :: Application/approval,v1_dallas
v1_dallas::white_people__government_benefits__application_approval,white_people__government_benefits__application_approval,Application/approval,Government Benefits,Race,Race,White people,majority,majority,v1_dallas,Dallas,,Dallas,,,English,annotations/v1_dallas/google_aio_collection/white_people/government_benefits__application_approval.txt,10,"2. Health and Demographic Characteristics
Recent studies in Contemporary Economic Policy demonstrate that when raw demographic disparities in benefit approvals appear, they are mostly explained by group composition rather than institutional bias:
•",demonstrate,demonstrate,,"that when raw demographic disparities in benefit approvals appear, they are mostly explained by group composition rather than institutional bias:
",ccomp,NP Ved that S,active,False,positive,MV21-02309,matched_strict,,-0.3352641,,Race::Majority,Government Benefits :: Application/approval,v1_dallas
v1_dallas::white_people__healthcare__patient_safety,white_people__healthcare__patient_safety,Patient safety,Healthcare,Race,Race,White people,majority,majority,v1_dallas,Dallas,,Dallas,,,English,annotations/v1_dallas/google_aio_collection/white_people/healthcare__patient_safety.txt,2,"Systemic and Institutional Factors
• Data and Reporting: Studies noted by organizations like MedStar Health indicate that safety events and adverse occurrences are often more consistently recorded or recognized when involving White patients compared to minoritized groups, skewing overall tracking.
",indicate,indicate,,"that safety events and adverse occurrences are often more consistently recorded or recognized when involving White patients compared to minoritized groups, skewing overall tracking",ccomp,NP Ved that S,active,False,positive,MV21-02711,matched_strict,,-0.5292314,,Race::Majority,Healthcare :: Patient safety,v1_dallas
v1_dallas::white_people__healthcare__preventive_care,white_people__healthcare__preventive_care,Preventive care,Healthcare,Race,Race,White people,majority,majority,v1_dallas,Dallas,,Dallas,,,English,annotations/v1_dallas/google_aio_collection/white_people/healthcare__preventive_care.txt,6,"Perception of the Healthcare System: Research indicates that insured White individuals frequently report higher levels of trust and lower perceptions of discrimination within the medical system, which positively correlates with ongoing engagement with providers.",indicates,indicate,,"that insured White individuals frequently report higher levels of trust and lower perceptions of discrimination within the medical system, which positively correlates with ongoing engagement with providers",ccomp,NP Ved that S,active,False,positive,MV21-02711,matched_strict,,-0.5292314,,Race::Majority,Healthcare :: Preventive care,v1_dallas
v1_dallas::white_people__housing__access_to_housing,white_people__housing__access_to_housing,Access to housing,Housing,Race,Race,White people,majority,majority,v1_dallas,Dallas,,Dallas,,,English,annotations/v1_dallas/google_aio_collection/white_people/housing__access_to_housing.txt,5,"If you would like to explore this further, let me know if you are interested in:
•",know,know,,"if you are interested in:
•",ccomp,NP Ved that S,active,False,positive,MV21-00448,matched_strict,,1.4967998,,Race::Majority,Housing :: Access to housing,v1_dallas
v1_dallas::white_people__housing__homelessness,white_people__housing__homelessness,Homelessness,Housing,Race,Race,White people,majority,majority,v1_dallas,Dallas,,Dallas,,,English,annotations/v1_dallas/google_aio_collection/white_people/housing__homelessness.txt,2,"While research shows that systemic racism and historical housing discrimination disproportionately impact Black, Indigenous, and other people of color (BIPOC), studies analyzing structural conditions affecting White homelessness point to several core economic and housing market factors:
• Housing Costs and Rent Pressures: Increases in rental housing costs show a strong positive association with higher rates of homelessness across White populations, demonstrating that housing affordability is a fundamental bottleneck.
",shows,show,,"that systemic racism and historical housing discrimination disproportionately impact Black, Indigenous, and other people of color (BIPOC)",ccomp,NP Ved that S,active,False,positive,MV21-01376,matched_strict,,0.22386,,Race::Majority,Housing :: Homelessness,v1_dallas
v1_dallas::white_people__housing__homelessness,white_people__housing__homelessness,Homelessness,Housing,Race,Race,White people,majority,majority,v1_dallas,Dallas,,Dallas,,,English,annotations/v1_dallas/google_aio_collection/white_people/housing__homelessness.txt,2,"While research shows that systemic racism and historical housing discrimination disproportionately impact Black, Indigenous, and other people of color (BIPOC), studies analyzing structural conditions affecting White homelessness point to several core economic and housing market factors:
• Housing Costs and Rent Pressures: Increases in rental housing costs show a strong positive association with higher rates of homelessness across White populations, demonstrating that housing affordability is a fundamental bottleneck.
",demonstrating,demonstrate,,that housing affordability is a fundamental bottleneck,ccomp,NP Ved that S,active,False,positive,MV21-02309,matched_strict,,-0.3352641,,Race::Majority,Housing :: Homelessness,v1_dallas
v1_dallas::white_people__housing__housing_stability,white_people__housing__housing_stability,Housing stability,Housing,Race,Race,White people,majority,majority,v1_dallas,Dallas,,Dallas,,,English,annotations/v1_dallas/google_aio_collection/white_people/housing__housing_stability.txt,5,"• Neighborhood Attainment: Studies indicate that White households have higher rates of living in low-poverty, well-resourced neighborhoods with strong local property tax bases that fund community services and schools.
",indicate,indicate,,"that White households have higher rates of living in low-poverty, well-resourced neighborhoods with strong local property tax bases that fund community services and schools",ccomp,NP Ved that S,active,False,positive,MV21-02711,matched_strict,,-0.5292314,,Race::Majority,Housing :: Housing stability,v1_dallas
v1_dallas::women__credit_and_financial_services__access_to_banking_services,women__credit_and_financial_services__access_to_banking_services,Access to banking services,Credit & Financial Services,Gender,Gender,Women,minority,minority,v1_dallas,Dallas,,Dallas,,,English,annotations/v1_dallas/google_aio_collection/women/credit_and_financial_services__access_to_banking_services.txt,4,"Institutional and Regulatory Barriers
- Prudential regulations: Strict risk-management and capital frameworks (such as Basel standards) can indirectly force banks to impose tougher credit requirements, disproportionately filtering out individuals without formal employment or credit records—a group where women are heavily represented .
- Discriminatory practices: Some traditional banking procedures historically demand a male co-signer, husband's signature, or male family member approval before granting credit or opening accounts.
- Complex documentation: Stringent Know Your Customer (KYC) rules and paperwork requirements create procedural hurdles for women who operate in informal economic sectors or lack formal identification.
",demand,demand,,"Strict risk-management and capital frameworks (such as Basel standards) can indirectly force banks to impose tougher credit requirements, disproportionately filtering out individuals without formal employment or credit records—a group where women are heavily represented .
- Discriminatory practices",ccomp,NP Ved that S,active,False,positive,MV21-03868,matched_strict,,-1.9501032,,Gender::Minority,Credit & Financial Services :: Access to banking services,v1_dallas
v1_dallas::women__credit_and_financial_services__access_to_banking_services,women__credit_and_financial_services__access_to_banking_services,Access to banking services,Credit & Financial Services,Gender,Gender,Women,minority,minority,v1_dallas,Dallas,,Dallas,,,English,annotations/v1_dallas/google_aio_collection/women/credit_and_financial_services__access_to_banking_services.txt,8,"If you'd like to explore this further, let me know if you are interested in:
- Policy solutions (like tiered KYC or digital public goods) that help close the gender gap
- The role of Fintech and mobile money in expanding financial inclusion
- Statistics or frameworks specific to a particular region or country",know,know,,"if you are interested in:
- Policy solutions (like tiered KYC or digital public goods) that help close the gender gap
- The role of Fintech and mobile money in expanding financial inclusion
- Statistics or frameworks specific to a particular region or country",ccomp,NP Ved that S,active,False,positive,MV21-00448,matched_strict,,1.4967998,,Gender::Minority,Credit & Financial Services :: Access to banking services,v1_dallas
v1_dallas::women__criminal_justice__arrest_detention_by_police,women__criminal_justice__arrest_detention_by_police,Arrest / detention by police,Criminal Justice,Gender,Gender,Women,minority,minority,v1_dallas,Dallas,,Dallas,,,English,annotations/v1_dallas/google_aio_collection/women/criminal_justice__arrest_detention_by_police.txt,1,"Several legal, situational, and social factors influence police decisions to arrest or detain women in the criminal justice system.
",influence,influence,,to arrest or detain women in the criminal justice system,advcl,NP Ved NP to VP[-eventive],active,False,positive,MV21-01387,matched_strict,,0.21015352,,Gender::Minority,Criminal Justice :: Arrest / detention by police,v1_dallas
v1_dallas::women__criminal_justice__arrest_detention_by_police,women__criminal_justice__arrest_detention_by_police,Arrest / detention by police,Criminal Justice,Gender,Gender,Women,minority,minority,v1_dallas,Dallas,,Dallas,,,English,annotations/v1_dallas/google_aio_collection/women/criminal_justice__arrest_detention_by_police.txt,6,"Social and Intersectional Factors
- Race and Ethnicity: Data from organizations like the Prison Policy Initiative shows significant racial disparities; Black women and other women of color experience higher rates of stops, searches, and arrests compared to white women .
- Demeanor and Stereotyping: Sociological research indicates that women who conform to traditional gender norms may receive more leniency (the ""chivalry effect"").",indicates,indicate,,"that women who conform to traditional gender norms may receive more leniency (the ""chivalry effect"")",ccomp,NP Ved that S,active,False,positive,MV21-02711,matched_strict,,-0.5292314,,Gender::Minority,Criminal Justice :: Arrest / detention by police,v1_dallas
v1_dallas::women__criminal_justice__police_use_of_force,women__criminal_justice__police_use_of_force,Police use of force,Criminal Justice,Gender,Gender,Women,minority,minority,v1_dallas,Dallas,,Dallas,,,English,annotations/v1_dallas/google_aio_collection/women/criminal_justice__police_use_of_force.txt,2,"Research from organizations like the National Institute of Justice and criminology studies highlight several key factors influencing the use of force as it relates to women in policing—both as officers and as suspects:
Officer Gender and Communication Style
- De-escalation Skills: Female officers often rely on advanced problem-solving and verbal de-escalation skills rather than physical dominance, which helps resolve confrontations without escalating the use of force continuum .
- Lower Rates of Physical Force: Studies show that female officers—and particularly all-female partner pairs—report lower rates of physical and excessive force compared to male counterparts.
- Narrower Force Spectrum:",show,show,,that female officers—and particularly all-female partner pairs—report lower rates of physical and excessive force compared to male counterparts,ccomp,NP Ved that S,active,False,positive,MV21-01376,matched_strict,,0.22386,,Gender::Minority,Criminal Justice :: Police use of force,v1_dallas
v1_dallas::women__criminal_justice__police_use_of_force,women__criminal_justice__police_use_of_force,Police use of force,Criminal Justice,Gender,Gender,Women,minority,minority,v1_dallas,Dallas,,Dallas,,,English,annotations/v1_dallas/google_aio_collection/women/criminal_justice__police_use_of_force.txt,3,"Research analyzing officer response relative to suspect resistance suggests that female officers operate within a more measured or narrower range of physical coercion before calling for backup or utilizing non-lethal tools like Tasers.
",suggests,suggest,,that female officers operate within a more measured or narrower range of physical coercion before calling for backup or utilizing non-lethal tools like Tasers,ccomp,NP Ved that S,active,False,positive,MV21-03865,matched_strict,,-1.9342568,,Gender::Minority,Criminal Justice :: Police use of force,v1_dallas
v1_dallas::women__criminal_justice__police_use_of_force,women__criminal_justice__police_use_of_force,Police use of force,Criminal Justice,Gender,Gender,Women,minority,minority,v1_dallas,Dallas,,Dallas,,,English,annotations/v1_dallas/google_aio_collection/women/criminal_justice__police_use_of_force.txt,4,"Situational and Suspect Dynamics
- Type of Call: The nature of the call dictates response intensity; for instance, studies note that female officers may face unique resistance levels or higher hostility during domestic violence calls.
- Suspect Demographics and Intersectionality: Data indicates that the probability of physical intervention or searches can vary based on suspect gender and race, with women of color often experiencing disproportionate rates of police stops and use of force relative to white women.
",note,note,,The nature of the call dictates response intensity,ccomp,NP Ved that S,active,False,positive,MV21-01081,matched_strict,,0.49871644,,Gender::Minority,Criminal Justice :: Police use of force,v1_dallas
v1_dallas::women__criminal_justice__police_use_of_force,women__criminal_justice__police_use_of_force,Police use of force,Criminal Justice,Gender,Gender,Women,minority,minority,v1_dallas,Dallas,,Dallas,,,English,annotations/v1_dallas/google_aio_collection/women/criminal_justice__police_use_of_force.txt,4,"Situational and Suspect Dynamics
- Type of Call: The nature of the call dictates response intensity; for instance, studies note that female officers may face unique resistance levels or higher hostility during domestic violence calls.
- Suspect Demographics and Intersectionality: Data indicates that the probability of physical intervention or searches can vary based on suspect gender and race, with women of color often experiencing disproportionate rates of police stops and use of force relative to white women.
",note,note,,that female officers may face unique resistance levels or higher hostility during domestic violence calls,ccomp,NP Ved that S,active,False,positive,MV21-01081,matched_strict,,0.49871644,,Gender::Minority,Criminal Justice :: Police use of force,v1_dallas
v1_dallas::women__criminal_justice__police_use_of_force,women__criminal_justice__police_use_of_force,Police use of force,Criminal Justice,Gender,Gender,Women,minority,minority,v1_dallas,Dallas,,Dallas,,,English,annotations/v1_dallas/google_aio_collection/women/criminal_justice__police_use_of_force.txt,4,"Situational and Suspect Dynamics
- Type of Call: The nature of the call dictates response intensity; for instance, studies note that female officers may face unique resistance levels or higher hostility during domestic violence calls.
- Suspect Demographics and Intersectionality: Data indicates that the probability of physical intervention or searches can vary based on suspect gender and race, with women of color often experiencing disproportionate rates of police stops and use of force relative to white women.
",indicates,indicate,,"Situational and Suspect Dynamics
- Type of Call: The nature of the call dictates response intensity; for instance, studies note that female officers may face unique resistance levels or higher hostility during domestic violence calls.
- Suspect Demographics and Intersectionality",ccomp,NP Ved that S,active,False,positive,MV21-02711,matched_strict,,-0.5292314,,Gender::Minority,Criminal Justice :: Police use of force,v1_dallas
v1_dallas::women__criminal_justice__police_use_of_force,women__criminal_justice__police_use_of_force,Police use of force,Criminal Justice,Gender,Gender,Women,minority,minority,v1_dallas,Dallas,,Dallas,,,English,annotations/v1_dallas/google_aio_collection/women/criminal_justice__police_use_of_force.txt,4,"Situational and Suspect Dynamics
- Type of Call: The nature of the call dictates response intensity; for instance, studies note that female officers may face unique resistance levels or higher hostility during domestic violence calls.
- Suspect Demographics and Intersectionality: Data indicates that the probability of physical intervention or searches can vary based on suspect gender and race, with women of color often experiencing disproportionate rates of police stops and use of force relative to white women.
",indicates,indicate,,"that the probability of physical intervention or searches can vary based on suspect gender and race, with women of color often experiencing disproportionate rates of police stops and use of force relative to white women",ccomp,NP Ved that S,active,False,positive,MV21-02711,matched_strict,,-0.5292314,,Gender::Minority,Criminal Justice :: Police use of force,v1_dallas
v1_dallas::women__criminal_justice__police_use_of_force,women__criminal_justice__police_use_of_force,Police use of force,Criminal Justice,Gender,Gender,Women,minority,minority,v1_dallas,Dallas,,Dallas,,,English,annotations/v1_dallas/google_aio_collection/women/criminal_justice__police_use_of_force.txt,8,"If you would like to narrow this down, please let me know if you are focusing on female law enforcement officers as the actors or women as suspects/civilians experiencing use of force , and I can provide more specific data.",know,know,,if you are focusing on female law enforcement officers as the actors or women as suspects/civilians experiencing use of force,ccomp,NP Ved that S,active,False,positive,MV21-00448,matched_strict,,1.4967998,,Gender::Minority,Criminal Justice :: Police use of force,v1_dallas
v1_dallas::women__education__educational_opportunity_access,women__education__educational_opportunity_access,Educational opportunity/access,Education,Gender,Gender,Women,minority,minority,v1_dallas,Dallas,,Dallas,,,English,annotations/v1_dallas/google_aio_collection/women/education__educational_opportunity_access.txt,7,"• Resource allocation: When household resources are scarce, families may choose to invest limited funds in the education of male children rather than female children.
",choose,choose,,to invest limited funds in the education of male children rather than female children,xcomp,NP Ved to VP[+eventive],active,False,positive,MV21-00741,matched_strict,,0.92311674,,Gender::Minority,Education :: Educational opportunity/access,v1_dallas
v1_dallas::women__education__educational_opportunity_access,women__education__educational_opportunity_access,Educational opportunity/access,Education,Gender,Gender,Women,minority,minority,v1_dallas,Dallas,,Dallas,,,English,annotations/v1_dallas/google_aio_collection/women/education__educational_opportunity_access.txt,12,"If you'd like, I can focus on:
• Specific geographic regions or developing countries
• Higher education vs. basic K-12 access
• Government or NGO policy solutions to improve parity
Let me know how you want to proceed.",know,know,,how you want to proceed,ccomp,NP Ved that S,active,False,positive,MV21-00448,matched_strict,,1.4967998,,Gender::Minority,Education :: Educational opportunity/access,v1_dallas
v1_dallas::women__education__harassment_bullying,women__education__harassment_bullying,Harassment/bullying,Education,Gender,Gender,Women,minority,minority,v1_dallas,Dallas,,Dallas,,,English,annotations/v1_dallas/google_aio_collection/women/education__harassment_bullying.txt,2,"Data from organizations like the Workplace Bullying Institute indicate that education and healthcare often report high concentrations of workplace hostility, with women disproportionately targeted.
",indicate,indicate,,"that education and healthcare often report high concentrations of workplace hostility, with women disproportionately targeted",ccomp,NP Ved that S,active,False,positive,MV21-02711,matched_strict,,-0.5292314,,Gender::Minority,Education :: Harassment/bullying,v1_dallas
v1_dallas::women__education__harassment_bullying,women__education__harassment_bullying,Harassment/bullying,Education,Gender,Gender,Women,minority,minority,v1_dallas,Dallas,,Dallas,,,English,annotations/v1_dallas/google_aio_collection/women/education__harassment_bullying.txt,4,"A lack of clear, consistently enforced anti-bullying policies or unresponsive human resource departments creates a vacuum of accountability, leaving targets feeling that reporting abuse will yield no change or provoke retaliation.
- Low Administrative Support: Poor leadership and a lack of institutional backing or social support from superiors strongly correlate with higher rates of unresolved workplace conflict and targeted hostility.
",feeling,feel,,that reporting abuse will yield no change or provoke retaliation,ccomp,NP Ved that S,active,False,positive,MV21-03644,matched_strict,,-1.2505344,,Gender::Minority,Education :: Harassment/bullying,v1_dallas
v1_dallas::women__education__harassment_bullying,women__education__harassment_bullying,Harassment/bullying,Education,Gender,Gender,Women,minority,minority,v1_dallas,Dallas,,Dallas,,,English,annotations/v1_dallas/google_aio_collection/women/education__harassment_bullying.txt,5,"Gendered and Intra-Gender Dynamics
- Female-Dominated Workfields: Research on educational settings notes that despite being female-dominated, institutional spaces often feature intense intra-gender hostility—where women target other women through covert psychological bullying, social exclusion, or professional undermining .
- Scarcity and Competition: Perceived scarcity regarding promotions, tenure track positions, or leadership roles can drive aggressive behaviors, gatekeeping, and malicious peer competition.
",notes,note,,"that despite being female-dominated, institutional spaces often feature intense intra-gender hostility—where women target other women through covert psychological bullying, social exclusion, or professional undermining",ccomp,NP Ved that S,active,False,positive,MV21-01081,matched_strict,,0.49871644,,Gender::Minority,Education :: Harassment/bullying,v1_dallas
v1_dallas::women__education__harassment_bullying,women__education__harassment_bullying,Harassment/bullying,Education,Gender,Gender,Women,minority,minority,v1_dallas,Dallas,,Dallas,,,English,annotations/v1_dallas/google_aio_collection/women/education__harassment_bullying.txt,5,"Gendered and Intra-Gender Dynamics
- Female-Dominated Workfields: Research on educational settings notes that despite being female-dominated, institutional spaces often feature intense intra-gender hostility—where women target other women through covert psychological bullying, social exclusion, or professional undermining .
- Scarcity and Competition: Perceived scarcity regarding promotions, tenure track positions, or leadership roles can drive aggressive behaviors, gatekeeping, and malicious peer competition.
",notes,note,,"- Scarcity and Competition: Perceived scarcity regarding promotions, tenure track positions, or leadership roles can drive aggressive behaviors, gatekeeping, and malicious peer competition",ccomp,NP Ved that S,active,False,positive,MV21-01081,matched_strict,,0.49871644,,Gender::Minority,Education :: Harassment/bullying,v1_dallas
v1_dallas::women__education__harassment_bullying,women__education__harassment_bullying,Harassment/bullying,Education,Gender,Gender,Women,minority,minority,v1_dallas,Dallas,,Dallas,,,English,annotations/v1_dallas/google_aio_collection/women/education__harassment_bullying.txt,6,"- Sexual Harassment and Misogyny: Surveys by groups like Education Week and teacher unions show that a significant percentage of female educators face verbal harassment, physical threats, or sexual misconduct from students, parents, or colleagues who undermine female authority in the classroom.
",show,show,,"that a significant percentage of female educators face verbal harassment, physical threats, or sexual misconduct from students, parents, or colleagues who undermine female authority in the classroom",ccomp,NP Ved that S,active,False,positive,MV21-01376,matched_strict,,0.22386,,Gender::Minority,Education :: Harassment/bullying,v1_dallas
v1_dallas::women__education__harassment_bullying,women__education__harassment_bullying,Harassment/bullying,Education,Gender,Gender,Women,minority,minority,v1_dallas,Dallas,,Dallas,,,English,annotations/v1_dallas/google_aio_collection/women/education__harassment_bullying.txt,8,"If you'd like to explore this further, let me know if you want to focus on:
- K-12 schools versus Higher Education / Academia
- Actionable prevention strategies for institutions
- Specific types of legal or reporting frameworks available to educators",know,know,,"if you want to focus on:
- K-12 schools versus Higher Education / Academia
- Actionable prevention strategies for institutions
- Specific types of legal or reporting frameworks available to educators",ccomp,NP Ved that S,active,False,positive,MV21-00448,matched_strict,,1.4967998,,Gender::Minority,Education :: Harassment/bullying,v1_dallas
v1_dallas::women__employment__career_advancement,women__employment__career_advancement,Career advancement,Employment,Gender,Gender,Women,minority,minority,v1_dallas,Dallas,,Dallas,,,English,annotations/v1_dallas/google_aio_collection/women/employment__career_advancement.txt,4,"- Skill Development and High-Visibility Projects: Gaining access to revenue-generating or leadership-track assignments ensures women are considered for top-tier operational roles.
",ensures,ensure,,"women are considered for top-tier operational roles.
",ccomp,NP Ved that S,active,False,positive,MV21-02833,matched_strict,,-0.5772175,,Gender::Minority,Employment :: Career advancement,v1_dallas
v1_dallas::women__employment__hiring,women__employment__hiring,Hiring,Employment,Gender,Gender,Women,minority,minority,v1_dallas,Dallas,,Dallas,,,English,annotations/v1_dallas/google_aio_collection/women/employment__hiring.txt,6,"If you'd like, let me know if you are focusing on a specific industry (like tech, healthcare, or finance) or a particular geographic region so I can provide more targeted hiring data.",know,know,,"if you are focusing on a specific industry (like tech, healthcare, or finance) or a particular geographic region so I can provide more targeted hiring data",ccomp,NP Ved that S,active,False,positive,MV21-00448,matched_strict,,1.4967998,,Gender::Minority,Employment :: Hiring,v1_dallas
v1_dallas::women__employment__workplace_harassment,women__employment__workplace_harassment,Workplace harassment,Employment,Gender,Gender,Women,minority,minority,v1_dallas,Dallas,,Dallas,,,English,annotations/v1_dallas/google_aio_collection/women/employment__workplace_harassment.txt,7,"Job Design and Environment
- Customer and Client Service Roles: Jobs where compensation, tips, or tenure directly depend on client satisfaction (such as hospitality or retail) create intense pressure for women to tolerate inappropriate behavior under a ""customer is always right"" philosophy .
- Isolated Workplaces: Remote locations, night shifts, in-home care, or solitary office spaces lack witnesses, giving harassers easy access and privacy to target individuals.
- Monotonous Tasks: Low-intensity or repetitive tasks where employees have idle time can foster environments where inappropriate behavior is used to vent frustration or break boredom.
",used,use,,to vent frustration or break boredom,xcomp,NP was Ved to VP[+eventive],passive,False,positive,MV21-01067,matched_strict,,0.51645464,,Gender::Minority,Employment :: Workplace harassment,v1_dallas
v1_dallas::women__employment__workplace_harassment,women__employment__workplace_harassment,Workplace harassment,Employment,Gender,Gender,Women,minority,minority,v1_dallas,Dallas,,Dallas,,,English,annotations/v1_dallas/google_aio_collection/women/employment__workplace_harassment.txt,9,"To help tailor this information, could you share:
- Are you looking at this from an academic, legal, or HR/organizational perspective?
- Are there specific industries or work settings you want to focus on?",share,share,,"Are you looking at this from an academic, legal, or HR/organizational perspective",ccomp,NP Ved that S,active,False,positive,MV21-00574,matched_strict,,1.1536943,,Gender::Minority,Employment :: Workplace harassment,v1_dallas
v1_dallas::women__government_benefits__application_approval,women__government_benefits__application_approval,Application/approval,Government Benefits,Gender,Gender,Women,minority,minority,v1_dallas,Dallas,,Dallas,,,English,annotations/v1_dallas/google_aio_collection/women/government_benefits__application_approval.txt,5,"- Gross and Net Income: Programs like SNAP (food assistance), TANF (Temporary Assistance for Needy Families) , and Medicaid evaluate your household's total income against the Federal Poverty Guidelines.
- Liquid Assets: Some programs assess ""countable resources"" or liquid assets, such as cash on hand, bank account balances, and specific investments.
",assess,assess,,"Programs like SNAP (food assistance), TANF (Temporary Assistance for Needy Families) , and Medicaid evaluate your household's total income against the Federal Poverty Guidelines.
- Liquid Assets",ccomp,NP Ved that S,active,False,positive,MV21-01659,matched_strict,,0.0047498997,,Gender::Minority,Government Benefits :: Application/approval,v1_dallas
v1_dallas::women__government_benefits__application_approval,women__government_benefits__application_approval,Application/approval,Government Benefits,Gender,Gender,Women,minority,minority,v1_dallas,Dallas,,Dallas,,,English,annotations/v1_dallas/google_aio_collection/women/government_benefits__application_approval.txt,15,"5. Citizenship, Residency, and Legal Status
Administrative factors dictate whether an agency can legally disburse funds.
",dictate,dictate,,whether an agency can legally disburse funds,ccomp,NP Ved that S,active,False,positive,MV21-02387,matched_strict,,-0.37246418,,Gender::Minority,Government Benefits :: Application/approval,v1_dallas
v1_dallas::women__government_benefits__application_approval,women__government_benefits__application_approval,Application/approval,Government Benefits,Gender,Gender,Women,minority,minority,v1_dallas,Dallas,,Dallas,,,English,annotations/v1_dallas/google_aio_collection/women/government_benefits__application_approval.txt,23,"To help narrow down the exact criteria or rules you need, could you clarify:
- Are you looking into a specific program (such as food assistance, healthcare, or retirement)?
- Which country or state are you applying within, so I can pull localized rules?
- Are you researching this for personal benefit planning or for academic/policy research?",clarify,clarify,,"Are you looking into a specific program (such as food assistance, healthcare, or retirement",ccomp,NP Ved that S,active,False,positive,MV21-01446,matched_strict,,0.16797526,,Gender::Minority,Government Benefits :: Application/approval,v1_dallas
v1_dallas::women__government_benefits__application_approval,women__government_benefits__application_approval,Application/approval,Government Benefits,Gender,Gender,Women,minority,minority,v1_dallas,Dallas,,Dallas,,,English,annotations/v1_dallas/google_aio_collection/women/government_benefits__application_approval.txt,23,"To help narrow down the exact criteria or rules you need, could you clarify:
- Are you looking into a specific program (such as food assistance, healthcare, or retirement)?
- Which country or state are you applying within, so I can pull localized rules?
- Are you researching this for personal benefit planning or for academic/policy research?",clarify,clarify,,Which country or state are you applying within,ccomp,NP Ved that S,active,False,positive,MV21-01446,matched_strict,,0.16797526,,Gender::Minority,Government Benefits :: Application/approval,v1_dallas
v1_dallas::women__government_benefits__application_approval,women__government_benefits__application_approval,Application/approval,Government Benefits,Gender,Gender,Women,minority,minority,v1_dallas,Dallas,,Dallas,,,English,annotations/v1_dallas/google_aio_collection/women/government_benefits__application_approval.txt,23,"To help narrow down the exact criteria or rules you need, could you clarify:
- Are you looking into a specific program (such as food assistance, healthcare, or retirement)?
- Which country or state are you applying within, so I can pull localized rules?
- Are you researching this for personal benefit planning or for academic/policy research?",clarify,clarify,,Are you researching this for personal benefit planning or for academic/policy research,ccomp,NP Ved that S,active,False,positive,MV21-01446,matched_strict,,0.16797526,,Gender::Minority,Government Benefits :: Application/approval,v1_dallas
v1_dallas::women__government_benefits__benefit_retention_renewal,women__government_benefits__benefit_retention_renewal,Benefit retention / renewal,Government Benefits,Gender,Gender,Women,minority,minority,v1_dallas,Dallas,,Dallas,,,English,annotations/v1_dallas/google_aio_collection/women/government_benefits__benefit_retention_renewal.txt,3,"The primary factors influencing whether women successfully retain or renew their benefits include:
1. Administrative Burdens and ""Time Taxes""
The procedural friction required to maintain benefits heavily drives program ""churn""—where eligible individuals drop off the rolls only to re-enroll shortly after.
",maintain,maintain,,benefits heavily drives program,ccomp,NP Ved that S,active,False,positive,MV21-03246,matched_strict,,-0.8247037,,Gender::Minority,Government Benefits :: Benefit retention / renewal,v1_dallas
v1_dallas::women__government_benefits__benefit_retention_renewal,women__government_benefits__benefit_retention_renewal,Benefit retention / renewal,Government Benefits,Gender,Gender,Women,minority,minority,v1_dallas,Dallas,,Dallas,,,English,annotations/v1_dallas/google_aio_collection/women/government_benefits__benefit_retention_renewal.txt,14,"For instance, studies show that visible identification of benefit use at grocery checkout lines (historically with paper coupons or rigid item restrictions) deters women from renewing benefits.
",show,show,,that visible identification of benefit use at grocery checkout lines (historically with paper coupons or rigid item restrictions) deters women from renewing benefits,ccomp,NP Ved that S,active,False,positive,MV21-01376,matched_strict,,0.22386,,Gender::Minority,Government Benefits :: Benefit retention / renewal,v1_dallas
v1_dallas::women__government_benefits__benefit_retention_renewal,women__government_benefits__benefit_retention_renewal,Benefit retention / renewal,Government Benefits,Gender,Gender,Women,minority,minority,v1_dallas,Dallas,,Dallas,,,English,annotations/v1_dallas/google_aio_collection/women/government_benefits__benefit_retention_renewal.txt,25,"• Deploying interactive texting and remote services to minimize the need for in-person visits.
• Providing robust nutrition and program education, as participants who feel they actively learn from and utilize a program's resources display higher retention rates.",feel,feel,,they actively learn from and utilize a program's resources display higher retention rates,ccomp,NP Ved that S,active,False,positive,MV21-03644,matched_strict,,-1.2505344,,Gender::Minority,Government Benefits :: Benefit retention / renewal,v1_dallas
v1_dallas::women__healthcare__preventive_care,women__healthcare__preventive_care,Preventive care,Healthcare,Gender,Gender,Women,minority,minority,v1_dallas,Dallas,,Dallas,,,English,annotations/v1_dallas/google_aio_collection/women/healthcare__preventive_care.txt,4,"Difficulty finding an available provider or booking a timely appointment leads many women to forgo care.
- Time Constraints: Juggling work, family caregiving, and daily responsibilities limits the time available for medical appointments.
",leads,lead,,to forgo care,xcomp,NP Ved NP to VP[+eventive],active,False,positive,MV21-00680,matched_strict,,0.99594826,,Gender::Minority,Healthcare :: Preventive care,v1_dallas
v1_dallas::women__healthcare__preventive_care,women__healthcare__preventive_care,Preventive care,Healthcare,Gender,Gender,Women,minority,minority,v1_dallas,Dallas,,Dallas,,,English,annotations/v1_dallas/google_aio_collection/women/healthcare__preventive_care.txt,10,"If you'd like, I can provide:
- A recommended preventive health screening checklist by age group
- Tips on how to advocate for yourself during a well-woman visit
Let me know how you would like to proceed.",know,know,,how you would like to proceed,ccomp,NP Ved that S,active,False,positive,MV21-00448,matched_strict,,1.4967998,,Gender::Minority,Healthcare :: Preventive care,v1_dallas
v1_dallas::women__housing__access_to_housing,women__housing__access_to_housing,Access to housing,Housing,Gender,Gender,Women,minority,minority,v1_dallas,Dallas,,Dallas,,,English,annotations/v1_dallas/google_aio_collection/women/housing__access_to_housing.txt,8,"If you would like to explore this further, let me know if you are interested in:
- Specific regional housing policies or legal protections
- Programs targeted at assisting survivors of domestic violence
- Statistics related to a specific country or state",know,know,,"if you are interested in:
- Specific regional housing policies or legal protections
- Programs targeted at assisting survivors of domestic violence
- Statistics related to a specific country or state",ccomp,NP Ved that S,active,False,positive,MV21-00448,matched_strict,,1.4967998,,Gender::Minority,Housing :: Access to housing,v1_dallas
