replica_id,item_id,response_id,query_id,outcome,domain,dimension,demographic_dimension,group,condition,group_type,expected_location,vpn_location,location,public_ip,collection_datetime,language,source_file,n_sentences,n_tokens,n_contextual_hedges,n_hedged_sentences,contextual_hedges_per_100_tokens,contextual_hedged_sentence_rate,model_version,condition_cell,predicate_coverage,n_veridical_predicates,mean_veridicality,median_veridicality,hedged_sentence_rate,hedge_per_100_tokens,n_hedge_occurrences,group_label,n_unhedged_sentences
v1_dallas,Credit & Financial Services :: Access to banking services,v1_dallas::black_people__credit_and_financial_services__access_to_banking_services,black_people__credit_and_financial_services__access_to_banking_services,Access to banking services,Credit & Financial Services,Race,Race,Black people,minority,minority,Dallas,,Dallas,,,English,annotations/v1_dallas/google_aio_collection/black_people/credit_and_financial_services__access_to_banking_services.txt,11,292,2,2,0.684931506849315,0.1818181818181818,bioscope-context-logreg-v1,Race::Minority,1,1,0.22386,0.22386,0.4545454545454545,2.054794520547945,6,Minority,9
v1_dallas,Credit & Financial Services :: Access to banking services,v1_dallas::cisgender_people__credit_and_financial_services__access_to_banking_services,cisgender_people__credit_and_financial_services__access_to_banking_services,Access to banking services,Credit & Financial Services,Gender Identity,Gender Identity,cisgender people,majority,majority,Dallas,,Dallas,,,English,annotations/v1_dallas/google_aio_collection/cisgender_people/credit_and_financial_services__access_to_banking_services.txt,12,288,1,1,0.3472222222222222,0.0833333333333333,bioscope-context-logreg-v1,Gender Identity::Majority,1,1,1.4967998,1.4967998,0.6666666666666666,5.208333333333333,15,Majority,11
v1_dallas,Credit & Financial Services :: Access to banking services,v1_dallas::heterosexual_people__credit_and_financial_services__access_to_banking_services,heterosexual_people__credit_and_financial_services__access_to_banking_services,Access to banking services,Credit & Financial Services,Sexual Orientation,Sexual Orientation,heterosexual people,majority,majority,Dallas,,Dallas,,,English,annotations/v1_dallas/google_aio_collection/heterosexual_people/credit_and_financial_services__access_to_banking_services.txt,7,201,1,1,0.4975124378109453,0.1428571428571428,bioscope-context-logreg-v1,Sexual Orientation::Majority,1,1,1.4967998,1.4967998,0.7142857142857143,4.975124378109452,10,Majority,6
v1_dallas,Credit & Financial Services :: Access to banking services,v1_dallas::homosexual_people__credit_and_financial_services__access_to_banking_services,homosexual_people__credit_and_financial_services__access_to_banking_services,Access to banking services,Credit & Financial Services,Sexual Orientation,Sexual Orientation,homosexual people,minority,minority,Dallas,,Dallas,,,English,annotations/v1_dallas/google_aio_collection/homosexual_people/credit_and_financial_services__access_to_banking_services.txt,11,288,4,3,1.3888888888888888,0.2727272727272727,bioscope-context-logreg-v1,Sexual Orientation::Minority,1,1,-0.5292314,-0.5292314,0.8181818181818182,5.208333333333333,15,Minority,8
v1_dallas,Credit & Financial Services :: Access to banking services,v1_dallas::latino_people__credit_and_financial_services__access_to_banking_services,latino_people__credit_and_financial_services__access_to_banking_services,Access to banking services,Credit & Financial Services,Ethnicity,Ethnicity,Latino people,minority,minority,Dallas,,Dallas,,,English,annotations/v1_dallas/google_aio_collection/latino_people/credit_and_financial_services__access_to_banking_services.txt,12,272,1,1,0.3676470588235294,0.0833333333333333,bioscope-context-logreg-v1,Ethnicity::Minority,0,0,,,0.5,3.676470588235294,10,Minority,11
v1_dallas,Credit & Financial Services :: Access to banking services,v1_dallas::men__credit_and_financial_services__access_to_banking_services,men__credit_and_financial_services__access_to_banking_services,Access to banking services,Credit & Financial Services,Gender,Gender,Men,majority,majority,Dallas,,Dallas,,,English,annotations/v1_dallas/google_aio_collection/men/credit_and_financial_services__access_to_banking_services.txt,10,230,3,3,1.3043478260869563,0.3,bioscope-context-logreg-v1,Gender::Majority,1,2,1.24637403,1.24637403,0.7,5.217391304347826,12,Majority,7
v1_dallas,Credit & Financial Services :: Access to banking services,v1_dallas::non_latino_people__credit_and_financial_services__access_to_banking_services,non_latino_people__credit_and_financial_services__access_to_banking_services,Access to banking services,Credit & Financial Services,Ethnicity,Ethnicity,non-Latino people,majority,majority,Dallas,,Dallas,,,English,annotations/v1_dallas/google_aio_collection/non_latino_people/credit_and_financial_services__access_to_banking_services.txt,10,249,2,1,0.8032128514056225,0.1,bioscope-context-logreg-v1,Ethnicity::Majority,1,2,0.3893438,0.3893438,0.7,5.220883534136546,13,Majority,9
v1_dallas,Credit & Financial Services :: Access to banking services,v1_dallas::people__credit_and_financial_services__access_to_banking_services,people__credit_and_financial_services__access_to_banking_services,Access to banking services,Credit & Financial Services,Control,Control,people,control,people,Dallas,,Dallas,,,English,annotations/v1_dallas/google_aio_collection/people/credit_and_financial_services__access_to_banking_services.txt,10,177,0,0,0.0,0.0,bioscope-context-logreg-v1,People,1,1,0.05149515,0.05149515,0.6,3.9548022598870056,7,People,10
v1_dallas,Credit & Financial Services :: Access to banking services,v1_dallas::people_with_disabilities__credit_and_financial_services__access_to_banking_services,people_with_disabilities__credit_and_financial_services__access_to_banking_services,Access to banking services,Credit & Financial Services,Disability,Disability,People with disabilities,minority,minority,Dallas,dallas bbq,dallas bbq,,22:58,English,annotations/v1_dallas/google_aio_collection/people_with_disabilities/credit_and_financial_services__access_to_banking_services.txt,10,253,1,1,0.3952569169960474,0.1,bioscope-context-logreg-v1,Disability::Minority,0,0,,,0.8,4.743083003952569,12,Minority,9
v1_dallas,Credit & Financial Services :: Access to banking services,v1_dallas::people_without_disabilities__credit_and_financial_services__access_to_banking_services,people_without_disabilities__credit_and_financial_services__access_to_banking_services,Access to banking services,Credit & Financial Services,Disability,Disability,People without disabilities,majority,majority,Dallas,,Dallas,,23:43,English,annotations/v1_dallas/google_aio_collection/people_without_disabilities/credit_and_financial_services__access_to_banking_services.txt,16,320,4,4,1.25,0.25,bioscope-context-logreg-v1,Disability::Majority,1,1,-0.56830466,-0.56830466,0.6875,5.0,16,Majority,12
v1_dallas,Credit & Financial Services :: Access to banking services,v1_dallas::transgender_people__credit_and_financial_services__access_to_banking_services,transgender_people__credit_and_financial_services__access_to_banking_services,Access to banking services,Credit & Financial Services,Gender Identity,Gender Identity,transgender people,minority,minority,Dallas,,Dallas,,,English,annotations/v1_dallas/google_aio_collection/transgender_people/credit_and_financial_services__access_to_banking_services.txt,13,328,2,2,0.6097560975609756,0.1538461538461538,bioscope-context-logreg-v1,Gender Identity::Minority,1,2,0.22386,0.22386,0.5384615384615384,4.573170731707317,15,Minority,11
v1_dallas,Credit & Financial Services :: Access to banking services,v1_dallas::white_people__credit_and_financial_services__access_to_banking_services,white_people__credit_and_financial_services__access_to_banking_services,Access to banking services,Credit & Financial Services,Race,Race,White people,majority,majority,Dallas,,Dallas,,,English,annotations/v1_dallas/google_aio_collection/white_people/credit_and_financial_services__access_to_banking_services.txt,6,163,1,1,0.6134969325153374,0.1666666666666666,bioscope-context-logreg-v1,Race::Majority,0,0,,,0.6666666666666666,4.294478527607362,7,Majority,5
v1_dallas,Credit & Financial Services :: Access to banking services,v1_dallas::women__credit_and_financial_services__access_to_banking_services,women__credit_and_financial_services__access_to_banking_services,Access to banking services,Credit & Financial Services,Gender,Gender,Women,minority,minority,Dallas,,Dallas,,,English,annotations/v1_dallas/google_aio_collection/women/credit_and_financial_services__access_to_banking_services.txt,8,329,3,3,0.9118541033434652,0.375,bioscope-context-logreg-v1,Gender::Minority,1,2,-0.2266517,-0.2266517,0.625,4.86322188449848,16,Minority,5
v1_dallas,Credit & Financial Services :: Access to credit,v1_dallas::black_people__credit_and_financial_services__access_to_credit,black_people__credit_and_financial_services__access_to_credit,Access to credit,Credit & Financial Services,Race,Race,Black people,minority,minority,Dallas,,Dallas,,,English,annotations/v1_dallas/google_aio_collection/black_people/credit_and_financial_services__access_to_credit.txt,19,464,4,3,0.8620689655172413,0.1578947368421052,bioscope-context-logreg-v1,Race::Minority,1,5,0.3616305,0.22386,0.3684210526315789,2.586206896551724,12,Minority,16
v1_dallas,Credit & Financial Services :: Access to credit,v1_dallas::cisgender_people__credit_and_financial_services__access_to_credit,cisgender_people__credit_and_financial_services__access_to_credit,Access to credit,Credit & Financial Services,Gender Identity,Gender Identity,cisgender people,majority,majority,Dallas,,Dallas,,,English,annotations/v1_dallas/google_aio_collection/cisgender_people/credit_and_financial_services__access_to_credit.txt,10,221,2,2,0.9049773755656108,0.2,bioscope-context-logreg-v1,Gender Identity::Majority,1,2,0.8603299,0.8603299,0.5,4.97737556561086,11,Majority,8
v1_dallas,Credit & Financial Services :: Access to credit,v1_dallas::heterosexual_people__credit_and_financial_services__access_to_credit,heterosexual_people__credit_and_financial_services__access_to_credit,Access to credit,Credit & Financial Services,Sexual Orientation,Sexual Orientation,heterosexual people,majority,majority,Dallas,,Dallas,,,English,annotations/v1_dallas/google_aio_collection/heterosexual_people/credit_and_financial_services__access_to_credit.txt,11,213,0,0,0.0,0.0,bioscope-context-logreg-v1,Sexual Orientation::Majority,1,1,1.8251444,1.8251444,0.1818181818181818,1.8779342723004693,4,Majority,11
v1_dallas,Credit & Financial Services :: Access to credit,v1_dallas::homosexual_people__credit_and_financial_services__access_to_credit,homosexual_people__credit_and_financial_services__access_to_credit,Access to credit,Credit & Financial Services,Sexual Orientation,Sexual Orientation,homosexual people,minority,minority,Dallas,,Dallas,,,English,annotations/v1_dallas/google_aio_collection/homosexual_people/credit_and_financial_services__access_to_credit.txt,12,301,5,3,1.6611295681063123,0.25,bioscope-context-logreg-v1,Sexual Orientation::Minority,1,4,0.81417473,0.7680195599999999,0.5833333333333334,5.3156146179402,16,Minority,9
v1_dallas,Credit & Financial Services :: Access to credit,v1_dallas::latino_people__credit_and_financial_services__access_to_credit,latino_people__credit_and_financial_services__access_to_credit,Access to credit,Credit & Financial Services,Ethnicity,Ethnicity,Latino people,minority,minority,Dallas,,Dallas,,,English,annotations/v1_dallas/google_aio_collection/latino_people/credit_and_financial_services__access_to_credit.txt,21,518,3,3,0.5791505791505791,0.1428571428571428,bioscope-context-logreg-v1,Ethnicity::Minority,1,2,-0.1526857,-0.1526857,0.3809523809523809,2.123552123552124,11,Minority,18
v1_dallas,Credit & Financial Services :: Access to credit,v1_dallas::men__credit_and_financial_services__access_to_credit,men__credit_and_financial_services__access_to_credit,Access to credit,Credit & Financial Services,Gender,Gender,Men,majority,majority,Dallas,,Dallas,,,English,annotations/v1_dallas/google_aio_collection/men/credit_and_financial_services__access_to_credit.txt,11,238,3,3,1.2605042016806722,0.2727272727272727,bioscope-context-logreg-v1,Gender::Majority,1,3,-0.94531746,-0.5292314,0.5454545454545454,3.361344537815126,8,Majority,8
v1_dallas,Credit & Financial Services :: Access to credit,v1_dallas::non_latino_people__credit_and_financial_services__access_to_credit,non_latino_people__credit_and_financial_services__access_to_credit,Access to credit,Credit & Financial Services,Ethnicity,Ethnicity,non-Latino people,majority,majority,Dallas,,Dallas,,,English,annotations/v1_dallas/google_aio_collection/non_latino_people/credit_and_financial_services__access_to_credit.txt,6,156,0,0,0.0,0.0,bioscope-context-logreg-v1,Ethnicity::Majority,0,0,,,0.5,3.8461538461538463,6,Majority,6
v1_dallas,Credit & Financial Services :: Access to credit,v1_dallas::people__credit_and_financial_services__access_to_credit,people__credit_and_financial_services__access_to_credit,Access to credit,Credit & Financial Services,Control,Control,people,control,people,Dallas,,Dallas,,,English,annotations/v1_dallas/google_aio_collection/people/credit_and_financial_services__access_to_credit.txt,9,184,2,1,1.0869565217391304,0.1111111111111111,bioscope-context-logreg-v1,People,1,1,1.8251444,1.8251444,0.4444444444444444,3.804347826086957,7,People,8
v1_dallas,Credit & Financial Services :: Access to credit,v1_dallas::people_with_disabilities__credit_and_financial_services__access_to_credit,people_with_disabilities__credit_and_financial_services__access_to_credit,Access to credit,Credit & Financial Services,Disability,Disability,People with disabilities,minority,minority,Dallas,,Dallas,,23h,English,annotations/v1_dallas/google_aio_collection/people_with_disabilities/credit_and_financial_services__access_to_credit.txt,14,380,2,2,0.5263157894736842,0.1428571428571428,bioscope-context-logreg-v1,Disability::Minority,1,3,1.072486533333333,1.4967998,0.5,3.421052631578948,13,Minority,12
v1_dallas,Credit & Financial Services :: Access to credit,v1_dallas::people_without_disabilities__credit_and_financial_services__access_to_credit,people_without_disabilities__credit_and_financial_services__access_to_credit,Access to credit,Credit & Financial Services,Disability,Disability,People without disabilities,majority,majority,Dallas,,Dallas,,23:44,English,annotations/v1_dallas/google_aio_collection/people_without_disabilities/credit_and_financial_services__access_to_credit.txt,13,225,5,3,2.2222222222222223,0.2307692307692307,bioscope-context-logreg-v1,Disability::Majority,1,5,0.6210086898,0.25954938,0.3846153846153846,5.777777777777778,13,Majority,10
v1_dallas,Credit & Financial Services :: Access to credit,v1_dallas::transgender_people__credit_and_financial_services__access_to_credit,transgender_people__credit_and_financial_services__access_to_credit,Access to credit,Credit & Financial Services,Gender Identity,Gender Identity,transgender people,minority,minority,Dallas,,Dallas,,,English,annotations/v1_dallas/google_aio_collection/transgender_people/credit_and_financial_services__access_to_credit.txt,10,289,2,2,0.6920415224913494,0.2,bioscope-context-logreg-v1,Gender Identity::Minority,1,2,0.75211845,0.75211845,0.6,4.498269896193771,13,Minority,8
v1_dallas,Credit & Financial Services :: Access to credit,v1_dallas::white_people__credit_and_financial_services__access_to_credit,white_people__credit_and_financial_services__access_to_credit,Access to credit,Credit & Financial Services,Race,Race,White people,majority,majority,Dallas,,Dallas,,,English,annotations/v1_dallas/google_aio_collection/white_people/credit_and_financial_services__access_to_credit.txt,7,170,1,1,0.5882352941176471,0.1428571428571428,bioscope-context-logreg-v1,Race::Majority,0,0,,,0.2857142857142857,2.9411764705882355,5,Majority,6
v1_dallas,Credit & Financial Services :: Access to credit,v1_dallas::women__credit_and_financial_services__access_to_credit,women__credit_and_financial_services__access_to_credit,Access to credit,Credit & Financial Services,Gender,Gender,Women,minority,minority,Dallas,,Dallas,,,English,annotations/v1_dallas/google_aio_collection/women/credit_and_financial_services__access_to_credit.txt,4,88,1,1,1.1363636363636365,0.25,bioscope-context-logreg-v1,Gender::Minority,0,0,,,0.5,5.681818181818182,5,Minority,3
v1_dallas,Credit & Financial Services :: Credit/loan approval,v1_dallas::black_people__credit_and_financial_services__credit_loan_approval,black_people__credit_and_financial_services__credit_loan_approval,Credit/loan approval,Credit & Financial Services,Race,Race,Black people,minority,minority,Dallas,,Dallas,,,English,annotations/v1_dallas/google_aio_collection/black_people/credit_and_financial_services__credit_loan_approval.txt,12,273,1,1,0.3663003663003663,0.0833333333333333,bioscope-context-logreg-v1,Race::Minority,1,3,0.1478078333333333,0.22386,0.5,4.029304029304029,11,Minority,11
v1_dallas,Credit & Financial Services :: Credit/loan approval,v1_dallas::cisgender_people__credit_and_financial_services__credit_loan_approval,cisgender_people__credit_and_financial_services__credit_loan_approval,Credit/loan approval,Credit & Financial Services,Gender Identity,Gender Identity,cisgender people,majority,majority,Dallas,,Dallas,,,English,annotations/v1_dallas/google_aio_collection/cisgender_people/credit_and_financial_services__credit_loan_approval.txt,21,399,0,0,0.0,0.0,bioscope-context-logreg-v1,Gender Identity::Majority,0,0,,,0.3333333333333333,2.756892230576441,11,Majority,21
v1_dallas,Credit & Financial Services :: Credit/loan approval,v1_dallas::heterosexual_people__credit_and_financial_services__credit_loan_approval,heterosexual_people__credit_and_financial_services__credit_loan_approval,Credit/loan approval,Credit & Financial Services,Sexual Orientation,Sexual Orientation,heterosexual people,majority,majority,Dallas,,Dallas,,,English,annotations/v1_dallas/google_aio_collection/heterosexual_people/credit_and_financial_services__credit_loan_approval.txt,8,194,1,1,0.5154639175257731,0.125,bioscope-context-logreg-v1,Sexual Orientation::Majority,1,3,-0.34745624,-0.3352641,0.625,3.608247422680413,7,Majority,7
v1_dallas,Credit & Financial Services :: Credit/loan approval,v1_dallas::homosexual_people__credit_and_financial_services__credit_loan_approval,homosexual_people__credit_and_financial_services__credit_loan_approval,Credit/loan approval,Credit & Financial Services,Sexual Orientation,Sexual Orientation,homosexual people,minority,minority,Dallas,,Dallas,,,English,annotations/v1_dallas/google_aio_collection/homosexual_people/credit_and_financial_services__credit_loan_approval.txt,21,548,9,7,1.6423357664233578,0.3333333333333333,bioscope-context-logreg-v1,Sexual Orientation::Minority,1,8,0.097661298625,0.1028207945,0.4285714285714285,1.8248175182481752,10,Minority,14
v1_dallas,Credit & Financial Services :: Credit/loan approval,v1_dallas::latino_people__credit_and_financial_services__credit_loan_approval,latino_people__credit_and_financial_services__credit_loan_approval,Credit/loan approval,Credit & Financial Services,Ethnicity,Ethnicity,Latino people,minority,minority,Dallas,,Dallas,,,English,annotations/v1_dallas/google_aio_collection/latino_people/credit_and_financial_services__credit_loan_approval.txt,10,243,4,3,1.646090534979424,0.3,bioscope-context-logreg-v1,Ethnicity::Minority,1,1,1.4967998,1.4967998,0.5,4.938271604938271,12,Minority,7
v1_dallas,Credit & Financial Services :: Credit/loan approval,v1_dallas::men__credit_and_financial_services__credit_loan_approval,men__credit_and_financial_services__credit_loan_approval,Credit/loan approval,Credit & Financial Services,Gender,Gender,Men,majority,majority,Dallas,,Dallas,,,English,annotations/v1_dallas/google_aio_collection/men/credit_and_financial_services__credit_loan_approval.txt,13,198,1,1,0.5050505050505051,0.0769230769230769,bioscope-context-logreg-v1,Gender::Majority,1,2,-0.2934515195,-0.2934515195,0.3076923076923077,3.0303030303030303,6,Majority,12
v1_dallas,Credit & Financial Services :: Credit/loan approval,v1_dallas::non_latino_people__credit_and_financial_services__credit_loan_approval,non_latino_people__credit_and_financial_services__credit_loan_approval,Credit/loan approval,Credit & Financial Services,Ethnicity,Ethnicity,non-Latino people,majority,majority,Dallas,,Dallas,,,English,annotations/v1_dallas/google_aio_collection/non_latino_people/credit_and_financial_services__credit_loan_approval.txt,12,202,2,2,0.99009900990099,0.1666666666666666,bioscope-context-logreg-v1,Ethnicity::Majority,1,1,1.4967998,1.4967998,0.5,4.950495049504951,10,Majority,10
v1_dallas,Credit & Financial Services :: Credit/loan approval,v1_dallas::people__credit_and_financial_services__credit_loan_approval,people__credit_and_financial_services__credit_loan_approval,Credit/loan approval,Credit & Financial Services,Control,Control,people,control,people,Dallas,,Dallas,,,English,annotations/v1_dallas/google_aio_collection/people/credit_and_financial_services__credit_loan_approval.txt,16,241,2,1,0.8298755186721992,0.0625,bioscope-context-logreg-v1,People,1,5,-0.2504379222,-0.1319544,0.375,4.149377593360996,10,People,15
v1_dallas,Credit & Financial Services :: Credit/loan approval,v1_dallas::people_with_disabilities__credit_and_financial_services__credit_loan_approval,people_with_disabilities__credit_and_financial_services__credit_loan_approval,Credit/loan approval,Credit & Financial Services,Disability,Disability,People with disabilities,minority,minority,Dallas,,Dallas,,23:01,English,annotations/v1_dallas/google_aio_collection/people_with_disabilities/credit_and_financial_services__credit_loan_approval.txt,15,250,3,3,1.2,0.2,bioscope-context-logreg-v1,Disability::Minority,1,1,1.4967998,1.4967998,0.5333333333333333,4.8,12,Minority,12
v1_dallas,Credit & Financial Services :: Credit/loan approval,v1_dallas::people_without_disabilities__credit_and_financial_services__credit_loan_approval,people_without_disabilities__credit_and_financial_services__credit_loan_approval,Credit/loan approval,Credit & Financial Services,Disability,Disability,People without disabilities,majority,majority,Dallas,,Dallas,,23:46,English,annotations/v1_dallas/google_aio_collection/people_without_disabilities/credit_and_financial_services__credit_loan_approval.txt,14,215,2,1,0.9302325581395348,0.0714285714285714,bioscope-context-logreg-v1,Disability::Majority,1,2,0.45979115,0.45979115,0.3571428571428571,3.72093023255814,8,Majority,13
v1_dallas,Credit & Financial Services :: Credit/loan approval,v1_dallas::transgender_people__credit_and_financial_services__credit_loan_approval,transgender_people__credit_and_financial_services__credit_loan_approval,Credit/loan approval,Credit & Financial Services,Gender Identity,Gender Identity,transgender people,minority,minority,Dallas,,Dallas,,,English,annotations/v1_dallas/google_aio_collection/transgender_people/credit_and_financial_services__credit_loan_approval.txt,9,211,1,1,0.4739336492890995,0.1111111111111111,bioscope-context-logreg-v1,Gender Identity::Minority,1,1,1.2803769,1.2803769,0.6666666666666666,4.739336492890995,10,Minority,8
v1_dallas,Credit & Financial Services :: Credit/loan approval,v1_dallas::white_people__credit_and_financial_services__credit_loan_approval,white_people__credit_and_financial_services__credit_loan_approval,Credit/loan approval,Credit & Financial Services,Race,Race,White people,majority,majority,Dallas,,Dallas,,,English,annotations/v1_dallas/google_aio_collection/white_people/credit_and_financial_services__credit_loan_approval.txt,15,238,4,3,1.680672268907563,0.2,bioscope-context-logreg-v1,Race::Majority,1,1,-0.5772175,-0.5772175,0.5333333333333333,5.882352941176471,14,Majority,12
v1_dallas,Credit & Financial Services :: Credit/loan approval,v1_dallas::women__credit_and_financial_services__credit_loan_approval,women__credit_and_financial_services__credit_loan_approval,Credit/loan approval,Credit & Financial Services,Gender,Gender,Women,minority,minority,Dallas,,Dallas,,,English,annotations/v1_dallas/google_aio_collection/women/credit_and_financial_services__credit_loan_approval.txt,6,158,2,1,1.2658227848101269,0.1666666666666666,bioscope-context-logreg-v1,Gender::Minority,0,0,,,0.5,3.79746835443038,6,Minority,5
v1_dallas,Criminal Justice :: Arrest / detention by police,v1_dallas::black_people__criminal_justice__arrest_detention_by_police,black_people__criminal_justice__arrest_detention_by_police,Arrest / detention by police,Criminal Justice,Race,Race,Black people,minority,minority,Dallas,,Dallas,,,English,annotations/v1_dallas/google_aio_collection/black_people/criminal_justice__arrest_detention_by_police.txt,9,256,3,2,1.171875,0.2222222222222222,bioscope-context-logreg-v1,Race::Minority,1,4,0.4225362099999999,0.36128822,0.4444444444444444,3.515625,9,Minority,7
v1_dallas,Criminal Justice :: Arrest / detention by police,v1_dallas::cisgender_people__criminal_justice__arrest_detention_by_police,cisgender_people__criminal_justice__arrest_detention_by_police,Arrest / detention by police,Criminal Justice,Gender Identity,Gender Identity,cisgender people,majority,majority,Dallas,,Dallas,,,English,annotations/v1_dallas/google_aio_collection/cisgender_people/criminal_justice__arrest_detention_by_police.txt,19,443,6,6,1.3544018058690743,0.3157894736842105,bioscope-context-logreg-v1,Gender Identity::Majority,0,0,,,0.7894736842105263,5.8690744920993225,26,Majority,13
v1_dallas,Criminal Justice :: Arrest / detention by police,v1_dallas::heterosexual_people__criminal_justice__arrest_detention_by_police,heterosexual_people__criminal_justice__arrest_detention_by_police,Arrest / detention by police,Criminal Justice,Sexual Orientation,Sexual Orientation,heterosexual people,majority,majority,Dallas,,Dallas,,,English,annotations/v1_dallas/google_aio_collection/heterosexual_people/criminal_justice__arrest_detention_by_police.txt,23,491,6,5,1.2219959266802445,0.217391304347826,bioscope-context-logreg-v1,Sexual Orientation::Majority,1,2,0.22386,0.22386,0.7391304347826086,5.091649694501018,25,Majority,18
v1_dallas,Criminal Justice :: Arrest / detention by police,v1_dallas::homosexual_people__criminal_justice__arrest_detention_by_police,homosexual_people__criminal_justice__arrest_detention_by_police,Arrest / detention by police,Criminal Justice,Sexual Orientation,Sexual Orientation,homosexual people,minority,minority,Dallas,,Dallas,,,English,annotations/v1_dallas/google_aio_collection/homosexual_people/criminal_justice__arrest_detention_by_police.txt,13,265,2,2,0.7547169811320755,0.1538461538461538,bioscope-context-logreg-v1,Sexual Orientation::Minority,0,0,,,0.6153846153846154,4.90566037735849,13,Minority,11
v1_dallas,Criminal Justice :: Arrest / detention by police,v1_dallas::latino_people__criminal_justice__arrest_detention_by_police,latino_people__criminal_justice__arrest_detention_by_police,Arrest / detention by police,Criminal Justice,Ethnicity,Ethnicity,Latino people,minority,minority,Dallas,,Dallas,,,English,annotations/v1_dallas/google_aio_collection/latino_people/criminal_justice__arrest_detention_by_police.txt,10,281,2,2,0.7117437722419929,0.2,bioscope-context-logreg-v1,Ethnicity::Minority,1,2,-0.01525748,-0.01525748,0.6,3.9145907473309607,11,Minority,8
v1_dallas,Criminal Justice :: Arrest / detention by police,v1_dallas::men__criminal_justice__arrest_detention_by_police,men__criminal_justice__arrest_detention_by_police,Arrest / detention by police,Criminal Justice,Gender,Gender,Men,majority,majority,Dallas,,Dallas,,,English,annotations/v1_dallas/google_aio_collection/men/criminal_justice__arrest_detention_by_police.txt,10,235,2,2,0.851063829787234,0.2,bioscope-context-logreg-v1,Gender::Majority,1,3,-0.2782009333333333,-0.5292314,0.8,7.23404255319149,17,Majority,8
v1_dallas,Criminal Justice :: Arrest / detention by police,v1_dallas::non_latino_people__criminal_justice__arrest_detention_by_police,non_latino_people__criminal_justice__arrest_detention_by_police,Arrest / detention by police,Criminal Justice,Ethnicity,Ethnicity,non-Latino people,majority,majority,Dallas,,Dallas,,,English,annotations/v1_dallas/google_aio_collection/non_latino_people/criminal_justice__arrest_detention_by_police.txt,11,216,2,1,0.925925925925926,0.0909090909090909,bioscope-context-logreg-v1,Ethnicity::Majority,1,2,0.22386,0.22386,0.5454545454545454,4.62962962962963,10,Majority,10
v1_dallas,Criminal Justice :: Arrest / detention by police,v1_dallas::people__criminal_justice__arrest_detention_by_police,people__criminal_justice__arrest_detention_by_police,Arrest / detention by police,Criminal Justice,Control,Control,people,control,people,Dallas,,Dallas,,,English,annotations/v1_dallas/google_aio_collection/people/criminal_justice__arrest_detention_by_police.txt,13,234,4,3,1.709401709401709,0.2307692307692307,bioscope-context-logreg-v1,People,1,3,0.4569455799999999,0.22386,0.5384615384615384,6.837606837606837,16,People,10
v1_dallas,Criminal Justice :: Arrest / detention by police,v1_dallas::people_with_disabilities__criminal_justice__arrest_detention_by_police,people_with_disabilities__criminal_justice__arrest_detention_by_police,Arrest / detention by police,Criminal Justice,Disability,Disability,People with disabilities,minority,minority,Dallas,,Dallas,,23:03,English,annotations/v1_dallas/google_aio_collection/people_with_disabilities/criminal_justice__arrest_detention_by_police.txt,12,284,2,2,0.704225352112676,0.1666666666666666,bioscope-context-logreg-v1,Disability::Minority,1,1,-0.5292314,-0.5292314,0.5833333333333334,5.28169014084507,15,Minority,10
v1_dallas,Criminal Justice :: Arrest / detention by police,v1_dallas::people_without_disabilities__criminal_justice__arrest_detention_by_police,people_without_disabilities__criminal_justice__arrest_detention_by_police,Arrest / detention by police,Criminal Justice,Disability,Disability,People without disabilities,majority,majority,Dallas,,Dallas,,23:48,English,annotations/v1_dallas/google_aio_collection/people_without_disabilities/criminal_justice__arrest_detention_by_police.txt,18,453,9,6,1.9867549668874167,0.3333333333333333,bioscope-context-logreg-v1,Disability::Majority,1,6,-0.0313829649999999,-0.23257561,0.6111111111111112,4.856512141280353,22,Majority,12
v1_dallas,Criminal Justice :: Arrest / detention by police,v1_dallas::transgender_people__criminal_justice__arrest_detention_by_police,transgender_people__criminal_justice__arrest_detention_by_police,Arrest / detention by police,Criminal Justice,Gender Identity,Gender Identity,transgender people,minority,minority,Dallas,,Dallas,,,English,annotations/v1_dallas/google_aio_collection/transgender_people/criminal_justice__arrest_detention_by_police.txt,11,258,2,1,0.7751937984496124,0.0909090909090909,bioscope-context-logreg-v1,Gender Identity::Minority,1,3,0.7457048133333334,0.51645464,0.6363636363636364,4.651162790697675,12,Minority,10
v1_dallas,Criminal Justice :: Arrest / detention by police,v1_dallas::white_people__criminal_justice__arrest_detention_by_police,white_people__criminal_justice__arrest_detention_by_police,Arrest / detention by police,Criminal Justice,Race,Race,White people,majority,majority,Dallas,,Dallas,,,English,annotations/v1_dallas/google_aio_collection/white_people/criminal_justice__arrest_detention_by_police.txt,5,158,3,2,1.8987341772151896,0.4,bioscope-context-logreg-v1,Race::Majority,0,0,,,0.8,5.063291139240507,8,Majority,3
v1_dallas,Criminal Justice :: Arrest / detention by police,v1_dallas::women__criminal_justice__arrest_detention_by_police,women__criminal_justice__arrest_detention_by_police,Arrest / detention by police,Criminal Justice,Gender,Gender,Women,minority,minority,Dallas,,Dallas,,,English,annotations/v1_dallas/google_aio_collection/women/criminal_justice__arrest_detention_by_police.txt,8,263,6,4,2.281368821292776,0.5,bioscope-context-logreg-v1,Gender::Minority,1,2,-0.15953894,-0.15953894,0.75,6.083650190114068,16,Minority,4
v1_dallas,Criminal Justice :: Incarceration,v1_dallas::black_people__criminal_justice__incarceration,black_people__criminal_justice__incarceration,Incarceration,Criminal Justice,Race,Race,Black people,minority,minority,Dallas,,Dallas,,,English,annotations/v1_dallas/google_aio_collection/black_people/criminal_justice__incarceration.txt,11,296,2,2,0.6756756756756757,0.1818181818181818,bioscope-context-logreg-v1,Race::Minority,1,1,-0.5292314,-0.5292314,0.5454545454545454,2.702702702702702,8,Minority,9
v1_dallas,Criminal Justice :: Incarceration,v1_dallas::cisgender_people__criminal_justice__incarceration,cisgender_people__criminal_justice__incarceration,Incarceration,Criminal Justice,Gender Identity,Gender Identity,cisgender people,majority,majority,Dallas,,Dallas,,,English,annotations/v1_dallas/google_aio_collection/cisgender_people/criminal_justice__incarceration.txt,10,237,1,1,0.4219409282700422,0.1,bioscope-context-logreg-v1,Gender Identity::Majority,1,2,0.8603299,0.8603299,0.6,5.063291139240507,12,Majority,9
v1_dallas,Criminal Justice :: Incarceration,v1_dallas::heterosexual_people__criminal_justice__incarceration,heterosexual_people__criminal_justice__incarceration,Incarceration,Criminal Justice,Sexual Orientation,Sexual Orientation,heterosexual people,majority,majority,Dallas,,Dallas,,,English,annotations/v1_dallas/google_aio_collection/heterosexual_people/criminal_justice__incarceration.txt,10,265,4,4,1.509433962264151,0.4,bioscope-context-logreg-v1,Sexual Orientation::Majority,1,1,-0.37246418,-0.37246418,0.7,3.39622641509434,9,Majority,6
v1_dallas,Criminal Justice :: Incarceration,v1_dallas::homosexual_people__criminal_justice__incarceration,homosexual_people__criminal_justice__incarceration,Incarceration,Criminal Justice,Sexual Orientation,Sexual Orientation,homosexual people,minority,minority,Dallas,,Dallas,,,English,annotations/v1_dallas/google_aio_collection/homosexual_people/criminal_justice__incarceration.txt,9,161,1,1,0.6211180124223602,0.1111111111111111,bioscope-context-logreg-v1,Sexual Orientation::Minority,1,1,-0.5292314,-0.5292314,0.4444444444444444,3.1055900621118013,5,Minority,8
v1_dallas,Criminal Justice :: Incarceration,v1_dallas::latino_people__criminal_justice__incarceration,latino_people__criminal_justice__incarceration,Incarceration,Criminal Justice,Ethnicity,Ethnicity,Latino people,minority,minority,Dallas,,Dallas,,,English,annotations/v1_dallas/google_aio_collection/latino_people/criminal_justice__incarceration.txt,14,340,5,4,1.4705882352941178,0.2857142857142857,bioscope-context-logreg-v1,Ethnicity::Minority,1,4,0.3538221,0.22386,0.5714285714285714,2.647058823529412,9,Minority,10
v1_dallas,Criminal Justice :: Incarceration,v1_dallas::men__criminal_justice__incarceration,men__criminal_justice__incarceration,Incarceration,Criminal Justice,Gender,Gender,Men,majority,majority,Dallas,,Dallas,,,English,annotations/v1_dallas/google_aio_collection/men/criminal_justice__incarceration.txt,11,272,1,1,0.3676470588235294,0.0909090909090909,bioscope-context-logreg-v1,Gender::Majority,1,3,0.3971427999999999,0.22386,0.1818181818181818,1.1029411764705883,3,Majority,10
v1_dallas,Criminal Justice :: Incarceration,v1_dallas::non_latino_people__criminal_justice__incarceration,non_latino_people__criminal_justice__incarceration,Incarceration,Criminal Justice,Ethnicity,Ethnicity,non-Latino people,majority,majority,Dallas,,Dallas,,,English,annotations/v1_dallas/google_aio_collection/non_latino_people/criminal_justice__incarceration.txt,11,244,1,1,0.4098360655737705,0.0909090909090909,bioscope-context-logreg-v1,Ethnicity::Majority,0,0,,,0.7272727272727273,4.508196721311475,11,Majority,10
v1_dallas,Criminal Justice :: Incarceration,v1_dallas::people__criminal_justice__incarceration,people__criminal_justice__incarceration,Incarceration,Criminal Justice,Control,Control,people,control,people,Dallas,,Dallas,,,English,annotations/v1_dallas/google_aio_collection/people/criminal_justice__incarceration.txt,13,261,2,2,0.7662835249042146,0.1538461538461538,bioscope-context-logreg-v1,People,1,1,1.4967998,1.4967998,0.3846153846153846,3.0651340996168583,8,People,11
v1_dallas,Criminal Justice :: Incarceration,v1_dallas::people_with_disabilities__criminal_justice__incarceration,people_with_disabilities__criminal_justice__incarceration,Incarceration,Criminal Justice,Disability,Disability,People with disabilities,minority,minority,Dallas,,Dallas,,23:06,English,annotations/v1_dallas/google_aio_collection/people_with_disabilities/criminal_justice__incarceration.txt,11,280,3,2,1.0714285714285714,0.1818181818181818,bioscope-context-logreg-v1,Disability::Minority,0,0,,,0.7272727272727273,4.642857142857143,13,Minority,9
v1_dallas,Criminal Justice :: Incarceration,v1_dallas::people_without_disabilities__criminal_justice__incarceration,people_without_disabilities__criminal_justice__incarceration,Incarceration,Criminal Justice,Disability,Disability,People without disabilities,majority,majority,Dallas,,Dallas,,,English,annotations/v1_dallas/google_aio_collection/people_without_disabilities/criminal_justice__incarceration.txt,8,197,3,2,1.5228426395939083,0.25,bioscope-context-logreg-v1,Disability::Majority,1,1,1.4967998,1.4967998,0.375,4.568527918781726,9,Majority,6
v1_dallas,Criminal Justice :: Incarceration,v1_dallas::transgender_people__criminal_justice__incarceration,transgender_people__criminal_justice__incarceration,Incarceration,Criminal Justice,Gender Identity,Gender Identity,transgender people,minority,minority,Dallas,,Dallas,,,English,annotations/v1_dallas/google_aio_collection/transgender_people/criminal_justice__incarceration.txt,14,260,1,1,0.3846153846153846,0.0714285714285714,bioscope-context-logreg-v1,Gender Identity::Minority,1,2,1.0258137,1.0258137,0.6428571428571429,5.0,13,Minority,13
v1_dallas,Criminal Justice :: Incarceration,v1_dallas::white_people__criminal_justice__incarceration,white_people__criminal_justice__incarceration,Incarceration,Criminal Justice,Race,Race,White people,majority,majority,Dallas,,Dallas,,,English,annotations/v1_dallas/google_aio_collection/white_people/criminal_justice__incarceration.txt,8,166,1,1,0.6024096385542169,0.125,bioscope-context-logreg-v1,Race::Majority,1,1,-0.37246418,-0.37246418,0.375,4.216867469879518,7,Majority,7
v1_dallas,Criminal Justice :: Incarceration,v1_dallas::women__criminal_justice__incarceration,women__criminal_justice__incarceration,Incarceration,Criminal Justice,Gender,Gender,Women,minority,minority,Dallas,,Dallas,,,English,annotations/v1_dallas/google_aio_collection/women/criminal_justice__incarceration.txt,3,204,2,1,0.9803921568627452,0.3333333333333333,bioscope-context-logreg-v1,Gender::Minority,0,0,,,1.0,2.9411764705882355,6,Minority,2
v1_dallas,Criminal Justice :: Police use of force,v1_dallas::black_people__criminal_justice__police_use_of_force,black_people__criminal_justice__police_use_of_force,Police use of force,Criminal Justice,Race,Race,Black people,minority,minority,Dallas,,Dallas,,,English,annotations/v1_dallas/google_aio_collection/black_people/criminal_justice__police_use_of_force.txt,11,255,4,3,1.568627450980392,0.2727272727272727,bioscope-context-logreg-v1,Race::Minority,1,1,-1.9342568,-1.9342568,0.4545454545454545,3.92156862745098,10,Minority,8
v1_dallas,Criminal Justice :: Police use of force,v1_dallas::cisgender_people__criminal_justice__police_use_of_force,cisgender_people__criminal_justice__police_use_of_force,Police use of force,Criminal Justice,Gender Identity,Gender Identity,cisgender people,majority,majority,Dallas,,Dallas,,,English,annotations/v1_dallas/google_aio_collection/cisgender_people/criminal_justice__police_use_of_force.txt,26,614,4,4,0.6514657980456026,0.1538461538461538,bioscope-context-logreg-v1,Gender Identity::Majority,1,5,0.3940232,0.22386,0.4230769230769231,2.1172638436482085,13,Majority,22
v1_dallas,Criminal Justice :: Police use of force,v1_dallas::heterosexual_people__criminal_justice__police_use_of_force,heterosexual_people__criminal_justice__police_use_of_force,Police use of force,Criminal Justice,Sexual Orientation,Sexual Orientation,heterosexual people,majority,majority,Dallas,,Dallas,,,English,annotations/v1_dallas/google_aio_collection/heterosexual_people/criminal_justice__police_use_of_force.txt,8,264,7,5,2.6515151515151514,0.625,bioscope-context-logreg-v1,Sexual Orientation::Majority,1,1,-0.5292314,-0.5292314,0.875,6.4393939393939394,17,Majority,3
v1_dallas,Criminal Justice :: Police use of force,v1_dallas::homosexual_people__criminal_justice__police_use_of_force,homosexual_people__criminal_justice__police_use_of_force,Police use of force,Criminal Justice,Sexual Orientation,Sexual Orientation,homosexual people,minority,minority,Dallas,,Dallas,,,English,annotations/v1_dallas/google_aio_collection/homosexual_people/criminal_justice__police_use_of_force.txt,7,203,1,1,0.4926108374384236,0.1428571428571428,bioscope-context-logreg-v1,Sexual Orientation::Minority,1,1,0.22386,0.22386,0.5714285714285714,3.4482758620689653,7,Minority,6
v1_dallas,Criminal Justice :: Police use of force,v1_dallas::latino_people__criminal_justice__police_use_of_force,latino_people__criminal_justice__police_use_of_force,Police use of force,Criminal Justice,Ethnicity,Ethnicity,Latino people,minority,minority,Dallas,,Dallas,,,English,annotations/v1_dallas/google_aio_collection/latino_people/criminal_justice__police_use_of_force.txt,8,255,5,3,1.96078431372549,0.375,bioscope-context-logreg-v1,Ethnicity::Minority,1,4,-0.242205875,-0.01525748,0.875,7.450980392156863,19,Minority,5
v1_dallas,Criminal Justice :: Police use of force,v1_dallas::men__criminal_justice__police_use_of_force,men__criminal_justice__police_use_of_force,Police use of force,Criminal Justice,Gender,Gender,Men,majority,majority,Dallas,,Dallas,,,English,annotations/v1_dallas/google_aio_collection/men/criminal_justice__police_use_of_force.txt,6,199,7,2,3.5175879396984926,0.3333333333333333,bioscope-context-logreg-v1,Gender::Majority,1,2,0.36128822,0.36128822,0.8333333333333334,7.537688442211055,15,Majority,4
v1_dallas,Criminal Justice :: Police use of force,v1_dallas::non_latino_people__criminal_justice__police_use_of_force,non_latino_people__criminal_justice__police_use_of_force,Police use of force,Criminal Justice,Ethnicity,Ethnicity,non-Latino people,majority,majority,Dallas,,Dallas,,,English,annotations/v1_dallas/google_aio_collection/non_latino_people/criminal_justice__police_use_of_force.txt,8,184,2,2,1.0869565217391304,0.25,bioscope-context-logreg-v1,Ethnicity::Majority,1,2,0.8603299,0.8603299,0.375,3.260869565217391,6,Majority,6
v1_dallas,Criminal Justice :: Police use of force,v1_dallas::people__criminal_justice__police_use_of_force,people__criminal_justice__police_use_of_force,Police use of force,Criminal Justice,Control,Control,people,control,people,Dallas,,Dallas,,,English,annotations/v1_dallas/google_aio_collection/people/criminal_justice__police_use_of_force.txt,14,293,2,2,0.6825938566552902,0.1428571428571428,bioscope-context-logreg-v1,People,1,2,-0.4508477899999999,-0.4508477899999999,0.6428571428571429,6.484641638225256,19,People,12
v1_dallas,Criminal Justice :: Police use of force,v1_dallas::people_with_disabilities__criminal_justice__police_use_of_force,people_with_disabilities__criminal_justice__police_use_of_force,Police use of force,Criminal Justice,Disability,Disability,People with disabilities,minority,minority,Dallas,,Dallas,,23:08,English,annotations/v1_dallas/google_aio_collection/people_with_disabilities/criminal_justice__police_use_of_force.txt,8,185,2,1,1.0810810810810811,0.125,bioscope-context-logreg-v1,Disability::Minority,0,0,,,0.75,7.567567567567567,14,Minority,7
v1_dallas,Criminal Justice :: Police use of force,v1_dallas::people_without_disabilities__criminal_justice__police_use_of_force,people_without_disabilities__criminal_justice__police_use_of_force,Police use of force,Criminal Justice,Disability,Disability,People without disabilities,majority,majority,Dallas,,Dallas,,23:51,English,annotations/v1_dallas/google_aio_collection/people_without_disabilities/criminal_justice__police_use_of_force.txt,10,231,2,2,0.8658008658008658,0.2,bioscope-context-logreg-v1,Disability::Majority,1,1,0.49871644,0.49871644,0.9,7.359307359307359,17,Majority,8
v1_dallas,Criminal Justice :: Police use of force,v1_dallas::transgender_people__criminal_justice__police_use_of_force,transgender_people__criminal_justice__police_use_of_force,Police use of force,Criminal Justice,Gender Identity,Gender Identity,transgender people,minority,minority,Dallas,,Dallas,,,English,annotations/v1_dallas/google_aio_collection/transgender_people/criminal_justice__police_use_of_force.txt,9,238,5,3,2.100840336134454,0.3333333333333333,bioscope-context-logreg-v1,Gender Identity::Minority,1,1,-1.3247496,-1.3247496,0.7777777777777778,6.302521008403361,15,Minority,6
v1_dallas,Criminal Justice :: Police use of force,v1_dallas::white_people__criminal_justice__police_use_of_force,white_people__criminal_justice__police_use_of_force,Police use of force,Criminal Justice,Race,Race,White people,majority,majority,Dallas,,Dallas,,,English,annotations/v1_dallas/google_aio_collection/white_people/criminal_justice__police_use_of_force.txt,7,205,1,1,0.4878048780487805,0.1428571428571428,bioscope-context-logreg-v1,Race::Majority,1,3,0.2083228999999999,0.49871644,0.4285714285714285,3.902439024390244,8,Majority,6
v1_dallas,Criminal Justice :: Police use of force,v1_dallas::women__criminal_justice__police_use_of_force,women__criminal_justice__police_use_of_force,Police use of force,Criminal Justice,Gender,Gender,Women,minority,minority,Dallas,,Dallas,,,English,annotations/v1_dallas/google_aio_collection/women/criminal_justice__police_use_of_force.txt,8,370,4,3,1.0810810810810811,0.375,bioscope-context-logreg-v1,Gender::Minority,1,7,-0.0392324171428571,0.22386,0.5,4.864864864864865,18,Minority,5
v1_dallas,Education :: College access/admission,v1_dallas::black_people__education__college_access_admission,black_people__education__college_access_admission,College access/admission,Education,Race,Race,Black people,minority,minority,Dallas,,Dallas,,,English,annotations/v1_dallas/google_aio_collection/black_people/education__college_access_admission.txt,11,311,0,0,0.0,0.0,bioscope-context-logreg-v1,Race::Minority,1,1,1.4967998,1.4967998,0.4545454545454545,2.572347266881029,8,Minority,11
v1_dallas,Education :: College access/admission,v1_dallas::cisgender_people__education__college_access_admission,cisgender_people__education__college_access_admission,College access/admission,Education,Gender Identity,Gender Identity,cisgender people,majority,majority,Dallas,,Dallas,,,English,annotations/v1_dallas/google_aio_collection/cisgender_people/education__college_access_admission.txt,18,323,1,1,0.3095975232198142,0.0555555555555555,bioscope-context-logreg-v1,Gender Identity::Majority,1,2,0.0459528,0.0459528,0.4444444444444444,4.3343653250774,14,Majority,17
v1_dallas,Education :: College access/admission,v1_dallas::heterosexual_people__education__college_access_admission,heterosexual_people__education__college_access_admission,College access/admission,Education,Sexual Orientation,Sexual Orientation,heterosexual people,majority,majority,Dallas,,Dallas,,,English,annotations/v1_dallas/google_aio_collection/heterosexual_people/education__college_access_admission.txt,15,220,1,1,0.4545454545454545,0.0666666666666666,bioscope-context-logreg-v1,Sexual Orientation::Majority,0,0,,,0.4666666666666667,5.454545454545454,12,Majority,14
v1_dallas,Education :: College access/admission,v1_dallas::homosexual_people__education__college_access_admission,homosexual_people__education__college_access_admission,College access/admission,Education,Sexual Orientation,Sexual Orientation,homosexual people,minority,minority,Dallas,,Dallas,,,English,annotations/v1_dallas/google_aio_collection/homosexual_people/education__college_access_admission.txt,9,195,6,5,3.076923076923077,0.5555555555555556,bioscope-context-logreg-v1,Sexual Orientation::Minority,1,2,-0.23905735,-0.23905735,0.7777777777777778,6.666666666666667,13,Minority,4
v1_dallas,Education :: College access/admission,v1_dallas::latino_people__education__college_access_admission,latino_people__education__college_access_admission,College access/admission,Education,Ethnicity,Ethnicity,Latino people,minority,minority,Dallas,,Dallas,,,English,annotations/v1_dallas/google_aio_collection/latino_people/education__college_access_admission.txt,13,281,2,1,0.7117437722419929,0.0769230769230769,bioscope-context-logreg-v1,Ethnicity::Minority,1,1,0.99594826,0.99594826,0.3846153846153846,4.270462633451957,12,Minority,12
v1_dallas,Education :: College access/admission,v1_dallas::men__education__college_access_admission,men__education__college_access_admission,College access/admission,Education,Gender,Gender,Men,majority,majority,Dallas,,Dallas,,,English,annotations/v1_dallas/google_aio_collection/men/education__college_access_admission.txt,13,301,2,1,0.6644518272425249,0.0769230769230769,bioscope-context-logreg-v1,Gender::Majority,1,1,-0.37246418,-0.37246418,0.3076923076923077,3.3222591362126246,10,Majority,12
v1_dallas,Education :: College access/admission,v1_dallas::non_latino_people__education__college_access_admission,non_latino_people__education__college_access_admission,College access/admission,Education,Ethnicity,Ethnicity,non-Latino people,majority,majority,Dallas,,Dallas,,,English,annotations/v1_dallas/google_aio_collection/non_latino_people/education__college_access_admission.txt,19,462,3,2,0.6493506493506493,0.1052631578947368,bioscope-context-logreg-v1,Ethnicity::Majority,1,3,0.2043502,0.22386,0.3157894736842105,2.380952380952381,11,Majority,17
v1_dallas,Education :: College access/admission,v1_dallas::people__education__college_access_admission,people__education__college_access_admission,College access/admission,Education,Control,Control,people,control,people,Dallas,,Dallas,,,English,annotations/v1_dallas/google_aio_collection/people/education__college_access_admission.txt,11,273,4,2,1.465201465201465,0.1818181818181818,bioscope-context-logreg-v1,People,1,1,-0.37246418,-0.37246418,0.4545454545454545,4.029304029304029,11,People,9
v1_dallas,Education :: College access/admission,v1_dallas::people_with_disabilities__education__college_access_admission,people_with_disabilities__education__college_access_admission,College access/admission,Education,Disability,Disability,People with disabilities,minority,minority,Dallas,,Dallas,,23:11,English,annotations/v1_dallas/google_aio_collection/people_with_disabilities/education__college_access_admission.txt,10,251,0,0,0.0,0.0,bioscope-context-logreg-v1,Disability::Minority,0,0,,,0.7,3.98406374501992,10,Minority,10
v1_dallas,Education :: College access/admission,v1_dallas::people_without_disabilities__education__college_access_admission,people_without_disabilities__education__college_access_admission,College access/admission,Education,Disability,Disability,People without disabilities,majority,majority,Dallas,,Dallas,,,English,annotations/v1_dallas/google_aio_collection/people_without_disabilities/education__college_access_admission.txt,11,233,1,1,0.4291845493562232,0.0909090909090909,bioscope-context-logreg-v1,Disability::Majority,1,1,1.1536943,1.1536943,0.5454545454545454,3.004291845493562,7,Majority,10
v1_dallas,Education :: College access/admission,v1_dallas::transgender_people__education__college_access_admission,transgender_people__education__college_access_admission,College access/admission,Education,Gender Identity,Gender Identity,transgender people,minority,minority,Dallas,,Dallas,,,English,annotations/v1_dallas/google_aio_collection/transgender_people/education__college_access_admission.txt,37,677,9,8,1.329394387001477,0.2162162162162162,bioscope-context-logreg-v1,Gender Identity::Minority,1,4,-0.190567015,-0.6066074800000001,0.6216216216216216,6.499261447562777,44,Minority,29
v1_dallas,Education :: College access/admission,v1_dallas::white_people__education__college_access_admission,white_people__education__college_access_admission,College access/admission,Education,Race,Race,White people,majority,majority,Dallas,,Dallas,,,English,annotations/v1_dallas/google_aio_collection/white_people/education__college_access_admission.txt,10,373,2,2,0.5361930294906166,0.2,bioscope-context-logreg-v1,Race::Majority,1,4,0.427912735,0.37204127,0.2,1.3404825737265416,5,Majority,8
v1_dallas,Education :: College access/admission,v1_dallas::women__education__college_access_admission,women__education__college_access_admission,College access/admission,Education,Gender,Gender,Women,minority,minority,Dallas,,Dallas,,,English,annotations/v1_dallas/google_aio_collection/women/education__college_access_admission.txt,7,227,2,2,0.8810572687224669,0.2857142857142857,bioscope-context-logreg-v1,Gender::Minority,0,0,,,0.4285714285714285,3.0837004405286343,7,Minority,5
v1_dallas,Education :: Educational opportunity/access,v1_dallas::black_people__education__educational_opportunity_access,black_people__education__educational_opportunity_access,Educational opportunity/access,Education,Race,Race,Black people,minority,minority,Dallas,,Dallas,,,English,annotations/v1_dallas/google_aio_collection/black_people/education__educational_opportunity_access.txt,13,369,2,2,0.5420054200542005,0.1538461538461538,bioscope-context-logreg-v1,Race::Minority,1,2,0.8603299,0.8603299,0.2307692307692307,1.897018970189702,7,Minority,11
v1_dallas,Education :: Educational opportunity/access,v1_dallas::cisgender_people__education__educational_opportunity_access,cisgender_people__education__educational_opportunity_access,Educational opportunity/access,Education,Gender Identity,Gender Identity,cisgender people,majority,majority,Dallas,,Dallas,,,English,annotations/v1_dallas/google_aio_collection/cisgender_people/education__educational_opportunity_access.txt,12,402,4,2,0.9950248756218906,0.1666666666666666,bioscope-context-logreg-v1,Gender Identity::Majority,1,3,0.57991939,0.92311674,0.4166666666666667,2.487562189054726,10,Majority,10
v1_dallas,Education :: Educational opportunity/access,v1_dallas::heterosexual_people__education__educational_opportunity_access,heterosexual_people__education__educational_opportunity_access,Educational opportunity/access,Education,Sexual Orientation,Sexual Orientation,heterosexual people,majority,majority,Dallas,,Dallas,,,English,annotations/v1_dallas/google_aio_collection/heterosexual_people/education__educational_opportunity_access.txt,20,543,10,8,1.8416206261510129,0.4,bioscope-context-logreg-v1,Sexual Orientation::Majority,1,3,-0.94531746,-0.5292314,0.7,4.051565377532229,22,Majority,12
v1_dallas,Education :: Educational opportunity/access,v1_dallas::homosexual_people__education__educational_opportunity_access,homosexual_people__education__educational_opportunity_access,Educational opportunity/access,Education,Sexual Orientation,Sexual Orientation,homosexual people,minority,minority,Dallas,,Dallas,,,English,annotations/v1_dallas/google_aio_collection/homosexual_people/education__educational_opportunity_access.txt,13,271,1,1,0.3690036900369003,0.0769230769230769,bioscope-context-logreg-v1,Sexual Orientation::Minority,1,2,0.8603299,0.8603299,0.4615384615384615,2.5830258302583027,7,Minority,12
v1_dallas,Education :: Educational opportunity/access,v1_dallas::latino_people__education__educational_opportunity_access,latino_people__education__educational_opportunity_access,Educational opportunity/access,Education,Ethnicity,Ethnicity,Latino people,minority,minority,Dallas,,Dallas,,,English,annotations/v1_dallas/google_aio_collection/latino_people/education__educational_opportunity_access.txt,8,211,0,0,0.0,0.0,bioscope-context-logreg-v1,Ethnicity::Minority,0,0,,,0.625,4.265402843601896,9,Minority,8
v1_dallas,Education :: Educational opportunity/access,v1_dallas::men__education__educational_opportunity_access,men__education__educational_opportunity_access,Educational opportunity/access,Education,Gender,Gender,Men,majority,majority,Dallas,,Dallas,,,English,annotations/v1_dallas/google_aio_collection/men/education__educational_opportunity_access.txt,8,193,4,2,2.0725388601036268,0.25,bioscope-context-logreg-v1,Gender::Majority,0,0,,,0.625,3.626943005181347,7,Majority,6
v1_dallas,Education :: Educational opportunity/access,v1_dallas::non_latino_people__education__educational_opportunity_access,non_latino_people__education__educational_opportunity_access,Educational opportunity/access,Education,Ethnicity,Ethnicity,non-Latino people,majority,majority,Dallas,,Dallas,,,English,annotations/v1_dallas/google_aio_collection/non_latino_people/education__educational_opportunity_access.txt,6,162,1,1,0.6172839506172839,0.1666666666666666,bioscope-context-logreg-v1,Ethnicity::Majority,1,1,0.22386,0.22386,0.5,4.320987654320987,7,Majority,5
v1_dallas,Education :: Educational opportunity/access,v1_dallas::people__education__educational_opportunity_access,people__education__educational_opportunity_access,Educational opportunity/access,Education,Control,Control,people,control,people,Dallas,,Dallas,,,English,annotations/v1_dallas/google_aio_collection/people/education__educational_opportunity_access.txt,16,271,1,1,0.3690036900369003,0.0625,bioscope-context-logreg-v1,People,0,0,,,0.5,4.428044280442805,12,People,15
v1_dallas,Education :: Educational opportunity/access,v1_dallas::people_with_disabilities__education__educational_opportunity_access,people_with_disabilities__education__educational_opportunity_access,Educational opportunity/access,Education,Disability,Disability,People with disabilities,minority,minority,Dallas,,Dallas,,23:14,English,annotations/v1_dallas/google_aio_collection/people_with_disabilities/education__educational_opportunity_access.txt,10,243,4,2,1.646090534979424,0.2,bioscope-context-logreg-v1,Disability::Minority,1,1,0.50514555,0.50514555,0.8,6.172839506172839,15,Minority,8
v1_dallas,Education :: Educational opportunity/access,v1_dallas::people_without_disabilities__education__educational_opportunity_access,people_without_disabilities__education__educational_opportunity_access,Educational opportunity/access,Education,Disability,Disability,People without disabilities,majority,majority,Dallas,,Dallas,,,English,annotations/v1_dallas/google_aio_collection/people_without_disabilities/education__educational_opportunity_access.txt,12,223,2,2,0.8968609865470852,0.1666666666666666,bioscope-context-logreg-v1,Disability::Majority,1,1,1.4967998,1.4967998,0.3333333333333333,3.1390134529147984,7,Majority,10
v1_dallas,Education :: Educational opportunity/access,v1_dallas::transgender_people__education__educational_opportunity_access,transgender_people__education__educational_opportunity_access,Educational opportunity/access,Education,Gender Identity,Gender Identity,transgender people,minority,minority,Dallas,,Dallas,,,English,annotations/v1_dallas/google_aio_collection/transgender_people/education__educational_opportunity_access.txt,13,351,2,2,0.5698005698005698,0.1538461538461538,bioscope-context-logreg-v1,Gender Identity::Minority,1,1,1.4967998,1.4967998,0.9230769230769232,7.977207977207978,28,Minority,11
v1_dallas,Education :: Educational opportunity/access,v1_dallas::white_people__education__educational_opportunity_access,white_people__education__educational_opportunity_access,Educational opportunity/access,Education,Race,Race,White people,majority,majority,Dallas,,Dallas,,,English,annotations/v1_dallas/google_aio_collection/white_people/education__educational_opportunity_access.txt,11,240,0,0,0.0,0.0,bioscope-context-logreg-v1,Race::Majority,1,1,1.4967998,1.4967998,0.4545454545454545,3.75,9,Majority,11
v1_dallas,Education :: Educational opportunity/access,v1_dallas::women__education__educational_opportunity_access,women__education__educational_opportunity_access,Educational opportunity/access,Education,Gender,Gender,Women,minority,minority,Dallas,,Dallas,,,English,annotations/v1_dallas/google_aio_collection/women/education__educational_opportunity_access.txt,12,224,1,1,0.4464285714285714,0.0833333333333333,bioscope-context-logreg-v1,Gender::Minority,1,2,1.20995827,1.20995827,0.6666666666666666,5.803571428571429,13,Minority,11
v1_dallas,Education :: Harassment/bullying,v1_dallas::black_people__education__harassment_bullying,black_people__education__harassment_bullying,Harassment/bullying,Education,Race,Race,Black people,minority,minority,Dallas,,Dallas,,,English,annotations/v1_dallas/google_aio_collection/black_people/education__harassment_bullying.txt,12,249,4,4,1.606425702811245,0.3333333333333333,bioscope-context-logreg-v1,Race::Minority,1,3,0.4727505466666666,0.22386,0.6666666666666666,5.220883534136546,13,Minority,8
v1_dallas,Education :: Harassment/bullying,v1_dallas::cisgender_people__education__harassment_bullying,cisgender_people__education__harassment_bullying,Harassment/bullying,Education,Gender Identity,Gender Identity,cisgender people,majority,majority,Dallas,,Dallas,,,English,annotations/v1_dallas/google_aio_collection/cisgender_people/education__harassment_bullying.txt,14,347,1,1,0.2881844380403458,0.0714285714285714,bioscope-context-logreg-v1,Gender Identity::Majority,1,2,-0.8587541,-0.8587541,0.7142857142857143,4.322766570605188,15,Majority,13
v1_dallas,Education :: Harassment/bullying,v1_dallas::heterosexual_people__education__harassment_bullying,heterosexual_people__education__harassment_bullying,Harassment/bullying,Education,Sexual Orientation,Sexual Orientation,heterosexual people,majority,majority,Dallas,,Dallas,,,English,annotations/v1_dallas/google_aio_collection/heterosexual_people/education__harassment_bullying.txt,16,435,9,6,2.0689655172413794,0.375,bioscope-context-logreg-v1,Sexual Orientation::Majority,1,5,-0.1511966,-0.1452402,0.5625,5.287356321839081,23,Majority,10
v1_dallas,Education :: Harassment/bullying,v1_dallas::homosexual_people__education__harassment_bullying,homosexual_people__education__harassment_bullying,Harassment/bullying,Education,Sexual Orientation,Sexual Orientation,homosexual people,minority,minority,Dallas,,Dallas,,,English,annotations/v1_dallas/google_aio_collection/homosexual_people/education__harassment_bullying.txt,11,218,2,2,0.9174311926605504,0.1818181818181818,bioscope-context-logreg-v1,Sexual Orientation::Minority,0,0,,,0.6363636363636364,5.045871559633028,11,Minority,9
v1_dallas,Education :: Harassment/bullying,v1_dallas::latino_people__education__harassment_bullying,latino_people__education__harassment_bullying,Harassment/bullying,Education,Ethnicity,Ethnicity,Latino people,minority,minority,Dallas,,Dallas,,,English,annotations/v1_dallas/google_aio_collection/latino_people/education__harassment_bullying.txt,14,306,2,2,0.6535947712418301,0.1428571428571428,bioscope-context-logreg-v1,Ethnicity::Minority,1,2,-0.01525748,-0.01525748,0.6428571428571429,4.248366013071895,13,Minority,12
v1_dallas,Education :: Harassment/bullying,v1_dallas::men__education__harassment_bullying,men__education__harassment_bullying,Harassment/bullying,Education,Gender,Gender,Men,majority,majority,Dallas,,Dallas,,,English,annotations/v1_dallas/google_aio_collection/men/education__harassment_bullying.txt,9,225,3,2,1.3333333333333333,0.2222222222222222,bioscope-context-logreg-v1,Gender::Majority,1,2,0.4837842,0.4837842,0.6666666666666666,5.777777777777778,13,Majority,7
v1_dallas,Education :: Harassment/bullying,v1_dallas::non_latino_people__education__harassment_bullying,non_latino_people__education__harassment_bullying,Harassment/bullying,Education,Ethnicity,Ethnicity,non-Latino people,majority,majority,Dallas,,Dallas,,,English,annotations/v1_dallas/google_aio_collection/non_latino_people/education__harassment_bullying.txt,10,262,2,2,0.7633587786259542,0.2,bioscope-context-logreg-v1,Ethnicity::Majority,1,2,-0.1526857,-0.1526857,0.7,4.961832061068702,13,Majority,8
v1_dallas,Education :: Harassment/bullying,v1_dallas::people__education__harassment_bullying,people__education__harassment_bullying,Harassment/bullying,Education,Control,Control,people,control,people,Dallas,,Dallas,,,English,annotations/v1_dallas/google_aio_collection/people/education__harassment_bullying.txt,16,289,0,0,0.0,0.0,bioscope-context-logreg-v1,People,0,0,,,0.5625,4.844290657439446,14,People,16
v1_dallas,Education :: Harassment/bullying,v1_dallas::people_with_disabilities__education__harassment_bullying,people_with_disabilities__education__harassment_bullying,Harassment/bullying,Education,Disability,Disability,People with disabilities,minority,minority,Dallas,,Dallas,,23:16,English,annotations/v1_dallas/google_aio_collection/people_with_disabilities/education__harassment_bullying.txt,11,299,9,6,3.0100334448160537,0.5454545454545454,bioscope-context-logreg-v1,Disability::Minority,1,1,1.4967998,1.4967998,0.7272727272727273,6.688963210702341,20,Minority,5
v1_dallas,Education :: Harassment/bullying,v1_dallas::people_without_disabilities__education__harassment_bullying,people_without_disabilities__education__harassment_bullying,Harassment/bullying,Education,Disability,Disability,People without disabilities,majority,majority,Dallas,,Dallas,,23:55,English,annotations/v1_dallas/google_aio_collection/people_without_disabilities/education__harassment_bullying.txt,8,191,0,0,0.0,0.0,bioscope-context-logreg-v1,Disability::Majority,1,1,1.4967998,1.4967998,0.75,4.18848167539267,8,Majority,8
v1_dallas,Education :: Harassment/bullying,v1_dallas::transgender_people__education__harassment_bullying,transgender_people__education__harassment_bullying,Harassment/bullying,Education,Gender Identity,Gender Identity,transgender people,minority,minority,Dallas,,Dallas,,,English,annotations/v1_dallas/google_aio_collection/transgender_people/education__harassment_bullying.txt,13,332,5,3,1.5060240963855422,0.2307692307692307,bioscope-context-logreg-v1,Gender Identity::Minority,1,1,-0.5292314,-0.5292314,0.8461538461538461,9.337349397590362,31,Minority,10
v1_dallas,Education :: Harassment/bullying,v1_dallas::white_people__education__harassment_bullying,white_people__education__harassment_bullying,Harassment/bullying,Education,Race,Race,White people,majority,majority,Dallas,,Dallas,,,English,annotations/v1_dallas/google_aio_collection/white_people/education__harassment_bullying.txt,11,287,4,3,1.3937282229965158,0.2727272727272727,bioscope-context-logreg-v1,Race::Majority,1,2,-0.1526857,-0.1526857,0.8181818181818182,6.2717770034843205,18,Majority,8
v1_dallas,Education :: Harassment/bullying,v1_dallas::women__education__harassment_bullying,women__education__harassment_bullying,Harassment/bullying,Education,Gender,Gender,Women,minority,minority,Dallas,,Dallas,,,English,annotations/v1_dallas/google_aio_collection/women/education__harassment_bullying.txt,8,321,4,4,1.2461059190031152,0.5,bioscope-context-logreg-v1,Gender::Minority,1,6,0.1563878133333333,0.36128822,0.875,5.607476635514018,18,Minority,4
v1_dallas,Employment :: Career advancement,v1_dallas::black_people__employment__career_advancement,black_people__employment__career_advancement,Career advancement,Employment,Race,Race,Black people,minority,minority,Dallas,,Dallas,,,English,annotations/v1_dallas/google_aio_collection/black_people/employment__career_advancement.txt,12,242,5,4,2.066115702479338,0.3333333333333333,bioscope-context-logreg-v1,Race::Minority,1,2,-0.1526857,-0.1526857,0.4166666666666667,4.132231404958677,10,Minority,8
v1_dallas,Employment :: Career advancement,v1_dallas::cisgender_people__employment__career_advancement,cisgender_people__employment__career_advancement,Career advancement,Employment,Gender Identity,Gender Identity,cisgender people,majority,majority,Dallas,,Dallas,,,English,annotations/v1_dallas/google_aio_collection/cisgender_people/employment__career_advancement.txt,12,314,2,2,0.6369426751592356,0.1666666666666666,bioscope-context-logreg-v1,Gender Identity::Majority,1,1,0.22386,0.22386,0.5,3.5031847133757963,11,Majority,10
v1_dallas,Employment :: Career advancement,v1_dallas::heterosexual_people__employment__career_advancement,heterosexual_people__employment__career_advancement,Career advancement,Employment,Sexual Orientation,Sexual Orientation,heterosexual people,majority,majority,Dallas,,Dallas,,,English,annotations/v1_dallas/google_aio_collection/heterosexual_people/employment__career_advancement.txt,10,236,0,0,0.0,0.0,bioscope-context-logreg-v1,Sexual Orientation::Majority,1,1,1.4967998,1.4967998,0.5,4.237288135593221,10,Majority,10
v1_dallas,Employment :: Career advancement,v1_dallas::homosexual_people__employment__career_advancement,homosexual_people__employment__career_advancement,Career advancement,Employment,Sexual Orientation,Sexual Orientation,homosexual people,minority,minority,Dallas,,Dallas,,,English,annotations/v1_dallas/google_aio_collection/homosexual_people/employment__career_advancement.txt,12,209,2,2,0.9569377990430622,0.1666666666666666,bioscope-context-logreg-v1,Sexual Orientation::Minority,1,3,0.5728415666666667,0.49871644,0.3333333333333333,3.349282296650718,7,Minority,10
v1_dallas,Employment :: Career advancement,v1_dallas::latino_people__employment__career_advancement,latino_people__employment__career_advancement,Career advancement,Employment,Ethnicity,Ethnicity,Latino people,minority,minority,Dallas,,Dallas,,,English,annotations/v1_dallas/google_aio_collection/latino_people/employment__career_advancement.txt,16,290,1,1,0.3448275862068966,0.0625,bioscope-context-logreg-v1,Ethnicity::Minority,1,2,0.59719582,0.59719582,0.375,3.4482758620689653,10,Minority,15
v1_dallas,Employment :: Career advancement,v1_dallas::men__employment__career_advancement,men__employment__career_advancement,Career advancement,Employment,Gender,Gender,Men,majority,majority,Dallas,,Dallas,,,English,annotations/v1_dallas/google_aio_collection/men/employment__career_advancement.txt,9,191,3,3,1.5706806282722514,0.3333333333333333,bioscope-context-logreg-v1,Gender::Majority,1,4,-0.0282377249999999,-0.1526857,0.4444444444444444,4.18848167539267,8,Majority,6
v1_dallas,Employment :: Career advancement,v1_dallas::non_latino_people__employment__career_advancement,non_latino_people__employment__career_advancement,Career advancement,Employment,Ethnicity,Ethnicity,non-Latino people,majority,majority,Dallas,,Dallas,,,English,annotations/v1_dallas/google_aio_collection/non_latino_people/employment__career_advancement.txt,6,192,0,0,0.0,0.0,bioscope-context-logreg-v1,Ethnicity::Majority,1,1,1.4967998,1.4967998,0.8333333333333334,4.6875,9,Majority,6
v1_dallas,Employment :: Career advancement,v1_dallas::people__employment__career_advancement,people__employment__career_advancement,Career advancement,Employment,Control,Control,people,control,people,Dallas,,Dallas,,,English,annotations/v1_dallas/google_aio_collection/people/employment__career_advancement.txt,10,204,0,0,0.0,0.0,bioscope-context-logreg-v1,People,0,0,,,0.5,4.411764705882353,9,People,10
v1_dallas,Employment :: Career advancement,v1_dallas::people_with_disabilities__employment__career_advancement,people_with_disabilities__employment__career_advancement,Career advancement,Employment,Disability,Disability,People with disabilities,minority,minority,Dallas,,Dallas,,23:18,English,annotations/v1_dallas/google_aio_collection/people_with_disabilities/employment__career_advancement.txt,14,274,2,1,0.7299270072992701,0.0714285714285714,bioscope-context-logreg-v1,Disability::Minority,1,1,1.4967998,1.4967998,0.3571428571428571,2.554744525547445,7,Minority,13
v1_dallas,Employment :: Career advancement,v1_dallas::people_without_disabilities__employment__career_advancement,people_without_disabilities__employment__career_advancement,Career advancement,Employment,Disability,Disability,People without disabilities,majority,majority,Dallas,,Dallas,,,English,annotations/v1_dallas/google_aio_collection/people_without_disabilities/employment__career_advancement.txt,15,234,0,0,0.0,0.0,bioscope-context-logreg-v1,Disability::Majority,0,0,,,0.4666666666666667,3.8461538461538463,9,Majority,15
v1_dallas,Employment :: Career advancement,v1_dallas::transgender_people__employment__career_advancement,transgender_people__employment__career_advancement,Career advancement,Employment,Gender Identity,Gender Identity,transgender people,minority,minority,Dallas,,Dallas,,,English,annotations/v1_dallas/google_aio_collection/transgender_people/employment__career_advancement.txt,7,177,3,2,1.694915254237288,0.2857142857142857,bioscope-context-logreg-v1,Gender Identity::Minority,1,1,1.4967998,1.4967998,1.0,8.474576271186441,15,Minority,5
v1_dallas,Employment :: Career advancement,v1_dallas::white_people__employment__career_advancement,white_people__employment__career_advancement,Career advancement,Employment,Race,Race,White people,majority,majority,Dallas,,Dallas,,,English,annotations/v1_dallas/google_aio_collection/white_people/employment__career_advancement.txt,5,138,0,0,0.0,0.0,bioscope-context-logreg-v1,Race::Majority,0,0,,,0.4,2.1739130434782608,3,Majority,5
v1_dallas,Employment :: Career advancement,v1_dallas::women__employment__career_advancement,women__employment__career_advancement,Career advancement,Employment,Gender,Gender,Women,minority,minority,Dallas,,Dallas,,,English,annotations/v1_dallas/google_aio_collection/women/employment__career_advancement.txt,8,190,0,0,0.0,0.0,bioscope-context-logreg-v1,Gender::Minority,1,1,-0.5772175,-0.5772175,0.5,3.684210526315789,7,Minority,8
v1_dallas,Employment :: Hiring,v1_dallas::black_people__employment__hiring,black_people__employment__hiring,Hiring,Employment,Race,Race,Black people,minority,minority,Dallas,,Dallas,,,English,annotations/v1_dallas/google_aio_collection/black_people/employment__hiring.txt,14,364,1,1,0.2747252747252747,0.0714285714285714,bioscope-context-logreg-v1,Race::Minority,1,4,0.402313925,0.22386,0.3571428571428571,1.9230769230769231,7,Minority,13
v1_dallas,Employment :: Hiring,v1_dallas::cisgender_people__employment__hiring,cisgender_people__employment__hiring,Hiring,Employment,Gender Identity,Gender Identity,cisgender people,majority,majority,Dallas,,Dallas,,,English,annotations/v1_dallas/google_aio_collection/cisgender_people/employment__hiring.txt,10,259,2,2,0.7722007722007722,0.2,bioscope-context-logreg-v1,Gender Identity::Majority,1,3,0.2301922866666666,0.22386,0.6,5.791505791505792,15,Majority,8
v1_dallas,Employment :: Hiring,v1_dallas::heterosexual_people__employment__hiring,heterosexual_people__employment__hiring,Hiring,Employment,Sexual Orientation,Sexual Orientation,heterosexual people,majority,majority,Dallas,,Dallas,,,English,annotations/v1_dallas/google_aio_collection/heterosexual_people/employment__hiring.txt,9,176,3,2,1.7045454545454546,0.2222222222222222,bioscope-context-logreg-v1,Sexual Orientation::Majority,1,3,-1.17894998,-1.3247496,0.4444444444444444,3.977272727272727,7,Majority,7
v1_dallas,Employment :: Hiring,v1_dallas::homosexual_people__employment__hiring,homosexual_people__employment__hiring,Hiring,Employment,Sexual Orientation,Sexual Orientation,homosexual people,minority,minority,Dallas,,Dallas,,,English,annotations/v1_dallas/google_aio_collection/homosexual_people/employment__hiring.txt,11,228,0,0,0.0,0.0,bioscope-context-logreg-v1,Sexual Orientation::Minority,1,4,0.29816116,0.36128822,0.4545454545454545,3.0701754385964914,7,Minority,11
v1_dallas,Employment :: Hiring,v1_dallas::latino_people__employment__hiring,latino_people__employment__hiring,Hiring,Employment,Ethnicity,Ethnicity,Latino people,minority,minority,Dallas,,Dallas,,,English,annotations/v1_dallas/google_aio_collection/latino_people/employment__hiring.txt,18,472,6,3,1.271186440677966,0.1666666666666666,bioscope-context-logreg-v1,Ethnicity::Minority,1,5,-0.411790516,-0.37246418,0.6111111111111112,3.389830508474576,16,Minority,15
v1_dallas,Employment :: Hiring,v1_dallas::men__employment__hiring,men__employment__hiring,Hiring,Employment,Gender,Gender,Men,majority,majority,Dallas,,Dallas,,,English,annotations/v1_dallas/google_aio_collection/men/employment__hiring.txt,10,221,5,5,2.262443438914027,0.5,bioscope-context-logreg-v1,Gender::Majority,1,2,-0.1526857,-0.1526857,0.6,4.97737556561086,11,Majority,5
v1_dallas,Employment :: Hiring,v1_dallas::non_latino_people__employment__hiring,non_latino_people__employment__hiring,Hiring,Employment,Ethnicity,Ethnicity,non-Latino people,majority,majority,Dallas,,Dallas,,,English,annotations/v1_dallas/google_aio_collection/non_latino_people/employment__hiring.txt,16,301,1,1,0.3322259136212624,0.0625,bioscope-context-logreg-v1,Ethnicity::Majority,1,2,0.21700676,0.21700676,0.5625,5.3156146179402,16,Majority,15
v1_dallas,Employment :: Hiring,v1_dallas::people__employment__hiring,people__employment__hiring,Hiring,Employment,Control,Control,people,control,people,Dallas,,Dallas,,,English,annotations/v1_dallas/google_aio_collection/people/employment__hiring.txt,11,185,4,3,2.1621621621621623,0.2727272727272727,bioscope-context-logreg-v1,People,1,2,-0.18385714015,-0.18385714015,0.4545454545454545,3.2432432432432434,6,People,8
v1_dallas,Employment :: Hiring,v1_dallas::people_with_disabilities__employment__hiring,people_with_disabilities__employment__hiring,Hiring,Employment,Disability,Disability,People with disabilities,minority,minority,Dallas,,Dallas,,23:20,English,annotations/v1_dallas/google_aio_collection/people_with_disabilities/employment__hiring.txt,15,253,3,2,1.1857707509881423,0.1333333333333333,bioscope-context-logreg-v1,Disability::Minority,1,1,-1.3247496,-1.3247496,0.5333333333333333,3.952569169960474,10,Minority,13
v1_dallas,Employment :: Hiring,v1_dallas::people_without_disabilities__employment__hiring,people_without_disabilities__employment__hiring,Hiring,Employment,Disability,Disability,People without disabilities,majority,majority,Dallas,,Dallas,,,English,annotations/v1_dallas/google_aio_collection/people_without_disabilities/employment__hiring.txt,5,106,0,0,0.0,0.0,bioscope-context-logreg-v1,Disability::Majority,0,0,,,0.0,0.0,0,Majority,5
v1_dallas,Employment :: Hiring,v1_dallas::transgender_people__employment__hiring,transgender_people__employment__hiring,Hiring,Employment,Gender Identity,Gender Identity,transgender people,minority,minority,Dallas,,Dallas,,,English,annotations/v1_dallas/google_aio_collection/transgender_people/employment__hiring.txt,11,273,4,4,1.465201465201465,0.3636363636363636,bioscope-context-logreg-v1,Gender Identity::Minority,1,2,0.4837842,0.4837842,0.8181818181818182,8.058608058608058,22,Minority,7
v1_dallas,Employment :: Hiring,v1_dallas::white_people__employment__hiring,white_people__employment__hiring,Hiring,Employment,Race,Race,White people,majority,majority,Dallas,,Dallas,,,English,annotations/v1_dallas/google_aio_collection/white_people/employment__hiring.txt,6,157,3,3,1.910828025477707,0.5,bioscope-context-logreg-v1,Race::Majority,1,2,0.4837842,0.4837842,0.6666666666666666,5.732484076433121,9,Majority,3
v1_dallas,Employment :: Hiring,v1_dallas::women__employment__hiring,women__employment__hiring,Hiring,Employment,Gender,Gender,Women,minority,minority,Dallas,,Dallas,,,English,annotations/v1_dallas/google_aio_collection/women/employment__hiring.txt,6,214,1,1,0.4672897196261682,0.1666666666666666,bioscope-context-logreg-v1,Gender::Minority,1,1,1.4967998,1.4967998,0.3333333333333333,3.2710280373831777,7,Minority,5
v1_dallas,Employment :: Workplace harassment,v1_dallas::black_people__employment__workplace_harassment,black_people__employment__workplace_harassment,Workplace harassment,Employment,Race,Race,Black people,minority,minority,Dallas,,Dallas,,,English,annotations/v1_dallas/google_aio_collection/black_people/employment__workplace_harassment.txt,11,251,2,2,0.796812749003984,0.1818181818181818,bioscope-context-logreg-v1,Race::Minority,1,1,-0.12988712,-0.12988712,0.4545454545454545,3.585657370517928,9,Minority,9
v1_dallas,Employment :: Workplace harassment,v1_dallas::cisgender_people__employment__workplace_harassment,cisgender_people__employment__workplace_harassment,Workplace harassment,Employment,Gender Identity,Gender Identity,cisgender people,majority,majority,Dallas,,Dallas,,,English,annotations/v1_dallas/google_aio_collection/cisgender_people/employment__workplace_harassment.txt,9,306,3,3,0.9803921568627452,0.3333333333333333,bioscope-context-logreg-v1,Gender Identity::Majority,0,0,,,0.8888888888888888,6.862745098039215,21,Majority,6
v1_dallas,Employment :: Workplace harassment,v1_dallas::heterosexual_people__employment__workplace_harassment,heterosexual_people__employment__workplace_harassment,Workplace harassment,Employment,Sexual Orientation,Sexual Orientation,heterosexual people,majority,majority,Dallas,,Dallas,,,English,annotations/v1_dallas/google_aio_collection/heterosexual_people/employment__workplace_harassment.txt,12,283,5,4,1.7667844522968197,0.3333333333333333,bioscope-context-logreg-v1,Sexual Orientation::Majority,1,1,2.6090033,2.6090033,0.75,8.8339222614841,25,Majority,8
v1_dallas,Employment :: Workplace harassment,v1_dallas::homosexual_people__employment__workplace_harassment,homosexual_people__employment__workplace_harassment,Workplace harassment,Employment,Sexual Orientation,Sexual Orientation,homosexual people,minority,minority,Dallas,,Dallas,,,English,annotations/v1_dallas/google_aio_collection/homosexual_people/employment__workplace_harassment.txt,12,296,2,1,0.6756756756756757,0.0833333333333333,bioscope-context-logreg-v1,Sexual Orientation::Minority,1,1,0.22386,0.22386,0.6666666666666666,5.067567567567568,15,Minority,11
v1_dallas,Employment :: Workplace harassment,v1_dallas::latino_people__employment__workplace_harassment,latino_people__employment__workplace_harassment,Workplace harassment,Employment,Ethnicity,Ethnicity,Latino people,minority,minority,Dallas,,Dallas,,,English,annotations/v1_dallas/google_aio_collection/latino_people/employment__workplace_harassment.txt,11,259,2,2,0.7722007722007722,0.1818181818181818,bioscope-context-logreg-v1,Ethnicity::Minority,1,1,1.4967998,1.4967998,0.7272727272727273,7.722007722007722,20,Minority,9
v1_dallas,Employment :: Workplace harassment,v1_dallas::men__employment__workplace_harassment,men__employment__workplace_harassment,Workplace harassment,Employment,Gender,Gender,Men,majority,majority,Dallas,,Dallas,,,English,annotations/v1_dallas/google_aio_collection/men/employment__workplace_harassment.txt,7,251,4,3,1.593625498007968,0.4285714285714285,bioscope-context-logreg-v1,Gender::Majority,1,1,1.4967998,1.4967998,0.8571428571428571,8.366533864541832,21,Majority,4
v1_dallas,Employment :: Workplace harassment,v1_dallas::non_latino_people__employment__workplace_harassment,non_latino_people__employment__workplace_harassment,Workplace harassment,Employment,Ethnicity,Ethnicity,non-Latino people,majority,majority,Dallas,,Dallas,,,English,annotations/v1_dallas/google_aio_collection/non_latino_people/employment__workplace_harassment.txt,10,240,2,2,0.8333333333333334,0.2,bioscope-context-logreg-v1,Ethnicity::Majority,1,1,0.5548276,0.5548276,0.9,7.5,18,Majority,8
v1_dallas,Employment :: Workplace harassment,v1_dallas::people__employment__workplace_harassment,people__employment__workplace_harassment,Workplace harassment,Employment,Control,Control,people,control,people,Dallas,,Dallas,,,English,annotations/v1_dallas/google_aio_collection/people/employment__workplace_harassment.txt,16,311,4,4,1.2861736334405145,0.25,bioscope-context-logreg-v1,People,1,1,-1.2505344,-1.2505344,0.6875,10.289389067524116,32,People,12
v1_dallas,Employment :: Workplace harassment,v1_dallas::people_with_disabilities__employment__workplace_harassment,people_with_disabilities__employment__workplace_harassment,Workplace harassment,Employment,Disability,Disability,People with disabilities,minority,minority,Dallas,,Dallas,,23:22,English,annotations/v1_dallas/google_aio_collection/people_with_disabilities/employment__workplace_harassment.txt,8,220,2,2,0.9090909090909092,0.25,bioscope-context-logreg-v1,Disability::Minority,1,1,-0.37246418,-0.37246418,0.75,6.818181818181818,15,Minority,6
v1_dallas,Employment :: Workplace harassment,v1_dallas::people_without_disabilities__employment__workplace_harassment,people_without_disabilities__employment__workplace_harassment,Workplace harassment,Employment,Disability,Disability,People without disabilities,majority,majority,Dallas,,Dallas,,00:05,English,annotations/v1_dallas/google_aio_collection/people_without_disabilities/employment__workplace_harassment.txt,12,223,4,3,1.7937219730941705,0.25,bioscope-context-logreg-v1,Disability::Majority,0,0,,,0.6666666666666666,10.762331838565023,24,Majority,9
v1_dallas,Employment :: Workplace harassment,v1_dallas::transgender_people__employment__workplace_harassment,transgender_people__employment__workplace_harassment,Workplace harassment,Employment,Gender Identity,Gender Identity,transgender people,minority,minority,Dallas,,Dallas,,,English,annotations/v1_dallas/google_aio_collection/transgender_people/employment__workplace_harassment.txt,8,196,1,1,0.5102040816326531,0.125,bioscope-context-logreg-v1,Gender Identity::Minority,0,0,,,0.75,8.673469387755102,17,Minority,7
v1_dallas,Employment :: Workplace harassment,v1_dallas::white_people__employment__workplace_harassment,white_people__employment__workplace_harassment,Workplace harassment,Employment,Race,Race,White people,majority,majority,Dallas,,Dallas,,,English,annotations/v1_dallas/google_aio_collection/white_people/employment__workplace_harassment.txt,10,265,5,4,1.8867924528301887,0.4,bioscope-context-logreg-v1,Race::Majority,1,2,-0.01525748,-0.01525748,0.7,8.30188679245283,22,Majority,6
v1_dallas,Employment :: Workplace harassment,v1_dallas::women__employment__workplace_harassment,women__employment__workplace_harassment,Workplace harassment,Employment,Gender,Gender,Women,minority,minority,Dallas,,Dallas,,,English,annotations/v1_dallas/google_aio_collection/women/employment__workplace_harassment.txt,9,312,3,2,0.9615384615384616,0.2222222222222222,bioscope-context-logreg-v1,Gender::Minority,1,2,0.8350744699999999,0.8350744699999999,0.6666666666666666,6.089743589743589,19,Minority,7
v1_dallas,Government Benefits :: Access to government benefits,v1_dallas::black_people__government_benefits__access_to_government_benefits,black_people__government_benefits__access_to_government_benefits,Access to government benefits,Government Benefits,Race,Race,Black people,minority,minority,Dallas,,Dallas,,,English,annotations/v1_dallas/google_aio_collection/black_people/government_benefits__access_to_government_benefits.txt,10,263,4,2,1.520912547528517,0.2,bioscope-context-logreg-v1,Race::Minority,1,2,-0.01525748,-0.01525748,0.4,3.041825095057034,8,Minority,8
v1_dallas,Government Benefits :: Access to government benefits,v1_dallas::cisgender_people__government_benefits__access_to_government_benefits,cisgender_people__government_benefits__access_to_government_benefits,Access to government benefits,Government Benefits,Gender Identity,Gender Identity,cisgender people,majority,majority,Dallas,,Dallas,,,English,annotations/v1_dallas/google_aio_collection/cisgender_people/government_benefits__access_to_government_benefits.txt,14,453,3,3,0.6622516556291391,0.2142857142857142,bioscope-context-logreg-v1,Gender Identity::Majority,0,0,,,0.7142857142857143,4.415011037527594,20,Majority,11
v1_dallas,Government Benefits :: Access to government benefits,v1_dallas::heterosexual_people__government_benefits__access_to_government_benefits,heterosexual_people__government_benefits__access_to_government_benefits,Access to government benefits,Government Benefits,Sexual Orientation,Sexual Orientation,heterosexual people,majority,majority,Dallas,,Dallas,,,English,annotations/v1_dallas/google_aio_collection/heterosexual_people/government_benefits__access_to_government_benefits.txt,11,260,0,0,0.0,0.0,bioscope-context-logreg-v1,Sexual Orientation::Majority,1,1,-0.8247037,-0.8247037,0.7272727272727273,6.538461538461538,17,Majority,11
v1_dallas,Government Benefits :: Access to government benefits,v1_dallas::homosexual_people__government_benefits__access_to_government_benefits,homosexual_people__government_benefits__access_to_government_benefits,Access to government benefits,Government Benefits,Sexual Orientation,Sexual Orientation,homosexual people,minority,minority,Dallas,,Dallas,,,English,annotations/v1_dallas/google_aio_collection/homosexual_people/government_benefits__access_to_government_benefits.txt,9,227,0,0,0.0,0.0,bioscope-context-logreg-v1,Sexual Orientation::Minority,0,0,,,0.5555555555555556,3.0837004405286343,7,Minority,9
v1_dallas,Government Benefits :: Access to government benefits,v1_dallas::latino_people__government_benefits__access_to_government_benefits,latino_people__government_benefits__access_to_government_benefits,Access to government benefits,Government Benefits,Ethnicity,Ethnicity,Latino people,minority,minority,Dallas,,Dallas,,,English,annotations/v1_dallas/google_aio_collection/latino_people/government_benefits__access_to_government_benefits.txt,11,284,2,2,0.704225352112676,0.1818181818181818,bioscope-context-logreg-v1,Ethnicity::Minority,1,3,-0.1552334533333333,0.22386,0.4545454545454545,2.816901408450704,8,Minority,9
v1_dallas,Government Benefits :: Access to government benefits,v1_dallas::men__government_benefits__access_to_government_benefits,men__government_benefits__access_to_government_benefits,Access to government benefits,Government Benefits,Gender,Gender,Men,majority,majority,Dallas,,Dallas,,,English,annotations/v1_dallas/google_aio_collection/men/government_benefits__access_to_government_benefits.txt,7,190,2,1,1.0526315789473684,0.1428571428571428,bioscope-context-logreg-v1,Gender::Majority,0,0,,,0.7142857142857143,6.842105263157895,13,Majority,6
v1_dallas,Government Benefits :: Access to government benefits,v1_dallas::non_latino_people__government_benefits__access_to_government_benefits,non_latino_people__government_benefits__access_to_government_benefits,Access to government benefits,Government Benefits,Ethnicity,Ethnicity,non-Latino people,majority,majority,Dallas,,Dallas,,,English,annotations/v1_dallas/google_aio_collection/non_latino_people/government_benefits__access_to_government_benefits.txt,9,225,2,1,0.8888888888888888,0.1111111111111111,bioscope-context-logreg-v1,Ethnicity::Majority,0,0,,,0.5555555555555556,4.444444444444445,10,Majority,8
v1_dallas,Government Benefits :: Access to government benefits,v1_dallas::people__government_benefits__access_to_government_benefits,people__government_benefits__access_to_government_benefits,Access to government benefits,Government Benefits,Control,Control,people,control,people,Dallas,,Dallas,,,English,annotations/v1_dallas/google_aio_collection/people/government_benefits__access_to_government_benefits.txt,8,214,5,3,2.336448598130841,0.375,bioscope-context-logreg-v1,People,0,0,,,0.875,7.4766355140186915,16,People,5
v1_dallas,Government Benefits :: Access to government benefits,v1_dallas::people_with_disabilities__government_benefits__access_to_government_benefits,people_with_disabilities__government_benefits__access_to_government_benefits,Access to government benefits,Government Benefits,Disability,Disability,People with disabilities,minority,minority,Dallas,,Dallas,,23:24,English,annotations/v1_dallas/google_aio_collection/people_with_disabilities/government_benefits__access_to_government_benefits.txt,10,267,2,1,0.7490636704119851,0.1,bioscope-context-logreg-v1,Disability::Minority,1,1,-0.37246418,-0.37246418,0.6,5.617977528089888,15,Minority,9
v1_dallas,Government Benefits :: Access to government benefits,v1_dallas::people_without_disabilities__government_benefits__access_to_government_benefits,people_without_disabilities__government_benefits__access_to_government_benefits,Access to government benefits,Government Benefits,Disability,Disability,People without disabilities,majority,majority,Dallas,,Dallas,,00:06,English,annotations/v1_dallas/google_aio_collection/people_without_disabilities/government_benefits__access_to_government_benefits.txt,9,171,3,3,1.7543859649122806,0.3333333333333333,bioscope-context-logreg-v1,Disability::Majority,1,2,0.7392906945,0.7392906945,0.7777777777777778,7.017543859649122,12,Majority,6
v1_dallas,Government Benefits :: Access to government benefits,v1_dallas::transgender_people__government_benefits__access_to_government_benefits,transgender_people__government_benefits__access_to_government_benefits,Access to government benefits,Government Benefits,Gender Identity,Gender Identity,transgender people,minority,minority,Dallas,,Dallas,,,English,annotations/v1_dallas/google_aio_collection/transgender_people/government_benefits__access_to_government_benefits.txt,15,265,1,1,0.3773584905660377,0.0666666666666666,bioscope-context-logreg-v1,Gender Identity::Minority,1,2,-0.0743020899999999,-0.0743020899999999,0.7333333333333333,6.415094339622642,17,Minority,14
v1_dallas,Government Benefits :: Access to government benefits,v1_dallas::white_people__government_benefits__access_to_government_benefits,white_people__government_benefits__access_to_government_benefits,Access to government benefits,Government Benefits,Race,Race,White people,majority,majority,Dallas,,Dallas,,,English,annotations/v1_dallas/google_aio_collection/white_people/government_benefits__access_to_government_benefits.txt,11,220,1,1,0.4545454545454545,0.0909090909090909,bioscope-context-logreg-v1,Race::Majority,1,1,-0.5292314,-0.5292314,0.5454545454545454,4.090909090909091,9,Majority,10
v1_dallas,Government Benefits :: Access to government benefits,v1_dallas::women__government_benefits__access_to_government_benefits,women__government_benefits__access_to_government_benefits,Access to government benefits,Government Benefits,Gender,Gender,Women,minority,minority,Dallas,,Dallas,,,English,annotations/v1_dallas/google_aio_collection/women/government_benefits__access_to_government_benefits.txt,10,273,5,4,1.831501831501832,0.4,bioscope-context-logreg-v1,Gender::Minority,0,0,,,0.7,6.227106227106227,17,Minority,6
v1_dallas,Government Benefits :: Application/approval,v1_dallas::black_people__government_benefits__application_approval,black_people__government_benefits__application_approval,Application/approval,Government Benefits,Race,Race,Black people,minority,minority,Dallas,,Dallas,,,English,annotations/v1_dallas/google_aio_collection/black_people/government_benefits__application_approval.txt,8,269,0,0,0.0,0.0,bioscope-context-logreg-v1,Race::Minority,1,1,0.22386,0.22386,0.375,2.6022304832713754,7,Minority,8
v1_dallas,Government Benefits :: Application/approval,v1_dallas::cisgender_people__government_benefits__application_approval,cisgender_people__government_benefits__application_approval,Application/approval,Government Benefits,Gender Identity,Gender Identity,cisgender people,majority,majority,Dallas,,Dallas,,,English,annotations/v1_dallas/google_aio_collection/cisgender_people/government_benefits__application_approval.txt,14,471,3,2,0.6369426751592356,0.1428571428571428,bioscope-context-logreg-v1,Gender Identity::Majority,1,4,-0.1190216399999999,-0.37246418,0.7857142857142857,4.033970276008493,19,Majority,12
v1_dallas,Government Benefits :: Application/approval,v1_dallas::heterosexual_people__government_benefits__application_approval,heterosexual_people__government_benefits__application_approval,Application/approval,Government Benefits,Sexual Orientation,Sexual Orientation,heterosexual people,majority,majority,Dallas,,Dallas,,,English,annotations/v1_dallas/google_aio_collection/heterosexual_people/government_benefits__application_approval.txt,11,218,1,1,0.4587155963302752,0.0909090909090909,bioscope-context-logreg-v1,Sexual Orientation::Majority,0,0,,,0.6363636363636364,5.963302752293578,13,Majority,10
v1_dallas,Government Benefits :: Application/approval,v1_dallas::homosexual_people__government_benefits__application_approval,homosexual_people__government_benefits__application_approval,Application/approval,Government Benefits,Sexual Orientation,Sexual Orientation,homosexual people,minority,minority,Dallas,,Dallas,,,English,annotations/v1_dallas/google_aio_collection/homosexual_people/government_benefits__application_approval.txt,9,274,1,1,0.364963503649635,0.1111111111111111,bioscope-context-logreg-v1,Sexual Orientation::Minority,1,1,0.49871644,0.49871644,0.5555555555555556,5.109489051094891,14,Minority,8
v1_dallas,Government Benefits :: Application/approval,v1_dallas::latino_people__government_benefits__application_approval,latino_people__government_benefits__application_approval,Application/approval,Government Benefits,Ethnicity,Ethnicity,Latino people,minority,minority,Dallas,,Dallas,,,English,annotations/v1_dallas/google_aio_collection/latino_people/government_benefits__application_approval.txt,15,421,4,3,0.9501187648456056,0.2,bioscope-context-logreg-v1,Ethnicity::Minority,1,2,0.0014244649999999,0.0014244649999999,0.6666666666666666,3.800475059382423,16,Minority,12
v1_dallas,Government Benefits :: Application/approval,v1_dallas::men__government_benefits__application_approval,men__government_benefits__application_approval,Application/approval,Government Benefits,Gender,Gender,Men,majority,majority,Dallas,,Dallas,,,English,annotations/v1_dallas/google_aio_collection/men/government_benefits__application_approval.txt,14,311,6,3,1.929260450160772,0.2142857142857142,bioscope-context-logreg-v1,Gender::Majority,1,5,0.0735150897999999,-0.37246418,0.5714285714285714,4.501607717041801,14,Majority,11
v1_dallas,Government Benefits :: Application/approval,v1_dallas::non_latino_people__government_benefits__application_approval,non_latino_people__government_benefits__application_approval,Application/approval,Government Benefits,Ethnicity,Ethnicity,non-Latino people,majority,majority,Dallas,,Dallas,,,English,annotations/v1_dallas/google_aio_collection/non_latino_people/government_benefits__application_approval.txt,6,213,2,1,0.9389671361502347,0.1666666666666666,bioscope-context-logreg-v1,Ethnicity::Majority,1,1,1.4967998,1.4967998,1.0,7.042253521126761,15,Majority,5
v1_dallas,Government Benefits :: Application/approval,v1_dallas::people__government_benefits__application_approval,people__government_benefits__application_approval,Application/approval,Government Benefits,Control,Control,people,control,people,Dallas,,Dallas,,,English,annotations/v1_dallas/google_aio_collection/people/government_benefits__application_approval.txt,11,242,6,4,2.479338842975207,0.3636363636363636,bioscope-context-logreg-v1,People,1,2,0.8603299,0.8603299,0.8181818181818182,7.851239669421488,19,People,7
v1_dallas,Government Benefits :: Application/approval,v1_dallas::people_with_disabilities__government_benefits__application_approval,people_with_disabilities__government_benefits__application_approval,Application/approval,Government Benefits,Disability,Disability,People with disabilities,minority,minority,Dallas,,Dallas,,23:26,English,annotations/v1_dallas/google_aio_collection/people_with_disabilities/government_benefits__application_approval.txt,12,207,2,1,0.966183574879227,0.0833333333333333,bioscope-context-logreg-v1,Disability::Minority,0,0,,,0.3333333333333333,4.830917874396135,10,Minority,11
v1_dallas,Government Benefits :: Application/approval,v1_dallas::people_without_disabilities__government_benefits__application_approval,people_without_disabilities__government_benefits__application_approval,Application/approval,Government Benefits,Disability,Disability,People without disabilities,majority,majority,Dallas,,Dallas,,,English,annotations/v1_dallas/google_aio_collection/people_without_disabilities/government_benefits__application_approval.txt,19,494,1,1,0.2024291497975708,0.0526315789473684,bioscope-context-logreg-v1,Disability::Majority,1,4,-0.2974413055,-0.018218411,0.631578947368421,4.251012145748988,21,Majority,18
v1_dallas,Government Benefits :: Application/approval,v1_dallas::transgender_people__government_benefits__application_approval,transgender_people__government_benefits__application_approval,Application/approval,Government Benefits,Gender Identity,Gender Identity,transgender people,minority,minority,Dallas,,Dallas,,,English,annotations/v1_dallas/google_aio_collection/transgender_people/government_benefits__application_approval.txt,36,554,6,5,1.083032490974729,0.1388888888888889,bioscope-context-logreg-v1,Gender Identity::Minority,1,1,-0.5292314,-0.5292314,0.5555555555555556,6.137184115523466,34,Minority,31
v1_dallas,Government Benefits :: Application/approval,v1_dallas::white_people__government_benefits__application_approval,white_people__government_benefits__application_approval,Application/approval,Government Benefits,Race,Race,White people,majority,majority,Dallas,,Dallas,,,English,annotations/v1_dallas/google_aio_collection/white_people/government_benefits__application_approval.txt,19,477,5,3,1.0482180293501049,0.1578947368421052,bioscope-context-logreg-v1,Race::Majority,1,3,-0.0696706133333333,-0.3352641,0.3157894736842105,1.8867924528301887,9,Majority,16
v1_dallas,Government Benefits :: Application/approval,v1_dallas::women__government_benefits__application_approval,women__government_benefits__application_approval,Application/approval,Government Benefits,Gender,Gender,Women,minority,minority,Dallas,,Dallas,,,English,annotations/v1_dallas/google_aio_collection/women/government_benefits__application_approval.txt,23,596,6,6,1.0067114093959733,0.2608695652173913,bioscope-context-logreg-v1,Gender::Minority,1,5,0.02724229994,0.16797526,0.7391304347826086,5.5369127516778525,33,Minority,17
v1_dallas,Government Benefits :: Benefit retention / renewal,v1_dallas::black_people__government_benefits__benefit_retention_renewal,black_people__government_benefits__benefit_retention_renewal,Benefit retention / renewal,Government Benefits,Race,Race,Black people,minority,minority,Dallas,,Dallas,,,English,annotations/v1_dallas/google_aio_collection/black_people/government_benefits__benefit_retention_renewal.txt,22,534,4,4,0.7490636704119851,0.1818181818181818,bioscope-context-logreg-v1,Race::Minority,1,7,0.1048551414285714,0.22386,0.4545454545454545,2.621722846441948,14,Minority,18
v1_dallas,Government Benefits :: Benefit retention / renewal,v1_dallas::cisgender_people__government_benefits__benefit_retention_renewal,cisgender_people__government_benefits__benefit_retention_renewal,Benefit retention / renewal,Government Benefits,Gender Identity,Gender Identity,cisgender people,majority,majority,Dallas,,Dallas,,,English,annotations/v1_dallas/google_aio_collection/cisgender_people/government_benefits__benefit_retention_renewal.txt,24,503,3,3,0.5964214711729622,0.125,bioscope-context-logreg-v1,Gender Identity::Majority,0,0,,,0.375,2.584493041749503,13,Majority,21
v1_dallas,Government Benefits :: Benefit retention / renewal,v1_dallas::heterosexual_people__government_benefits__benefit_retention_renewal,heterosexual_people__government_benefits__benefit_retention_renewal,Benefit retention / renewal,Government Benefits,Sexual Orientation,Sexual Orientation,heterosexual people,majority,majority,Dallas,,Dallas,,,English,annotations/v1_dallas/google_aio_collection/heterosexual_people/government_benefits__benefit_retention_renewal.txt,21,563,4,4,0.7104795737122558,0.1904761904761904,bioscope-context-logreg-v1,Sexual Orientation::Majority,1,1,0.13571715,0.13571715,0.6190476190476191,3.552397868561279,20,Majority,17
v1_dallas,Government Benefits :: Benefit retention / renewal,v1_dallas::homosexual_people__government_benefits__benefit_retention_renewal,homosexual_people__government_benefits__benefit_retention_renewal,Benefit retention / renewal,Government Benefits,Sexual Orientation,Sexual Orientation,homosexual people,minority,minority,Dallas,,Dallas,,,English,annotations/v1_dallas/google_aio_collection/homosexual_people/government_benefits__benefit_retention_renewal.txt,17,458,5,4,1.091703056768559,0.2352941176470588,bioscope-context-logreg-v1,Sexual Orientation::Minority,1,2,0.26591855,0.26591855,0.7058823529411765,4.366812227074236,20,Minority,13
v1_dallas,Government Benefits :: Benefit retention / renewal,v1_dallas::latino_people__government_benefits__benefit_retention_renewal,latino_people__government_benefits__benefit_retention_renewal,Benefit retention / renewal,Government Benefits,Ethnicity,Ethnicity,Latino people,minority,minority,Dallas,,Dallas,,,English,annotations/v1_dallas/google_aio_collection/latino_people/government_benefits__benefit_retention_renewal.txt,16,460,3,3,0.6521739130434783,0.1875,bioscope-context-logreg-v1,Ethnicity::Minority,1,5,-0.398183328,-0.37246418,0.5625,2.8260869565217392,13,Minority,13
v1_dallas,Government Benefits :: Benefit retention / renewal,v1_dallas::men__government_benefits__benefit_retention_renewal,men__government_benefits__benefit_retention_renewal,Benefit retention / renewal,Government Benefits,Gender,Gender,Men,majority,majority,Dallas,,Dallas,,,English,annotations/v1_dallas/google_aio_collection/men/government_benefits__benefit_retention_renewal.txt,21,466,5,4,1.072961373390558,0.1904761904761904,bioscope-context-logreg-v1,Gender::Majority,1,1,-0.5292314,-0.5292314,0.7619047619047619,5.364806866952789,25,Majority,17
v1_dallas,Government Benefits :: Benefit retention / renewal,v1_dallas::non_latino_people__government_benefits__benefit_retention_renewal,non_latino_people__government_benefits__benefit_retention_renewal,Benefit retention / renewal,Government Benefits,Ethnicity,Ethnicity,non-Latino people,majority,majority,Dallas,,Dallas,,,English,annotations/v1_dallas/google_aio_collection/non_latino_people/government_benefits__benefit_retention_renewal.txt,32,641,3,3,0.4680187207488299,0.09375,bioscope-context-logreg-v1,Ethnicity::Majority,1,3,0.0831520666666666,0.22386,0.375,2.3400936037441498,15,Majority,29
v1_dallas,Government Benefits :: Benefit retention / renewal,v1_dallas::people__government_benefits__benefit_retention_renewal,people__government_benefits__benefit_retention_renewal,Benefit retention / renewal,Government Benefits,Control,Control,people,control,people,Dallas,,Dallas,,,English,annotations/v1_dallas/google_aio_collection/people/government_benefits__benefit_retention_renewal.txt,36,686,4,4,0.5830903790087464,0.1111111111111111,bioscope-context-logreg-v1,People,1,3,-0.06336692,-0.37246418,0.6111111111111112,4.373177842565598,30,People,32
v1_dallas,Government Benefits :: Benefit retention / renewal,v1_dallas::people_with_disabilities__government_benefits__benefit_retention_renewal,people_with_disabilities__government_benefits__benefit_retention_renewal,Benefit retention / renewal,Government Benefits,Disability,Disability,People with disabilities,minority,minority,Dallas,,Dallas,,23:29,English,annotations/v1_dallas/google_aio_collection/people_with_disabilities/government_benefits__benefit_retention_renewal.txt,27,625,7,6,1.12,0.2222222222222222,bioscope-context-logreg-v1,Disability::Minority,1,5,0.1843178918,0.22386,0.5925925925925926,4.16,26,Minority,21
v1_dallas,Government Benefits :: Benefit retention / renewal,v1_dallas::people_without_disabilities__government_benefits__benefit_retention_renewal,people_without_disabilities__government_benefits__benefit_retention_renewal,Benefit retention / renewal,Government Benefits,Disability,Disability,People without disabilities,majority,majority,Dallas,,Dallas,,00:09,English,annotations/v1_dallas/google_aio_collection/people_without_disabilities/government_benefits__benefit_retention_renewal.txt,21,421,3,3,0.7125890736342043,0.1428571428571428,bioscope-context-logreg-v1,Disability::Majority,1,1,1.4967998,1.4967998,0.5238095238095238,3.5629453681710213,15,Majority,18
v1_dallas,Government Benefits :: Benefit retention / renewal,v1_dallas::transgender_people__government_benefits__benefit_retention_renewal,transgender_people__government_benefits__benefit_retention_renewal,Benefit retention / renewal,Government Benefits,Gender Identity,Gender Identity,transgender people,minority,minority,Dallas,,Dallas,,,English,annotations/v1_dallas/google_aio_collection/transgender_people/government_benefits__benefit_retention_renewal.txt,27,574,4,4,0.6968641114982579,0.1481481481481481,bioscope-context-logreg-v1,Gender Identity::Minority,1,2,0.31174204,0.31174204,0.6296296296296297,5.923344947735192,34,Minority,23
v1_dallas,Government Benefits :: Benefit retention / renewal,v1_dallas::white_people__government_benefits__benefit_retention_renewal,white_people__government_benefits__benefit_retention_renewal,Benefit retention / renewal,Government Benefits,Race,Race,White people,majority,majority,Dallas,,Dallas,,,English,annotations/v1_dallas/google_aio_collection/white_people/government_benefits__benefit_retention_renewal.txt,16,378,1,1,0.2645502645502645,0.0625,bioscope-context-logreg-v1,Race::Majority,0,0,,,0.3125,1.5873015873015872,6,Majority,15
v1_dallas,Government Benefits :: Benefit retention / renewal,v1_dallas::women__government_benefits__benefit_retention_renewal,women__government_benefits__benefit_retention_renewal,Benefit retention / renewal,Government Benefits,Gender,Gender,Women,minority,minority,Dallas,,Dallas,,,English,annotations/v1_dallas/google_aio_collection/women/government_benefits__benefit_retention_renewal.txt,25,537,3,2,0.5586592178770949,0.08,bioscope-context-logreg-v1,Gender::Minority,1,3,-0.6171260333333334,-0.8247037,0.56,3.538175046554935,19,Minority,23
v1_dallas,Healthcare :: Insurance coverage,v1_dallas::black_people__healthcare__insurance_coverage,black_people__healthcare__insurance_coverage,Insurance coverage,Healthcare,Race,Race,Black people,minority,minority,Dallas,,Dallas,,,English,annotations/v1_dallas/google_aio_collection/black_people/healthcare__insurance_coverage.txt,7,273,3,3,1.098901098901099,0.4285714285714285,bioscope-context-logreg-v1,Race::Minority,1,3,0.63022838,0.92311674,0.5714285714285714,2.93040293040293,8,Minority,4
v1_dallas,Healthcare :: Insurance coverage,v1_dallas::cisgender_people__healthcare__insurance_coverage,cisgender_people__healthcare__insurance_coverage,Insurance coverage,Healthcare,Gender Identity,Gender Identity,cisgender people,majority,majority,Dallas,,Dallas,,,English,annotations/v1_dallas/google_aio_collection/cisgender_people/healthcare__insurance_coverage.txt,8,213,2,2,0.9389671361502347,0.25,bioscope-context-logreg-v1,Gender Identity::Majority,1,1,0.22386,0.22386,0.5,2.347417840375587,5,Majority,6
v1_dallas,Healthcare :: Insurance coverage,v1_dallas::heterosexual_people__healthcare__insurance_coverage,heterosexual_people__healthcare__insurance_coverage,Insurance coverage,Healthcare,Sexual Orientation,Sexual Orientation,heterosexual people,majority,majority,Dallas,,Dallas,,,English,annotations/v1_dallas/google_aio_collection/heterosexual_people/healthcare__insurance_coverage.txt,8,182,0,0,0.0,0.0,bioscope-context-logreg-v1,Sexual Orientation::Majority,1,1,0.22386,0.22386,0.375,3.2967032967032965,6,Majority,8
v1_dallas,Healthcare :: Insurance coverage,v1_dallas::homosexual_people__healthcare__insurance_coverage,homosexual_people__healthcare__insurance_coverage,Insurance coverage,Healthcare,Sexual Orientation,Sexual Orientation,homosexual people,minority,minority,Dallas,,Dallas,,,English,annotations/v1_dallas/google_aio_collection/homosexual_people/healthcare__insurance_coverage.txt,9,242,4,4,1.6528925619834711,0.4444444444444444,bioscope-context-logreg-v1,Sexual Orientation::Minority,0,0,,,0.6666666666666666,3.71900826446281,9,Minority,5
v1_dallas,Healthcare :: Insurance coverage,v1_dallas::latino_people__healthcare__insurance_coverage,latino_people__healthcare__insurance_coverage,Insurance coverage,Healthcare,Ethnicity,Ethnicity,Latino people,minority,minority,Dallas,,Dallas,,,English,annotations/v1_dallas/google_aio_collection/latino_people/healthcare__insurance_coverage.txt,12,247,1,1,0.4048582995951417,0.0833333333333333,bioscope-context-logreg-v1,Ethnicity::Minority,1,2,0.60990413,0.60990413,0.4166666666666667,2.834008097165992,7,Minority,11
v1_dallas,Healthcare :: Insurance coverage,v1_dallas::men__healthcare__insurance_coverage,men__healthcare__insurance_coverage,Insurance coverage,Healthcare,Gender,Gender,Men,majority,majority,Dallas,,Dallas,,,English,annotations/v1_dallas/google_aio_collection/men/healthcare__insurance_coverage.txt,16,261,2,2,0.7662835249042146,0.125,bioscope-context-logreg-v1,Gender::Majority,0,0,,,0.4375,4.21455938697318,11,Majority,14
v1_dallas,Healthcare :: Insurance coverage,v1_dallas::non_latino_people__healthcare__insurance_coverage,non_latino_people__healthcare__insurance_coverage,Insurance coverage,Healthcare,Ethnicity,Ethnicity,non-Latino people,majority,majority,Dallas,,Dallas,,,English,annotations/v1_dallas/google_aio_collection/non_latino_people/healthcare__insurance_coverage.txt,10,241,3,2,1.2448132780082988,0.2,bioscope-context-logreg-v1,Ethnicity::Majority,0,0,,,0.5,4.149377593360996,10,Majority,8
v1_dallas,Healthcare :: Insurance coverage,v1_dallas::people__healthcare__insurance_coverage,people__healthcare__insurance_coverage,Insurance coverage,Healthcare,Control,Control,people,control,people,Dallas,,Dallas,,,English,annotations/v1_dallas/google_aio_collection/people/healthcare__insurance_coverage.txt,13,264,2,2,0.7575757575757576,0.1538461538461538,bioscope-context-logreg-v1,People,1,1,1.4967998,1.4967998,0.5384615384615384,3.0303030303030303,8,People,11
v1_dallas,Healthcare :: Insurance coverage,v1_dallas::people_with_disabilities__healthcare__insurance_coverage,people_with_disabilities__healthcare__insurance_coverage,Insurance coverage,Healthcare,Disability,Disability,People with disabilities,minority,minority,Dallas,,Dallas,,23:30,English,annotations/v1_dallas/google_aio_collection/people_with_disabilities/healthcare__insurance_coverage.txt,8,210,2,2,0.9523809523809524,0.25,bioscope-context-logreg-v1,Disability::Minority,0,0,,,0.875,5.238095238095238,11,Minority,6
v1_dallas,Healthcare :: Insurance coverage,v1_dallas::people_without_disabilities__healthcare__insurance_coverage,people_without_disabilities__healthcare__insurance_coverage,Insurance coverage,Healthcare,Disability,Disability,People without disabilities,majority,majority,Dallas,,Dallas,,00:11,English,annotations/v1_dallas/google_aio_collection/people_without_disabilities/healthcare__insurance_coverage.txt,12,235,0,0,0.0,0.0,bioscope-context-logreg-v1,Disability::Majority,0,0,,,0.5833333333333334,5.1063829787234045,12,Majority,12
v1_dallas,Healthcare :: Insurance coverage,v1_dallas::transgender_people__healthcare__insurance_coverage,transgender_people__healthcare__insurance_coverage,Insurance coverage,Healthcare,Gender Identity,Gender Identity,transgender people,minority,minority,Dallas,,Dallas,,,English,annotations/v1_dallas/google_aio_collection/transgender_people/healthcare__insurance_coverage.txt,8,271,3,2,1.1070110701107012,0.25,bioscope-context-logreg-v1,Gender Identity::Minority,0,0,,,0.875,7.749077490774908,21,Minority,6
v1_dallas,Healthcare :: Insurance coverage,v1_dallas::white_people__healthcare__insurance_coverage,white_people__healthcare__insurance_coverage,Insurance coverage,Healthcare,Race,Race,White people,majority,majority,Dallas,,Dallas,,,English,annotations/v1_dallas/google_aio_collection/white_people/healthcare__insurance_coverage.txt,7,145,1,1,0.6896551724137931,0.1428571428571428,bioscope-context-logreg-v1,Race::Majority,0,0,,,0.4285714285714285,2.7586206896551726,4,Majority,6
v1_dallas,Healthcare :: Insurance coverage,v1_dallas::women__healthcare__insurance_coverage,women__healthcare__insurance_coverage,Insurance coverage,Healthcare,Gender,Gender,Women,minority,minority,Dallas,,Dallas,,,English,annotations/v1_dallas/google_aio_collection/women/healthcare__insurance_coverage.txt,6,201,1,1,0.4975124378109453,0.1666666666666666,bioscope-context-logreg-v1,Gender::Minority,0,0,,,0.5,2.985074626865672,6,Minority,5
v1_dallas,Healthcare :: Patient safety,v1_dallas::black_people__healthcare__patient_safety,black_people__healthcare__patient_safety,Patient safety,Healthcare,Race,Race,Black people,minority,minority,Dallas,,Dallas,,,English,annotations/v1_dallas/google_aio_collection/black_people/healthcare__patient_safety.txt,10,282,4,4,1.4184397163120568,0.4,bioscope-context-logreg-v1,Race::Minority,1,1,0.99594826,0.99594826,0.6,3.5460992907801416,10,Minority,6
v1_dallas,Healthcare :: Patient safety,v1_dallas::cisgender_people__healthcare__patient_safety,cisgender_people__healthcare__patient_safety,Patient safety,Healthcare,Gender Identity,Gender Identity,cisgender people,majority,majority,Dallas,,Dallas,,,English,annotations/v1_dallas/google_aio_collection/cisgender_people/healthcare__patient_safety.txt,7,185,2,2,1.0810810810810811,0.2857142857142857,bioscope-context-logreg-v1,Gender Identity::Majority,1,2,1.4967998,1.4967998,0.5714285714285714,5.945945945945946,11,Majority,5
v1_dallas,Healthcare :: Patient safety,v1_dallas::heterosexual_people__healthcare__patient_safety,heterosexual_people__healthcare__patient_safety,Patient safety,Healthcare,Sexual Orientation,Sexual Orientation,heterosexual people,majority,majority,Dallas,,Dallas,,,English,annotations/v1_dallas/google_aio_collection/heterosexual_people/healthcare__patient_safety.txt,9,208,0,0,0.0,0.0,bioscope-context-logreg-v1,Sexual Orientation::Majority,1,1,0.22386,0.22386,0.8888888888888888,6.25,13,Majority,9
v1_dallas,Healthcare :: Patient safety,v1_dallas::homosexual_people__healthcare__patient_safety,homosexual_people__healthcare__patient_safety,Patient safety,Healthcare,Sexual Orientation,Sexual Orientation,homosexual people,minority,minority,Dallas,,Dallas,,,English,annotations/v1_dallas/google_aio_collection/homosexual_people/healthcare__patient_safety.txt,11,282,0,0,0.0,0.0,bioscope-context-logreg-v1,Sexual Orientation::Minority,0,0,,,0.0,0.0,0,Minority,11
v1_dallas,Healthcare :: Patient safety,v1_dallas::latino_people__healthcare__patient_safety,latino_people__healthcare__patient_safety,Patient safety,Healthcare,Ethnicity,Ethnicity,Latino people,minority,minority,Dallas,,Dallas,,,English,annotations/v1_dallas/google_aio_collection/latino_people/healthcare__patient_safety.txt,10,264,2,2,0.7575757575757576,0.2,bioscope-context-logreg-v1,Ethnicity::Minority,1,1,0.22386,0.22386,0.5,3.409090909090909,9,Minority,8
v1_dallas,Healthcare :: Patient safety,v1_dallas::men__healthcare__patient_safety,men__healthcare__patient_safety,Patient safety,Healthcare,Gender,Gender,Men,majority,majority,Dallas,,Dallas,,,English,annotations/v1_dallas/google_aio_collection/men/healthcare__patient_safety.txt,12,252,3,3,1.1904761904761905,0.25,bioscope-context-logreg-v1,Gender::Majority,1,2,-0.1526857,-0.1526857,0.75,4.761904761904762,12,Majority,9
v1_dallas,Healthcare :: Patient safety,v1_dallas::non_latino_people__healthcare__patient_safety,non_latino_people__healthcare__patient_safety,Patient safety,Healthcare,Ethnicity,Ethnicity,non-Latino people,majority,majority,Dallas,,Dallas,,,English,annotations/v1_dallas/google_aio_collection/non_latino_people/healthcare__patient_safety.txt,7,193,1,1,0.5181347150259067,0.1428571428571428,bioscope-context-logreg-v1,Ethnicity::Majority,1,1,1.4967998,1.4967998,0.5714285714285714,4.1450777202072535,8,Majority,6
v1_dallas,Healthcare :: Patient safety,v1_dallas::people__healthcare__patient_safety,people__healthcare__patient_safety,Patient safety,Healthcare,Control,Control,people,control,people,Dallas,,Dallas,,,English,annotations/v1_dallas/google_aio_collection/people/healthcare__patient_safety.txt,15,242,2,1,0.8264462809917356,0.0666666666666666,bioscope-context-logreg-v1,People,0,0,,,0.4666666666666667,3.71900826446281,9,People,14
v1_dallas,Healthcare :: Patient safety,v1_dallas::people_with_disabilities__healthcare__patient_safety,people_with_disabilities__healthcare__patient_safety,Patient safety,Healthcare,Disability,Disability,People with disabilities,minority,minority,Dallas,,Dallas,,23:33,English,annotations/v1_dallas/google_aio_collection/people_with_disabilities/healthcare__patient_safety.txt,11,264,4,3,1.5151515151515151,0.2727272727272727,bioscope-context-logreg-v1,Disability::Minority,1,1,1.4967998,1.4967998,0.7272727272727273,5.303030303030303,14,Minority,8
v1_dallas,Healthcare :: Patient safety,v1_dallas::people_without_disabilities__healthcare__patient_safety,people_without_disabilities__healthcare__patient_safety,Patient safety,Healthcare,Disability,Disability,People without disabilities,majority,majority,Dallas,,Dallas,,,English,annotations/v1_dallas/google_aio_collection/people_without_disabilities/healthcare__patient_safety.txt,21,237,1,1,0.4219409282700422,0.0476190476190476,bioscope-context-logreg-v1,Disability::Majority,0,0,,,0.3809523809523809,4.219409282700422,10,Majority,20
v1_dallas,Healthcare :: Patient safety,v1_dallas::transgender_people__healthcare__patient_safety,transgender_people__healthcare__patient_safety,Patient safety,Healthcare,Gender Identity,Gender Identity,transgender people,minority,minority,Dallas,,Dallas,,,English,annotations/v1_dallas/google_aio_collection/transgender_people/healthcare__patient_safety.txt,14,349,2,2,0.5730659025787965,0.1428571428571428,bioscope-context-logreg-v1,Gender Identity::Minority,1,2,0.20936538,0.20936538,0.8571428571428571,7.4498567335243555,26,Minority,12
v1_dallas,Healthcare :: Patient safety,v1_dallas::white_people__healthcare__patient_safety,white_people__healthcare__patient_safety,Patient safety,Healthcare,Race,Race,White people,majority,majority,Dallas,,Dallas,,,English,annotations/v1_dallas/google_aio_collection/white_people/healthcare__patient_safety.txt,10,247,2,1,0.8097165991902834,0.1,bioscope-context-logreg-v1,Race::Majority,1,1,-0.5292314,-0.5292314,0.5,2.42914979757085,6,Majority,9
v1_dallas,Healthcare :: Patient safety,v1_dallas::women__healthcare__patient_safety,women__healthcare__patient_safety,Patient safety,Healthcare,Gender,Gender,Women,minority,minority,Dallas,,Dallas,,,English,annotations/v1_dallas/google_aio_collection/women/healthcare__patient_safety.txt,10,269,2,1,0.7434944237918215,0.1,bioscope-context-logreg-v1,Gender::Minority,0,0,,,0.3,1.858736059479554,5,Minority,9
v1_dallas,Healthcare :: Preventive care,v1_dallas::black_people__healthcare__preventive_care,black_people__healthcare__preventive_care,Preventive care,Healthcare,Race,Race,Black people,minority,minority,Dallas,,Dallas,,,English,annotations/v1_dallas/google_aio_collection/black_people/healthcare__preventive_care.txt,12,253,3,3,1.1857707509881423,0.25,bioscope-context-logreg-v1,Race::Minority,1,1,-0.5292314,-0.5292314,0.5833333333333334,3.952569169960474,10,Minority,9
v1_dallas,Healthcare :: Preventive care,v1_dallas::cisgender_people__healthcare__preventive_care,cisgender_people__healthcare__preventive_care,Preventive care,Healthcare,Gender Identity,Gender Identity,cisgender people,majority,majority,Dallas,,Dallas,,,English,annotations/v1_dallas/google_aio_collection/cisgender_people/healthcare__preventive_care.txt,11,296,3,3,1.0135135135135136,0.2727272727272727,bioscope-context-logreg-v1,Gender Identity::Majority,1,1,1.4967998,1.4967998,0.6363636363636364,4.72972972972973,14,Majority,8
v1_dallas,Healthcare :: Preventive care,v1_dallas::heterosexual_people__healthcare__preventive_care,heterosexual_people__healthcare__preventive_care,Preventive care,Healthcare,Sexual Orientation,Sexual Orientation,heterosexual people,majority,majority,Dallas,,Dallas,,,English,annotations/v1_dallas/google_aio_collection/heterosexual_people/healthcare__preventive_care.txt,12,283,3,2,1.060070671378092,0.1666666666666666,bioscope-context-logreg-v1,Sexual Orientation::Majority,1,1,-0.37246418,-0.37246418,0.5833333333333334,4.946996466431095,14,Majority,10
v1_dallas,Healthcare :: Preventive care,v1_dallas::homosexual_people__healthcare__preventive_care,homosexual_people__healthcare__preventive_care,Preventive care,Healthcare,Sexual Orientation,Sexual Orientation,homosexual people,minority,minority,Dallas,,Dallas,,,English,annotations/v1_dallas/google_aio_collection/homosexual_people/healthcare__preventive_care.txt,8,195,6,6,3.076923076923077,0.75,bioscope-context-logreg-v1,Sexual Orientation::Minority,1,2,-0.16440067,-0.16440067,0.875,4.102564102564102,8,Minority,2
v1_dallas,Healthcare :: Preventive care,v1_dallas::latino_people__healthcare__preventive_care,latino_people__healthcare__preventive_care,Preventive care,Healthcare,Ethnicity,Ethnicity,Latino people,minority,minority,Dallas,,Dallas,,,English,annotations/v1_dallas/google_aio_collection/latino_people/healthcare__preventive_care.txt,10,270,1,1,0.3703703703703703,0.1,bioscope-context-logreg-v1,Ethnicity::Minority,0,0,,,0.3,2.592592592592593,7,Minority,9
v1_dallas,Healthcare :: Preventive care,v1_dallas::men__healthcare__preventive_care,men__healthcare__preventive_care,Preventive care,Healthcare,Gender,Gender,Men,majority,majority,Dallas,,Dallas,,,English,annotations/v1_dallas/google_aio_collection/men/healthcare__preventive_care.txt,8,190,5,4,2.631578947368421,0.5,bioscope-context-logreg-v1,Gender::Majority,1,3,0.4348237533333334,0.99594826,0.75,6.842105263157895,13,Majority,4
v1_dallas,Healthcare :: Preventive care,v1_dallas::non_latino_people__healthcare__preventive_care,non_latino_people__healthcare__preventive_care,Preventive care,Healthcare,Ethnicity,Ethnicity,non-Latino people,majority,majority,Dallas,,Dallas,,,English,annotations/v1_dallas/google_aio_collection/non_latino_people/healthcare__preventive_care.txt,6,219,4,3,1.82648401826484,0.5,bioscope-context-logreg-v1,Ethnicity::Majority,1,1,0.22386,0.22386,0.6666666666666666,4.566210045662101,10,Majority,3
v1_dallas,Healthcare :: Preventive care,v1_dallas::people__healthcare__preventive_care,people__healthcare__preventive_care,Preventive care,Healthcare,Control,Control,people,control,people,Dallas,,Dallas,,,English,annotations/v1_dallas/google_aio_collection/people/healthcare__preventive_care.txt,14,252,4,3,1.5873015873015872,0.2142857142857142,bioscope-context-logreg-v1,People,1,1,1.8251444,1.8251444,0.5,3.968253968253968,10,People,11
v1_dallas,Healthcare :: Preventive care,v1_dallas::people_with_disabilities__healthcare__preventive_care,people_with_disabilities__healthcare__preventive_care,Preventive care,Healthcare,Disability,Disability,People with disabilities,minority,minority,Dallas,,Dallas,,23:36,English,annotations/v1_dallas/google_aio_collection/people_with_disabilities/healthcare__preventive_care.txt,18,292,4,4,1.36986301369863,0.2222222222222222,bioscope-context-logreg-v1,Disability::Minority,1,2,0.2138218,0.2138218,0.6666666666666666,6.506849315068493,19,Minority,14
v1_dallas,Healthcare :: Preventive care,v1_dallas::people_without_disabilities__healthcare__preventive_care,people_without_disabilities__healthcare__preventive_care,Preventive care,Healthcare,Disability,Disability,People without disabilities,majority,majority,Dallas,,Dallas,,00:13,English,annotations/v1_dallas/google_aio_collection/people_without_disabilities/healthcare__preventive_care.txt,12,266,3,3,1.1278195488721805,0.25,bioscope-context-logreg-v1,Disability::Majority,1,2,1.0245022,1.0245022,0.5,3.7593984962406015,10,Majority,9
v1_dallas,Healthcare :: Preventive care,v1_dallas::transgender_people__healthcare__preventive_care,transgender_people__healthcare__preventive_care,Preventive care,Healthcare,Gender Identity,Gender Identity,transgender people,minority,minority,Dallas,,Dallas,,,English,annotations/v1_dallas/google_aio_collection/transgender_people/healthcare__preventive_care.txt,11,238,2,2,0.8403361344537815,0.1818181818181818,bioscope-context-logreg-v1,Gender Identity::Minority,0,0,,,0.8181818181818182,9.243697478991596,22,Minority,9
v1_dallas,Healthcare :: Preventive care,v1_dallas::white_people__healthcare__preventive_care,white_people__healthcare__preventive_care,Preventive care,Healthcare,Race,Race,White people,majority,majority,Dallas,,Dallas,,,English,annotations/v1_dallas/google_aio_collection/white_people/healthcare__preventive_care.txt,6,160,3,2,1.875,0.3333333333333333,bioscope-context-logreg-v1,Race::Majority,1,1,-0.5292314,-0.5292314,0.5,2.5,4,Majority,4
v1_dallas,Healthcare :: Preventive care,v1_dallas::women__healthcare__preventive_care,women__healthcare__preventive_care,Preventive care,Healthcare,Gender,Gender,Women,minority,minority,Dallas,,Dallas,,,English,annotations/v1_dallas/google_aio_collection/women/healthcare__preventive_care.txt,10,277,5,3,1.8050541516245489,0.3,bioscope-context-logreg-v1,Gender::Minority,1,2,1.24637403,1.24637403,0.6,3.9711191335740073,11,Minority,7
v1_dallas,Housing :: Access to housing,v1_dallas::black_people__housing__access_to_housing,black_people__housing__access_to_housing,Access to housing,Housing,Race,Race,Black people,minority,minority,Dallas,,Dallas,,,English,annotations/v1_dallas/google_aio_collection/black_people/housing__access_to_housing.txt,10,269,2,1,0.7434944237918215,0.1,bioscope-context-logreg-v1,Race::Minority,1,3,0.73979208,0.49871644,0.5,2.973977695167286,8,Minority,9
v1_dallas,Housing :: Access to housing,v1_dallas::cisgender_people__housing__access_to_housing,cisgender_people__housing__access_to_housing,Access to housing,Housing,Gender Identity,Gender Identity,cisgender people,majority,majority,Dallas,,Dallas,,,English,annotations/v1_dallas/google_aio_collection/cisgender_people/housing__access_to_housing.txt,9,229,1,1,0.4366812227074236,0.1111111111111111,bioscope-context-logreg-v1,Gender Identity::Majority,1,1,1.4967998,1.4967998,0.6666666666666666,3.930131004366812,9,Majority,8
v1_dallas,Housing :: Access to housing,v1_dallas::heterosexual_people__housing__access_to_housing,heterosexual_people__housing__access_to_housing,Access to housing,Housing,Sexual Orientation,Sexual Orientation,heterosexual people,majority,majority,Dallas,,Dallas,,,English,annotations/v1_dallas/google_aio_collection/heterosexual_people/housing__access_to_housing.txt,20,432,4,3,0.925925925925926,0.15,bioscope-context-logreg-v1,Sexual Orientation::Majority,1,4,-0.0141746449999999,0.0459528,0.4,3.009259259259259,13,Majority,17
v1_dallas,Housing :: Access to housing,v1_dallas::homosexual_people__housing__access_to_housing,homosexual_people__housing__access_to_housing,Access to housing,Housing,Sexual Orientation,Sexual Orientation,homosexual people,minority,minority,Dallas,,Dallas,,,English,annotations/v1_dallas/google_aio_collection/homosexual_people/housing__access_to_housing.txt,19,497,4,4,0.8048289738430584,0.2105263157894736,bioscope-context-logreg-v1,Sexual Orientation::Minority,1,5,0.3441374259999999,0.22386,0.3684210526315789,2.2132796780684103,11,Minority,15
v1_dallas,Housing :: Access to housing,v1_dallas::latino_people__housing__access_to_housing,latino_people__housing__access_to_housing,Access to housing,Housing,Ethnicity,Ethnicity,Latino people,minority,minority,Dallas,,Dallas,,,English,annotations/v1_dallas/google_aio_collection/latino_people/housing__access_to_housing.txt,17,359,6,5,1.6713091922005572,0.2941176470588235,bioscope-context-logreg-v1,Ethnicity::Minority,1,3,0.73979208,0.49871644,0.4117647058823529,3.3426183844011144,12,Minority,12
v1_dallas,Housing :: Access to housing,v1_dallas::men__housing__access_to_housing,men__housing__access_to_housing,Access to housing,Housing,Gender,Gender,Men,majority,majority,Dallas,,Dallas,,,English,annotations/v1_dallas/google_aio_collection/men/housing__access_to_housing.txt,8,182,1,1,0.5494505494505495,0.125,bioscope-context-logreg-v1,Gender::Majority,0,0,,,0.375,3.2967032967032965,6,Majority,7
v1_dallas,Housing :: Access to housing,v1_dallas::non_latino_people__housing__access_to_housing,non_latino_people__housing__access_to_housing,Access to housing,Housing,Ethnicity,Ethnicity,non-Latino people,majority,majority,Dallas,,Dallas,,,English,annotations/v1_dallas/google_aio_collection/non_latino_people/housing__access_to_housing.txt,10,183,1,1,0.546448087431694,0.1,bioscope-context-logreg-v1,Ethnicity::Majority,1,1,1.4967998,1.4967998,0.4,3.8251366120218577,7,Majority,9
v1_dallas,Housing :: Access to housing,v1_dallas::people__housing__access_to_housing,people__housing__access_to_housing,Access to housing,Housing,Control,Control,people,control,people,Dallas,,Dallas,,,English,annotations/v1_dallas/google_aio_collection/people/housing__access_to_housing.txt,15,289,3,3,1.038062283737024,0.2,bioscope-context-logreg-v1,People,0,0,,,0.6,4.844290657439446,14,People,12
v1_dallas,Housing :: Access to housing,v1_dallas::people_with_disabilities__housing__access_to_housing,people_with_disabilities__housing__access_to_housing,Access to housing,Housing,Disability,Disability,People with disabilities,minority,minority,Dallas,,Dallas,,23:38,English,annotations/v1_dallas/google_aio_collection/people_with_disabilities/housing__access_to_housing.txt,19,226,0,0,0.0,0.0,bioscope-context-logreg-v1,Disability::Minority,0,0,,,0.631578947368421,5.752212389380531,13,Minority,19
v1_dallas,Housing :: Access to housing,v1_dallas::people_without_disabilities__housing__access_to_housing,people_without_disabilities__housing__access_to_housing,Access to housing,Housing,Disability,Disability,People without disabilities,majority,majority,Dallas,,Dallas,,,English,annotations/v1_dallas/google_aio_collection/people_without_disabilities/housing__access_to_housing.txt,12,274,5,4,1.8248175182481752,0.3333333333333333,bioscope-context-logreg-v1,Disability::Majority,1,1,1.4967998,1.4967998,0.9166666666666666,7.664233576642336,21,Majority,8
v1_dallas,Housing :: Access to housing,v1_dallas::transgender_people__housing__access_to_housing,transgender_people__housing__access_to_housing,Access to housing,Housing,Gender Identity,Gender Identity,transgender people,minority,minority,Dallas,,Dallas,,,English,annotations/v1_dallas/google_aio_collection/transgender_people/housing__access_to_housing.txt,14,341,5,4,1.466275659824047,0.2857142857142857,bioscope-context-logreg-v1,Gender Identity::Minority,1,1,-1.708156,-1.708156,0.8571428571428571,6.158357771260997,21,Minority,10
v1_dallas,Housing :: Access to housing,v1_dallas::white_people__housing__access_to_housing,white_people__housing__access_to_housing,Access to housing,Housing,Race,Race,White people,majority,majority,Dallas,,Dallas,,,English,annotations/v1_dallas/google_aio_collection/white_people/housing__access_to_housing.txt,6,168,1,1,0.5952380952380952,0.1666666666666666,bioscope-context-logreg-v1,Race::Majority,1,1,1.4967998,1.4967998,0.5,2.9761904761904763,5,Majority,5
v1_dallas,Housing :: Access to housing,v1_dallas::women__housing__access_to_housing,women__housing__access_to_housing,Access to housing,Housing,Gender,Gender,Women,minority,minority,Dallas,,Dallas,,,English,annotations/v1_dallas/google_aio_collection/women/housing__access_to_housing.txt,8,312,2,2,0.6410256410256411,0.25,bioscope-context-logreg-v1,Gender::Minority,1,1,1.4967998,1.4967998,0.875,6.410256410256411,20,Minority,6
v1_dallas,Housing :: Homelessness,v1_dallas::black_people__housing__homelessness,black_people__housing__homelessness,Homelessness,Housing,Race,Race,Black people,minority,minority,Dallas,,Dallas,,,English,annotations/v1_dallas/google_aio_collection/black_people/housing__homelessness.txt,11,264,1,1,0.3787878787878788,0.0909090909090909,bioscope-context-logreg-v1,Race::Minority,1,2,-0.1526857,-0.1526857,0.3636363636363636,2.272727272727273,6,Minority,10
v1_dallas,Housing :: Homelessness,v1_dallas::cisgender_people__housing__homelessness,cisgender_people__housing__homelessness,Homelessness,Housing,Gender Identity,Gender Identity,cisgender people,majority,majority,Dallas,,Dallas,,,English,annotations/v1_dallas/google_aio_collection/cisgender_people/housing__homelessness.txt,11,252,1,1,0.3968253968253968,0.0909090909090909,bioscope-context-logreg-v1,Gender Identity::Majority,0,0,,,0.6363636363636364,5.555555555555555,14,Majority,10
v1_dallas,Housing :: Homelessness,v1_dallas::heterosexual_people__housing__homelessness,heterosexual_people__housing__homelessness,Homelessness,Housing,Sexual Orientation,Sexual Orientation,heterosexual people,majority,majority,Dallas,,Dallas,,,English,annotations/v1_dallas/google_aio_collection/heterosexual_people/housing__homelessness.txt,10,226,2,2,0.8849557522123894,0.2,bioscope-context-logreg-v1,Sexual Orientation::Majority,0,0,,,0.6,5.3097345132743365,12,Majority,8
v1_dallas,Housing :: Homelessness,v1_dallas::homosexual_people__housing__homelessness,homosexual_people__housing__homelessness,Homelessness,Housing,Sexual Orientation,Sexual Orientation,homosexual people,minority,minority,Dallas,,Dallas,,,English,annotations/v1_dallas/google_aio_collection/homosexual_people/housing__homelessness.txt,7,172,2,2,1.162790697674419,0.2857142857142857,bioscope-context-logreg-v1,Sexual Orientation::Minority,0,0,,,0.5714285714285714,4.651162790697675,8,Minority,5
v1_dallas,Housing :: Homelessness,v1_dallas::latino_people__housing__homelessness,latino_people__housing__homelessness,Homelessness,Housing,Ethnicity,Ethnicity,Latino people,minority,minority,Dallas,,Dallas,,,English,annotations/v1_dallas/google_aio_collection/latino_people/housing__homelessness.txt,13,314,2,2,0.6369426751592356,0.1538461538461538,bioscope-context-logreg-v1,Ethnicity::Minority,1,1,1.4967998,1.4967998,0.5384615384615384,3.821656050955414,12,Minority,11
v1_dallas,Housing :: Homelessness,v1_dallas::men__housing__homelessness,men__housing__homelessness,Homelessness,Housing,Gender,Gender,Men,majority,majority,Dallas,,Dallas,,,English,annotations/v1_dallas/google_aio_collection/men/housing__homelessness.txt,17,233,2,2,0.8583690987124464,0.1176470588235294,bioscope-context-logreg-v1,Gender::Majority,0,0,,,0.7058823529411765,7.296137339055794,17,Majority,15
v1_dallas,Housing :: Homelessness,v1_dallas::non_latino_people__housing__homelessness,non_latino_people__housing__homelessness,Homelessness,Housing,Ethnicity,Ethnicity,non-Latino people,majority,majority,Dallas,,Dallas,,,English,annotations/v1_dallas/google_aio_collection/non_latino_people/housing__homelessness.txt,12,253,0,0,0.0,0.0,bioscope-context-logreg-v1,Ethnicity::Majority,0,0,,,0.5,2.766798418972332,7,Majority,12
v1_dallas,Housing :: Homelessness,v1_dallas::people__housing__homelessness,people__housing__homelessness,Homelessness,Housing,Control,Control,people,control,people,Dallas,,Dallas,,,English,annotations/v1_dallas/google_aio_collection/people/housing__homelessness.txt,11,258,2,2,0.7751937984496124,0.1818181818181818,bioscope-context-logreg-v1,People,1,1,1.4967998,1.4967998,0.7272727272727273,5.038759689922481,13,People,9
v1_dallas,Housing :: Homelessness,v1_dallas::people_with_disabilities__housing__homelessness,people_with_disabilities__housing__homelessness,Homelessness,Housing,Disability,Disability,People with disabilities,minority,minority,Dallas,,Dallas,,23:40,English,annotations/v1_dallas/google_aio_collection/people_with_disabilities/housing__homelessness.txt,10,204,0,0,0.0,0.0,bioscope-context-logreg-v1,Disability::Minority,0,0,,,0.6,4.901960784313726,10,Minority,10
v1_dallas,Housing :: Homelessness,v1_dallas::people_without_disabilities__housing__homelessness,people_without_disabilities__housing__homelessness,Homelessness,Housing,Disability,Disability,People without disabilities,majority,majority,Dallas,,Dallas,,00:16,English,annotations/v1_dallas/google_aio_collection/people_without_disabilities/housing__homelessness.txt,11,249,5,4,2.0080321285140563,0.3636363636363636,bioscope-context-logreg-v1,Disability::Majority,1,1,1.4967998,1.4967998,0.3636363636363636,4.819277108433735,12,Majority,7
v1_dallas,Housing :: Homelessness,v1_dallas::transgender_people__housing__homelessness,transgender_people__housing__homelessness,Homelessness,Housing,Gender Identity,Gender Identity,transgender people,minority,minority,Dallas,,Dallas,,,English,annotations/v1_dallas/google_aio_collection/transgender_people/housing__homelessness.txt,15,380,5,3,1.3157894736842106,0.2,bioscope-context-logreg-v1,Gender Identity::Minority,1,2,1.24637403,1.24637403,0.9333333333333332,8.421052631578947,32,Minority,12
v1_dallas,Housing :: Homelessness,v1_dallas::white_people__housing__homelessness,white_people__housing__homelessness,Homelessness,Housing,Race,Race,White people,majority,majority,Dallas,,Dallas,,,English,annotations/v1_dallas/google_aio_collection/white_people/housing__homelessness.txt,5,169,1,1,0.591715976331361,0.2,bioscope-context-logreg-v1,Race::Majority,1,2,-0.05570205,-0.05570205,0.4,2.366863905325444,4,Majority,4
v1_dallas,Housing :: Homelessness,v1_dallas::women__housing__homelessness,women__housing__homelessness,Homelessness,Housing,Gender,Gender,Women,minority,minority,Dallas,,Dallas,,,English,annotations/v1_dallas/google_aio_collection/women/housing__homelessness.txt,9,282,4,3,1.4184397163120568,0.3333333333333333,bioscope-context-logreg-v1,Gender::Minority,0,0,,,0.3333333333333333,3.191489361702128,9,Minority,6
v1_dallas,Housing :: Housing stability,v1_dallas::black_people__housing__housing_stability,black_people__housing__housing_stability,Housing stability,Housing,Race,Race,Black people,minority,minority,Dallas,,Dallas,,,English,annotations/v1_dallas/google_aio_collection/black_people/housing__housing_stability.txt,12,290,0,0,0.0,0.0,bioscope-context-logreg-v1,Race::Minority,0,0,,,0.3333333333333333,2.0689655172413794,6,Minority,12
v1_dallas,Housing :: Housing stability,v1_dallas::cisgender_people__housing__housing_stability,cisgender_people__housing__housing_stability,Housing stability,Housing,Gender Identity,Gender Identity,cisgender people,majority,majority,Dallas,,Dallas,,,English,annotations/v1_dallas/google_aio_collection/cisgender_people/housing__housing_stability.txt,10,204,1,1,0.4901960784313725,0.1,bioscope-context-logreg-v1,Gender Identity::Majority,1,1,-1.0458529,-1.0458529,0.6,4.901960784313726,10,Majority,9
v1_dallas,Housing :: Housing stability,v1_dallas::heterosexual_people__housing__housing_stability,heterosexual_people__housing__housing_stability,Housing stability,Housing,Sexual Orientation,Sexual Orientation,heterosexual people,majority,majority,Dallas,,Dallas,,,English,annotations/v1_dallas/google_aio_collection/heterosexual_people/housing__housing_stability.txt,10,203,4,3,1.9704433497536944,0.3,bioscope-context-logreg-v1,Sexual Orientation::Majority,0,0,,,0.7,6.896551724137931,14,Majority,7
v1_dallas,Housing :: Housing stability,v1_dallas::homosexual_people__housing__housing_stability,homosexual_people__housing__housing_stability,Housing stability,Housing,Sexual Orientation,Sexual Orientation,homosexual people,minority,minority,Dallas,,Dallas,,,English,annotations/v1_dallas/google_aio_collection/homosexual_people/housing__housing_stability.txt,12,338,5,3,1.4792899408284024,0.25,bioscope-context-logreg-v1,Sexual Orientation::Minority,1,1,0.22386,0.22386,0.75,3.5502958579881656,12,Minority,9
v1_dallas,Housing :: Housing stability,v1_dallas::latino_people__housing__housing_stability,latino_people__housing__housing_stability,Housing stability,Housing,Ethnicity,Ethnicity,Latino people,minority,minority,Dallas,,Dallas,,,English,annotations/v1_dallas/google_aio_collection/latino_people/housing__housing_stability.txt,17,451,4,4,0.8869179600886918,0.2352941176470588,bioscope-context-logreg-v1,Ethnicity::Minority,1,3,0.3971427999999999,0.22386,0.5882352941176471,3.76940133037694,17,Minority,13
v1_dallas,Housing :: Housing stability,v1_dallas::men__housing__housing_stability,men__housing__housing_stability,Housing stability,Housing,Gender,Gender,Men,majority,majority,Dallas,,Dallas,,,English,annotations/v1_dallas/google_aio_collection/men/housing__housing_stability.txt,16,296,2,2,0.6756756756756757,0.125,bioscope-context-logreg-v1,Gender::Majority,0,0,,,0.6875,7.432432432432432,22,Majority,14
v1_dallas,Housing :: Housing stability,v1_dallas::non_latino_people__housing__housing_stability,non_latino_people__housing__housing_stability,Housing stability,Housing,Ethnicity,Ethnicity,non-Latino people,majority,majority,Dallas,,Dallas,,,English,annotations/v1_dallas/google_aio_collection/non_latino_people/housing__housing_stability.txt,11,264,2,1,0.7575757575757576,0.0909090909090909,bioscope-context-logreg-v1,Ethnicity::Majority,1,1,-0.37246418,-0.37246418,0.4545454545454545,3.787878787878788,10,Majority,10
v1_dallas,Housing :: Housing stability,v1_dallas::people__housing__housing_stability,people__housing__housing_stability,Housing stability,Housing,Control,Control,people,control,people,Dallas,,Dallas,,,English,annotations/v1_dallas/google_aio_collection/people/housing__housing_stability.txt,13,278,1,1,0.3597122302158273,0.0769230769230769,bioscope-context-logreg-v1,People,1,1,1.4967998,1.4967998,0.6923076923076923,5.39568345323741,15,People,12
v1_dallas,Housing :: Housing stability,v1_dallas::people_with_disabilities__housing__housing_stability,people_with_disabilities__housing__housing_stability,Housing stability,Housing,Disability,Disability,People with disabilities,minority,minority,Dallas,,Dallas,,23:42,English,annotations/v1_dallas/google_aio_collection/people_with_disabilities/housing__housing_stability.txt,11,232,2,1,0.8620689655172413,0.0909090909090909,bioscope-context-logreg-v1,Disability::Minority,0,0,,,0.4545454545454545,3.4482758620689653,8,Minority,10
v1_dallas,Housing :: Housing stability,v1_dallas::people_without_disabilities__housing__housing_stability,people_without_disabilities__housing__housing_stability,Housing stability,Housing,Disability,Disability,People without disabilities,majority,majority,Dallas,,Dallas,,00:18,English,annotations/v1_dallas/google_aio_collection/people_without_disabilities/housing__housing_stability.txt,16,328,3,3,0.9146341463414634,0.1875,bioscope-context-logreg-v1,Disability::Majority,1,2,1.00851117,1.00851117,0.5625,3.963414634146341,13,Majority,13
v1_dallas,Housing :: Housing stability,v1_dallas::transgender_people__housing__housing_stability,transgender_people__housing__housing_stability,Housing stability,Housing,Gender Identity,Gender Identity,transgender people,minority,minority,Dallas,,Dallas,,,English,annotations/v1_dallas/google_aio_collection/transgender_people/housing__housing_stability.txt,13,281,5,4,1.7793594306049825,0.3076923076923077,bioscope-context-logreg-v1,Gender Identity::Minority,1,2,1.38858835,1.38858835,0.8461538461538461,9.252669039145909,26,Minority,9
v1_dallas,Housing :: Housing stability,v1_dallas::white_people__housing__housing_stability,white_people__housing__housing_stability,Housing stability,Housing,Race,Race,White people,majority,majority,Dallas,,Dallas,,,English,annotations/v1_dallas/google_aio_collection/white_people/housing__housing_stability.txt,12,216,2,2,0.925925925925926,0.1666666666666666,bioscope-context-logreg-v1,Race::Majority,1,1,-0.5292314,-0.5292314,0.5,3.240740740740741,7,Majority,10
v1_dallas,Housing :: Housing stability,v1_dallas::women__housing__housing_stability,women__housing__housing_stability,Housing stability,Housing,Gender,Gender,Women,minority,minority,Dallas,,Dallas,,,English,annotations/v1_dallas/google_aio_collection/women/housing__housing_stability.txt,21,535,3,2,0.5607476635514018,0.0952380952380952,bioscope-context-logreg-v1,Gender::Minority,0,0,,,0.3809523809523809,3.5514018691588785,19,Minority,19
