dimension,domain,outcome,comparison,membership,authority_category,source_count,source_share_within_membership
Disability,Credit & Financial Services,Access to banking services,majority_generic,a_only,academic_research,1,0.25
Disability,Credit & Financial Services,Access to banking services,majority_generic,a_only,government,1,0.25
Disability,Credit & Financial Services,Access to banking services,majority_generic,a_only,other,1,0.25
Disability,Credit & Financial Services,Access to banking services,majority_generic,a_only,policy_research,1,0.25
Disability,Credit & Financial Services,Access to banking services,majority_generic,b_only,academic_research,2,0.25
Disability,Credit & Financial Services,Access to banking services,majority_generic,b_only,commercial_service,1,0.125
Disability,Credit & Financial Services,Access to banking services,majority_generic,b_only,government,2,0.25
Disability,Credit & Financial Services,Access to banking services,majority_generic,b_only,intergovernmental,2,0.25
Disability,Credit & Financial Services,Access to banking services,majority_generic,b_only,nonprofit_general,1,0.125
Disability,Credit & Financial Services,Access to banking services,minority_generic,a_only,academic_research,2,0.2
Disability,Credit & Financial Services,Access to banking services,minority_generic,a_only,commercial_service,4,0.4
Disability,Credit & Financial Services,Access to banking services,minority_generic,a_only,government,1,0.1
Disability,Credit & Financial Services,Access to banking services,minority_generic,a_only,nonprofit_general,1,0.1
Disability,Credit & Financial Services,Access to banking services,minority_generic,a_only,policy_research,1,0.1
Disability,Credit & Financial Services,Access to banking services,minority_generic,a_only,social_platform,1,0.1
Disability,Credit & Financial Services,Access to banking services,minority_generic,b_only,academic_research,2,0.25
Disability,Credit & Financial Services,Access to banking services,minority_generic,b_only,commercial_service,1,0.125
Disability,Credit & Financial Services,Access to banking services,minority_generic,b_only,government,2,0.25
Disability,Credit & Financial Services,Access to banking services,minority_generic,b_only,intergovernmental,2,0.25
Disability,Credit & Financial Services,Access to banking services,minority_generic,b_only,nonprofit_general,1,0.125
Disability,Credit & Financial Services,Access to banking services,minority_majority,a_only,academic_research,2,0.2
Disability,Credit & Financial Services,Access to banking services,minority_majority,a_only,commercial_service,4,0.4
Disability,Credit & Financial Services,Access to banking services,minority_majority,a_only,government,1,0.1
Disability,Credit & Financial Services,Access to banking services,minority_majority,a_only,nonprofit_general,1,0.1
Disability,Credit & Financial Services,Access to banking services,minority_majority,a_only,policy_research,1,0.1
Disability,Credit & Financial Services,Access to banking services,minority_majority,a_only,social_platform,1,0.1
Disability,Credit & Financial Services,Access to banking services,minority_majority,b_only,academic_research,1,0.25
Disability,Credit & Financial Services,Access to banking services,minority_majority,b_only,government,1,0.25
Disability,Credit & Financial Services,Access to banking services,minority_majority,b_only,other,1,0.25
Disability,Credit & Financial Services,Access to banking services,minority_majority,b_only,policy_research,1,0.25
Disability,Credit & Financial Services,Access to credit,majority_generic,a_only,academic_research,1,0.5
Disability,Credit & Financial Services,Access to credit,majority_generic,a_only,government,1,0.5
Disability,Credit & Financial Services,Access to credit,majority_generic,b_only,commercial_service,1,0.2
Disability,Credit & Financial Services,Access to credit,majority_generic,b_only,government,1,0.2
Disability,Credit & Financial Services,Access to credit,majority_generic,b_only,nonprofit_general,2,0.4
Disability,Credit & Financial Services,Access to credit,majority_generic,b_only,policy_research,1,0.2
Disability,Credit & Financial Services,Access to credit,majority_generic,shared,nonprofit_general,1,1.0
Disability,Credit & Financial Services,Access to credit,minority_generic,a_only,commercial_service,1,0.2
Disability,Credit & Financial Services,Access to credit,minority_generic,a_only,government,1,0.2
Disability,Credit & Financial Services,Access to credit,minority_generic,a_only,nonprofit_general,2,0.4
Disability,Credit & Financial Services,Access to credit,minority_generic,a_only,policy_research,1,0.2
Disability,Credit & Financial Services,Access to credit,minority_generic,b_only,commercial_service,1,0.16666666666666666
Disability,Credit & Financial Services,Access to credit,minority_generic,b_only,government,1,0.16666666666666666
Disability,Credit & Financial Services,Access to credit,minority_generic,b_only,nonprofit_general,3,0.5
Disability,Credit & Financial Services,Access to credit,minority_generic,b_only,policy_research,1,0.16666666666666666
Disability,Credit & Financial Services,Access to credit,minority_majority,a_only,commercial_service,1,0.2
Disability,Credit & Financial Services,Access to credit,minority_majority,a_only,government,1,0.2
Disability,Credit & Financial Services,Access to credit,minority_majority,a_only,nonprofit_general,2,0.4
Disability,Credit & Financial Services,Access to credit,minority_majority,a_only,policy_research,1,0.2
Disability,Credit & Financial Services,Access to credit,minority_majority,b_only,academic_research,1,0.3333333333333333
Disability,Credit & Financial Services,Access to credit,minority_majority,b_only,government,1,0.3333333333333333
Disability,Credit & Financial Services,Access to credit,minority_majority,b_only,nonprofit_general,1,0.3333333333333333
Disability,Credit & Financial Services,Credit/loan approval,majority_generic,a_only,academic_research,2,0.5
Disability,Credit & Financial Services,Credit/loan approval,majority_generic,a_only,commercial_service,1,0.25
Disability,Credit & Financial Services,Credit/loan approval,majority_generic,a_only,policy_research,1,0.25
Disability,Credit & Financial Services,Credit/loan approval,majority_generic,b_only,commercial_service,6,0.5454545454545454
Disability,Credit & Financial Services,Credit/loan approval,majority_generic,b_only,nonprofit_general,4,0.36363636363636365
Disability,Credit & Financial Services,Credit/loan approval,majority_generic,b_only,other,1,0.09090909090909091
Disability,Credit & Financial Services,Credit/loan approval,minority_generic,a_only,commercial_service,1,0.14285714285714285
Disability,Credit & Financial Services,Credit/loan approval,minority_generic,a_only,government,3,0.42857142857142855
Disability,Credit & Financial Services,Credit/loan approval,minority_generic,a_only,nonprofit_general,2,0.2857142857142857
Disability,Credit & Financial Services,Credit/loan approval,minority_generic,a_only,policy_research,1,0.14285714285714285
Disability,Credit & Financial Services,Credit/loan approval,minority_generic,b_only,commercial_service,6,0.5454545454545454
Disability,Credit & Financial Services,Credit/loan approval,minority_generic,b_only,nonprofit_general,4,0.36363636363636365
Disability,Credit & Financial Services,Credit/loan approval,minority_generic,b_only,other,1,0.09090909090909091
Disability,Credit & Financial Services,Credit/loan approval,minority_majority,a_only,commercial_service,1,0.14285714285714285
Disability,Credit & Financial Services,Credit/loan approval,minority_majority,a_only,government,3,0.42857142857142855
Disability,Credit & Financial Services,Credit/loan approval,minority_majority,a_only,nonprofit_general,2,0.2857142857142857
Disability,Credit & Financial Services,Credit/loan approval,minority_majority,a_only,policy_research,1,0.14285714285714285
Disability,Credit & Financial Services,Credit/loan approval,minority_majority,b_only,academic_research,2,0.5
Disability,Credit & Financial Services,Credit/loan approval,minority_majority,b_only,commercial_service,1,0.25
Disability,Credit & Financial Services,Credit/loan approval,minority_majority,b_only,policy_research,1,0.25
Disability,Criminal Justice,Arrest / detention by police,majority_generic,a_only,academic_research,1,0.16666666666666666
Disability,Criminal Justice,Arrest / detention by police,majority_generic,a_only,advocacy_community,1,0.16666666666666666
Disability,Criminal Justice,Arrest / detention by police,majority_generic,a_only,government,3,0.5
Disability,Criminal Justice,Arrest / detention by police,majority_generic,a_only,nonprofit_general,1,0.16666666666666666
Disability,Criminal Justice,Arrest / detention by police,majority_generic,b_only,academic_research,1,0.14285714285714285
Disability,Criminal Justice,Arrest / detention by police,majority_generic,b_only,advocacy_community,1,0.14285714285714285
Disability,Criminal Justice,Arrest / detention by police,majority_generic,b_only,commercial_service,1,0.14285714285714285
Disability,Criminal Justice,Arrest / detention by police,majority_generic,b_only,government,2,0.2857142857142857
Disability,Criminal Justice,Arrest / detention by police,majority_generic,b_only,social_platform,2,0.2857142857142857
Disability,Criminal Justice,Arrest / detention by police,majority_generic,shared,government,3,1.0
Disability,Criminal Justice,Arrest / detention by police,minority_generic,a_only,academic_research,2,0.25
Disability,Criminal Justice,Arrest / detention by police,minority_generic,a_only,advocacy_community,1,0.125
Disability,Criminal Justice,Arrest / detention by police,minority_generic,a_only,commercial_service,1,0.125
Disability,Criminal Justice,Arrest / detention by police,minority_generic,a_only,government,1,0.125
Disability,Criminal Justice,Arrest / detention by police,minority_generic,a_only,nonprofit_general,3,0.375
Disability,Criminal Justice,Arrest / detention by police,minority_generic,b_only,academic_research,1,0.1
Disability,Criminal Justice,Arrest / detention by police,minority_generic,b_only,advocacy_community,1,0.1
Disability,Criminal Justice,Arrest / detention by police,minority_generic,b_only,commercial_service,1,0.1
Disability,Criminal Justice,Arrest / detention by police,minority_generic,b_only,government,5,0.5
Disability,Criminal Justice,Arrest / detention by police,minority_generic,b_only,social_platform,2,0.2
Disability,Criminal Justice,Arrest / detention by police,minority_majority,a_only,academic_research,2,0.25
Disability,Criminal Justice,Arrest / detention by police,minority_majority,a_only,advocacy_community,1,0.125
Disability,Criminal Justice,Arrest / detention by police,minority_majority,a_only,commercial_service,1,0.125
Disability,Criminal Justice,Arrest / detention by police,minority_majority,a_only,government,1,0.125
Disability,Criminal Justice,Arrest / detention by police,minority_majority,a_only,nonprofit_general,3,0.375
Disability,Criminal Justice,Arrest / detention by police,minority_majority,b_only,academic_research,1,0.1111111111111111
Disability,Criminal Justice,Arrest / detention by police,minority_majority,b_only,advocacy_community,1,0.1111111111111111
Disability,Criminal Justice,Arrest / detention by police,minority_majority,b_only,government,6,0.6666666666666666
Disability,Criminal Justice,Arrest / detention by police,minority_majority,b_only,nonprofit_general,1,0.1111111111111111
Disability,Criminal Justice,Incarceration,majority_generic,b_only,academic_research,2,0.25
Disability,Criminal Justice,Incarceration,majority_generic,b_only,advocacy_community,1,0.125
Disability,Criminal Justice,Incarceration,majority_generic,b_only,commercial_service,1,0.125
Disability,Criminal Justice,Incarceration,majority_generic,b_only,government,1,0.125
Disability,Criminal Justice,Incarceration,majority_generic,b_only,nonprofit_general,2,0.25
Disability,Criminal Justice,Incarceration,majority_generic,b_only,social_platform,1,0.125
Disability,Criminal Justice,Incarceration,minority_generic,a_only,academic_research,2,0.2222222222222222
Disability,Criminal Justice,Incarceration,minority_generic,a_only,advocacy_community,2,0.2222222222222222
Disability,Criminal Justice,Incarceration,minority_generic,a_only,government,1,0.1111111111111111
Disability,Criminal Justice,Incarceration,minority_generic,a_only,nonprofit_general,4,0.4444444444444444
Disability,Criminal Justice,Incarceration,minority_generic,b_only,academic_research,2,0.25
Disability,Criminal Justice,Incarceration,minority_generic,b_only,advocacy_community,1,0.125
Disability,Criminal Justice,Incarceration,minority_generic,b_only,commercial_service,1,0.125
Disability,Criminal Justice,Incarceration,minority_generic,b_only,government,1,0.125
Disability,Criminal Justice,Incarceration,minority_generic,b_only,nonprofit_general,2,0.25
Disability,Criminal Justice,Incarceration,minority_generic,b_only,social_platform,1,0.125
Disability,Criminal Justice,Incarceration,minority_majority,a_only,academic_research,2,0.2222222222222222
Disability,Criminal Justice,Incarceration,minority_majority,a_only,advocacy_community,2,0.2222222222222222
Disability,Criminal Justice,Incarceration,minority_majority,a_only,government,1,0.1111111111111111
Disability,Criminal Justice,Incarceration,minority_majority,a_only,nonprofit_general,4,0.4444444444444444
Disability,Criminal Justice,Police use of force,majority_generic,a_only,academic_research,2,0.6666666666666666
Disability,Criminal Justice,Police use of force,majority_generic,a_only,government,1,0.3333333333333333
Disability,Criminal Justice,Police use of force,majority_generic,b_only,academic_research,2,0.25
Disability,Criminal Justice,Police use of force,majority_generic,b_only,commercial_service,1,0.125
Disability,Criminal Justice,Police use of force,majority_generic,b_only,government,4,0.5
Disability,Criminal Justice,Police use of force,majority_generic,b_only,nonprofit_general,1,0.125
Disability,Criminal Justice,Police use of force,majority_generic,shared,academic_research,1,1.0
Disability,Criminal Justice,Police use of force,minority_generic,a_only,academic_research,1,0.14285714285714285
Disability,Criminal Justice,Police use of force,minority_generic,a_only,nonprofit_general,2,0.2857142857142857
Disability,Criminal Justice,Police use of force,minority_generic,a_only,other,1,0.14285714285714285
Disability,Criminal Justice,Police use of force,minority_generic,a_only,policy_research,1,0.14285714285714285
Disability,Criminal Justice,Police use of force,minority_generic,a_only,social_platform,2,0.2857142857142857
Disability,Criminal Justice,Police use of force,minority_generic,b_only,academic_research,3,0.3333333333333333
Disability,Criminal Justice,Police use of force,minority_generic,b_only,commercial_service,1,0.1111111111111111
Disability,Criminal Justice,Police use of force,minority_generic,b_only,government,4,0.4444444444444444
Disability,Criminal Justice,Police use of force,minority_generic,b_only,nonprofit_general,1,0.1111111111111111
Disability,Criminal Justice,Police use of force,minority_majority,a_only,academic_research,1,0.14285714285714285
Disability,Criminal Justice,Police use of force,minority_majority,a_only,nonprofit_general,2,0.2857142857142857
Disability,Criminal Justice,Police use of force,minority_majority,a_only,other,1,0.14285714285714285
Disability,Criminal Justice,Police use of force,minority_majority,a_only,policy_research,1,0.14285714285714285
Disability,Criminal Justice,Police use of force,minority_majority,a_only,social_platform,2,0.2857142857142857
Disability,Criminal Justice,Police use of force,minority_majority,b_only,academic_research,3,0.75
Disability,Criminal Justice,Police use of force,minority_majority,b_only,government,1,0.25
Disability,Education,College access/admission,majority_generic,b_only,academic_research,1,0.16666666666666666
Disability,Education,College access/admission,majority_generic,b_only,commercial_service,1,0.16666666666666666
Disability,Education,College access/admission,majority_generic,b_only,government,1,0.16666666666666666
Disability,Education,College access/admission,majority_generic,b_only,news_media,1,0.16666666666666666
Disability,Education,College access/admission,majority_generic,b_only,nonprofit_general,2,0.3333333333333333
Disability,Education,College access/admission,minority_generic,a_only,academic_research,1,0.1111111111111111
Disability,Education,College access/admission,minority_generic,a_only,government,2,0.2222222222222222
Disability,Education,College access/admission,minority_generic,a_only,nonprofit_general,5,0.5555555555555556
Disability,Education,College access/admission,minority_generic,a_only,professional_association,1,0.1111111111111111
Disability,Education,College access/admission,minority_generic,b_only,academic_research,1,0.16666666666666666
Disability,Education,College access/admission,minority_generic,b_only,commercial_service,1,0.16666666666666666
Disability,Education,College access/admission,minority_generic,b_only,government,1,0.16666666666666666
Disability,Education,College access/admission,minority_generic,b_only,news_media,1,0.16666666666666666
Disability,Education,College access/admission,minority_generic,b_only,nonprofit_general,2,0.3333333333333333
Disability,Education,College access/admission,minority_majority,a_only,academic_research,1,0.1111111111111111
Disability,Education,College access/admission,minority_majority,a_only,government,2,0.2222222222222222
Disability,Education,College access/admission,minority_majority,a_only,nonprofit_general,5,0.5555555555555556
Disability,Education,College access/admission,minority_majority,a_only,professional_association,1,0.1111111111111111
Disability,Education,Educational opportunity/access,majority_generic,a_only,commercial_service,1,0.3333333333333333
Disability,Education,Educational opportunity/access,majority_generic,a_only,nonprofit_general,1,0.3333333333333333
Disability,Education,Educational opportunity/access,majority_generic,a_only,policy_research,1,0.3333333333333333
Disability,Education,Educational opportunity/access,majority_generic,b_only,academic_research,1,0.16666666666666666
Disability,Education,Educational opportunity/access,majority_generic,b_only,commercial_service,2,0.3333333333333333
Disability,Education,Educational opportunity/access,majority_generic,b_only,government,1,0.16666666666666666
Disability,Education,Educational opportunity/access,majority_generic,b_only,nonprofit_general,1,0.16666666666666666
Disability,Education,Educational opportunity/access,majority_generic,b_only,other,1,0.16666666666666666
Disability,Education,Educational opportunity/access,minority_generic,a_only,academic_research,2,0.2
Disability,Education,Educational opportunity/access,minority_generic,a_only,commercial_service,1,0.1
Disability,Education,Educational opportunity/access,minority_generic,a_only,government,1,0.1
Disability,Education,Educational opportunity/access,minority_generic,a_only,nonprofit_general,5,0.5
Disability,Education,Educational opportunity/access,minority_generic,a_only,other,1,0.1
Disability,Education,Educational opportunity/access,minority_generic,b_only,academic_research,1,0.16666666666666666
Disability,Education,Educational opportunity/access,minority_generic,b_only,commercial_service,2,0.3333333333333333
Disability,Education,Educational opportunity/access,minority_generic,b_only,government,1,0.16666666666666666
Disability,Education,Educational opportunity/access,minority_generic,b_only,nonprofit_general,1,0.16666666666666666
Disability,Education,Educational opportunity/access,minority_generic,b_only,other,1,0.16666666666666666
Disability,Education,Educational opportunity/access,minority_majority,a_only,academic_research,2,0.2
Disability,Education,Educational opportunity/access,minority_majority,a_only,commercial_service,1,0.1
Disability,Education,Educational opportunity/access,minority_majority,a_only,government,1,0.1
Disability,Education,Educational opportunity/access,minority_majority,a_only,nonprofit_general,5,0.5
Disability,Education,Educational opportunity/access,minority_majority,a_only,other,1,0.1
Disability,Education,Educational opportunity/access,minority_majority,b_only,commercial_service,1,0.3333333333333333
Disability,Education,Educational opportunity/access,minority_majority,b_only,nonprofit_general,1,0.3333333333333333
Disability,Education,Educational opportunity/access,minority_majority,b_only,policy_research,1,0.3333333333333333
Disability,Education,Harassment/bullying,majority_generic,a_only,government,3,0.5
Disability,Education,Harassment/bullying,majority_generic,a_only,nonprofit_general,1,0.16666666666666666
Disability,Education,Harassment/bullying,majority_generic,a_only,other,1,0.16666666666666666
Disability,Education,Harassment/bullying,majority_generic,a_only,social_platform,1,0.16666666666666666
Disability,Education,Harassment/bullying,majority_generic,b_only,academic_research,4,0.3333333333333333
Disability,Education,Harassment/bullying,majority_generic,b_only,government,2,0.16666666666666666
Disability,Education,Harassment/bullying,majority_generic,b_only,intergovernmental,2,0.16666666666666666
Disability,Education,Harassment/bullying,majority_generic,b_only,nonprofit_general,1,0.08333333333333333
Disability,Education,Harassment/bullying,majority_generic,b_only,other,2,0.16666666666666666
Disability,Education,Harassment/bullying,majority_generic,b_only,social_platform,1,0.08333333333333333
Disability,Education,Harassment/bullying,minority_generic,a_only,academic_research,1,0.1111111111111111
Disability,Education,Harassment/bullying,minority_generic,a_only,commercial_service,3,0.3333333333333333
Disability,Education,Harassment/bullying,minority_generic,a_only,government,2,0.2222222222222222
Disability,Education,Harassment/bullying,minority_generic,a_only,nonprofit_general,2,0.2222222222222222
Disability,Education,Harassment/bullying,minority_generic,a_only,social_platform,1,0.1111111111111111
Disability,Education,Harassment/bullying,minority_generic,b_only,academic_research,4,0.3333333333333333
Disability,Education,Harassment/bullying,minority_generic,b_only,government,2,0.16666666666666666
Disability,Education,Harassment/bullying,minority_generic,b_only,intergovernmental,2,0.16666666666666666
Disability,Education,Harassment/bullying,minority_generic,b_only,nonprofit_general,1,0.08333333333333333
Disability,Education,Harassment/bullying,minority_generic,b_only,other,2,0.16666666666666666
Disability,Education,Harassment/bullying,minority_generic,b_only,social_platform,1,0.08333333333333333
Disability,Education,Harassment/bullying,minority_majority,a_only,academic_research,1,0.125
Disability,Education,Harassment/bullying,minority_majority,a_only,commercial_service,3,0.375
Disability,Education,Harassment/bullying,minority_majority,a_only,government,1,0.125
Disability,Education,Harassment/bullying,minority_majority,a_only,nonprofit_general,2,0.25
Disability,Education,Harassment/bullying,minority_majority,a_only,social_platform,1,0.125
Disability,Education,Harassment/bullying,minority_majority,b_only,government,2,0.4
Disability,Education,Harassment/bullying,minority_majority,b_only,nonprofit_general,1,0.2
Disability,Education,Harassment/bullying,minority_majority,b_only,other,1,0.2
Disability,Education,Harassment/bullying,minority_majority,b_only,social_platform,1,0.2
Disability,Education,Harassment/bullying,minority_majority,shared,government,1,1.0
Disability,Employment,Career advancement,majority_generic,b_only,academic_research,1,0.2
Disability,Employment,Career advancement,majority_generic,b_only,commercial_service,1,0.2
Disability,Employment,Career advancement,majority_generic,b_only,government,1,0.2
Disability,Employment,Career advancement,majority_generic,b_only,news_media,1,0.2
Disability,Employment,Career advancement,majority_generic,b_only,social_platform,1,0.2
Disability,Employment,Career advancement,minority_generic,a_only,academic_research,2,0.2
Disability,Employment,Career advancement,minority_generic,a_only,commercial_service,2,0.2
Disability,Employment,Career advancement,minority_generic,a_only,government,1,0.1
Disability,Employment,Career advancement,minority_generic,a_only,nonprofit_general,4,0.4
Disability,Employment,Career advancement,minority_generic,a_only,other,1,0.1
Disability,Employment,Career advancement,minority_generic,b_only,academic_research,1,0.2
Disability,Employment,Career advancement,minority_generic,b_only,commercial_service,1,0.2
Disability,Employment,Career advancement,minority_generic,b_only,government,1,0.2
Disability,Employment,Career advancement,minority_generic,b_only,news_media,1,0.2
Disability,Employment,Career advancement,minority_generic,b_only,social_platform,1,0.2
Disability,Employment,Career advancement,minority_majority,a_only,academic_research,2,0.2
Disability,Employment,Career advancement,minority_majority,a_only,commercial_service,2,0.2
Disability,Employment,Career advancement,minority_majority,a_only,government,1,0.1
Disability,Employment,Career advancement,minority_majority,a_only,nonprofit_general,4,0.4
Disability,Employment,Career advancement,minority_majority,a_only,other,1,0.1
Disability,Employment,Hiring,majority_generic,a_only,commercial_service,1,0.3333333333333333
Disability,Employment,Hiring,majority_generic,a_only,nonprofit_general,1,0.3333333333333333
Disability,Employment,Hiring,majority_generic,a_only,other,1,0.3333333333333333
Disability,Employment,Hiring,majority_generic,b_only,academic_research,1,0.08333333333333333
Disability,Employment,Hiring,majority_generic,b_only,commercial_service,5,0.4166666666666667
Disability,Employment,Hiring,majority_generic,b_only,other,3,0.25
Disability,Employment,Hiring,majority_generic,b_only,social_platform,3,0.25
Disability,Employment,Hiring,minority_generic,a_only,commercial_service,3,0.25
Disability,Employment,Hiring,minority_generic,a_only,government,4,0.3333333333333333
Disability,Employment,Hiring,minority_generic,a_only,news_media,1,0.08333333333333333
Disability,Employment,Hiring,minority_generic,a_only,nonprofit_general,4,0.3333333333333333
Disability,Employment,Hiring,minority_generic,b_only,academic_research,1,0.08333333333333333
Disability,Employment,Hiring,minority_generic,b_only,commercial_service,5,0.4166666666666667
Disability,Employment,Hiring,minority_generic,b_only,other,3,0.25
Disability,Employment,Hiring,minority_generic,b_only,social_platform,3,0.25
Disability,Employment,Hiring,minority_majority,a_only,commercial_service,3,0.25
Disability,Employment,Hiring,minority_majority,a_only,government,4,0.3333333333333333
Disability,Employment,Hiring,minority_majority,a_only,news_media,1,0.08333333333333333
Disability,Employment,Hiring,minority_majority,a_only,nonprofit_general,4,0.3333333333333333
Disability,Employment,Hiring,minority_majority,b_only,commercial_service,1,0.3333333333333333
Disability,Employment,Hiring,minority_majority,b_only,nonprofit_general,1,0.3333333333333333
Disability,Employment,Hiring,minority_majority,b_only,other,1,0.3333333333333333
Disability,Employment,Workplace harassment,majority_generic,b_only,advocacy_community,1,0.2
Disability,Employment,Workplace harassment,majority_generic,b_only,commercial_service,2,0.4
Disability,Employment,Workplace harassment,majority_generic,b_only,government,1,0.2
Disability,Employment,Workplace harassment,majority_generic,b_only,other,1,0.2
Disability,Employment,Workplace harassment,majority_generic,shared,commercial_service,1,0.5
Disability,Employment,Workplace harassment,majority_generic,shared,government,1,0.5
Disability,Employment,Workplace harassment,minority_generic,a_only,commercial_service,3,0.375
Disability,Employment,Workplace harassment,minority_generic,a_only,government,1,0.125
Disability,Employment,Workplace harassment,minority_generic,a_only,nonprofit_general,3,0.375
Disability,Employment,Workplace harassment,minority_generic,a_only,other,1,0.125
Disability,Employment,Workplace harassment,minority_generic,b_only,advocacy_community,1,0.14285714285714285
Disability,Employment,Workplace harassment,minority_generic,b_only,commercial_service,3,0.42857142857142855
Disability,Employment,Workplace harassment,minority_generic,b_only,government,2,0.2857142857142857
Disability,Employment,Workplace harassment,minority_generic,b_only,other,1,0.14285714285714285
Disability,Employment,Workplace harassment,minority_majority,a_only,commercial_service,3,0.375
Disability,Employment,Workplace harassment,minority_majority,a_only,government,1,0.125
Disability,Employment,Workplace harassment,minority_majority,a_only,nonprofit_general,3,0.375
Disability,Employment,Workplace harassment,minority_majority,a_only,other,1,0.125
Disability,Employment,Workplace harassment,minority_majority,b_only,commercial_service,1,0.5
Disability,Employment,Workplace harassment,minority_majority,b_only,government,1,0.5
Disability,Government Benefits,Access to government benefits,majority_generic,a_only,academic_research,1,0.3333333333333333
Disability,Government Benefits,Access to government benefits,majority_generic,a_only,advocacy_community,1,0.3333333333333333
Disability,Government Benefits,Access to government benefits,majority_generic,a_only,government,1,0.3333333333333333
Disability,Government Benefits,Access to government benefits,majority_generic,b_only,academic_research,4,0.5
Disability,Government Benefits,Access to government benefits,majority_generic,b_only,government,2,0.25
Disability,Government Benefits,Access to government benefits,majority_generic,b_only,nonprofit_general,2,0.25
Disability,Government Benefits,Access to government benefits,majority_generic,shared,nonprofit_general,1,0.5
Disability,Government Benefits,Access to government benefits,majority_generic,shared,policy_research,1,0.5
Disability,Government Benefits,Access to government benefits,minority_generic,a_only,academic_research,2,0.2
Disability,Government Benefits,Access to government benefits,minority_generic,a_only,advocacy_community,1,0.1
Disability,Government Benefits,Access to government benefits,minority_generic,a_only,government,3,0.3
Disability,Government Benefits,Access to government benefits,minority_generic,a_only,nonprofit_general,2,0.2
Disability,Government Benefits,Access to government benefits,minority_generic,a_only,policy_research,2,0.2
Disability,Government Benefits,Access to government benefits,minority_generic,b_only,academic_research,4,0.4
Disability,Government Benefits,Access to government benefits,minority_generic,b_only,government,2,0.2
Disability,Government Benefits,Access to government benefits,minority_generic,b_only,nonprofit_general,3,0.3
Disability,Government Benefits,Access to government benefits,minority_generic,b_only,policy_research,1,0.1
Disability,Government Benefits,Access to government benefits,minority_majority,a_only,academic_research,1,0.14285714285714285
Disability,Government Benefits,Access to government benefits,minority_majority,a_only,government,2,0.2857142857142857
Disability,Government Benefits,Access to government benefits,minority_majority,a_only,nonprofit_general,2,0.2857142857142857
Disability,Government Benefits,Access to government benefits,minority_majority,a_only,policy_research,2,0.2857142857142857
Disability,Government Benefits,Access to government benefits,minority_majority,b_only,nonprofit_general,1,0.5
Disability,Government Benefits,Access to government benefits,minority_majority,b_only,policy_research,1,0.5
Disability,Government Benefits,Access to government benefits,minority_majority,shared,academic_research,1,0.3333333333333333
Disability,Government Benefits,Access to government benefits,minority_majority,shared,advocacy_community,1,0.3333333333333333
Disability,Government Benefits,Access to government benefits,minority_majority,shared,government,1,0.3333333333333333
Disability,Government Benefits,Application/approval,majority_generic,a_only,commercial_service,8,0.6153846153846154
Disability,Government Benefits,Application/approval,majority_generic,a_only,government,1,0.07692307692307693
Disability,Government Benefits,Application/approval,majority_generic,a_only,intergovernmental,1,0.07692307692307693
Disability,Government Benefits,Application/approval,majority_generic,a_only,other,3,0.23076923076923078
Disability,Government Benefits,Application/approval,majority_generic,b_only,academic_research,1,0.08333333333333333
Disability,Government Benefits,Application/approval,majority_generic,b_only,commercial_service,1,0.08333333333333333
Disability,Government Benefits,Application/approval,majority_generic,b_only,government,1,0.08333333333333333
Disability,Government Benefits,Application/approval,majority_generic,b_only,news_media,1,0.08333333333333333
Disability,Government Benefits,Application/approval,majority_generic,b_only,nonprofit_general,7,0.5833333333333334
Disability,Government Benefits,Application/approval,majority_generic,b_only,policy_research,1,0.08333333333333333
Disability,Government Benefits,Application/approval,minority_generic,a_only,commercial_service,7,0.7
Disability,Government Benefits,Application/approval,minority_generic,a_only,government,1,0.1
Disability,Government Benefits,Application/approval,minority_generic,a_only,nonprofit_general,1,0.1
Disability,Government Benefits,Application/approval,minority_generic,a_only,social_platform,1,0.1
Disability,Government Benefits,Application/approval,minority_generic,b_only,academic_research,1,0.08333333333333333
Disability,Government Benefits,Application/approval,minority_generic,b_only,commercial_service,1,0.08333333333333333
Disability,Government Benefits,Application/approval,minority_generic,b_only,government,1,0.08333333333333333
Disability,Government Benefits,Application/approval,minority_generic,b_only,news_media,1,0.08333333333333333
Disability,Government Benefits,Application/approval,minority_generic,b_only,nonprofit_general,7,0.5833333333333334
Disability,Government Benefits,Application/approval,minority_generic,b_only,policy_research,1,0.08333333333333333
Disability,Government Benefits,Application/approval,minority_majority,a_only,commercial_service,6,0.6666666666666666
Disability,Government Benefits,Application/approval,minority_majority,a_only,government,1,0.1111111111111111
Disability,Government Benefits,Application/approval,minority_majority,a_only,nonprofit_general,1,0.1111111111111111
Disability,Government Benefits,Application/approval,minority_majority,a_only,social_platform,1,0.1111111111111111
Disability,Government Benefits,Application/approval,minority_majority,b_only,commercial_service,7,0.5833333333333334
Disability,Government Benefits,Application/approval,minority_majority,b_only,government,1,0.08333333333333333
Disability,Government Benefits,Application/approval,minority_majority,b_only,intergovernmental,1,0.08333333333333333
Disability,Government Benefits,Application/approval,minority_majority,b_only,other,3,0.25
Disability,Government Benefits,Application/approval,minority_majority,shared,commercial_service,1,1.0
Disability,Government Benefits,Benefit retention / renewal,majority_generic,a_only,advocacy_community,1,0.2
Disability,Government Benefits,Benefit retention / renewal,majority_generic,a_only,government,2,0.4
Disability,Government Benefits,Benefit retention / renewal,majority_generic,a_only,policy_research,2,0.4
Disability,Government Benefits,Benefit retention / renewal,majority_generic,b_only,academic_research,1,0.07692307692307693
Disability,Government Benefits,Benefit retention / renewal,majority_generic,b_only,commercial_service,4,0.3076923076923077
Disability,Government Benefits,Benefit retention / renewal,majority_generic,b_only,nonprofit_general,2,0.15384615384615385
Disability,Government Benefits,Benefit retention / renewal,majority_generic,b_only,policy_research,5,0.38461538461538464
Disability,Government Benefits,Benefit retention / renewal,majority_generic,b_only,social_platform,1,0.07692307692307693
Disability,Government Benefits,Benefit retention / renewal,minority_generic,a_only,academic_research,1,0.06666666666666667
Disability,Government Benefits,Benefit retention / renewal,minority_generic,a_only,advocacy_community,1,0.06666666666666667
Disability,Government Benefits,Benefit retention / renewal,minority_generic,a_only,commercial_service,3,0.2
Disability,Government Benefits,Benefit retention / renewal,minority_generic,a_only,government,5,0.3333333333333333
Disability,Government Benefits,Benefit retention / renewal,minority_generic,a_only,nonprofit_general,1,0.06666666666666667
Disability,Government Benefits,Benefit retention / renewal,minority_generic,a_only,other,1,0.06666666666666667
Disability,Government Benefits,Benefit retention / renewal,minority_generic,a_only,policy_research,2,0.13333333333333333
Disability,Government Benefits,Benefit retention / renewal,minority_generic,a_only,social_platform,1,0.06666666666666667
Disability,Government Benefits,Benefit retention / renewal,minority_generic,b_only,academic_research,1,0.09090909090909091
Disability,Government Benefits,Benefit retention / renewal,minority_generic,b_only,commercial_service,2,0.18181818181818182
Disability,Government Benefits,Benefit retention / renewal,minority_generic,b_only,nonprofit_general,2,0.18181818181818182
Disability,Government Benefits,Benefit retention / renewal,minority_generic,b_only,policy_research,5,0.45454545454545453
Disability,Government Benefits,Benefit retention / renewal,minority_generic,b_only,social_platform,1,0.09090909090909091
Disability,Government Benefits,Benefit retention / renewal,minority_generic,shared,commercial_service,2,1.0
Disability,Government Benefits,Benefit retention / renewal,minority_majority,a_only,academic_research,1,0.07142857142857142
Disability,Government Benefits,Benefit retention / renewal,minority_majority,a_only,advocacy_community,1,0.07142857142857142
Disability,Government Benefits,Benefit retention / renewal,minority_majority,a_only,commercial_service,5,0.35714285714285715
Disability,Government Benefits,Benefit retention / renewal,minority_majority,a_only,government,3,0.21428571428571427
Disability,Government Benefits,Benefit retention / renewal,minority_majority,a_only,nonprofit_general,1,0.07142857142857142
Disability,Government Benefits,Benefit retention / renewal,minority_majority,a_only,other,1,0.07142857142857142
Disability,Government Benefits,Benefit retention / renewal,minority_majority,a_only,policy_research,1,0.07142857142857142
Disability,Government Benefits,Benefit retention / renewal,minority_majority,a_only,social_platform,1,0.07142857142857142
Disability,Government Benefits,Benefit retention / renewal,minority_majority,b_only,advocacy_community,1,0.5
Disability,Government Benefits,Benefit retention / renewal,minority_majority,b_only,policy_research,1,0.5
Disability,Government Benefits,Benefit retention / renewal,minority_majority,shared,government,2,0.6666666666666666
Disability,Government Benefits,Benefit retention / renewal,minority_majority,shared,policy_research,1,0.3333333333333333
Disability,Healthcare,Insurance coverage,majority_generic,a_only,academic_research,1,0.14285714285714285
Disability,Healthcare,Insurance coverage,majority_generic,a_only,government,5,0.7142857142857143
Disability,Healthcare,Insurance coverage,majority_generic,a_only,policy_research,1,0.14285714285714285
Disability,Healthcare,Insurance coverage,majority_generic,b_only,academic_research,2,0.15384615384615385
Disability,Healthcare,Insurance coverage,majority_generic,b_only,commercial_service,3,0.23076923076923078
Disability,Healthcare,Insurance coverage,majority_generic,b_only,government,7,0.5384615384615384
Disability,Healthcare,Insurance coverage,majority_generic,b_only,social_platform,1,0.07692307692307693
Disability,Healthcare,Insurance coverage,minority_generic,a_only,academic_research,1,0.14285714285714285
Disability,Healthcare,Insurance coverage,minority_generic,a_only,government,3,0.42857142857142855
Disability,Healthcare,Insurance coverage,minority_generic,a_only,nonprofit_general,1,0.14285714285714285
Disability,Healthcare,Insurance coverage,minority_generic,a_only,policy_research,2,0.2857142857142857
Disability,Healthcare,Insurance coverage,minority_generic,b_only,academic_research,2,0.15384615384615385
Disability,Healthcare,Insurance coverage,minority_generic,b_only,commercial_service,3,0.23076923076923078
Disability,Healthcare,Insurance coverage,minority_generic,b_only,government,7,0.5384615384615384
Disability,Healthcare,Insurance coverage,minority_generic,b_only,social_platform,1,0.07692307692307693
Disability,Healthcare,Insurance coverage,minority_majority,a_only,academic_research,1,0.2
Disability,Healthcare,Insurance coverage,minority_majority,a_only,government,1,0.2
Disability,Healthcare,Insurance coverage,minority_majority,a_only,nonprofit_general,1,0.2
Disability,Healthcare,Insurance coverage,minority_majority,a_only,policy_research,2,0.4
Disability,Healthcare,Insurance coverage,minority_majority,b_only,academic_research,1,0.2
Disability,Healthcare,Insurance coverage,minority_majority,b_only,government,3,0.6
Disability,Healthcare,Insurance coverage,minority_majority,b_only,policy_research,1,0.2
Disability,Healthcare,Insurance coverage,minority_majority,shared,government,2,1.0
Disability,Healthcare,Patient safety,majority_generic,a_only,commercial_service,1,0.5
Disability,Healthcare,Patient safety,majority_generic,a_only,nonprofit_general,1,0.5
Disability,Healthcare,Patient safety,majority_generic,b_only,academic_research,2,0.2222222222222222
Disability,Healthcare,Patient safety,majority_generic,b_only,commercial_service,1,0.1111111111111111
Disability,Healthcare,Patient safety,majority_generic,b_only,government,6,0.6666666666666666
Disability,Healthcare,Patient safety,majority_generic,shared,government,1,0.5
Disability,Healthcare,Patient safety,majority_generic,shared,intergovernmental,1,0.5
Disability,Healthcare,Patient safety,minority_generic,a_only,academic_research,1,0.1
Disability,Healthcare,Patient safety,minority_generic,a_only,commercial_service,1,0.1
Disability,Healthcare,Patient safety,minority_generic,a_only,government,5,0.5
Disability,Healthcare,Patient safety,minority_generic,a_only,healthcare_provider,1,0.1
Disability,Healthcare,Patient safety,minority_generic,a_only,nonprofit_general,1,0.1
Disability,Healthcare,Patient safety,minority_generic,a_only,social_platform,1,0.1
Disability,Healthcare,Patient safety,minority_generic,b_only,academic_research,2,0.18181818181818182
Disability,Healthcare,Patient safety,minority_generic,b_only,commercial_service,1,0.09090909090909091
Disability,Healthcare,Patient safety,minority_generic,b_only,government,7,0.6363636363636364
Disability,Healthcare,Patient safety,minority_generic,b_only,intergovernmental,1,0.09090909090909091
Disability,Healthcare,Patient safety,minority_majority,a_only,academic_research,1,0.1
Disability,Healthcare,Patient safety,minority_majority,a_only,commercial_service,1,0.1
Disability,Healthcare,Patient safety,minority_majority,a_only,government,5,0.5
Disability,Healthcare,Patient safety,minority_majority,a_only,healthcare_provider,1,0.1
Disability,Healthcare,Patient safety,minority_majority,a_only,nonprofit_general,1,0.1
Disability,Healthcare,Patient safety,minority_majority,a_only,social_platform,1,0.1
Disability,Healthcare,Patient safety,minority_majority,b_only,commercial_service,1,0.25
Disability,Healthcare,Patient safety,minority_majority,b_only,government,1,0.25
Disability,Healthcare,Patient safety,minority_majority,b_only,intergovernmental,1,0.25
Disability,Healthcare,Patient safety,minority_majority,b_only,nonprofit_general,1,0.25
Disability,Healthcare,Preventive care,majority_generic,a_only,academic_research,1,0.25
Disability,Healthcare,Preventive care,majority_generic,a_only,government,2,0.5
Disability,Healthcare,Preventive care,majority_generic,a_only,nonprofit_general,1,0.25
Disability,Healthcare,Preventive care,majority_generic,b_only,government,3,0.75
Disability,Healthcare,Preventive care,majority_generic,b_only,professional_association,1,0.25
Disability,Healthcare,Preventive care,majority_generic,shared,government,1,1.0
Disability,Healthcare,Preventive care,minority_generic,a_only,academic_research,3,0.3
Disability,Healthcare,Preventive care,minority_generic,a_only,commercial_service,1,0.1
Disability,Healthcare,Preventive care,minority_generic,a_only,government,5,0.5
Disability,Healthcare,Preventive care,minority_generic,a_only,nonprofit_general,1,0.1
Disability,Healthcare,Preventive care,minority_generic,b_only,government,4,0.8
Disability,Healthcare,Preventive care,minority_generic,b_only,professional_association,1,0.2
Disability,Healthcare,Preventive care,minority_majority,a_only,academic_research,2,0.2222222222222222
Disability,Healthcare,Preventive care,minority_majority,a_only,commercial_service,1,0.1111111111111111
Disability,Healthcare,Preventive care,minority_majority,a_only,government,5,0.5555555555555556
Disability,Healthcare,Preventive care,minority_majority,a_only,nonprofit_general,1,0.1111111111111111
Disability,Healthcare,Preventive care,minority_majority,b_only,government,3,0.75
Disability,Healthcare,Preventive care,minority_majority,b_only,nonprofit_general,1,0.25
Disability,Healthcare,Preventive care,minority_majority,shared,academic_research,1,1.0
Disability,Housing,Access to housing,majority_generic,a_only,academic_research,1,0.09090909090909091
Disability,Housing,Access to housing,majority_generic,a_only,advocacy_community,1,0.09090909090909091
Disability,Housing,Access to housing,majority_generic,a_only,commercial_service,1,0.09090909090909091
Disability,Housing,Access to housing,majority_generic,a_only,government,1,0.09090909090909091
Disability,Housing,Access to housing,majority_generic,a_only,nonprofit_general,4,0.36363636363636365
Disability,Housing,Access to housing,majority_generic,a_only,policy_research,3,0.2727272727272727
Disability,Housing,Access to housing,majority_generic,b_only,advocacy_community,1,0.16666666666666666
Disability,Housing,Access to housing,majority_generic,b_only,government,1,0.16666666666666666
Disability,Housing,Access to housing,majority_generic,b_only,nonprofit_general,3,0.5
Disability,Housing,Access to housing,majority_generic,b_only,other,1,0.16666666666666666
Disability,Housing,Access to housing,minority_generic,a_only,advocacy_community,1,0.2
Disability,Housing,Access to housing,minority_generic,a_only,nonprofit_general,2,0.4
Disability,Housing,Access to housing,minority_generic,a_only,policy_research,2,0.4
Disability,Housing,Access to housing,minority_generic,b_only,advocacy_community,1,0.16666666666666666
Disability,Housing,Access to housing,minority_generic,b_only,government,1,0.16666666666666666
Disability,Housing,Access to housing,minority_generic,b_only,nonprofit_general,3,0.5
Disability,Housing,Access to housing,minority_generic,b_only,other,1,0.16666666666666666
Disability,Housing,Access to housing,minority_majority,a_only,advocacy_community,1,0.25
Disability,Housing,Access to housing,minority_majority,a_only,nonprofit_general,2,0.5
Disability,Housing,Access to housing,minority_majority,a_only,policy_research,1,0.25
Disability,Housing,Access to housing,minority_majority,b_only,academic_research,1,0.1
Disability,Housing,Access to housing,minority_majority,b_only,advocacy_community,1,0.1
Disability,Housing,Access to housing,minority_majority,b_only,commercial_service,1,0.1
Disability,Housing,Access to housing,minority_majority,b_only,government,1,0.1
Disability,Housing,Access to housing,minority_majority,b_only,nonprofit_general,4,0.4
Disability,Housing,Access to housing,minority_majority,b_only,policy_research,2,0.2
Disability,Housing,Access to housing,minority_majority,shared,policy_research,1,1.0
Disability,Housing,Homelessness,majority_generic,a_only,advocacy_community,2,0.5
Disability,Housing,Homelessness,majority_generic,a_only,nonprofit_general,2,0.5
Disability,Housing,Homelessness,majority_generic,b_only,advocacy_community,2,0.6666666666666666
Disability,Housing,Homelessness,majority_generic,b_only,other,1,0.3333333333333333
Disability,Housing,Homelessness,majority_generic,shared,academic_research,1,0.25
Disability,Housing,Homelessness,majority_generic,shared,advocacy_community,2,0.5
Disability,Housing,Homelessness,majority_generic,shared,nonprofit_general,1,0.25
Disability,Housing,Homelessness,minority_generic,a_only,academic_research,1,0.1111111111111111
Disability,Housing,Homelessness,minority_generic,a_only,advocacy_community,2,0.2222222222222222
Disability,Housing,Homelessness,minority_generic,a_only,commercial_service,1,0.1111111111111111
Disability,Housing,Homelessness,minority_generic,a_only,government,2,0.2222222222222222
Disability,Housing,Homelessness,minority_generic,a_only,nonprofit_general,1,0.1111111111111111
Disability,Housing,Homelessness,minority_generic,a_only,policy_research,2,0.2222222222222222
Disability,Housing,Homelessness,minority_generic,b_only,academic_research,1,0.14285714285714285
Disability,Housing,Homelessness,minority_generic,b_only,advocacy_community,4,0.5714285714285714
Disability,Housing,Homelessness,minority_generic,b_only,nonprofit_general,1,0.14285714285714285
Disability,Housing,Homelessness,minority_generic,b_only,other,1,0.14285714285714285
Disability,Housing,Homelessness,minority_majority,a_only,academic_research,1,0.1111111111111111
Disability,Housing,Homelessness,minority_majority,a_only,advocacy_community,2,0.2222222222222222
Disability,Housing,Homelessness,minority_majority,a_only,commercial_service,1,0.1111111111111111
Disability,Housing,Homelessness,minority_majority,a_only,government,2,0.2222222222222222
Disability,Housing,Homelessness,minority_majority,a_only,nonprofit_general,1,0.1111111111111111
Disability,Housing,Homelessness,minority_majority,a_only,policy_research,2,0.2222222222222222
Disability,Housing,Homelessness,minority_majority,b_only,academic_research,1,0.125
Disability,Housing,Homelessness,minority_majority,b_only,advocacy_community,4,0.5
Disability,Housing,Homelessness,minority_majority,b_only,nonprofit_general,3,0.375
Disability,Housing,Housing stability,majority_generic,a_only,academic_research,1,0.3333333333333333
Disability,Housing,Housing stability,majority_generic,a_only,advocacy_community,1,0.3333333333333333
Disability,Housing,Housing stability,majority_generic,a_only,nonprofit_general,1,0.3333333333333333
Disability,Housing,Housing stability,majority_generic,b_only,academic_research,1,0.16666666666666666
Disability,Housing,Housing stability,majority_generic,b_only,nonprofit_general,5,0.8333333333333334
Disability,Housing,Housing stability,majority_generic,shared,commercial_service,1,0.3333333333333333
Disability,Housing,Housing stability,majority_generic,shared,government,2,0.6666666666666666
Disability,Housing,Housing stability,minority_generic,a_only,academic_research,1,0.125
Disability,Housing,Housing stability,minority_generic,a_only,government,1,0.125
Disability,Housing,Housing stability,minority_generic,a_only,nonprofit_general,5,0.625
Disability,Housing,Housing stability,minority_generic,a_only,policy_research,1,0.125
Disability,Housing,Housing stability,minority_generic,b_only,academic_research,1,0.1111111111111111
Disability,Housing,Housing stability,minority_generic,b_only,commercial_service,1,0.1111111111111111
Disability,Housing,Housing stability,minority_generic,b_only,government,2,0.2222222222222222
Disability,Housing,Housing stability,minority_generic,b_only,nonprofit_general,5,0.5555555555555556
Disability,Housing,Housing stability,minority_majority,a_only,academic_research,1,0.125
Disability,Housing,Housing stability,minority_majority,a_only,government,1,0.125
Disability,Housing,Housing stability,minority_majority,a_only,nonprofit_general,5,0.625
Disability,Housing,Housing stability,minority_majority,a_only,policy_research,1,0.125
Disability,Housing,Housing stability,minority_majority,b_only,academic_research,1,0.16666666666666666
Disability,Housing,Housing stability,minority_majority,b_only,advocacy_community,1,0.16666666666666666
Disability,Housing,Housing stability,minority_majority,b_only,commercial_service,1,0.16666666666666666
Disability,Housing,Housing stability,minority_majority,b_only,government,2,0.3333333333333333
Disability,Housing,Housing stability,minority_majority,b_only,nonprofit_general,1,0.16666666666666666
Ethnicity,Credit & Financial Services,Access to banking services,majority_generic,a_only,advocacy_community,1,0.3333333333333333
Ethnicity,Credit & Financial Services,Access to banking services,majority_generic,a_only,government,2,0.6666666666666666
Ethnicity,Credit & Financial Services,Access to banking services,majority_generic,b_only,academic_research,1,0.14285714285714285
Ethnicity,Credit & Financial Services,Access to banking services,majority_generic,b_only,commercial_service,1,0.14285714285714285
Ethnicity,Credit & Financial Services,Access to banking services,majority_generic,b_only,government,2,0.2857142857142857
Ethnicity,Credit & Financial Services,Access to banking services,majority_generic,b_only,intergovernmental,2,0.2857142857142857
Ethnicity,Credit & Financial Services,Access to banking services,majority_generic,b_only,nonprofit_general,1,0.14285714285714285
Ethnicity,Credit & Financial Services,Access to banking services,majority_generic,shared,academic_research,1,1.0
Ethnicity,Credit & Financial Services,Access to banking services,minority_generic,a_only,commercial_service,2,0.25
Ethnicity,Credit & Financial Services,Access to banking services,minority_generic,a_only,nonprofit_general,3,0.375
Ethnicity,Credit & Financial Services,Access to banking services,minority_generic,a_only,policy_research,2,0.25
Ethnicity,Credit & Financial Services,Access to banking services,minority_generic,a_only,professional_association,1,0.125
Ethnicity,Credit & Financial Services,Access to banking services,minority_generic,b_only,academic_research,1,0.14285714285714285
Ethnicity,Credit & Financial Services,Access to banking services,minority_generic,b_only,commercial_service,1,0.14285714285714285
Ethnicity,Credit & Financial Services,Access to banking services,minority_generic,b_only,government,2,0.2857142857142857
Ethnicity,Credit & Financial Services,Access to banking services,minority_generic,b_only,intergovernmental,2,0.2857142857142857
Ethnicity,Credit & Financial Services,Access to banking services,minority_generic,b_only,nonprofit_general,1,0.14285714285714285
Ethnicity,Credit & Financial Services,Access to banking services,minority_generic,shared,academic_research,1,1.0
Ethnicity,Credit & Financial Services,Access to banking services,minority_majority,a_only,commercial_service,2,0.25
Ethnicity,Credit & Financial Services,Access to banking services,minority_majority,a_only,nonprofit_general,3,0.375
Ethnicity,Credit & Financial Services,Access to banking services,minority_majority,a_only,policy_research,2,0.25
Ethnicity,Credit & Financial Services,Access to banking services,minority_majority,a_only,professional_association,1,0.125
Ethnicity,Credit & Financial Services,Access to banking services,minority_majority,b_only,advocacy_community,1,0.3333333333333333
Ethnicity,Credit & Financial Services,Access to banking services,minority_majority,b_only,government,2,0.6666666666666666
Ethnicity,Credit & Financial Services,Access to banking services,minority_majority,shared,academic_research,1,1.0
Ethnicity,Credit & Financial Services,Access to credit,majority_generic,a_only,academic_research,1,0.3333333333333333
Ethnicity,Credit & Financial Services,Access to credit,majority_generic,a_only,government,1,0.3333333333333333
Ethnicity,Credit & Financial Services,Access to credit,majority_generic,a_only,policy_research,1,0.3333333333333333
Ethnicity,Credit & Financial Services,Access to credit,majority_generic,b_only,commercial_service,1,0.16666666666666666
Ethnicity,Credit & Financial Services,Access to credit,majority_generic,b_only,government,1,0.16666666666666666
Ethnicity,Credit & Financial Services,Access to credit,majority_generic,b_only,nonprofit_general,3,0.5
Ethnicity,Credit & Financial Services,Access to credit,majority_generic,b_only,policy_research,1,0.16666666666666666
Ethnicity,Credit & Financial Services,Access to credit,minority_generic,a_only,advocacy_community,2,0.15384615384615385
Ethnicity,Credit & Financial Services,Access to credit,minority_generic,a_only,commercial_service,1,0.07692307692307693
Ethnicity,Credit & Financial Services,Access to credit,minority_generic,a_only,government,1,0.07692307692307693
Ethnicity,Credit & Financial Services,Access to credit,minority_generic,a_only,nonprofit_general,2,0.15384615384615385
Ethnicity,Credit & Financial Services,Access to credit,minority_generic,a_only,other,1,0.07692307692307693
Ethnicity,Credit & Financial Services,Access to credit,minority_generic,a_only,policy_research,4,0.3076923076923077
Ethnicity,Credit & Financial Services,Access to credit,minority_generic,a_only,professional_association,2,0.15384615384615385
Ethnicity,Credit & Financial Services,Access to credit,minority_generic,b_only,commercial_service,1,0.16666666666666666
Ethnicity,Credit & Financial Services,Access to credit,minority_generic,b_only,government,1,0.16666666666666666
Ethnicity,Credit & Financial Services,Access to credit,minority_generic,b_only,nonprofit_general,3,0.5
Ethnicity,Credit & Financial Services,Access to credit,minority_generic,b_only,policy_research,1,0.16666666666666666
Ethnicity,Credit & Financial Services,Access to credit,minority_majority,a_only,advocacy_community,2,0.15384615384615385
Ethnicity,Credit & Financial Services,Access to credit,minority_majority,a_only,commercial_service,1,0.07692307692307693
Ethnicity,Credit & Financial Services,Access to credit,minority_majority,a_only,government,1,0.07692307692307693
Ethnicity,Credit & Financial Services,Access to credit,minority_majority,a_only,nonprofit_general,2,0.15384615384615385
Ethnicity,Credit & Financial Services,Access to credit,minority_majority,a_only,other,1,0.07692307692307693
Ethnicity,Credit & Financial Services,Access to credit,minority_majority,a_only,policy_research,4,0.3076923076923077
Ethnicity,Credit & Financial Services,Access to credit,minority_majority,a_only,professional_association,2,0.15384615384615385
Ethnicity,Credit & Financial Services,Access to credit,minority_majority,b_only,academic_research,1,0.3333333333333333
Ethnicity,Credit & Financial Services,Access to credit,minority_majority,b_only,government,1,0.3333333333333333
Ethnicity,Credit & Financial Services,Access to credit,minority_majority,b_only,policy_research,1,0.3333333333333333
Ethnicity,Credit & Financial Services,Credit/loan approval,majority_generic,a_only,government,1,0.25
Ethnicity,Credit & Financial Services,Credit/loan approval,majority_generic,a_only,nonprofit_general,2,0.5
Ethnicity,Credit & Financial Services,Credit/loan approval,majority_generic,a_only,reference,1,0.25
Ethnicity,Credit & Financial Services,Credit/loan approval,majority_generic,b_only,commercial_service,6,0.5454545454545454
Ethnicity,Credit & Financial Services,Credit/loan approval,majority_generic,b_only,nonprofit_general,4,0.36363636363636365
Ethnicity,Credit & Financial Services,Credit/loan approval,majority_generic,b_only,other,1,0.09090909090909091
Ethnicity,Credit & Financial Services,Credit/loan approval,minority_generic,a_only,academic_research,1,0.08333333333333333
Ethnicity,Credit & Financial Services,Credit/loan approval,minority_generic,a_only,advocacy_community,2,0.16666666666666666
Ethnicity,Credit & Financial Services,Credit/loan approval,minority_generic,a_only,commercial_service,2,0.16666666666666666
Ethnicity,Credit & Financial Services,Credit/loan approval,minority_generic,a_only,government,1,0.08333333333333333
Ethnicity,Credit & Financial Services,Credit/loan approval,minority_generic,a_only,nonprofit_general,2,0.16666666666666666
Ethnicity,Credit & Financial Services,Credit/loan approval,minority_generic,a_only,policy_research,3,0.25
Ethnicity,Credit & Financial Services,Credit/loan approval,minority_generic,a_only,professional_association,1,0.08333333333333333
Ethnicity,Credit & Financial Services,Credit/loan approval,minority_generic,b_only,commercial_service,6,0.5454545454545454
Ethnicity,Credit & Financial Services,Credit/loan approval,minority_generic,b_only,nonprofit_general,4,0.36363636363636365
Ethnicity,Credit & Financial Services,Credit/loan approval,minority_generic,b_only,other,1,0.09090909090909091
Ethnicity,Credit & Financial Services,Credit/loan approval,minority_majority,a_only,academic_research,1,0.09090909090909091
Ethnicity,Credit & Financial Services,Credit/loan approval,minority_majority,a_only,advocacy_community,2,0.18181818181818182
Ethnicity,Credit & Financial Services,Credit/loan approval,minority_majority,a_only,commercial_service,2,0.18181818181818182
Ethnicity,Credit & Financial Services,Credit/loan approval,minority_majority,a_only,government,1,0.09090909090909091
Ethnicity,Credit & Financial Services,Credit/loan approval,minority_majority,a_only,nonprofit_general,1,0.09090909090909091
Ethnicity,Credit & Financial Services,Credit/loan approval,minority_majority,a_only,policy_research,3,0.2727272727272727
Ethnicity,Credit & Financial Services,Credit/loan approval,minority_majority,a_only,professional_association,1,0.09090909090909091
Ethnicity,Credit & Financial Services,Credit/loan approval,minority_majority,b_only,government,1,0.3333333333333333
Ethnicity,Credit & Financial Services,Credit/loan approval,minority_majority,b_only,nonprofit_general,1,0.3333333333333333
Ethnicity,Credit & Financial Services,Credit/loan approval,minority_majority,b_only,reference,1,0.3333333333333333
Ethnicity,Credit & Financial Services,Credit/loan approval,minority_majority,shared,nonprofit_general,1,1.0
Ethnicity,Criminal Justice,Arrest / detention by police,majority_generic,a_only,advocacy_community,2,0.5
Ethnicity,Criminal Justice,Arrest / detention by police,majority_generic,a_only,government,2,0.5
Ethnicity,Criminal Justice,Arrest / detention by police,majority_generic,b_only,academic_research,1,0.1111111111111111
Ethnicity,Criminal Justice,Arrest / detention by police,majority_generic,b_only,advocacy_community,1,0.1111111111111111
Ethnicity,Criminal Justice,Arrest / detention by police,majority_generic,b_only,commercial_service,1,0.1111111111111111
Ethnicity,Criminal Justice,Arrest / detention by police,majority_generic,b_only,government,4,0.4444444444444444
Ethnicity,Criminal Justice,Arrest / detention by police,majority_generic,b_only,social_platform,2,0.2222222222222222
Ethnicity,Criminal Justice,Arrest / detention by police,majority_generic,shared,government,1,1.0
Ethnicity,Criminal Justice,Arrest / detention by police,minority_generic,a_only,academic_research,2,0.2222222222222222
Ethnicity,Criminal Justice,Arrest / detention by police,minority_generic,a_only,advocacy_community,3,0.3333333333333333
Ethnicity,Criminal Justice,Arrest / detention by police,minority_generic,a_only,government,3,0.3333333333333333
Ethnicity,Criminal Justice,Arrest / detention by police,minority_generic,a_only,nonprofit_general,1,0.1111111111111111
Ethnicity,Criminal Justice,Arrest / detention by police,minority_generic,b_only,academic_research,1,0.1
Ethnicity,Criminal Justice,Arrest / detention by police,minority_generic,b_only,advocacy_community,1,0.1
Ethnicity,Criminal Justice,Arrest / detention by police,minority_generic,b_only,commercial_service,1,0.1
Ethnicity,Criminal Justice,Arrest / detention by police,minority_generic,b_only,government,5,0.5
Ethnicity,Criminal Justice,Arrest / detention by police,minority_generic,b_only,social_platform,2,0.2
Ethnicity,Criminal Justice,Arrest / detention by police,minority_majority,a_only,academic_research,2,0.25
Ethnicity,Criminal Justice,Arrest / detention by police,minority_majority,a_only,advocacy_community,3,0.375
Ethnicity,Criminal Justice,Arrest / detention by police,minority_majority,a_only,government,2,0.25
Ethnicity,Criminal Justice,Arrest / detention by police,minority_majority,a_only,nonprofit_general,1,0.125
Ethnicity,Criminal Justice,Arrest / detention by police,minority_majority,b_only,advocacy_community,2,0.5
Ethnicity,Criminal Justice,Arrest / detention by police,minority_majority,b_only,government,2,0.5
Ethnicity,Criminal Justice,Arrest / detention by police,minority_majority,shared,government,1,1.0
Ethnicity,Criminal Justice,Incarceration,majority_generic,a_only,advocacy_community,1,0.3333333333333333
Ethnicity,Criminal Justice,Incarceration,majority_generic,a_only,government,1,0.3333333333333333
Ethnicity,Criminal Justice,Incarceration,majority_generic,a_only,professional_association,1,0.3333333333333333
Ethnicity,Criminal Justice,Incarceration,majority_generic,b_only,academic_research,2,0.25
Ethnicity,Criminal Justice,Incarceration,majority_generic,b_only,advocacy_community,1,0.125
Ethnicity,Criminal Justice,Incarceration,majority_generic,b_only,commercial_service,1,0.125
Ethnicity,Criminal Justice,Incarceration,majority_generic,b_only,government,1,0.125
Ethnicity,Criminal Justice,Incarceration,majority_generic,b_only,nonprofit_general,2,0.25
Ethnicity,Criminal Justice,Incarceration,majority_generic,b_only,social_platform,1,0.125
Ethnicity,Criminal Justice,Incarceration,minority_generic,a_only,advocacy_community,2,0.3333333333333333
Ethnicity,Criminal Justice,Incarceration,minority_generic,a_only,government,2,0.3333333333333333
Ethnicity,Criminal Justice,Incarceration,minority_generic,a_only,nonprofit_general,1,0.16666666666666666
Ethnicity,Criminal Justice,Incarceration,minority_generic,a_only,policy_research,1,0.16666666666666666
Ethnicity,Criminal Justice,Incarceration,minority_generic,b_only,academic_research,2,0.25
Ethnicity,Criminal Justice,Incarceration,minority_generic,b_only,advocacy_community,1,0.125
Ethnicity,Criminal Justice,Incarceration,minority_generic,b_only,commercial_service,1,0.125
Ethnicity,Criminal Justice,Incarceration,minority_generic,b_only,government,1,0.125
Ethnicity,Criminal Justice,Incarceration,minority_generic,b_only,nonprofit_general,2,0.25
Ethnicity,Criminal Justice,Incarceration,minority_generic,b_only,social_platform,1,0.125
Ethnicity,Criminal Justice,Incarceration,minority_majority,a_only,advocacy_community,1,0.2
Ethnicity,Criminal Justice,Incarceration,minority_majority,a_only,government,2,0.4
Ethnicity,Criminal Justice,Incarceration,minority_majority,a_only,nonprofit_general,1,0.2
Ethnicity,Criminal Justice,Incarceration,minority_majority,a_only,policy_research,1,0.2
Ethnicity,Criminal Justice,Incarceration,minority_majority,b_only,government,1,0.5
Ethnicity,Criminal Justice,Incarceration,minority_majority,b_only,professional_association,1,0.5
Ethnicity,Criminal Justice,Incarceration,minority_majority,shared,advocacy_community,1,1.0
Ethnicity,Criminal Justice,Police use of force,majority_generic,a_only,academic_research,1,0.16666666666666666
Ethnicity,Criminal Justice,Police use of force,majority_generic,a_only,advocacy_community,1,0.16666666666666666
Ethnicity,Criminal Justice,Police use of force,majority_generic,a_only,commercial_service,2,0.3333333333333333
Ethnicity,Criminal Justice,Police use of force,majority_generic,a_only,government,1,0.16666666666666666
Ethnicity,Criminal Justice,Police use of force,majority_generic,a_only,nonprofit_general,1,0.16666666666666666
Ethnicity,Criminal Justice,Police use of force,majority_generic,b_only,academic_research,3,0.3333333333333333
Ethnicity,Criminal Justice,Police use of force,majority_generic,b_only,commercial_service,1,0.1111111111111111
Ethnicity,Criminal Justice,Police use of force,majority_generic,b_only,government,4,0.4444444444444444
Ethnicity,Criminal Justice,Police use of force,majority_generic,b_only,nonprofit_general,1,0.1111111111111111
Ethnicity,Criminal Justice,Police use of force,minority_generic,a_only,academic_research,2,0.4
Ethnicity,Criminal Justice,Police use of force,minority_generic,a_only,government,2,0.4
Ethnicity,Criminal Justice,Police use of force,minority_generic,a_only,nonprofit_general,1,0.2
Ethnicity,Criminal Justice,Police use of force,minority_generic,b_only,academic_research,2,0.25
Ethnicity,Criminal Justice,Police use of force,minority_generic,b_only,commercial_service,1,0.125
Ethnicity,Criminal Justice,Police use of force,minority_generic,b_only,government,4,0.5
Ethnicity,Criminal Justice,Police use of force,minority_generic,b_only,nonprofit_general,1,0.125
Ethnicity,Criminal Justice,Police use of force,minority_generic,shared,academic_research,1,1.0
Ethnicity,Criminal Justice,Police use of force,minority_majority,a_only,academic_research,3,0.5
Ethnicity,Criminal Justice,Police use of force,minority_majority,a_only,government,2,0.3333333333333333
Ethnicity,Criminal Justice,Police use of force,minority_majority,a_only,nonprofit_general,1,0.16666666666666666
Ethnicity,Criminal Justice,Police use of force,minority_majority,b_only,academic_research,1,0.16666666666666666
Ethnicity,Criminal Justice,Police use of force,minority_majority,b_only,advocacy_community,1,0.16666666666666666
Ethnicity,Criminal Justice,Police use of force,minority_majority,b_only,commercial_service,2,0.3333333333333333
Ethnicity,Criminal Justice,Police use of force,minority_majority,b_only,government,1,0.16666666666666666
Ethnicity,Criminal Justice,Police use of force,minority_majority,b_only,nonprofit_general,1,0.16666666666666666
Ethnicity,Education,College access/admission,majority_generic,a_only,academic_research,1,0.06666666666666667
Ethnicity,Education,College access/admission,majority_generic,a_only,commercial_service,2,0.13333333333333333
Ethnicity,Education,College access/admission,majority_generic,a_only,news_media,1,0.06666666666666667
Ethnicity,Education,College access/admission,majority_generic,a_only,nonprofit_general,8,0.5333333333333333
Ethnicity,Education,College access/admission,majority_generic,a_only,policy_research,3,0.2
Ethnicity,Education,College access/admission,majority_generic,b_only,academic_research,1,0.2
Ethnicity,Education,College access/admission,majority_generic,b_only,commercial_service,1,0.2
Ethnicity,Education,College access/admission,majority_generic,b_only,government,1,0.2
Ethnicity,Education,College access/admission,majority_generic,b_only,news_media,1,0.2
Ethnicity,Education,College access/admission,majority_generic,b_only,nonprofit_general,1,0.2
Ethnicity,Education,College access/admission,majority_generic,shared,nonprofit_general,1,1.0
Ethnicity,Education,College access/admission,minority_generic,a_only,academic_research,4,0.4
Ethnicity,Education,College access/admission,minority_generic,a_only,advocacy_community,1,0.1
Ethnicity,Education,College access/admission,minority_generic,a_only,commercial_service,3,0.3
Ethnicity,Education,College access/admission,minority_generic,a_only,news_media,1,0.1
Ethnicity,Education,College access/admission,minority_generic,a_only,nonprofit_general,1,0.1
Ethnicity,Education,College access/admission,minority_generic,b_only,academic_research,1,0.16666666666666666
Ethnicity,Education,College access/admission,minority_generic,b_only,commercial_service,1,0.16666666666666666
Ethnicity,Education,College access/admission,minority_generic,b_only,government,1,0.16666666666666666
Ethnicity,Education,College access/admission,minority_generic,b_only,news_media,1,0.16666666666666666
Ethnicity,Education,College access/admission,minority_generic,b_only,nonprofit_general,2,0.3333333333333333
Ethnicity,Education,College access/admission,minority_majority,a_only,academic_research,3,0.3333333333333333
Ethnicity,Education,College access/admission,minority_majority,a_only,advocacy_community,1,0.1111111111111111
Ethnicity,Education,College access/admission,minority_majority,a_only,commercial_service,3,0.3333333333333333
Ethnicity,Education,College access/admission,minority_majority,a_only,news_media,1,0.1111111111111111
Ethnicity,Education,College access/admission,minority_majority,a_only,nonprofit_general,1,0.1111111111111111
Ethnicity,Education,College access/admission,minority_majority,b_only,commercial_service,2,0.13333333333333333
Ethnicity,Education,College access/admission,minority_majority,b_only,news_media,1,0.06666666666666667
Ethnicity,Education,College access/admission,minority_majority,b_only,nonprofit_general,9,0.6
Ethnicity,Education,College access/admission,minority_majority,b_only,policy_research,3,0.2
Ethnicity,Education,College access/admission,minority_majority,shared,academic_research,1,1.0
Ethnicity,Education,Educational opportunity/access,majority_generic,a_only,commercial_service,1,0.5
Ethnicity,Education,Educational opportunity/access,majority_generic,a_only,nonprofit_general,1,0.5
Ethnicity,Education,Educational opportunity/access,majority_generic,b_only,academic_research,1,0.16666666666666666
Ethnicity,Education,Educational opportunity/access,majority_generic,b_only,commercial_service,2,0.3333333333333333
Ethnicity,Education,Educational opportunity/access,majority_generic,b_only,government,1,0.16666666666666666
Ethnicity,Education,Educational opportunity/access,majority_generic,b_only,nonprofit_general,1,0.16666666666666666
Ethnicity,Education,Educational opportunity/access,majority_generic,b_only,other,1,0.16666666666666666
Ethnicity,Education,Educational opportunity/access,minority_generic,a_only,academic_research,2,0.2222222222222222
Ethnicity,Education,Educational opportunity/access,minority_generic,a_only,advocacy_community,1,0.1111111111111111
Ethnicity,Education,Educational opportunity/access,minority_generic,a_only,commercial_service,1,0.1111111111111111
Ethnicity,Education,Educational opportunity/access,minority_generic,a_only,government,2,0.2222222222222222
Ethnicity,Education,Educational opportunity/access,minority_generic,a_only,news_media,1,0.1111111111111111
Ethnicity,Education,Educational opportunity/access,minority_generic,a_only,nonprofit_general,1,0.1111111111111111
Ethnicity,Education,Educational opportunity/access,minority_generic,a_only,policy_research,1,0.1111111111111111
Ethnicity,Education,Educational opportunity/access,minority_generic,b_only,academic_research,1,0.16666666666666666
Ethnicity,Education,Educational opportunity/access,minority_generic,b_only,commercial_service,2,0.3333333333333333
Ethnicity,Education,Educational opportunity/access,minority_generic,b_only,government,1,0.16666666666666666
Ethnicity,Education,Educational opportunity/access,minority_generic,b_only,nonprofit_general,1,0.16666666666666666
Ethnicity,Education,Educational opportunity/access,minority_generic,b_only,other,1,0.16666666666666666
Ethnicity,Education,Educational opportunity/access,minority_majority,a_only,academic_research,2,0.2222222222222222
Ethnicity,Education,Educational opportunity/access,minority_majority,a_only,advocacy_community,1,0.1111111111111111
Ethnicity,Education,Educational opportunity/access,minority_majority,a_only,commercial_service,1,0.1111111111111111
Ethnicity,Education,Educational opportunity/access,minority_majority,a_only,government,2,0.2222222222222222
Ethnicity,Education,Educational opportunity/access,minority_majority,a_only,news_media,1,0.1111111111111111
Ethnicity,Education,Educational opportunity/access,minority_majority,a_only,nonprofit_general,1,0.1111111111111111
Ethnicity,Education,Educational opportunity/access,minority_majority,a_only,policy_research,1,0.1111111111111111
Ethnicity,Education,Educational opportunity/access,minority_majority,b_only,commercial_service,1,0.5
Ethnicity,Education,Educational opportunity/access,minority_majority,b_only,nonprofit_general,1,0.5
Ethnicity,Education,Harassment/bullying,majority_generic,a_only,academic_research,3,0.375
Ethnicity,Education,Harassment/bullying,majority_generic,a_only,government,5,0.625
Ethnicity,Education,Harassment/bullying,majority_generic,b_only,academic_research,4,0.3333333333333333
Ethnicity,Education,Harassment/bullying,majority_generic,b_only,government,2,0.16666666666666666
Ethnicity,Education,Harassment/bullying,majority_generic,b_only,intergovernmental,2,0.16666666666666666
Ethnicity,Education,Harassment/bullying,majority_generic,b_only,nonprofit_general,1,0.08333333333333333
Ethnicity,Education,Harassment/bullying,majority_generic,b_only,other,2,0.16666666666666666
Ethnicity,Education,Harassment/bullying,majority_generic,b_only,social_platform,1,0.08333333333333333
Ethnicity,Education,Harassment/bullying,minority_generic,a_only,academic_research,5,0.625
Ethnicity,Education,Harassment/bullying,minority_generic,a_only,government,2,0.25
Ethnicity,Education,Harassment/bullying,minority_generic,a_only,nonprofit_general,1,0.125
Ethnicity,Education,Harassment/bullying,minority_generic,b_only,academic_research,4,0.3333333333333333
Ethnicity,Education,Harassment/bullying,minority_generic,b_only,government,2,0.16666666666666666
Ethnicity,Education,Harassment/bullying,minority_generic,b_only,intergovernmental,2,0.16666666666666666
Ethnicity,Education,Harassment/bullying,minority_generic,b_only,nonprofit_general,1,0.08333333333333333
Ethnicity,Education,Harassment/bullying,minority_generic,b_only,other,2,0.16666666666666666
Ethnicity,Education,Harassment/bullying,minority_generic,b_only,social_platform,1,0.08333333333333333
Ethnicity,Education,Harassment/bullying,minority_majority,a_only,academic_research,5,0.7142857142857143
Ethnicity,Education,Harassment/bullying,minority_majority,a_only,government,1,0.14285714285714285
Ethnicity,Education,Harassment/bullying,minority_majority,a_only,nonprofit_general,1,0.14285714285714285
Ethnicity,Education,Harassment/bullying,minority_majority,b_only,academic_research,3,0.42857142857142855
Ethnicity,Education,Harassment/bullying,minority_majority,b_only,government,4,0.5714285714285714
Ethnicity,Education,Harassment/bullying,minority_majority,shared,government,1,1.0
Ethnicity,Employment,Career advancement,majority_generic,a_only,academic_research,4,0.8
Ethnicity,Employment,Career advancement,majority_generic,a_only,nonprofit_general,1,0.2
Ethnicity,Employment,Career advancement,majority_generic,b_only,academic_research,1,0.2
Ethnicity,Employment,Career advancement,majority_generic,b_only,commercial_service,1,0.2
Ethnicity,Employment,Career advancement,majority_generic,b_only,government,1,0.2
Ethnicity,Employment,Career advancement,majority_generic,b_only,news_media,1,0.2
Ethnicity,Employment,Career advancement,majority_generic,b_only,social_platform,1,0.2
Ethnicity,Employment,Career advancement,minority_generic,a_only,academic_research,1,0.1
Ethnicity,Employment,Career advancement,minority_generic,a_only,commercial_service,3,0.3
Ethnicity,Employment,Career advancement,minority_generic,a_only,nonprofit_general,4,0.4
Ethnicity,Employment,Career advancement,minority_generic,a_only,policy_research,1,0.1
Ethnicity,Employment,Career advancement,minority_generic,a_only,social_platform,1,0.1
Ethnicity,Employment,Career advancement,minority_generic,b_only,academic_research,1,0.2
Ethnicity,Employment,Career advancement,minority_generic,b_only,commercial_service,1,0.2
Ethnicity,Employment,Career advancement,minority_generic,b_only,government,1,0.2
Ethnicity,Employment,Career advancement,minority_generic,b_only,news_media,1,0.2
Ethnicity,Employment,Career advancement,minority_generic,b_only,social_platform,1,0.2
Ethnicity,Employment,Career advancement,minority_majority,a_only,academic_research,1,0.1
Ethnicity,Employment,Career advancement,minority_majority,a_only,commercial_service,3,0.3
Ethnicity,Employment,Career advancement,minority_majority,a_only,nonprofit_general,4,0.4
Ethnicity,Employment,Career advancement,minority_majority,a_only,policy_research,1,0.1
Ethnicity,Employment,Career advancement,minority_majority,a_only,social_platform,1,0.1
Ethnicity,Employment,Career advancement,minority_majority,b_only,academic_research,4,0.8
Ethnicity,Employment,Career advancement,minority_majority,b_only,nonprofit_general,1,0.2
Ethnicity,Employment,Hiring,majority_generic,b_only,academic_research,1,0.08333333333333333
Ethnicity,Employment,Hiring,majority_generic,b_only,commercial_service,5,0.4166666666666667
Ethnicity,Employment,Hiring,majority_generic,b_only,other,3,0.25
Ethnicity,Employment,Hiring,majority_generic,b_only,social_platform,3,0.25
Ethnicity,Employment,Hiring,minority_generic,a_only,academic_research,2,0.16666666666666666
Ethnicity,Employment,Hiring,minority_generic,a_only,commercial_service,5,0.4166666666666667
Ethnicity,Employment,Hiring,minority_generic,a_only,government,2,0.16666666666666666
Ethnicity,Employment,Hiring,minority_generic,a_only,nonprofit_general,2,0.16666666666666666
Ethnicity,Employment,Hiring,minority_generic,a_only,other,1,0.08333333333333333
Ethnicity,Employment,Hiring,minority_generic,b_only,academic_research,1,0.08333333333333333
Ethnicity,Employment,Hiring,minority_generic,b_only,commercial_service,5,0.4166666666666667
Ethnicity,Employment,Hiring,minority_generic,b_only,other,3,0.25
Ethnicity,Employment,Hiring,minority_generic,b_only,social_platform,3,0.25
Ethnicity,Employment,Hiring,minority_majority,a_only,academic_research,2,0.16666666666666666
Ethnicity,Employment,Hiring,minority_majority,a_only,commercial_service,5,0.4166666666666667
Ethnicity,Employment,Hiring,minority_majority,a_only,government,2,0.16666666666666666
Ethnicity,Employment,Hiring,minority_majority,a_only,nonprofit_general,2,0.16666666666666666
Ethnicity,Employment,Hiring,minority_majority,a_only,other,1,0.08333333333333333
Ethnicity,Employment,Workplace harassment,majority_generic,a_only,commercial_service,1,0.5
Ethnicity,Employment,Workplace harassment,majority_generic,a_only,government,1,0.5
Ethnicity,Employment,Workplace harassment,majority_generic,b_only,advocacy_community,1,0.2
Ethnicity,Employment,Workplace harassment,majority_generic,b_only,commercial_service,2,0.4
Ethnicity,Employment,Workplace harassment,majority_generic,b_only,government,1,0.2
Ethnicity,Employment,Workplace harassment,majority_generic,b_only,other,1,0.2
Ethnicity,Employment,Workplace harassment,majority_generic,shared,commercial_service,1,0.5
Ethnicity,Employment,Workplace harassment,majority_generic,shared,government,1,0.5
Ethnicity,Employment,Workplace harassment,minority_generic,a_only,academic_research,2,0.16666666666666666
Ethnicity,Employment,Workplace harassment,minority_generic,a_only,commercial_service,4,0.3333333333333333
Ethnicity,Employment,Workplace harassment,minority_generic,a_only,government,5,0.4166666666666667
Ethnicity,Employment,Workplace harassment,minority_generic,a_only,social_platform,1,0.08333333333333333
Ethnicity,Employment,Workplace harassment,minority_generic,b_only,advocacy_community,1,0.14285714285714285
Ethnicity,Employment,Workplace harassment,minority_generic,b_only,commercial_service,3,0.42857142857142855
Ethnicity,Employment,Workplace harassment,minority_generic,b_only,government,2,0.2857142857142857
Ethnicity,Employment,Workplace harassment,minority_generic,b_only,other,1,0.14285714285714285
Ethnicity,Employment,Workplace harassment,minority_majority,a_only,academic_research,2,0.2
Ethnicity,Employment,Workplace harassment,minority_majority,a_only,commercial_service,3,0.3
Ethnicity,Employment,Workplace harassment,minority_majority,a_only,government,4,0.4
Ethnicity,Employment,Workplace harassment,minority_majority,a_only,social_platform,1,0.1
Ethnicity,Employment,Workplace harassment,minority_majority,b_only,commercial_service,1,0.5
Ethnicity,Employment,Workplace harassment,minority_majority,b_only,government,1,0.5
Ethnicity,Employment,Workplace harassment,minority_majority,shared,commercial_service,1,0.5
Ethnicity,Employment,Workplace harassment,minority_majority,shared,government,1,0.5
Ethnicity,Government Benefits,Access to government benefits,majority_generic,a_only,academic_research,2,0.3333333333333333
Ethnicity,Government Benefits,Access to government benefits,majority_generic,a_only,government,1,0.16666666666666666
Ethnicity,Government Benefits,Access to government benefits,majority_generic,a_only,nonprofit_general,2,0.3333333333333333
Ethnicity,Government Benefits,Access to government benefits,majority_generic,a_only,policy_research,1,0.16666666666666666
Ethnicity,Government Benefits,Access to government benefits,majority_generic,b_only,academic_research,4,0.4
Ethnicity,Government Benefits,Access to government benefits,majority_generic,b_only,government,2,0.2
Ethnicity,Government Benefits,Access to government benefits,majority_generic,b_only,nonprofit_general,3,0.3
Ethnicity,Government Benefits,Access to government benefits,majority_generic,b_only,policy_research,1,0.1
Ethnicity,Government Benefits,Access to government benefits,minority_generic,a_only,academic_research,2,0.25
Ethnicity,Government Benefits,Access to government benefits,minority_generic,a_only,government,3,0.375
Ethnicity,Government Benefits,Access to government benefits,minority_generic,a_only,nonprofit_general,1,0.125
Ethnicity,Government Benefits,Access to government benefits,minority_generic,a_only,policy_research,2,0.25
Ethnicity,Government Benefits,Access to government benefits,minority_generic,b_only,academic_research,4,0.4
Ethnicity,Government Benefits,Access to government benefits,minority_generic,b_only,government,2,0.2
Ethnicity,Government Benefits,Access to government benefits,minority_generic,b_only,nonprofit_general,3,0.3
Ethnicity,Government Benefits,Access to government benefits,minority_generic,b_only,policy_research,1,0.1
Ethnicity,Government Benefits,Access to government benefits,minority_majority,a_only,academic_research,2,0.25
Ethnicity,Government Benefits,Access to government benefits,minority_majority,a_only,government,3,0.375
Ethnicity,Government Benefits,Access to government benefits,minority_majority,a_only,nonprofit_general,1,0.125
Ethnicity,Government Benefits,Access to government benefits,minority_majority,a_only,policy_research,2,0.25
Ethnicity,Government Benefits,Access to government benefits,minority_majority,b_only,academic_research,2,0.3333333333333333
Ethnicity,Government Benefits,Access to government benefits,minority_majority,b_only,government,1,0.16666666666666666
Ethnicity,Government Benefits,Access to government benefits,minority_majority,b_only,nonprofit_general,2,0.3333333333333333
Ethnicity,Government Benefits,Access to government benefits,minority_majority,b_only,policy_research,1,0.16666666666666666
Ethnicity,Government Benefits,Application/approval,majority_generic,a_only,government,1,0.2
Ethnicity,Government Benefits,Application/approval,majority_generic,a_only,nonprofit_general,3,0.6
Ethnicity,Government Benefits,Application/approval,majority_generic,a_only,policy_research,1,0.2
Ethnicity,Government Benefits,Application/approval,majority_generic,b_only,academic_research,1,0.09090909090909091
Ethnicity,Government Benefits,Application/approval,majority_generic,b_only,commercial_service,1,0.09090909090909091
Ethnicity,Government Benefits,Application/approval,majority_generic,b_only,government,1,0.09090909090909091
Ethnicity,Government Benefits,Application/approval,majority_generic,b_only,news_media,1,0.09090909090909091
Ethnicity,Government Benefits,Application/approval,majority_generic,b_only,nonprofit_general,6,0.5454545454545454
Ethnicity,Government Benefits,Application/approval,majority_generic,b_only,policy_research,1,0.09090909090909091
Ethnicity,Government Benefits,Application/approval,majority_generic,shared,nonprofit_general,1,1.0
Ethnicity,Government Benefits,Application/approval,minority_generic,a_only,academic_research,2,0.18181818181818182
Ethnicity,Government Benefits,Application/approval,minority_generic,a_only,advocacy_community,2,0.18181818181818182
Ethnicity,Government Benefits,Application/approval,minority_generic,a_only,government,3,0.2727272727272727
Ethnicity,Government Benefits,Application/approval,minority_generic,a_only,nonprofit_general,1,0.09090909090909091
Ethnicity,Government Benefits,Application/approval,minority_generic,a_only,policy_research,3,0.2727272727272727
Ethnicity,Government Benefits,Application/approval,minority_generic,b_only,academic_research,1,0.09090909090909091
Ethnicity,Government Benefits,Application/approval,minority_generic,b_only,commercial_service,1,0.09090909090909091
Ethnicity,Government Benefits,Application/approval,minority_generic,b_only,government,1,0.09090909090909091
Ethnicity,Government Benefits,Application/approval,minority_generic,b_only,news_media,1,0.09090909090909091
Ethnicity,Government Benefits,Application/approval,minority_generic,b_only,nonprofit_general,6,0.5454545454545454
Ethnicity,Government Benefits,Application/approval,minority_generic,b_only,policy_research,1,0.09090909090909091
Ethnicity,Government Benefits,Application/approval,minority_generic,shared,nonprofit_general,1,1.0
Ethnicity,Government Benefits,Application/approval,minority_majority,a_only,academic_research,2,0.18181818181818182
Ethnicity,Government Benefits,Application/approval,minority_majority,a_only,advocacy_community,2,0.18181818181818182
Ethnicity,Government Benefits,Application/approval,minority_majority,a_only,government,3,0.2727272727272727
Ethnicity,Government Benefits,Application/approval,minority_majority,a_only,nonprofit_general,1,0.09090909090909091
Ethnicity,Government Benefits,Application/approval,minority_majority,a_only,policy_research,3,0.2727272727272727
Ethnicity,Government Benefits,Application/approval,minority_majority,b_only,government,1,0.2
Ethnicity,Government Benefits,Application/approval,minority_majority,b_only,nonprofit_general,3,0.6
Ethnicity,Government Benefits,Application/approval,minority_majority,b_only,policy_research,1,0.2
Ethnicity,Government Benefits,Application/approval,minority_majority,shared,nonprofit_general,1,1.0
Ethnicity,Government Benefits,Benefit retention / renewal,majority_generic,a_only,academic_research,2,0.15384615384615385
Ethnicity,Government Benefits,Benefit retention / renewal,majority_generic,a_only,government,3,0.23076923076923078
Ethnicity,Government Benefits,Benefit retention / renewal,majority_generic,a_only,nonprofit_general,2,0.15384615384615385
Ethnicity,Government Benefits,Benefit retention / renewal,majority_generic,a_only,policy_research,6,0.46153846153846156
Ethnicity,Government Benefits,Benefit retention / renewal,majority_generic,b_only,academic_research,1,0.08333333333333333
Ethnicity,Government Benefits,Benefit retention / renewal,majority_generic,b_only,commercial_service,4,0.3333333333333333
Ethnicity,Government Benefits,Benefit retention / renewal,majority_generic,b_only,nonprofit_general,2,0.16666666666666666
Ethnicity,Government Benefits,Benefit retention / renewal,majority_generic,b_only,policy_research,4,0.3333333333333333
Ethnicity,Government Benefits,Benefit retention / renewal,majority_generic,b_only,social_platform,1,0.08333333333333333
Ethnicity,Government Benefits,Benefit retention / renewal,majority_generic,shared,policy_research,1,1.0
Ethnicity,Government Benefits,Benefit retention / renewal,minority_generic,a_only,academic_research,3,0.21428571428571427
Ethnicity,Government Benefits,Benefit retention / renewal,minority_generic,a_only,advocacy_community,1,0.07142857142857142
Ethnicity,Government Benefits,Benefit retention / renewal,minority_generic,a_only,commercial_service,2,0.14285714285714285
Ethnicity,Government Benefits,Benefit retention / renewal,minority_generic,a_only,government,3,0.21428571428571427
Ethnicity,Government Benefits,Benefit retention / renewal,minority_generic,a_only,news_media,1,0.07142857142857142
Ethnicity,Government Benefits,Benefit retention / renewal,minority_generic,a_only,nonprofit_general,2,0.14285714285714285
Ethnicity,Government Benefits,Benefit retention / renewal,minority_generic,a_only,policy_research,2,0.14285714285714285
Ethnicity,Government Benefits,Benefit retention / renewal,minority_generic,b_only,academic_research,1,0.07692307692307693
Ethnicity,Government Benefits,Benefit retention / renewal,minority_generic,b_only,commercial_service,4,0.3076923076923077
Ethnicity,Government Benefits,Benefit retention / renewal,minority_generic,b_only,nonprofit_general,2,0.15384615384615385
Ethnicity,Government Benefits,Benefit retention / renewal,minority_generic,b_only,policy_research,5,0.38461538461538464
Ethnicity,Government Benefits,Benefit retention / renewal,minority_generic,b_only,social_platform,1,0.07692307692307693
Ethnicity,Government Benefits,Benefit retention / renewal,minority_majority,a_only,academic_research,3,0.21428571428571427
Ethnicity,Government Benefits,Benefit retention / renewal,minority_majority,a_only,advocacy_community,1,0.07142857142857142
Ethnicity,Government Benefits,Benefit retention / renewal,minority_majority,a_only,commercial_service,2,0.14285714285714285
Ethnicity,Government Benefits,Benefit retention / renewal,minority_majority,a_only,government,3,0.21428571428571427
Ethnicity,Government Benefits,Benefit retention / renewal,minority_majority,a_only,news_media,1,0.07142857142857142
Ethnicity,Government Benefits,Benefit retention / renewal,minority_majority,a_only,nonprofit_general,2,0.14285714285714285
Ethnicity,Government Benefits,Benefit retention / renewal,minority_majority,a_only,policy_research,2,0.14285714285714285
Ethnicity,Government Benefits,Benefit retention / renewal,minority_majority,b_only,academic_research,2,0.14285714285714285
Ethnicity,Government Benefits,Benefit retention / renewal,minority_majority,b_only,government,3,0.21428571428571427
Ethnicity,Government Benefits,Benefit retention / renewal,minority_majority,b_only,nonprofit_general,2,0.14285714285714285
Ethnicity,Government Benefits,Benefit retention / renewal,minority_majority,b_only,policy_research,7,0.5
Ethnicity,Healthcare,Insurance coverage,majority_generic,a_only,academic_research,1,0.14285714285714285
Ethnicity,Healthcare,Insurance coverage,majority_generic,a_only,commercial_service,1,0.14285714285714285
Ethnicity,Healthcare,Insurance coverage,majority_generic,a_only,government,4,0.5714285714285714
Ethnicity,Healthcare,Insurance coverage,majority_generic,a_only,nonprofit_general,1,0.14285714285714285
Ethnicity,Healthcare,Insurance coverage,majority_generic,b_only,academic_research,2,0.15384615384615385
Ethnicity,Healthcare,Insurance coverage,majority_generic,b_only,commercial_service,3,0.23076923076923078
Ethnicity,Healthcare,Insurance coverage,majority_generic,b_only,government,7,0.5384615384615384
Ethnicity,Healthcare,Insurance coverage,majority_generic,b_only,social_platform,1,0.07692307692307693
Ethnicity,Healthcare,Insurance coverage,minority_generic,a_only,academic_research,1,0.16666666666666666
Ethnicity,Healthcare,Insurance coverage,minority_generic,a_only,government,4,0.6666666666666666
Ethnicity,Healthcare,Insurance coverage,minority_generic,a_only,nonprofit_general,1,0.16666666666666666
Ethnicity,Healthcare,Insurance coverage,minority_generic,b_only,academic_research,2,0.15384615384615385
Ethnicity,Healthcare,Insurance coverage,minority_generic,b_only,commercial_service,3,0.23076923076923078
Ethnicity,Healthcare,Insurance coverage,minority_generic,b_only,government,7,0.5384615384615384
Ethnicity,Healthcare,Insurance coverage,minority_generic,b_only,social_platform,1,0.07692307692307693
Ethnicity,Healthcare,Insurance coverage,minority_majority,a_only,government,3,0.75
Ethnicity,Healthcare,Insurance coverage,minority_majority,a_only,nonprofit_general,1,0.25
Ethnicity,Healthcare,Insurance coverage,minority_majority,b_only,commercial_service,1,0.2
Ethnicity,Healthcare,Insurance coverage,minority_majority,b_only,government,3,0.6
Ethnicity,Healthcare,Insurance coverage,minority_majority,b_only,nonprofit_general,1,0.2
Ethnicity,Healthcare,Insurance coverage,minority_majority,shared,academic_research,1,0.5
Ethnicity,Healthcare,Insurance coverage,minority_majority,shared,government,1,0.5
Ethnicity,Healthcare,Patient safety,majority_generic,a_only,government,2,0.6666666666666666
Ethnicity,Healthcare,Patient safety,majority_generic,a_only,nonprofit_general,1,0.3333333333333333
Ethnicity,Healthcare,Patient safety,majority_generic,b_only,academic_research,2,0.2
Ethnicity,Healthcare,Patient safety,majority_generic,b_only,commercial_service,1,0.1
Ethnicity,Healthcare,Patient safety,majority_generic,b_only,government,7,0.7
Ethnicity,Healthcare,Patient safety,majority_generic,shared,intergovernmental,1,1.0
Ethnicity,Healthcare,Patient safety,minority_generic,a_only,academic_research,1,0.08333333333333333
Ethnicity,Healthcare,Patient safety,minority_generic,a_only,government,8,0.6666666666666666
Ethnicity,Healthcare,Patient safety,minority_generic,a_only,nonprofit_general,2,0.16666666666666666
Ethnicity,Healthcare,Patient safety,minority_generic,a_only,policy_research,1,0.08333333333333333
Ethnicity,Healthcare,Patient safety,minority_generic,b_only,academic_research,2,0.18181818181818182
Ethnicity,Healthcare,Patient safety,minority_generic,b_only,commercial_service,1,0.09090909090909091
Ethnicity,Healthcare,Patient safety,minority_generic,b_only,government,7,0.6363636363636364
Ethnicity,Healthcare,Patient safety,minority_generic,b_only,intergovernmental,1,0.09090909090909091
Ethnicity,Healthcare,Patient safety,minority_majority,a_only,academic_research,1,0.09090909090909091
Ethnicity,Healthcare,Patient safety,minority_majority,a_only,government,7,0.6363636363636364
Ethnicity,Healthcare,Patient safety,minority_majority,a_only,nonprofit_general,2,0.18181818181818182
Ethnicity,Healthcare,Patient safety,minority_majority,a_only,policy_research,1,0.09090909090909091
Ethnicity,Healthcare,Patient safety,minority_majority,b_only,government,1,0.3333333333333333
Ethnicity,Healthcare,Patient safety,minority_majority,b_only,intergovernmental,1,0.3333333333333333
Ethnicity,Healthcare,Patient safety,minority_majority,b_only,nonprofit_general,1,0.3333333333333333
Ethnicity,Healthcare,Patient safety,minority_majority,shared,government,1,1.0
Ethnicity,Healthcare,Preventive care,majority_generic,a_only,academic_research,2,0.5
Ethnicity,Healthcare,Preventive care,majority_generic,a_only,government,2,0.5
Ethnicity,Healthcare,Preventive care,majority_generic,b_only,government,4,0.8
Ethnicity,Healthcare,Preventive care,majority_generic,b_only,professional_association,1,0.2
Ethnicity,Healthcare,Preventive care,minority_generic,a_only,academic_research,1,0.1111111111111111
Ethnicity,Healthcare,Preventive care,minority_generic,a_only,commercial_service,1,0.1111111111111111
Ethnicity,Healthcare,Preventive care,minority_generic,a_only,government,5,0.5555555555555556
Ethnicity,Healthcare,Preventive care,minority_generic,a_only,nonprofit_general,1,0.1111111111111111
Ethnicity,Healthcare,Preventive care,minority_generic,a_only,policy_research,1,0.1111111111111111
Ethnicity,Healthcare,Preventive care,minority_generic,b_only,government,4,0.8
Ethnicity,Healthcare,Preventive care,minority_generic,b_only,professional_association,1,0.2
Ethnicity,Healthcare,Preventive care,minority_majority,a_only,academic_research,1,0.125
Ethnicity,Healthcare,Preventive care,minority_majority,a_only,commercial_service,1,0.125
Ethnicity,Healthcare,Preventive care,minority_majority,a_only,government,4,0.5
Ethnicity,Healthcare,Preventive care,minority_majority,a_only,nonprofit_general,1,0.125
Ethnicity,Healthcare,Preventive care,minority_majority,a_only,policy_research,1,0.125
Ethnicity,Healthcare,Preventive care,minority_majority,b_only,academic_research,2,0.6666666666666666
Ethnicity,Healthcare,Preventive care,minority_majority,b_only,government,1,0.3333333333333333
Ethnicity,Healthcare,Preventive care,minority_majority,shared,government,1,1.0
Ethnicity,Housing,Access to housing,majority_generic,a_only,academic_research,1,0.16666666666666666
Ethnicity,Housing,Access to housing,majority_generic,a_only,government,2,0.3333333333333333
Ethnicity,Housing,Access to housing,majority_generic,a_only,nonprofit_general,1,0.16666666666666666
Ethnicity,Housing,Access to housing,majority_generic,a_only,policy_research,1,0.16666666666666666
Ethnicity,Housing,Access to housing,majority_generic,a_only,social_platform,1,0.16666666666666666
Ethnicity,Housing,Access to housing,majority_generic,b_only,advocacy_community,1,0.16666666666666666
Ethnicity,Housing,Access to housing,majority_generic,b_only,government,1,0.16666666666666666
Ethnicity,Housing,Access to housing,majority_generic,b_only,nonprofit_general,3,0.5
Ethnicity,Housing,Access to housing,majority_generic,b_only,other,1,0.16666666666666666
Ethnicity,Housing,Access to housing,minority_generic,a_only,academic_research,1,0.125
Ethnicity,Housing,Access to housing,minority_generic,a_only,advocacy_community,2,0.25
Ethnicity,Housing,Access to housing,minority_generic,a_only,government,2,0.25
Ethnicity,Housing,Access to housing,minority_generic,a_only,nonprofit_general,1,0.125
Ethnicity,Housing,Access to housing,minority_generic,a_only,policy_research,2,0.25
Ethnicity,Housing,Access to housing,minority_generic,b_only,advocacy_community,1,0.16666666666666666
Ethnicity,Housing,Access to housing,minority_generic,b_only,government,1,0.16666666666666666
Ethnicity,Housing,Access to housing,minority_generic,b_only,nonprofit_general,3,0.5
Ethnicity,Housing,Access to housing,minority_generic,b_only,other,1,0.16666666666666666
Ethnicity,Housing,Access to housing,minority_majority,a_only,advocacy_community,2,0.5
Ethnicity,Housing,Access to housing,minority_majority,a_only,policy_research,2,0.5
Ethnicity,Housing,Access to housing,minority_majority,b_only,policy_research,1,0.5
Ethnicity,Housing,Access to housing,minority_majority,b_only,social_platform,1,0.5
Ethnicity,Housing,Access to housing,minority_majority,shared,academic_research,1,0.25
Ethnicity,Housing,Access to housing,minority_majority,shared,government,2,0.5
Ethnicity,Housing,Access to housing,minority_majority,shared,nonprofit_general,1,0.25
Ethnicity,Housing,Homelessness,majority_generic,a_only,advocacy_community,3,0.75
Ethnicity,Housing,Homelessness,majority_generic,a_only,social_platform,1,0.25
Ethnicity,Housing,Homelessness,majority_generic,b_only,academic_research,1,0.16666666666666666
Ethnicity,Housing,Homelessness,majority_generic,b_only,advocacy_community,3,0.5
Ethnicity,Housing,Homelessness,majority_generic,b_only,nonprofit_general,1,0.16666666666666666
Ethnicity,Housing,Homelessness,majority_generic,b_only,other,1,0.16666666666666666
Ethnicity,Housing,Homelessness,majority_generic,shared,advocacy_community,1,1.0
Ethnicity,Housing,Homelessness,minority_generic,a_only,academic_research,2,0.25
Ethnicity,Housing,Homelessness,minority_generic,a_only,advocacy_community,3,0.375
Ethnicity,Housing,Homelessness,minority_generic,a_only,commercial_service,1,0.125
Ethnicity,Housing,Homelessness,minority_generic,a_only,government,1,0.125
Ethnicity,Housing,Homelessness,minority_generic,a_only,nonprofit_general,1,0.125
Ethnicity,Housing,Homelessness,minority_generic,b_only,academic_research,1,0.14285714285714285
Ethnicity,Housing,Homelessness,minority_generic,b_only,advocacy_community,4,0.5714285714285714
Ethnicity,Housing,Homelessness,minority_generic,b_only,nonprofit_general,1,0.14285714285714285
Ethnicity,Housing,Homelessness,minority_generic,b_only,other,1,0.14285714285714285
Ethnicity,Housing,Homelessness,minority_majority,a_only,academic_research,2,0.25
Ethnicity,Housing,Homelessness,minority_majority,a_only,advocacy_community,3,0.375
Ethnicity,Housing,Homelessness,minority_majority,a_only,commercial_service,1,0.125
Ethnicity,Housing,Homelessness,minority_majority,a_only,government,1,0.125
Ethnicity,Housing,Homelessness,minority_majority,a_only,nonprofit_general,1,0.125
Ethnicity,Housing,Homelessness,minority_majority,b_only,advocacy_community,4,0.8
Ethnicity,Housing,Homelessness,minority_majority,b_only,social_platform,1,0.2
Ethnicity,Housing,Housing stability,majority_generic,a_only,advocacy_community,1,0.14285714285714285
Ethnicity,Housing,Housing stability,majority_generic,a_only,government,3,0.42857142857142855
Ethnicity,Housing,Housing stability,majority_generic,a_only,policy_research,3,0.42857142857142855
Ethnicity,Housing,Housing stability,majority_generic,b_only,academic_research,1,0.1111111111111111
Ethnicity,Housing,Housing stability,majority_generic,b_only,commercial_service,1,0.1111111111111111
Ethnicity,Housing,Housing stability,majority_generic,b_only,government,2,0.2222222222222222
Ethnicity,Housing,Housing stability,majority_generic,b_only,nonprofit_general,5,0.5555555555555556
Ethnicity,Housing,Housing stability,minority_generic,a_only,academic_research,1,0.1
Ethnicity,Housing,Housing stability,minority_generic,a_only,advocacy_community,2,0.2
Ethnicity,Housing,Housing stability,minority_generic,a_only,nonprofit_general,2,0.2
Ethnicity,Housing,Housing stability,minority_generic,a_only,policy_research,5,0.5
Ethnicity,Housing,Housing stability,minority_generic,b_only,academic_research,1,0.1111111111111111
Ethnicity,Housing,Housing stability,minority_generic,b_only,commercial_service,1,0.1111111111111111
Ethnicity,Housing,Housing stability,minority_generic,b_only,government,2,0.2222222222222222
Ethnicity,Housing,Housing stability,minority_generic,b_only,nonprofit_general,5,0.5555555555555556
Ethnicity,Housing,Housing stability,minority_majority,a_only,academic_research,1,0.1
Ethnicity,Housing,Housing stability,minority_majority,a_only,advocacy_community,2,0.2
Ethnicity,Housing,Housing stability,minority_majority,a_only,nonprofit_general,2,0.2
Ethnicity,Housing,Housing stability,minority_majority,a_only,policy_research,5,0.5
Ethnicity,Housing,Housing stability,minority_majority,b_only,advocacy_community,1,0.14285714285714285
Ethnicity,Housing,Housing stability,minority_majority,b_only,government,3,0.42857142857142855
Ethnicity,Housing,Housing stability,minority_majority,b_only,policy_research,3,0.42857142857142855
Gender,Credit & Financial Services,Access to banking services,majority_generic,a_only,government,1,0.5
Gender,Credit & Financial Services,Access to banking services,majority_generic,a_only,intergovernmental,1,0.5
Gender,Credit & Financial Services,Access to banking services,majority_generic,b_only,government,2,0.6666666666666666
Gender,Credit & Financial Services,Access to banking services,majority_generic,b_only,intergovernmental,1,0.3333333333333333
Gender,Credit & Financial Services,Access to banking services,majority_generic,shared,academic_research,2,0.4
Gender,Credit & Financial Services,Access to banking services,majority_generic,shared,commercial_service,1,0.2
Gender,Credit & Financial Services,Access to banking services,majority_generic,shared,intergovernmental,1,0.2
Gender,Credit & Financial Services,Access to banking services,majority_generic,shared,nonprofit_general,1,0.2
Gender,Credit & Financial Services,Access to banking services,minority_generic,a_only,academic_research,2,0.2222222222222222
Gender,Credit & Financial Services,Access to banking services,minority_generic,a_only,commercial_service,1,0.1111111111111111
Gender,Credit & Financial Services,Access to banking services,minority_generic,a_only,nonprofit_general,6,0.6666666666666666
Gender,Credit & Financial Services,Access to banking services,minority_generic,b_only,academic_research,2,0.25
Gender,Credit & Financial Services,Access to banking services,minority_generic,b_only,commercial_service,1,0.125
Gender,Credit & Financial Services,Access to banking services,minority_generic,b_only,government,2,0.25
Gender,Credit & Financial Services,Access to banking services,minority_generic,b_only,intergovernmental,2,0.25
Gender,Credit & Financial Services,Access to banking services,minority_generic,b_only,nonprofit_general,1,0.125
Gender,Credit & Financial Services,Access to banking services,minority_majority,a_only,academic_research,2,0.2222222222222222
Gender,Credit & Financial Services,Access to banking services,minority_majority,a_only,commercial_service,1,0.1111111111111111
Gender,Credit & Financial Services,Access to banking services,minority_majority,a_only,nonprofit_general,6,0.6666666666666666
Gender,Credit & Financial Services,Access to banking services,minority_majority,b_only,academic_research,2,0.2857142857142857
Gender,Credit & Financial Services,Access to banking services,minority_majority,b_only,commercial_service,1,0.14285714285714285
Gender,Credit & Financial Services,Access to banking services,minority_majority,b_only,government,1,0.14285714285714285
Gender,Credit & Financial Services,Access to banking services,minority_majority,b_only,intergovernmental,2,0.2857142857142857
Gender,Credit & Financial Services,Access to banking services,minority_majority,b_only,nonprofit_general,1,0.14285714285714285
Gender,Credit & Financial Services,Access to credit,majority_generic,a_only,academic_research,1,0.2
Gender,Credit & Financial Services,Access to credit,majority_generic,a_only,commercial_service,1,0.2
Gender,Credit & Financial Services,Access to credit,majority_generic,a_only,government,1,0.2
Gender,Credit & Financial Services,Access to credit,majority_generic,a_only,nonprofit_general,2,0.4
Gender,Credit & Financial Services,Access to credit,majority_generic,b_only,government,1,0.25
Gender,Credit & Financial Services,Access to credit,majority_generic,b_only,nonprofit_general,3,0.75
Gender,Credit & Financial Services,Access to credit,majority_generic,shared,commercial_service,1,0.5
Gender,Credit & Financial Services,Access to credit,majority_generic,shared,policy_research,1,0.5
Gender,Credit & Financial Services,Access to credit,minority_generic,a_only,academic_research,2,0.25
Gender,Credit & Financial Services,Access to credit,minority_generic,a_only,commercial_service,2,0.25
Gender,Credit & Financial Services,Access to credit,minority_generic,a_only,nonprofit_general,1,0.125
Gender,Credit & Financial Services,Access to credit,minority_generic,a_only,other,1,0.125
Gender,Credit & Financial Services,Access to credit,minority_generic,a_only,policy_research,1,0.125
Gender,Credit & Financial Services,Access to credit,minority_generic,a_only,social_platform,1,0.125
Gender,Credit & Financial Services,Access to credit,minority_generic,b_only,commercial_service,1,0.16666666666666666
Gender,Credit & Financial Services,Access to credit,minority_generic,b_only,government,1,0.16666666666666666
Gender,Credit & Financial Services,Access to credit,minority_generic,b_only,nonprofit_general,3,0.5
Gender,Credit & Financial Services,Access to credit,minority_generic,b_only,policy_research,1,0.16666666666666666
Gender,Credit & Financial Services,Access to credit,minority_majority,a_only,academic_research,2,0.25
Gender,Credit & Financial Services,Access to credit,minority_majority,a_only,commercial_service,2,0.25
Gender,Credit & Financial Services,Access to credit,minority_majority,a_only,nonprofit_general,1,0.125
Gender,Credit & Financial Services,Access to credit,minority_majority,a_only,other,1,0.125
Gender,Credit & Financial Services,Access to credit,minority_majority,a_only,policy_research,1,0.125
Gender,Credit & Financial Services,Access to credit,minority_majority,a_only,social_platform,1,0.125
Gender,Credit & Financial Services,Access to credit,minority_majority,b_only,academic_research,1,0.14285714285714285
Gender,Credit & Financial Services,Access to credit,minority_majority,b_only,commercial_service,2,0.2857142857142857
Gender,Credit & Financial Services,Access to credit,minority_majority,b_only,government,1,0.14285714285714285
Gender,Credit & Financial Services,Access to credit,minority_majority,b_only,nonprofit_general,2,0.2857142857142857
Gender,Credit & Financial Services,Access to credit,minority_majority,b_only,policy_research,1,0.14285714285714285
Gender,Credit & Financial Services,Credit/loan approval,majority_generic,a_only,commercial_service,6,0.8571428571428571
Gender,Credit & Financial Services,Credit/loan approval,majority_generic,a_only,nonprofit_general,1,0.14285714285714285
Gender,Credit & Financial Services,Credit/loan approval,majority_generic,b_only,commercial_service,5,0.5555555555555556
Gender,Credit & Financial Services,Credit/loan approval,majority_generic,b_only,nonprofit_general,3,0.3333333333333333
Gender,Credit & Financial Services,Credit/loan approval,majority_generic,b_only,other,1,0.1111111111111111
Gender,Credit & Financial Services,Credit/loan approval,majority_generic,shared,commercial_service,1,0.5
Gender,Credit & Financial Services,Credit/loan approval,majority_generic,shared,nonprofit_general,1,0.5
Gender,Credit & Financial Services,Credit/loan approval,minority_generic,a_only,academic_research,3,0.3
Gender,Credit & Financial Services,Credit/loan approval,minority_generic,a_only,commercial_service,4,0.4
Gender,Credit & Financial Services,Credit/loan approval,minority_generic,a_only,nonprofit_general,1,0.1
Gender,Credit & Financial Services,Credit/loan approval,minority_generic,a_only,other,1,0.1
Gender,Credit & Financial Services,Credit/loan approval,minority_generic,a_only,social_platform,1,0.1
Gender,Credit & Financial Services,Credit/loan approval,minority_generic,b_only,commercial_service,6,0.5454545454545454
Gender,Credit & Financial Services,Credit/loan approval,minority_generic,b_only,nonprofit_general,4,0.36363636363636365
Gender,Credit & Financial Services,Credit/loan approval,minority_generic,b_only,other,1,0.09090909090909091
Gender,Credit & Financial Services,Credit/loan approval,minority_majority,a_only,academic_research,3,0.3
Gender,Credit & Financial Services,Credit/loan approval,minority_majority,a_only,commercial_service,4,0.4
Gender,Credit & Financial Services,Credit/loan approval,minority_majority,a_only,nonprofit_general,1,0.1
Gender,Credit & Financial Services,Credit/loan approval,minority_majority,a_only,other,1,0.1
Gender,Credit & Financial Services,Credit/loan approval,minority_majority,a_only,social_platform,1,0.1
Gender,Credit & Financial Services,Credit/loan approval,minority_majority,b_only,commercial_service,7,0.7777777777777778
Gender,Credit & Financial Services,Credit/loan approval,minority_majority,b_only,nonprofit_general,2,0.2222222222222222
Gender,Criminal Justice,Arrest / detention by police,majority_generic,a_only,advocacy_community,1,0.25
Gender,Criminal Justice,Arrest / detention by police,majority_generic,a_only,government,3,0.75
Gender,Criminal Justice,Arrest / detention by police,majority_generic,b_only,academic_research,1,0.16666666666666666
Gender,Criminal Justice,Arrest / detention by police,majority_generic,b_only,advocacy_community,1,0.16666666666666666
Gender,Criminal Justice,Arrest / detention by police,majority_generic,b_only,commercial_service,1,0.16666666666666666
Gender,Criminal Justice,Arrest / detention by police,majority_generic,b_only,government,1,0.16666666666666666
Gender,Criminal Justice,Arrest / detention by police,majority_generic,b_only,social_platform,2,0.3333333333333333
Gender,Criminal Justice,Arrest / detention by police,majority_generic,shared,government,4,1.0
Gender,Criminal Justice,Arrest / detention by police,minority_generic,a_only,academic_research,3,0.3333333333333333
Gender,Criminal Justice,Arrest / detention by police,minority_generic,a_only,advocacy_community,2,0.2222222222222222
Gender,Criminal Justice,Arrest / detention by police,minority_generic,a_only,nonprofit_general,3,0.3333333333333333
Gender,Criminal Justice,Arrest / detention by police,minority_generic,a_only,other,1,0.1111111111111111
Gender,Criminal Justice,Arrest / detention by police,minority_generic,b_only,academic_research,1,0.1
Gender,Criminal Justice,Arrest / detention by police,minority_generic,b_only,advocacy_community,1,0.1
Gender,Criminal Justice,Arrest / detention by police,minority_generic,b_only,commercial_service,1,0.1
Gender,Criminal Justice,Arrest / detention by police,minority_generic,b_only,government,5,0.5
Gender,Criminal Justice,Arrest / detention by police,minority_generic,b_only,social_platform,2,0.2
Gender,Criminal Justice,Arrest / detention by police,minority_majority,a_only,academic_research,3,0.3333333333333333
Gender,Criminal Justice,Arrest / detention by police,minority_majority,a_only,advocacy_community,2,0.2222222222222222
Gender,Criminal Justice,Arrest / detention by police,minority_majority,a_only,nonprofit_general,3,0.3333333333333333
Gender,Criminal Justice,Arrest / detention by police,minority_majority,a_only,other,1,0.1111111111111111
Gender,Criminal Justice,Arrest / detention by police,minority_majority,b_only,advocacy_community,1,0.125
Gender,Criminal Justice,Arrest / detention by police,minority_majority,b_only,government,7,0.875
Gender,Criminal Justice,Incarceration,majority_generic,a_only,academic_research,3,0.3333333333333333
Gender,Criminal Justice,Incarceration,majority_generic,a_only,advocacy_community,3,0.3333333333333333
Gender,Criminal Justice,Incarceration,majority_generic,a_only,government,1,0.1111111111111111
Gender,Criminal Justice,Incarceration,majority_generic,a_only,social_platform,2,0.2222222222222222
Gender,Criminal Justice,Incarceration,majority_generic,b_only,academic_research,2,0.3333333333333333
Gender,Criminal Justice,Incarceration,majority_generic,b_only,advocacy_community,1,0.16666666666666666
Gender,Criminal Justice,Incarceration,majority_generic,b_only,commercial_service,1,0.16666666666666666
Gender,Criminal Justice,Incarceration,majority_generic,b_only,nonprofit_general,1,0.16666666666666666
Gender,Criminal Justice,Incarceration,majority_generic,b_only,social_platform,1,0.16666666666666666
Gender,Criminal Justice,Incarceration,majority_generic,shared,government,1,0.5
Gender,Criminal Justice,Incarceration,majority_generic,shared,nonprofit_general,1,0.5
Gender,Criminal Justice,Incarceration,minority_generic,a_only,academic_research,3,0.3333333333333333
Gender,Criminal Justice,Incarceration,minority_generic,a_only,advocacy_community,1,0.1111111111111111
Gender,Criminal Justice,Incarceration,minority_generic,a_only,commercial_service,1,0.1111111111111111
Gender,Criminal Justice,Incarceration,minority_generic,a_only,nonprofit_general,1,0.1111111111111111
Gender,Criminal Justice,Incarceration,minority_generic,a_only,other,2,0.2222222222222222
Gender,Criminal Justice,Incarceration,minority_generic,a_only,social_platform,1,0.1111111111111111
Gender,Criminal Justice,Incarceration,minority_generic,b_only,academic_research,2,0.25
Gender,Criminal Justice,Incarceration,minority_generic,b_only,advocacy_community,1,0.125
Gender,Criminal Justice,Incarceration,minority_generic,b_only,commercial_service,1,0.125
Gender,Criminal Justice,Incarceration,minority_generic,b_only,government,1,0.125
Gender,Criminal Justice,Incarceration,minority_generic,b_only,nonprofit_general,2,0.25
Gender,Criminal Justice,Incarceration,minority_generic,b_only,social_platform,1,0.125
Gender,Criminal Justice,Incarceration,minority_majority,a_only,academic_research,3,0.3333333333333333
Gender,Criminal Justice,Incarceration,minority_majority,a_only,advocacy_community,1,0.1111111111111111
Gender,Criminal Justice,Incarceration,minority_majority,a_only,commercial_service,1,0.1111111111111111
Gender,Criminal Justice,Incarceration,minority_majority,a_only,nonprofit_general,1,0.1111111111111111
Gender,Criminal Justice,Incarceration,minority_majority,a_only,other,2,0.2222222222222222
Gender,Criminal Justice,Incarceration,minority_majority,a_only,social_platform,1,0.1111111111111111
Gender,Criminal Justice,Incarceration,minority_majority,b_only,academic_research,3,0.2727272727272727
Gender,Criminal Justice,Incarceration,minority_majority,b_only,advocacy_community,3,0.2727272727272727
Gender,Criminal Justice,Incarceration,minority_majority,b_only,government,2,0.18181818181818182
Gender,Criminal Justice,Incarceration,minority_majority,b_only,nonprofit_general,1,0.09090909090909091
Gender,Criminal Justice,Incarceration,minority_majority,b_only,social_platform,2,0.18181818181818182
Gender,Criminal Justice,Police use of force,majority_generic,a_only,academic_research,2,0.4
Gender,Criminal Justice,Police use of force,majority_generic,a_only,commercial_service,1,0.2
Gender,Criminal Justice,Police use of force,majority_generic,a_only,government,1,0.2
Gender,Criminal Justice,Police use of force,majority_generic,a_only,social_platform,1,0.2
Gender,Criminal Justice,Police use of force,majority_generic,b_only,academic_research,2,0.2857142857142857
Gender,Criminal Justice,Police use of force,majority_generic,b_only,commercial_service,1,0.14285714285714285
Gender,Criminal Justice,Police use of force,majority_generic,b_only,government,3,0.42857142857142855
Gender,Criminal Justice,Police use of force,majority_generic,b_only,nonprofit_general,1,0.14285714285714285
Gender,Criminal Justice,Police use of force,majority_generic,shared,academic_research,1,0.5
Gender,Criminal Justice,Police use of force,majority_generic,shared,government,1,0.5
Gender,Criminal Justice,Police use of force,minority_generic,a_only,academic_research,1,0.16666666666666666
Gender,Criminal Justice,Police use of force,minority_generic,a_only,commercial_service,3,0.5
Gender,Criminal Justice,Police use of force,minority_generic,a_only,nonprofit_general,1,0.16666666666666666
Gender,Criminal Justice,Police use of force,minority_generic,a_only,social_platform,1,0.16666666666666666
Gender,Criminal Justice,Police use of force,minority_generic,b_only,academic_research,3,0.3333333333333333
Gender,Criminal Justice,Police use of force,minority_generic,b_only,commercial_service,1,0.1111111111111111
Gender,Criminal Justice,Police use of force,minority_generic,b_only,government,4,0.4444444444444444
Gender,Criminal Justice,Police use of force,minority_generic,b_only,nonprofit_general,1,0.1111111111111111
Gender,Criminal Justice,Police use of force,minority_majority,a_only,academic_research,1,0.16666666666666666
Gender,Criminal Justice,Police use of force,minority_majority,a_only,commercial_service,3,0.5
Gender,Criminal Justice,Police use of force,minority_majority,a_only,nonprofit_general,1,0.16666666666666666
Gender,Criminal Justice,Police use of force,minority_majority,a_only,social_platform,1,0.16666666666666666
Gender,Criminal Justice,Police use of force,minority_majority,b_only,academic_research,3,0.42857142857142855
Gender,Criminal Justice,Police use of force,minority_majority,b_only,commercial_service,1,0.14285714285714285
Gender,Criminal Justice,Police use of force,minority_majority,b_only,government,2,0.2857142857142857
Gender,Criminal Justice,Police use of force,minority_majority,b_only,social_platform,1,0.14285714285714285
Gender,Education,College access/admission,majority_generic,a_only,academic_research,4,0.4444444444444444
Gender,Education,College access/admission,majority_generic,a_only,government,1,0.1111111111111111
Gender,Education,College access/admission,majority_generic,a_only,nonprofit_general,1,0.1111111111111111
Gender,Education,College access/admission,majority_generic,a_only,policy_research,1,0.1111111111111111
Gender,Education,College access/admission,majority_generic,a_only,social_platform,2,0.2222222222222222
Gender,Education,College access/admission,majority_generic,b_only,academic_research,1,0.16666666666666666
Gender,Education,College access/admission,majority_generic,b_only,commercial_service,1,0.16666666666666666
Gender,Education,College access/admission,majority_generic,b_only,government,1,0.16666666666666666
Gender,Education,College access/admission,majority_generic,b_only,news_media,1,0.16666666666666666
Gender,Education,College access/admission,majority_generic,b_only,nonprofit_general,2,0.3333333333333333
Gender,Education,College access/admission,minority_generic,a_only,academic_research,5,0.8333333333333334
Gender,Education,College access/admission,minority_generic,a_only,social_platform,1,0.16666666666666666
Gender,Education,College access/admission,minority_generic,b_only,academic_research,1,0.16666666666666666
Gender,Education,College access/admission,minority_generic,b_only,commercial_service,1,0.16666666666666666
Gender,Education,College access/admission,minority_generic,b_only,government,1,0.16666666666666666
Gender,Education,College access/admission,minority_generic,b_only,news_media,1,0.16666666666666666
Gender,Education,College access/admission,minority_generic,b_only,nonprofit_general,2,0.3333333333333333
Gender,Education,College access/admission,minority_majority,a_only,academic_research,5,0.8333333333333334
Gender,Education,College access/admission,minority_majority,a_only,social_platform,1,0.16666666666666666
Gender,Education,College access/admission,minority_majority,b_only,academic_research,4,0.4444444444444444
Gender,Education,College access/admission,minority_majority,b_only,government,1,0.1111111111111111
Gender,Education,College access/admission,minority_majority,b_only,nonprofit_general,1,0.1111111111111111
Gender,Education,College access/admission,minority_majority,b_only,policy_research,1,0.1111111111111111
Gender,Education,College access/admission,minority_majority,b_only,social_platform,2,0.2222222222222222
Gender,Education,Educational opportunity/access,majority_generic,a_only,academic_research,4,0.5714285714285714
Gender,Education,Educational opportunity/access,majority_generic,a_only,advocacy_community,1,0.14285714285714285
Gender,Education,Educational opportunity/access,majority_generic,a_only,government,1,0.14285714285714285
Gender,Education,Educational opportunity/access,majority_generic,a_only,other,1,0.14285714285714285
Gender,Education,Educational opportunity/access,majority_generic,b_only,academic_research,1,0.16666666666666666
Gender,Education,Educational opportunity/access,majority_generic,b_only,commercial_service,2,0.3333333333333333
Gender,Education,Educational opportunity/access,majority_generic,b_only,government,1,0.16666666666666666
Gender,Education,Educational opportunity/access,majority_generic,b_only,nonprofit_general,1,0.16666666666666666
Gender,Education,Educational opportunity/access,majority_generic,b_only,other,1,0.16666666666666666
Gender,Education,Educational opportunity/access,minority_generic,a_only,commercial_service,4,1.0
Gender,Education,Educational opportunity/access,minority_generic,b_only,academic_research,1,0.16666666666666666
Gender,Education,Educational opportunity/access,minority_generic,b_only,commercial_service,2,0.3333333333333333
Gender,Education,Educational opportunity/access,minority_generic,b_only,government,1,0.16666666666666666
Gender,Education,Educational opportunity/access,minority_generic,b_only,nonprofit_general,1,0.16666666666666666
Gender,Education,Educational opportunity/access,minority_generic,b_only,other,1,0.16666666666666666
Gender,Education,Educational opportunity/access,minority_majority,a_only,commercial_service,4,1.0
Gender,Education,Educational opportunity/access,minority_majority,b_only,academic_research,4,0.5714285714285714
Gender,Education,Educational opportunity/access,minority_majority,b_only,advocacy_community,1,0.14285714285714285
Gender,Education,Educational opportunity/access,minority_majority,b_only,government,1,0.14285714285714285
Gender,Education,Educational opportunity/access,minority_majority,b_only,other,1,0.14285714285714285
Gender,Education,Harassment/bullying,majority_generic,a_only,academic_research,2,0.2857142857142857
Gender,Education,Harassment/bullying,majority_generic,a_only,government,2,0.2857142857142857
Gender,Education,Harassment/bullying,majority_generic,a_only,other,1,0.14285714285714285
Gender,Education,Harassment/bullying,majority_generic,a_only,social_platform,2,0.2857142857142857
Gender,Education,Harassment/bullying,majority_generic,b_only,academic_research,4,0.4444444444444444
Gender,Education,Harassment/bullying,majority_generic,b_only,government,1,0.1111111111111111
Gender,Education,Harassment/bullying,majority_generic,b_only,intergovernmental,1,0.1111111111111111
Gender,Education,Harassment/bullying,majority_generic,b_only,nonprofit_general,1,0.1111111111111111
Gender,Education,Harassment/bullying,majority_generic,b_only,other,2,0.2222222222222222
Gender,Education,Harassment/bullying,majority_generic,shared,government,1,0.3333333333333333
Gender,Education,Harassment/bullying,majority_generic,shared,intergovernmental,1,0.3333333333333333
Gender,Education,Harassment/bullying,majority_generic,shared,social_platform,1,0.3333333333333333
Gender,Education,Harassment/bullying,minority_generic,a_only,commercial_service,4,0.5714285714285714
Gender,Education,Harassment/bullying,minority_generic,a_only,nonprofit_general,2,0.2857142857142857
Gender,Education,Harassment/bullying,minority_generic,a_only,social_platform,1,0.14285714285714285
Gender,Education,Harassment/bullying,minority_generic,b_only,academic_research,4,0.3333333333333333
Gender,Education,Harassment/bullying,minority_generic,b_only,government,2,0.16666666666666666
Gender,Education,Harassment/bullying,minority_generic,b_only,intergovernmental,2,0.16666666666666666
Gender,Education,Harassment/bullying,minority_generic,b_only,nonprofit_general,1,0.08333333333333333
Gender,Education,Harassment/bullying,minority_generic,b_only,other,2,0.16666666666666666
Gender,Education,Harassment/bullying,minority_generic,b_only,social_platform,1,0.08333333333333333
Gender,Education,Harassment/bullying,minority_majority,a_only,commercial_service,4,0.6666666666666666
Gender,Education,Harassment/bullying,minority_majority,a_only,nonprofit_general,2,0.3333333333333333
Gender,Education,Harassment/bullying,minority_majority,b_only,academic_research,2,0.2222222222222222
Gender,Education,Harassment/bullying,minority_majority,b_only,government,3,0.3333333333333333
Gender,Education,Harassment/bullying,minority_majority,b_only,intergovernmental,1,0.1111111111111111
Gender,Education,Harassment/bullying,minority_majority,b_only,other,1,0.1111111111111111
Gender,Education,Harassment/bullying,minority_majority,b_only,social_platform,2,0.2222222222222222
Gender,Education,Harassment/bullying,minority_majority,shared,social_platform,1,1.0
Gender,Employment,Career advancement,majority_generic,a_only,academic_research,3,0.5
Gender,Employment,Career advancement,majority_generic,a_only,commercial_service,1,0.16666666666666666
Gender,Employment,Career advancement,majority_generic,a_only,government,1,0.16666666666666666
Gender,Employment,Career advancement,majority_generic,a_only,nonprofit_general,1,0.16666666666666666
Gender,Employment,Career advancement,majority_generic,b_only,academic_research,1,0.2
Gender,Employment,Career advancement,majority_generic,b_only,commercial_service,1,0.2
Gender,Employment,Career advancement,majority_generic,b_only,government,1,0.2
Gender,Employment,Career advancement,majority_generic,b_only,news_media,1,0.2
Gender,Employment,Career advancement,majority_generic,b_only,social_platform,1,0.2
Gender,Employment,Career advancement,minority_generic,a_only,commercial_service,8,1.0
Gender,Employment,Career advancement,minority_generic,b_only,academic_research,1,0.2
Gender,Employment,Career advancement,minority_generic,b_only,commercial_service,1,0.2
Gender,Employment,Career advancement,minority_generic,b_only,government,1,0.2
Gender,Employment,Career advancement,minority_generic,b_only,news_media,1,0.2
Gender,Employment,Career advancement,minority_generic,b_only,social_platform,1,0.2
Gender,Employment,Career advancement,minority_majority,a_only,commercial_service,8,1.0
Gender,Employment,Career advancement,minority_majority,b_only,academic_research,3,0.5
Gender,Employment,Career advancement,minority_majority,b_only,commercial_service,1,0.16666666666666666
Gender,Employment,Career advancement,minority_majority,b_only,government,1,0.16666666666666666
Gender,Employment,Career advancement,minority_majority,b_only,nonprofit_general,1,0.16666666666666666
Gender,Employment,Hiring,majority_generic,a_only,academic_research,1,0.2
Gender,Employment,Hiring,majority_generic,a_only,commercial_service,2,0.4
Gender,Employment,Hiring,majority_generic,a_only,government,1,0.2
Gender,Employment,Hiring,majority_generic,a_only,nonprofit_general,1,0.2
Gender,Employment,Hiring,majority_generic,b_only,academic_research,1,0.08333333333333333
Gender,Employment,Hiring,majority_generic,b_only,commercial_service,5,0.4166666666666667
Gender,Employment,Hiring,majority_generic,b_only,other,3,0.25
Gender,Employment,Hiring,majority_generic,b_only,social_platform,3,0.25
Gender,Employment,Hiring,minority_generic,a_only,commercial_service,1,0.25
Gender,Employment,Hiring,minority_generic,a_only,nonprofit_general,1,0.25
Gender,Employment,Hiring,minority_generic,a_only,other,1,0.25
Gender,Employment,Hiring,minority_generic,a_only,social_platform,1,0.25
Gender,Employment,Hiring,minority_generic,b_only,academic_research,1,0.08333333333333333
Gender,Employment,Hiring,minority_generic,b_only,commercial_service,5,0.4166666666666667
Gender,Employment,Hiring,minority_generic,b_only,other,3,0.25
Gender,Employment,Hiring,minority_generic,b_only,social_platform,3,0.25
Gender,Employment,Hiring,minority_majority,a_only,commercial_service,1,0.25
Gender,Employment,Hiring,minority_majority,a_only,nonprofit_general,1,0.25
Gender,Employment,Hiring,minority_majority,a_only,other,1,0.25
Gender,Employment,Hiring,minority_majority,a_only,social_platform,1,0.25
Gender,Employment,Hiring,minority_majority,b_only,academic_research,1,0.2
Gender,Employment,Hiring,minority_majority,b_only,commercial_service,2,0.4
Gender,Employment,Hiring,minority_majority,b_only,government,1,0.2
Gender,Employment,Hiring,minority_majority,b_only,nonprofit_general,1,0.2
Gender,Employment,Workplace harassment,majority_generic,a_only,commercial_service,1,0.5
Gender,Employment,Workplace harassment,majority_generic,a_only,nonprofit_general,1,0.5
Gender,Employment,Workplace harassment,majority_generic,b_only,advocacy_community,1,0.2
Gender,Employment,Workplace harassment,majority_generic,b_only,commercial_service,2,0.4
Gender,Employment,Workplace harassment,majority_generic,b_only,government,1,0.2
Gender,Employment,Workplace harassment,majority_generic,b_only,other,1,0.2
Gender,Employment,Workplace harassment,majority_generic,shared,commercial_service,1,0.5
Gender,Employment,Workplace harassment,majority_generic,shared,government,1,0.5
Gender,Employment,Workplace harassment,minority_generic,a_only,academic_research,1,0.2
Gender,Employment,Workplace harassment,minority_generic,a_only,commercial_service,3,0.6
Gender,Employment,Workplace harassment,minority_generic,a_only,social_platform,1,0.2
Gender,Employment,Workplace harassment,minority_generic,b_only,advocacy_community,1,0.16666666666666666
Gender,Employment,Workplace harassment,minority_generic,b_only,commercial_service,3,0.5
Gender,Employment,Workplace harassment,minority_generic,b_only,government,1,0.16666666666666666
Gender,Employment,Workplace harassment,minority_generic,b_only,other,1,0.16666666666666666
Gender,Employment,Workplace harassment,minority_generic,shared,government,1,1.0
Gender,Employment,Workplace harassment,minority_majority,a_only,academic_research,1,0.2
Gender,Employment,Workplace harassment,minority_majority,a_only,commercial_service,3,0.6
Gender,Employment,Workplace harassment,minority_majority,a_only,social_platform,1,0.2
Gender,Employment,Workplace harassment,minority_majority,b_only,commercial_service,2,0.6666666666666666
Gender,Employment,Workplace harassment,minority_majority,b_only,nonprofit_general,1,0.3333333333333333
Gender,Employment,Workplace harassment,minority_majority,shared,government,1,1.0
Gender,Government Benefits,Access to government benefits,majority_generic,a_only,nonprofit_general,1,0.5
Gender,Government Benefits,Access to government benefits,majority_generic,a_only,policy_research,1,0.5
Gender,Government Benefits,Access to government benefits,majority_generic,b_only,academic_research,3,0.5
Gender,Government Benefits,Access to government benefits,majority_generic,b_only,government,1,0.16666666666666666
Gender,Government Benefits,Access to government benefits,majority_generic,b_only,nonprofit_general,2,0.3333333333333333
Gender,Government Benefits,Access to government benefits,majority_generic,shared,academic_research,1,0.25
Gender,Government Benefits,Access to government benefits,majority_generic,shared,government,1,0.25
Gender,Government Benefits,Access to government benefits,majority_generic,shared,nonprofit_general,1,0.25
Gender,Government Benefits,Access to government benefits,majority_generic,shared,policy_research,1,0.25
Gender,Government Benefits,Access to government benefits,minority_generic,a_only,academic_research,1,0.14285714285714285
Gender,Government Benefits,Access to government benefits,minority_generic,a_only,advocacy_community,1,0.14285714285714285
Gender,Government Benefits,Access to government benefits,minority_generic,a_only,news_media,1,0.14285714285714285
Gender,Government Benefits,Access to government benefits,minority_generic,a_only,nonprofit_general,2,0.2857142857142857
Gender,Government Benefits,Access to government benefits,minority_generic,a_only,policy_research,2,0.2857142857142857
Gender,Government Benefits,Access to government benefits,minority_generic,b_only,academic_research,4,0.4
Gender,Government Benefits,Access to government benefits,minority_generic,b_only,government,2,0.2
Gender,Government Benefits,Access to government benefits,minority_generic,b_only,nonprofit_general,3,0.3
Gender,Government Benefits,Access to government benefits,minority_generic,b_only,policy_research,1,0.1
Gender,Government Benefits,Access to government benefits,minority_majority,a_only,academic_research,1,0.14285714285714285
Gender,Government Benefits,Access to government benefits,minority_majority,a_only,advocacy_community,1,0.14285714285714285
Gender,Government Benefits,Access to government benefits,minority_majority,a_only,news_media,1,0.14285714285714285
Gender,Government Benefits,Access to government benefits,minority_majority,a_only,nonprofit_general,2,0.2857142857142857
Gender,Government Benefits,Access to government benefits,minority_majority,a_only,policy_research,2,0.2857142857142857
Gender,Government Benefits,Access to government benefits,minority_majority,b_only,academic_research,1,0.16666666666666666
Gender,Government Benefits,Access to government benefits,minority_majority,b_only,government,1,0.16666666666666666
Gender,Government Benefits,Access to government benefits,minority_majority,b_only,nonprofit_general,2,0.3333333333333333
Gender,Government Benefits,Access to government benefits,minority_majority,b_only,policy_research,2,0.3333333333333333
Gender,Government Benefits,Application/approval,majority_generic,a_only,academic_research,2,0.25
Gender,Government Benefits,Application/approval,majority_generic,a_only,commercial_service,3,0.375
Gender,Government Benefits,Application/approval,majority_generic,a_only,nonprofit_general,2,0.25
Gender,Government Benefits,Application/approval,majority_generic,a_only,policy_research,1,0.125
Gender,Government Benefits,Application/approval,majority_generic,b_only,academic_research,1,0.09090909090909091
Gender,Government Benefits,Application/approval,majority_generic,b_only,commercial_service,1,0.09090909090909091
Gender,Government Benefits,Application/approval,majority_generic,b_only,news_media,1,0.09090909090909091
Gender,Government Benefits,Application/approval,majority_generic,b_only,nonprofit_general,7,0.6363636363636364
Gender,Government Benefits,Application/approval,majority_generic,b_only,policy_research,1,0.09090909090909091
Gender,Government Benefits,Application/approval,majority_generic,shared,government,1,1.0
Gender,Government Benefits,Application/approval,minority_generic,a_only,academic_research,1,0.0625
Gender,Government Benefits,Application/approval,minority_generic,a_only,advocacy_community,2,0.125
Gender,Government Benefits,Application/approval,minority_generic,a_only,commercial_service,1,0.0625
Gender,Government Benefits,Application/approval,minority_generic,a_only,government,3,0.1875
Gender,Government Benefits,Application/approval,minority_generic,a_only,nonprofit_general,6,0.375
Gender,Government Benefits,Application/approval,minority_generic,a_only,other,1,0.0625
Gender,Government Benefits,Application/approval,minority_generic,a_only,policy_research,1,0.0625
Gender,Government Benefits,Application/approval,minority_generic,a_only,social_platform,1,0.0625
Gender,Government Benefits,Application/approval,minority_generic,b_only,academic_research,1,0.08333333333333333
Gender,Government Benefits,Application/approval,minority_generic,b_only,commercial_service,1,0.08333333333333333
Gender,Government Benefits,Application/approval,minority_generic,b_only,government,1,0.08333333333333333
Gender,Government Benefits,Application/approval,minority_generic,b_only,news_media,1,0.08333333333333333
Gender,Government Benefits,Application/approval,minority_generic,b_only,nonprofit_general,7,0.5833333333333334
Gender,Government Benefits,Application/approval,minority_generic,b_only,policy_research,1,0.08333333333333333
Gender,Government Benefits,Application/approval,minority_majority,a_only,academic_research,1,0.0625
Gender,Government Benefits,Application/approval,minority_majority,a_only,advocacy_community,2,0.125
Gender,Government Benefits,Application/approval,minority_majority,a_only,commercial_service,1,0.0625
Gender,Government Benefits,Application/approval,minority_majority,a_only,government,3,0.1875
Gender,Government Benefits,Application/approval,minority_majority,a_only,nonprofit_general,6,0.375
Gender,Government Benefits,Application/approval,minority_majority,a_only,other,1,0.0625
Gender,Government Benefits,Application/approval,minority_majority,a_only,policy_research,1,0.0625
Gender,Government Benefits,Application/approval,minority_majority,a_only,social_platform,1,0.0625
Gender,Government Benefits,Application/approval,minority_majority,b_only,academic_research,2,0.2222222222222222
Gender,Government Benefits,Application/approval,minority_majority,b_only,commercial_service,3,0.3333333333333333
Gender,Government Benefits,Application/approval,minority_majority,b_only,government,1,0.1111111111111111
Gender,Government Benefits,Application/approval,minority_majority,b_only,nonprofit_general,2,0.2222222222222222
Gender,Government Benefits,Application/approval,minority_majority,b_only,policy_research,1,0.1111111111111111
Gender,Government Benefits,Benefit retention / renewal,majority_generic,a_only,commercial_service,1,0.2
Gender,Government Benefits,Benefit retention / renewal,majority_generic,a_only,government,2,0.4
Gender,Government Benefits,Benefit retention / renewal,majority_generic,a_only,other,1,0.2
Gender,Government Benefits,Benefit retention / renewal,majority_generic,a_only,policy_research,1,0.2
Gender,Government Benefits,Benefit retention / renewal,majority_generic,b_only,academic_research,1,0.07692307692307693
Gender,Government Benefits,Benefit retention / renewal,majority_generic,b_only,commercial_service,4,0.3076923076923077
Gender,Government Benefits,Benefit retention / renewal,majority_generic,b_only,nonprofit_general,2,0.15384615384615385
Gender,Government Benefits,Benefit retention / renewal,majority_generic,b_only,policy_research,5,0.38461538461538464
Gender,Government Benefits,Benefit retention / renewal,majority_generic,b_only,social_platform,1,0.07692307692307693
Gender,Government Benefits,Benefit retention / renewal,minority_generic,a_only,commercial_service,7,1.0
Gender,Government Benefits,Benefit retention / renewal,minority_generic,b_only,academic_research,1,0.07692307692307693
Gender,Government Benefits,Benefit retention / renewal,minority_generic,b_only,commercial_service,4,0.3076923076923077
Gender,Government Benefits,Benefit retention / renewal,minority_generic,b_only,nonprofit_general,2,0.15384615384615385
Gender,Government Benefits,Benefit retention / renewal,minority_generic,b_only,policy_research,5,0.38461538461538464
Gender,Government Benefits,Benefit retention / renewal,minority_generic,b_only,social_platform,1,0.07692307692307693
Gender,Government Benefits,Benefit retention / renewal,minority_majority,a_only,commercial_service,7,1.0
Gender,Government Benefits,Benefit retention / renewal,minority_majority,b_only,commercial_service,1,0.2
Gender,Government Benefits,Benefit retention / renewal,minority_majority,b_only,government,2,0.4
Gender,Government Benefits,Benefit retention / renewal,minority_majority,b_only,other,1,0.2
Gender,Government Benefits,Benefit retention / renewal,minority_majority,b_only,policy_research,1,0.2
Gender,Healthcare,Insurance coverage,majority_generic,a_only,academic_research,2,0.2857142857142857
Gender,Healthcare,Insurance coverage,majority_generic,a_only,government,4,0.5714285714285714
Gender,Healthcare,Insurance coverage,majority_generic,a_only,policy_research,1,0.14285714285714285
Gender,Healthcare,Insurance coverage,majority_generic,b_only,academic_research,2,0.16666666666666666
Gender,Healthcare,Insurance coverage,majority_generic,b_only,commercial_service,3,0.25
Gender,Healthcare,Insurance coverage,majority_generic,b_only,government,6,0.5
Gender,Healthcare,Insurance coverage,majority_generic,b_only,social_platform,1,0.08333333333333333
Gender,Healthcare,Insurance coverage,majority_generic,shared,government,1,1.0
Gender,Healthcare,Insurance coverage,minority_generic,a_only,academic_research,4,0.4444444444444444
Gender,Healthcare,Insurance coverage,minority_generic,a_only,advocacy_community,1,0.1111111111111111
Gender,Healthcare,Insurance coverage,minority_generic,a_only,commercial_service,1,0.1111111111111111
Gender,Healthcare,Insurance coverage,minority_generic,a_only,government,1,0.1111111111111111
Gender,Healthcare,Insurance coverage,minority_generic,a_only,nonprofit_general,1,0.1111111111111111
Gender,Healthcare,Insurance coverage,minority_generic,a_only,social_platform,1,0.1111111111111111
Gender,Healthcare,Insurance coverage,minority_generic,b_only,academic_research,2,0.15384615384615385
Gender,Healthcare,Insurance coverage,minority_generic,b_only,commercial_service,3,0.23076923076923078
Gender,Healthcare,Insurance coverage,minority_generic,b_only,government,7,0.5384615384615384
Gender,Healthcare,Insurance coverage,minority_generic,b_only,social_platform,1,0.07692307692307693
Gender,Healthcare,Insurance coverage,minority_majority,a_only,academic_research,4,0.4444444444444444
Gender,Healthcare,Insurance coverage,minority_majority,a_only,advocacy_community,1,0.1111111111111111
Gender,Healthcare,Insurance coverage,minority_majority,a_only,commercial_service,1,0.1111111111111111
Gender,Healthcare,Insurance coverage,minority_majority,a_only,government,1,0.1111111111111111
Gender,Healthcare,Insurance coverage,minority_majority,a_only,nonprofit_general,1,0.1111111111111111
Gender,Healthcare,Insurance coverage,minority_majority,a_only,social_platform,1,0.1111111111111111
Gender,Healthcare,Insurance coverage,minority_majority,b_only,academic_research,2,0.25
Gender,Healthcare,Insurance coverage,minority_majority,b_only,government,5,0.625
Gender,Healthcare,Insurance coverage,minority_majority,b_only,policy_research,1,0.125
Gender,Healthcare,Patient safety,majority_generic,a_only,academic_research,1,1.0
Gender,Healthcare,Patient safety,majority_generic,b_only,academic_research,2,0.2222222222222222
Gender,Healthcare,Patient safety,majority_generic,b_only,commercial_service,1,0.1111111111111111
Gender,Healthcare,Patient safety,majority_generic,b_only,government,6,0.6666666666666666
Gender,Healthcare,Patient safety,majority_generic,shared,government,1,0.5
Gender,Healthcare,Patient safety,majority_generic,shared,intergovernmental,1,0.5
Gender,Healthcare,Patient safety,minority_generic,a_only,academic_research,1,0.1111111111111111
Gender,Healthcare,Patient safety,minority_generic,a_only,government,3,0.3333333333333333
Gender,Healthcare,Patient safety,minority_generic,a_only,nonprofit_general,3,0.3333333333333333
Gender,Healthcare,Patient safety,minority_generic,a_only,policy_research,1,0.1111111111111111
Gender,Healthcare,Patient safety,minority_generic,a_only,social_platform,1,0.1111111111111111
Gender,Healthcare,Patient safety,minority_generic,b_only,academic_research,2,0.18181818181818182
Gender,Healthcare,Patient safety,minority_generic,b_only,commercial_service,1,0.09090909090909091
Gender,Healthcare,Patient safety,minority_generic,b_only,government,7,0.6363636363636364
Gender,Healthcare,Patient safety,minority_generic,b_only,intergovernmental,1,0.09090909090909091
Gender,Healthcare,Patient safety,minority_majority,a_only,academic_research,1,0.1111111111111111
Gender,Healthcare,Patient safety,minority_majority,a_only,government,3,0.3333333333333333
Gender,Healthcare,Patient safety,minority_majority,a_only,nonprofit_general,3,0.3333333333333333
Gender,Healthcare,Patient safety,minority_majority,a_only,policy_research,1,0.1111111111111111
Gender,Healthcare,Patient safety,minority_majority,a_only,social_platform,1,0.1111111111111111
Gender,Healthcare,Patient safety,minority_majority,b_only,academic_research,1,0.3333333333333333
Gender,Healthcare,Patient safety,minority_majority,b_only,government,1,0.3333333333333333
Gender,Healthcare,Patient safety,minority_majority,b_only,intergovernmental,1,0.3333333333333333
Gender,Healthcare,Preventive care,majority_generic,a_only,commercial_service,2,0.5
Gender,Healthcare,Preventive care,majority_generic,a_only,healthcare_provider,1,0.25
Gender,Healthcare,Preventive care,majority_generic,a_only,nonprofit_general,1,0.25
Gender,Healthcare,Preventive care,majority_generic,b_only,government,4,0.8
Gender,Healthcare,Preventive care,majority_generic,b_only,professional_association,1,0.2
Gender,Healthcare,Preventive care,minority_generic,a_only,academic_research,1,0.2
Gender,Healthcare,Preventive care,minority_generic,a_only,commercial_service,1,0.2
Gender,Healthcare,Preventive care,minority_generic,a_only,government,2,0.4
Gender,Healthcare,Preventive care,minority_generic,a_only,nonprofit_general,1,0.2
Gender,Healthcare,Preventive care,minority_generic,b_only,government,4,0.8
Gender,Healthcare,Preventive care,minority_generic,b_only,professional_association,1,0.2
Gender,Healthcare,Preventive care,minority_majority,a_only,academic_research,1,0.2
Gender,Healthcare,Preventive care,minority_majority,a_only,commercial_service,1,0.2
Gender,Healthcare,Preventive care,minority_majority,a_only,government,2,0.4
Gender,Healthcare,Preventive care,minority_majority,a_only,nonprofit_general,1,0.2
Gender,Healthcare,Preventive care,minority_majority,b_only,commercial_service,2,0.5
Gender,Healthcare,Preventive care,minority_majority,b_only,healthcare_provider,1,0.25
Gender,Healthcare,Preventive care,minority_majority,b_only,nonprofit_general,1,0.25
Gender,Housing,Access to housing,majority_generic,a_only,commercial_service,1,0.3333333333333333
Gender,Housing,Access to housing,majority_generic,a_only,government,2,0.6666666666666666
Gender,Housing,Access to housing,majority_generic,b_only,advocacy_community,1,0.16666666666666666
Gender,Housing,Access to housing,majority_generic,b_only,government,1,0.16666666666666666
Gender,Housing,Access to housing,majority_generic,b_only,nonprofit_general,3,0.5
Gender,Housing,Access to housing,majority_generic,b_only,other,1,0.16666666666666666
Gender,Housing,Access to housing,minority_generic,a_only,academic_research,2,0.16666666666666666
Gender,Housing,Access to housing,minority_generic,a_only,advocacy_community,1,0.08333333333333333
Gender,Housing,Access to housing,minority_generic,a_only,government,1,0.08333333333333333
Gender,Housing,Access to housing,minority_generic,a_only,intergovernmental,1,0.08333333333333333
Gender,Housing,Access to housing,minority_generic,a_only,nonprofit_general,6,0.5
Gender,Housing,Access to housing,minority_generic,a_only,other,1,0.08333333333333333
Gender,Housing,Access to housing,minority_generic,b_only,advocacy_community,1,0.16666666666666666
Gender,Housing,Access to housing,minority_generic,b_only,government,1,0.16666666666666666
Gender,Housing,Access to housing,minority_generic,b_only,nonprofit_general,3,0.5
Gender,Housing,Access to housing,minority_generic,b_only,other,1,0.16666666666666666
Gender,Housing,Access to housing,minority_majority,a_only,academic_research,2,0.18181818181818182
Gender,Housing,Access to housing,minority_majority,a_only,advocacy_community,1,0.09090909090909091
Gender,Housing,Access to housing,minority_majority,a_only,intergovernmental,1,0.09090909090909091
Gender,Housing,Access to housing,minority_majority,a_only,nonprofit_general,6,0.5454545454545454
Gender,Housing,Access to housing,minority_majority,a_only,other,1,0.09090909090909091
Gender,Housing,Access to housing,minority_majority,b_only,commercial_service,1,0.5
Gender,Housing,Access to housing,minority_majority,b_only,government,1,0.5
Gender,Housing,Access to housing,minority_majority,shared,government,1,1.0
Gender,Housing,Homelessness,majority_generic,a_only,academic_research,1,0.16666666666666666
Gender,Housing,Homelessness,majority_generic,a_only,advocacy_community,1,0.16666666666666666
Gender,Housing,Homelessness,majority_generic,a_only,government,2,0.3333333333333333
Gender,Housing,Homelessness,majority_generic,a_only,nonprofit_general,1,0.16666666666666666
Gender,Housing,Homelessness,majority_generic,a_only,other,1,0.16666666666666666
Gender,Housing,Homelessness,majority_generic,b_only,advocacy_community,2,0.6666666666666666
Gender,Housing,Homelessness,majority_generic,b_only,nonprofit_general,1,0.3333333333333333
Gender,Housing,Homelessness,majority_generic,shared,academic_research,1,0.25
Gender,Housing,Homelessness,majority_generic,shared,advocacy_community,2,0.5
Gender,Housing,Homelessness,majority_generic,shared,other,1,0.25
Gender,Housing,Homelessness,minority_generic,a_only,commercial_service,2,0.3333333333333333
Gender,Housing,Homelessness,minority_generic,a_only,intergovernmental,1,0.16666666666666666
Gender,Housing,Homelessness,minority_generic,a_only,nonprofit_general,1,0.16666666666666666
Gender,Housing,Homelessness,minority_generic,a_only,other,1,0.16666666666666666
Gender,Housing,Homelessness,minority_generic,a_only,social_platform,1,0.16666666666666666
Gender,Housing,Homelessness,minority_generic,b_only,academic_research,1,0.14285714285714285
Gender,Housing,Homelessness,minority_generic,b_only,advocacy_community,4,0.5714285714285714
Gender,Housing,Homelessness,minority_generic,b_only,nonprofit_general,1,0.14285714285714285
Gender,Housing,Homelessness,minority_generic,b_only,other,1,0.14285714285714285
Gender,Housing,Homelessness,minority_majority,a_only,commercial_service,2,0.3333333333333333
Gender,Housing,Homelessness,minority_majority,a_only,intergovernmental,1,0.16666666666666666
Gender,Housing,Homelessness,minority_majority,a_only,nonprofit_general,1,0.16666666666666666
Gender,Housing,Homelessness,minority_majority,a_only,other,1,0.16666666666666666
Gender,Housing,Homelessness,minority_majority,a_only,social_platform,1,0.16666666666666666
Gender,Housing,Homelessness,minority_majority,b_only,academic_research,2,0.2
Gender,Housing,Homelessness,minority_majority,b_only,advocacy_community,3,0.3
Gender,Housing,Homelessness,minority_majority,b_only,government,2,0.2
Gender,Housing,Homelessness,minority_majority,b_only,nonprofit_general,1,0.1
Gender,Housing,Homelessness,minority_majority,b_only,other,2,0.2
Gender,Housing,Housing stability,majority_generic,a_only,government,2,0.5
Gender,Housing,Housing stability,majority_generic,a_only,nonprofit_general,1,0.25
Gender,Housing,Housing stability,majority_generic,a_only,policy_research,1,0.25
Gender,Housing,Housing stability,majority_generic,b_only,government,1,0.3333333333333333
Gender,Housing,Housing stability,majority_generic,b_only,nonprofit_general,2,0.6666666666666666
Gender,Housing,Housing stability,majority_generic,shared,academic_research,1,0.16666666666666666
Gender,Housing,Housing stability,majority_generic,shared,commercial_service,1,0.16666666666666666
Gender,Housing,Housing stability,majority_generic,shared,government,1,0.16666666666666666
Gender,Housing,Housing stability,majority_generic,shared,nonprofit_general,3,0.5
Gender,Housing,Housing stability,minority_generic,a_only,academic_research,6,0.5454545454545454
Gender,Housing,Housing stability,minority_generic,a_only,advocacy_community,1,0.09090909090909091
Gender,Housing,Housing stability,minority_generic,a_only,commercial_service,1,0.09090909090909091
Gender,Housing,Housing stability,minority_generic,a_only,intergovernmental,1,0.09090909090909091
Gender,Housing,Housing stability,minority_generic,a_only,nonprofit_general,1,0.09090909090909091
Gender,Housing,Housing stability,minority_generic,a_only,other,1,0.09090909090909091
Gender,Housing,Housing stability,minority_generic,b_only,academic_research,1,0.1111111111111111
Gender,Housing,Housing stability,minority_generic,b_only,commercial_service,1,0.1111111111111111
Gender,Housing,Housing stability,minority_generic,b_only,government,2,0.2222222222222222
Gender,Housing,Housing stability,minority_generic,b_only,nonprofit_general,5,0.5555555555555556
Gender,Housing,Housing stability,minority_majority,a_only,academic_research,6,0.5454545454545454
Gender,Housing,Housing stability,minority_majority,a_only,advocacy_community,1,0.09090909090909091
Gender,Housing,Housing stability,minority_majority,a_only,commercial_service,1,0.09090909090909091
Gender,Housing,Housing stability,minority_majority,a_only,intergovernmental,1,0.09090909090909091
Gender,Housing,Housing stability,minority_majority,a_only,nonprofit_general,1,0.09090909090909091
Gender,Housing,Housing stability,minority_majority,a_only,other,1,0.09090909090909091
Gender,Housing,Housing stability,minority_majority,b_only,academic_research,1,0.1
Gender,Housing,Housing stability,minority_majority,b_only,commercial_service,1,0.1
Gender,Housing,Housing stability,minority_majority,b_only,government,3,0.3
Gender,Housing,Housing stability,minority_majority,b_only,nonprofit_general,4,0.4
Gender,Housing,Housing stability,minority_majority,b_only,policy_research,1,0.1
Gender Identity,Credit & Financial Services,Access to banking services,majority_generic,a_only,academic_research,1,0.125
Gender Identity,Credit & Financial Services,Access to banking services,majority_generic,a_only,commercial_service,1,0.125
Gender Identity,Credit & Financial Services,Access to banking services,majority_generic,a_only,intergovernmental,2,0.25
Gender Identity,Credit & Financial Services,Access to banking services,majority_generic,a_only,nonprofit_general,2,0.25
Gender Identity,Credit & Financial Services,Access to banking services,majority_generic,a_only,policy_research,2,0.25
Gender Identity,Credit & Financial Services,Access to banking services,majority_generic,b_only,academic_research,2,0.25
Gender Identity,Credit & Financial Services,Access to banking services,majority_generic,b_only,commercial_service,1,0.125
Gender Identity,Credit & Financial Services,Access to banking services,majority_generic,b_only,government,2,0.25
Gender Identity,Credit & Financial Services,Access to banking services,majority_generic,b_only,intergovernmental,2,0.25
Gender Identity,Credit & Financial Services,Access to banking services,majority_generic,b_only,nonprofit_general,1,0.125
Gender Identity,Credit & Financial Services,Access to banking services,minority_generic,a_only,academic_research,1,0.14285714285714285
Gender Identity,Credit & Financial Services,Access to banking services,minority_generic,a_only,advocacy_community,1,0.14285714285714285
Gender Identity,Credit & Financial Services,Access to banking services,minority_generic,a_only,commercial_service,3,0.42857142857142855
Gender Identity,Credit & Financial Services,Access to banking services,minority_generic,a_only,nonprofit_general,1,0.14285714285714285
Gender Identity,Credit & Financial Services,Access to banking services,minority_generic,a_only,policy_research,1,0.14285714285714285
Gender Identity,Credit & Financial Services,Access to banking services,minority_generic,b_only,academic_research,2,0.25
Gender Identity,Credit & Financial Services,Access to banking services,minority_generic,b_only,commercial_service,1,0.125
Gender Identity,Credit & Financial Services,Access to banking services,minority_generic,b_only,government,2,0.25
Gender Identity,Credit & Financial Services,Access to banking services,minority_generic,b_only,intergovernmental,2,0.25
Gender Identity,Credit & Financial Services,Access to banking services,minority_generic,b_only,nonprofit_general,1,0.125
Gender Identity,Credit & Financial Services,Access to banking services,minority_majority,a_only,advocacy_community,1,0.2
Gender Identity,Credit & Financial Services,Access to banking services,minority_majority,a_only,commercial_service,3,0.6
Gender Identity,Credit & Financial Services,Access to banking services,minority_majority,a_only,nonprofit_general,1,0.2
Gender Identity,Credit & Financial Services,Access to banking services,minority_majority,b_only,commercial_service,1,0.16666666666666666
Gender Identity,Credit & Financial Services,Access to banking services,minority_majority,b_only,intergovernmental,2,0.3333333333333333
Gender Identity,Credit & Financial Services,Access to banking services,minority_majority,b_only,nonprofit_general,2,0.3333333333333333
Gender Identity,Credit & Financial Services,Access to banking services,minority_majority,b_only,policy_research,1,0.16666666666666666
Gender Identity,Credit & Financial Services,Access to banking services,minority_majority,shared,academic_research,1,0.5
Gender Identity,Credit & Financial Services,Access to banking services,minority_majority,shared,policy_research,1,0.5
Gender Identity,Credit & Financial Services,Access to credit,majority_generic,a_only,academic_research,2,0.25
Gender Identity,Credit & Financial Services,Access to credit,majority_generic,a_only,intergovernmental,1,0.125
Gender Identity,Credit & Financial Services,Access to credit,majority_generic,a_only,nonprofit_general,4,0.5
Gender Identity,Credit & Financial Services,Access to credit,majority_generic,a_only,policy_research,1,0.125
Gender Identity,Credit & Financial Services,Access to credit,majority_generic,b_only,commercial_service,1,0.16666666666666666
Gender Identity,Credit & Financial Services,Access to credit,majority_generic,b_only,government,1,0.16666666666666666
Gender Identity,Credit & Financial Services,Access to credit,majority_generic,b_only,nonprofit_general,3,0.5
Gender Identity,Credit & Financial Services,Access to credit,majority_generic,b_only,policy_research,1,0.16666666666666666
Gender Identity,Credit & Financial Services,Access to credit,minority_generic,a_only,academic_research,1,0.125
Gender Identity,Credit & Financial Services,Access to credit,minority_generic,a_only,advocacy_community,1,0.125
Gender Identity,Credit & Financial Services,Access to credit,minority_generic,a_only,commercial_service,2,0.25
Gender Identity,Credit & Financial Services,Access to credit,minority_generic,a_only,government,1,0.125
Gender Identity,Credit & Financial Services,Access to credit,minority_generic,a_only,nonprofit_general,2,0.25
Gender Identity,Credit & Financial Services,Access to credit,minority_generic,a_only,reference,1,0.125
Gender Identity,Credit & Financial Services,Access to credit,minority_generic,b_only,commercial_service,1,0.16666666666666666
Gender Identity,Credit & Financial Services,Access to credit,minority_generic,b_only,government,1,0.16666666666666666
Gender Identity,Credit & Financial Services,Access to credit,minority_generic,b_only,nonprofit_general,3,0.5
Gender Identity,Credit & Financial Services,Access to credit,minority_generic,b_only,policy_research,1,0.16666666666666666
Gender Identity,Credit & Financial Services,Access to credit,minority_majority,a_only,academic_research,1,0.125
Gender Identity,Credit & Financial Services,Access to credit,minority_majority,a_only,advocacy_community,1,0.125
Gender Identity,Credit & Financial Services,Access to credit,minority_majority,a_only,commercial_service,2,0.25
Gender Identity,Credit & Financial Services,Access to credit,minority_majority,a_only,government,1,0.125
Gender Identity,Credit & Financial Services,Access to credit,minority_majority,a_only,nonprofit_general,2,0.25
Gender Identity,Credit & Financial Services,Access to credit,minority_majority,a_only,reference,1,0.125
Gender Identity,Credit & Financial Services,Access to credit,minority_majority,b_only,academic_research,2,0.25
Gender Identity,Credit & Financial Services,Access to credit,minority_majority,b_only,intergovernmental,1,0.125
Gender Identity,Credit & Financial Services,Access to credit,minority_majority,b_only,nonprofit_general,4,0.5
Gender Identity,Credit & Financial Services,Access to credit,minority_majority,b_only,policy_research,1,0.125
Gender Identity,Credit & Financial Services,Credit/loan approval,majority_generic,b_only,commercial_service,6,0.5454545454545454
Gender Identity,Credit & Financial Services,Credit/loan approval,majority_generic,b_only,nonprofit_general,4,0.36363636363636365
Gender Identity,Credit & Financial Services,Credit/loan approval,majority_generic,b_only,other,1,0.09090909090909091
Gender Identity,Credit & Financial Services,Credit/loan approval,minority_generic,a_only,advocacy_community,1,0.16666666666666666
Gender Identity,Credit & Financial Services,Credit/loan approval,minority_generic,a_only,commercial_service,2,0.3333333333333333
Gender Identity,Credit & Financial Services,Credit/loan approval,minority_generic,a_only,government,1,0.16666666666666666
Gender Identity,Credit & Financial Services,Credit/loan approval,minority_generic,a_only,nonprofit_general,1,0.16666666666666666
Gender Identity,Credit & Financial Services,Credit/loan approval,minority_generic,a_only,reference,1,0.16666666666666666
Gender Identity,Credit & Financial Services,Credit/loan approval,minority_generic,b_only,commercial_service,6,0.5454545454545454
Gender Identity,Credit & Financial Services,Credit/loan approval,minority_generic,b_only,nonprofit_general,4,0.36363636363636365
Gender Identity,Credit & Financial Services,Credit/loan approval,minority_generic,b_only,other,1,0.09090909090909091
Gender Identity,Credit & Financial Services,Credit/loan approval,minority_majority,a_only,advocacy_community,1,0.16666666666666666
Gender Identity,Credit & Financial Services,Credit/loan approval,minority_majority,a_only,commercial_service,2,0.3333333333333333
Gender Identity,Credit & Financial Services,Credit/loan approval,minority_majority,a_only,government,1,0.16666666666666666
Gender Identity,Credit & Financial Services,Credit/loan approval,minority_majority,a_only,nonprofit_general,1,0.16666666666666666
Gender Identity,Credit & Financial Services,Credit/loan approval,minority_majority,a_only,reference,1,0.16666666666666666
Gender Identity,Criminal Justice,Arrest / detention by police,majority_generic,a_only,academic_research,7,0.7
Gender Identity,Criminal Justice,Arrest / detention by police,majority_generic,a_only,advocacy_community,1,0.1
Gender Identity,Criminal Justice,Arrest / detention by police,majority_generic,a_only,government,2,0.2
Gender Identity,Criminal Justice,Arrest / detention by police,majority_generic,b_only,academic_research,1,0.125
Gender Identity,Criminal Justice,Arrest / detention by police,majority_generic,b_only,advocacy_community,1,0.125
Gender Identity,Criminal Justice,Arrest / detention by police,majority_generic,b_only,commercial_service,1,0.125
Gender Identity,Criminal Justice,Arrest / detention by police,majority_generic,b_only,government,3,0.375
Gender Identity,Criminal Justice,Arrest / detention by police,majority_generic,b_only,social_platform,2,0.25
Gender Identity,Criminal Justice,Arrest / detention by police,majority_generic,shared,government,2,1.0
Gender Identity,Criminal Justice,Arrest / detention by police,minority_generic,a_only,academic_research,1,0.16666666666666666
Gender Identity,Criminal Justice,Arrest / detention by police,minority_generic,a_only,advocacy_community,2,0.3333333333333333
Gender Identity,Criminal Justice,Arrest / detention by police,minority_generic,a_only,government,1,0.16666666666666666
Gender Identity,Criminal Justice,Arrest / detention by police,minority_generic,a_only,nonprofit_general,2,0.3333333333333333
Gender Identity,Criminal Justice,Arrest / detention by police,minority_generic,b_only,academic_research,1,0.1
Gender Identity,Criminal Justice,Arrest / detention by police,minority_generic,b_only,advocacy_community,1,0.1
Gender Identity,Criminal Justice,Arrest / detention by police,minority_generic,b_only,commercial_service,1,0.1
Gender Identity,Criminal Justice,Arrest / detention by police,minority_generic,b_only,government,5,0.5
Gender Identity,Criminal Justice,Arrest / detention by police,minority_generic,b_only,social_platform,2,0.2
Gender Identity,Criminal Justice,Arrest / detention by police,minority_majority,a_only,academic_research,1,0.16666666666666666
Gender Identity,Criminal Justice,Arrest / detention by police,minority_majority,a_only,advocacy_community,2,0.3333333333333333
Gender Identity,Criminal Justice,Arrest / detention by police,minority_majority,a_only,government,1,0.16666666666666666
Gender Identity,Criminal Justice,Arrest / detention by police,minority_majority,a_only,nonprofit_general,2,0.3333333333333333
Gender Identity,Criminal Justice,Arrest / detention by police,minority_majority,b_only,academic_research,7,0.5833333333333334
Gender Identity,Criminal Justice,Arrest / detention by police,minority_majority,b_only,advocacy_community,1,0.08333333333333333
Gender Identity,Criminal Justice,Arrest / detention by police,minority_majority,b_only,government,4,0.3333333333333333
Gender Identity,Criminal Justice,Incarceration,majority_generic,a_only,commercial_service,1,0.3333333333333333
Gender Identity,Criminal Justice,Incarceration,majority_generic,a_only,government,2,0.6666666666666666
Gender Identity,Criminal Justice,Incarceration,majority_generic,b_only,academic_research,2,0.25
Gender Identity,Criminal Justice,Incarceration,majority_generic,b_only,advocacy_community,1,0.125
Gender Identity,Criminal Justice,Incarceration,majority_generic,b_only,commercial_service,1,0.125
Gender Identity,Criminal Justice,Incarceration,majority_generic,b_only,government,1,0.125
Gender Identity,Criminal Justice,Incarceration,majority_generic,b_only,nonprofit_general,2,0.25
Gender Identity,Criminal Justice,Incarceration,majority_generic,b_only,social_platform,1,0.125
Gender Identity,Criminal Justice,Incarceration,minority_generic,a_only,advocacy_community,2,0.2857142857142857
Gender Identity,Criminal Justice,Incarceration,minority_generic,a_only,government,1,0.14285714285714285
Gender Identity,Criminal Justice,Incarceration,minority_generic,a_only,news_media,1,0.14285714285714285
Gender Identity,Criminal Justice,Incarceration,minority_generic,a_only,nonprofit_general,2,0.2857142857142857
Gender Identity,Criminal Justice,Incarceration,minority_generic,a_only,social_platform,1,0.14285714285714285
Gender Identity,Criminal Justice,Incarceration,minority_generic,b_only,academic_research,2,0.25
Gender Identity,Criminal Justice,Incarceration,minority_generic,b_only,advocacy_community,1,0.125
Gender Identity,Criminal Justice,Incarceration,minority_generic,b_only,commercial_service,1,0.125
Gender Identity,Criminal Justice,Incarceration,minority_generic,b_only,government,1,0.125
Gender Identity,Criminal Justice,Incarceration,minority_generic,b_only,nonprofit_general,2,0.25
Gender Identity,Criminal Justice,Incarceration,minority_generic,b_only,social_platform,1,0.125
Gender Identity,Criminal Justice,Incarceration,minority_majority,a_only,advocacy_community,2,0.2857142857142857
Gender Identity,Criminal Justice,Incarceration,minority_majority,a_only,government,1,0.14285714285714285
Gender Identity,Criminal Justice,Incarceration,minority_majority,a_only,news_media,1,0.14285714285714285
Gender Identity,Criminal Justice,Incarceration,minority_majority,a_only,nonprofit_general,2,0.2857142857142857
Gender Identity,Criminal Justice,Incarceration,minority_majority,a_only,social_platform,1,0.14285714285714285
Gender Identity,Criminal Justice,Incarceration,minority_majority,b_only,commercial_service,1,0.3333333333333333
Gender Identity,Criminal Justice,Incarceration,minority_majority,b_only,government,2,0.6666666666666666
Gender Identity,Criminal Justice,Police use of force,majority_generic,a_only,academic_research,5,0.625
Gender Identity,Criminal Justice,Police use of force,majority_generic,a_only,government,3,0.375
Gender Identity,Criminal Justice,Police use of force,majority_generic,b_only,academic_research,3,0.3333333333333333
Gender Identity,Criminal Justice,Police use of force,majority_generic,b_only,commercial_service,1,0.1111111111111111
Gender Identity,Criminal Justice,Police use of force,majority_generic,b_only,government,4,0.4444444444444444
Gender Identity,Criminal Justice,Police use of force,majority_generic,b_only,nonprofit_general,1,0.1111111111111111
Gender Identity,Criminal Justice,Police use of force,minority_generic,a_only,academic_research,3,0.375
Gender Identity,Criminal Justice,Police use of force,minority_generic,a_only,advocacy_community,3,0.375
Gender Identity,Criminal Justice,Police use of force,minority_generic,a_only,government,1,0.125
Gender Identity,Criminal Justice,Police use of force,minority_generic,a_only,policy_research,1,0.125
Gender Identity,Criminal Justice,Police use of force,minority_generic,b_only,academic_research,3,0.3333333333333333
Gender Identity,Criminal Justice,Police use of force,minority_generic,b_only,commercial_service,1,0.1111111111111111
Gender Identity,Criminal Justice,Police use of force,minority_generic,b_only,government,4,0.4444444444444444
Gender Identity,Criminal Justice,Police use of force,minority_generic,b_only,nonprofit_general,1,0.1111111111111111
Gender Identity,Criminal Justice,Police use of force,minority_majority,a_only,academic_research,3,0.375
Gender Identity,Criminal Justice,Police use of force,minority_majority,a_only,advocacy_community,3,0.375
Gender Identity,Criminal Justice,Police use of force,minority_majority,a_only,government,1,0.125
Gender Identity,Criminal Justice,Police use of force,minority_majority,a_only,policy_research,1,0.125
Gender Identity,Criminal Justice,Police use of force,minority_majority,b_only,academic_research,5,0.625
Gender Identity,Criminal Justice,Police use of force,minority_majority,b_only,government,3,0.375
Gender Identity,Education,College access/admission,majority_generic,b_only,academic_research,1,0.16666666666666666
Gender Identity,Education,College access/admission,majority_generic,b_only,commercial_service,1,0.16666666666666666
Gender Identity,Education,College access/admission,majority_generic,b_only,government,1,0.16666666666666666
Gender Identity,Education,College access/admission,majority_generic,b_only,news_media,1,0.16666666666666666
Gender Identity,Education,College access/admission,majority_generic,b_only,nonprofit_general,2,0.3333333333333333
Gender Identity,Education,College access/admission,minority_generic,a_only,academic_research,7,0.4117647058823529
Gender Identity,Education,College access/admission,minority_generic,a_only,commercial_service,2,0.11764705882352941
Gender Identity,Education,College access/admission,minority_generic,a_only,government,4,0.23529411764705882
Gender Identity,Education,College access/admission,minority_generic,a_only,news_media,1,0.058823529411764705
Gender Identity,Education,College access/admission,minority_generic,a_only,nonprofit_general,2,0.11764705882352941
Gender Identity,Education,College access/admission,minority_generic,a_only,professional_association,1,0.058823529411764705
Gender Identity,Education,College access/admission,minority_generic,b_only,academic_research,1,0.16666666666666666
Gender Identity,Education,College access/admission,minority_generic,b_only,commercial_service,1,0.16666666666666666
Gender Identity,Education,College access/admission,minority_generic,b_only,government,1,0.16666666666666666
Gender Identity,Education,College access/admission,minority_generic,b_only,news_media,1,0.16666666666666666
Gender Identity,Education,College access/admission,minority_generic,b_only,nonprofit_general,2,0.3333333333333333
Gender Identity,Education,College access/admission,minority_majority,a_only,academic_research,7,0.4117647058823529
Gender Identity,Education,College access/admission,minority_majority,a_only,commercial_service,2,0.11764705882352941
Gender Identity,Education,College access/admission,minority_majority,a_only,government,4,0.23529411764705882
Gender Identity,Education,College access/admission,minority_majority,a_only,news_media,1,0.058823529411764705
Gender Identity,Education,College access/admission,minority_majority,a_only,nonprofit_general,2,0.11764705882352941
Gender Identity,Education,College access/admission,minority_majority,a_only,professional_association,1,0.058823529411764705
Gender Identity,Education,Educational opportunity/access,majority_generic,a_only,academic_research,3,0.21428571428571427
Gender Identity,Education,Educational opportunity/access,majority_generic,a_only,advocacy_community,1,0.07142857142857142
Gender Identity,Education,Educational opportunity/access,majority_generic,a_only,commercial_service,1,0.07142857142857142
Gender Identity,Education,Educational opportunity/access,majority_generic,a_only,government,4,0.2857142857142857
Gender Identity,Education,Educational opportunity/access,majority_generic,a_only,nonprofit_general,4,0.2857142857142857
Gender Identity,Education,Educational opportunity/access,majority_generic,a_only,other,1,0.07142857142857142
Gender Identity,Education,Educational opportunity/access,majority_generic,b_only,academic_research,1,0.16666666666666666
Gender Identity,Education,Educational opportunity/access,majority_generic,b_only,commercial_service,2,0.3333333333333333
Gender Identity,Education,Educational opportunity/access,majority_generic,b_only,government,1,0.16666666666666666
Gender Identity,Education,Educational opportunity/access,majority_generic,b_only,nonprofit_general,1,0.16666666666666666
Gender Identity,Education,Educational opportunity/access,majority_generic,b_only,other,1,0.16666666666666666
Gender Identity,Education,Educational opportunity/access,minority_generic,a_only,academic_research,3,0.3333333333333333
Gender Identity,Education,Educational opportunity/access,minority_generic,a_only,commercial_service,1,0.1111111111111111
Gender Identity,Education,Educational opportunity/access,minority_generic,a_only,government,3,0.3333333333333333
Gender Identity,Education,Educational opportunity/access,minority_generic,a_only,nonprofit_general,1,0.1111111111111111
Gender Identity,Education,Educational opportunity/access,minority_generic,a_only,professional_association,1,0.1111111111111111
Gender Identity,Education,Educational opportunity/access,minority_generic,b_only,academic_research,1,0.16666666666666666
Gender Identity,Education,Educational opportunity/access,minority_generic,b_only,commercial_service,2,0.3333333333333333
Gender Identity,Education,Educational opportunity/access,minority_generic,b_only,government,1,0.16666666666666666
Gender Identity,Education,Educational opportunity/access,minority_generic,b_only,nonprofit_general,1,0.16666666666666666
Gender Identity,Education,Educational opportunity/access,minority_generic,b_only,other,1,0.16666666666666666
Gender Identity,Education,Educational opportunity/access,minority_majority,a_only,academic_research,3,0.375
Gender Identity,Education,Educational opportunity/access,minority_majority,a_only,commercial_service,1,0.125
Gender Identity,Education,Educational opportunity/access,minority_majority,a_only,government,3,0.375
Gender Identity,Education,Educational opportunity/access,minority_majority,a_only,professional_association,1,0.125
Gender Identity,Education,Educational opportunity/access,minority_majority,b_only,academic_research,3,0.23076923076923078
Gender Identity,Education,Educational opportunity/access,minority_majority,b_only,advocacy_community,1,0.07692307692307693
Gender Identity,Education,Educational opportunity/access,minority_majority,b_only,commercial_service,1,0.07692307692307693
Gender Identity,Education,Educational opportunity/access,minority_majority,b_only,government,4,0.3076923076923077
Gender Identity,Education,Educational opportunity/access,minority_majority,b_only,nonprofit_general,3,0.23076923076923078
Gender Identity,Education,Educational opportunity/access,minority_majority,b_only,other,1,0.07692307692307693
Gender Identity,Education,Educational opportunity/access,minority_majority,shared,nonprofit_general,1,1.0
Gender Identity,Education,Harassment/bullying,majority_generic,a_only,academic_research,4,0.2857142857142857
Gender Identity,Education,Harassment/bullying,majority_generic,a_only,advocacy_community,1,0.07142857142857142
Gender Identity,Education,Harassment/bullying,majority_generic,a_only,commercial_service,3,0.21428571428571427
Gender Identity,Education,Harassment/bullying,majority_generic,a_only,government,2,0.14285714285714285
Gender Identity,Education,Harassment/bullying,majority_generic,a_only,nonprofit_general,4,0.2857142857142857
Gender Identity,Education,Harassment/bullying,majority_generic,b_only,academic_research,4,0.3333333333333333
Gender Identity,Education,Harassment/bullying,majority_generic,b_only,government,2,0.16666666666666666
Gender Identity,Education,Harassment/bullying,majority_generic,b_only,intergovernmental,2,0.16666666666666666
Gender Identity,Education,Harassment/bullying,majority_generic,b_only,nonprofit_general,1,0.08333333333333333
Gender Identity,Education,Harassment/bullying,majority_generic,b_only,other,2,0.16666666666666666
Gender Identity,Education,Harassment/bullying,majority_generic,b_only,social_platform,1,0.08333333333333333
Gender Identity,Education,Harassment/bullying,minority_generic,a_only,academic_research,1,0.16666666666666666
Gender Identity,Education,Harassment/bullying,minority_generic,a_only,commercial_service,1,0.16666666666666666
Gender Identity,Education,Harassment/bullying,minority_generic,a_only,government,3,0.5
Gender Identity,Education,Harassment/bullying,minority_generic,a_only,nonprofit_general,1,0.16666666666666666
Gender Identity,Education,Harassment/bullying,minority_generic,b_only,academic_research,4,0.3333333333333333
Gender Identity,Education,Harassment/bullying,minority_generic,b_only,government,2,0.16666666666666666
Gender Identity,Education,Harassment/bullying,minority_generic,b_only,intergovernmental,2,0.16666666666666666
Gender Identity,Education,Harassment/bullying,minority_generic,b_only,nonprofit_general,1,0.08333333333333333
Gender Identity,Education,Harassment/bullying,minority_generic,b_only,other,2,0.16666666666666666
Gender Identity,Education,Harassment/bullying,minority_generic,b_only,social_platform,1,0.08333333333333333
Gender Identity,Education,Harassment/bullying,minority_majority,a_only,commercial_service,1,0.2
Gender Identity,Education,Harassment/bullying,minority_majority,a_only,government,3,0.6
Gender Identity,Education,Harassment/bullying,minority_majority,a_only,nonprofit_general,1,0.2
Gender Identity,Education,Harassment/bullying,minority_majority,b_only,academic_research,3,0.23076923076923078
Gender Identity,Education,Harassment/bullying,minority_majority,b_only,advocacy_community,1,0.07692307692307693
Gender Identity,Education,Harassment/bullying,minority_majority,b_only,commercial_service,3,0.23076923076923078
Gender Identity,Education,Harassment/bullying,minority_majority,b_only,government,2,0.15384615384615385
Gender Identity,Education,Harassment/bullying,minority_majority,b_only,nonprofit_general,4,0.3076923076923077
Gender Identity,Education,Harassment/bullying,minority_majority,shared,academic_research,1,1.0
Gender Identity,Employment,Career advancement,majority_generic,a_only,academic_research,3,0.3
Gender Identity,Employment,Career advancement,majority_generic,a_only,commercial_service,4,0.4
Gender Identity,Employment,Career advancement,majority_generic,a_only,government,1,0.1
Gender Identity,Employment,Career advancement,majority_generic,a_only,nonprofit_general,1,0.1
Gender Identity,Employment,Career advancement,majority_generic,a_only,other,1,0.1
Gender Identity,Employment,Career advancement,majority_generic,b_only,academic_research,1,0.2
Gender Identity,Employment,Career advancement,majority_generic,b_only,commercial_service,1,0.2
Gender Identity,Employment,Career advancement,majority_generic,b_only,government,1,0.2
Gender Identity,Employment,Career advancement,majority_generic,b_only,news_media,1,0.2
Gender Identity,Employment,Career advancement,majority_generic,b_only,social_platform,1,0.2
Gender Identity,Employment,Career advancement,minority_generic,a_only,academic_research,2,0.2857142857142857
Gender Identity,Employment,Career advancement,minority_generic,a_only,commercial_service,1,0.14285714285714285
Gender Identity,Employment,Career advancement,minority_generic,a_only,government,1,0.14285714285714285
Gender Identity,Employment,Career advancement,minority_generic,a_only,nonprofit_general,3,0.42857142857142855
Gender Identity,Employment,Career advancement,minority_generic,b_only,academic_research,1,0.2
Gender Identity,Employment,Career advancement,minority_generic,b_only,commercial_service,1,0.2
Gender Identity,Employment,Career advancement,minority_generic,b_only,government,1,0.2
Gender Identity,Employment,Career advancement,minority_generic,b_only,news_media,1,0.2
Gender Identity,Employment,Career advancement,minority_generic,b_only,social_platform,1,0.2
Gender Identity,Employment,Career advancement,minority_majority,a_only,academic_research,1,0.2
Gender Identity,Employment,Career advancement,minority_majority,a_only,government,1,0.2
Gender Identity,Employment,Career advancement,minority_majority,a_only,nonprofit_general,3,0.6
Gender Identity,Employment,Career advancement,minority_majority,b_only,academic_research,2,0.25
Gender Identity,Employment,Career advancement,minority_majority,b_only,commercial_service,3,0.375
Gender Identity,Employment,Career advancement,minority_majority,b_only,government,1,0.125
Gender Identity,Employment,Career advancement,minority_majority,b_only,nonprofit_general,1,0.125
Gender Identity,Employment,Career advancement,minority_majority,b_only,other,1,0.125
Gender Identity,Employment,Career advancement,minority_majority,shared,academic_research,1,0.5
Gender Identity,Employment,Career advancement,minority_majority,shared,commercial_service,1,0.5
Gender Identity,Employment,Hiring,majority_generic,a_only,academic_research,3,0.42857142857142855
Gender Identity,Employment,Hiring,majority_generic,a_only,government,2,0.2857142857142857
Gender Identity,Employment,Hiring,majority_generic,a_only,nonprofit_general,1,0.14285714285714285
Gender Identity,Employment,Hiring,majority_generic,a_only,other,1,0.14285714285714285
Gender Identity,Employment,Hiring,majority_generic,b_only,academic_research,1,0.08333333333333333
Gender Identity,Employment,Hiring,majority_generic,b_only,commercial_service,5,0.4166666666666667
Gender Identity,Employment,Hiring,majority_generic,b_only,other,3,0.25
Gender Identity,Employment,Hiring,majority_generic,b_only,social_platform,3,0.25
Gender Identity,Employment,Hiring,minority_generic,a_only,academic_research,2,0.3333333333333333
Gender Identity,Employment,Hiring,minority_generic,a_only,advocacy_community,1,0.16666666666666666
Gender Identity,Employment,Hiring,minority_generic,a_only,commercial_service,1,0.16666666666666666
Gender Identity,Employment,Hiring,minority_generic,a_only,nonprofit_general,1,0.16666666666666666
Gender Identity,Employment,Hiring,minority_generic,a_only,social_platform,1,0.16666666666666666
Gender Identity,Employment,Hiring,minority_generic,b_only,academic_research,1,0.08333333333333333
Gender Identity,Employment,Hiring,minority_generic,b_only,commercial_service,5,0.4166666666666667
Gender Identity,Employment,Hiring,minority_generic,b_only,other,3,0.25
Gender Identity,Employment,Hiring,minority_generic,b_only,social_platform,3,0.25
Gender Identity,Employment,Hiring,minority_majority,a_only,academic_research,2,0.4
Gender Identity,Employment,Hiring,minority_majority,a_only,advocacy_community,1,0.2
Gender Identity,Employment,Hiring,minority_majority,a_only,commercial_service,1,0.2
Gender Identity,Employment,Hiring,minority_majority,a_only,social_platform,1,0.2
Gender Identity,Employment,Hiring,minority_majority,b_only,academic_research,3,0.5
Gender Identity,Employment,Hiring,minority_majority,b_only,government,2,0.3333333333333333
Gender Identity,Employment,Hiring,minority_majority,b_only,other,1,0.16666666666666666
Gender Identity,Employment,Hiring,minority_majority,shared,nonprofit_general,1,1.0
Gender Identity,Employment,Workplace harassment,majority_generic,a_only,academic_research,2,0.5
Gender Identity,Employment,Workplace harassment,majority_generic,a_only,commercial_service,1,0.25
Gender Identity,Employment,Workplace harassment,majority_generic,a_only,social_platform,1,0.25
Gender Identity,Employment,Workplace harassment,majority_generic,b_only,advocacy_community,1,0.16666666666666666
Gender Identity,Employment,Workplace harassment,majority_generic,b_only,commercial_service,3,0.5
Gender Identity,Employment,Workplace harassment,majority_generic,b_only,government,1,0.16666666666666666
Gender Identity,Employment,Workplace harassment,majority_generic,b_only,other,1,0.16666666666666666
Gender Identity,Employment,Workplace harassment,majority_generic,shared,government,1,1.0
Gender Identity,Employment,Workplace harassment,minority_generic,a_only,academic_research,3,0.3333333333333333
Gender Identity,Employment,Workplace harassment,minority_generic,a_only,advocacy_community,1,0.1111111111111111
Gender Identity,Employment,Workplace harassment,minority_generic,a_only,commercial_service,2,0.2222222222222222
Gender Identity,Employment,Workplace harassment,minority_generic,a_only,government,1,0.1111111111111111
Gender Identity,Employment,Workplace harassment,minority_generic,a_only,nonprofit_general,2,0.2222222222222222
Gender Identity,Employment,Workplace harassment,minority_generic,b_only,advocacy_community,1,0.14285714285714285
Gender Identity,Employment,Workplace harassment,minority_generic,b_only,commercial_service,3,0.42857142857142855
Gender Identity,Employment,Workplace harassment,minority_generic,b_only,government,2,0.2857142857142857
Gender Identity,Employment,Workplace harassment,minority_generic,b_only,other,1,0.14285714285714285
Gender Identity,Employment,Workplace harassment,minority_majority,a_only,academic_research,2,0.25
Gender Identity,Employment,Workplace harassment,minority_majority,a_only,advocacy_community,1,0.125
Gender Identity,Employment,Workplace harassment,minority_majority,a_only,commercial_service,2,0.25
Gender Identity,Employment,Workplace harassment,minority_majority,a_only,government,1,0.125
Gender Identity,Employment,Workplace harassment,minority_majority,a_only,nonprofit_general,2,0.25
Gender Identity,Employment,Workplace harassment,minority_majority,b_only,academic_research,1,0.25
Gender Identity,Employment,Workplace harassment,minority_majority,b_only,commercial_service,1,0.25
Gender Identity,Employment,Workplace harassment,minority_majority,b_only,government,1,0.25
Gender Identity,Employment,Workplace harassment,minority_majority,b_only,social_platform,1,0.25
Gender Identity,Employment,Workplace harassment,minority_majority,shared,academic_research,1,1.0
Gender Identity,Government Benefits,Access to government benefits,majority_generic,a_only,academic_research,2,0.2
Gender Identity,Government Benefits,Access to government benefits,majority_generic,a_only,advocacy_community,1,0.1
Gender Identity,Government Benefits,Access to government benefits,majority_generic,a_only,government,2,0.2
Gender Identity,Government Benefits,Access to government benefits,majority_generic,a_only,nonprofit_general,2,0.2
Gender Identity,Government Benefits,Access to government benefits,majority_generic,a_only,policy_research,3,0.3
Gender Identity,Government Benefits,Access to government benefits,majority_generic,b_only,academic_research,4,0.4
Gender Identity,Government Benefits,Access to government benefits,majority_generic,b_only,government,2,0.2
Gender Identity,Government Benefits,Access to government benefits,majority_generic,b_only,nonprofit_general,3,0.3
Gender Identity,Government Benefits,Access to government benefits,majority_generic,b_only,policy_research,1,0.1
Gender Identity,Government Benefits,Access to government benefits,minority_generic,a_only,academic_research,2,0.2857142857142857
Gender Identity,Government Benefits,Access to government benefits,minority_generic,a_only,advocacy_community,2,0.2857142857142857
Gender Identity,Government Benefits,Access to government benefits,minority_generic,a_only,government,2,0.2857142857142857
Gender Identity,Government Benefits,Access to government benefits,minority_generic,a_only,nonprofit_general,1,0.14285714285714285
Gender Identity,Government Benefits,Access to government benefits,minority_generic,b_only,academic_research,4,0.4
Gender Identity,Government Benefits,Access to government benefits,minority_generic,b_only,government,2,0.2
Gender Identity,Government Benefits,Access to government benefits,minority_generic,b_only,nonprofit_general,3,0.3
Gender Identity,Government Benefits,Access to government benefits,minority_generic,b_only,policy_research,1,0.1
Gender Identity,Government Benefits,Access to government benefits,minority_majority,a_only,academic_research,1,0.16666666666666666
Gender Identity,Government Benefits,Access to government benefits,minority_majority,a_only,advocacy_community,2,0.3333333333333333
Gender Identity,Government Benefits,Access to government benefits,minority_majority,a_only,government,2,0.3333333333333333
Gender Identity,Government Benefits,Access to government benefits,minority_majority,a_only,nonprofit_general,1,0.16666666666666666
Gender Identity,Government Benefits,Access to government benefits,minority_majority,b_only,academic_research,1,0.1111111111111111
Gender Identity,Government Benefits,Access to government benefits,minority_majority,b_only,advocacy_community,1,0.1111111111111111
Gender Identity,Government Benefits,Access to government benefits,minority_majority,b_only,government,2,0.2222222222222222
Gender Identity,Government Benefits,Access to government benefits,minority_majority,b_only,nonprofit_general,2,0.2222222222222222
Gender Identity,Government Benefits,Access to government benefits,minority_majority,b_only,policy_research,3,0.3333333333333333
Gender Identity,Government Benefits,Access to government benefits,minority_majority,shared,academic_research,1,1.0
Gender Identity,Government Benefits,Application/approval,majority_generic,a_only,academic_research,1,0.1
Gender Identity,Government Benefits,Application/approval,majority_generic,a_only,commercial_service,1,0.1
Gender Identity,Government Benefits,Application/approval,majority_generic,a_only,government,4,0.4
Gender Identity,Government Benefits,Application/approval,majority_generic,a_only,news_media,1,0.1
Gender Identity,Government Benefits,Application/approval,majority_generic,a_only,nonprofit_general,2,0.2
Gender Identity,Government Benefits,Application/approval,majority_generic,a_only,policy_research,1,0.1
Gender Identity,Government Benefits,Application/approval,majority_generic,b_only,academic_research,1,0.09090909090909091
Gender Identity,Government Benefits,Application/approval,majority_generic,b_only,commercial_service,1,0.09090909090909091
Gender Identity,Government Benefits,Application/approval,majority_generic,b_only,government,1,0.09090909090909091
Gender Identity,Government Benefits,Application/approval,majority_generic,b_only,nonprofit_general,7,0.6363636363636364
Gender Identity,Government Benefits,Application/approval,majority_generic,b_only,policy_research,1,0.09090909090909091
Gender Identity,Government Benefits,Application/approval,majority_generic,shared,news_media,1,1.0
Gender Identity,Government Benefits,Application/approval,minority_generic,a_only,academic_research,2,0.15384615384615385
Gender Identity,Government Benefits,Application/approval,minority_generic,a_only,advocacy_community,3,0.23076923076923078
Gender Identity,Government Benefits,Application/approval,minority_generic,a_only,commercial_service,2,0.15384615384615385
Gender Identity,Government Benefits,Application/approval,minority_generic,a_only,government,2,0.15384615384615385
Gender Identity,Government Benefits,Application/approval,minority_generic,a_only,nonprofit_general,2,0.15384615384615385
Gender Identity,Government Benefits,Application/approval,minority_generic,a_only,other,1,0.07692307692307693
Gender Identity,Government Benefits,Application/approval,minority_generic,a_only,policy_research,1,0.07692307692307693
Gender Identity,Government Benefits,Application/approval,minority_generic,b_only,academic_research,1,0.08333333333333333
Gender Identity,Government Benefits,Application/approval,minority_generic,b_only,commercial_service,1,0.08333333333333333
Gender Identity,Government Benefits,Application/approval,minority_generic,b_only,government,1,0.08333333333333333
Gender Identity,Government Benefits,Application/approval,minority_generic,b_only,news_media,1,0.08333333333333333
Gender Identity,Government Benefits,Application/approval,minority_generic,b_only,nonprofit_general,7,0.5833333333333334
Gender Identity,Government Benefits,Application/approval,minority_generic,b_only,policy_research,1,0.08333333333333333
Gender Identity,Government Benefits,Application/approval,minority_majority,a_only,academic_research,2,0.15384615384615385
Gender Identity,Government Benefits,Application/approval,minority_majority,a_only,advocacy_community,3,0.23076923076923078
Gender Identity,Government Benefits,Application/approval,minority_majority,a_only,commercial_service,2,0.15384615384615385
Gender Identity,Government Benefits,Application/approval,minority_majority,a_only,government,2,0.15384615384615385
Gender Identity,Government Benefits,Application/approval,minority_majority,a_only,nonprofit_general,2,0.15384615384615385
Gender Identity,Government Benefits,Application/approval,minority_majority,a_only,other,1,0.07692307692307693
Gender Identity,Government Benefits,Application/approval,minority_majority,a_only,policy_research,1,0.07692307692307693
Gender Identity,Government Benefits,Application/approval,minority_majority,b_only,academic_research,1,0.09090909090909091
Gender Identity,Government Benefits,Application/approval,minority_majority,b_only,commercial_service,1,0.09090909090909091
Gender Identity,Government Benefits,Application/approval,minority_majority,b_only,government,4,0.36363636363636365
Gender Identity,Government Benefits,Application/approval,minority_majority,b_only,news_media,2,0.18181818181818182
Gender Identity,Government Benefits,Application/approval,minority_majority,b_only,nonprofit_general,2,0.18181818181818182
Gender Identity,Government Benefits,Application/approval,minority_majority,b_only,policy_research,1,0.09090909090909091
Gender Identity,Government Benefits,Benefit retention / renewal,majority_generic,a_only,academic_research,2,0.13333333333333333
Gender Identity,Government Benefits,Benefit retention / renewal,majority_generic,a_only,commercial_service,1,0.06666666666666667
Gender Identity,Government Benefits,Benefit retention / renewal,majority_generic,a_only,government,2,0.13333333333333333
Gender Identity,Government Benefits,Benefit retention / renewal,majority_generic,a_only,nonprofit_general,2,0.13333333333333333
Gender Identity,Government Benefits,Benefit retention / renewal,majority_generic,a_only,policy_research,8,0.5333333333333333
Gender Identity,Government Benefits,Benefit retention / renewal,majority_generic,b_only,academic_research,1,0.08333333333333333
Gender Identity,Government Benefits,Benefit retention / renewal,majority_generic,b_only,commercial_service,4,0.3333333333333333
Gender Identity,Government Benefits,Benefit retention / renewal,majority_generic,b_only,nonprofit_general,2,0.16666666666666666
Gender Identity,Government Benefits,Benefit retention / renewal,majority_generic,b_only,policy_research,4,0.3333333333333333
Gender Identity,Government Benefits,Benefit retention / renewal,majority_generic,b_only,social_platform,1,0.08333333333333333
Gender Identity,Government Benefits,Benefit retention / renewal,majority_generic,shared,policy_research,1,1.0
Gender Identity,Government Benefits,Benefit retention / renewal,minority_generic,a_only,academic_research,4,0.25
Gender Identity,Government Benefits,Benefit retention / renewal,minority_generic,a_only,advocacy_community,4,0.25
Gender Identity,Government Benefits,Benefit retention / renewal,minority_generic,a_only,commercial_service,1,0.0625
Gender Identity,Government Benefits,Benefit retention / renewal,minority_generic,a_only,government,2,0.125
Gender Identity,Government Benefits,Benefit retention / renewal,minority_generic,a_only,nonprofit_general,1,0.0625
Gender Identity,Government Benefits,Benefit retention / renewal,minority_generic,a_only,policy_research,4,0.25
Gender Identity,Government Benefits,Benefit retention / renewal,minority_generic,b_only,academic_research,1,0.07692307692307693
Gender Identity,Government Benefits,Benefit retention / renewal,minority_generic,b_only,commercial_service,4,0.3076923076923077
Gender Identity,Government Benefits,Benefit retention / renewal,minority_generic,b_only,nonprofit_general,2,0.15384615384615385
Gender Identity,Government Benefits,Benefit retention / renewal,minority_generic,b_only,policy_research,5,0.38461538461538464
Gender Identity,Government Benefits,Benefit retention / renewal,minority_generic,b_only,social_platform,1,0.07692307692307693
Gender Identity,Government Benefits,Benefit retention / renewal,minority_majority,a_only,academic_research,4,0.25
Gender Identity,Government Benefits,Benefit retention / renewal,minority_majority,a_only,advocacy_community,4,0.25
Gender Identity,Government Benefits,Benefit retention / renewal,minority_majority,a_only,commercial_service,1,0.0625
Gender Identity,Government Benefits,Benefit retention / renewal,minority_majority,a_only,government,2,0.125
Gender Identity,Government Benefits,Benefit retention / renewal,minority_majority,a_only,nonprofit_general,1,0.0625
Gender Identity,Government Benefits,Benefit retention / renewal,minority_majority,a_only,policy_research,4,0.25
Gender Identity,Government Benefits,Benefit retention / renewal,minority_majority,b_only,academic_research,2,0.125
Gender Identity,Government Benefits,Benefit retention / renewal,minority_majority,b_only,commercial_service,1,0.0625
Gender Identity,Government Benefits,Benefit retention / renewal,minority_majority,b_only,government,2,0.125
Gender Identity,Government Benefits,Benefit retention / renewal,minority_majority,b_only,nonprofit_general,2,0.125
Gender Identity,Government Benefits,Benefit retention / renewal,minority_majority,b_only,policy_research,9,0.5625
Gender Identity,Healthcare,Insurance coverage,majority_generic,a_only,academic_research,1,0.16666666666666666
Gender Identity,Healthcare,Insurance coverage,majority_generic,a_only,government,4,0.6666666666666666
Gender Identity,Healthcare,Insurance coverage,majority_generic,a_only,policy_research,1,0.16666666666666666
Gender Identity,Healthcare,Insurance coverage,majority_generic,b_only,academic_research,2,0.15384615384615385
Gender Identity,Healthcare,Insurance coverage,majority_generic,b_only,commercial_service,3,0.23076923076923078
Gender Identity,Healthcare,Insurance coverage,majority_generic,b_only,government,7,0.5384615384615384
Gender Identity,Healthcare,Insurance coverage,majority_generic,b_only,social_platform,1,0.07692307692307693
Gender Identity,Healthcare,Insurance coverage,minority_generic,a_only,academic_research,1,0.2
Gender Identity,Healthcare,Insurance coverage,minority_generic,a_only,government,2,0.4
Gender Identity,Healthcare,Insurance coverage,minority_generic,a_only,nonprofit_general,2,0.4
Gender Identity,Healthcare,Insurance coverage,minority_generic,b_only,academic_research,2,0.15384615384615385
Gender Identity,Healthcare,Insurance coverage,minority_generic,b_only,commercial_service,3,0.23076923076923078
Gender Identity,Healthcare,Insurance coverage,minority_generic,b_only,government,7,0.5384615384615384
Gender Identity,Healthcare,Insurance coverage,minority_generic,b_only,social_platform,1,0.07692307692307693
Gender Identity,Healthcare,Insurance coverage,minority_majority,a_only,government,2,0.5
Gender Identity,Healthcare,Insurance coverage,minority_majority,a_only,nonprofit_general,2,0.5
Gender Identity,Healthcare,Insurance coverage,minority_majority,b_only,government,4,0.8
Gender Identity,Healthcare,Insurance coverage,minority_majority,b_only,policy_research,1,0.2
Gender Identity,Healthcare,Insurance coverage,minority_majority,shared,academic_research,1,1.0
Gender Identity,Healthcare,Patient safety,majority_generic,a_only,government,2,0.6666666666666666
Gender Identity,Healthcare,Patient safety,majority_generic,a_only,nonprofit_general,1,0.3333333333333333
Gender Identity,Healthcare,Patient safety,majority_generic,b_only,academic_research,2,0.2
Gender Identity,Healthcare,Patient safety,majority_generic,b_only,commercial_service,1,0.1
Gender Identity,Healthcare,Patient safety,majority_generic,b_only,government,7,0.7
Gender Identity,Healthcare,Patient safety,majority_generic,shared,intergovernmental,1,1.0
Gender Identity,Healthcare,Patient safety,minority_generic,a_only,academic_research,1,0.1
Gender Identity,Healthcare,Patient safety,minority_generic,a_only,advocacy_community,1,0.1
Gender Identity,Healthcare,Patient safety,minority_generic,a_only,government,4,0.4
Gender Identity,Healthcare,Patient safety,minority_generic,a_only,nonprofit_general,1,0.1
Gender Identity,Healthcare,Patient safety,minority_generic,a_only,professional_association,1,0.1
Gender Identity,Healthcare,Patient safety,minority_generic,a_only,social_platform,2,0.2
Gender Identity,Healthcare,Patient safety,minority_generic,b_only,academic_research,2,0.18181818181818182
Gender Identity,Healthcare,Patient safety,minority_generic,b_only,commercial_service,1,0.09090909090909091
Gender Identity,Healthcare,Patient safety,minority_generic,b_only,government,7,0.6363636363636364
Gender Identity,Healthcare,Patient safety,minority_generic,b_only,intergovernmental,1,0.09090909090909091
Gender Identity,Healthcare,Patient safety,minority_majority,a_only,academic_research,1,0.1
Gender Identity,Healthcare,Patient safety,minority_majority,a_only,advocacy_community,1,0.1
Gender Identity,Healthcare,Patient safety,minority_majority,a_only,government,4,0.4
Gender Identity,Healthcare,Patient safety,minority_majority,a_only,nonprofit_general,1,0.1
Gender Identity,Healthcare,Patient safety,minority_majority,a_only,professional_association,1,0.1
Gender Identity,Healthcare,Patient safety,minority_majority,a_only,social_platform,2,0.2
Gender Identity,Healthcare,Patient safety,minority_majority,b_only,government,2,0.5
Gender Identity,Healthcare,Patient safety,minority_majority,b_only,intergovernmental,1,0.25
Gender Identity,Healthcare,Patient safety,minority_majority,b_only,nonprofit_general,1,0.25
Gender Identity,Healthcare,Preventive care,majority_generic,b_only,government,4,0.8
Gender Identity,Healthcare,Preventive care,majority_generic,b_only,professional_association,1,0.2
Gender Identity,Healthcare,Preventive care,minority_generic,a_only,academic_research,1,0.1111111111111111
Gender Identity,Healthcare,Preventive care,minority_generic,a_only,advocacy_community,1,0.1111111111111111
Gender Identity,Healthcare,Preventive care,minority_generic,a_only,commercial_service,1,0.1111111111111111
Gender Identity,Healthcare,Preventive care,minority_generic,a_only,government,2,0.2222222222222222
Gender Identity,Healthcare,Preventive care,minority_generic,a_only,nonprofit_general,3,0.3333333333333333
Gender Identity,Healthcare,Preventive care,minority_generic,a_only,social_platform,1,0.1111111111111111
Gender Identity,Healthcare,Preventive care,minority_generic,b_only,government,4,0.8
Gender Identity,Healthcare,Preventive care,minority_generic,b_only,professional_association,1,0.2
Gender Identity,Healthcare,Preventive care,minority_majority,a_only,academic_research,1,0.1111111111111111
Gender Identity,Healthcare,Preventive care,minority_majority,a_only,advocacy_community,1,0.1111111111111111
Gender Identity,Healthcare,Preventive care,minority_majority,a_only,commercial_service,1,0.1111111111111111
Gender Identity,Healthcare,Preventive care,minority_majority,a_only,government,2,0.2222222222222222
Gender Identity,Healthcare,Preventive care,minority_majority,a_only,nonprofit_general,3,0.3333333333333333
Gender Identity,Healthcare,Preventive care,minority_majority,a_only,social_platform,1,0.1111111111111111
Gender Identity,Housing,Access to housing,majority_generic,a_only,advocacy_community,2,0.2857142857142857
Gender Identity,Housing,Access to housing,majority_generic,a_only,government,3,0.42857142857142855
Gender Identity,Housing,Access to housing,majority_generic,a_only,nonprofit_general,1,0.14285714285714285
Gender Identity,Housing,Access to housing,majority_generic,a_only,policy_research,1,0.14285714285714285
Gender Identity,Housing,Access to housing,majority_generic,b_only,advocacy_community,1,0.16666666666666666
Gender Identity,Housing,Access to housing,majority_generic,b_only,government,1,0.16666666666666666
Gender Identity,Housing,Access to housing,majority_generic,b_only,nonprofit_general,3,0.5
Gender Identity,Housing,Access to housing,majority_generic,b_only,other,1,0.16666666666666666
Gender Identity,Housing,Access to housing,minority_generic,a_only,advocacy_community,5,0.45454545454545453
Gender Identity,Housing,Access to housing,minority_generic,a_only,government,1,0.09090909090909091
Gender Identity,Housing,Access to housing,minority_generic,a_only,nonprofit_general,3,0.2727272727272727
Gender Identity,Housing,Access to housing,minority_generic,a_only,policy_research,2,0.18181818181818182
Gender Identity,Housing,Access to housing,minority_generic,b_only,advocacy_community,1,0.16666666666666666
Gender Identity,Housing,Access to housing,minority_generic,b_only,government,1,0.16666666666666666
Gender Identity,Housing,Access to housing,minority_generic,b_only,nonprofit_general,3,0.5
Gender Identity,Housing,Access to housing,minority_generic,b_only,other,1,0.16666666666666666
Gender Identity,Housing,Access to housing,minority_majority,a_only,advocacy_community,4,0.4444444444444444
Gender Identity,Housing,Access to housing,minority_majority,a_only,government,1,0.1111111111111111
Gender Identity,Housing,Access to housing,minority_majority,a_only,nonprofit_general,2,0.2222222222222222
Gender Identity,Housing,Access to housing,minority_majority,a_only,policy_research,2,0.2222222222222222
Gender Identity,Housing,Access to housing,minority_majority,b_only,advocacy_community,1,0.2
Gender Identity,Housing,Access to housing,minority_majority,b_only,government,3,0.6
Gender Identity,Housing,Access to housing,minority_majority,b_only,policy_research,1,0.2
Gender Identity,Housing,Access to housing,minority_majority,shared,advocacy_community,1,0.5
Gender Identity,Housing,Access to housing,minority_majority,shared,nonprofit_general,1,0.5
Gender Identity,Housing,Homelessness,majority_generic,a_only,advocacy_community,1,0.1111111111111111
Gender Identity,Housing,Homelessness,majority_generic,a_only,commercial_service,1,0.1111111111111111
Gender Identity,Housing,Homelessness,majority_generic,a_only,government,2,0.2222222222222222
Gender Identity,Housing,Homelessness,majority_generic,a_only,nonprofit_general,4,0.4444444444444444
Gender Identity,Housing,Homelessness,majority_generic,a_only,policy_research,1,0.1111111111111111
Gender Identity,Housing,Homelessness,majority_generic,b_only,academic_research,1,0.2
Gender Identity,Housing,Homelessness,majority_generic,b_only,advocacy_community,3,0.6
Gender Identity,Housing,Homelessness,majority_generic,b_only,other,1,0.2
Gender Identity,Housing,Homelessness,majority_generic,shared,advocacy_community,1,0.5
Gender Identity,Housing,Homelessness,majority_generic,shared,nonprofit_general,1,0.5
Gender Identity,Housing,Homelessness,minority_generic,a_only,advocacy_community,6,0.46153846153846156
Gender Identity,Housing,Homelessness,minority_generic,a_only,government,2,0.15384615384615385
Gender Identity,Housing,Homelessness,minority_generic,a_only,nonprofit_general,4,0.3076923076923077
Gender Identity,Housing,Homelessness,minority_generic,a_only,policy_research,1,0.07692307692307693
Gender Identity,Housing,Homelessness,minority_generic,b_only,academic_research,1,0.14285714285714285
Gender Identity,Housing,Homelessness,minority_generic,b_only,advocacy_community,4,0.5714285714285714
Gender Identity,Housing,Homelessness,minority_generic,b_only,nonprofit_general,1,0.14285714285714285
Gender Identity,Housing,Homelessness,minority_generic,b_only,other,1,0.14285714285714285
Gender Identity,Housing,Homelessness,minority_majority,a_only,advocacy_community,6,0.46153846153846156
Gender Identity,Housing,Homelessness,minority_majority,a_only,government,2,0.15384615384615385
Gender Identity,Housing,Homelessness,minority_majority,a_only,nonprofit_general,4,0.3076923076923077
Gender Identity,Housing,Homelessness,minority_majority,a_only,policy_research,1,0.07692307692307693
Gender Identity,Housing,Homelessness,minority_majority,b_only,advocacy_community,2,0.18181818181818182
Gender Identity,Housing,Homelessness,minority_majority,b_only,commercial_service,1,0.09090909090909091
Gender Identity,Housing,Homelessness,minority_majority,b_only,government,2,0.18181818181818182
Gender Identity,Housing,Homelessness,minority_majority,b_only,nonprofit_general,5,0.45454545454545453
Gender Identity,Housing,Homelessness,minority_majority,b_only,policy_research,1,0.09090909090909091
Gender Identity,Housing,Housing stability,majority_generic,a_only,government,2,0.6666666666666666
Gender Identity,Housing,Housing stability,majority_generic,a_only,policy_research,1,0.3333333333333333
Gender Identity,Housing,Housing stability,majority_generic,b_only,academic_research,1,0.1111111111111111
Gender Identity,Housing,Housing stability,majority_generic,b_only,commercial_service,1,0.1111111111111111
Gender Identity,Housing,Housing stability,majority_generic,b_only,government,2,0.2222222222222222
Gender Identity,Housing,Housing stability,majority_generic,b_only,nonprofit_general,5,0.5555555555555556
Gender Identity,Housing,Housing stability,minority_generic,a_only,academic_research,2,0.15384615384615385
Gender Identity,Housing,Housing stability,minority_generic,a_only,advocacy_community,3,0.23076923076923078
Gender Identity,Housing,Housing stability,minority_generic,a_only,government,2,0.15384615384615385
Gender Identity,Housing,Housing stability,minority_generic,a_only,nonprofit_general,4,0.3076923076923077
Gender Identity,Housing,Housing stability,minority_generic,a_only,policy_research,2,0.15384615384615385
Gender Identity,Housing,Housing stability,minority_generic,b_only,academic_research,1,0.1111111111111111
Gender Identity,Housing,Housing stability,minority_generic,b_only,commercial_service,1,0.1111111111111111
Gender Identity,Housing,Housing stability,minority_generic,b_only,government,2,0.2222222222222222
Gender Identity,Housing,Housing stability,minority_generic,b_only,nonprofit_general,5,0.5555555555555556
Gender Identity,Housing,Housing stability,minority_majority,a_only,academic_research,2,0.15384615384615385
Gender Identity,Housing,Housing stability,minority_majority,a_only,advocacy_community,3,0.23076923076923078
Gender Identity,Housing,Housing stability,minority_majority,a_only,government,2,0.15384615384615385
Gender Identity,Housing,Housing stability,minority_majority,a_only,nonprofit_general,4,0.3076923076923077
Gender Identity,Housing,Housing stability,minority_majority,a_only,policy_research,2,0.15384615384615385
Gender Identity,Housing,Housing stability,minority_majority,b_only,government,2,0.6666666666666666
Gender Identity,Housing,Housing stability,minority_majority,b_only,policy_research,1,0.3333333333333333
Race,Credit & Financial Services,Access to banking services,majority_generic,a_only,academic_research,1,0.25
Race,Credit & Financial Services,Access to banking services,majority_generic,a_only,commercial_service,1,0.25
Race,Credit & Financial Services,Access to banking services,majority_generic,a_only,government,1,0.25
Race,Credit & Financial Services,Access to banking services,majority_generic,a_only,policy_research,1,0.25
Race,Credit & Financial Services,Access to banking services,majority_generic,b_only,academic_research,2,0.3333333333333333
Race,Credit & Financial Services,Access to banking services,majority_generic,b_only,commercial_service,1,0.16666666666666666
Race,Credit & Financial Services,Access to banking services,majority_generic,b_only,government,2,0.3333333333333333
Race,Credit & Financial Services,Access to banking services,majority_generic,b_only,intergovernmental,1,0.16666666666666666
Race,Credit & Financial Services,Access to banking services,majority_generic,shared,intergovernmental,1,0.5
Race,Credit & Financial Services,Access to banking services,majority_generic,shared,nonprofit_general,1,0.5
Race,Credit & Financial Services,Access to banking services,minority_generic,a_only,academic_research,1,0.1
Race,Credit & Financial Services,Access to banking services,minority_generic,a_only,commercial_service,3,0.3
Race,Credit & Financial Services,Access to banking services,minority_generic,a_only,government,2,0.2
Race,Credit & Financial Services,Access to banking services,minority_generic,a_only,news_media,1,0.1
Race,Credit & Financial Services,Access to banking services,minority_generic,a_only,nonprofit_general,2,0.2
Race,Credit & Financial Services,Access to banking services,minority_generic,a_only,policy_research,1,0.1
Race,Credit & Financial Services,Access to banking services,minority_generic,b_only,academic_research,2,0.25
Race,Credit & Financial Services,Access to banking services,minority_generic,b_only,commercial_service,1,0.125
Race,Credit & Financial Services,Access to banking services,minority_generic,b_only,government,2,0.25
Race,Credit & Financial Services,Access to banking services,minority_generic,b_only,intergovernmental,2,0.25
Race,Credit & Financial Services,Access to banking services,minority_generic,b_only,nonprofit_general,1,0.125
Race,Credit & Financial Services,Access to banking services,minority_majority,a_only,academic_research,1,0.125
Race,Credit & Financial Services,Access to banking services,minority_majority,a_only,commercial_service,3,0.375
Race,Credit & Financial Services,Access to banking services,minority_majority,a_only,government,1,0.125
Race,Credit & Financial Services,Access to banking services,minority_majority,a_only,news_media,1,0.125
Race,Credit & Financial Services,Access to banking services,minority_majority,a_only,nonprofit_general,2,0.25
Race,Credit & Financial Services,Access to banking services,minority_majority,b_only,academic_research,1,0.25
Race,Credit & Financial Services,Access to banking services,minority_majority,b_only,commercial_service,1,0.25
Race,Credit & Financial Services,Access to banking services,minority_majority,b_only,intergovernmental,1,0.25
Race,Credit & Financial Services,Access to banking services,minority_majority,b_only,nonprofit_general,1,0.25
Race,Credit & Financial Services,Access to banking services,minority_majority,shared,government,1,0.5
Race,Credit & Financial Services,Access to banking services,minority_majority,shared,policy_research,1,0.5
Race,Credit & Financial Services,Access to credit,majority_generic,a_only,academic_research,1,0.16666666666666666
Race,Credit & Financial Services,Access to credit,majority_generic,a_only,government,1,0.16666666666666666
Race,Credit & Financial Services,Access to credit,majority_generic,a_only,news_media,1,0.16666666666666666
Race,Credit & Financial Services,Access to credit,majority_generic,a_only,nonprofit_general,1,0.16666666666666666
Race,Credit & Financial Services,Access to credit,majority_generic,a_only,policy_research,1,0.16666666666666666
Race,Credit & Financial Services,Access to credit,majority_generic,a_only,reference,1,0.16666666666666666
Race,Credit & Financial Services,Access to credit,majority_generic,b_only,commercial_service,1,0.2
Race,Credit & Financial Services,Access to credit,majority_generic,b_only,government,1,0.2
Race,Credit & Financial Services,Access to credit,majority_generic,b_only,nonprofit_general,3,0.6
Race,Credit & Financial Services,Access to credit,majority_generic,shared,policy_research,1,1.0
Race,Credit & Financial Services,Access to credit,minority_generic,a_only,academic_research,1,0.07692307692307693
Race,Credit & Financial Services,Access to credit,minority_generic,a_only,commercial_service,4,0.3076923076923077
Race,Credit & Financial Services,Access to credit,minority_generic,a_only,government,2,0.15384615384615385
Race,Credit & Financial Services,Access to credit,minority_generic,a_only,nonprofit_general,4,0.3076923076923077
Race,Credit & Financial Services,Access to credit,minority_generic,a_only,policy_research,1,0.07692307692307693
Race,Credit & Financial Services,Access to credit,minority_generic,a_only,reference,1,0.07692307692307693
Race,Credit & Financial Services,Access to credit,minority_generic,b_only,commercial_service,1,0.16666666666666666
Race,Credit & Financial Services,Access to credit,minority_generic,b_only,government,1,0.16666666666666666
Race,Credit & Financial Services,Access to credit,minority_generic,b_only,nonprofit_general,3,0.5
Race,Credit & Financial Services,Access to credit,minority_generic,b_only,policy_research,1,0.16666666666666666
Race,Credit & Financial Services,Access to credit,minority_majority,a_only,academic_research,1,0.09090909090909091
Race,Credit & Financial Services,Access to credit,minority_majority,a_only,commercial_service,4,0.36363636363636365
Race,Credit & Financial Services,Access to credit,minority_majority,a_only,government,1,0.09090909090909091
Race,Credit & Financial Services,Access to credit,minority_majority,a_only,nonprofit_general,4,0.36363636363636365
Race,Credit & Financial Services,Access to credit,minority_majority,a_only,policy_research,1,0.09090909090909091
Race,Credit & Financial Services,Access to credit,minority_majority,b_only,academic_research,1,0.2
Race,Credit & Financial Services,Access to credit,minority_majority,b_only,news_media,1,0.2
Race,Credit & Financial Services,Access to credit,minority_majority,b_only,nonprofit_general,1,0.2
Race,Credit & Financial Services,Access to credit,minority_majority,b_only,policy_research,2,0.4
Race,Credit & Financial Services,Access to credit,minority_majority,shared,government,1,0.5
Race,Credit & Financial Services,Access to credit,minority_majority,shared,reference,1,0.5
Race,Credit & Financial Services,Credit/loan approval,majority_generic,a_only,government,1,0.25
Race,Credit & Financial Services,Credit/loan approval,majority_generic,a_only,news_media,1,0.25
Race,Credit & Financial Services,Credit/loan approval,majority_generic,a_only,nonprofit_general,1,0.25
Race,Credit & Financial Services,Credit/loan approval,majority_generic,a_only,reference,1,0.25
Race,Credit & Financial Services,Credit/loan approval,majority_generic,b_only,commercial_service,6,0.5454545454545454
Race,Credit & Financial Services,Credit/loan approval,majority_generic,b_only,nonprofit_general,4,0.36363636363636365
Race,Credit & Financial Services,Credit/loan approval,majority_generic,b_only,other,1,0.09090909090909091
Race,Credit & Financial Services,Credit/loan approval,minority_generic,a_only,academic_research,1,0.08333333333333333
Race,Credit & Financial Services,Credit/loan approval,minority_generic,a_only,commercial_service,4,0.3333333333333333
Race,Credit & Financial Services,Credit/loan approval,minority_generic,a_only,government,2,0.16666666666666666
Race,Credit & Financial Services,Credit/loan approval,minority_generic,a_only,news_media,1,0.08333333333333333
Race,Credit & Financial Services,Credit/loan approval,minority_generic,a_only,nonprofit_general,2,0.16666666666666666
Race,Credit & Financial Services,Credit/loan approval,minority_generic,a_only,policy_research,1,0.08333333333333333
Race,Credit & Financial Services,Credit/loan approval,minority_generic,a_only,reference,1,0.08333333333333333
Race,Credit & Financial Services,Credit/loan approval,minority_generic,b_only,commercial_service,6,0.5454545454545454
Race,Credit & Financial Services,Credit/loan approval,minority_generic,b_only,nonprofit_general,4,0.36363636363636365
Race,Credit & Financial Services,Credit/loan approval,minority_generic,b_only,other,1,0.09090909090909091
Race,Credit & Financial Services,Credit/loan approval,minority_majority,a_only,academic_research,1,0.125
Race,Credit & Financial Services,Credit/loan approval,minority_majority,a_only,commercial_service,4,0.5
Race,Credit & Financial Services,Credit/loan approval,minority_majority,a_only,government,1,0.125
Race,Credit & Financial Services,Credit/loan approval,minority_majority,a_only,nonprofit_general,1,0.125
Race,Credit & Financial Services,Credit/loan approval,minority_majority,a_only,policy_research,1,0.125
Race,Credit & Financial Services,Credit/loan approval,minority_majority,shared,government,1,0.25
Race,Credit & Financial Services,Credit/loan approval,minority_majority,shared,news_media,1,0.25
Race,Credit & Financial Services,Credit/loan approval,minority_majority,shared,nonprofit_general,1,0.25
Race,Credit & Financial Services,Credit/loan approval,minority_majority,shared,reference,1,0.25
Race,Criminal Justice,Arrest / detention by police,majority_generic,a_only,academic_research,2,0.3333333333333333
Race,Criminal Justice,Arrest / detention by police,majority_generic,a_only,government,2,0.3333333333333333
Race,Criminal Justice,Arrest / detention by police,majority_generic,a_only,nonprofit_general,2,0.3333333333333333
Race,Criminal Justice,Arrest / detention by police,majority_generic,b_only,academic_research,1,0.1
Race,Criminal Justice,Arrest / detention by police,majority_generic,b_only,advocacy_community,1,0.1
Race,Criminal Justice,Arrest / detention by police,majority_generic,b_only,commercial_service,1,0.1
Race,Criminal Justice,Arrest / detention by police,majority_generic,b_only,government,5,0.5
Race,Criminal Justice,Arrest / detention by police,majority_generic,b_only,social_platform,2,0.2
Race,Criminal Justice,Arrest / detention by police,minority_generic,a_only,advocacy_community,4,0.5
Race,Criminal Justice,Arrest / detention by police,minority_generic,a_only,government,1,0.125
Race,Criminal Justice,Arrest / detention by police,minority_generic,a_only,nonprofit_general,2,0.25
Race,Criminal Justice,Arrest / detention by police,minority_generic,a_only,policy_research,1,0.125
Race,Criminal Justice,Arrest / detention by police,minority_generic,b_only,academic_research,1,0.1111111111111111
Race,Criminal Justice,Arrest / detention by police,minority_generic,b_only,advocacy_community,1,0.1111111111111111
Race,Criminal Justice,Arrest / detention by police,minority_generic,b_only,commercial_service,1,0.1111111111111111
Race,Criminal Justice,Arrest / detention by police,minority_generic,b_only,government,4,0.4444444444444444
Race,Criminal Justice,Arrest / detention by police,minority_generic,b_only,social_platform,2,0.2222222222222222
Race,Criminal Justice,Arrest / detention by police,minority_generic,shared,government,1,1.0
Race,Criminal Justice,Arrest / detention by police,minority_majority,a_only,advocacy_community,4,0.5
Race,Criminal Justice,Arrest / detention by police,minority_majority,a_only,government,2,0.25
Race,Criminal Justice,Arrest / detention by police,minority_majority,a_only,nonprofit_general,1,0.125
Race,Criminal Justice,Arrest / detention by police,minority_majority,a_only,policy_research,1,0.125
Race,Criminal Justice,Arrest / detention by police,minority_majority,b_only,academic_research,2,0.4
Race,Criminal Justice,Arrest / detention by police,minority_majority,b_only,government,2,0.4
Race,Criminal Justice,Arrest / detention by police,minority_majority,b_only,nonprofit_general,1,0.2
Race,Criminal Justice,Arrest / detention by police,minority_majority,shared,nonprofit_general,1,1.0
Race,Criminal Justice,Incarceration,majority_generic,a_only,advocacy_community,2,0.6666666666666666
Race,Criminal Justice,Incarceration,majority_generic,a_only,government,1,0.3333333333333333
Race,Criminal Justice,Incarceration,majority_generic,b_only,academic_research,2,0.25
Race,Criminal Justice,Incarceration,majority_generic,b_only,advocacy_community,1,0.125
Race,Criminal Justice,Incarceration,majority_generic,b_only,commercial_service,1,0.125
Race,Criminal Justice,Incarceration,majority_generic,b_only,government,1,0.125
Race,Criminal Justice,Incarceration,majority_generic,b_only,nonprofit_general,2,0.25
Race,Criminal Justice,Incarceration,majority_generic,b_only,social_platform,1,0.125
Race,Criminal Justice,Incarceration,minority_generic,a_only,academic_research,1,0.125
Race,Criminal Justice,Incarceration,minority_generic,a_only,advocacy_community,4,0.5
Race,Criminal Justice,Incarceration,minority_generic,a_only,government,1,0.125
Race,Criminal Justice,Incarceration,minority_generic,a_only,nonprofit_general,1,0.125
Race,Criminal Justice,Incarceration,minority_generic,a_only,social_platform,1,0.125
Race,Criminal Justice,Incarceration,minority_generic,b_only,academic_research,2,0.25
Race,Criminal Justice,Incarceration,minority_generic,b_only,advocacy_community,1,0.125
Race,Criminal Justice,Incarceration,minority_generic,b_only,commercial_service,1,0.125
Race,Criminal Justice,Incarceration,minority_generic,b_only,government,1,0.125
Race,Criminal Justice,Incarceration,minority_generic,b_only,nonprofit_general,2,0.25
Race,Criminal Justice,Incarceration,minority_generic,b_only,social_platform,1,0.125
Race,Criminal Justice,Incarceration,minority_majority,a_only,academic_research,1,0.16666666666666666
Race,Criminal Justice,Incarceration,minority_majority,a_only,advocacy_community,2,0.3333333333333333
Race,Criminal Justice,Incarceration,minority_majority,a_only,government,1,0.16666666666666666
Race,Criminal Justice,Incarceration,minority_majority,a_only,nonprofit_general,1,0.16666666666666666
Race,Criminal Justice,Incarceration,minority_majority,a_only,social_platform,1,0.16666666666666666
Race,Criminal Justice,Incarceration,minority_majority,b_only,government,1,1.0
Race,Criminal Justice,Incarceration,minority_majority,shared,advocacy_community,2,1.0
Race,Criminal Justice,Police use of force,majority_generic,a_only,commercial_service,1,0.5
Race,Criminal Justice,Police use of force,majority_generic,a_only,social_platform,1,0.5
Race,Criminal Justice,Police use of force,majority_generic,b_only,academic_research,3,0.375
Race,Criminal Justice,Police use of force,majority_generic,b_only,commercial_service,1,0.125
Race,Criminal Justice,Police use of force,majority_generic,b_only,government,4,0.5
Race,Criminal Justice,Police use of force,majority_generic,shared,nonprofit_general,1,1.0
Race,Criminal Justice,Police use of force,minority_generic,a_only,academic_research,2,0.3333333333333333
Race,Criminal Justice,Police use of force,minority_generic,a_only,advocacy_community,1,0.16666666666666666
Race,Criminal Justice,Police use of force,minority_generic,a_only,government,3,0.5
Race,Criminal Justice,Police use of force,minority_generic,b_only,academic_research,3,0.375
Race,Criminal Justice,Police use of force,minority_generic,b_only,commercial_service,1,0.125
Race,Criminal Justice,Police use of force,minority_generic,b_only,government,4,0.5
Race,Criminal Justice,Police use of force,minority_generic,shared,nonprofit_general,1,1.0
Race,Criminal Justice,Police use of force,minority_majority,a_only,academic_research,2,0.3333333333333333
Race,Criminal Justice,Police use of force,minority_majority,a_only,advocacy_community,1,0.16666666666666666
Race,Criminal Justice,Police use of force,minority_majority,a_only,government,3,0.5
Race,Criminal Justice,Police use of force,minority_majority,b_only,commercial_service,1,0.5
Race,Criminal Justice,Police use of force,minority_majority,b_only,social_platform,1,0.5
Race,Criminal Justice,Police use of force,minority_majority,shared,nonprofit_general,1,1.0
Race,Education,College access/admission,majority_generic,a_only,commercial_service,2,0.3333333333333333
Race,Education,College access/admission,majority_generic,a_only,nonprofit_general,4,0.6666666666666666
Race,Education,College access/admission,majority_generic,b_only,academic_research,1,0.16666666666666666
Race,Education,College access/admission,majority_generic,b_only,commercial_service,1,0.16666666666666666
Race,Education,College access/admission,majority_generic,b_only,government,1,0.16666666666666666
Race,Education,College access/admission,majority_generic,b_only,news_media,1,0.16666666666666666
Race,Education,College access/admission,majority_generic,b_only,nonprofit_general,2,0.3333333333333333
Race,Education,College access/admission,minority_generic,a_only,commercial_service,2,0.16666666666666666
Race,Education,College access/admission,minority_generic,a_only,government,1,0.08333333333333333
Race,Education,College access/admission,minority_generic,a_only,nonprofit_general,7,0.5833333333333334
Race,Education,College access/admission,minority_generic,a_only,policy_research,2,0.16666666666666666
Race,Education,College access/admission,minority_generic,b_only,academic_research,1,0.16666666666666666
Race,Education,College access/admission,minority_generic,b_only,commercial_service,1,0.16666666666666666
Race,Education,College access/admission,minority_generic,b_only,government,1,0.16666666666666666
Race,Education,College access/admission,minority_generic,b_only,news_media,1,0.16666666666666666
Race,Education,College access/admission,minority_generic,b_only,nonprofit_general,2,0.3333333333333333
Race,Education,College access/admission,minority_majority,a_only,commercial_service,2,0.2
Race,Education,College access/admission,minority_majority,a_only,government,1,0.1
Race,Education,College access/admission,minority_majority,a_only,nonprofit_general,5,0.5
Race,Education,College access/admission,minority_majority,a_only,policy_research,2,0.2
Race,Education,College access/admission,minority_majority,b_only,commercial_service,2,0.5
Race,Education,College access/admission,minority_majority,b_only,nonprofit_general,2,0.5
Race,Education,College access/admission,minority_majority,shared,nonprofit_general,2,1.0
Race,Education,Educational opportunity/access,majority_generic,a_only,academic_research,1,0.25
Race,Education,Educational opportunity/access,majority_generic,a_only,nonprofit_general,2,0.5
Race,Education,Educational opportunity/access,majority_generic,a_only,policy_research,1,0.25
Race,Education,Educational opportunity/access,majority_generic,b_only,academic_research,1,0.2
Race,Education,Educational opportunity/access,majority_generic,b_only,commercial_service,2,0.4
Race,Education,Educational opportunity/access,majority_generic,b_only,nonprofit_general,1,0.2
Race,Education,Educational opportunity/access,majority_generic,b_only,other,1,0.2
Race,Education,Educational opportunity/access,majority_generic,shared,government,1,1.0
Race,Education,Educational opportunity/access,minority_generic,a_only,government,3,0.3333333333333333
Race,Education,Educational opportunity/access,minority_generic,a_only,nonprofit_general,5,0.5555555555555556
Race,Education,Educational opportunity/access,minority_generic,a_only,policy_research,1,0.1111111111111111
Race,Education,Educational opportunity/access,minority_generic,b_only,academic_research,1,0.16666666666666666
Race,Education,Educational opportunity/access,minority_generic,b_only,commercial_service,2,0.3333333333333333
Race,Education,Educational opportunity/access,minority_generic,b_only,government,1,0.16666666666666666
Race,Education,Educational opportunity/access,minority_generic,b_only,nonprofit_general,1,0.16666666666666666
Race,Education,Educational opportunity/access,minority_generic,b_only,other,1,0.16666666666666666
Race,Education,Educational opportunity/access,minority_majority,a_only,government,3,0.375
Race,Education,Educational opportunity/access,minority_majority,a_only,nonprofit_general,4,0.5
Race,Education,Educational opportunity/access,minority_majority,a_only,policy_research,1,0.125
Race,Education,Educational opportunity/access,minority_majority,b_only,academic_research,1,0.25
Race,Education,Educational opportunity/access,minority_majority,b_only,government,1,0.25
Race,Education,Educational opportunity/access,minority_majority,b_only,nonprofit_general,1,0.25
Race,Education,Educational opportunity/access,minority_majority,b_only,policy_research,1,0.25
Race,Education,Educational opportunity/access,minority_majority,shared,nonprofit_general,1,1.0
Race,Education,Harassment/bullying,majority_generic,a_only,academic_research,1,0.25
Race,Education,Harassment/bullying,majority_generic,a_only,government,2,0.5
Race,Education,Harassment/bullying,majority_generic,a_only,professional_association,1,0.25
Race,Education,Harassment/bullying,majority_generic,b_only,academic_research,4,0.3333333333333333
Race,Education,Harassment/bullying,majority_generic,b_only,government,2,0.16666666666666666
Race,Education,Harassment/bullying,majority_generic,b_only,intergovernmental,2,0.16666666666666666
Race,Education,Harassment/bullying,majority_generic,b_only,nonprofit_general,1,0.08333333333333333
Race,Education,Harassment/bullying,majority_generic,b_only,other,2,0.16666666666666666
Race,Education,Harassment/bullying,majority_generic,b_only,social_platform,1,0.08333333333333333
Race,Education,Harassment/bullying,minority_generic,a_only,academic_research,3,0.23076923076923078
Race,Education,Harassment/bullying,minority_generic,a_only,commercial_service,2,0.15384615384615385
Race,Education,Harassment/bullying,minority_generic,a_only,government,3,0.23076923076923078
Race,Education,Harassment/bullying,minority_generic,a_only,news_media,1,0.07692307692307693
Race,Education,Harassment/bullying,minority_generic,a_only,nonprofit_general,2,0.15384615384615385
Race,Education,Harassment/bullying,minority_generic,a_only,other,1,0.07692307692307693
Race,Education,Harassment/bullying,minority_generic,a_only,social_platform,1,0.07692307692307693
Race,Education,Harassment/bullying,minority_generic,b_only,academic_research,4,0.3333333333333333
Race,Education,Harassment/bullying,minority_generic,b_only,government,2,0.16666666666666666
Race,Education,Harassment/bullying,minority_generic,b_only,intergovernmental,2,0.16666666666666666
Race,Education,Harassment/bullying,minority_generic,b_only,nonprofit_general,1,0.08333333333333333
Race,Education,Harassment/bullying,minority_generic,b_only,other,2,0.16666666666666666
Race,Education,Harassment/bullying,minority_generic,b_only,social_platform,1,0.08333333333333333
Race,Education,Harassment/bullying,minority_majority,a_only,academic_research,2,0.18181818181818182
Race,Education,Harassment/bullying,minority_majority,a_only,commercial_service,2,0.18181818181818182
Race,Education,Harassment/bullying,minority_majority,a_only,government,2,0.18181818181818182
Race,Education,Harassment/bullying,minority_majority,a_only,news_media,1,0.09090909090909091
Race,Education,Harassment/bullying,minority_majority,a_only,nonprofit_general,2,0.18181818181818182
Race,Education,Harassment/bullying,minority_majority,a_only,other,1,0.09090909090909091
Race,Education,Harassment/bullying,minority_majority,a_only,social_platform,1,0.09090909090909091
Race,Education,Harassment/bullying,minority_majority,b_only,government,1,0.5
Race,Education,Harassment/bullying,minority_majority,b_only,professional_association,1,0.5
Race,Education,Harassment/bullying,minority_majority,shared,academic_research,1,0.5
Race,Education,Harassment/bullying,minority_majority,shared,government,1,0.5
Race,Employment,Career advancement,majority_generic,a_only,academic_research,1,0.2
Race,Employment,Career advancement,majority_generic,a_only,government,1,0.2
Race,Employment,Career advancement,majority_generic,a_only,nonprofit_general,1,0.2
Race,Employment,Career advancement,majority_generic,a_only,policy_research,1,0.2
Race,Employment,Career advancement,majority_generic,a_only,social_platform,1,0.2
Race,Employment,Career advancement,majority_generic,b_only,academic_research,1,0.2
Race,Employment,Career advancement,majority_generic,b_only,commercial_service,1,0.2
Race,Employment,Career advancement,majority_generic,b_only,government,1,0.2
Race,Employment,Career advancement,majority_generic,b_only,news_media,1,0.2
Race,Employment,Career advancement,majority_generic,b_only,social_platform,1,0.2
Race,Employment,Career advancement,minority_generic,a_only,academic_research,2,0.2222222222222222
Race,Employment,Career advancement,minority_generic,a_only,commercial_service,1,0.1111111111111111
Race,Employment,Career advancement,minority_generic,a_only,government,1,0.1111111111111111
Race,Employment,Career advancement,minority_generic,a_only,nonprofit_general,3,0.3333333333333333
Race,Employment,Career advancement,minority_generic,a_only,policy_research,1,0.1111111111111111
Race,Employment,Career advancement,minority_generic,a_only,social_platform,1,0.1111111111111111
Race,Employment,Career advancement,minority_generic,b_only,academic_research,1,0.2
Race,Employment,Career advancement,minority_generic,b_only,commercial_service,1,0.2
Race,Employment,Career advancement,minority_generic,b_only,government,1,0.2
Race,Employment,Career advancement,minority_generic,b_only,news_media,1,0.2
Race,Employment,Career advancement,minority_generic,b_only,social_platform,1,0.2
Race,Employment,Career advancement,minority_majority,a_only,academic_research,2,0.2222222222222222
Race,Employment,Career advancement,minority_majority,a_only,commercial_service,1,0.1111111111111111
Race,Employment,Career advancement,minority_majority,a_only,government,1,0.1111111111111111
Race,Employment,Career advancement,minority_majority,a_only,nonprofit_general,3,0.3333333333333333
Race,Employment,Career advancement,minority_majority,a_only,policy_research,1,0.1111111111111111
Race,Employment,Career advancement,minority_majority,a_only,social_platform,1,0.1111111111111111
Race,Employment,Career advancement,minority_majority,b_only,academic_research,1,0.2
Race,Employment,Career advancement,minority_majority,b_only,government,1,0.2
Race,Employment,Career advancement,minority_majority,b_only,nonprofit_general,1,0.2
Race,Employment,Career advancement,minority_majority,b_only,policy_research,1,0.2
Race,Employment,Career advancement,minority_majority,b_only,social_platform,1,0.2
Race,Employment,Hiring,majority_generic,a_only,academic_research,1,0.25
Race,Employment,Hiring,majority_generic,a_only,policy_research,1,0.25
Race,Employment,Hiring,majority_generic,a_only,social_platform,2,0.5
Race,Employment,Hiring,majority_generic,b_only,academic_research,1,0.08333333333333333
Race,Employment,Hiring,majority_generic,b_only,commercial_service,5,0.4166666666666667
Race,Employment,Hiring,majority_generic,b_only,other,3,0.25
Race,Employment,Hiring,majority_generic,b_only,social_platform,3,0.25
Race,Employment,Hiring,minority_generic,a_only,academic_research,3,0.3
Race,Employment,Hiring,minority_generic,a_only,government,1,0.1
Race,Employment,Hiring,minority_generic,a_only,nonprofit_general,3,0.3
Race,Employment,Hiring,minority_generic,a_only,policy_research,2,0.2
Race,Employment,Hiring,minority_generic,a_only,social_platform,1,0.1
Race,Employment,Hiring,minority_generic,b_only,academic_research,1,0.08333333333333333
Race,Employment,Hiring,minority_generic,b_only,commercial_service,5,0.4166666666666667
Race,Employment,Hiring,minority_generic,b_only,other,3,0.25
Race,Employment,Hiring,minority_generic,b_only,social_platform,3,0.25
Race,Employment,Hiring,minority_majority,a_only,academic_research,2,0.2222222222222222
Race,Employment,Hiring,minority_majority,a_only,government,1,0.1111111111111111
Race,Employment,Hiring,minority_majority,a_only,nonprofit_general,3,0.3333333333333333
Race,Employment,Hiring,minority_majority,a_only,policy_research,2,0.2222222222222222
Race,Employment,Hiring,minority_majority,a_only,social_platform,1,0.1111111111111111
Race,Employment,Hiring,minority_majority,b_only,policy_research,1,0.3333333333333333
Race,Employment,Hiring,minority_majority,b_only,social_platform,2,0.6666666666666666
Race,Employment,Hiring,minority_majority,shared,academic_research,1,1.0
Race,Employment,Workplace harassment,majority_generic,a_only,commercial_service,2,0.5
Race,Employment,Workplace harassment,majority_generic,a_only,government,1,0.25
Race,Employment,Workplace harassment,majority_generic,a_only,news_media,1,0.25
Race,Employment,Workplace harassment,majority_generic,b_only,advocacy_community,1,0.16666666666666666
Race,Employment,Workplace harassment,majority_generic,b_only,commercial_service,3,0.5
Race,Employment,Workplace harassment,majority_generic,b_only,government,1,0.16666666666666666
Race,Employment,Workplace harassment,majority_generic,b_only,other,1,0.16666666666666666
Race,Employment,Workplace harassment,majority_generic,shared,government,1,1.0
Race,Employment,Workplace harassment,minority_generic,a_only,academic_research,1,0.1
Race,Employment,Workplace harassment,minority_generic,a_only,commercial_service,2,0.2
Race,Employment,Workplace harassment,minority_generic,a_only,government,5,0.5
Race,Employment,Workplace harassment,minority_generic,a_only,nonprofit_general,2,0.2
Race,Employment,Workplace harassment,minority_generic,b_only,advocacy_community,1,0.16666666666666666
Race,Employment,Workplace harassment,minority_generic,b_only,commercial_service,2,0.3333333333333333
Race,Employment,Workplace harassment,minority_generic,b_only,government,2,0.3333333333333333
Race,Employment,Workplace harassment,minority_generic,b_only,other,1,0.16666666666666666
Race,Employment,Workplace harassment,minority_generic,shared,commercial_service,1,1.0
Race,Employment,Workplace harassment,minority_majority,a_only,academic_research,1,0.1
Race,Employment,Workplace harassment,minority_majority,a_only,commercial_service,2,0.2
Race,Employment,Workplace harassment,minority_majority,a_only,government,5,0.5
Race,Employment,Workplace harassment,minority_majority,a_only,nonprofit_general,2,0.2
Race,Employment,Workplace harassment,minority_majority,b_only,commercial_service,1,0.25
Race,Employment,Workplace harassment,minority_majority,b_only,government,2,0.5
Race,Employment,Workplace harassment,minority_majority,b_only,news_media,1,0.25
Race,Employment,Workplace harassment,minority_majority,shared,commercial_service,1,1.0
Race,Government Benefits,Access to government benefits,majority_generic,a_only,commercial_service,1,0.2
Race,Government Benefits,Access to government benefits,majority_generic,a_only,nonprofit_general,1,0.2
Race,Government Benefits,Access to government benefits,majority_generic,a_only,policy_research,2,0.4
Race,Government Benefits,Access to government benefits,majority_generic,a_only,social_platform,1,0.2
Race,Government Benefits,Access to government benefits,majority_generic,b_only,academic_research,4,0.4
Race,Government Benefits,Access to government benefits,majority_generic,b_only,government,2,0.2
Race,Government Benefits,Access to government benefits,majority_generic,b_only,nonprofit_general,3,0.3
Race,Government Benefits,Access to government benefits,majority_generic,b_only,policy_research,1,0.1
Race,Government Benefits,Access to government benefits,minority_generic,a_only,academic_research,1,0.125
Race,Government Benefits,Access to government benefits,minority_generic,a_only,commercial_service,1,0.125
Race,Government Benefits,Access to government benefits,minority_generic,a_only,nonprofit_general,2,0.25
Race,Government Benefits,Access to government benefits,minority_generic,a_only,policy_research,3,0.375
Race,Government Benefits,Access to government benefits,minority_generic,a_only,social_platform,1,0.125
Race,Government Benefits,Access to government benefits,minority_generic,b_only,academic_research,4,0.4
Race,Government Benefits,Access to government benefits,minority_generic,b_only,government,2,0.2
Race,Government Benefits,Access to government benefits,minority_generic,b_only,nonprofit_general,3,0.3
Race,Government Benefits,Access to government benefits,minority_generic,b_only,policy_research,1,0.1
Race,Government Benefits,Access to government benefits,minority_majority,a_only,academic_research,1,0.2
Race,Government Benefits,Access to government benefits,minority_majority,a_only,nonprofit_general,1,0.2
Race,Government Benefits,Access to government benefits,minority_majority,a_only,policy_research,3,0.6
Race,Government Benefits,Access to government benefits,minority_majority,b_only,policy_research,2,1.0
Race,Government Benefits,Access to government benefits,minority_majority,shared,commercial_service,1,0.3333333333333333
Race,Government Benefits,Access to government benefits,minority_majority,shared,nonprofit_general,1,0.3333333333333333
Race,Government Benefits,Access to government benefits,minority_majority,shared,social_platform,1,0.3333333333333333
Race,Government Benefits,Application/approval,majority_generic,a_only,academic_research,1,0.06666666666666667
Race,Government Benefits,Application/approval,majority_generic,a_only,commercial_service,2,0.13333333333333333
Race,Government Benefits,Application/approval,majority_generic,a_only,government,5,0.3333333333333333
Race,Government Benefits,Application/approval,majority_generic,a_only,nonprofit_general,3,0.2
Race,Government Benefits,Application/approval,majority_generic,a_only,other,1,0.06666666666666667
Race,Government Benefits,Application/approval,majority_generic,a_only,policy_research,3,0.2
Race,Government Benefits,Application/approval,majority_generic,b_only,academic_research,1,0.08333333333333333
Race,Government Benefits,Application/approval,majority_generic,b_only,commercial_service,1,0.08333333333333333
Race,Government Benefits,Application/approval,majority_generic,b_only,government,1,0.08333333333333333
Race,Government Benefits,Application/approval,majority_generic,b_only,news_media,1,0.08333333333333333
Race,Government Benefits,Application/approval,majority_generic,b_only,nonprofit_general,7,0.5833333333333334
Race,Government Benefits,Application/approval,majority_generic,b_only,policy_research,1,0.08333333333333333
Race,Government Benefits,Application/approval,minority_generic,a_only,academic_research,2,0.3333333333333333
Race,Government Benefits,Application/approval,minority_generic,a_only,government,1,0.16666666666666666
Race,Government Benefits,Application/approval,minority_generic,a_only,nonprofit_general,1,0.16666666666666666
Race,Government Benefits,Application/approval,minority_generic,a_only,other,1,0.16666666666666666
Race,Government Benefits,Application/approval,minority_generic,a_only,policy_research,1,0.16666666666666666
Race,Government Benefits,Application/approval,minority_generic,b_only,academic_research,1,0.08333333333333333
Race,Government Benefits,Application/approval,minority_generic,b_only,commercial_service,1,0.08333333333333333
Race,Government Benefits,Application/approval,minority_generic,b_only,government,1,0.08333333333333333
Race,Government Benefits,Application/approval,minority_generic,b_only,news_media,1,0.08333333333333333
Race,Government Benefits,Application/approval,minority_generic,b_only,nonprofit_general,7,0.5833333333333334
Race,Government Benefits,Application/approval,minority_generic,b_only,policy_research,1,0.08333333333333333
Race,Government Benefits,Application/approval,minority_majority,a_only,academic_research,1,0.2
Race,Government Benefits,Application/approval,minority_majority,a_only,government,1,0.2
Race,Government Benefits,Application/approval,minority_majority,a_only,nonprofit_general,1,0.2
Race,Government Benefits,Application/approval,minority_majority,a_only,other,1,0.2
Race,Government Benefits,Application/approval,minority_majority,a_only,policy_research,1,0.2
Race,Government Benefits,Application/approval,minority_majority,b_only,commercial_service,2,0.14285714285714285
Race,Government Benefits,Application/approval,minority_majority,b_only,government,5,0.35714285714285715
Race,Government Benefits,Application/approval,minority_majority,b_only,nonprofit_general,3,0.21428571428571427
Race,Government Benefits,Application/approval,minority_majority,b_only,other,1,0.07142857142857142
Race,Government Benefits,Application/approval,minority_majority,b_only,policy_research,3,0.21428571428571427
Race,Government Benefits,Application/approval,minority_majority,shared,academic_research,1,1.0
Race,Government Benefits,Benefit retention / renewal,majority_generic,a_only,commercial_service,1,0.125
Race,Government Benefits,Benefit retention / renewal,majority_generic,a_only,government,3,0.375
Race,Government Benefits,Benefit retention / renewal,majority_generic,a_only,nonprofit_general,2,0.25
Race,Government Benefits,Benefit retention / renewal,majority_generic,a_only,policy_research,2,0.25
Race,Government Benefits,Benefit retention / renewal,majority_generic,b_only,academic_research,1,0.07692307692307693
Race,Government Benefits,Benefit retention / renewal,majority_generic,b_only,commercial_service,4,0.3076923076923077
Race,Government Benefits,Benefit retention / renewal,majority_generic,b_only,nonprofit_general,2,0.15384615384615385
Race,Government Benefits,Benefit retention / renewal,majority_generic,b_only,policy_research,5,0.38461538461538464
Race,Government Benefits,Benefit retention / renewal,majority_generic,b_only,social_platform,1,0.07692307692307693
Race,Government Benefits,Benefit retention / renewal,minority_generic,a_only,academic_research,1,0.06666666666666667
Race,Government Benefits,Benefit retention / renewal,minority_generic,a_only,advocacy_community,1,0.06666666666666667
Race,Government Benefits,Benefit retention / renewal,minority_generic,a_only,government,2,0.13333333333333333
Race,Government Benefits,Benefit retention / renewal,minority_generic,a_only,news_media,1,0.06666666666666667
Race,Government Benefits,Benefit retention / renewal,minority_generic,a_only,nonprofit_general,4,0.26666666666666666
Race,Government Benefits,Benefit retention / renewal,minority_generic,a_only,policy_research,6,0.4
Race,Government Benefits,Benefit retention / renewal,minority_generic,b_only,academic_research,1,0.07692307692307693
Race,Government Benefits,Benefit retention / renewal,minority_generic,b_only,commercial_service,4,0.3076923076923077
Race,Government Benefits,Benefit retention / renewal,minority_generic,b_only,nonprofit_general,2,0.15384615384615385
Race,Government Benefits,Benefit retention / renewal,minority_generic,b_only,policy_research,5,0.38461538461538464
Race,Government Benefits,Benefit retention / renewal,minority_generic,b_only,social_platform,1,0.07692307692307693
Race,Government Benefits,Benefit retention / renewal,minority_majority,a_only,academic_research,1,0.07692307692307693
Race,Government Benefits,Benefit retention / renewal,minority_majority,a_only,advocacy_community,1,0.07692307692307693
Race,Government Benefits,Benefit retention / renewal,minority_majority,a_only,government,2,0.15384615384615385
Race,Government Benefits,Benefit retention / renewal,minority_majority,a_only,news_media,1,0.07692307692307693
Race,Government Benefits,Benefit retention / renewal,minority_majority,a_only,nonprofit_general,4,0.3076923076923077
Race,Government Benefits,Benefit retention / renewal,minority_majority,a_only,policy_research,4,0.3076923076923077
Race,Government Benefits,Benefit retention / renewal,minority_majority,b_only,commercial_service,1,0.16666666666666666
Race,Government Benefits,Benefit retention / renewal,minority_majority,b_only,government,3,0.5
Race,Government Benefits,Benefit retention / renewal,minority_majority,b_only,nonprofit_general,2,0.3333333333333333
Race,Government Benefits,Benefit retention / renewal,minority_majority,shared,policy_research,2,1.0
Race,Healthcare,Insurance coverage,majority_generic,a_only,government,2,0.4
Race,Healthcare,Insurance coverage,majority_generic,a_only,policy_research,3,0.6
Race,Healthcare,Insurance coverage,majority_generic,b_only,academic_research,2,0.15384615384615385
Race,Healthcare,Insurance coverage,majority_generic,b_only,commercial_service,3,0.23076923076923078
Race,Healthcare,Insurance coverage,majority_generic,b_only,government,7,0.5384615384615384
Race,Healthcare,Insurance coverage,majority_generic,b_only,social_platform,1,0.07692307692307693
Race,Healthcare,Insurance coverage,minority_generic,a_only,government,1,0.14285714285714285
Race,Healthcare,Insurance coverage,minority_generic,a_only,policy_research,5,0.7142857142857143
Race,Healthcare,Insurance coverage,minority_generic,a_only,professional_association,1,0.14285714285714285
Race,Healthcare,Insurance coverage,minority_generic,b_only,academic_research,2,0.15384615384615385
Race,Healthcare,Insurance coverage,minority_generic,b_only,commercial_service,3,0.23076923076923078
Race,Healthcare,Insurance coverage,minority_generic,b_only,government,7,0.5384615384615384
Race,Healthcare,Insurance coverage,minority_generic,b_only,social_platform,1,0.07692307692307693
Race,Healthcare,Insurance coverage,minority_majority,a_only,government,1,0.2
Race,Healthcare,Insurance coverage,minority_majority,a_only,policy_research,3,0.6
Race,Healthcare,Insurance coverage,minority_majority,a_only,professional_association,1,0.2
Race,Healthcare,Insurance coverage,minority_majority,b_only,government,2,0.6666666666666666
Race,Healthcare,Insurance coverage,minority_majority,b_only,policy_research,1,0.3333333333333333
Race,Healthcare,Insurance coverage,minority_majority,shared,policy_research,2,1.0
Race,Healthcare,Patient safety,majority_generic,a_only,academic_research,1,0.25
Race,Healthcare,Patient safety,majority_generic,a_only,government,1,0.25
Race,Healthcare,Patient safety,majority_generic,a_only,nonprofit_general,2,0.5
Race,Healthcare,Patient safety,majority_generic,b_only,academic_research,2,0.2
Race,Healthcare,Patient safety,majority_generic,b_only,commercial_service,1,0.1
Race,Healthcare,Patient safety,majority_generic,b_only,government,7,0.7
Race,Healthcare,Patient safety,majority_generic,shared,intergovernmental,1,1.0
Race,Healthcare,Patient safety,minority_generic,a_only,academic_research,1,0.1111111111111111
Race,Healthcare,Patient safety,minority_generic,a_only,commercial_service,1,0.1111111111111111
Race,Healthcare,Patient safety,minority_generic,a_only,government,4,0.4444444444444444
Race,Healthcare,Patient safety,minority_generic,a_only,nonprofit_general,1,0.1111111111111111
Race,Healthcare,Patient safety,minority_generic,a_only,policy_research,2,0.2222222222222222
Race,Healthcare,Patient safety,minority_generic,b_only,academic_research,2,0.18181818181818182
Race,Healthcare,Patient safety,minority_generic,b_only,commercial_service,1,0.09090909090909091
Race,Healthcare,Patient safety,minority_generic,b_only,government,7,0.6363636363636364
Race,Healthcare,Patient safety,minority_generic,b_only,intergovernmental,1,0.09090909090909091
Race,Healthcare,Patient safety,minority_majority,a_only,academic_research,1,0.125
Race,Healthcare,Patient safety,minority_majority,a_only,commercial_service,1,0.125
Race,Healthcare,Patient safety,minority_majority,a_only,government,4,0.5
Race,Healthcare,Patient safety,minority_majority,a_only,policy_research,2,0.25
Race,Healthcare,Patient safety,minority_majority,b_only,academic_research,1,0.25
Race,Healthcare,Patient safety,minority_majority,b_only,government,1,0.25
Race,Healthcare,Patient safety,minority_majority,b_only,intergovernmental,1,0.25
Race,Healthcare,Patient safety,minority_majority,b_only,nonprofit_general,1,0.25
Race,Healthcare,Patient safety,minority_majority,shared,nonprofit_general,1,1.0
Race,Healthcare,Preventive care,majority_generic,a_only,academic_research,2,0.4
Race,Healthcare,Preventive care,majority_generic,a_only,government,3,0.6
Race,Healthcare,Preventive care,majority_generic,b_only,government,4,0.8
Race,Healthcare,Preventive care,majority_generic,b_only,professional_association,1,0.2
Race,Healthcare,Preventive care,minority_generic,a_only,academic_research,1,0.16666666666666666
Race,Healthcare,Preventive care,minority_generic,a_only,commercial_service,1,0.16666666666666666
Race,Healthcare,Preventive care,minority_generic,a_only,government,1,0.16666666666666666
Race,Healthcare,Preventive care,minority_generic,a_only,healthcare_provider,1,0.16666666666666666
Race,Healthcare,Preventive care,minority_generic,a_only,policy_research,2,0.3333333333333333
Race,Healthcare,Preventive care,minority_generic,b_only,government,4,0.8
Race,Healthcare,Preventive care,minority_generic,b_only,professional_association,1,0.2
Race,Healthcare,Preventive care,minority_majority,a_only,academic_research,1,0.16666666666666666
Race,Healthcare,Preventive care,minority_majority,a_only,commercial_service,1,0.16666666666666666
Race,Healthcare,Preventive care,minority_majority,a_only,government,1,0.16666666666666666
Race,Healthcare,Preventive care,minority_majority,a_only,healthcare_provider,1,0.16666666666666666
Race,Healthcare,Preventive care,minority_majority,a_only,policy_research,2,0.3333333333333333
Race,Healthcare,Preventive care,minority_majority,b_only,academic_research,2,0.4
Race,Healthcare,Preventive care,minority_majority,b_only,government,3,0.6
Race,Housing,Access to housing,majority_generic,a_only,advocacy_community,1,0.16666666666666666
Race,Housing,Access to housing,majority_generic,a_only,government,1,0.16666666666666666
Race,Housing,Access to housing,majority_generic,a_only,nonprofit_general,2,0.3333333333333333
Race,Housing,Access to housing,majority_generic,a_only,policy_research,2,0.3333333333333333
Race,Housing,Access to housing,majority_generic,b_only,advocacy_community,1,0.16666666666666666
Race,Housing,Access to housing,majority_generic,b_only,government,1,0.16666666666666666
Race,Housing,Access to housing,majority_generic,b_only,nonprofit_general,3,0.5
Race,Housing,Access to housing,majority_generic,b_only,other,1,0.16666666666666666
Race,Housing,Access to housing,minority_generic,a_only,advocacy_community,2,0.16666666666666666
Race,Housing,Access to housing,minority_generic,a_only,government,3,0.25
Race,Housing,Access to housing,minority_generic,a_only,nonprofit_general,4,0.3333333333333333
Race,Housing,Access to housing,minority_generic,a_only,policy_research,3,0.25
Race,Housing,Access to housing,minority_generic,b_only,advocacy_community,1,0.16666666666666666
Race,Housing,Access to housing,minority_generic,b_only,government,1,0.16666666666666666
Race,Housing,Access to housing,minority_generic,b_only,nonprofit_general,3,0.5
Race,Housing,Access to housing,minority_generic,b_only,other,1,0.16666666666666666
Race,Housing,Access to housing,minority_majority,a_only,advocacy_community,2,0.25
Race,Housing,Access to housing,minority_majority,a_only,government,2,0.25
Race,Housing,Access to housing,minority_majority,a_only,nonprofit_general,2,0.25
Race,Housing,Access to housing,minority_majority,a_only,policy_research,2,0.25
Race,Housing,Access to housing,minority_majority,b_only,advocacy_community,1,0.5
Race,Housing,Access to housing,minority_majority,b_only,policy_research,1,0.5
Race,Housing,Access to housing,minority_majority,shared,government,1,0.25
Race,Housing,Access to housing,minority_majority,shared,nonprofit_general,2,0.5
Race,Housing,Access to housing,minority_majority,shared,policy_research,1,0.25
Race,Housing,Homelessness,majority_generic,a_only,academic_research,1,0.25
Race,Housing,Homelessness,majority_generic,a_only,advocacy_community,1,0.25
Race,Housing,Homelessness,majority_generic,a_only,nonprofit_general,2,0.5
Race,Housing,Homelessness,majority_generic,b_only,academic_research,1,0.16666666666666666
Race,Housing,Homelessness,majority_generic,b_only,advocacy_community,3,0.5
Race,Housing,Homelessness,majority_generic,b_only,nonprofit_general,1,0.16666666666666666
Race,Housing,Homelessness,majority_generic,b_only,other,1,0.16666666666666666
Race,Housing,Homelessness,majority_generic,shared,advocacy_community,1,1.0
Race,Housing,Homelessness,minority_generic,a_only,academic_research,1,0.09090909090909091
Race,Housing,Homelessness,minority_generic,a_only,advocacy_community,2,0.18181818181818182
Race,Housing,Homelessness,minority_generic,a_only,commercial_service,2,0.18181818181818182
Race,Housing,Homelessness,minority_generic,a_only,government,1,0.09090909090909091
Race,Housing,Homelessness,minority_generic,a_only,nonprofit_general,5,0.45454545454545453
Race,Housing,Homelessness,minority_generic,b_only,academic_research,1,0.16666666666666666
Race,Housing,Homelessness,minority_generic,b_only,advocacy_community,3,0.5
Race,Housing,Homelessness,minority_generic,b_only,nonprofit_general,1,0.16666666666666666
Race,Housing,Homelessness,minority_generic,b_only,other,1,0.16666666666666666
Race,Housing,Homelessness,minority_generic,shared,advocacy_community,1,1.0
Race,Housing,Homelessness,minority_majority,a_only,advocacy_community,2,0.2
Race,Housing,Homelessness,minority_majority,a_only,commercial_service,2,0.2
Race,Housing,Homelessness,minority_majority,a_only,government,1,0.1
Race,Housing,Homelessness,minority_majority,a_only,nonprofit_general,5,0.5
Race,Housing,Homelessness,minority_majority,b_only,advocacy_community,1,0.3333333333333333
Race,Housing,Homelessness,minority_majority,b_only,nonprofit_general,2,0.6666666666666666
Race,Housing,Homelessness,minority_majority,shared,academic_research,1,0.5
Race,Housing,Homelessness,minority_majority,shared,advocacy_community,1,0.5
Race,Housing,Housing stability,majority_generic,a_only,advocacy_community,1,0.1111111111111111
Race,Housing,Housing stability,majority_generic,a_only,government,3,0.3333333333333333
Race,Housing,Housing stability,majority_generic,a_only,nonprofit_general,2,0.2222222222222222
Race,Housing,Housing stability,majority_generic,a_only,policy_research,3,0.3333333333333333
Race,Housing,Housing stability,majority_generic,b_only,academic_research,1,0.1111111111111111
Race,Housing,Housing stability,majority_generic,b_only,commercial_service,1,0.1111111111111111
Race,Housing,Housing stability,majority_generic,b_only,government,2,0.2222222222222222
Race,Housing,Housing stability,majority_generic,b_only,nonprofit_general,5,0.5555555555555556
Race,Housing,Housing stability,minority_generic,a_only,government,1,0.125
Race,Housing,Housing stability,minority_generic,a_only,nonprofit_general,1,0.125
Race,Housing,Housing stability,minority_generic,a_only,policy_research,4,0.5
Race,Housing,Housing stability,minority_generic,a_only,social_platform,2,0.25
Race,Housing,Housing stability,minority_generic,b_only,academic_research,1,0.1111111111111111
Race,Housing,Housing stability,minority_generic,b_only,commercial_service,1,0.1111111111111111
Race,Housing,Housing stability,minority_generic,b_only,government,2,0.2222222222222222
Race,Housing,Housing stability,minority_generic,b_only,nonprofit_general,5,0.5555555555555556
Race,Housing,Housing stability,minority_majority,a_only,policy_research,3,0.6
Race,Housing,Housing stability,minority_majority,a_only,social_platform,2,0.4
Race,Housing,Housing stability,minority_majority,b_only,advocacy_community,1,0.16666666666666666
Race,Housing,Housing stability,minority_majority,b_only,government,2,0.3333333333333333
Race,Housing,Housing stability,minority_majority,b_only,nonprofit_general,1,0.16666666666666666
Race,Housing,Housing stability,minority_majority,b_only,policy_research,2,0.3333333333333333
Race,Housing,Housing stability,minority_majority,shared,government,1,0.3333333333333333
Race,Housing,Housing stability,minority_majority,shared,nonprofit_general,1,0.3333333333333333
Race,Housing,Housing stability,minority_majority,shared,policy_research,1,0.3333333333333333
Sexual Orientation,Credit & Financial Services,Access to banking services,majority_generic,a_only,intergovernmental,2,0.2857142857142857
Sexual Orientation,Credit & Financial Services,Access to banking services,majority_generic,a_only,nonprofit_general,3,0.42857142857142855
Sexual Orientation,Credit & Financial Services,Access to banking services,majority_generic,a_only,other,1,0.14285714285714285
Sexual Orientation,Credit & Financial Services,Access to banking services,majority_generic,a_only,policy_research,1,0.14285714285714285
Sexual Orientation,Credit & Financial Services,Access to banking services,majority_generic,b_only,academic_research,2,0.3333333333333333
Sexual Orientation,Credit & Financial Services,Access to banking services,majority_generic,b_only,commercial_service,1,0.16666666666666666
Sexual Orientation,Credit & Financial Services,Access to banking services,majority_generic,b_only,government,2,0.3333333333333333
Sexual Orientation,Credit & Financial Services,Access to banking services,majority_generic,b_only,intergovernmental,1,0.16666666666666666
Sexual Orientation,Credit & Financial Services,Access to banking services,majority_generic,shared,intergovernmental,1,0.5
Sexual Orientation,Credit & Financial Services,Access to banking services,majority_generic,shared,nonprofit_general,1,0.5
Sexual Orientation,Credit & Financial Services,Access to banking services,minority_generic,a_only,advocacy_community,2,0.3333333333333333
Sexual Orientation,Credit & Financial Services,Access to banking services,minority_generic,a_only,commercial_service,2,0.3333333333333333
Sexual Orientation,Credit & Financial Services,Access to banking services,minority_generic,a_only,nonprofit_general,2,0.3333333333333333
Sexual Orientation,Credit & Financial Services,Access to banking services,minority_generic,b_only,academic_research,2,0.25
Sexual Orientation,Credit & Financial Services,Access to banking services,minority_generic,b_only,commercial_service,1,0.125
Sexual Orientation,Credit & Financial Services,Access to banking services,minority_generic,b_only,government,2,0.25
Sexual Orientation,Credit & Financial Services,Access to banking services,minority_generic,b_only,intergovernmental,2,0.25
Sexual Orientation,Credit & Financial Services,Access to banking services,minority_generic,b_only,nonprofit_general,1,0.125
Sexual Orientation,Credit & Financial Services,Access to banking services,minority_majority,a_only,advocacy_community,2,0.3333333333333333
Sexual Orientation,Credit & Financial Services,Access to banking services,minority_majority,a_only,commercial_service,2,0.3333333333333333
Sexual Orientation,Credit & Financial Services,Access to banking services,minority_majority,a_only,nonprofit_general,2,0.3333333333333333
Sexual Orientation,Credit & Financial Services,Access to banking services,minority_majority,b_only,intergovernmental,3,0.3333333333333333
Sexual Orientation,Credit & Financial Services,Access to banking services,minority_majority,b_only,nonprofit_general,4,0.4444444444444444
Sexual Orientation,Credit & Financial Services,Access to banking services,minority_majority,b_only,other,1,0.1111111111111111
Sexual Orientation,Credit & Financial Services,Access to banking services,minority_majority,b_only,policy_research,1,0.1111111111111111
Sexual Orientation,Credit & Financial Services,Access to credit,majority_generic,a_only,academic_research,2,0.25
Sexual Orientation,Credit & Financial Services,Access to credit,majority_generic,a_only,government,2,0.25
Sexual Orientation,Credit & Financial Services,Access to credit,majority_generic,a_only,intergovernmental,1,0.125
Sexual Orientation,Credit & Financial Services,Access to credit,majority_generic,a_only,news_media,1,0.125
Sexual Orientation,Credit & Financial Services,Access to credit,majority_generic,a_only,nonprofit_general,1,0.125
Sexual Orientation,Credit & Financial Services,Access to credit,majority_generic,a_only,policy_research,1,0.125
Sexual Orientation,Credit & Financial Services,Access to credit,majority_generic,b_only,commercial_service,1,0.2
Sexual Orientation,Credit & Financial Services,Access to credit,majority_generic,b_only,government,1,0.2
Sexual Orientation,Credit & Financial Services,Access to credit,majority_generic,b_only,nonprofit_general,2,0.4
Sexual Orientation,Credit & Financial Services,Access to credit,majority_generic,b_only,policy_research,1,0.2
Sexual Orientation,Credit & Financial Services,Access to credit,majority_generic,shared,nonprofit_general,1,1.0
Sexual Orientation,Credit & Financial Services,Access to credit,minority_generic,a_only,advocacy_community,2,0.25
Sexual Orientation,Credit & Financial Services,Access to credit,minority_generic,a_only,commercial_service,3,0.375
Sexual Orientation,Credit & Financial Services,Access to credit,minority_generic,a_only,government,2,0.25
Sexual Orientation,Credit & Financial Services,Access to credit,minority_generic,a_only,reference,1,0.125
Sexual Orientation,Credit & Financial Services,Access to credit,minority_generic,b_only,commercial_service,1,0.16666666666666666
Sexual Orientation,Credit & Financial Services,Access to credit,minority_generic,b_only,government,1,0.16666666666666666
Sexual Orientation,Credit & Financial Services,Access to credit,minority_generic,b_only,nonprofit_general,3,0.5
Sexual Orientation,Credit & Financial Services,Access to credit,minority_generic,b_only,policy_research,1,0.16666666666666666
Sexual Orientation,Credit & Financial Services,Access to credit,minority_majority,a_only,advocacy_community,2,0.25
Sexual Orientation,Credit & Financial Services,Access to credit,minority_majority,a_only,commercial_service,3,0.375
Sexual Orientation,Credit & Financial Services,Access to credit,minority_majority,a_only,government,2,0.25
Sexual Orientation,Credit & Financial Services,Access to credit,minority_majority,a_only,reference,1,0.125
Sexual Orientation,Credit & Financial Services,Access to credit,minority_majority,b_only,academic_research,2,0.2222222222222222
Sexual Orientation,Credit & Financial Services,Access to credit,minority_majority,b_only,government,2,0.2222222222222222
Sexual Orientation,Credit & Financial Services,Access to credit,minority_majority,b_only,intergovernmental,1,0.1111111111111111
Sexual Orientation,Credit & Financial Services,Access to credit,minority_majority,b_only,news_media,1,0.1111111111111111
Sexual Orientation,Credit & Financial Services,Access to credit,minority_majority,b_only,nonprofit_general,2,0.2222222222222222
Sexual Orientation,Credit & Financial Services,Access to credit,minority_majority,b_only,policy_research,1,0.1111111111111111
Sexual Orientation,Credit & Financial Services,Credit/loan approval,majority_generic,a_only,commercial_service,2,1.0
Sexual Orientation,Credit & Financial Services,Credit/loan approval,majority_generic,b_only,commercial_service,4,0.4444444444444444
Sexual Orientation,Credit & Financial Services,Credit/loan approval,majority_generic,b_only,nonprofit_general,4,0.4444444444444444
Sexual Orientation,Credit & Financial Services,Credit/loan approval,majority_generic,b_only,other,1,0.1111111111111111
Sexual Orientation,Credit & Financial Services,Credit/loan approval,majority_generic,shared,commercial_service,2,1.0
Sexual Orientation,Credit & Financial Services,Credit/loan approval,minority_generic,a_only,academic_research,1,0.2
Sexual Orientation,Credit & Financial Services,Credit/loan approval,minority_generic,a_only,commercial_service,1,0.2
Sexual Orientation,Credit & Financial Services,Credit/loan approval,minority_generic,a_only,nonprofit_general,2,0.4
Sexual Orientation,Credit & Financial Services,Credit/loan approval,minority_generic,a_only,reference,1,0.2
Sexual Orientation,Credit & Financial Services,Credit/loan approval,minority_generic,b_only,commercial_service,6,0.5454545454545454
Sexual Orientation,Credit & Financial Services,Credit/loan approval,minority_generic,b_only,nonprofit_general,4,0.36363636363636365
Sexual Orientation,Credit & Financial Services,Credit/loan approval,minority_generic,b_only,other,1,0.09090909090909091
Sexual Orientation,Credit & Financial Services,Credit/loan approval,minority_majority,a_only,academic_research,1,0.2
Sexual Orientation,Credit & Financial Services,Credit/loan approval,minority_majority,a_only,commercial_service,1,0.2
Sexual Orientation,Credit & Financial Services,Credit/loan approval,minority_majority,a_only,nonprofit_general,2,0.4
Sexual Orientation,Credit & Financial Services,Credit/loan approval,minority_majority,a_only,reference,1,0.2
Sexual Orientation,Credit & Financial Services,Credit/loan approval,minority_majority,b_only,commercial_service,4,1.0
Sexual Orientation,Criminal Justice,Arrest / detention by police,majority_generic,a_only,academic_research,6,0.42857142857142855
Sexual Orientation,Criminal Justice,Arrest / detention by police,majority_generic,a_only,advocacy_community,3,0.21428571428571427
Sexual Orientation,Criminal Justice,Arrest / detention by police,majority_generic,a_only,government,3,0.21428571428571427
Sexual Orientation,Criminal Justice,Arrest / detention by police,majority_generic,a_only,other,1,0.07142857142857142
Sexual Orientation,Criminal Justice,Arrest / detention by police,majority_generic,a_only,social_platform,1,0.07142857142857142
Sexual Orientation,Criminal Justice,Arrest / detention by police,majority_generic,b_only,academic_research,1,0.125
Sexual Orientation,Criminal Justice,Arrest / detention by police,majority_generic,b_only,advocacy_community,1,0.125
Sexual Orientation,Criminal Justice,Arrest / detention by police,majority_generic,b_only,commercial_service,1,0.125
Sexual Orientation,Criminal Justice,Arrest / detention by police,majority_generic,b_only,government,3,0.375
Sexual Orientation,Criminal Justice,Arrest / detention by police,majority_generic,b_only,social_platform,2,0.25
Sexual Orientation,Criminal Justice,Arrest / detention by police,majority_generic,shared,government,2,1.0
Sexual Orientation,Criminal Justice,Arrest / detention by police,minority_generic,a_only,academic_research,1,0.14285714285714285
Sexual Orientation,Criminal Justice,Arrest / detention by police,minority_generic,a_only,advocacy_community,2,0.2857142857142857
Sexual Orientation,Criminal Justice,Arrest / detention by police,minority_generic,a_only,nonprofit_general,1,0.14285714285714285
Sexual Orientation,Criminal Justice,Arrest / detention by police,minority_generic,a_only,policy_research,2,0.2857142857142857
Sexual Orientation,Criminal Justice,Arrest / detention by police,minority_generic,a_only,professional_association,1,0.14285714285714285
Sexual Orientation,Criminal Justice,Arrest / detention by police,minority_generic,b_only,academic_research,1,0.1
Sexual Orientation,Criminal Justice,Arrest / detention by police,minority_generic,b_only,advocacy_community,1,0.1
Sexual Orientation,Criminal Justice,Arrest / detention by police,minority_generic,b_only,commercial_service,1,0.1
Sexual Orientation,Criminal Justice,Arrest / detention by police,minority_generic,b_only,government,5,0.5
Sexual Orientation,Criminal Justice,Arrest / detention by police,minority_generic,b_only,social_platform,2,0.2
Sexual Orientation,Criminal Justice,Arrest / detention by police,minority_majority,a_only,academic_research,1,0.14285714285714285
Sexual Orientation,Criminal Justice,Arrest / detention by police,minority_majority,a_only,advocacy_community,2,0.2857142857142857
Sexual Orientation,Criminal Justice,Arrest / detention by police,minority_majority,a_only,nonprofit_general,1,0.14285714285714285
Sexual Orientation,Criminal Justice,Arrest / detention by police,minority_majority,a_only,policy_research,2,0.2857142857142857
Sexual Orientation,Criminal Justice,Arrest / detention by police,minority_majority,a_only,professional_association,1,0.14285714285714285
Sexual Orientation,Criminal Justice,Arrest / detention by police,minority_majority,b_only,academic_research,6,0.375
Sexual Orientation,Criminal Justice,Arrest / detention by police,minority_majority,b_only,advocacy_community,3,0.1875
Sexual Orientation,Criminal Justice,Arrest / detention by police,minority_majority,b_only,government,5,0.3125
Sexual Orientation,Criminal Justice,Arrest / detention by police,minority_majority,b_only,other,1,0.0625
Sexual Orientation,Criminal Justice,Arrest / detention by police,minority_majority,b_only,social_platform,1,0.0625
Sexual Orientation,Criminal Justice,Incarceration,majority_generic,a_only,government,3,0.6
Sexual Orientation,Criminal Justice,Incarceration,majority_generic,a_only,nonprofit_general,1,0.2
Sexual Orientation,Criminal Justice,Incarceration,majority_generic,a_only,social_platform,1,0.2
Sexual Orientation,Criminal Justice,Incarceration,majority_generic,b_only,academic_research,2,0.25
Sexual Orientation,Criminal Justice,Incarceration,majority_generic,b_only,advocacy_community,1,0.125
Sexual Orientation,Criminal Justice,Incarceration,majority_generic,b_only,commercial_service,1,0.125
Sexual Orientation,Criminal Justice,Incarceration,majority_generic,b_only,government,1,0.125
Sexual Orientation,Criminal Justice,Incarceration,majority_generic,b_only,nonprofit_general,2,0.25
Sexual Orientation,Criminal Justice,Incarceration,majority_generic,b_only,social_platform,1,0.125
Sexual Orientation,Criminal Justice,Incarceration,minority_generic,a_only,academic_research,1,0.1
Sexual Orientation,Criminal Justice,Incarceration,minority_generic,a_only,advocacy_community,3,0.3
Sexual Orientation,Criminal Justice,Incarceration,minority_generic,a_only,commercial_service,1,0.1
Sexual Orientation,Criminal Justice,Incarceration,minority_generic,a_only,government,1,0.1
Sexual Orientation,Criminal Justice,Incarceration,minority_generic,a_only,nonprofit_general,2,0.2
Sexual Orientation,Criminal Justice,Incarceration,minority_generic,a_only,policy_research,2,0.2
Sexual Orientation,Criminal Justice,Incarceration,minority_generic,b_only,academic_research,2,0.25
Sexual Orientation,Criminal Justice,Incarceration,minority_generic,b_only,advocacy_community,1,0.125
Sexual Orientation,Criminal Justice,Incarceration,minority_generic,b_only,commercial_service,1,0.125
Sexual Orientation,Criminal Justice,Incarceration,minority_generic,b_only,government,1,0.125
Sexual Orientation,Criminal Justice,Incarceration,minority_generic,b_only,nonprofit_general,2,0.25
Sexual Orientation,Criminal Justice,Incarceration,minority_generic,b_only,social_platform,1,0.125
Sexual Orientation,Criminal Justice,Incarceration,minority_majority,a_only,academic_research,1,0.1
Sexual Orientation,Criminal Justice,Incarceration,minority_majority,a_only,advocacy_community,3,0.3
Sexual Orientation,Criminal Justice,Incarceration,minority_majority,a_only,commercial_service,1,0.1
Sexual Orientation,Criminal Justice,Incarceration,minority_majority,a_only,government,1,0.1
Sexual Orientation,Criminal Justice,Incarceration,minority_majority,a_only,nonprofit_general,2,0.2
Sexual Orientation,Criminal Justice,Incarceration,minority_majority,a_only,policy_research,2,0.2
Sexual Orientation,Criminal Justice,Incarceration,minority_majority,b_only,government,3,0.6
Sexual Orientation,Criminal Justice,Incarceration,minority_majority,b_only,nonprofit_general,1,0.2
Sexual Orientation,Criminal Justice,Incarceration,minority_majority,b_only,social_platform,1,0.2
Sexual Orientation,Criminal Justice,Police use of force,majority_generic,a_only,advocacy_community,2,0.3333333333333333
Sexual Orientation,Criminal Justice,Police use of force,majority_generic,a_only,government,3,0.5
Sexual Orientation,Criminal Justice,Police use of force,majority_generic,a_only,other,1,0.16666666666666666
Sexual Orientation,Criminal Justice,Police use of force,majority_generic,b_only,academic_research,3,0.375
Sexual Orientation,Criminal Justice,Police use of force,majority_generic,b_only,commercial_service,1,0.125
Sexual Orientation,Criminal Justice,Police use of force,majority_generic,b_only,government,3,0.375
Sexual Orientation,Criminal Justice,Police use of force,majority_generic,b_only,nonprofit_general,1,0.125
Sexual Orientation,Criminal Justice,Police use of force,majority_generic,shared,government,1,1.0
Sexual Orientation,Criminal Justice,Police use of force,minority_generic,a_only,advocacy_community,3,0.42857142857142855
Sexual Orientation,Criminal Justice,Police use of force,minority_generic,a_only,government,1,0.14285714285714285
Sexual Orientation,Criminal Justice,Police use of force,minority_generic,a_only,nonprofit_general,1,0.14285714285714285
Sexual Orientation,Criminal Justice,Police use of force,minority_generic,a_only,professional_association,1,0.14285714285714285
Sexual Orientation,Criminal Justice,Police use of force,minority_generic,a_only,social_platform,1,0.14285714285714285
Sexual Orientation,Criminal Justice,Police use of force,minority_generic,b_only,academic_research,3,0.3333333333333333
Sexual Orientation,Criminal Justice,Police use of force,minority_generic,b_only,commercial_service,1,0.1111111111111111
Sexual Orientation,Criminal Justice,Police use of force,minority_generic,b_only,government,4,0.4444444444444444
Sexual Orientation,Criminal Justice,Police use of force,minority_generic,b_only,nonprofit_general,1,0.1111111111111111
Sexual Orientation,Criminal Justice,Police use of force,minority_majority,a_only,advocacy_community,2,0.3333333333333333
Sexual Orientation,Criminal Justice,Police use of force,minority_majority,a_only,government,1,0.16666666666666666
Sexual Orientation,Criminal Justice,Police use of force,minority_majority,a_only,nonprofit_general,1,0.16666666666666666
Sexual Orientation,Criminal Justice,Police use of force,minority_majority,a_only,professional_association,1,0.16666666666666666
Sexual Orientation,Criminal Justice,Police use of force,minority_majority,a_only,social_platform,1,0.16666666666666666
Sexual Orientation,Criminal Justice,Police use of force,minority_majority,b_only,advocacy_community,1,0.16666666666666666
Sexual Orientation,Criminal Justice,Police use of force,minority_majority,b_only,government,4,0.6666666666666666
Sexual Orientation,Criminal Justice,Police use of force,minority_majority,b_only,other,1,0.16666666666666666
Sexual Orientation,Criminal Justice,Police use of force,minority_majority,shared,advocacy_community,1,1.0
Sexual Orientation,Education,College access/admission,majority_generic,b_only,academic_research,1,0.16666666666666666
Sexual Orientation,Education,College access/admission,majority_generic,b_only,commercial_service,1,0.16666666666666666
Sexual Orientation,Education,College access/admission,majority_generic,b_only,government,1,0.16666666666666666
Sexual Orientation,Education,College access/admission,majority_generic,b_only,news_media,1,0.16666666666666666
Sexual Orientation,Education,College access/admission,majority_generic,b_only,nonprofit_general,2,0.3333333333333333
Sexual Orientation,Education,College access/admission,minority_generic,a_only,academic_research,3,0.42857142857142855
Sexual Orientation,Education,College access/admission,minority_generic,a_only,commercial_service,1,0.14285714285714285
Sexual Orientation,Education,College access/admission,minority_generic,a_only,government,2,0.2857142857142857
Sexual Orientation,Education,College access/admission,minority_generic,a_only,nonprofit_general,1,0.14285714285714285
Sexual Orientation,Education,College access/admission,minority_generic,b_only,academic_research,1,0.16666666666666666
Sexual Orientation,Education,College access/admission,minority_generic,b_only,commercial_service,1,0.16666666666666666
Sexual Orientation,Education,College access/admission,minority_generic,b_only,government,1,0.16666666666666666
Sexual Orientation,Education,College access/admission,minority_generic,b_only,news_media,1,0.16666666666666666
Sexual Orientation,Education,College access/admission,minority_generic,b_only,nonprofit_general,2,0.3333333333333333
Sexual Orientation,Education,College access/admission,minority_majority,a_only,academic_research,3,0.42857142857142855
Sexual Orientation,Education,College access/admission,minority_majority,a_only,commercial_service,1,0.14285714285714285
Sexual Orientation,Education,College access/admission,minority_majority,a_only,government,2,0.2857142857142857
Sexual Orientation,Education,College access/admission,minority_majority,a_only,nonprofit_general,1,0.14285714285714285
Sexual Orientation,Education,Educational opportunity/access,majority_generic,a_only,academic_research,5,0.5
Sexual Orientation,Education,Educational opportunity/access,majority_generic,a_only,commercial_service,1,0.1
Sexual Orientation,Education,Educational opportunity/access,majority_generic,a_only,government,2,0.2
Sexual Orientation,Education,Educational opportunity/access,majority_generic,a_only,intergovernmental,1,0.1
Sexual Orientation,Education,Educational opportunity/access,majority_generic,a_only,policy_research,1,0.1
Sexual Orientation,Education,Educational opportunity/access,majority_generic,b_only,academic_research,1,0.16666666666666666
Sexual Orientation,Education,Educational opportunity/access,majority_generic,b_only,commercial_service,2,0.3333333333333333
Sexual Orientation,Education,Educational opportunity/access,majority_generic,b_only,government,1,0.16666666666666666
Sexual Orientation,Education,Educational opportunity/access,majority_generic,b_only,nonprofit_general,1,0.16666666666666666
Sexual Orientation,Education,Educational opportunity/access,majority_generic,b_only,other,1,0.16666666666666666
Sexual Orientation,Education,Educational opportunity/access,minority_generic,a_only,academic_research,3,0.2727272727272727
Sexual Orientation,Education,Educational opportunity/access,minority_generic,a_only,government,3,0.2727272727272727
Sexual Orientation,Education,Educational opportunity/access,minority_generic,a_only,nonprofit_general,2,0.18181818181818182
Sexual Orientation,Education,Educational opportunity/access,minority_generic,a_only,other,1,0.09090909090909091
Sexual Orientation,Education,Educational opportunity/access,minority_generic,a_only,professional_association,2,0.18181818181818182
Sexual Orientation,Education,Educational opportunity/access,minority_generic,b_only,academic_research,1,0.16666666666666666
Sexual Orientation,Education,Educational opportunity/access,minority_generic,b_only,commercial_service,2,0.3333333333333333
Sexual Orientation,Education,Educational opportunity/access,minority_generic,b_only,government,1,0.16666666666666666
Sexual Orientation,Education,Educational opportunity/access,minority_generic,b_only,nonprofit_general,1,0.16666666666666666
Sexual Orientation,Education,Educational opportunity/access,minority_generic,b_only,other,1,0.16666666666666666
Sexual Orientation,Education,Educational opportunity/access,minority_majority,a_only,academic_research,3,0.3
Sexual Orientation,Education,Educational opportunity/access,minority_majority,a_only,government,2,0.2
Sexual Orientation,Education,Educational opportunity/access,minority_majority,a_only,nonprofit_general,2,0.2
Sexual Orientation,Education,Educational opportunity/access,minority_majority,a_only,other,1,0.1
Sexual Orientation,Education,Educational opportunity/access,minority_majority,a_only,professional_association,2,0.2
Sexual Orientation,Education,Educational opportunity/access,minority_majority,b_only,academic_research,5,0.5555555555555556
Sexual Orientation,Education,Educational opportunity/access,minority_majority,b_only,commercial_service,1,0.1111111111111111
Sexual Orientation,Education,Educational opportunity/access,minority_majority,b_only,government,1,0.1111111111111111
Sexual Orientation,Education,Educational opportunity/access,minority_majority,b_only,intergovernmental,1,0.1111111111111111
Sexual Orientation,Education,Educational opportunity/access,minority_majority,b_only,policy_research,1,0.1111111111111111
Sexual Orientation,Education,Educational opportunity/access,minority_majority,shared,government,1,1.0
Sexual Orientation,Education,Harassment/bullying,majority_generic,a_only,academic_research,6,0.42857142857142855
Sexual Orientation,Education,Harassment/bullying,majority_generic,a_only,advocacy_community,1,0.07142857142857142
Sexual Orientation,Education,Harassment/bullying,majority_generic,a_only,government,5,0.35714285714285715
Sexual Orientation,Education,Harassment/bullying,majority_generic,a_only,news_media,1,0.07142857142857142
Sexual Orientation,Education,Harassment/bullying,majority_generic,a_only,nonprofit_general,1,0.07142857142857142
Sexual Orientation,Education,Harassment/bullying,majority_generic,b_only,academic_research,3,0.3
Sexual Orientation,Education,Harassment/bullying,majority_generic,b_only,government,2,0.2
Sexual Orientation,Education,Harassment/bullying,majority_generic,b_only,intergovernmental,1,0.1
Sexual Orientation,Education,Harassment/bullying,majority_generic,b_only,nonprofit_general,1,0.1
Sexual Orientation,Education,Harassment/bullying,majority_generic,b_only,other,2,0.2
Sexual Orientation,Education,Harassment/bullying,majority_generic,b_only,social_platform,1,0.1
Sexual Orientation,Education,Harassment/bullying,majority_generic,shared,academic_research,1,0.5
Sexual Orientation,Education,Harassment/bullying,majority_generic,shared,intergovernmental,1,0.5
Sexual Orientation,Education,Harassment/bullying,minority_generic,a_only,government,6,0.6
Sexual Orientation,Education,Harassment/bullying,minority_generic,a_only,nonprofit_general,3,0.3
Sexual Orientation,Education,Harassment/bullying,minority_generic,a_only,other,1,0.1
Sexual Orientation,Education,Harassment/bullying,minority_generic,b_only,academic_research,4,0.3333333333333333
Sexual Orientation,Education,Harassment/bullying,minority_generic,b_only,government,2,0.16666666666666666
Sexual Orientation,Education,Harassment/bullying,minority_generic,b_only,intergovernmental,2,0.16666666666666666
Sexual Orientation,Education,Harassment/bullying,minority_generic,b_only,nonprofit_general,1,0.08333333333333333
Sexual Orientation,Education,Harassment/bullying,minority_generic,b_only,other,2,0.16666666666666666
Sexual Orientation,Education,Harassment/bullying,minority_generic,b_only,social_platform,1,0.08333333333333333
Sexual Orientation,Education,Harassment/bullying,minority_majority,a_only,government,5,0.5555555555555556
Sexual Orientation,Education,Harassment/bullying,minority_majority,a_only,nonprofit_general,3,0.3333333333333333
Sexual Orientation,Education,Harassment/bullying,minority_majority,a_only,other,1,0.1111111111111111
Sexual Orientation,Education,Harassment/bullying,minority_majority,b_only,academic_research,7,0.4666666666666667
Sexual Orientation,Education,Harassment/bullying,minority_majority,b_only,advocacy_community,1,0.06666666666666667
Sexual Orientation,Education,Harassment/bullying,minority_majority,b_only,government,4,0.26666666666666666
Sexual Orientation,Education,Harassment/bullying,minority_majority,b_only,intergovernmental,1,0.06666666666666667
Sexual Orientation,Education,Harassment/bullying,minority_majority,b_only,news_media,1,0.06666666666666667
Sexual Orientation,Education,Harassment/bullying,minority_majority,b_only,nonprofit_general,1,0.06666666666666667
Sexual Orientation,Education,Harassment/bullying,minority_majority,shared,government,1,1.0
Sexual Orientation,Employment,Career advancement,majority_generic,a_only,commercial_service,2,0.3333333333333333
Sexual Orientation,Employment,Career advancement,majority_generic,a_only,nonprofit_general,2,0.3333333333333333
Sexual Orientation,Employment,Career advancement,majority_generic,a_only,other,1,0.16666666666666666
Sexual Orientation,Employment,Career advancement,majority_generic,a_only,policy_research,1,0.16666666666666666
Sexual Orientation,Employment,Career advancement,majority_generic,b_only,academic_research,1,0.2
Sexual Orientation,Employment,Career advancement,majority_generic,b_only,commercial_service,1,0.2
Sexual Orientation,Employment,Career advancement,majority_generic,b_only,government,1,0.2
Sexual Orientation,Employment,Career advancement,majority_generic,b_only,news_media,1,0.2
Sexual Orientation,Employment,Career advancement,majority_generic,b_only,social_platform,1,0.2
Sexual Orientation,Employment,Career advancement,minority_generic,a_only,academic_research,3,0.5
Sexual Orientation,Employment,Career advancement,minority_generic,a_only,commercial_service,1,0.16666666666666666
Sexual Orientation,Employment,Career advancement,minority_generic,a_only,government,1,0.16666666666666666
Sexual Orientation,Employment,Career advancement,minority_generic,a_only,nonprofit_general,1,0.16666666666666666
Sexual Orientation,Employment,Career advancement,minority_generic,b_only,academic_research,1,0.2
Sexual Orientation,Employment,Career advancement,minority_generic,b_only,commercial_service,1,0.2
Sexual Orientation,Employment,Career advancement,minority_generic,b_only,government,1,0.2
Sexual Orientation,Employment,Career advancement,minority_generic,b_only,news_media,1,0.2
Sexual Orientation,Employment,Career advancement,minority_generic,b_only,social_platform,1,0.2
Sexual Orientation,Employment,Career advancement,minority_majority,a_only,academic_research,3,0.5
Sexual Orientation,Employment,Career advancement,minority_majority,a_only,commercial_service,1,0.16666666666666666
Sexual Orientation,Employment,Career advancement,minority_majority,a_only,government,1,0.16666666666666666
Sexual Orientation,Employment,Career advancement,minority_majority,a_only,nonprofit_general,1,0.16666666666666666
Sexual Orientation,Employment,Career advancement,minority_majority,b_only,commercial_service,2,0.3333333333333333
Sexual Orientation,Employment,Career advancement,minority_majority,b_only,nonprofit_general,2,0.3333333333333333
Sexual Orientation,Employment,Career advancement,minority_majority,b_only,other,1,0.16666666666666666
Sexual Orientation,Employment,Career advancement,minority_majority,b_only,policy_research,1,0.16666666666666666
Sexual Orientation,Employment,Hiring,majority_generic,b_only,academic_research,1,0.08333333333333333
Sexual Orientation,Employment,Hiring,majority_generic,b_only,commercial_service,5,0.4166666666666667
Sexual Orientation,Employment,Hiring,majority_generic,b_only,other,3,0.25
Sexual Orientation,Employment,Hiring,majority_generic,b_only,social_platform,3,0.25
Sexual Orientation,Employment,Hiring,minority_generic,a_only,academic_research,2,0.5
Sexual Orientation,Employment,Hiring,minority_generic,a_only,nonprofit_general,2,0.5
Sexual Orientation,Employment,Hiring,minority_generic,b_only,academic_research,1,0.08333333333333333
Sexual Orientation,Employment,Hiring,minority_generic,b_only,commercial_service,5,0.4166666666666667
Sexual Orientation,Employment,Hiring,minority_generic,b_only,other,3,0.25
Sexual Orientation,Employment,Hiring,minority_generic,b_only,social_platform,3,0.25
Sexual Orientation,Employment,Hiring,minority_majority,a_only,academic_research,2,0.5
Sexual Orientation,Employment,Hiring,minority_majority,a_only,nonprofit_general,2,0.5
Sexual Orientation,Employment,Workplace harassment,majority_generic,a_only,commercial_service,4,0.8
Sexual Orientation,Employment,Workplace harassment,majority_generic,a_only,government,1,0.2
Sexual Orientation,Employment,Workplace harassment,majority_generic,b_only,advocacy_community,1,0.25
Sexual Orientation,Employment,Workplace harassment,majority_generic,b_only,commercial_service,1,0.25
Sexual Orientation,Employment,Workplace harassment,majority_generic,b_only,government,1,0.25
Sexual Orientation,Employment,Workplace harassment,majority_generic,b_only,other,1,0.25
Sexual Orientation,Employment,Workplace harassment,majority_generic,shared,commercial_service,2,0.6666666666666666
Sexual Orientation,Employment,Workplace harassment,majority_generic,shared,government,1,0.3333333333333333
Sexual Orientation,Employment,Workplace harassment,minority_generic,a_only,academic_research,2,0.2222222222222222
Sexual Orientation,Employment,Workplace harassment,minority_generic,a_only,commercial_service,5,0.5555555555555556
Sexual Orientation,Employment,Workplace harassment,minority_generic,a_only,nonprofit_general,1,0.1111111111111111
Sexual Orientation,Employment,Workplace harassment,minority_generic,a_only,social_platform,1,0.1111111111111111
Sexual Orientation,Employment,Workplace harassment,minority_generic,b_only,advocacy_community,1,0.14285714285714285
Sexual Orientation,Employment,Workplace harassment,minority_generic,b_only,commercial_service,3,0.42857142857142855
Sexual Orientation,Employment,Workplace harassment,minority_generic,b_only,government,2,0.2857142857142857
Sexual Orientation,Employment,Workplace harassment,minority_generic,b_only,other,1,0.14285714285714285
Sexual Orientation,Employment,Workplace harassment,minority_majority,a_only,academic_research,2,0.2222222222222222
Sexual Orientation,Employment,Workplace harassment,minority_majority,a_only,commercial_service,5,0.5555555555555556
Sexual Orientation,Employment,Workplace harassment,minority_majority,a_only,nonprofit_general,1,0.1111111111111111
Sexual Orientation,Employment,Workplace harassment,minority_majority,a_only,social_platform,1,0.1111111111111111
Sexual Orientation,Employment,Workplace harassment,minority_majority,b_only,commercial_service,6,0.75
Sexual Orientation,Employment,Workplace harassment,minority_majority,b_only,government,2,0.25
Sexual Orientation,Government Benefits,Access to government benefits,majority_generic,a_only,academic_research,1,0.2
Sexual Orientation,Government Benefits,Access to government benefits,majority_generic,a_only,advocacy_community,1,0.2
Sexual Orientation,Government Benefits,Access to government benefits,majority_generic,a_only,commercial_service,1,0.2
Sexual Orientation,Government Benefits,Access to government benefits,majority_generic,a_only,government,2,0.4
Sexual Orientation,Government Benefits,Access to government benefits,majority_generic,b_only,academic_research,4,0.4444444444444444
Sexual Orientation,Government Benefits,Access to government benefits,majority_generic,b_only,government,2,0.2222222222222222
Sexual Orientation,Government Benefits,Access to government benefits,majority_generic,b_only,nonprofit_general,2,0.2222222222222222
Sexual Orientation,Government Benefits,Access to government benefits,majority_generic,b_only,policy_research,1,0.1111111111111111
Sexual Orientation,Government Benefits,Access to government benefits,majority_generic,shared,nonprofit_general,1,1.0
Sexual Orientation,Government Benefits,Access to government benefits,minority_generic,a_only,academic_research,3,0.3333333333333333
Sexual Orientation,Government Benefits,Access to government benefits,minority_generic,a_only,commercial_service,3,0.3333333333333333
Sexual Orientation,Government Benefits,Access to government benefits,minority_generic,a_only,government,1,0.1111111111111111
Sexual Orientation,Government Benefits,Access to government benefits,minority_generic,a_only,policy_research,2,0.2222222222222222
Sexual Orientation,Government Benefits,Access to government benefits,minority_generic,b_only,academic_research,4,0.4
Sexual Orientation,Government Benefits,Access to government benefits,minority_generic,b_only,government,2,0.2
Sexual Orientation,Government Benefits,Access to government benefits,minority_generic,b_only,nonprofit_general,3,0.3
Sexual Orientation,Government Benefits,Access to government benefits,minority_generic,b_only,policy_research,1,0.1
Sexual Orientation,Government Benefits,Access to government benefits,minority_majority,a_only,academic_research,2,0.2857142857142857
Sexual Orientation,Government Benefits,Access to government benefits,minority_majority,a_only,commercial_service,2,0.2857142857142857
Sexual Orientation,Government Benefits,Access to government benefits,minority_majority,a_only,government,1,0.14285714285714285
Sexual Orientation,Government Benefits,Access to government benefits,minority_majority,a_only,policy_research,2,0.2857142857142857
Sexual Orientation,Government Benefits,Access to government benefits,minority_majority,b_only,advocacy_community,1,0.25
Sexual Orientation,Government Benefits,Access to government benefits,minority_majority,b_only,government,2,0.5
Sexual Orientation,Government Benefits,Access to government benefits,minority_majority,b_only,nonprofit_general,1,0.25
Sexual Orientation,Government Benefits,Access to government benefits,minority_majority,shared,academic_research,1,0.5
Sexual Orientation,Government Benefits,Access to government benefits,minority_majority,shared,commercial_service,1,0.5
Sexual Orientation,Government Benefits,Application/approval,majority_generic,b_only,academic_research,1,0.08333333333333333
Sexual Orientation,Government Benefits,Application/approval,majority_generic,b_only,commercial_service,1,0.08333333333333333
Sexual Orientation,Government Benefits,Application/approval,majority_generic,b_only,government,1,0.08333333333333333
Sexual Orientation,Government Benefits,Application/approval,majority_generic,b_only,news_media,1,0.08333333333333333
Sexual Orientation,Government Benefits,Application/approval,majority_generic,b_only,nonprofit_general,7,0.5833333333333334
Sexual Orientation,Government Benefits,Application/approval,majority_generic,b_only,policy_research,1,0.08333333333333333
Sexual Orientation,Government Benefits,Application/approval,minority_generic,a_only,academic_research,2,0.3333333333333333
Sexual Orientation,Government Benefits,Application/approval,minority_generic,a_only,nonprofit_general,1,0.16666666666666666
Sexual Orientation,Government Benefits,Application/approval,minority_generic,a_only,policy_research,3,0.5
Sexual Orientation,Government Benefits,Application/approval,minority_generic,b_only,academic_research,1,0.08333333333333333
Sexual Orientation,Government Benefits,Application/approval,minority_generic,b_only,commercial_service,1,0.08333333333333333
Sexual Orientation,Government Benefits,Application/approval,minority_generic,b_only,government,1,0.08333333333333333
Sexual Orientation,Government Benefits,Application/approval,minority_generic,b_only,news_media,1,0.08333333333333333
Sexual Orientation,Government Benefits,Application/approval,minority_generic,b_only,nonprofit_general,7,0.5833333333333334
Sexual Orientation,Government Benefits,Application/approval,minority_generic,b_only,policy_research,1,0.08333333333333333
Sexual Orientation,Government Benefits,Application/approval,minority_majority,a_only,academic_research,2,0.3333333333333333
Sexual Orientation,Government Benefits,Application/approval,minority_majority,a_only,nonprofit_general,1,0.16666666666666666
Sexual Orientation,Government Benefits,Application/approval,minority_majority,a_only,policy_research,3,0.5
Sexual Orientation,Government Benefits,Benefit retention / renewal,majority_generic,a_only,academic_research,2,0.2
Sexual Orientation,Government Benefits,Benefit retention / renewal,majority_generic,a_only,commercial_service,4,0.4
Sexual Orientation,Government Benefits,Benefit retention / renewal,majority_generic,a_only,nonprofit_general,2,0.2
Sexual Orientation,Government Benefits,Benefit retention / renewal,majority_generic,a_only,policy_research,2,0.2
Sexual Orientation,Government Benefits,Benefit retention / renewal,majority_generic,b_only,academic_research,1,0.07692307692307693
Sexual Orientation,Government Benefits,Benefit retention / renewal,majority_generic,b_only,commercial_service,4,0.3076923076923077
Sexual Orientation,Government Benefits,Benefit retention / renewal,majority_generic,b_only,nonprofit_general,2,0.15384615384615385
Sexual Orientation,Government Benefits,Benefit retention / renewal,majority_generic,b_only,policy_research,5,0.38461538461538464
Sexual Orientation,Government Benefits,Benefit retention / renewal,majority_generic,b_only,social_platform,1,0.07692307692307693
Sexual Orientation,Government Benefits,Benefit retention / renewal,minority_generic,a_only,academic_research,1,0.08333333333333333
Sexual Orientation,Government Benefits,Benefit retention / renewal,minority_generic,a_only,advocacy_community,4,0.3333333333333333
Sexual Orientation,Government Benefits,Benefit retention / renewal,minority_generic,a_only,commercial_service,1,0.08333333333333333
Sexual Orientation,Government Benefits,Benefit retention / renewal,minority_generic,a_only,government,1,0.08333333333333333
Sexual Orientation,Government Benefits,Benefit retention / renewal,minority_generic,a_only,policy_research,5,0.4166666666666667
Sexual Orientation,Government Benefits,Benefit retention / renewal,minority_generic,b_only,academic_research,1,0.07692307692307693
Sexual Orientation,Government Benefits,Benefit retention / renewal,minority_generic,b_only,commercial_service,4,0.3076923076923077
Sexual Orientation,Government Benefits,Benefit retention / renewal,minority_generic,b_only,nonprofit_general,2,0.15384615384615385
Sexual Orientation,Government Benefits,Benefit retention / renewal,minority_generic,b_only,policy_research,5,0.38461538461538464
Sexual Orientation,Government Benefits,Benefit retention / renewal,minority_generic,b_only,social_platform,1,0.07692307692307693
Sexual Orientation,Government Benefits,Benefit retention / renewal,minority_majority,a_only,academic_research,1,0.09090909090909091
Sexual Orientation,Government Benefits,Benefit retention / renewal,minority_majority,a_only,advocacy_community,4,0.36363636363636365
Sexual Orientation,Government Benefits,Benefit retention / renewal,minority_majority,a_only,commercial_service,1,0.09090909090909091
Sexual Orientation,Government Benefits,Benefit retention / renewal,minority_majority,a_only,government,1,0.09090909090909091
Sexual Orientation,Government Benefits,Benefit retention / renewal,minority_majority,a_only,policy_research,4,0.36363636363636365
Sexual Orientation,Government Benefits,Benefit retention / renewal,minority_majority,b_only,academic_research,2,0.2222222222222222
Sexual Orientation,Government Benefits,Benefit retention / renewal,minority_majority,b_only,commercial_service,4,0.4444444444444444
Sexual Orientation,Government Benefits,Benefit retention / renewal,minority_majority,b_only,nonprofit_general,2,0.2222222222222222
Sexual Orientation,Government Benefits,Benefit retention / renewal,minority_majority,b_only,policy_research,1,0.1111111111111111
Sexual Orientation,Government Benefits,Benefit retention / renewal,minority_majority,shared,policy_research,1,1.0
Sexual Orientation,Healthcare,Insurance coverage,majority_generic,a_only,government,5,0.7142857142857143
Sexual Orientation,Healthcare,Insurance coverage,majority_generic,a_only,nonprofit_general,1,0.14285714285714285
Sexual Orientation,Healthcare,Insurance coverage,majority_generic,a_only,policy_research,1,0.14285714285714285
Sexual Orientation,Healthcare,Insurance coverage,majority_generic,b_only,academic_research,2,0.15384615384615385
Sexual Orientation,Healthcare,Insurance coverage,majority_generic,b_only,commercial_service,3,0.23076923076923078
Sexual Orientation,Healthcare,Insurance coverage,majority_generic,b_only,government,7,0.5384615384615384
Sexual Orientation,Healthcare,Insurance coverage,majority_generic,b_only,social_platform,1,0.07692307692307693
Sexual Orientation,Healthcare,Insurance coverage,minority_generic,a_only,academic_research,1,0.07692307692307693
Sexual Orientation,Healthcare,Insurance coverage,minority_generic,a_only,advocacy_community,1,0.07692307692307693
Sexual Orientation,Healthcare,Insurance coverage,minority_generic,a_only,commercial_service,1,0.07692307692307693
Sexual Orientation,Healthcare,Insurance coverage,minority_generic,a_only,government,4,0.3076923076923077
Sexual Orientation,Healthcare,Insurance coverage,minority_generic,a_only,nonprofit_general,1,0.07692307692307693
Sexual Orientation,Healthcare,Insurance coverage,minority_generic,a_only,policy_research,5,0.38461538461538464
Sexual Orientation,Healthcare,Insurance coverage,minority_generic,b_only,academic_research,2,0.15384615384615385
Sexual Orientation,Healthcare,Insurance coverage,minority_generic,b_only,commercial_service,3,0.23076923076923078
Sexual Orientation,Healthcare,Insurance coverage,minority_generic,b_only,government,7,0.5384615384615384
Sexual Orientation,Healthcare,Insurance coverage,minority_generic,b_only,social_platform,1,0.07692307692307693
Sexual Orientation,Healthcare,Insurance coverage,minority_majority,a_only,academic_research,1,0.08333333333333333
Sexual Orientation,Healthcare,Insurance coverage,minority_majority,a_only,advocacy_community,1,0.08333333333333333
Sexual Orientation,Healthcare,Insurance coverage,minority_majority,a_only,commercial_service,1,0.08333333333333333
Sexual Orientation,Healthcare,Insurance coverage,minority_majority,a_only,government,3,0.25
Sexual Orientation,Healthcare,Insurance coverage,minority_majority,a_only,nonprofit_general,1,0.08333333333333333
Sexual Orientation,Healthcare,Insurance coverage,minority_majority,a_only,policy_research,5,0.4166666666666667
Sexual Orientation,Healthcare,Insurance coverage,minority_majority,b_only,government,4,0.6666666666666666
Sexual Orientation,Healthcare,Insurance coverage,minority_majority,b_only,nonprofit_general,1,0.16666666666666666
Sexual Orientation,Healthcare,Insurance coverage,minority_majority,b_only,policy_research,1,0.16666666666666666
Sexual Orientation,Healthcare,Insurance coverage,minority_majority,shared,government,1,1.0
Sexual Orientation,Healthcare,Patient safety,majority_generic,a_only,government,3,0.6
Sexual Orientation,Healthcare,Patient safety,majority_generic,a_only,nonprofit_general,2,0.4
Sexual Orientation,Healthcare,Patient safety,majority_generic,b_only,academic_research,2,0.2222222222222222
Sexual Orientation,Healthcare,Patient safety,majority_generic,b_only,commercial_service,1,0.1111111111111111
Sexual Orientation,Healthcare,Patient safety,majority_generic,b_only,government,6,0.6666666666666666
Sexual Orientation,Healthcare,Patient safety,majority_generic,shared,government,1,0.5
Sexual Orientation,Healthcare,Patient safety,majority_generic,shared,intergovernmental,1,0.5
Sexual Orientation,Healthcare,Patient safety,minority_generic,a_only,academic_research,1,0.1
Sexual Orientation,Healthcare,Patient safety,minority_generic,a_only,advocacy_community,1,0.1
Sexual Orientation,Healthcare,Patient safety,minority_generic,a_only,commercial_service,1,0.1
Sexual Orientation,Healthcare,Patient safety,minority_generic,a_only,government,4,0.4
Sexual Orientation,Healthcare,Patient safety,minority_generic,a_only,nonprofit_general,1,0.1
Sexual Orientation,Healthcare,Patient safety,minority_generic,a_only,policy_research,1,0.1
Sexual Orientation,Healthcare,Patient safety,minority_generic,a_only,social_platform,1,0.1
Sexual Orientation,Healthcare,Patient safety,minority_generic,b_only,academic_research,2,0.18181818181818182
Sexual Orientation,Healthcare,Patient safety,minority_generic,b_only,commercial_service,1,0.09090909090909091
Sexual Orientation,Healthcare,Patient safety,minority_generic,b_only,government,7,0.6363636363636364
Sexual Orientation,Healthcare,Patient safety,minority_generic,b_only,intergovernmental,1,0.09090909090909091
Sexual Orientation,Healthcare,Patient safety,minority_majority,a_only,academic_research,1,0.1
Sexual Orientation,Healthcare,Patient safety,minority_majority,a_only,advocacy_community,1,0.1
Sexual Orientation,Healthcare,Patient safety,minority_majority,a_only,commercial_service,1,0.1
Sexual Orientation,Healthcare,Patient safety,minority_majority,a_only,government,4,0.4
Sexual Orientation,Healthcare,Patient safety,minority_majority,a_only,nonprofit_general,1,0.1
Sexual Orientation,Healthcare,Patient safety,minority_majority,a_only,policy_research,1,0.1
Sexual Orientation,Healthcare,Patient safety,minority_majority,a_only,social_platform,1,0.1
Sexual Orientation,Healthcare,Patient safety,minority_majority,b_only,government,4,0.5714285714285714
Sexual Orientation,Healthcare,Patient safety,minority_majority,b_only,intergovernmental,1,0.14285714285714285
Sexual Orientation,Healthcare,Patient safety,minority_majority,b_only,nonprofit_general,2,0.2857142857142857
Sexual Orientation,Healthcare,Preventive care,majority_generic,a_only,academic_research,1,0.1
Sexual Orientation,Healthcare,Preventive care,majority_generic,a_only,commercial_service,1,0.1
Sexual Orientation,Healthcare,Preventive care,majority_generic,a_only,government,6,0.6
Sexual Orientation,Healthcare,Preventive care,majority_generic,a_only,healthcare_provider,1,0.1
Sexual Orientation,Healthcare,Preventive care,majority_generic,a_only,policy_research,1,0.1
Sexual Orientation,Healthcare,Preventive care,majority_generic,b_only,government,4,0.8
Sexual Orientation,Healthcare,Preventive care,majority_generic,b_only,professional_association,1,0.2
Sexual Orientation,Healthcare,Preventive care,minority_generic,a_only,advocacy_community,1,0.125
Sexual Orientation,Healthcare,Preventive care,minority_generic,a_only,commercial_service,1,0.125
Sexual Orientation,Healthcare,Preventive care,minority_generic,a_only,government,6,0.75
Sexual Orientation,Healthcare,Preventive care,minority_generic,b_only,government,4,0.8
Sexual Orientation,Healthcare,Preventive care,minority_generic,b_only,professional_association,1,0.2
Sexual Orientation,Healthcare,Preventive care,minority_majority,a_only,advocacy_community,1,0.14285714285714285
Sexual Orientation,Healthcare,Preventive care,minority_majority,a_only,commercial_service,1,0.14285714285714285
Sexual Orientation,Healthcare,Preventive care,minority_majority,a_only,government,5,0.7142857142857143
Sexual Orientation,Healthcare,Preventive care,minority_majority,b_only,academic_research,1,0.1111111111111111
Sexual Orientation,Healthcare,Preventive care,minority_majority,b_only,commercial_service,1,0.1111111111111111
Sexual Orientation,Healthcare,Preventive care,minority_majority,b_only,government,5,0.5555555555555556
Sexual Orientation,Healthcare,Preventive care,minority_majority,b_only,healthcare_provider,1,0.1111111111111111
Sexual Orientation,Healthcare,Preventive care,minority_majority,b_only,policy_research,1,0.1111111111111111
Sexual Orientation,Healthcare,Preventive care,minority_majority,shared,government,1,1.0
Sexual Orientation,Housing,Access to housing,majority_generic,a_only,academic_research,2,0.25
Sexual Orientation,Housing,Access to housing,majority_generic,a_only,government,1,0.125
Sexual Orientation,Housing,Access to housing,majority_generic,a_only,nonprofit_general,2,0.25
Sexual Orientation,Housing,Access to housing,majority_generic,a_only,other,1,0.125
Sexual Orientation,Housing,Access to housing,majority_generic,a_only,policy_research,2,0.25
Sexual Orientation,Housing,Access to housing,majority_generic,b_only,advocacy_community,1,0.16666666666666666
Sexual Orientation,Housing,Access to housing,majority_generic,b_only,government,1,0.16666666666666666
Sexual Orientation,Housing,Access to housing,majority_generic,b_only,nonprofit_general,3,0.5
Sexual Orientation,Housing,Access to housing,majority_generic,b_only,other,1,0.16666666666666666
Sexual Orientation,Housing,Access to housing,minority_generic,a_only,academic_research,1,0.1
Sexual Orientation,Housing,Access to housing,minority_generic,a_only,commercial_service,1,0.1
Sexual Orientation,Housing,Access to housing,minority_generic,a_only,nonprofit_general,5,0.5
Sexual Orientation,Housing,Access to housing,minority_generic,a_only,policy_research,3,0.3
Sexual Orientation,Housing,Access to housing,minority_generic,b_only,advocacy_community,1,0.16666666666666666
Sexual Orientation,Housing,Access to housing,minority_generic,b_only,government,1,0.16666666666666666
Sexual Orientation,Housing,Access to housing,minority_generic,b_only,nonprofit_general,3,0.5
Sexual Orientation,Housing,Access to housing,minority_generic,b_only,other,1,0.16666666666666666
Sexual Orientation,Housing,Access to housing,minority_majority,a_only,academic_research,1,0.14285714285714285
Sexual Orientation,Housing,Access to housing,minority_majority,a_only,commercial_service,1,0.14285714285714285
Sexual Orientation,Housing,Access to housing,minority_majority,a_only,nonprofit_general,4,0.5714285714285714
Sexual Orientation,Housing,Access to housing,minority_majority,a_only,policy_research,1,0.14285714285714285
Sexual Orientation,Housing,Access to housing,minority_majority,b_only,academic_research,2,0.4
Sexual Orientation,Housing,Access to housing,minority_majority,b_only,government,1,0.2
Sexual Orientation,Housing,Access to housing,minority_majority,b_only,nonprofit_general,1,0.2
Sexual Orientation,Housing,Access to housing,minority_majority,b_only,other,1,0.2
Sexual Orientation,Housing,Access to housing,minority_majority,shared,nonprofit_general,1,0.3333333333333333
Sexual Orientation,Housing,Access to housing,minority_majority,shared,policy_research,2,0.6666666666666666
Sexual Orientation,Housing,Homelessness,majority_generic,a_only,advocacy_community,1,0.125
Sexual Orientation,Housing,Homelessness,majority_generic,a_only,commercial_service,1,0.125
Sexual Orientation,Housing,Homelessness,majority_generic,a_only,government,3,0.375
Sexual Orientation,Housing,Homelessness,majority_generic,a_only,nonprofit_general,1,0.125
Sexual Orientation,Housing,Homelessness,majority_generic,a_only,social_platform,2,0.25
Sexual Orientation,Housing,Homelessness,majority_generic,b_only,academic_research,1,0.16666666666666666
Sexual Orientation,Housing,Homelessness,majority_generic,b_only,advocacy_community,3,0.5
Sexual Orientation,Housing,Homelessness,majority_generic,b_only,nonprofit_general,1,0.16666666666666666
Sexual Orientation,Housing,Homelessness,majority_generic,b_only,other,1,0.16666666666666666
Sexual Orientation,Housing,Homelessness,majority_generic,shared,advocacy_community,1,1.0
Sexual Orientation,Housing,Homelessness,minority_generic,a_only,academic_research,2,0.2222222222222222
Sexual Orientation,Housing,Homelessness,minority_generic,a_only,advocacy_community,2,0.2222222222222222
Sexual Orientation,Housing,Homelessness,minority_generic,a_only,commercial_service,1,0.1111111111111111
Sexual Orientation,Housing,Homelessness,minority_generic,a_only,nonprofit_general,3,0.3333333333333333
Sexual Orientation,Housing,Homelessness,minority_generic,a_only,policy_research,1,0.1111111111111111
Sexual Orientation,Housing,Homelessness,minority_generic,b_only,academic_research,1,0.14285714285714285
Sexual Orientation,Housing,Homelessness,minority_generic,b_only,advocacy_community,4,0.5714285714285714
Sexual Orientation,Housing,Homelessness,minority_generic,b_only,nonprofit_general,1,0.14285714285714285
Sexual Orientation,Housing,Homelessness,minority_generic,b_only,other,1,0.14285714285714285
Sexual Orientation,Housing,Homelessness,minority_majority,a_only,academic_research,2,0.2222222222222222
Sexual Orientation,Housing,Homelessness,minority_majority,a_only,advocacy_community,2,0.2222222222222222
Sexual Orientation,Housing,Homelessness,minority_majority,a_only,commercial_service,1,0.1111111111111111
Sexual Orientation,Housing,Homelessness,minority_majority,a_only,nonprofit_general,3,0.3333333333333333
Sexual Orientation,Housing,Homelessness,minority_majority,a_only,policy_research,1,0.1111111111111111
Sexual Orientation,Housing,Homelessness,minority_majority,b_only,advocacy_community,2,0.2222222222222222
Sexual Orientation,Housing,Homelessness,minority_majority,b_only,commercial_service,1,0.1111111111111111
Sexual Orientation,Housing,Homelessness,minority_majority,b_only,government,3,0.3333333333333333
Sexual Orientation,Housing,Homelessness,minority_majority,b_only,nonprofit_general,1,0.1111111111111111
Sexual Orientation,Housing,Homelessness,minority_majority,b_only,social_platform,2,0.2222222222222222
Sexual Orientation,Housing,Housing stability,majority_generic,a_only,government,4,0.8
Sexual Orientation,Housing,Housing stability,majority_generic,a_only,nonprofit_general,1,0.2
Sexual Orientation,Housing,Housing stability,majority_generic,b_only,academic_research,1,0.1111111111111111
Sexual Orientation,Housing,Housing stability,majority_generic,b_only,commercial_service,1,0.1111111111111111
Sexual Orientation,Housing,Housing stability,majority_generic,b_only,government,2,0.2222222222222222
Sexual Orientation,Housing,Housing stability,majority_generic,b_only,nonprofit_general,5,0.5555555555555556
Sexual Orientation,Housing,Housing stability,minority_generic,a_only,academic_research,1,0.1111111111111111
Sexual Orientation,Housing,Housing stability,minority_generic,a_only,government,1,0.1111111111111111
Sexual Orientation,Housing,Housing stability,minority_generic,a_only,nonprofit_general,4,0.4444444444444444
Sexual Orientation,Housing,Housing stability,minority_generic,a_only,policy_research,2,0.2222222222222222
Sexual Orientation,Housing,Housing stability,minority_generic,a_only,social_platform,1,0.1111111111111111
Sexual Orientation,Housing,Housing stability,minority_generic,b_only,academic_research,1,0.1111111111111111
Sexual Orientation,Housing,Housing stability,minority_generic,b_only,commercial_service,1,0.1111111111111111
Sexual Orientation,Housing,Housing stability,minority_generic,b_only,government,2,0.2222222222222222
Sexual Orientation,Housing,Housing stability,minority_generic,b_only,nonprofit_general,5,0.5555555555555556
Sexual Orientation,Housing,Housing stability,minority_majority,a_only,academic_research,1,0.1111111111111111
Sexual Orientation,Housing,Housing stability,minority_majority,a_only,government,1,0.1111111111111111
Sexual Orientation,Housing,Housing stability,minority_majority,a_only,nonprofit_general,4,0.4444444444444444
Sexual Orientation,Housing,Housing stability,minority_majority,a_only,policy_research,2,0.2222222222222222
Sexual Orientation,Housing,Housing stability,minority_majority,a_only,social_platform,1,0.1111111111111111
Sexual Orientation,Housing,Housing stability,minority_majority,b_only,government,4,0.8
Sexual Orientation,Housing,Housing stability,minority_majority,b_only,nonprofit_general,1,0.2
