source_id,raw_url,normalized_url,source_order,file,query,group,condition,dimension,domain,outcome,query_id
3b95d31b802cfdcb021d,https://www.brookings.edu/articles/an-analysis-of-financial-institutions-in-black-majority-communities-black-borrowers-and-depositors-face-considerable-challenges-in-accessing-banking-services/,https://brookings.edu/articles/an-analysis-of-financial-institutions-in-black-majority-communities-black-borrowers-and-depositors-face-considerable-challenges-in-accessing-banking-services,1,black_people/credit_and_financial_services__access_to_banking_services.txt,What factors influence access to banking services for Black people in credit & financial services?,Black people,minority,Race,Credit & Financial Services,Access to banking services,black_people__credit_and_financial_services__access_to_banking_services
bb15ff9aa2c4626a8196,https://www.bostonfed.org/news-and-events/news/2021/11/racism-and-the-economy-barriers-to-financial-services-perpetuate-economic-gaps.aspx,https://bostonfed.org/news-and-events/news/2021/11/racism-and-the-economy-barriers-to-financial-services-perpetuate-economic-gaps.aspx,2,black_people/credit_and_financial_services__access_to_banking_services.txt,What factors influence access to banking services for Black people in credit & financial services?,Black people,minority,Race,Credit & Financial Services,Access to banking services,black_people__credit_and_financial_services__access_to_banking_services
e63e646c68042089a365,https://www.jec.senate.gov/public/_cache/files/2756e78d-cd64-4413-8d26-a4f9c2756947/banking-and-financial-exclusion-final.pdf,https://jec.senate.gov/public/_cache/files/2756e78d-cd64-4413-8d26-a4f9c2756947/banking-and-financial-exclusion-final.pdf,3,black_people/credit_and_financial_services__access_to_banking_services.txt,What factors influence access to banking services for Black people in credit & financial services?,Black people,minority,Race,Credit & Financial Services,Access to banking services,black_people__credit_and_financial_services__access_to_banking_services
3611a4112d207918ce64,https://insights.som.yale.edu/insights/black-households-have-less-access-to-banks,https://insights.som.yale.edu/insights/black-households-have-less-access-to-banks,4,black_people/credit_and_financial_services__access_to_banking_services.txt,What factors influence access to banking services for Black people in credit & financial services?,Black people,minority,Race,Credit & Financial Services,Access to banking services,black_people__credit_and_financial_services__access_to_banking_services
9ef4aa9dbc828ef439ad,https://www.bcg.com/publications/2021/unbanked-and-underbanked-households-breaking-down-the-myths-towards-racial-equity-in-banking,https://bcg.com/publications/2021/unbanked-and-underbanked-households-breaking-down-the-myths-towards-racial-equity-in-banking,5,black_people/credit_and_financial_services__access_to_banking_services.txt,What factors influence access to banking services for Black people in credit & financial services?,Black people,minority,Race,Credit & Financial Services,Access to banking services,black_people__credit_and_financial_services__access_to_banking_services
27ebba74a46aef5b9374,https://pmc.ncbi.nlm.nih.gov/articles/PMC7173312/,https://pmc.ncbi.nlm.nih.gov/articles/PMC7173312,6,black_people/credit_and_financial_services__access_to_banking_services.txt,What factors influence access to banking services for Black people in credit & financial services?,Black people,minority,Race,Credit & Financial Services,Access to banking services,black_people__credit_and_financial_services__access_to_banking_services
b99ab0c967ba34aafb36,https://jbhe.com/2021/11/study-finds-persisting-racial-inequality-in-access-to-financial-services-and-credit/,https://jbhe.com/2021/11/study-finds-persisting-racial-inequality-in-access-to-financial-services-and-credit,7,black_people/credit_and_financial_services__access_to_banking_services.txt,What factors influence access to banking services for Black people in credit & financial services?,Black people,minority,Race,Credit & Financial Services,Access to banking services,black_people__credit_and_financial_services__access_to_banking_services
bc946e919ee2c578d435,https://www.mckinsey.com/institute-for-economic-mobility/our-insights/investing-in-and-with-black-consumers-in-financial-services,https://mckinsey.com/institute-for-economic-mobility/our-insights/investing-in-and-with-black-consumers-in-financial-services,8,black_people/credit_and_financial_services__access_to_banking_services.txt,What factors influence access to banking services for Black people in credit & financial services?,Black people,minority,Race,Credit & Financial Services,Access to banking services,black_people__credit_and_financial_services__access_to_banking_services
8a42c6ab08510e278619,https://libertystreeteconomics.newyorkfed.org/2024/01/an-overlooked-factor-in-banks-lending-to-minorities/,https://libertystreeteconomics.newyorkfed.org/2024/01/an-overlooked-factor-in-banks-lending-to-minorities,9,black_people/credit_and_financial_services__access_to_banking_services.txt,What factors influence access to banking services for Black people in credit & financial services?,Black people,minority,Race,Credit & Financial Services,Access to banking services,black_people__credit_and_financial_services__access_to_banking_services
a148b6ae1e937e8e7976,https://www.forbes.com/sites/shelleystewart/2023/05/07/closing-the-financial-inclusion-gaps-for-black-americans/,https://forbes.com/sites/shelleystewart/2023/05/07/closing-the-financial-inclusion-gaps-for-black-americans,10,black_people/credit_and_financial_services__access_to_banking_services.txt,What factors influence access to banking services for Black people in credit & financial services?,Black people,minority,Race,Credit & Financial Services,Access to banking services,black_people__credit_and_financial_services__access_to_banking_services
a2f0ade383c82c4d7b2e,https://nationalfairhousing.org/wp-content/uploads/2017/04/NFHA-credit-scoring-paper-for-Suffolk-NCLC-symposium-submitted-to-Suffolk-Law.pdf,https://nationalfairhousing.org/wp-content/uploads/2017/04/NFHA-credit-scoring-paper-for-Suffolk-NCLC-symposium-submitted-to-Suffolk-Law.pdf,1,black_people/credit_and_financial_services__access_to_credit.txt,What factors influence access to credit for Black people in credit & financial services?,Black people,minority,Race,Credit & Financial Services,Access to credit,black_people__credit_and_financial_services__access_to_credit
96437a65a313b21480cf,https://www.investopedia.com/average-credit-scores-by-race-5214521,https://investopedia.com/average-credit-scores-by-race-5214521,2,black_people/credit_and_financial_services__access_to_credit.txt,What factors influence access to credit for Black people in credit & financial services?,Black people,minority,Race,Credit & Financial Services,Access to credit,black_people__credit_and_financial_services__access_to_credit
7db7f063d6eb3c15307e,https://www.nclc.org/wp-content/uploads/2016/05/20240227_Issue-Brief_Past-Imperfect.pdf,https://nclc.org/wp-content/uploads/2016/05/20240227_Issue-Brief_Past-Imperfect.pdf,3,black_people/credit_and_financial_services__access_to_credit.txt,What factors influence access to credit for Black people in credit & financial services?,Black people,minority,Race,Credit & Financial Services,Access to credit,black_people__credit_and_financial_services__access_to_credit
e63e646c68042089a365,https://www.jec.senate.gov/public/_cache/files/2756e78d-cd64-4413-8d26-a4f9c2756947/banking-and-financial-exclusion-final.pdf,https://jec.senate.gov/public/_cache/files/2756e78d-cd64-4413-8d26-a4f9c2756947/banking-and-financial-exclusion-final.pdf,4,black_people/credit_and_financial_services__access_to_credit.txt,What factors influence access to credit for Black people in credit & financial services?,Black people,minority,Race,Credit & Financial Services,Access to credit,black_people__credit_and_financial_services__access_to_credit
9460109b178358db6e38,https://rrapp.spia.princeton.edu/how-credit-scoring-reproduces-racial-inequality/,https://rrapp.spia.princeton.edu/how-credit-scoring-reproduces-racial-inequality,5,black_people/credit_and_financial_services__access_to_credit.txt,What factors influence access to credit for Black people in credit & financial services?,Black people,minority,Race,Credit & Financial Services,Access to credit,black_people__credit_and_financial_services__access_to_credit
95e8aca593ad0b1471a0,https://www.bankrate.com/credit-cards/news/credit-cards-and-race-statistics/,https://bankrate.com/credit-cards/news/credit-cards-and-race-statistics,6,black_people/credit_and_financial_services__access_to_credit.txt,What factors influence access to credit for Black people in credit & financial services?,Black people,minority,Race,Credit & Financial Services,Access to credit,black_people__credit_and_financial_services__access_to_credit
9448970c042845b2343e,https://www.moneymanagement.org/blog/why-good-credit-is-harder-to-achieve-in-communities-of-color,https://moneymanagement.org/blog/why-good-credit-is-harder-to-achieve-in-communities-of-color,7,black_people/credit_and_financial_services__access_to_credit.txt,What factors influence access to credit for Black people in credit & financial services?,Black people,minority,Race,Credit & Financial Services,Access to credit,black_people__credit_and_financial_services__access_to_credit
b99ab0c967ba34aafb36,https://jbhe.com/2021/11/study-finds-persisting-racial-inequality-in-access-to-financial-services-and-credit/,https://jbhe.com/2021/11/study-finds-persisting-racial-inequality-in-access-to-financial-services-and-credit,8,black_people/credit_and_financial_services__access_to_credit.txt,What factors influence access to credit for Black people in credit & financial services?,Black people,minority,Race,Credit & Financial Services,Access to credit,black_people__credit_and_financial_services__access_to_credit
356ef631d65260b12137,https://www.federalreserve.gov/econres/feds/how-much-does-racial-bias-affect-mortgage-lending.htm,https://federalreserve.gov/econres/feds/how-much-does-racial-bias-affect-mortgage-lending.htm,9,black_people/credit_and_financial_services__access_to_credit.txt,What factors influence access to credit for Black people in credit & financial services?,Black people,minority,Race,Credit & Financial Services,Access to credit,black_people__credit_and_financial_services__access_to_credit
7875af1e27f3b33c6e41,https://opportunityinsights.org/wp-content/uploads/2025/07/CreditAccess_Nontech.pdf,https://opportunityinsights.org/wp-content/uploads/2025/07/CreditAccess_Nontech.pdf,10,black_people/credit_and_financial_services__access_to_credit.txt,What factors influence access to credit for Black people in credit & financial services?,Black people,minority,Race,Credit & Financial Services,Access to credit,black_people__credit_and_financial_services__access_to_credit
8a42c6ab08510e278619,https://libertystreeteconomics.newyorkfed.org/2024/01/an-overlooked-factor-in-banks-lending-to-minorities/,https://libertystreeteconomics.newyorkfed.org/2024/01/an-overlooked-factor-in-banks-lending-to-minorities,11,black_people/credit_and_financial_services__access_to_credit.txt,What factors influence access to credit for Black people in credit & financial services?,Black people,minority,Race,Credit & Financial Services,Access to credit,black_people__credit_and_financial_services__access_to_credit
9ebbff37fe07a5b14a24,https://money.usnews.com/credit-cards/articles/how-race-affects-your-credit-score,https://money.usnews.com/credit-cards/articles/how-race-affects-your-credit-score,12,black_people/credit_and_financial_services__access_to_credit.txt,What factors influence access to credit for Black people in credit & financial services?,Black people,minority,Race,Credit & Financial Services,Access to credit,black_people__credit_and_financial_services__access_to_credit
f68fae81696e5183ceac,https://www.wcnc.com/article/life/holidays/black-history-month/investopedia-report-financial-disparities-credit-scores-black-hispanic-native-communities/275-4f317033-2a1d-459a-b38c-1e9e43860e1e,https://wcnc.com/article/life/holidays/black-history-month/investopedia-report-financial-disparities-credit-scores-black-hispanic-native-communities/275-4f317033-2a1d-459a-b38c-1e9e43860e1e,13,black_people/credit_and_financial_services__access_to_credit.txt,What factors influence access to credit for Black people in credit & financial services?,Black people,minority,Race,Credit & Financial Services,Access to credit,black_people__credit_and_financial_services__access_to_credit
356ef631d65260b12137,https://www.federalreserve.gov/econres/feds/how-much-does-racial-bias-affect-mortgage-lending.htm,https://federalreserve.gov/econres/feds/how-much-does-racial-bias-affect-mortgage-lending.htm,1,black_people/credit_and_financial_services__credit_loan_approval.txt,What factors influence credit/loan approval for Black people in credit & financial services?,Black people,minority,Race,Credit & Financial Services,Credit/loan approval,black_people__credit_and_financial_services__credit_loan_approval
a2f0ade383c82c4d7b2e,https://nationalfairhousing.org/wp-content/uploads/2017/04/NFHA-credit-scoring-paper-for-Suffolk-NCLC-symposium-submitted-to-Suffolk-Law.pdf,https://nationalfairhousing.org/wp-content/uploads/2017/04/NFHA-credit-scoring-paper-for-Suffolk-NCLC-symposium-submitted-to-Suffolk-Law.pdf,2,black_people/credit_and_financial_services__credit_loan_approval.txt,What factors influence credit/loan approval for Black people in credit & financial services?,Black people,minority,Race,Credit & Financial Services,Credit/loan approval,black_people__credit_and_financial_services__credit_loan_approval
e37cad46c3bfc4ec1492,https://www.minneapolisfed.org/article/2024/lender-reported-reasons-for-mortgage-denials-dont-explain-racial-disparities,https://minneapolisfed.org/article/2024/lender-reported-reasons-for-mortgage-denials-dont-explain-racial-disparities,3,black_people/credit_and_financial_services__credit_loan_approval.txt,What factors influence credit/loan approval for Black people in credit & financial services?,Black people,minority,Race,Credit & Financial Services,Credit/loan approval,black_people__credit_and_financial_services__credit_loan_approval
96437a65a313b21480cf,https://www.investopedia.com/average-credit-scores-by-race-5214521,https://investopedia.com/average-credit-scores-by-race-5214521,4,black_people/credit_and_financial_services__credit_loan_approval.txt,What factors influence credit/loan approval for Black people in credit & financial services?,Black people,minority,Race,Credit & Financial Services,Credit/loan approval,black_people__credit_and_financial_services__credit_loan_approval
c088e3f5d93ab9408974,https://pmc.ncbi.nlm.nih.gov/articles/PMC11731762/,https://pmc.ncbi.nlm.nih.gov/articles/PMC11731762,5,black_people/credit_and_financial_services__credit_loan_approval.txt,What factors influence credit/loan approval for Black people in credit & financial services?,Black people,minority,Race,Credit & Financial Services,Credit/loan approval,black_people__credit_and_financial_services__credit_loan_approval
2551bfc004272cf41d72,https://www.bankrate.com/,https://bankrate.com/,6,black_people/credit_and_financial_services__credit_loan_approval.txt,What factors influence credit/loan approval for Black people in credit & financial services?,Black people,minority,Race,Credit & Financial Services,Credit/loan approval,black_people__credit_and_financial_services__credit_loan_approval
106b0fe63a30b516b0bb,https://www.bestcolleges.com/resources/credit-literacy-black-hispanic-students/,https://bestcolleges.com/resources/credit-literacy-black-hispanic-students,7,black_people/credit_and_financial_services__credit_loan_approval.txt,What factors influence credit/loan approval for Black people in credit & financial services?,Black people,minority,Race,Credit & Financial Services,Credit/loan approval,black_people__credit_and_financial_services__credit_loan_approval
0878eb8525e2cea01264,https://www.urban.org/urban-wire/how-local-differences-race-and-place-affect-mortgage-lending,https://urban.org/urban-wire/how-local-differences-race-and-place-affect-mortgage-lending,8,black_people/credit_and_financial_services__credit_loan_approval.txt,What factors influence credit/loan approval for Black people in credit & financial services?,Black people,minority,Race,Credit & Financial Services,Credit/loan approval,black_people__credit_and_financial_services__credit_loan_approval
098940caf98752eb321f,https://medium.com/commonfuture/why-credit-scores-are-racist-da109fcfb300,https://medium.com/commonfuture/why-credit-scores-are-racist-da109fcfb300,9,black_people/credit_and_financial_services__credit_loan_approval.txt,What factors influence credit/loan approval for Black people in credit & financial services?,Black people,minority,Race,Credit & Financial Services,Credit/loan approval,black_people__credit_and_financial_services__credit_loan_approval
7a898503a0141d0c7000,https://news.byu.edu/banks-offer-black-entrepreneurs-inferior-loans-even-when-they-are-better-qualified-than-peers,https://news.byu.edu/banks-offer-black-entrepreneurs-inferior-loans-even-when-they-are-better-qualified-than-peers,10,black_people/credit_and_financial_services__credit_loan_approval.txt,What factors influence credit/loan approval for Black people in credit & financial services?,Black people,minority,Race,Credit & Financial Services,Credit/loan approval,black_people__credit_and_financial_services__credit_loan_approval
7a800d272f1d22c267ef,https://nationalmortgageprofessional.com/news/racial-gaps-mortgage-denials-persist-despite-industry-progress,https://nationalmortgageprofessional.com/news/racial-gaps-mortgage-denials-persist-despite-industry-progress,11,black_people/credit_and_financial_services__credit_loan_approval.txt,What factors influence credit/loan approval for Black people in credit & financial services?,Black people,minority,Race,Credit & Financial Services,Credit/loan approval,black_people__credit_and_financial_services__credit_loan_approval
2126bef1bd38f4208758,https://finance.yahoo.com/news/race-impacts-credit-history-effect-110039095.html,https://finance.yahoo.com/news/race-impacts-credit-history-effect-110039095.html,12,black_people/credit_and_financial_services__credit_loan_approval.txt,What factors influence credit/loan approval for Black people in credit & financial services?,Black people,minority,Race,Credit & Financial Services,Credit/loan approval,black_people__credit_and_financial_services__credit_loan_approval
de6290d9810d603eb58b,https://www.prisonpolicy.org/research/racial_and_ethnic_disparities/,https://prisonpolicy.org/research/racial_and_ethnic_disparities,1,black_people/criminal_justice__arrest_detention_by_police.txt,What factors influence arrest / detention by police for Black people in criminal justice?,Black people,minority,Race,Criminal Justice,Arrest / detention by police,black_people__criminal_justice__arrest_detention_by_police
206b6395f06dd583d365,https://www.sentencingproject.org/reports/one-in-five-racial-disparity-in-imprisonment-causes-and-remedies/,https://sentencingproject.org/reports/one-in-five-racial-disparity-in-imprisonment-causes-and-remedies,2,black_people/criminal_justice__arrest_detention_by_police.txt,What factors influence arrest / detention by police for Black people in criminal justice?,Black people,minority,Race,Criminal Justice,Arrest / detention by police,black_people__criminal_justice__arrest_detention_by_police
a62e9766b3d4787d4b6f,https://vera-institute.files.svdcdn.com/production/downloads/publications/for-the-record-unjust-burden-racial-disparities.pdf,https://vera-institute.files.svdcdn.com/production/downloads/publications/for-the-record-unjust-burden-racial-disparities.pdf,3,black_people/criminal_justice__arrest_detention_by_police.txt,What factors influence arrest / detention by police for Black people in criminal justice?,Black people,minority,Race,Criminal Justice,Arrest / detention by police,black_people__criminal_justice__arrest_detention_by_police
b022456affb70a8a603c,https://www.sentencingproject.org/press-releases/new-report-on-racial-disparities-in-policing-and-crime-from-the-sentencing-project/,https://sentencingproject.org/press-releases/new-report-on-racial-disparities-in-policing-and-crime-from-the-sentencing-project,4,black_people/criminal_justice__arrest_detention_by_police.txt,What factors influence arrest / detention by police for Black people in criminal justice?,Black people,minority,Race,Criminal Justice,Arrest / detention by police,black_people__criminal_justice__arrest_detention_by_police
13102169fdbf1093ca52,https://www.ncsl.org/civil-and-criminal-justice/racial-and-ethnic-disparities-in-the-criminal-justice-system,https://ncsl.org/civil-and-criminal-justice/racial-and-ethnic-disparities-in-the-criminal-justice-system,5,black_people/criminal_justice__arrest_detention_by_police.txt,What factors influence arrest / detention by police for Black people in criminal justice?,Black people,minority,Race,Criminal Justice,Arrest / detention by police,black_people__criminal_justice__arrest_detention_by_police
b4e995b3fe6b826a44d0,https://bja.ojp.gov/library/publications/understanding-police-decisions-arrest-impact-situational-officer-and,https://bja.ojp.gov/library/publications/understanding-police-decisions-arrest-impact-situational-officer-and,6,black_people/criminal_justice__arrest_detention_by_police.txt,What factors influence arrest / detention by police for Black people in criminal justice?,Black people,minority,Race,Criminal Justice,Arrest / detention by police,black_people__criminal_justice__arrest_detention_by_police
4cb66278eb838b17b425,https://www.sentencingproject.org/reports/one-in-five-disparities-in-crime-and-policing/,https://sentencingproject.org/reports/one-in-five-disparities-in-crime-and-policing,7,black_people/criminal_justice__arrest_detention_by_police.txt,What factors influence arrest / detention by police for Black people in criminal justice?,Black people,minority,Race,Criminal Justice,Arrest / detention by police,black_people__criminal_justice__arrest_detention_by_police
bee014e59384dbab3865,https://www.advancingpretrial.org/story/racism-policing-and-the-criminal-justice-system/,https://advancingpretrial.org/story/racism-policing-and-the-criminal-justice-system,8,black_people/criminal_justice__arrest_detention_by_police.txt,What factors influence arrest / detention by police for Black people in criminal justice?,Black people,minority,Race,Criminal Justice,Arrest / detention by police,black_people__criminal_justice__arrest_detention_by_police
1a444ac222ba65e89125,https://pmc.ncbi.nlm.nih.gov/articles/PMC2831379/,https://pmc.ncbi.nlm.nih.gov/articles/PMC2831379,9,black_people/criminal_justice__arrest_detention_by_police.txt,What factors influence arrest / detention by police for Black people in criminal justice?,Black people,minority,Race,Criminal Justice,Arrest / detention by police,black_people__criminal_justice__arrest_detention_by_police
206b6395f06dd583d365,https://www.sentencingproject.org/reports/one-in-five-racial-disparity-in-imprisonment-causes-and-remedies/,https://sentencingproject.org/reports/one-in-five-racial-disparity-in-imprisonment-causes-and-remedies,1,black_people/criminal_justice__incarceration.txt,What factors influence incarceration for Black people in criminal justice?,Black people,minority,Race,Criminal Justice,Incarceration,black_people__criminal_justice__incarceration
426c849d7742ff6d108e,https://pmc.ncbi.nlm.nih.gov/articles/PMC9540942/,https://pmc.ncbi.nlm.nih.gov/articles/PMC9540942,2,black_people/criminal_justice__incarceration.txt,What factors influence incarceration for Black people in criminal justice?,Black people,minority,Race,Criminal Justice,Incarceration,black_people__criminal_justice__incarceration
48bdc8153a8577bce0fa,https://www.sentencingproject.org/press-releases/new-report-three-causes-of-racial-inequity-in-the-criminal-legal-system/,https://sentencingproject.org/press-releases/new-report-three-causes-of-racial-inequity-in-the-criminal-legal-system,3,black_people/criminal_justice__incarceration.txt,What factors influence incarceration for Black people in criminal justice?,Black people,minority,Race,Criminal Justice,Incarceration,black_people__criminal_justice__incarceration
ad9b153d6682c86b765d,https://www.sentencingproject.org/reports/one-in-five-how-mass-incarceration-deepens-inequality-and-harms-public-safety/,https://sentencingproject.org/reports/one-in-five-how-mass-incarceration-deepens-inequality-and-harms-public-safety,4,black_people/criminal_justice__incarceration.txt,What factors influence incarceration for Black people in criminal justice?,Black people,minority,Race,Criminal Justice,Incarceration,black_people__criminal_justice__incarceration
81d202d702686e821737,https://www.nacdl.org/Content/Race-and-Sentencing,https://nacdl.org/Content/Race-and-Sentencing,5,black_people/criminal_justice__incarceration.txt,What factors influence incarceration for Black people in criminal justice?,Black people,minority,Race,Criminal Justice,Incarceration,black_people__criminal_justice__incarceration
99e26747bdd41a1ac5ed,https://www.aclu.org/issues/racial-justice/race-and-criminal-justice,https://aclu.org/issues/racial-justice/race-and-criminal-justice,6,black_people/criminal_justice__incarceration.txt,What factors influence incarceration for Black people in criminal justice?,Black people,minority,Race,Criminal Justice,Incarceration,black_people__criminal_justice__incarceration
eb6074ed2b46990d5386,https://www.ebsco.com/research-starters/law/mass-incarceration-and-race/,https://ebsco.com/research-starters/law/mass-incarceration-and-race,7,black_people/criminal_justice__incarceration.txt,What factors influence incarceration for Black people in criminal justice?,Black people,minority,Race,Criminal Justice,Incarceration,black_people__criminal_justice__incarceration
4f56fb2641b96667eb9b,https://www.youtube.com/watch?v=jSqF4hs6910&t=667s,https://youtube.com/watch?t=667s&v=jSqF4hs6910,8,black_people/criminal_justice__incarceration.txt,What factors influence incarceration for Black people in criminal justice?,Black people,minority,Race,Criminal Justice,Incarceration,black_people__criminal_justice__incarceration
a995639359a46e02c0aa,https://pmc.ncbi.nlm.nih.gov/articles/PMC10937607/,https://pmc.ncbi.nlm.nih.gov/articles/PMC10937607,1,black_people/criminal_justice__police_use_of_force.txt,What factors influence police use of force for Black people in criminal justice?,Black people,minority,Race,Criminal Justice,Police use of force,black_people__criminal_justice__police_use_of_force
f252962e9f65eefd1e5a,https://pmc.ncbi.nlm.nih.gov/articles/PMC6002151/,https://pmc.ncbi.nlm.nih.gov/articles/PMC6002151,2,black_people/criminal_justice__police_use_of_force.txt,What factors influence police use of force for Black people in criminal justice?,Black people,minority,Race,Criminal Justice,Police use of force,black_people__criminal_justice__police_use_of_force
b022456affb70a8a603c,https://www.sentencingproject.org/press-releases/new-report-on-racial-disparities-in-policing-and-crime-from-the-sentencing-project/,https://sentencingproject.org/press-releases/new-report-on-racial-disparities-in-policing-and-crime-from-the-sentencing-project,3,black_people/criminal_justice__police_use_of_force.txt,What factors influence police use of force for Black people in criminal justice?,Black people,minority,Race,Criminal Justice,Police use of force,black_people__criminal_justice__police_use_of_force
f6af88bbf431c831beb1,https://scholarcommons.sc.edu/cgi/viewcontent.cgi?article=1006&context=crim_facpub,https://scholarcommons.sc.edu/cgi/viewcontent.cgi?article=1006&context=crim_facpub,4,black_people/criminal_justice__police_use_of_force.txt,What factors influence police use of force for Black people in criminal justice?,Black people,minority,Race,Criminal Justice,Police use of force,black_people__criminal_justice__police_use_of_force
2127128abc7a55380c52,https://www.sciencedirect.com/science/article/pii/S0749379721004153,https://sciencedirect.com/science/article/pii/S0749379721004153,5,black_people/criminal_justice__police_use_of_force.txt,What factors influence police use of force for Black people in criminal justice?,Black people,minority,Race,Criminal Justice,Police use of force,black_people__criminal_justice__police_use_of_force
f71a506c545f5836eabb,https://policingequity.org/resource-library/use-of-force/,https://policingequity.org/resource-library/use-of-force,6,black_people/criminal_justice__police_use_of_force.txt,What factors influence police use of force for Black people in criminal justice?,Black people,minority,Race,Criminal Justice,Police use of force,black_people__criminal_justice__police_use_of_force
127455ac5be31e40b692,https://pmc.ncbi.nlm.nih.gov/articles/PMC9744977/,https://pmc.ncbi.nlm.nih.gov/articles/PMC9744977,7,black_people/criminal_justice__police_use_of_force.txt,What factors influence police use of force for Black people in criminal justice?,Black people,minority,Race,Criminal Justice,Police use of force,black_people__criminal_justice__police_use_of_force
41c057c28d38c453d69b,https://www.ncan.org/Web/News/Race-Conscious-Admissions-and-Black-Students-The-Past-Present-and-Future.aspx,https://ncan.org/Web/News/Race-Conscious-Admissions-and-Black-Students-The-Past-Present-and-Future.aspx,1,black_people/education__college_access_admission.txt,What factors influence college access/admission for Black people in education?,Black people,minority,Race,Education,College access/admission,black_people__education__college_access_admission
3e3c9e7be9a61984f9e4,https://www.cato.org/testimony/many-factors-play-minority-access-higher-education,https://cato.org/testimony/many-factors-play-minority-access-higher-education,2,black_people/education__college_access_admission.txt,What factors influence college access/admission for Black people in education?,Black people,minority,Race,Education,College access/admission,black_people__education__college_access_admission
ea3e950c2f7323d71673,https://www.urban.org/urban-wire/unpacking-early-trends-racial-diversity-elite-college-admissions-following-supreme-court,https://urban.org/urban-wire/unpacking-early-trends-racial-diversity-elite-college-admissions-following-supreme-court,3,black_people/education__college_access_admission.txt,What factors influence college access/admission for Black people in education?,Black people,minority,Race,Education,College access/admission,black_people__education__college_access_admission
6942a0dd184d3fcee471,https://www.equityinhighered.org/resources/ideas-and-insights/segregation-in-higher-education-and-unequal-paths-to-college-completion-implications-for-policy-and-research/,https://equityinhighered.org/resources/ideas-and-insights/segregation-in-higher-education-and-unequal-paths-to-college-completion-implications-for-policy-and-research,4,black_people/education__college_access_admission.txt,What factors influence college access/admission for Black people in education?,Black people,minority,Race,Education,College access/admission,black_people__education__college_access_admission
3eda9257d20385a68d22,https://partnershipfcc.org/publications/affirmativeaction/,https://partnershipfcc.org/publications/affirmativeaction,5,black_people/education__college_access_admission.txt,What factors influence college access/admission for Black people in education?,Black people,minority,Race,Education,College access/admission,black_people__education__college_access_admission
7c29e71c8eff0a4dc6ef,https://www.naacpldf.org/case-issue/college-admissions-and-equity-research-brief/,https://naacpldf.org/case-issue/college-admissions-and-equity-research-brief,6,black_people/education__college_access_admission.txt,What factors influence college access/admission for Black people in education?,Black people,minority,Race,Education,College access/admission,black_people__education__college_access_admission
0069690cbf7616bae686,https://naacp.org/resources/affirmative-action-education-matters,https://naacp.org/resources/affirmative-action-education-matters,7,black_people/education__college_access_admission.txt,What factors influence college access/admission for Black people in education?,Black people,minority,Race,Education,College access/admission,black_people__education__college_access_admission
aa4929f885a8eaf3049f,https://www.usnews.com/education/best-colleges/applying/articles/how-does-affirmative-action-affect-college-admissions,https://usnews.com/education/best-colleges/applying/articles/how-does-affirmative-action-affect-college-admissions,8,black_people/education__college_access_admission.txt,What factors influence college access/admission for Black people in education?,Black people,minority,Race,Education,College access/admission,black_people__education__college_access_admission
ccbaeb235671276b683d,https://www.timeshighereducation.com/campus/making-admissions-processes-fair-black-students,https://timeshighereducation.com/campus/making-admissions-processes-fair-black-students,9,black_people/education__college_access_admission.txt,What factors influence college access/admission for Black people in education?,Black people,minority,Race,Education,College access/admission,black_people__education__college_access_admission
1ab6ded1218d28aac79c,https://tminstituteldf.org/redressing-educational-inequality-the-legacy-and-opportunity-of-affirmative-action/,https://tminstituteldf.org/redressing-educational-inequality-the-legacy-and-opportunity-of-affirmative-action,10,black_people/education__college_access_admission.txt,What factors influence college access/admission for Black people in education?,Black people,minority,Race,Education,College access/admission,black_people__education__college_access_admission
87dcbd7b0d63079d694b,https://files.eric.ed.gov/fulltext/ED674172.pdf,https://files.eric.ed.gov/fulltext/ED674172.pdf,11,black_people/education__college_access_admission.txt,What factors influence college access/admission for Black people in education?,Black people,minority,Race,Education,College access/admission,black_people__education__college_access_admission
872842c217d7a2996356,https://thevillagemethod.org/college-admission-process-for-black-students/,https://thevillagemethod.org/college-admission-process-for-black-students,12,black_people/education__college_access_admission.txt,What factors influence college access/admission for Black people in education?,Black people,minority,Race,Education,College access/admission,black_people__education__college_access_admission
48dfc2e373352b20409d,https://southerneducation.org/in-the-news/u-s-still-has-miles-to-go-to-increase-black-students-educational-opportunities/,https://southerneducation.org/in-the-news/u-s-still-has-miles-to-go-to-increase-black-students-educational-opportunities,1,black_people/education__educational_opportunity_access.txt,What factors influence educational opportunity/access for Black people in education?,Black people,minority,Race,Education,Educational opportunity/access,black_people__education__educational_opportunity_access
c0e93a457b5e58b3fe32,https://home.treasury.gov/news/featured-stories/post-5-racial-differences-in-educational-experiences-and-attainment,https://home.treasury.gov/news/featured-stories/post-5-racial-differences-in-educational-experiences-and-attainment,2,black_people/education__educational_opportunity_access.txt,What factors influence educational opportunity/access for Black people in education?,Black people,minority,Race,Education,Educational opportunity/access,black_people__education__educational_opportunity_access
f552be868377ebcb3e62,https://www.aecf.org/blog/racial-inequality-in-education,https://aecf.org/blog/racial-inequality-in-education,3,black_people/education__educational_opportunity_access.txt,What factors influence educational opportunity/access for Black people in education?,Black people,minority,Race,Education,Educational opportunity/access,black_people__education__educational_opportunity_access
0a64df876264ff3ad37e,https://pmc.ncbi.nlm.nih.gov/articles/PMC11567148/,https://pmc.ncbi.nlm.nih.gov/articles/PMC11567148,4,black_people/education__educational_opportunity_access.txt,What factors influence educational opportunity/access for Black people in education?,Black people,minority,Race,Education,Educational opportunity/access,black_people__education__educational_opportunity_access
e763956ae024abb886de,https://www.researchforaction.org/research-resources/k-12/unequal-access-to-educational-opportunity-in-the-united-states/,https://researchforaction.org/research-resources/k-12/unequal-access-to-educational-opportunity-in-the-united-states,5,black_people/education__educational_opportunity_access.txt,What factors influence educational opportunity/access for Black people in education?,Black people,minority,Race,Education,Educational opportunity/access,black_people__education__educational_opportunity_access
7aa1980ab5444f126c85,https://unitedwaynca.org/blog/racial-inequality-in-education/,https://unitedwaynca.org/blog/racial-inequality-in-education,6,black_people/education__educational_opportunity_access.txt,What factors influence educational opportunity/access for Black people in education?,Black people,minority,Race,Education,Educational opportunity/access,black_people__education__educational_opportunity_access
df5d9e4b5db44408734b,https://www.probonoinst.org/2023/07/13/race-income-and-the-effect-on-educational-opportunity/,https://probonoinst.org/2023/07/13/race-income-and-the-effect-on-educational-opportunity,7,black_people/education__educational_opportunity_access.txt,What factors influence educational opportunity/access for Black people in education?,Black people,minority,Race,Education,Educational opportunity/access,black_people__education__educational_opportunity_access
7cc6dc80d3091756c91d,https://www.gao.gov/blog/racial-disparities-education-and-role-government,https://gao.gov/blog/racial-disparities-education-and-role-government,8,black_people/education__educational_opportunity_access.txt,What factors influence educational opportunity/access for Black people in education?,Black people,minority,Race,Education,Educational opportunity/access,black_people__education__educational_opportunity_access
84b5f42e410aaa0a3300,https://uncf.org/pages/k-12-disparity-facts-and-stats,https://uncf.org/pages/k-12-disparity-facts-and-stats,9,black_people/education__educational_opportunity_access.txt,What factors influence educational opportunity/access for Black people in education?,Black people,minority,Race,Education,Educational opportunity/access,black_people__education__educational_opportunity_access
4f3562881c9fb3c86ec8,https://defendernetwork.com/news/education/black-youth-bullying-challenges/,https://defendernetwork.com/news/education/black-youth-bullying-challenges,1,black_people/education__harassment_bullying.txt,What factors influence harassment/bullying for Black people in education?,Black people,minority,Race,Education,Harassment/bullying,black_people__education__harassment_bullying
4afefcc98346ab7253c8,https://news.unm.edu/news/research-finds-black-immigrant-girls-of-color-face-hostile-classrooms,https://news.unm.edu/news/research-finds-black-immigrant-girls-of-color-face-hostile-classrooms,2,black_people/education__harassment_bullying.txt,What factors influence harassment/bullying for Black people in education?,Black people,minority,Race,Education,Harassment/bullying,black_people__education__harassment_bullying
5e3fb806d2fab689e8c0,https://pmc.ncbi.nlm.nih.gov/articles/PMC7453877/,https://pmc.ncbi.nlm.nih.gov/articles/PMC7453877,3,black_people/education__harassment_bullying.txt,What factors influence harassment/bullying for Black people in education?,Black people,minority,Race,Education,Harassment/bullying,black_people__education__harassment_bullying
06582bbd68942112cd27,https://www.stopbullying.gov/bullying/groups,https://stopbullying.gov/bullying/groups,4,black_people/education__harassment_bullying.txt,What factors influence harassment/bullying for Black people in education?,Black people,minority,Race,Education,Harassment/bullying,black_people__education__harassment_bullying
d0a550a68fecf7fca168,https://journals.sagepub.com/doi/10.1177/02724316221142247,https://journals.sagepub.com/doi/10.1177/02724316221142247,5,black_people/education__harassment_bullying.txt,What factors influence harassment/bullying for Black people in education?,Black people,minority,Race,Education,Harassment/bullying,black_people__education__harassment_bullying
35bf709073e53235f5d2,https://www.wbur.org/cognoscenti/2023/10/19/racial-bullying-george-floyd-alexis-rickmers-oren-sellstrom,https://wbur.org/cognoscenti/2023/10/19/racial-bullying-george-floyd-alexis-rickmers-oren-sellstrom,6,black_people/education__harassment_bullying.txt,What factors influence harassment/bullying for Black people in education?,Black people,minority,Race,Education,Harassment/bullying,black_people__education__harassment_bullying
134552d95724dbc08f2a,https://pmc.ncbi.nlm.nih.gov/articles/PMC10322117/,https://pmc.ncbi.nlm.nih.gov/articles/PMC10322117,7,black_people/education__harassment_bullying.txt,What factors influence harassment/bullying for Black people in education?,Black people,minority,Race,Education,Harassment/bullying,black_people__education__harassment_bullying
a77fce306642d686912e,https://www.youtube.com/watch?v=QRbxbnkgkU8&t=35s,https://youtube.com/watch?t=35s&v=QRbxbnkgkU8,8,black_people/education__harassment_bullying.txt,What factors influence harassment/bullying for Black people in education?,Black people,minority,Race,Education,Harassment/bullying,black_people__education__harassment_bullying
de90b927059280f16ca1,https://ballardbrief.byu.edu/issue-briefs/racial-inequality-in-public-school-discipline-for-black-students-in-the-united-states,https://ballardbrief.byu.edu/issue-briefs/racial-inequality-in-public-school-discipline-for-black-students-in-the-united-states,9,black_people/education__harassment_bullying.txt,What factors influence harassment/bullying for Black people in education?,Black people,minority,Race,Education,Harassment/bullying,black_people__education__harassment_bullying
ff80a8bc1c518e0eee36,https://ewa.org/data-research-tips/how-black-girls-are-harmed-in-schools,https://ewa.org/data-research-tips/how-black-girls-are-harmed-in-schools,10,black_people/education__harassment_bullying.txt,What factors influence harassment/bullying for Black people in education?,Black people,minority,Race,Education,Harassment/bullying,black_people__education__harassment_bullying
267b6647763b76353c12,https://www.aclrc.com/blog/2023-2-2-racial-bullying-in-schools/,https://aclrc.com/blog/2023-2-2-racial-bullying-in-schools,11,black_people/education__harassment_bullying.txt,What factors influence harassment/bullying for Black people in education?,Black people,minority,Race,Education,Harassment/bullying,black_people__education__harassment_bullying
ca29ea4b81421de617f8,https://theconversation.com/children-facing-racist-bullying-at-school-need-support-from-teachers-but-many-dont-get-it-196180,https://theconversation.com/children-facing-racist-bullying-at-school-need-support-from-teachers-but-many-dont-get-it-196180,12,black_people/education__harassment_bullying.txt,What factors influence harassment/bullying for Black people in education?,Black people,minority,Race,Education,Harassment/bullying,black_people__education__harassment_bullying
e3e0e13491321fc48aa2,https://digitalrepository.senecapolytechnic.ca/files/original/9606f96889081dc148b272b60b1510c9e2b54e70.pdf,https://digitalrepository.senecapolytechnic.ca/files/original/9606f96889081dc148b272b60b1510c9e2b54e70.pdf,13,black_people/education__harassment_bullying.txt,What factors influence harassment/bullying for Black people in education?,Black people,minority,Race,Education,Harassment/bullying,black_people__education__harassment_bullying
954e907399c977ef416a,https://iaap-journals.onlinelibrary.wiley.com/doi/10.1111/apps.70103?af=R,https://iaap-journals.onlinelibrary.wiley.com/doi/10.1111/apps.70103?af=R,1,black_people/employment__career_advancement.txt,What factors influence career advancement for Black people in employment?,Black people,minority,Race,Employment,Career advancement,black_people__employment__career_advancement
b97cba4c529844cb4856,https://www.americanprogress.org/article/african-americans-face-systematic-obstacles-getting-good-jobs/,https://americanprogress.org/article/african-americans-face-systematic-obstacles-getting-good-jobs,2,black_people/employment__career_advancement.txt,What factors influence career advancement for Black people in employment?,Black people,minority,Race,Employment,Career advancement,black_people__employment__career_advancement
dcb63be64b3ec7af1b56,https://digitalcommons.odu.edu/cgi/viewcontent.cgi?article=1023&context=sociology_criminaljustice_etds,https://digitalcommons.odu.edu/cgi/viewcontent.cgi?article=1023&context=sociology_criminaljustice_etds,3,black_people/employment__career_advancement.txt,What factors influence career advancement for Black people in employment?,Black people,minority,Race,Employment,Career advancement,black_people__employment__career_advancement
fdc342e38be260a4af8d,https://www.jff.org/blog/how-employers-can-address-social-determinants-work/,https://jff.org/blog/how-employers-can-address-social-determinants-work,4,black_people/employment__career_advancement.txt,What factors influence career advancement for Black people in employment?,Black people,minority,Race,Employment,Career advancement,black_people__employment__career_advancement
aa542632bf1f5c2104f3,https://fortune.com/2022/04/15/microaggressions-diversity-career-advancement-why-black-workers-are-joining-the-great-resignation/,https://fortune.com/2022/04/15/microaggressions-diversity-career-advancement-why-black-workers-are-joining-the-great-resignation,5,black_people/employment__career_advancement.txt,What factors influence career advancement for Black people in employment?,Black people,minority,Race,Employment,Career advancement,black_people__employment__career_advancement
3024b43fe551a9e66cfd,https://www.eeoc.gov/federal-sector/report/eeoc-african-american-workgroup-report,https://eeoc.gov/federal-sector/report/eeoc-african-american-workgroup-report,6,black_people/employment__career_advancement.txt,What factors influence career advancement for Black people in employment?,Black people,minority,Race,Employment,Career advancement,black_people__employment__career_advancement
a6803a9e72c63b33aa85,https://info.jff.org/end-occupational-segregation,https://info.jff.org/end-occupational-segregation,7,black_people/employment__career_advancement.txt,What factors influence career advancement for Black people in employment?,Black people,minority,Race,Employment,Career advancement,black_people__employment__career_advancement
d78733a179c389b1d590,https://www.bostonindicators.org/article-pages/2025/july/black-male-workforce,https://bostonindicators.org/article-pages/2025/july/black-male-workforce,8,black_people/employment__career_advancement.txt,What factors influence career advancement for Black people in employment?,Black people,minority,Race,Employment,Career advancement,black_people__employment__career_advancement
e9a6b787384761329225,https://www.youtube.com/shorts/SU2kO_TkKis,https://youtube.com/shorts/SU2kO_TkKis,9,black_people/employment__career_advancement.txt,What factors influence career advancement for Black people in employment?,Black people,minority,Race,Employment,Career advancement,black_people__employment__career_advancement
f4ed77128ae6a6f08b44,https://www.epi.org/unequalpower/publications/understanding-black-white-disparities-in-labor-market-outcomes/,https://epi.org/unequalpower/publications/understanding-black-white-disparities-in-labor-market-outcomes,1,black_people/employment__hiring.txt,What factors influence hiring for Black people in employment?,Black people,minority,Race,Employment,Hiring,black_people__employment__hiring
b97cba4c529844cb4856,https://www.americanprogress.org/article/african-americans-face-systematic-obstacles-getting-good-jobs/,https://americanprogress.org/article/african-americans-face-systematic-obstacles-getting-good-jobs,2,black_people/employment__hiring.txt,What factors influence hiring for Black people in employment?,Black people,minority,Race,Employment,Hiring,black_people__employment__hiring
8f0cded8bda2ad03ab7f,https://www.cpc.unc.edu/news/study-hiring-pressures-to-diversify-influencing-patterns-of-discrimination-in-unexpected-ways/,https://cpc.unc.edu/news/study-hiring-pressures-to-diversify-influencing-patterns-of-discrimination-in-unexpected-ways,3,black_people/employment__hiring.txt,What factors influence hiring for Black people in employment?,Black people,minority,Race,Employment,Hiring,black_people__employment__hiring
a6803a9e72c63b33aa85,https://info.jff.org/end-occupational-segregation,https://info.jff.org/end-occupational-segregation,4,black_people/employment__hiring.txt,What factors influence hiring for Black people in employment?,Black people,minority,Race,Employment,Hiring,black_people__employment__hiring
b934157df7b8d5def47c,https://www.epi.org/publication/racial-representation-prof-occ/,https://epi.org/publication/racial-representation-prof-occ,5,black_people/employment__hiring.txt,What factors influence hiring for Black people in employment?,Black people,minority,Race,Employment,Hiring,black_people__employment__hiring
7f2addd648e20c608504,https://www.chicagobooth.edu/review/racial-bias-hiring,https://chicagobooth.edu/review/racial-bias-hiring,6,black_people/employment__hiring.txt,What factors influence hiring for Black people in employment?,Black people,minority,Race,Employment,Hiring,black_people__employment__hiring
413141d3634b8de01064,https://www.pewresearch.org/short-reads/2023/08/31/black-workers-views-and-experiences-in-the-us-labor-force-stand-out-in-key-ways/,https://pewresearch.org/short-reads/2023/08/31/black-workers-views-and-experiences-in-the-us-labor-force-stand-out-in-key-ways,7,black_people/employment__hiring.txt,What factors influence hiring for Black people in employment?,Black people,minority,Race,Employment,Hiring,black_people__employment__hiring
aa51f811d0c264835591,https://pmc.ncbi.nlm.nih.gov/articles/PMC9977107/,https://pmc.ncbi.nlm.nih.gov/articles/PMC9977107,8,black_people/employment__hiring.txt,What factors influence hiring for Black people in employment?,Black people,minority,Race,Employment,Hiring,black_people__employment__hiring
7b5cde8fca663e2c5c6f,https://www.ebsco.com/research-starters/politics-and-government/employment-among-african-americans,https://ebsco.com/research-starters/politics-and-government/employment-among-african-americans,9,black_people/employment__hiring.txt,What factors influence hiring for Black people in employment?,Black people,minority,Race,Employment,Hiring,black_people__employment__hiring
b90714f0efa2027d1438,https://www.linkedin.com/videos/drkenlharris_melaninmind-blackreality-blackinamerica-activity-7412852470240153600-VJ0a,https://linkedin.com/videos/drkenlharris_melaninmind-blackreality-blackinamerica-activity-7412852470240153600-VJ0a,10,black_people/employment__hiring.txt,What factors influence hiring for Black people in employment?,Black people,minority,Race,Employment,Hiring,black_people__employment__hiring
36a834dfe056a5ab922f,https://www.eeoc.gov/laws/guidance/section-15-race-and-color-discrimination,https://eeoc.gov/laws/guidance/section-15-race-and-color-discrimination,1,black_people/employment__workplace_harassment.txt,What factors influence workplace harassment for Black people in employment?,Black people,minority,Race,Employment,Workplace harassment,black_people__employment__workplace_harassment
2d7ce471d6dd8bc9883b,https://www.eeoc.gov/racecolor-discrimination,https://eeoc.gov/racecolor-discrimination,2,black_people/employment__workplace_harassment.txt,What factors influence workplace harassment for Black people in employment?,Black people,minority,Race,Employment,Workplace harassment,black_people__employment__workplace_harassment
e4af7af00e6ddb6f72bd,https://dwd.wisconsin.gov/er/digest/125.3.htm,https://dwd.wisconsin.gov/er/digest/125.3.htm,3,black_people/employment__workplace_harassment.txt,What factors influence workplace harassment for Black people in employment?,Black people,minority,Race,Employment,Workplace harassment,black_people__employment__workplace_harassment
fa826f7b52a5840332f9,https://www.foxrothschild.com/publications/the-eeocs-enforcement-guidance-on-harassment-in-the-workplace-what-employers-need-to-know,https://foxrothschild.com/publications/the-eeocs-enforcement-guidance-on-harassment-in-the-workplace-what-employers-need-to-know,4,black_people/employment__workplace_harassment.txt,What factors influence workplace harassment for Black people in employment?,Black people,minority,Race,Employment,Workplace harassment,black_people__employment__workplace_harassment
f8b607d4e757d881b046,https://scholarworks.uark.edu/cgi/viewcontent.cgi?article=1017&context=isysuht,https://scholarworks.uark.edu/cgi/viewcontent.cgi?article=1017&context=isysuht,5,black_people/employment__workplace_harassment.txt,What factors influence workplace harassment for Black people in employment?,Black people,minority,Race,Employment,Workplace harassment,black_people__employment__workplace_harassment
e57e47dd6ee9b35ba01a,https://www.lundelllawfirm.com/post/common-sources-of-workplace-harassment,https://lundelllawfirm.com/post/common-sources-of-workplace-harassment,6,black_people/employment__workplace_harassment.txt,What factors influence workplace harassment for Black people in employment?,Black people,minority,Race,Employment,Workplace harassment,black_people__employment__workplace_harassment
69ee0bc4fb4bbf853358,https://bhr-navigator.unglobalcompact.org/issues/discrimination/,https://bhr-navigator.unglobalcompact.org/issues/discrimination,7,black_people/employment__workplace_harassment.txt,What factors influence workplace harassment for Black people in employment?,Black people,minority,Race,Employment,Workplace harassment,black_people__employment__workplace_harassment
74ba4f021cc2a484443a,https://pubmed.ncbi.nlm.nih.gov/18393583/,https://pubmed.ncbi.nlm.nih.gov/18393583,8,black_people/employment__workplace_harassment.txt,What factors influence workplace harassment for Black people in employment?,Black people,minority,Race,Employment,Workplace harassment,black_people__employment__workplace_harassment
cf31ee7243e59e1d2173,https://www.clasp.org/blog/centering-black-women-in-the-fight-for-safe-jobs/,https://clasp.org/blog/centering-black-women-in-the-fight-for-safe-jobs,9,black_people/employment__workplace_harassment.txt,What factors influence workplace harassment for Black people in employment?,Black people,minority,Race,Employment,Workplace harassment,black_people__employment__workplace_harassment
3e0c751a6cda3e737e78,https://pmc.ncbi.nlm.nih.gov/articles/PMC12938148/,https://pmc.ncbi.nlm.nih.gov/articles/PMC12938148,10,black_people/employment__workplace_harassment.txt,What factors influence workplace harassment for Black people in employment?,Black people,minority,Race,Employment,Workplace harassment,black_people__employment__workplace_harassment
23f3443e94600e2c3434,https://emtrain.com/video-library/recognizing-racial-bias-and-harassment-in-the-workplace/,https://emtrain.com/video-library/recognizing-racial-bias-and-harassment-in-the-workplace,11,black_people/employment__workplace_harassment.txt,What factors influence workplace harassment for Black people in employment?,Black people,minority,Race,Employment,Workplace harassment,black_people__employment__workplace_harassment
61d2ef42b15db2f7cfa5,https://www.americanprogress.org/article/systematic-inequality-economic-opportunity/,https://americanprogress.org/article/systematic-inequality-economic-opportunity,1,black_people/government_benefits__access_to_government_benefits.txt,What factors influence access to government benefits for Black people in government benefits?,Black people,minority,Race,Government Benefits,Access to government benefits,black_people__government_benefits__access_to_government_benefits
e2c8ac2c91f69e498f42,https://cambercollective.com/2024/01/04/public-benefit-disparities/,https://cambercollective.com/2024/01/04/public-benefit-disparities,2,black_people/government_benefits__access_to_government_benefits.txt,What factors influence access to government benefits for Black people in government benefits?,Black people,minority,Race,Government Benefits,Access to government benefits,black_people__government_benefits__access_to_government_benefits
5ed40f9b12c967df163c,https://www.nationalacademies.org/read/9719/chapter/8,https://nationalacademies.org/read/9719/chapter/8,3,black_people/government_benefits__access_to_government_benefits.txt,What factors influence access to government benefits for Black people in government benefits?,Black people,minority,Race,Government Benefits,Access to government benefits,black_people__government_benefits__access_to_government_benefits
19f282224aefaa139100,https://www.cbpp.org/research/facts-about-african-americans-in-the-food-stamp-program,https://cbpp.org/research/facts-about-african-americans-in-the-food-stamp-program,4,black_people/government_benefits__access_to_government_benefits.txt,What factors influence access to government benefits for Black people in government benefits?,Black people,minority,Race,Government Benefits,Access to government benefits,black_people__government_benefits__access_to_government_benefits
a6521bc05a4d4f69140f,https://www.cbpp.org/research/income-security/tanf-policies-reflect-racist-legacy-of-cash-assistance,https://cbpp.org/research/income-security/tanf-policies-reflect-racist-legacy-of-cash-assistance,5,black_people/government_benefits__access_to_government_benefits.txt,What factors influence access to government benefits for Black people in government benefits?,Black people,minority,Race,Government Benefits,Access to government benefits,black_people__government_benefits__access_to_government_benefits
4008d3a7e5894a0bf318,https://www.faireconomy.org/11_ways_the_federal_government_contributed_to_the_racial_wealth_divide,https://faireconomy.org/11_ways_the_federal_government_contributed_to_the_racial_wealth_divide,6,black_people/government_benefits__access_to_government_benefits.txt,What factors influence access to government benefits for Black people in government benefits?,Black people,minority,Race,Government Benefits,Access to government benefits,black_people__government_benefits__access_to_government_benefits
42157260c827e979dba5,https://vitalrecord.tamu.edu/how-race-and-racial-perceptions-shape-public-assistance-policy-opinions/,https://vitalrecord.tamu.edu/how-race-and-racial-perceptions-shape-public-assistance-policy-opinions,7,black_people/government_benefits__access_to_government_benefits.txt,What factors influence access to government benefits for Black people in government benefits?,Black people,minority,Race,Government Benefits,Access to government benefits,black_people__government_benefits__access_to_government_benefits
e94101cef2dd037141fd,https://www.youtube.com/shorts/bma-nImTFsQ,https://youtube.com/shorts/bma-nImTFsQ,8,black_people/government_benefits__access_to_government_benefits.txt,What factors influence access to government benefits for Black people in government benefits?,Black people,minority,Race,Government Benefits,Access to government benefits,black_people__government_benefits__access_to_government_benefits
b8f705f8e02301d19d38,https://www.sciencedirect.com/science/article/abs/pii/S0047272725000994,https://sciencedirect.com/science/article/abs/pii/S0047272725000994,1,black_people/government_benefits__application_approval.txt,What factors influence application/approval for Black people in government benefits?,Black people,minority,Race,Government Benefits,Application/approval,black_people__government_benefits__application_approval
a6521bc05a4d4f69140f,https://www.cbpp.org/research/income-security/tanf-policies-reflect-racist-legacy-of-cash-assistance,https://cbpp.org/research/income-security/tanf-policies-reflect-racist-legacy-of-cash-assistance,2,black_people/government_benefits__application_approval.txt,What factors influence application/approval for Black people in government benefits?,Black people,minority,Race,Government Benefits,Application/approval,black_people__government_benefits__application_approval
bd37a3075a95ef31a4dc,https://www.clasp.org/blog/the-racist-roots-of-work-requirements-in-public-benefits-programs/,https://clasp.org/blog/the-racist-roots-of-work-requirements-in-public-benefits-programs,3,black_people/government_benefits__application_approval.txt,What factors influence application/approval for Black people in government benefits?,Black people,minority,Race,Government Benefits,Application/approval,black_people__government_benefits__application_approval
b4248e40fd879cb21e3a,https://crr.bc.edu/black-workers-rely-more-on-federal-disability/,https://crr.bc.edu/black-workers-rely-more-on-federal-disability,4,black_people/government_benefits__application_approval.txt,What factors influence application/approval for Black people in government benefits?,Black people,minority,Race,Government Benefits,Application/approval,black_people__government_benefits__application_approval
22aab88c7e85272bd38e,https://www.ssa.gov/policy/docs/rsnotes/rsn2014-01.html,https://ssa.gov/policy/docs/rsnotes/rsn2014-01.html,5,black_people/government_benefits__application_approval.txt,What factors influence application/approval for Black people in government benefits?,Black people,minority,Race,Government Benefits,Application/approval,black_people__government_benefits__application_approval
52ffb9d4fa32d8850ade,https://www.econstor.eu/bitstream/10419/284020/1/sr1060.pdf,https://econstor.eu/bitstream/10419/284020/1/sr1060.pdf,6,black_people/government_benefits__application_approval.txt,What factors influence application/approval for Black people in government benefits?,Black people,minority,Race,Government Benefits,Application/approval,black_people__government_benefits__application_approval
4cace9bbd18a76f5110c,https://home.treasury.gov/news/featured-stories/racial-equity-benefits-all-americans,https://home.treasury.gov/news/featured-stories/racial-equity-benefits-all-americans,1,black_people/government_benefits__benefit_retention_renewal.txt,What factors influence benefit retention / renewal for Black people in government benefits?,Black people,minority,Race,Government Benefits,Benefit retention / renewal,black_people__government_benefits__benefit_retention_renewal
16737f1f9f84c9af64c8,https://www.epi.org/publication/chasing-the-dream-of-equity/,https://epi.org/publication/chasing-the-dream-of-equity,2,black_people/government_benefits__benefit_retention_renewal.txt,What factors influence benefit retention / renewal for Black people in government benefits?,Black people,minority,Race,Government Benefits,Benefit retention / renewal,black_people__government_benefits__benefit_retention_renewal
a6521bc05a4d4f69140f,https://www.cbpp.org/research/income-security/tanf-policies-reflect-racist-legacy-of-cash-assistance,https://cbpp.org/research/income-security/tanf-policies-reflect-racist-legacy-of-cash-assistance,3,black_people/government_benefits__benefit_retention_renewal.txt,What factors influence benefit retention / renewal for Black people in government benefits?,Black people,minority,Race,Government Benefits,Benefit retention / renewal,black_people__government_benefits__benefit_retention_renewal
31cd2793962f291f824c,https://www.cbcfinc.org/blog/five-key-policy-issues-for-black-americans-in-2026/,https://cbcfinc.org/blog/five-key-policy-issues-for-black-americans-in-2026,4,black_people/government_benefits__benefit_retention_renewal.txt,What factors influence benefit retention / renewal for Black people in government benefits?,Black people,minority,Race,Government Benefits,Benefit retention / renewal,black_people__government_benefits__benefit_retention_renewal
2de8440dd9c416608b08,https://www.cbpp.org/research/african-americans-and-social-security-the-implications-of-reform-proposals,https://cbpp.org/research/african-americans-and-social-security-the-implications-of-reform-proposals,5,black_people/government_benefits__benefit_retention_renewal.txt,What factors influence benefit retention / renewal for Black people in government benefits?,Black people,minority,Race,Government Benefits,Benefit retention / renewal,black_people__government_benefits__benefit_retention_renewal
4661cbf63a899aca3c11,https://justiceinaging.org/equity-in-aging-public-benefits-and-the-realities-of-black-older-adults/,https://justiceinaging.org/equity-in-aging-public-benefits-and-the-realities-of-black-older-adults,6,black_people/government_benefits__benefit_retention_renewal.txt,What factors influence benefit retention / renewal for Black people in government benefits?,Black people,minority,Race,Government Benefits,Benefit retention / renewal,black_people__government_benefits__benefit_retention_renewal
ef0fccbe8b397fd5725e,https://www.nytimes.com/2024/06/03/us/politics/medicaid-reenrollment-black-hispanic.html,https://nytimes.com/2024/06/03/us/politics/medicaid-reenrollment-black-hispanic.html,7,black_people/government_benefits__benefit_retention_renewal.txt,What factors influence benefit retention / renewal for Black people in government benefits?,Black people,minority,Race,Government Benefits,Benefit retention / renewal,black_people__government_benefits__benefit_retention_renewal
814e557477de103207ba,https://www.cbpp.org/blog/reducing-administrative-burdens-in-medicaid-is-critical-to-achieving-health-and-racial-equity,https://cbpp.org/blog/reducing-administrative-burdens-in-medicaid-is-critical-to-achieving-health-and-racial-equity,8,black_people/government_benefits__benefit_retention_renewal.txt,What factors influence benefit retention / renewal for Black people in government benefits?,Black people,minority,Race,Government Benefits,Benefit retention / renewal,black_people__government_benefits__benefit_retention_renewal
4efbf12cb9bf4be8a09c,https://www.healthaffairs.org/doi/10.1377/hlthaff.2023.00994,https://healthaffairs.org/doi/10.1377/hlthaff.2023.00994,9,black_people/government_benefits__benefit_retention_renewal.txt,What factors influence benefit retention / renewal for Black people in government benefits?,Black people,minority,Race,Government Benefits,Benefit retention / renewal,black_people__government_benefits__benefit_retention_renewal
5e6d04855d366a1025c7,https://healthlaw.org/racial-disparities-persist-during-the-unwinding-of-the-medicaid-continuous-coverage-requirement/,https://healthlaw.org/racial-disparities-persist-during-the-unwinding-of-the-medicaid-continuous-coverage-requirement,10,black_people/government_benefits__benefit_retention_renewal.txt,What factors influence benefit retention / renewal for Black people in government benefits?,Black people,minority,Race,Government Benefits,Benefit retention / renewal,black_people__government_benefits__benefit_retention_renewal
a440ac1996fbeabd926c,https://openscholarship.wustl.edu/cgi/viewcontent.cgi?article=1978&context=csd_research,https://openscholarship.wustl.edu/cgi/viewcontent.cgi?article=1978&context=csd_research,11,black_people/government_benefits__benefit_retention_renewal.txt,What factors influence benefit retention / renewal for Black people in government benefits?,Black people,minority,Race,Government Benefits,Benefit retention / renewal,black_people__government_benefits__benefit_retention_renewal
d37c184949d55e0901a1,https://pmc.ncbi.nlm.nih.gov/articles/PMC11148781/,https://pmc.ncbi.nlm.nih.gov/articles/PMC11148781,12,black_people/government_benefits__benefit_retention_renewal.txt,What factors influence benefit retention / renewal for Black people in government benefits?,Black people,minority,Race,Government Benefits,Benefit retention / renewal,black_people__government_benefits__benefit_retention_renewal
838799bc00522a04fbec,https://naacp.org/resources/racial-disparities-medicaid-reenrollment,https://naacp.org/resources/racial-disparities-medicaid-reenrollment,13,black_people/government_benefits__benefit_retention_renewal.txt,What factors influence benefit retention / renewal for Black people in government benefits?,Black people,minority,Race,Government Benefits,Benefit retention / renewal,black_people__government_benefits__benefit_retention_renewal
5d2d15e1b4a5b8d83766,https://www.kff.org/medicaid/medicaid-efforts-to-address-racial-health-disparities/,https://kff.org/medicaid/medicaid-efforts-to-address-racial-health-disparities,14,black_people/government_benefits__benefit_retention_renewal.txt,What factors influence benefit retention / renewal for Black people in government benefits?,Black people,minority,Race,Government Benefits,Benefit retention / renewal,black_people__government_benefits__benefit_retention_renewal
13845643f23f18aad6f3,https://pn3policy.org/race-and-racial-perceptions-shape-burden-tolerance-for-medicaid-and-the-supplemental-nutrition-assistance-program/,https://pn3policy.org/race-and-racial-perceptions-shape-burden-tolerance-for-medicaid-and-the-supplemental-nutrition-assistance-program,15,black_people/government_benefits__benefit_retention_renewal.txt,What factors influence benefit retention / renewal for Black people in government benefits?,Black people,minority,Race,Government Benefits,Benefit retention / renewal,black_people__government_benefits__benefit_retention_renewal
7b79548a363fff99a19e,https://www.kff.org/racial-equity-and-health-policy/health-coverage-by-race-and-ethnicity/,https://kff.org/racial-equity-and-health-policy/health-coverage-by-race-and-ethnicity,1,black_people/healthcare__insurance_coverage.txt,What factors influence insurance coverage for Black people in healthcare?,Black people,minority,Race,Healthcare,Insurance coverage,black_people__healthcare__insurance_coverage
85a05533b7951f3fcf96,https://tcf.org/content/report/racism-inequality-health-care-african-americans/,https://tcf.org/content/report/racism-inequality-health-care-african-americans,2,black_people/healthcare__insurance_coverage.txt,What factors influence insurance coverage for Black people in healthcare?,Black people,minority,Race,Healthcare,Insurance coverage,black_people__healthcare__insurance_coverage
b666fc455452e8dfd702,https://www.commonwealthfund.org/publications/fund-reports/2024/apr/advancing-racial-equity-us-health-care,https://commonwealthfund.org/publications/fund-reports/2024/apr/advancing-racial-equity-us-health-care,3,black_people/healthcare__insurance_coverage.txt,What factors influence insurance coverage for Black people in healthcare?,Black people,minority,Race,Healthcare,Insurance coverage,black_people__healthcare__insurance_coverage
cfa5b8762afbcf250fc8,https://tcf.org/content/report/advancing-health-equity-for-black-communities-through-insurance-reform/,https://tcf.org/content/report/advancing-health-equity-for-black-communities-through-insurance-reform,4,black_people/healthcare__insurance_coverage.txt,What factors influence insurance coverage for Black people in healthcare?,Black people,minority,Race,Healthcare,Insurance coverage,black_people__healthcare__insurance_coverage
36cf4c5819386d13cebd,https://www.commonwealthfund.org/blog/2023/state-health-equity-initiatives-confront-decades-racism-insurance-industry,https://commonwealthfund.org/blog/2023/state-health-equity-initiatives-confront-decades-racism-insurance-industry,5,black_people/healthcare__insurance_coverage.txt,What factors influence insurance coverage for Black people in healthcare?,Black people,minority,Race,Healthcare,Insurance coverage,black_people__healthcare__insurance_coverage
9ce2fb171a6bfa4ef5c2,https://www.americanbar.org/groups/crsj/resources/human-rights/archive/racial-ethnic-disparities-employer-sponsored-health-coverage/,https://americanbar.org/groups/crsj/resources/human-rights/archive/racial-ethnic-disparities-employer-sponsored-health-coverage,6,black_people/healthcare__insurance_coverage.txt,What factors influence insurance coverage for Black people in healthcare?,Black people,minority,Race,Healthcare,Insurance coverage,black_people__healthcare__insurance_coverage
56df81cd155356ddcb3b,https://pmc.ncbi.nlm.nih.gov/articles/PMC8025443/,https://pmc.ncbi.nlm.nih.gov/articles/PMC8025443,7,black_people/healthcare__insurance_coverage.txt,What factors influence insurance coverage for Black people in healthcare?,Black people,minority,Race,Healthcare,Insurance coverage,black_people__healthcare__insurance_coverage
29878dce40e2ac8255d5,https://www.medstarhealth.org/blog/patient-safety-racism,https://medstarhealth.org/blog/patient-safety-racism,1,black_people/healthcare__patient_safety.txt,What factors influence patient safety for Black people in healthcare?,Black people,minority,Race,Healthcare,Patient safety,black_people__healthcare__patient_safety
0a9e77ed7f943047ef46,https://pmc.ncbi.nlm.nih.gov/articles/PMC7346414/,https://pmc.ncbi.nlm.nih.gov/articles/PMC7346414,2,black_people/healthcare__patient_safety.txt,What factors influence patient safety for Black people in healthcare?,Black people,minority,Race,Healthcare,Patient safety,black_people__healthcare__patient_safety
3ad697552c892a0615c5,https://pmc.ncbi.nlm.nih.gov/articles/PMC10527840/,https://pmc.ncbi.nlm.nih.gov/articles/PMC10527840,3,black_people/healthcare__patient_safety.txt,What factors influence patient safety for Black people in healthcare?,Black people,minority,Race,Healthcare,Patient safety,black_people__healthcare__patient_safety
ae15664cbd5d0f0fc01f,https://pmc.ncbi.nlm.nih.gov/articles/PMC9731338/,https://pmc.ncbi.nlm.nih.gov/articles/PMC9731338,4,black_people/healthcare__patient_safety.txt,What factors influence patient safety for Black people in healthcare?,Black people,minority,Race,Healthcare,Patient safety,black_people__healthcare__patient_safety
5cab5d9978f1be724543,https://pubmed.ncbi.nlm.nih.gov/21063225/,https://pubmed.ncbi.nlm.nih.gov/21063225,5,black_people/healthcare__patient_safety.txt,What factors influence patient safety for Black people in healthcare?,Black people,minority,Race,Healthcare,Patient safety,black_people__healthcare__patient_safety
5091ca16b09c59dd4bce,https://www.kff.org/racial-equity-and-health-policy/how-present-day-health-disparities-for-black-people-are-linked-to-past-policies-and-events/,https://kff.org/racial-equity-and-health-policy/how-present-day-health-disparities-for-black-people-are-linked-to-past-policies-and-events,6,black_people/healthcare__patient_safety.txt,What factors influence patient safety for Black people in healthcare?,Black people,minority,Race,Healthcare,Patient safety,black_people__healthcare__patient_safety
9a9832e4b17a35949138,https://publichealth.jhu.edu/2026/new-study-identifies-racial-inequality-in-us-hospital-admissions,https://publichealth.jhu.edu/2026/new-study-identifies-racial-inequality-in-us-hospital-admissions,7,black_people/healthcare__patient_safety.txt,What factors influence patient safety for Black people in healthcare?,Black people,minority,Race,Healthcare,Patient safety,black_people__healthcare__patient_safety
7163115964ac99af7373,https://www.rand.org/pubs/articles/2022/the-impact-of-racism-on-patient-safety.html,https://rand.org/pubs/articles/2022/the-impact-of-racism-on-patient-safety.html,8,black_people/healthcare__patient_safety.txt,What factors influence patient safety for Black people in healthcare?,Black people,minority,Race,Healthcare,Patient safety,black_people__healthcare__patient_safety
dd5570a4169dbd34a2fc,https://www.chenmed.com/blog/understanding-healthcare-hesitancy-black-patients-historical-perspective,https://chenmed.com/blog/understanding-healthcare-hesitancy-black-patients-historical-perspective,9,black_people/healthcare__patient_safety.txt,What factors influence patient safety for Black people in healthcare?,Black people,minority,Race,Healthcare,Patient safety,black_people__healthcare__patient_safety
aaa94ac886e2f7723b50,https://journals.sagepub.com/doi/10.1177/00957984251319661,https://journals.sagepub.com/doi/10.1177/00957984251319661,1,black_people/healthcare__preventive_care.txt,What factors influence preventive care for Black people in healthcare?,Black people,minority,Race,Healthcare,Preventive care,black_people__healthcare__preventive_care
5091ca16b09c59dd4bce,https://www.kff.org/racial-equity-and-health-policy/how-present-day-health-disparities-for-black-people-are-linked-to-past-policies-and-events/,https://kff.org/racial-equity-and-health-policy/how-present-day-health-disparities-for-black-people-are-linked-to-past-policies-and-events,2,black_people/healthcare__preventive_care.txt,What factors influence preventive care for Black people in healthcare?,Black people,minority,Race,Healthcare,Preventive care,black_people__healthcare__preventive_care
688f1532e5b974614683,https://newsnetwork.mayoclinic.org/discussion/health-disparities-in-preventive-screenings-for-african-americans/,https://newsnetwork.mayoclinic.org/discussion/health-disparities-in-preventive-screenings-for-african-americans,3,black_people/healthcare__preventive_care.txt,What factors influence preventive care for Black people in healthcare?,Black people,minority,Race,Healthcare,Preventive care,black_people__healthcare__preventive_care
2bb5825605b388fa65f0,https://pmc.ncbi.nlm.nih.gov/articles/PMC4146693/,https://pmc.ncbi.nlm.nih.gov/articles/PMC4146693,4,black_people/healthcare__preventive_care.txt,What factors influence preventive care for Black people in healthcare?,Black people,minority,Race,Healthcare,Preventive care,black_people__healthcare__preventive_care
5e0931d26e71c73fcc93,https://www.commonwealthfund.org/publications/2018/sep/focus-reducing-racial-disparities-health-care-confronting-racism,https://commonwealthfund.org/publications/2018/sep/focus-reducing-racial-disparities-health-care-confronting-racism,5,black_people/healthcare__preventive_care.txt,What factors influence preventive care for Black people in healthcare?,Black people,minority,Race,Healthcare,Preventive care,black_people__healthcare__preventive_care
0a76b3f3589420022d2e,https://www.pfizer.com/news/articles/health_disparities_among_african_americans,https://pfizer.com/news/articles/health_disparities_among_african_americans,6,black_people/healthcare__preventive_care.txt,What factors influence preventive care for Black people in healthcare?,Black people,minority,Race,Healthcare,Preventive care,black_people__healthcare__preventive_care
1242d8d7be328cbd3b29,https://home.treasury.gov/news/featured-stories/racial-differences-in-economic-security-housing,https://home.treasury.gov/news/featured-stories/racial-differences-in-economic-security-housing,1,black_people/housing__access_to_housing.txt,What factors influence access to housing for Black people in housing?,Black people,minority,Race,Housing,Access to housing,black_people__housing__access_to_housing
6cb218a3b3f50c959e2b,https://endhomelessness.org/blog/homelessness-and-black-history-access-to-housing/,https://endhomelessness.org/blog/homelessness-and-black-history-access-to-housing,2,black_people/housing__access_to_housing.txt,What factors influence access to housing for Black people in housing?,Black people,minority,Race,Housing,Access to housing,black_people__housing__access_to_housing
9fe580c39d4dd212b1b1,https://www.urban.org/racial-equity-analytics-lab/structural-racism-explainer-collection/causes-and-consequences-separate-and-unequal-neighborhoods,https://urban.org/racial-equity-analytics-lab/structural-racism-explainer-collection/causes-and-consequences-separate-and-unequal-neighborhoods,3,black_people/housing__access_to_housing.txt,What factors influence access to housing for Black people in housing?,Black people,minority,Race,Housing,Access to housing,black_people__housing__access_to_housing
79449cc23749d1c53e3d,https://endhomelessness.org/systemic-racism-and-marginalization/,https://endhomelessness.org/systemic-racism-and-marginalization,4,black_people/housing__access_to_housing.txt,What factors influence access to housing for Black people in housing?,Black people,minority,Race,Housing,Access to housing,black_people__housing__access_to_housing
35ad1ce4a02f95285091,https://pmc.ncbi.nlm.nih.gov/articles/PMC10103672/,https://pmc.ncbi.nlm.nih.gov/articles/PMC10103672,5,black_people/housing__access_to_housing.txt,What factors influence access to housing for Black people in housing?,Black people,minority,Race,Housing,Access to housing,black_people__housing__access_to_housing
caf34933050d2fccae9f,https://www.opportunityhome.org/resources/racial-equity-housing/,https://opportunityhome.org/resources/racial-equity-housing,6,black_people/housing__access_to_housing.txt,What factors influence access to housing for Black people in housing?,Black people,minority,Race,Housing,Access to housing,black_people__housing__access_to_housing
72437fc07e8b32125f89,https://www.habitat.org/historic-housing-discrimination-us,https://habitat.org/historic-housing-discrimination-us,7,black_people/housing__access_to_housing.txt,What factors influence access to housing for Black people in housing?,Black people,minority,Race,Housing,Access to housing,black_people__housing__access_to_housing
4618632a37304f1d8821,https://www.americanprogress.org/article/racial-disparities-home-appreciation/,https://americanprogress.org/article/racial-disparities-home-appreciation,8,black_people/housing__access_to_housing.txt,What factors influence access to housing for Black people in housing?,Black people,minority,Race,Housing,Access to housing,black_people__housing__access_to_housing
a852bc004953417cabe9,https://www.urban.org/urban-wire/breaking-down-black-white-homeownership-gap,https://urban.org/urban-wire/breaking-down-black-white-homeownership-gap,9,black_people/housing__access_to_housing.txt,What factors influence access to housing for Black people in housing?,Black people,minority,Race,Housing,Access to housing,black_people__housing__access_to_housing
062950d57cb9f45d64f0,https://www.nlc.org/article/2020/07/09/embedding-racial-equity-in-housing/,https://nlc.org/article/2020/07/09/embedding-racial-equity-in-housing,10,black_people/housing__access_to_housing.txt,What factors influence access to housing for Black people in housing?,Black people,minority,Race,Housing,Access to housing,black_people__housing__access_to_housing
c605c43db3423bd3f043,https://www.opportunityhome.org/wp-content/uploads/2020/10/Final-Racial-Equity-Page-Fact-Sheet.pdf,https://opportunityhome.org/wp-content/uploads/2020/10/Final-Racial-Equity-Page-Fact-Sheet.pdf,11,black_people/housing__access_to_housing.txt,What factors influence access to housing for Black people in housing?,Black people,minority,Race,Housing,Access to housing,black_people__housing__access_to_housing
4784547ca4187b626a93,https://archives.hud.gov/reports/barriers.cfm,https://archives.hud.gov/reports/barriers.cfm,12,black_people/housing__access_to_housing.txt,What factors influence access to housing for Black people in housing?,Black people,minority,Race,Housing,Access to housing,black_people__housing__access_to_housing
79449cc23749d1c53e3d,https://endhomelessness.org/systemic-racism-and-marginalization/,https://endhomelessness.org/systemic-racism-and-marginalization,1,black_people/housing__homelessness.txt,What factors influence homelessness for Black people in housing?,Black people,minority,Race,Housing,Homelessness,black_people__housing__homelessness
af48addc4a4c7bb68600,https://endhomelessness.org/blog/homelessness-and-black-history-poverty-and-income/,https://endhomelessness.org/blog/homelessness-and-black-history-poverty-and-income,2,black_people/housing__homelessness.txt,What factors influence homelessness for Black people in housing?,Black people,minority,Race,Housing,Homelessness,black_people__housing__homelessness
21071e3cef9378cbc076,https://academic.oup.com/socpro/article/73/4/1138/8257659,https://academic.oup.com/socpro/article/73/4/1138/8257659,3,black_people/housing__homelessness.txt,What factors influence homelessness for Black people in housing?,Black people,minority,Race,Housing,Homelessness,black_people__housing__homelessness
486ffc6b998aa0fe801d,https://homelesslaw.org/wp-content/uploads/2020/08/Racism-Homelessness-and-Criminal-Legal-Systems.pdf,https://homelesslaw.org/wp-content/uploads/2020/08/Racism-Homelessness-and-Criminal-Legal-Systems.pdf,4,black_people/housing__homelessness.txt,What factors influence homelessness for Black people in housing?,Black people,minority,Race,Housing,Homelessness,black_people__housing__homelessness
caf34933050d2fccae9f,https://www.opportunityhome.org/resources/racial-equity-housing/,https://opportunityhome.org/resources/racial-equity-housing,5,black_people/housing__homelessness.txt,What factors influence homelessness for Black people in housing?,Black people,minority,Race,Housing,Homelessness,black_people__housing__homelessness
39c5fac8bd8e2440f0cc,https://www.familypromiseanoka.org/blog/disproportionate-homelessness,https://familypromiseanoka.org/blog/disproportionate-homelessness,6,black_people/housing__homelessness.txt,What factors influence homelessness for Black people in housing?,Black people,minority,Race,Housing,Homelessness,black_people__housing__homelessness
7c031c25bd392fe6a11f,https://stateline.org/2019/03/29/a-pileup-of-inequities-why-people-of-color-are-hit-hardest-by-homelessness/,https://stateline.org/2019/03/29/a-pileup-of-inequities-why-people-of-color-are-hit-hardest-by-homelessness,7,black_people/housing__homelessness.txt,What factors influence homelessness for Black people in housing?,Black people,minority,Race,Housing,Homelessness,black_people__housing__homelessness
61daf2ef11580300af22,https://pubmed.ncbi.nlm.nih.gov/41315115/,https://pubmed.ncbi.nlm.nih.gov/41315115,8,black_people/housing__homelessness.txt,What factors influence homelessness for Black people in housing?,Black people,minority,Race,Housing,Homelessness,black_people__housing__homelessness
d2b0472c079a116df699,https://housingup.org/2025/02/26/racism-and-homelessness/,https://housingup.org/2025/02/26/racism-and-homelessness,9,black_people/housing__homelessness.txt,What factors influence homelessness for Black people in housing?,Black people,minority,Race,Housing,Homelessness,black_people__housing__homelessness
f94026562c806f8a34b9,https://stpaulscenter.com/racial-inequities/,https://stpaulscenter.com/racial-inequities,10,black_people/housing__homelessness.txt,What factors influence homelessness for Black people in housing?,Black people,minority,Race,Housing,Homelessness,black_people__housing__homelessness
2afa10d61e19c1d94af6,https://www.hominc.com/confronting-racial-disparities-in-housing-and-homelessness/,https://hominc.com/confronting-racial-disparities-in-housing-and-homelessness,11,black_people/housing__homelessness.txt,What factors influence homelessness for Black people in housing?,Black people,minority,Race,Housing,Homelessness,black_people__housing__homelessness
f8d9f9e707a12cdb396a,https://icalliances.org/racial-disparities,https://icalliances.org/racial-disparities,12,black_people/housing__homelessness.txt,What factors influence homelessness for Black people in housing?,Black people,minority,Race,Housing,Homelessness,black_people__housing__homelessness
619eb5929638344771fd,https://www.urban.org/urban-wire/three-ways-improving-housing-stability-can-make-long-term-progress-toward-racial-equity,https://urban.org/urban-wire/three-ways-improving-housing-stability-can-make-long-term-progress-toward-racial-equity,1,black_people/housing__housing_stability.txt,What factors influence housing stability for Black people in housing?,Black people,minority,Race,Housing,Housing stability,black_people__housing__housing_stability
1242d8d7be328cbd3b29,https://home.treasury.gov/news/featured-stories/racial-differences-in-economic-security-housing,https://home.treasury.gov/news/featured-stories/racial-differences-in-economic-security-housing,2,black_people/housing__housing_stability.txt,What factors influence housing stability for Black people in housing?,Black people,minority,Race,Housing,Housing stability,black_people__housing__housing_stability
caf34933050d2fccae9f,https://www.opportunityhome.org/resources/racial-equity-housing/,https://opportunityhome.org/resources/racial-equity-housing,3,black_people/housing__housing_stability.txt,What factors influence housing stability for Black people in housing?,Black people,minority,Race,Housing,Housing stability,black_people__housing__housing_stability
37b8d38bea157c1ca737,https://www.youtube.com/watch?v=m6GNJ5sBK6Q&t=5s,https://youtube.com/watch?t=5s&v=m6GNJ5sBK6Q,4,black_people/housing__housing_stability.txt,What factors influence housing stability for Black people in housing?,Black people,minority,Race,Housing,Housing stability,black_people__housing__housing_stability
700b83abcede3d0dbea8,https://bipartisanpolicy.org/report/understanding-and-addressing-racial-and-ethnic-disparities-in-housing/,https://bipartisanpolicy.org/report/understanding-and-addressing-racial-and-ethnic-disparities-in-housing,5,black_people/housing__housing_stability.txt,What factors influence housing stability for Black people in housing?,Black people,minority,Race,Housing,Housing stability,black_people__housing__housing_stability
4618632a37304f1d8821,https://www.americanprogress.org/article/racial-disparities-home-appreciation/,https://americanprogress.org/article/racial-disparities-home-appreciation,6,black_people/housing__housing_stability.txt,What factors influence housing stability for Black people in housing?,Black people,minority,Race,Housing,Housing stability,black_people__housing__housing_stability
9fe580c39d4dd212b1b1,https://www.urban.org/racial-equity-analytics-lab/structural-racism-explainer-collection/causes-and-consequences-separate-and-unequal-neighborhoods,https://urban.org/racial-equity-analytics-lab/structural-racism-explainer-collection/causes-and-consequences-separate-and-unequal-neighborhoods,7,black_people/housing__housing_stability.txt,What factors influence housing stability for Black people in housing?,Black people,minority,Race,Housing,Housing stability,black_people__housing__housing_stability
ea1d619047c160c3d173,https://www.youtube.com/watch?v=fw4FEPAfKH0&t=22s,https://youtube.com/watch?t=22s&v=fw4FEPAfKH0,8,black_people/housing__housing_stability.txt,What factors influence housing stability for Black people in housing?,Black people,minority,Race,Housing,Housing stability,black_people__housing__housing_stability
a9d286ddba82123557a0,https://digitalforwomen.worldbank.org/access-finance,https://digitalforwomen.worldbank.org/access-finance,1,cisgender_people/credit_and_financial_services__access_to_banking_services.txt,What factors influence access to banking services for cisgender people in credit & financial services?,cisgender people,majority,Gender Identity,Credit & Financial Services,Access to banking services,cisgender_people__credit_and_financial_services__access_to_banking_services
dbdcbdda8be5a21e11da,https://www.cgap.org/research/publication/invisible-barriers-how-gender-norms-impact-financial-inclusion,https://cgap.org/research/publication/invisible-barriers-how-gender-norms-impact-financial-inclusion,2,cisgender_people/credit_and_financial_services__access_to_banking_services.txt,What factors influence access to banking services for cisgender people in credit & financial services?,cisgender people,majority,Gender Identity,Credit & Financial Services,Access to banking services,cisgender_people__credit_and_financial_services__access_to_banking_services
db388feb9f7eab1a232d,https://www.centerforfinancialinclusion.org/article/financial-inclusion-must-address-restrictive-social-and-gender-norms/,https://centerforfinancialinclusion.org/article/financial-inclusion-must-address-restrictive-social-and-gender-norms,3,cisgender_people/credit_and_financial_services__access_to_banking_services.txt,What factors influence access to banking services for cisgender people in credit & financial services?,cisgender people,majority,Gender Identity,Credit & Financial Services,Access to banking services,cisgender_people__credit_and_financial_services__access_to_banking_services
9fa57b22a07bfda13c4d,https://www.cgap.org/topics/collections/addressing-gender-norms,https://cgap.org/topics/collections/addressing-gender-norms,4,cisgender_people/credit_and_financial_services__access_to_banking_services.txt,What factors influence access to banking services for cisgender people in credit & financial services?,cisgender people,majority,Gender Identity,Credit & Financial Services,Access to banking services,cisgender_people__credit_and_financial_services__access_to_banking_services
a9f56dbbcbe863d609a4,https://digitalfinance.worldbank.org/topics/gender/action-1,https://digitalfinance.worldbank.org/topics/gender/action-1,5,cisgender_people/credit_and_financial_services__access_to_banking_services.txt,What factors influence access to banking services for cisgender people in credit & financial services?,cisgender people,majority,Gender Identity,Credit & Financial Services,Access to banking services,cisgender_people__credit_and_financial_services__access_to_banking_services
3264383bc930bdb312b6,https://www.sciencedirect.com/science/article/pii/S2590291125006060,https://sciencedirect.com/science/article/pii/S2590291125006060,6,cisgender_people/credit_and_financial_services__access_to_banking_services.txt,What factors influence access to banking services for cisgender people in credit & financial services?,cisgender people,majority,Gender Identity,Credit & Financial Services,Access to banking services,cisgender_people__credit_and_financial_services__access_to_banking_services
7133012652877a696b27,https://poverty-action.org/what-we-know-about-womens-access-credit-and-what-ipa-doing-about-it,https://poverty-action.org/what-we-know-about-womens-access-credit-and-what-ipa-doing-about-it,7,cisgender_people/credit_and_financial_services__access_to_banking_services.txt,What factors influence access to banking services for cisgender people in credit & financial services?,cisgender people,majority,Gender Identity,Credit & Financial Services,Access to banking services,cisgender_people__credit_and_financial_services__access_to_banking_services
74014d98c8648ea4bb26,https://merlininvestor.com/2024/03/20/unveiling-the-factors-driving-the-gender-gap-in-financial-inclusion/,https://merlininvestor.com/2024/03/20/unveiling-the-factors-driving-the-gender-gap-in-financial-inclusion,8,cisgender_people/credit_and_financial_services__access_to_banking_services.txt,What factors influence access to banking services for cisgender people in credit & financial services?,cisgender people,majority,Gender Identity,Credit & Financial Services,Access to banking services,cisgender_people__credit_and_financial_services__access_to_banking_services
a9d286ddba82123557a0,https://digitalforwomen.worldbank.org/access-finance,https://digitalforwomen.worldbank.org/access-finance,1,cisgender_people/credit_and_financial_services__access_to_credit.txt,What factors influence access to credit for cisgender people in credit & financial services?,cisgender people,majority,Gender Identity,Credit & Financial Services,Access to credit,cisgender_people__credit_and_financial_services__access_to_credit
eb1c571f7cc9642b549b,https://www.sciencedirect.com/science/article/abs/pii/S1544612316300459,https://sciencedirect.com/science/article/abs/pii/S1544612316300459,2,cisgender_people/credit_and_financial_services__access_to_credit.txt,What factors influence access to credit for cisgender people in credit & financial services?,cisgender people,majority,Gender Identity,Credit & Financial Services,Access to credit,cisgender_people__credit_and_financial_services__access_to_credit
ea20398a95be00073735,https://cepr.org/voxeu/columns/gender-bias-access-finance-and-implications-capital-misallocation,https://cepr.org/voxeu/columns/gender-bias-access-finance-and-implications-capital-misallocation,3,cisgender_people/credit_and_financial_services__access_to_credit.txt,What factors influence access to credit for cisgender people in credit & financial services?,cisgender people,majority,Gender Identity,Credit & Financial Services,Access to credit,cisgender_people__credit_and_financial_services__access_to_credit
dbdcbdda8be5a21e11da,https://www.cgap.org/research/publication/invisible-barriers-how-gender-norms-impact-financial-inclusion,https://cgap.org/research/publication/invisible-barriers-how-gender-norms-impact-financial-inclusion,4,cisgender_people/credit_and_financial_services__access_to_credit.txt,What factors influence access to credit for cisgender people in credit & financial services?,cisgender people,majority,Gender Identity,Credit & Financial Services,Access to credit,cisgender_people__credit_and_financial_services__access_to_credit
d1d0f24d535ba1e364b0,https://www.iea-world.org/gender-bias-in-access-to-finance-andimplications-for-capital-misallocation/,https://iea-world.org/gender-bias-in-access-to-finance-andimplications-for-capital-misallocation,5,cisgender_people/credit_and_financial_services__access_to_credit.txt,What factors influence access to credit for cisgender people in credit & financial services?,cisgender people,majority,Gender Identity,Credit & Financial Services,Access to credit,cisgender_people__credit_and_financial_services__access_to_credit
58509264051bab46810a,https://voxdev.org/topic/firms/expanding-credit-access-women-entrepreneurs,https://voxdev.org/topic/firms/expanding-credit-access-women-entrepreneurs,6,cisgender_people/credit_and_financial_services__access_to_credit.txt,What factors influence access to credit for cisgender people in credit & financial services?,cisgender people,majority,Gender Identity,Credit & Financial Services,Access to credit,cisgender_people__credit_and_financial_services__access_to_credit
db388feb9f7eab1a232d,https://www.centerforfinancialinclusion.org/article/financial-inclusion-must-address-restrictive-social-and-gender-norms/,https://centerforfinancialinclusion.org/article/financial-inclusion-must-address-restrictive-social-and-gender-norms,7,cisgender_people/credit_and_financial_services__access_to_credit.txt,What factors influence access to credit for cisgender people in credit & financial services?,cisgender people,majority,Gender Identity,Credit & Financial Services,Access to credit,cisgender_people__credit_and_financial_services__access_to_credit
d00806e7a73161e6d180,https://www.sciencedirect.com/science/article/abs/pii/S154461232200023X,https://sciencedirect.com/science/article/abs/pii/S154461232200023X,8,cisgender_people/credit_and_financial_services__access_to_credit.txt,What factors influence access to credit for cisgender people in credit & financial services?,cisgender people,majority,Gender Identity,Credit & Financial Services,Access to credit,cisgender_people__credit_and_financial_services__access_to_credit
9e4b49becfb9a382018a,https://www.sciencedirect.com/science/article/abs/pii/S0047235204000637,https://sciencedirect.com/science/article/abs/pii/S0047235204000637,1,cisgender_people/criminal_justice__arrest_detention_by_police.txt,What factors influence arrest / detention by police for cisgender people in criminal justice?,cisgender people,majority,Gender Identity,Criminal Justice,Arrest / detention by police,cisgender_people__criminal_justice__arrest_detention_by_police
ea3324a819c614b0ba12,https://eprints.leedsbeckett.ac.uk/id/eprint/1648/2/Revised%20Manuscript%20.pdf,https://eprints.leedsbeckett.ac.uk/id/eprint/1648/2/Revised%20Manuscript%20.pdf,2,cisgender_people/criminal_justice__arrest_detention_by_police.txt,What factors influence arrest / detention by police for cisgender people in criminal justice?,cisgender people,majority,Gender Identity,Criminal Justice,Arrest / detention by police,cisgender_people__criminal_justice__arrest_detention_by_police
5f6bcdf39689862d8b77,https://journals.sagepub.com/doi/10.1177/17488958221142478,https://journals.sagepub.com/doi/10.1177/17488958221142478,3,cisgender_people/criminal_justice__arrest_detention_by_police.txt,What factors influence arrest / detention by police for cisgender people in criminal justice?,cisgender people,majority,Gender Identity,Criminal Justice,Arrest / detention by police,cisgender_people__criminal_justice__arrest_detention_by_police
b4e995b3fe6b826a44d0,https://bja.ojp.gov/library/publications/understanding-police-decisions-arrest-impact-situational-officer-and,https://bja.ojp.gov/library/publications/understanding-police-decisions-arrest-impact-situational-officer-and,4,cisgender_people/criminal_justice__arrest_detention_by_police.txt,What factors influence arrest / detention by police for cisgender people in criminal justice?,cisgender people,majority,Gender Identity,Criminal Justice,Arrest / detention by police,cisgender_people__criminal_justice__arrest_detention_by_police
439458c01d9f32548949,https://pmc.ncbi.nlm.nih.gov/articles/PMC2811044/,https://pmc.ncbi.nlm.nih.gov/articles/PMC2811044,5,cisgender_people/criminal_justice__arrest_detention_by_police.txt,What factors influence arrest / detention by police for cisgender people in criminal justice?,cisgender people,majority,Gender Identity,Criminal Justice,Arrest / detention by police,cisgender_people__criminal_justice__arrest_detention_by_police
0599a3a23397a3e29b19,https://www.emerald.com/pijpsm/article-abstract/38/1/56/320109/Factors-that-affect-the-arrest-decision-in?redirectedFrom=fulltext,https://emerald.com/pijpsm/article-abstract/38/1/56/320109/Factors-that-affect-the-arrest-decision-in?redirectedFrom=fulltext,6,cisgender_people/criminal_justice__arrest_detention_by_police.txt,What factors influence arrest / detention by police for cisgender people in criminal justice?,cisgender people,majority,Gender Identity,Criminal Justice,Arrest / detention by police,cisgender_people__criminal_justice__arrest_detention_by_police
32ad32380ce4b97b571e,https://www.sciencedirect.com/science/article/abs/pii/S0047235221000490,https://sciencedirect.com/science/article/abs/pii/S0047235221000490,7,cisgender_people/criminal_justice__arrest_detention_by_police.txt,What factors influence arrest / detention by police for cisgender people in criminal justice?,cisgender people,majority,Gender Identity,Criminal Justice,Arrest / detention by police,cisgender_people__criminal_justice__arrest_detention_by_police
183e2189387707123e83,https://pmc.ncbi.nlm.nih.gov/articles/PMC5079438/,https://pmc.ncbi.nlm.nih.gov/articles/PMC5079438,8,cisgender_people/criminal_justice__arrest_detention_by_police.txt,What factors influence arrest / detention by police for cisgender people in criminal justice?,cisgender people,majority,Gender Identity,Criminal Justice,Arrest / detention by police,cisgender_people__criminal_justice__arrest_detention_by_police
20e9656ebc2b963fc7be,https://www.researchgate.net/publication/227923149_Gender_Police_Arrest_Decisions_and_Notions_of_Chivalry,https://researchgate.net/publication/227923149_Gender_Police_Arrest_Decisions_and_Notions_of_Chivalry,9,cisgender_people/criminal_justice__arrest_detention_by_police.txt,What factors influence arrest / detention by police for cisgender people in criminal justice?,cisgender people,majority,Gender Identity,Criminal Justice,Arrest / detention by police,cisgender_people__criminal_justice__arrest_detention_by_police
f5c71ec54aa51bf31802,https://www.ojp.gov/ncjrs/virtual-library/abstracts/understanding-police-decisions-arrest-impact-situational-officer,https://ojp.gov/ncjrs/virtual-library/abstracts/understanding-police-decisions-arrest-impact-situational-officer,10,cisgender_people/criminal_justice__arrest_detention_by_police.txt,What factors influence arrest / detention by police for cisgender people in criminal justice?,cisgender people,majority,Gender Identity,Criminal Justice,Arrest / detention by police,cisgender_people__criminal_justice__arrest_detention_by_police
68558148ae34d7c195bd,https://www.justice.gc.ca/eng/rp-pr/cj-jp/yj-jj/discre/org/org.html,https://justice.gc.ca/eng/rp-pr/cj-jp/yj-jj/discre/org/org.html,11,cisgender_people/criminal_justice__arrest_detention_by_police.txt,What factors influence arrest / detention by police for cisgender people in criminal justice?,cisgender people,majority,Gender Identity,Criminal Justice,Arrest / detention by police,cisgender_people__criminal_justice__arrest_detention_by_police
46af0609ffb546ab3580,https://www.researchgate.net/publication/235307817_Women_on_patrol_an_analysis_of_differences_in_officer_arrest_behavior,https://researchgate.net/publication/235307817_Women_on_patrol_an_analysis_of_differences_in_officer_arrest_behavior,12,cisgender_people/criminal_justice__arrest_detention_by_police.txt,What factors influence arrest / detention by police for cisgender people in criminal justice?,cisgender people,majority,Gender Identity,Criminal Justice,Arrest / detention by police,cisgender_people__criminal_justice__arrest_detention_by_police
004f51a8d161449532a6,https://pmc.ncbi.nlm.nih.gov/articles/PMC11044716/,https://pmc.ncbi.nlm.nih.gov/articles/PMC11044716,1,cisgender_people/criminal_justice__incarceration.txt,What factors influence incarceration for cisgender people in criminal justice?,cisgender people,majority,Gender Identity,Criminal Justice,Incarceration,cisgender_people__criminal_justice__incarceration
245f0ac83c483ebd62cb,https://ceo.lacounty.gov/wp-content/uploads/2020/12/Cisgender-Women-Final-ATI-Memo-1.31.2020.pdf,https://ceo.lacounty.gov/wp-content/uploads/2020/12/Cisgender-Women-Final-ATI-Memo-1.31.2020.pdf,2,cisgender_people/criminal_justice__incarceration.txt,What factors influence incarceration for cisgender people in criminal justice?,cisgender people,majority,Gender Identity,Criminal Justice,Incarceration,cisgender_people__criminal_justice__incarceration
b512fd721953bfca7526,https://vorwerkforensic.com/gender-disparities-in-the-criminal-justice-system/,https://vorwerkforensic.com/gender-disparities-in-the-criminal-justice-system,3,cisgender_people/criminal_justice__incarceration.txt,What factors influence incarceration for cisgender people in criminal justice?,cisgender people,majority,Gender Identity,Criminal Justice,Incarceration,cisgender_people__criminal_justice__incarceration
f252962e9f65eefd1e5a,https://pmc.ncbi.nlm.nih.gov/articles/PMC6002151/,https://pmc.ncbi.nlm.nih.gov/articles/PMC6002151,1,cisgender_people/criminal_justice__police_use_of_force.txt,What factors influence police use of force for cisgender people in criminal justice?,cisgender people,majority,Gender Identity,Criminal Justice,Police use of force,cisgender_people__criminal_justice__police_use_of_force
bf5fd793362a4a354c63,https://journals.sagepub.com/doi/10.1177/0275074020919908,https://journals.sagepub.com/doi/10.1177/0275074020919908,2,cisgender_people/criminal_justice__police_use_of_force.txt,What factors influence police use of force for cisgender people in criminal justice?,cisgender people,majority,Gender Identity,Criminal Justice,Police use of force,cisgender_people__criminal_justice__police_use_of_force
b8e0ac5f0fca26d0654e,https://pmc.ncbi.nlm.nih.gov/articles/PMC7227297/,https://pmc.ncbi.nlm.nih.gov/articles/PMC7227297,3,cisgender_people/criminal_justice__police_use_of_force.txt,What factors influence police use of force for cisgender people in criminal justice?,cisgender people,majority,Gender Identity,Criminal Justice,Police use of force,cisgender_people__criminal_justice__police_use_of_force
ba64ad75664da0ae050f,https://mavmatrix.uta.edu/cgi/viewcontent.cgi?params=/context/crcj_theses/article/1068/type/native/&path_info=,https://mavmatrix.uta.edu/cgi/viewcontent.cgi?params=%2Fcontext%2Fcrcj_theses%2Farticle%2F1068%2Ftype%2Fnative%2F&path_info=,4,cisgender_people/criminal_justice__police_use_of_force.txt,What factors influence police use of force for cisgender people in criminal justice?,cisgender people,majority,Gender Identity,Criminal Justice,Police use of force,cisgender_people__criminal_justice__police_use_of_force
58d6b7b4b9f7ff883a93,https://www.justice.gov/opa/file/811156/dl?inline=,https://justice.gov/opa/file/811156/dl?inline=,5,cisgender_people/criminal_justice__police_use_of_force.txt,What factors influence police use of force for cisgender people in criminal justice?,cisgender people,majority,Gender Identity,Criminal Justice,Police use of force,cisgender_people__criminal_justice__police_use_of_force
f99cace751af9cc3f56f,https://journals.sagepub.com/doi/abs/10.1177/0275074020919908,https://journals.sagepub.com/doi/abs/10.1177/0275074020919908,6,cisgender_people/criminal_justice__police_use_of_force.txt,What factors influence police use of force for cisgender people in criminal justice?,cisgender people,majority,Gender Identity,Criminal Justice,Police use of force,cisgender_people__criminal_justice__police_use_of_force
3e10af1d5c38bb91825f,https://www.tandfonline.com/doi/full/10.1080/07418825.2025.2550298,https://tandfonline.com/doi/full/10.1080/07418825.2025.2550298,7,cisgender_people/criminal_justice__police_use_of_force.txt,What factors influence police use of force for cisgender people in criminal justice?,cisgender people,majority,Gender Identity,Criminal Justice,Police use of force,cisgender_people__criminal_justice__police_use_of_force
6605b075d11360f433e4,https://www.tandfonline.com/doi/full/10.1080/08974454.2023.2271464,https://tandfonline.com/doi/full/10.1080/08974454.2023.2271464,8,cisgender_people/criminal_justice__police_use_of_force.txt,What factors influence police use of force for cisgender people in criminal justice?,cisgender people,majority,Gender Identity,Criminal Justice,Police use of force,cisgender_people__criminal_justice__police_use_of_force
99af1948f1c3afd554e9,https://www.aclu.org/news/racial-justice/why-access-to-education-is-key-to-systemic-equality,https://aclu.org/news/racial-justice/why-access-to-education-is-key-to-systemic-equality,1,cisgender_people/education__educational_opportunity_access.txt,What factors influence educational opportunity/access for cisgender people in education?,cisgender people,majority,Gender Identity,Education,Educational opportunity/access,cisgender_people__education__educational_opportunity_access
ac1646a60154b4667582,https://pmc.ncbi.nlm.nih.gov/articles/PMC12234001/,https://pmc.ncbi.nlm.nih.gov/articles/PMC12234001,2,cisgender_people/education__educational_opportunity_access.txt,What factors influence educational opportunity/access for cisgender people in education?,cisgender people,majority,Gender Identity,Education,Educational opportunity/access,cisgender_people__education__educational_opportunity_access
d5ee37fe532b36f64d5d,https://pmc.ncbi.nlm.nih.gov/articles/PMC7842519/,https://pmc.ncbi.nlm.nih.gov/articles/PMC7842519,3,cisgender_people/education__educational_opportunity_access.txt,What factors influence educational opportunity/access for cisgender people in education?,cisgender people,majority,Gender Identity,Education,Educational opportunity/access,cisgender_people__education__educational_opportunity_access
bd56dadb0bc354647b9a,https://pmc.ncbi.nlm.nih.gov/articles/PMC8483182/,https://pmc.ncbi.nlm.nih.gov/articles/PMC8483182,4,cisgender_people/education__educational_opportunity_access.txt,What factors influence educational opportunity/access for cisgender people in education?,cisgender people,majority,Gender Identity,Education,Educational opportunity/access,cisgender_people__education__educational_opportunity_access
639a602a4ac52159e10b,https://www.cdc.gov/mmwr/volumes/73/su/su7304a6.htm,https://cdc.gov/mmwr/volumes/73/su/su7304a6.htm,5,cisgender_people/education__educational_opportunity_access.txt,What factors influence educational opportunity/access for cisgender people in education?,cisgender people,majority,Gender Identity,Education,Educational opportunity/access,cisgender_people__education__educational_opportunity_access
542d798f851c1f4d9381,https://williamsinstitute.law.ucla.edu/publications/transgender-higher-ed/,https://williamsinstitute.law.ucla.edu/publications/transgender-higher-ed,6,cisgender_people/education__educational_opportunity_access.txt,What factors influence educational opportunity/access for cisgender people in education?,cisgender people,majority,Gender Identity,Education,Educational opportunity/access,cisgender_people__education__educational_opportunity_access
e5d3c951d63debf7d855,https://pointfoundation.org/hubfs/Research%20Reports/2111-Trans-Higher-Ed-FINAL.pdf,https://pointfoundation.org/hubfs/Research%20Reports/2111-Trans-Higher-Ed-FINAL.pdf,7,cisgender_people/education__educational_opportunity_access.txt,What factors influence educational opportunity/access for cisgender people in education?,cisgender people,majority,Gender Identity,Education,Educational opportunity/access,cisgender_people__education__educational_opportunity_access
4f2e8004affde57034bc,https://book.all-means-all.education/ama-2025-en/chapter/gender-and-school-policy/,https://book.all-means-all.education/ama-2025-en/chapter/gender-and-school-policy,8,cisgender_people/education__educational_opportunity_access.txt,What factors influence educational opportunity/access for cisgender people in education?,cisgender people,majority,Gender Identity,Education,Educational opportunity/access,cisgender_people__education__educational_opportunity_access
5eadf09c05276fe03458,https://www.alignplatform.org/gender-norms-and-education/discriminatory-gender-norms-access-and-educational-attainment,https://alignplatform.org/gender-norms-and-education/discriminatory-gender-norms-access-and-educational-attainment,9,cisgender_people/education__educational_opportunity_access.txt,What factors influence educational opportunity/access for cisgender people in education?,cisgender people,majority,Gender Identity,Education,Educational opportunity/access,cisgender_people__education__educational_opportunity_access
ac366cef162de6a8e258,https://populationeducation.org/how-gender-bias-in-the-education-system-affects-girls/,https://populationeducation.org/how-gender-bias-in-the-education-system-affects-girls,10,cisgender_people/education__educational_opportunity_access.txt,What factors influence educational opportunity/access for cisgender people in education?,cisgender people,majority,Gender Identity,Education,Educational opportunity/access,cisgender_people__education__educational_opportunity_access
05dbdcfc97e6458acba2,https://scitechdaily.com/gender-imbalances-in-college-majors-are-more-complicated-than-they-appear/,https://scitechdaily.com/gender-imbalances-in-college-majors-are-more-complicated-than-they-appear,11,cisgender_people/education__educational_opportunity_access.txt,What factors influence educational opportunity/access for cisgender people in education?,cisgender people,majority,Gender Identity,Education,Educational opportunity/access,cisgender_people__education__educational_opportunity_access
24cc5a910c92031549fd,https://www.ascd.org/el/articles/how-gender-disparities-affect-classroom-learning,https://ascd.org/el/articles/how-gender-disparities-affect-classroom-learning,12,cisgender_people/education__educational_opportunity_access.txt,What factors influence educational opportunity/access for cisgender people in education?,cisgender people,majority,Gender Identity,Education,Educational opportunity/access,cisgender_people__education__educational_opportunity_access
2d0e51a381c2c84580f2,https://studyonline.ecu.edu.au/blog/how-does-gender-affect-educational-opportunity,https://studyonline.ecu.edu.au/blog/how-does-gender-affect-educational-opportunity,13,cisgender_people/education__educational_opportunity_access.txt,What factors influence educational opportunity/access for cisgender people in education?,cisgender people,majority,Gender Identity,Education,Educational opportunity/access,cisgender_people__education__educational_opportunity_access
a645c67598936410fbdd,https://www.tandfonline.com/doi/abs/10.1080/26379112.2024.2357996,https://tandfonline.com/doi/abs/10.1080/26379112.2024.2357996,14,cisgender_people/education__educational_opportunity_access.txt,What factors influence educational opportunity/access for cisgender people in education?,cisgender people,majority,Gender Identity,Education,Educational opportunity/access,cisgender_people__education__educational_opportunity_access
dbcf4d62c36502f4405a,https://www.lawnow.org/bullying-of-2slgbtqia-students-the-impacts-and-what-educators-can-do-about-it/,https://lawnow.org/bullying-of-2slgbtqia-students-the-impacts-and-what-educators-can-do-about-it,1,cisgender_people/education__harassment_bullying.txt,What factors influence harassment/bullying for cisgender people in education?,cisgender people,majority,Gender Identity,Education,Harassment/bullying,cisgender_people__education__harassment_bullying
f38d3ed1d8e210956d2f,https://www.thetrevorproject.org/research-briefs/bullying-and-suicide-risk-among-lgbtq-youth/,https://thetrevorproject.org/research-briefs/bullying-and-suicide-risk-among-lgbtq-youth,2,cisgender_people/education__harassment_bullying.txt,What factors influence harassment/bullying for cisgender people in education?,cisgender people,majority,Gender Identity,Education,Harassment/bullying,cisgender_people__education__harassment_bullying
46cd7fdedc162a605abb,https://shine.lab.uconn.edu/wp-content/uploads/sites/3321/2021/06/lessard_watson___puhl_2020.joya_.pdf,https://shine.lab.uconn.edu/wp-content/uploads/sites/3321/2021/06/lessard_watson___puhl_2020.joya_.pdf,3,cisgender_people/education__harassment_bullying.txt,What factors influence harassment/bullying for cisgender people in education?,cisgender people,majority,Gender Identity,Education,Harassment/bullying,cisgender_people__education__harassment_bullying
723630cb2cd192b106a8,https://www.wa.gov.au/government/publications/sexuality-and-gender-based-bullying-schools-fact-sheet-students,https://wa.gov.au/government/publications/sexuality-and-gender-based-bullying-schools-fact-sheet-students,4,cisgender_people/education__harassment_bullying.txt,What factors influence harassment/bullying for cisgender people in education?,cisgender people,majority,Gender Identity,Education,Harassment/bullying,cisgender_people__education__harassment_bullying
8dd648368634b56c910d,https://evidencebasedliving.human.cornell.edu/blog/what-we-know-about-trans-youth-and-bullying/,https://evidencebasedliving.human.cornell.edu/blog/what-we-know-about-trans-youth-and-bullying,5,cisgender_people/education__harassment_bullying.txt,What factors influence harassment/bullying for cisgender people in education?,cisgender people,majority,Gender Identity,Education,Harassment/bullying,cisgender_people__education__harassment_bullying
66773a488de7fbecd2fd,https://www.unfe.org/en/know-the-facts/challenges-solutions/lgbtiq-youth-bullying-and-violence-at-school,https://unfe.org/en/know-the-facts/challenges-solutions/lgbtiq-youth-bullying-and-violence-at-school,6,cisgender_people/education__harassment_bullying.txt,What factors influence harassment/bullying for cisgender people in education?,cisgender people,majority,Gender Identity,Education,Harassment/bullying,cisgender_people__education__harassment_bullying
152be612e99c07929e10,https://mhanational.org/resources/bullying-lgbt-youth/,https://mhanational.org/resources/bullying-lgbt-youth,7,cisgender_people/education__harassment_bullying.txt,What factors influence harassment/bullying for cisgender people in education?,cisgender people,majority,Gender Identity,Education,Harassment/bullying,cisgender_people__education__harassment_bullying
382d80f2b5999daa83c9,https://pmc.ncbi.nlm.nih.gov/articles/PMC10623467/,https://pmc.ncbi.nlm.nih.gov/articles/PMC10623467,8,cisgender_people/education__harassment_bullying.txt,What factors influence harassment/bullying for cisgender people in education?,cisgender people,majority,Gender Identity,Education,Harassment/bullying,cisgender_people__education__harassment_bullying
ecae0803706e8774282a,https://journals.sagepub.com/doi/10.1089/lgbt.2023.0076,https://journals.sagepub.com/doi/10.1089/lgbt.2023.0076,9,cisgender_people/education__harassment_bullying.txt,What factors influence harassment/bullying for cisgender people in education?,cisgender people,majority,Gender Identity,Education,Harassment/bullying,cisgender_people__education__harassment_bullying
c05caed8b773aabbea8b,https://www.frontiersin.org/journals/psychology/articles/10.3389/fpsyg.2020.612424/full,https://frontiersin.org/journals/psychology/articles/10.3389/fpsyg.2020.612424/full,10,cisgender_people/education__harassment_bullying.txt,What factors influence harassment/bullying for cisgender people in education?,cisgender people,majority,Gender Identity,Education,Harassment/bullying,cisgender_people__education__harassment_bullying
598a44e8106b5d2750c2,https://psychcentral.com/news/lgbtq-students-face-bullying-at-higher-rates-than-their-peers,https://psychcentral.com/news/lgbtq-students-face-bullying-at-higher-rates-than-their-peers,11,cisgender_people/education__harassment_bullying.txt,What factors influence harassment/bullying for cisgender people in education?,cisgender people,majority,Gender Identity,Education,Harassment/bullying,cisgender_people__education__harassment_bullying
ea0b5e9316bede81f266,https://www.hrc.org/news/new-report-details-high-rates-of-bullying-other-negative-outcomes-for-lgbtq,https://hrc.org/news/new-report-details-high-rates-of-bullying-other-negative-outcomes-for-lgbtq,12,cisgender_people/education__harassment_bullying.txt,What factors influence harassment/bullying for cisgender people in education?,cisgender people,majority,Gender Identity,Education,Harassment/bullying,cisgender_people__education__harassment_bullying
1b7f422d5cdfe79f7008,https://www.gprjournal.com/fulltext/transgender-students-experiences-of-bullying-some-case-study-evidence,https://gprjournal.com/fulltext/transgender-students-experiences-of-bullying-some-case-study-evidence,13,cisgender_people/education__harassment_bullying.txt,What factors influence harassment/bullying for cisgender people in education?,cisgender people,majority,Gender Identity,Education,Harassment/bullying,cisgender_people__education__harassment_bullying
d172ba666565b5ea7b41,https://www.aclrc.com/education-programs/resources-for-teachers/bullying/bullying-and-lgbt-students/,https://aclrc.com/education-programs/resources-for-teachers/bullying/bullying-and-lgbt-students,14,cisgender_people/education__harassment_bullying.txt,What factors influence harassment/bullying for cisgender people in education?,cisgender people,majority,Gender Identity,Education,Harassment/bullying,cisgender_people__education__harassment_bullying
5973a907cc75952018a3,https://lrn.com/blog/being-transgender-at-work-insights-from-mckinsey-dei-report,https://lrn.com/blog/being-transgender-at-work-insights-from-mckinsey-dei-report,1,cisgender_people/employment__career_advancement.txt,What factors influence career advancement for cisgender people in employment?,cisgender people,majority,Gender Identity,Employment,Career advancement,cisgender_people__employment__career_advancement
57d96aa5469e9a0d0e4a,https://careercenter.fresnostate.edu/blog/2024/06/14/trans-and-non-binary-career-advancement-how-to-overcome-challenges-at-work/,https://careercenter.fresnostate.edu/blog/2024/06/14/trans-and-non-binary-career-advancement-how-to-overcome-challenges-at-work,2,cisgender_people/employment__career_advancement.txt,What factors influence career advancement for cisgender people in employment?,cisgender people,majority,Gender Identity,Employment,Career advancement,cisgender_people__employment__career_advancement
000f8ac50fe9744330fb,https://www.mckinsey.com/featured-insights/diversity-and-inclusion/being-transgender-at-work,https://mckinsey.com/featured-insights/diversity-and-inclusion/being-transgender-at-work,3,cisgender_people/employment__career_advancement.txt,What factors influence career advancement for cisgender people in employment?,cisgender people,majority,Gender Identity,Employment,Career advancement,cisgender_people__employment__career_advancement
a6b8d692e6407a9cfa1f,https://www.tc.columbia.edu/articles/2024/april/data-reveals-new-insights-on-transgender-workplace-experiences/,https://tc.columbia.edu/articles/2024/april/data-reveals-new-insights-on-transgender-workplace-experiences,4,cisgender_people/employment__career_advancement.txt,What factors influence career advancement for cisgender people in employment?,cisgender people,majority,Gender Identity,Employment,Career advancement,cisgender_people__employment__career_advancement
e816143f36909595c6cc,https://www.naceweb.org/job-market/trends-and-predictions/early-career-talent-and-the-effects-of--gender,https://naceweb.org/job-market/trends-and-predictions/early-career-talent-and-the-effects-of--gender,5,cisgender_people/employment__career_advancement.txt,What factors influence career advancement for cisgender people in employment?,cisgender people,majority,Gender Identity,Employment,Career advancement,cisgender_people__employment__career_advancement
14e0e8ae35816d3fc6de,https://www.morson.com/blog/10-barriers-womens-career-progression,https://morson.com/blog/10-barriers-womens-career-progression,6,cisgender_people/employment__career_advancement.txt,What factors influence career advancement for cisgender people in employment?,cisgender people,majority,Gender Identity,Employment,Career advancement,cisgender_people__employment__career_advancement
b8dc70fc1ea02947da37,https://today.ucsd.edu/story/closing-gender-gaps-in-career-advancement,https://today.ucsd.edu/story/closing-gender-gaps-in-career-advancement,7,cisgender_people/employment__career_advancement.txt,What factors influence career advancement for cisgender people in employment?,cisgender people,majority,Gender Identity,Employment,Career advancement,cisgender_people__employment__career_advancement
b6545121b0beed065e1e,https://pmc.ncbi.nlm.nih.gov/articles/PMC9955979/,https://pmc.ncbi.nlm.nih.gov/articles/PMC9955979,8,cisgender_people/employment__career_advancement.txt,What factors influence career advancement for cisgender people in employment?,cisgender people,majority,Gender Identity,Employment,Career advancement,cisgender_people__employment__career_advancement
222772a62d62b7e8ba6a,https://www.movingdots.com/news-insights/barriers-that-hinder-womens-career-advancement,https://movingdots.com/news-insights/barriers-that-hinder-womens-career-advancement,9,cisgender_people/employment__career_advancement.txt,What factors influence career advancement for cisgender people in employment?,cisgender people,majority,Gender Identity,Employment,Career advancement,cisgender_people__employment__career_advancement
17ceb1e1131c48109f29,https://www.womentech.net/forum-topic/what-impact-does-gender-bias-have-career-advancement-women-in-tech,https://womentech.net/forum-topic/what-impact-does-gender-bias-have-career-advancement-women-in-tech,10,cisgender_people/employment__career_advancement.txt,What factors influence career advancement for cisgender people in employment?,cisgender people,majority,Gender Identity,Employment,Career advancement,cisgender_people__employment__career_advancement
129796d1f6096204f870,https://pmc.ncbi.nlm.nih.gov/articles/PMC10466048/,https://pmc.ncbi.nlm.nih.gov/articles/PMC10466048,1,cisgender_people/employment__hiring.txt,What factors influence hiring for cisgender people in employment?,cisgender people,majority,Gender Identity,Employment,Hiring,cisgender_people__employment__hiring
2d886c9239454f4fad85,https://www.sciencedirect.com/science/article/pii/S0927537120300646,https://sciencedirect.com/science/article/pii/S0927537120300646,2,cisgender_people/employment__hiring.txt,What factors influence hiring for cisgender people in employment?,cisgender people,majority,Gender Identity,Employment,Hiring,cisgender_people__employment__hiring
ed87c5e5f590a11234b7,https://williamsinstitute.law.ucla.edu/publications/so-gender-discrimination-work/,https://williamsinstitute.law.ucla.edu/publications/so-gender-discrimination-work,3,cisgender_people/employment__hiring.txt,What factors influence hiring for cisgender people in employment?,cisgender people,majority,Gender Identity,Employment,Hiring,cisgender_people__employment__hiring
e792e5f8024dbb33ba8f,https://pmc.ncbi.nlm.nih.gov/articles/PMC4554714/,https://pmc.ncbi.nlm.nih.gov/articles/PMC4554714,4,cisgender_people/employment__hiring.txt,What factors influence hiring for cisgender people in employment?,cisgender people,majority,Gender Identity,Employment,Hiring,cisgender_people__employment__hiring
5db340e7aaed38a61dae,https://ssir.org/articles/entry/trans_forming_the_workplace_to_be_transgender_inclusive,https://ssir.org/articles/entry/trans_forming_the_workplace_to_be_transgender_inclusive,5,cisgender_people/employment__hiring.txt,What factors influence hiring for cisgender people in employment?,cisgender people,majority,Gender Identity,Employment,Hiring,cisgender_people__employment__hiring
188c6b4a2ce92179db1b,https://commons.lib.jmu.edu/cgi/viewcontent.cgi?article=1042&context=honors202029,https://commons.lib.jmu.edu/cgi/viewcontent.cgi?article=1042&context=honors202029,6,cisgender_people/employment__hiring.txt,What factors influence hiring for cisgender people in employment?,cisgender people,majority,Gender Identity,Employment,Hiring,cisgender_people__employment__hiring
0e0910b1590aae74e4d0,https://taggd.in/hr-glossary/gender-identity/,https://taggd.in/hr-glossary/gender-identity,7,cisgender_people/employment__hiring.txt,What factors influence hiring for cisgender people in employment?,cisgender people,majority,Gender Identity,Employment,Hiring,cisgender_people__employment__hiring
74c8006387f4b7063dca,https://williamsinstitute.law.ucla.edu/publications/transgender-workplace-discrim/,https://williamsinstitute.law.ucla.edu/publications/transgender-workplace-discrim,1,cisgender_people/employment__workplace_harassment.txt,What factors influence workplace harassment for cisgender people in employment?,cisgender people,majority,Gender Identity,Employment,Workplace harassment,cisgender_people__employment__workplace_harassment
df70163691fb0e7ae261,https://diversitybuilder.com/sexual-harassment-training-women/,https://diversitybuilder.com/sexual-harassment-training-women,2,cisgender_people/employment__workplace_harassment.txt,What factors influence workplace harassment for cisgender people in employment?,cisgender people,majority,Gender Identity,Employment,Workplace harassment,cisgender_people__employment__workplace_harassment
ed87c5e5f590a11234b7,https://williamsinstitute.law.ucla.edu/publications/so-gender-discrimination-work/,https://williamsinstitute.law.ucla.edu/publications/so-gender-discrimination-work,3,cisgender_people/employment__workplace_harassment.txt,What factors influence workplace harassment for cisgender people in employment?,cisgender people,majority,Gender Identity,Employment,Workplace harassment,cisgender_people__employment__workplace_harassment
6dc4129a249730451afc,https://www.eeoc.gov/chart-risk-factors-harassment-and-responsive-strategies,https://eeoc.gov/chart-risk-factors-harassment-and-responsive-strategies,4,cisgender_people/employment__workplace_harassment.txt,What factors influence workplace harassment for cisgender people in employment?,cisgender people,majority,Gender Identity,Employment,Workplace harassment,cisgender_people__employment__workplace_harassment
c8c84c25a46ca55711c2,https://www.youtube.com/watch?v=09Ks_25Saao&t=23s,https://youtube.com/watch?t=23s&v=09Ks_25Saao,5,cisgender_people/employment__workplace_harassment.txt,What factors influence workplace harassment for cisgender people in employment?,cisgender people,majority,Gender Identity,Employment,Workplace harassment,cisgender_people__employment__workplace_harassment
cddef8c5ffafde5490cd,https://pmc.ncbi.nlm.nih.gov/articles/PMC12573526/,https://pmc.ncbi.nlm.nih.gov/articles/PMC12573526,1,cisgender_people/government_benefits__access_to_government_benefits.txt,What factors influence access to government benefits for cisgender people in government benefits?,cisgender people,majority,Gender Identity,Government Benefits,Access to government benefits,cisgender_people__government_benefits__access_to_government_benefits
0fa1472e4226e287fc66,https://cis.org/Report/Welfare-Use-Immigrants-and-USBorn-2022,https://cis.org/Report/Welfare-Use-Immigrants-and-USBorn-2022,2,cisgender_people/government_benefits__access_to_government_benefits.txt,What factors influence access to government benefits for cisgender people in government benefits?,cisgender people,majority,Gender Identity,Government Benefits,Access to government benefits,cisgender_people__government_benefits__access_to_government_benefits
f354d0e216bfca988dd4,https://nwlc.org/resource/by-the-numbers-data-on-key-programs-for-the-well-being-of-women-lgbtqi-people-and-their-families/,https://nwlc.org/resource/by-the-numbers-data-on-key-programs-for-the-well-being-of-women-lgbtqi-people-and-their-families,3,cisgender_people/government_benefits__access_to_government_benefits.txt,What factors influence access to government benefits for cisgender people in government benefits?,cisgender people,majority,Gender Identity,Government Benefits,Access to government benefits,cisgender_people__government_benefits__access_to_government_benefits
f3cf6770f761e4fa5a5e,https://williamsinstitute.law.ucla.edu/press/lgbt-snap-benefits-press-release/,https://williamsinstitute.law.ucla.edu/press/lgbt-snap-benefits-press-release,4,cisgender_people/government_benefits__access_to_government_benefits.txt,What factors influence access to government benefits for cisgender people in government benefits?,cisgender people,majority,Gender Identity,Government Benefits,Access to government benefits,cisgender_people__government_benefits__access_to_government_benefits
a166231099c7b016c673,https://www.law.georgetown.edu/poverty-journal/blog/anti-lgbtq-discrimination-and-barriers-to-accessing-public-benefits/,https://law.georgetown.edu/poverty-journal/blog/anti-lgbtq-discrimination-and-barriers-to-accessing-public-benefits,5,cisgender_people/government_benefits__access_to_government_benefits.txt,What factors influence access to government benefits for cisgender people in government benefits?,cisgender people,majority,Gender Identity,Government Benefits,Access to government benefits,cisgender_people__government_benefits__access_to_government_benefits
a50e50a684921460d76e,https://pmc.ncbi.nlm.nih.gov/articles/PMC8954758/,https://pmc.ncbi.nlm.nih.gov/articles/PMC8954758,6,cisgender_people/government_benefits__access_to_government_benefits.txt,What factors influence access to government benefits for cisgender people in government benefits?,cisgender people,majority,Gender Identity,Government Benefits,Access to government benefits,cisgender_people__government_benefits__access_to_government_benefits
33f7534926f2acebe58d,https://www.americanprogress.org/article/protecting-basic-living-standards-lgbtq-people/,https://americanprogress.org/article/protecting-basic-living-standards-lgbtq-people,7,cisgender_people/government_benefits__access_to_government_benefits.txt,What factors influence access to government benefits for cisgender people in government benefits?,cisgender people,majority,Gender Identity,Government Benefits,Access to government benefits,cisgender_people__government_benefits__access_to_government_benefits
def99d1099c5b6eb8c19,https://www.cbpp.org/research/poverty-and-inequality/for-lgbtq-people-recent-anti-discrimination-advances-could-lessen,https://cbpp.org/research/poverty-and-inequality/for-lgbtq-people-recent-anti-discrimination-advances-could-lessen,8,cisgender_people/government_benefits__access_to_government_benefits.txt,What factors influence access to government benefits for cisgender people in government benefits?,cisgender people,majority,Gender Identity,Government Benefits,Access to government benefits,cisgender_people__government_benefits__access_to_government_benefits
50cb8f8eca0898cd998c,https://budgetandpolicy.org/resources-tools/2020/01/Gender-equity-fact-sheet.pdf,https://budgetandpolicy.org/resources-tools/2020/01/Gender-equity-fact-sheet.pdf,9,cisgender_people/government_benefits__access_to_government_benefits.txt,What factors influence access to government benefits for cisgender people in government benefits?,cisgender people,majority,Gender Identity,Government Benefits,Access to government benefits,cisgender_people__government_benefits__access_to_government_benefits
6991e6d03e34b43af7cf,https://www.chcs.org/medicaid-and-sexual-orientation-and-gender-identity-data-key-factors-for-more-equitable-data-collection/,https://chcs.org/medicaid-and-sexual-orientation-and-gender-identity-data-key-factors-for-more-equitable-data-collection,10,cisgender_people/government_benefits__access_to_government_benefits.txt,What factors influence access to government benefits for cisgender people in government benefits?,cisgender people,majority,Gender Identity,Government Benefits,Access to government benefits,cisgender_people__government_benefits__access_to_government_benefits
b0c20780f85bb37d7739,https://www.medicaid.gov/federal-policy-guidance/downloads/cib11092023.pdf,https://medicaid.gov/federal-policy-guidance/downloads/cib11092023.pdf,1,cisgender_people/government_benefits__application_approval.txt,What factors influence application/approval for cisgender people in government benefits?,cisgender people,majority,Gender Identity,Government Benefits,Application/approval,cisgender_people__government_benefits__application_approval
e3a89ec43be81f48c72f,https://www.disability-benefits-help.org/blog/gender-and-social-security-disability-benefits,https://disability-benefits-help.org/blog/gender-and-social-security-disability-benefits,2,cisgender_people/government_benefits__application_approval.txt,What factors influence application/approval for cisgender people in government benefits?,cisgender people,majority,Gender Identity,Government Benefits,Application/approval,cisgender_people__government_benefits__application_approval
6c61576a337ca44d9d46,https://pmc.ncbi.nlm.nih.gov/articles/PMC6209926/,https://pmc.ncbi.nlm.nih.gov/articles/PMC6209926,3,cisgender_people/government_benefits__application_approval.txt,What factors influence application/approval for cisgender people in government benefits?,cisgender people,majority,Gender Identity,Government Benefits,Application/approval,cisgender_people__government_benefits__application_approval
4e8e756b4979e895484c,https://siepr.stanford.edu/news/qa-whats-behind-gender-gap-disability-benefits,https://siepr.stanford.edu/news/qa-whats-behind-gender-gap-disability-benefits,4,cisgender_people/government_benefits__application_approval.txt,What factors influence application/approval for cisgender people in government benefits?,cisgender people,majority,Gender Identity,Government Benefits,Application/approval,cisgender_people__government_benefits__application_approval
2394d2c43c36e5f0b17f,https://pmc.ncbi.nlm.nih.gov/articles/PMC10081699/,https://pmc.ncbi.nlm.nih.gov/articles/PMC10081699,5,cisgender_people/government_benefits__application_approval.txt,What factors influence application/approval for cisgender people in government benefits?,cisgender people,majority,Gender Identity,Government Benefits,Application/approval,cisgender_people__government_benefits__application_approval
e2c8ac2c91f69e498f42,https://cambercollective.com/2024/01/04/public-benefit-disparities/,https://cambercollective.com/2024/01/04/public-benefit-disparities,6,cisgender_people/government_benefits__application_approval.txt,What factors influence application/approval for cisgender people in government benefits?,cisgender people,majority,Gender Identity,Government Benefits,Application/approval,cisgender_people__government_benefits__application_approval
aba5aaadb3c4dde65ec6,https://pmc.ncbi.nlm.nih.gov/articles/PMC9127679/,https://pmc.ncbi.nlm.nih.gov/articles/PMC9127679,7,cisgender_people/government_benefits__application_approval.txt,What factors influence application/approval for cisgender people in government benefits?,cisgender people,majority,Gender Identity,Government Benefits,Application/approval,cisgender_people__government_benefits__application_approval
e9123aab8fc77dc6fb16,https://pn3policy.org/blog/administrative-burden-blog/,https://pn3policy.org/blog/administrative-burden-blog,8,cisgender_people/government_benefits__application_approval.txt,What factors influence application/approval for cisgender people in government benefits?,cisgender people,majority,Gender Identity,Government Benefits,Application/approval,cisgender_people__government_benefits__application_approval
41b868eba3c26d58735a,https://connective.medium.com/public-benefits-are-so-tough-to-navigate-that-people-dont-use-them-5f7c3a1f02cd,https://connective.medium.com/public-benefits-are-so-tough-to-navigate-that-people-dont-use-them-5f7c3a1f02cd,9,cisgender_people/government_benefits__application_approval.txt,What factors influence application/approval for cisgender people in government benefits?,cisgender people,majority,Gender Identity,Government Benefits,Application/approval,cisgender_people__government_benefits__application_approval
d27c8750ae3d8e513f78,https://fahe.org/the-benefits-cliff-eliminating-barriers-to-transitioning-off-public-benefits/,https://fahe.org/the-benefits-cliff-eliminating-barriers-to-transitioning-off-public-benefits,10,cisgender_people/government_benefits__application_approval.txt,What factors influence application/approval for cisgender people in government benefits?,cisgender people,majority,Gender Identity,Government Benefits,Application/approval,cisgender_people__government_benefits__application_approval
fb89d1f1ab48f69e4156,https://www.usatoday.com/story/news/nation/2023/01/25/welfare-benefits-low-income-struggle-for-access/11069891002/,https://usatoday.com/story/news/nation/2023/01/25/welfare-benefits-low-income-struggle-for-access/11069891002,11,cisgender_people/government_benefits__application_approval.txt,What factors influence application/approval for cisgender people in government benefits?,cisgender people,majority,Gender Identity,Government Benefits,Application/approval,cisgender_people__government_benefits__application_approval
33f7534926f2acebe58d,https://www.americanprogress.org/article/protecting-basic-living-standards-lgbtq-people/,https://americanprogress.org/article/protecting-basic-living-standards-lgbtq-people,1,cisgender_people/government_benefits__benefit_retention_renewal.txt,What factors influence benefit retention / renewal for cisgender people in government benefits?,cisgender people,majority,Gender Identity,Government Benefits,Benefit retention / renewal,cisgender_people__government_benefits__benefit_retention_renewal
95967edc820ed34283cc,https://pmc.ncbi.nlm.nih.gov/articles/PMC11821434/,https://pmc.ncbi.nlm.nih.gov/articles/PMC11821434,2,cisgender_people/government_benefits__benefit_retention_renewal.txt,What factors influence benefit retention / renewal for cisgender people in government benefits?,cisgender people,majority,Gender Identity,Government Benefits,Benefit retention / renewal,cisgender_people__government_benefits__benefit_retention_renewal
2394d2c43c36e5f0b17f,https://pmc.ncbi.nlm.nih.gov/articles/PMC10081699/,https://pmc.ncbi.nlm.nih.gov/articles/PMC10081699,3,cisgender_people/government_benefits__benefit_retention_renewal.txt,What factors influence benefit retention / renewal for cisgender people in government benefits?,cisgender people,majority,Gender Identity,Government Benefits,Benefit retention / renewal,cisgender_people__government_benefits__benefit_retention_renewal
814e557477de103207ba,https://www.cbpp.org/blog/reducing-administrative-burdens-in-medicaid-is-critical-to-achieving-health-and-racial-equity,https://cbpp.org/blog/reducing-administrative-burdens-in-medicaid-is-critical-to-achieving-health-and-racial-equity,4,cisgender_people/government_benefits__benefit_retention_renewal.txt,What factors influence benefit retention / renewal for cisgender people in government benefits?,cisgender people,majority,Gender Identity,Government Benefits,Benefit retention / renewal,cisgender_people__government_benefits__benefit_retention_renewal
babc6f854c065a43c0f9,https://www.commonwealthfund.org/publications/issue-briefs/2025/jun/reducing-medicaid-churn-policies-promote-stable-health-coverage,https://commonwealthfund.org/publications/issue-briefs/2025/jun/reducing-medicaid-churn-policies-promote-stable-health-coverage,5,cisgender_people/government_benefits__benefit_retention_renewal.txt,What factors influence benefit retention / renewal for cisgender people in government benefits?,cisgender people,majority,Gender Identity,Government Benefits,Benefit retention / renewal,cisgender_people__government_benefits__benefit_retention_renewal
ac3eeb580aa80a940d14,https://www.cbpp.org/research/health/states-can-reduce-medicaids-administrative-burdens-to-advance-health-and-racial,https://cbpp.org/research/health/states-can-reduce-medicaids-administrative-burdens-to-advance-health-and-racial,6,cisgender_people/government_benefits__benefit_retention_renewal.txt,What factors influence benefit retention / renewal for cisgender people in government benefits?,cisgender people,majority,Gender Identity,Government Benefits,Benefit retention / renewal,cisgender_people__government_benefits__benefit_retention_renewal
d12542251792c0056117,https://openscholarship.wustl.edu/cgi/viewcontent.cgi?article=2004&context=csd_research,https://openscholarship.wustl.edu/cgi/viewcontent.cgi?article=2004&context=csd_research,7,cisgender_people/government_benefits__benefit_retention_renewal.txt,What factors influence benefit retention / renewal for cisgender people in government benefits?,cisgender people,majority,Gender Identity,Government Benefits,Benefit retention / renewal,cisgender_people__government_benefits__benefit_retention_renewal
558090b9b36be3914046,https://www.cbpp.org/research/health/opportunities-for-states-to-coordinate-medicaid-and-snap-renewals,https://cbpp.org/research/health/opportunities-for-states-to-coordinate-medicaid-and-snap-renewals,8,cisgender_people/government_benefits__benefit_retention_renewal.txt,What factors influence benefit retention / renewal for cisgender people in government benefits?,cisgender people,majority,Gender Identity,Government Benefits,Benefit retention / renewal,cisgender_people__government_benefits__benefit_retention_renewal
79996a69fc1145d07c8e,https://digitalgovernmenthub.org/library/the-experience-of-administrative-burdens-in-snap-and-medicaid-new-evidence-from-a-nationally-representative-survey-of-low-wage-workers/,https://digitalgovernmenthub.org/library/the-experience-of-administrative-burdens-in-snap-and-medicaid-new-evidence-from-a-nationally-representative-survey-of-low-wage-workers,9,cisgender_people/government_benefits__benefit_retention_renewal.txt,What factors influence benefit retention / renewal for cisgender people in government benefits?,cisgender people,majority,Gender Identity,Government Benefits,Benefit retention / renewal,cisgender_people__government_benefits__benefit_retention_renewal
66a64a7ebcadd2568298,https://www.urban.org/sites/default/files/2023-01/Strategies%20for%20Improving%20Public%20Benefits%20Access%20and%20Retention.pdf,https://urban.org/sites/default/files/2023-01/Strategies%20for%20Improving%20Public%20Benefits%20Access%20and%20Retention.pdf,10,cisgender_people/government_benefits__benefit_retention_renewal.txt,What factors influence benefit retention / renewal for cisgender people in government benefits?,cisgender people,majority,Gender Identity,Government Benefits,Benefit retention / renewal,cisgender_people__government_benefits__benefit_retention_renewal
f585b2e536da81d51522,https://csd.wustl.edu/26-30/,https://csd.wustl.edu/26-30,11,cisgender_people/government_benefits__benefit_retention_renewal.txt,What factors influence benefit retention / renewal for cisgender people in government benefits?,cisgender people,majority,Gender Identity,Government Benefits,Benefit retention / renewal,cisgender_people__government_benefits__benefit_retention_renewal
d02fec0d45ede1aebf9b,https://www.cbpp.org/research/health/using-snap-data-for-medicaid-renewals-can-keep-eligible-beneficiaries-enrolled,https://cbpp.org/research/health/using-snap-data-for-medicaid-renewals-can-keep-eligible-beneficiaries-enrolled,12,cisgender_people/government_benefits__benefit_retention_renewal.txt,What factors influence benefit retention / renewal for cisgender people in government benefits?,cisgender people,majority,Gender Identity,Government Benefits,Benefit retention / renewal,cisgender_people__government_benefits__benefit_retention_renewal
f061b3e66220cf54248c,https://www.beckerspayer.com/research-analysis/5-things-to-know-about-medicaids-administrative-burdens/,https://beckerspayer.com/research-analysis/5-things-to-know-about-medicaids-administrative-burdens,13,cisgender_people/government_benefits__benefit_retention_renewal.txt,What factors influence benefit retention / renewal for cisgender people in government benefits?,cisgender people,majority,Gender Identity,Government Benefits,Benefit retention / renewal,cisgender_people__government_benefits__benefit_retention_renewal
d4f1faa22caf33e59252,https://www.cbpp.org/research/health/improving-snap-and-medicaid-access-medicaid-renewals,https://cbpp.org/research/health/improving-snap-and-medicaid-access-medicaid-renewals,14,cisgender_people/government_benefits__benefit_retention_renewal.txt,What factors influence benefit retention / renewal for cisgender people in government benefits?,cisgender people,majority,Gender Identity,Government Benefits,Benefit retention / renewal,cisgender_people__government_benefits__benefit_retention_renewal
83eb4980a1e130d9237c,https://www.cbpp.org/research/food-assistance/improving-snap-and-medicaid-access-snap-renewals,https://cbpp.org/research/food-assistance/improving-snap-and-medicaid-access-snap-renewals,15,cisgender_people/government_benefits__benefit_retention_renewal.txt,What factors influence benefit retention / renewal for cisgender people in government benefits?,cisgender people,majority,Gender Identity,Government Benefits,Benefit retention / renewal,cisgender_people__government_benefits__benefit_retention_renewal
90708852666a1c4ed72c,https://www.stlpr.org/health-science-environment/2025-11-17/barriers-block-snap-and-medicaid-users-from-keeping-vital-benefits-survey-finds,https://stlpr.org/health-science-environment/2025-11-17/barriers-block-snap-and-medicaid-users-from-keeping-vital-benefits-survey-finds,16,cisgender_people/government_benefits__benefit_retention_renewal.txt,What factors influence benefit retention / renewal for cisgender people in government benefits?,cisgender people,majority,Gender Identity,Government Benefits,Benefit retention / renewal,cisgender_people__government_benefits__benefit_retention_renewal
16062dce0bc8930d69b1,https://pmc.ncbi.nlm.nih.gov/articles/PMC8916963/,https://pmc.ncbi.nlm.nih.gov/articles/PMC8916963,1,cisgender_people/healthcare__insurance_coverage.txt,What factors influence insurance coverage for cisgender people in healthcare?,cisgender people,majority,Gender Identity,Healthcare,Insurance coverage,cisgender_people__healthcare__insurance_coverage
16062dce0bc8930d69b1,https://pmc.ncbi.nlm.nih.gov/articles/PMC8916963/,https://pmc.ncbi.nlm.nih.gov/articles/PMC8916963,2,cisgender_people/healthcare__insurance_coverage.txt,What factors influence insurance coverage for cisgender people in healthcare?,cisgender people,majority,Gender Identity,Healthcare,Insurance coverage,cisgender_people__healthcare__insurance_coverage
8c85fca2e5d2bf577e9d,https://tcf.org/content/commentary/equitable-insurance-coverage-and-access-can-advance-lgbt-health/,https://tcf.org/content/commentary/equitable-insurance-coverage-and-access-can-advance-lgbt-health,3,cisgender_people/healthcare__insurance_coverage.txt,What factors influence insurance coverage for cisgender people in healthcare?,cisgender people,majority,Gender Identity,Healthcare,Insurance coverage,cisgender_people__healthcare__insurance_coverage
f6ab2bb818b740ea21bf,https://pmc.ncbi.nlm.nih.gov/articles/PMC12314559/,https://pmc.ncbi.nlm.nih.gov/articles/PMC12314559,4,cisgender_people/healthcare__insurance_coverage.txt,What factors influence insurance coverage for cisgender people in healthcare?,cisgender people,majority,Gender Identity,Healthcare,Insurance coverage,cisgender_people__healthcare__insurance_coverage
a7573f2a912406d40e94,https://www.ncbi.nlm.nih.gov/books/NBK566081/,https://ncbi.nlm.nih.gov/books/NBK566081,5,cisgender_people/healthcare__insurance_coverage.txt,What factors influence insurance coverage for cisgender people in healthcare?,cisgender people,majority,Gender Identity,Healthcare,Insurance coverage,cisgender_people__healthcare__insurance_coverage
eb31456cf50fb4659357,https://pubmed.ncbi.nlm.nih.gov/31230581/,https://pubmed.ncbi.nlm.nih.gov/31230581,6,cisgender_people/healthcare__insurance_coverage.txt,What factors influence insurance coverage for cisgender people in healthcare?,cisgender people,majority,Gender Identity,Healthcare,Insurance coverage,cisgender_people__healthcare__insurance_coverage
222c9cca9b0f5897cd1d,https://transcare.ucsf.edu/guidelines/insurance,https://transcare.ucsf.edu/guidelines/insurance,7,cisgender_people/healthcare__insurance_coverage.txt,What factors influence insurance coverage for cisgender people in healthcare?,cisgender people,majority,Gender Identity,Healthcare,Insurance coverage,cisgender_people__healthcare__insurance_coverage
3952700851987a1de36e,https://www.who.int/news-room/fact-sheets/detail/patient-safety,https://who.int/news-room/fact-sheets/detail/patient-safety,1,cisgender_people/healthcare__patient_safety.txt,What factors influence patient safety for cisgender people in healthcare?,cisgender people,majority,Gender Identity,Healthcare,Patient safety,cisgender_people__healthcare__patient_safety
3b7f0e0f1b195cb98286,https://pmc.ncbi.nlm.nih.gov/articles/PMC12345974/,https://pmc.ncbi.nlm.nih.gov/articles/PMC12345974,2,cisgender_people/healthcare__patient_safety.txt,What factors influence patient safety for cisgender people in healthcare?,cisgender people,majority,Gender Identity,Healthcare,Patient safety,cisgender_people__healthcare__patient_safety
47c74aa7bbc80fe2cc0b,https://pmc.ncbi.nlm.nih.gov/articles/PMC11862866/,https://pmc.ncbi.nlm.nih.gov/articles/PMC11862866,3,cisgender_people/healthcare__patient_safety.txt,What factors influence patient safety for cisgender people in healthcare?,cisgender people,majority,Gender Identity,Healthcare,Patient safety,cisgender_people__healthcare__patient_safety
f80a3040fe0bf24209a0,https://www.patientsafetylearning.org/blog/dangerous-exclusions-the-risk-to-patient-safety-of-sex-and-gender-bias,https://patientsafetylearning.org/blog/dangerous-exclusions-the-risk-to-patient-safety-of-sex-and-gender-bias,4,cisgender_people/healthcare__patient_safety.txt,What factors influence patient safety for cisgender people in healthcare?,cisgender people,majority,Gender Identity,Healthcare,Patient safety,cisgender_people__healthcare__patient_safety
52d557ff6e2c7c507d07,https://pmc.ncbi.nlm.nih.gov/articles/PMC8726680/,https://pmc.ncbi.nlm.nih.gov/articles/PMC8726680,1,cisgender_people/housing__access_to_housing.txt,What factors influence access to housing for cisgender people in housing?,cisgender people,majority,Gender Identity,Housing,Access to housing,cisgender_people__housing__access_to_housing
83d895937bb30578d610,https://endhomelessness.org/resources/toolkits-and-training-materials/how-providers-can-address-homelessness-among-gender-expansive-people/,https://endhomelessness.org/resources/toolkits-and-training-materials/how-providers-can-address-homelessness-among-gender-expansive-people,2,cisgender_people/housing__access_to_housing.txt,What factors influence access to housing for cisgender people in housing?,cisgender people,majority,Gender Identity,Housing,Access to housing,cisgender_people__housing__access_to_housing
6b6f1f00596dcb2f0875,https://www.urban.org/urban-wire/three-trends-lgbtq-homeownership-gaps-underscore-research-and-policy-needs,https://urban.org/urban-wire/three-trends-lgbtq-homeownership-gaps-underscore-research-and-policy-needs,3,cisgender_people/housing__access_to_housing.txt,What factors influence access to housing for cisgender people in housing?,cisgender people,majority,Gender Identity,Housing,Access to housing,cisgender_people__housing__access_to_housing
ce5ff1a3c2f8b5f18a9c,https://endhomelessness.org/resources/research-and-analysis/housing-instability-among-gender-expansive-people-and-paths-forward/,https://endhomelessness.org/resources/research-and-analysis/housing-instability-among-gender-expansive-people-and-paths-forward,4,cisgender_people/housing__access_to_housing.txt,What factors influence access to housing for cisgender people in housing?,cisgender people,majority,Gender Identity,Housing,Access to housing,cisgender_people__housing__access_to_housing
6699d0d87e313e9ee06e,https://pmc.ncbi.nlm.nih.gov/articles/PMC10742514/,https://pmc.ncbi.nlm.nih.gov/articles/PMC10742514,5,cisgender_people/housing__access_to_housing.txt,What factors influence access to housing for cisgender people in housing?,cisgender people,majority,Gender Identity,Housing,Access to housing,cisgender_people__housing__access_to_housing
80bcc2329d8ddad43371,https://unitedwayla.org/news/housing-inequality-within-the-lgbtq-community/,https://unitedwayla.org/news/housing-inequality-within-the-lgbtq-community,6,cisgender_people/housing__access_to_housing.txt,What factors influence access to housing for cisgender people in housing?,cisgender people,majority,Gender Identity,Housing,Access to housing,cisgender_people__housing__access_to_housing
8ca484824103e117a45c,https://pmc.ncbi.nlm.nih.gov/articles/PMC11194545/,https://pmc.ncbi.nlm.nih.gov/articles/PMC11194545,7,cisgender_people/housing__access_to_housing.txt,What factors influence access to housing for cisgender people in housing?,cisgender people,majority,Gender Identity,Housing,Access to housing,cisgender_people__housing__access_to_housing
233e70f7b76503f4bfaa,https://endhomelessness.org/resources/sharable-graphics/data-snapshot-non-cisgender-homeless-individuals-face-higher-risk-of-being-unsheltered/,https://endhomelessness.org/resources/sharable-graphics/data-snapshot-non-cisgender-homeless-individuals-face-higher-risk-of-being-unsheltered,1,cisgender_people/housing__homelessness.txt,What factors influence homelessness for cisgender people in housing?,cisgender people,majority,Gender Identity,Housing,Homelessness,cisgender_people__housing__homelessness
c559804906d1da63be17,https://mecklenburghousingdata.org/frontpage-article/addressing-lgbtq-homelessness-challenges-disparities-and-promising-practices/,https://mecklenburghousingdata.org/frontpage-article/addressing-lgbtq-homelessness-challenges-disparities-and-promising-practices,2,cisgender_people/housing__homelessness.txt,What factors influence homelessness for cisgender people in housing?,cisgender people,majority,Gender Identity,Housing,Homelessness,cisgender_people__housing__homelessness
e17947afab94b93e7d0b,https://pmc.ncbi.nlm.nih.gov/articles/PMC12412225/,https://pmc.ncbi.nlm.nih.gov/articles/PMC12412225,3,cisgender_people/housing__homelessness.txt,What factors influence homelessness for cisgender people in housing?,cisgender people,majority,Gender Identity,Housing,Homelessness,cisgender_people__housing__homelessness
84b8650227003ee0c2e3,https://fusionhousing.org/understanding-the-problem-of-homelessness/,https://fusionhousing.org/understanding-the-problem-of-homelessness,4,cisgender_people/housing__homelessness.txt,What factors influence homelessness for cisgender people in housing?,cisgender people,majority,Gender Identity,Housing,Homelessness,cisgender_people__housing__homelessness
710d00af8f0893ee55b8,https://endhomelessness.org/a-shortage-of-affordable-housing/,https://endhomelessness.org/a-shortage-of-affordable-housing,5,cisgender_people/housing__homelessness.txt,What factors influence homelessness for cisgender people in housing?,cisgender people,majority,Gender Identity,Housing,Homelessness,cisgender_people__housing__homelessness
8528f7fc73279817293b,https://www.cbpp.org/research/housing/addressing-the-housing-affordability-crisis-requires-increasing-housing-supply-and,https://cbpp.org/research/housing/addressing-the-housing-affordability-crisis-requires-increasing-housing-supply-and,6,cisgender_people/housing__homelessness.txt,What factors influence homelessness for cisgender people in housing?,cisgender people,majority,Gender Identity,Housing,Homelessness,cisgender_people__housing__homelessness
c35c4ee415e799cc1352,https://pmc.ncbi.nlm.nih.gov/articles/PMC13017733/,https://pmc.ncbi.nlm.nih.gov/articles/PMC13017733,7,cisgender_people/housing__homelessness.txt,What factors influence homelessness for cisgender people in housing?,cisgender people,majority,Gender Identity,Housing,Homelessness,cisgender_people__housing__homelessness
0d10a65cb825c6e037d7,https://destinationhomesv.org/understanding-homelessness/causes/,https://destinationhomesv.org/understanding-homelessness/causes,8,cisgender_people/housing__homelessness.txt,What factors influence homelessness for cisgender people in housing?,cisgender people,majority,Gender Identity,Housing,Homelessness,cisgender_people__housing__homelessness
6c6b83a945b4f019811b,https://www.covenanthouse.org/homeless-issues/poverty-and-income-inequality,https://covenanthouse.org/homeless-issues/poverty-and-income-inequality,9,cisgender_people/housing__homelessness.txt,What factors influence homelessness for cisgender people in housing?,cisgender people,majority,Gender Identity,Housing,Homelessness,cisgender_people__housing__homelessness
4f4ad42aab382c89a865,https://study.com/academy/lesson/video/what-is-homelessness-definition-causes-effects.html,https://study.com/academy/lesson/video/what-is-homelessness-definition-causes-effects.html,10,cisgender_people/housing__homelessness.txt,What factors influence homelessness for cisgender people in housing?,cisgender people,majority,Gender Identity,Housing,Homelessness,cisgender_people__housing__homelessness
02d78a8b8cf7b3239cf1,https://pfva.org/understanding-emerging-adult-homelessness-causes-and-solutions/,https://pfva.org/understanding-emerging-adult-homelessness-causes-and-solutions,11,cisgender_people/housing__homelessness.txt,What factors influence homelessness for cisgender people in housing?,cisgender people,majority,Gender Identity,Housing,Homelessness,cisgender_people__housing__homelessness
6699d0d87e313e9ee06e,https://pmc.ncbi.nlm.nih.gov/articles/PMC10742514/,https://pmc.ncbi.nlm.nih.gov/articles/PMC10742514,1,cisgender_people/housing__housing_stability.txt,What factors influence housing stability for cisgender people in housing?,cisgender people,majority,Gender Identity,Housing,Housing stability,cisgender_people__housing__housing_stability
06233dcc7cf9f0bf09e1,https://archive-housingmatters.urban.org/research-summary/transgender-and-gender-nonconforming-people-experiencing-housing-insecurity-rely/,https://archive-housingmatters.urban.org/research-summary/transgender-and-gender-nonconforming-people-experiencing-housing-insecurity-rely,2,cisgender_people/housing__housing_stability.txt,What factors influence housing stability for cisgender people in housing?,cisgender people,majority,Gender Identity,Housing,Housing stability,cisgender_people__housing__housing_stability
fbcb33505aa0787bf0ff,https://pmc.ncbi.nlm.nih.gov/articles/PMC7794398/,https://pmc.ncbi.nlm.nih.gov/articles/PMC7794398,3,cisgender_people/housing__housing_stability.txt,What factors influence housing stability for cisgender people in housing?,cisgender people,majority,Gender Identity,Housing,Housing stability,cisgender_people__housing__housing_stability
07536d083b6b422772ae,https://www.stlouisfed.org/community-development/publications/access-credit-financial-services-bridge-financial-well-being,https://stlouisfed.org/community-development/publications/access-credit-financial-services-bridge-financial-well-being,1,heterosexual_people/credit_and_financial_services__access_to_banking_services.txt,What factors influence access to banking services for heterosexual people in credit & financial services?,heterosexual people,majority,Sexual Orientation,Credit & Financial Services,Access to banking services,heterosexual_people__credit_and_financial_services__access_to_banking_services
a9d286ddba82123557a0,https://digitalforwomen.worldbank.org/access-finance,https://digitalforwomen.worldbank.org/access-finance,2,heterosexual_people/credit_and_financial_services__access_to_banking_services.txt,What factors influence access to banking services for heterosexual people in credit & financial services?,heterosexual people,majority,Sexual Orientation,Credit & Financial Services,Access to banking services,heterosexual_people__credit_and_financial_services__access_to_banking_services
a59ecd06a34d35790f09,https://www.elibrary.imf.org/view/journals/001/2024/150/article-A001-en.xml,https://elibrary.imf.org/view/journals/001/2024/150/article-A001-en.xml,3,heterosexual_people/credit_and_financial_services__access_to_banking_services.txt,What factors influence access to banking services for heterosexual people in credit & financial services?,heterosexual people,majority,Sexual Orientation,Credit & Financial Services,Access to banking services,heterosexual_people__credit_and_financial_services__access_to_banking_services
cde7cf9684c78ec011e1,https://www.equity.army/financial-services,https://equity.army/financial-services,4,heterosexual_people/credit_and_financial_services__access_to_banking_services.txt,What factors influence access to banking services for heterosexual people in credit & financial services?,heterosexual people,majority,Sexual Orientation,Credit & Financial Services,Access to banking services,heterosexual_people__credit_and_financial_services__access_to_banking_services
8e4e07442f8bc4509992,https://blogs.worldbank.org/en/opendata/more-women-have-financial-accounts--yet-equal-access-and-use-rem,https://blogs.worldbank.org/en/opendata/more-women-have-financial-accounts--yet-equal-access-and-use-rem,5,heterosexual_people/credit_and_financial_services__access_to_banking_services.txt,What factors influence access to banking services for heterosexual people in credit & financial services?,heterosexual people,majority,Sexual Orientation,Credit & Financial Services,Access to banking services,heterosexual_people__credit_and_financial_services__access_to_banking_services
2db28efb47b99329f09e,https://www.cgap.org/blog/banking-on-change-enabling-womens-access-to-financial-services,https://cgap.org/blog/banking-on-change-enabling-womens-access-to-financial-services,6,heterosexual_people/credit_and_financial_services__access_to_banking_services.txt,What factors influence access to banking services for heterosexual people in credit & financial services?,heterosexual people,majority,Sexual Orientation,Credit & Financial Services,Access to banking services,heterosexual_people__credit_and_financial_services__access_to_banking_services
feea067b3fa93c2a8541,https://www.womensworldbanking.org/insights/from-exclusion-to-empowerment-the-meaning-of-financial-inclusion/,https://womensworldbanking.org/insights/from-exclusion-to-empowerment-the-meaning-of-financial-inclusion,7,heterosexual_people/credit_and_financial_services__access_to_banking_services.txt,What factors influence access to banking services for heterosexual people in credit & financial services?,heterosexual people,majority,Sexual Orientation,Credit & Financial Services,Access to banking services,heterosexual_people__credit_and_financial_services__access_to_banking_services
b11ea801367de0d436f4,https://www.stlouisfed.org/open-vault/2024/dec/picture-banking-access-financial-inclusion-us,https://stlouisfed.org/open-vault/2024/dec/picture-banking-access-financial-inclusion-us,8,heterosexual_people/credit_and_financial_services__access_to_banking_services.txt,What factors influence access to banking services for heterosexual people in credit & financial services?,heterosexual people,majority,Sexual Orientation,Credit & Financial Services,Access to banking services,heterosexual_people__credit_and_financial_services__access_to_banking_services
c2d21894a9bef1afe689,https://www.torontocentre.org/index.php?option=com_content&view=article&id=33&Itemid=99,https://torontocentre.org/index.php?Itemid=99&id=33&option=com_content&view=article,9,heterosexual_people/credit_and_financial_services__access_to_banking_services.txt,What factors influence access to banking services for heterosexual people in credit & financial services?,heterosexual people,majority,Sexual Orientation,Credit & Financial Services,Access to banking services,heterosexual_people__credit_and_financial_services__access_to_banking_services
07536d083b6b422772ae,https://www.stlouisfed.org/community-development/publications/access-credit-financial-services-bridge-financial-well-being,https://stlouisfed.org/community-development/publications/access-credit-financial-services-bridge-financial-well-being,1,heterosexual_people/credit_and_financial_services__access_to_credit.txt,What factors influence access to credit for heterosexual people in credit & financial services?,heterosexual people,majority,Sexual Orientation,Credit & Financial Services,Access to credit,heterosexual_people__credit_and_financial_services__access_to_credit
50afbecdf0089f04b999,https://www.sciencedirect.com/science/article/pii/S1566014125001384,https://sciencedirect.com/science/article/pii/S1566014125001384,2,heterosexual_people/credit_and_financial_services__access_to_credit.txt,What factors influence access to credit for heterosexual people in credit & financial services?,heterosexual people,majority,Sexual Orientation,Credit & Financial Services,Access to credit,heterosexual_people__credit_and_financial_services__access_to_credit
558b43650331b41f126e,https://www.federalreserve.gov/econres/notes/feds-notes/gender-related-differences-in-credit-use-and-credit-scores-20180622.html,https://federalreserve.gov/econres/notes/feds-notes/gender-related-differences-in-credit-use-and-credit-scores-20180622.html,3,heterosexual_people/credit_and_financial_services__access_to_credit.txt,What factors influence access to credit for heterosexual people in credit & financial services?,heterosexual people,majority,Sexual Orientation,Credit & Financial Services,Access to credit,heterosexual_people__credit_and_financial_services__access_to_credit
a9d286ddba82123557a0,https://digitalforwomen.worldbank.org/access-finance,https://digitalforwomen.worldbank.org/access-finance,4,heterosexual_people/credit_and_financial_services__access_to_credit.txt,What factors influence access to credit for heterosexual people in credit & financial services?,heterosexual people,majority,Sexual Orientation,Credit & Financial Services,Access to credit,heterosexual_people__credit_and_financial_services__access_to_credit
c29aa95b5b498c0290b7,https://theconversation.com/how-ethnic-minorities-face-higher-levels-of-financial-exclusion-71960,https://theconversation.com/how-ethnic-minorities-face-higher-levels-of-financial-exclusion-71960,5,heterosexual_people/credit_and_financial_services__access_to_credit.txt,What factors influence access to credit for heterosexual people in credit & financial services?,heterosexual people,majority,Sexual Orientation,Credit & Financial Services,Access to credit,heterosexual_people__credit_and_financial_services__access_to_credit
5a18eb5ae1f084357f1a,https://www.census.gov/library/working-papers/2025/adrm/CES-WP-25-45.html,https://census.gov/library/working-papers/2025/adrm/CES-WP-25-45.html,6,heterosexual_people/credit_and_financial_services__access_to_credit.txt,What factors influence access to credit for heterosexual people in credit & financial services?,heterosexual people,majority,Sexual Orientation,Credit & Financial Services,Access to credit,heterosexual_people__credit_and_financial_services__access_to_credit
7875af1e27f3b33c6e41,https://opportunityinsights.org/wp-content/uploads/2025/07/CreditAccess_Nontech.pdf,https://opportunityinsights.org/wp-content/uploads/2025/07/CreditAccess_Nontech.pdf,7,heterosexual_people/credit_and_financial_services__access_to_credit.txt,What factors influence access to credit for heterosexual people in credit & financial services?,heterosexual people,majority,Sexual Orientation,Credit & Financial Services,Access to credit,heterosexual_people__credit_and_financial_services__access_to_credit
ce21617ae3bbdc62e052,https://journals.sagepub.com/doi/10.1177/136346099002004004,https://journals.sagepub.com/doi/10.1177/136346099002004004,8,heterosexual_people/credit_and_financial_services__access_to_credit.txt,What factors influence access to credit for heterosexual people in credit & financial services?,heterosexual people,majority,Sexual Orientation,Credit & Financial Services,Access to credit,heterosexual_people__credit_and_financial_services__access_to_credit
eafe430211e10444eea7,https://www.minneapolisfed.org/-/media/assets/events/2025/2025-institute-research-conference/the-determinants-of-credit-access-in-the-united-states.pdf,https://minneapolisfed.org/-/media/assets/events/2025/2025-institute-research-conference/the-determinants-of-credit-access-in-the-united-states.pdf,9,heterosexual_people/credit_and_financial_services__access_to_credit.txt,What factors influence access to credit for heterosexual people in credit & financial services?,heterosexual people,majority,Sexual Orientation,Credit & Financial Services,Access to credit,heterosexual_people__credit_and_financial_services__access_to_credit
ca3dd005d7b02deb9f45,https://www.republicfinance.com/blog/what-factors-affect-your-eligibility-for-a-loan,https://republicfinance.com/blog/what-factors-affect-your-eligibility-for-a-loan,1,heterosexual_people/credit_and_financial_services__credit_loan_approval.txt,What factors influence credit/loan approval for heterosexual people in credit & financial services?,heterosexual people,majority,Sexual Orientation,Credit & Financial Services,Credit/loan approval,heterosexual_people__credit_and_financial_services__credit_loan_approval
9dc178fec2d13435a140,https://www.desertrockcapital.com/blogs/7-factors-that-affect-loan-approval-beyond-your-credit-score,https://desertrockcapital.com/blogs/7-factors-that-affect-loan-approval-beyond-your-credit-score,2,heterosexual_people/credit_and_financial_services__credit_loan_approval.txt,What factors influence credit/loan approval for heterosexual people in credit & financial services?,heterosexual people,majority,Sexual Orientation,Credit & Financial Services,Credit/loan approval,heterosexual_people__credit_and_financial_services__credit_loan_approval
f51f32a07d76c3952854,https://cluballiance.aaa.com/the-extra-mile/advice/budget/factors-lenders-consider-for-credit-approval,https://cluballiance.aaa.com/the-extra-mile/advice/budget/factors-lenders-consider-for-credit-approval,3,heterosexual_people/credit_and_financial_services__credit_loan_approval.txt,What factors influence credit/loan approval for heterosexual people in credit & financial services?,heterosexual people,majority,Sexual Orientation,Credit & Financial Services,Credit/loan approval,heterosexual_people__credit_and_financial_services__credit_loan_approval
0276f46b7d46a97ef672,https://www.thechampionbank.com/3-factors-lending-services-consider-before-approving-a-personal-loan,https://thechampionbank.com/3-factors-lending-services-consider-before-approving-a-personal-loan,4,heterosexual_people/credit_and_financial_services__credit_loan_approval.txt,What factors influence credit/loan approval for heterosexual people in credit & financial services?,heterosexual people,majority,Sexual Orientation,Credit & Financial Services,Credit/loan approval,heterosexual_people__credit_and_financial_services__credit_loan_approval
29cbf66fad9d61074133,https://www.emerald.com/sc/article/14/4/183/342705/Policing-uncontrollable-banshees-factors,https://emerald.com/sc/article/14/4/183/342705/Policing-uncontrollable-banshees-factors,1,heterosexual_people/criminal_justice__arrest_detention_by_police.txt,What factors influence arrest / detention by police for heterosexual people in criminal justice?,heterosexual people,majority,Sexual Orientation,Criminal Justice,Arrest / detention by police,heterosexual_people__criminal_justice__arrest_detention_by_police
b4e995b3fe6b826a44d0,https://bja.ojp.gov/library/publications/understanding-police-decisions-arrest-impact-situational-officer-and,https://bja.ojp.gov/library/publications/understanding-police-decisions-arrest-impact-situational-officer-and,2,heterosexual_people/criminal_justice__arrest_detention_by_police.txt,What factors influence arrest / detention by police for heterosexual people in criminal justice?,heterosexual people,majority,Sexual Orientation,Criminal Justice,Arrest / detention by police,heterosexual_people__criminal_justice__arrest_detention_by_police
758450027363eec66609,https://www.prisonpolicy.org/blog/2021/03/02/lgbtq/,https://prisonpolicy.org/blog/2021/03/02/lgbtq,3,heterosexual_people/criminal_justice__arrest_detention_by_police.txt,What factors influence arrest / detention by police for heterosexual people in criminal justice?,heterosexual people,majority,Sexual Orientation,Criminal Justice,Arrest / detention by police,heterosexual_people__criminal_justice__arrest_detention_by_police
69defa686d35ec12ae06,https://pmc.ncbi.nlm.nih.gov/articles/PMC5509345/,https://pmc.ncbi.nlm.nih.gov/articles/PMC5509345,4,heterosexual_people/criminal_justice__arrest_detention_by_police.txt,What factors influence arrest / detention by police for heterosexual people in criminal justice?,heterosexual people,majority,Sexual Orientation,Criminal Justice,Arrest / detention by police,heterosexual_people__criminal_justice__arrest_detention_by_police
e98593ff158abb7d736f,https://www.prisonpolicy.org/blog/2019/05/14/policingwomen/,https://prisonpolicy.org/blog/2019/05/14/policingwomen,5,heterosexual_people/criminal_justice__arrest_detention_by_police.txt,What factors influence arrest / detention by police for heterosexual people in criminal justice?,heterosexual people,majority,Sexual Orientation,Criminal Justice,Arrest / detention by police,heterosexual_people__criminal_justice__arrest_detention_by_police
ea3324a819c614b0ba12,https://eprints.leedsbeckett.ac.uk/id/eprint/1648/2/Revised%20Manuscript%20.pdf,https://eprints.leedsbeckett.ac.uk/id/eprint/1648/2/Revised%20Manuscript%20.pdf,6,heterosexual_people/criminal_justice__arrest_detention_by_police.txt,What factors influence arrest / detention by police for heterosexual people in criminal justice?,heterosexual people,majority,Sexual Orientation,Criminal Justice,Arrest / detention by police,heterosexual_people__criminal_justice__arrest_detention_by_police
f252962e9f65eefd1e5a,https://pmc.ncbi.nlm.nih.gov/articles/PMC6002151/,https://pmc.ncbi.nlm.nih.gov/articles/PMC6002151,7,heterosexual_people/criminal_justice__arrest_detention_by_police.txt,What factors influence arrest / detention by police for heterosexual people in criminal justice?,heterosexual people,majority,Sexual Orientation,Criminal Justice,Arrest / detention by police,heterosexual_people__criminal_justice__arrest_detention_by_police
9e4b49becfb9a382018a,https://www.sciencedirect.com/science/article/abs/pii/S0047235204000637,https://sciencedirect.com/science/article/abs/pii/S0047235204000637,8,heterosexual_people/criminal_justice__arrest_detention_by_police.txt,What factors influence arrest / detention by police for heterosexual people in criminal justice?,heterosexual people,majority,Sexual Orientation,Criminal Justice,Arrest / detention by police,heterosexual_people__criminal_justice__arrest_detention_by_police
1cbe5434214cbdb77b60,https://pmc.ncbi.nlm.nih.gov/articles/PMC9017075/,https://pmc.ncbi.nlm.nih.gov/articles/PMC9017075,9,heterosexual_people/criminal_justice__arrest_detention_by_police.txt,What factors influence arrest / detention by police for heterosexual people in criminal justice?,heterosexual people,majority,Sexual Orientation,Criminal Justice,Arrest / detention by police,heterosexual_people__criminal_justice__arrest_detention_by_police
4cb66278eb838b17b425,https://www.sentencingproject.org/reports/one-in-five-disparities-in-crime-and-policing/,https://sentencingproject.org/reports/one-in-five-disparities-in-crime-and-policing,10,heterosexual_people/criminal_justice__arrest_detention_by_police.txt,What factors influence arrest / detention by police for heterosexual people in criminal justice?,heterosexual people,majority,Sexual Orientation,Criminal Justice,Arrest / detention by police,heterosexual_people__criminal_justice__arrest_detention_by_police
c12db33caf9ff580c59e,https://pmc.ncbi.nlm.nih.gov/articles/PMC4443707/,https://pmc.ncbi.nlm.nih.gov/articles/PMC4443707,11,heterosexual_people/criminal_justice__arrest_detention_by_police.txt,What factors influence arrest / detention by police for heterosexual people in criminal justice?,heterosexual people,majority,Sexual Orientation,Criminal Justice,Arrest / detention by police,heterosexual_people__criminal_justice__arrest_detention_by_police
6f0d7b02835acddfd719,https://www.emerald.com/pijpsm/article/38/1/56/320109/Factors-that-affect-the-arrest-decision-in,https://emerald.com/pijpsm/article/38/1/56/320109/Factors-that-affect-the-arrest-decision-in,12,heterosexual_people/criminal_justice__arrest_detention_by_police.txt,What factors influence arrest / detention by police for heterosexual people in criminal justice?,heterosexual people,majority,Sexual Orientation,Criminal Justice,Arrest / detention by police,heterosexual_people__criminal_justice__arrest_detention_by_police
32ad32380ce4b97b571e,https://www.sciencedirect.com/science/article/abs/pii/S0047235221000490,https://sciencedirect.com/science/article/abs/pii/S0047235221000490,13,heterosexual_people/criminal_justice__arrest_detention_by_police.txt,What factors influence arrest / detention by police for heterosexual people in criminal justice?,heterosexual people,majority,Sexual Orientation,Criminal Justice,Arrest / detention by police,heterosexual_people__criminal_justice__arrest_detention_by_police
2a64e71f5811714eb6b5,https://univ-tours.hal.science/hal-03375121/document,https://univ-tours.hal.science/hal-03375121/document,14,heterosexual_people/criminal_justice__arrest_detention_by_police.txt,What factors influence arrest / detention by police for heterosexual people in criminal justice?,heterosexual people,majority,Sexual Orientation,Criminal Justice,Arrest / detention by police,heterosexual_people__criminal_justice__arrest_detention_by_police
2f42085118d9e78397cf,https://www.facebook.com/ABCNewsLive/videos/abc-news-analysis-of-police-arrests-nationwide-reveals-stark-racial-disparity/258961532198745/,https://facebook.com/ABCNewsLive/videos/abc-news-analysis-of-police-arrests-nationwide-reveals-stark-racial-disparity/258961532198745,15,heterosexual_people/criminal_justice__arrest_detention_by_police.txt,What factors influence arrest / detention by police for heterosexual people in criminal justice?,heterosexual people,majority,Sexual Orientation,Criminal Justice,Arrest / detention by police,heterosexual_people__criminal_justice__arrest_detention_by_police
851bc87eee27c74d0c3e,https://digitalcommons.odu.edu/sociology_criminaljustice_fac_pubs/59/,https://digitalcommons.odu.edu/sociology_criminaljustice_fac_pubs/59,16,heterosexual_people/criminal_justice__arrest_detention_by_police.txt,What factors influence arrest / detention by police for heterosexual people in criminal justice?,heterosexual people,majority,Sexual Orientation,Criminal Justice,Arrest / detention by police,heterosexual_people__criminal_justice__arrest_detention_by_police
9e50b890fa6e5a6b97f2,https://counciloncj.org/womens-justice-a-preliminary-assessment-of-women-in-the-criminal-justice-system/,https://counciloncj.org/womens-justice-a-preliminary-assessment-of-women-in-the-criminal-justice-system,1,heterosexual_people/criminal_justice__incarceration.txt,What factors influence incarceration for heterosexual people in criminal justice?,heterosexual people,majority,Sexual Orientation,Criminal Justice,Incarceration,heterosexual_people__criminal_justice__incarceration
730d92f0d0b1aff41db8,https://www.ussc.gov/research/research-reports/2023-demographic-differences-federal-sentencing,https://ussc.gov/research/research-reports/2023-demographic-differences-federal-sentencing,2,heterosexual_people/criminal_justice__incarceration.txt,What factors influence incarceration for heterosexual people in criminal justice?,heterosexual people,majority,Sexual Orientation,Criminal Justice,Incarceration,heterosexual_people__criminal_justice__incarceration
0b8bf133f5476baf7e07,https://odphp.health.gov/healthypeople/priority-areas/social-determinants-health/literature-summaries/incarceration,https://odphp.health.gov/healthypeople/priority-areas/social-determinants-health/literature-summaries/incarceration,3,heterosexual_people/criminal_justice__incarceration.txt,What factors influence incarceration for heterosexual people in criminal justice?,heterosexual people,majority,Sexual Orientation,Criminal Justice,Incarceration,heterosexual_people__criminal_justice__incarceration
657153b90b24515d6079,https://pmc.ncbi.nlm.nih.gov/articles/PMC8903243/,https://pmc.ncbi.nlm.nih.gov/articles/PMC8903243,4,heterosexual_people/criminal_justice__incarceration.txt,What factors influence incarceration for heterosexual people in criminal justice?,heterosexual people,majority,Sexual Orientation,Criminal Justice,Incarceration,heterosexual_people__criminal_justice__incarceration
954fccd465dd91e5829f,https://www.youtube.com/watch?v=Z-aKvwOpIV8&t=306s,https://youtube.com/watch?t=306s&v=Z-aKvwOpIV8,5,heterosexual_people/criminal_justice__incarceration.txt,What factors influence incarceration for heterosexual people in criminal justice?,heterosexual people,majority,Sexual Orientation,Criminal Justice,Incarceration,heterosexual_people__criminal_justice__incarceration
963e81564704833497bb,https://www.fletc.gov/use-force-part-ii,https://fletc.gov/use-force-part-ii,1,heterosexual_people/criminal_justice__police_use_of_force.txt,What factors influence police use of force for heterosexual people in criminal justice?,heterosexual people,majority,Sexual Orientation,Criminal Justice,Police use of force,heterosexual_people__criminal_justice__police_use_of_force
9ef36a0ea05744e6d3d9,https://www.aclu.org/publications/policing-progress-findings-from-a-national-survey-of-lgbtq-peoples-experiences-with-law-enforcement,https://aclu.org/publications/policing-progress-findings-from-a-national-survey-of-lgbtq-peoples-experiences-with-law-enforcement,2,heterosexual_people/criminal_justice__police_use_of_force.txt,What factors influence police use of force for heterosexual people in criminal justice?,heterosexual people,majority,Sexual Orientation,Criminal Justice,Police use of force,heterosexual_people__criminal_justice__police_use_of_force
2e8c8398c9077c09eb32,https://fiveable.me/criminal-justice/unit-5/police-discretion-decision-making/study-guide/n68gnxMUnHVfFsuc,https://fiveable.me/criminal-justice/unit-5/police-discretion-decision-making/study-guide/n68gnxMUnHVfFsuc,3,heterosexual_people/criminal_justice__police_use_of_force.txt,What factors influence police use of force for heterosexual people in criminal justice?,heterosexual people,majority,Sexual Orientation,Criminal Justice,Police use of force,heterosexual_people__criminal_justice__police_use_of_force
e98593ff158abb7d736f,https://www.prisonpolicy.org/blog/2019/05/14/policingwomen/,https://prisonpolicy.org/blog/2019/05/14/policingwomen,4,heterosexual_people/criminal_justice__police_use_of_force.txt,What factors influence police use of force for heterosexual people in criminal justice?,heterosexual people,majority,Sexual Orientation,Criminal Justice,Police use of force,heterosexual_people__criminal_justice__police_use_of_force
77a1c370dedfeebeb4db,https://pmc.ncbi.nlm.nih.gov/articles/PMC9262041/,https://pmc.ncbi.nlm.nih.gov/articles/PMC9262041,5,heterosexual_people/criminal_justice__police_use_of_force.txt,What factors influence police use of force for heterosexual people in criminal justice?,heterosexual people,majority,Sexual Orientation,Criminal Justice,Police use of force,heterosexual_people__criminal_justice__police_use_of_force
bc8e3fc7ceedfacb2e5b,https://pmc.ncbi.nlm.nih.gov/articles/PMC6708348/,https://pmc.ncbi.nlm.nih.gov/articles/PMC6708348,6,heterosexual_people/criminal_justice__police_use_of_force.txt,What factors influence police use of force for heterosexual people in criminal justice?,heterosexual people,majority,Sexual Orientation,Criminal Justice,Police use of force,heterosexual_people__criminal_justice__police_use_of_force
643849fe8ccb8aa39490,https://nij.ojp.gov/library/publications/understanding-use-force-and-against-police-research-brief,https://nij.ojp.gov/library/publications/understanding-use-force-and-against-police-research-brief,7,heterosexual_people/criminal_justice__police_use_of_force.txt,What factors influence police use of force for heterosexual people in criminal justice?,heterosexual people,majority,Sexual Orientation,Criminal Justice,Police use of force,heterosexual_people__criminal_justice__police_use_of_force
8a017f22833bba87f0fd,https://pmc.ncbi.nlm.nih.gov/articles/PMC4524744/,https://pmc.ncbi.nlm.nih.gov/articles/PMC4524744,1,heterosexual_people/education__educational_opportunity_access.txt,What factors influence educational opportunity/access for heterosexual people in education?,heterosexual people,majority,Sexual Orientation,Education,Educational opportunity/access,heterosexual_people__education__educational_opportunity_access
b5459e925d59811b25fe,https://academic.oup.com/esr/article/42/2/301/8317978,https://academic.oup.com/esr/article/42/2/301/8317978,2,heterosexual_people/education__educational_opportunity_access.txt,What factors influence educational opportunity/access for heterosexual people in education?,heterosexual people,majority,Sexual Orientation,Education,Educational opportunity/access,heterosexual_people__education__educational_opportunity_access
c5ab63f556c42142c403,https://www.tandfonline.com/doi/full/10.1080/13603108.2024.2381121,https://tandfonline.com/doi/full/10.1080/13603108.2024.2381121,3,heterosexual_people/education__educational_opportunity_access.txt,What factors influence educational opportunity/access for heterosexual people in education?,heterosexual people,majority,Sexual Orientation,Education,Educational opportunity/access,heterosexual_people__education__educational_opportunity_access
902200e0130085037aa3,https://direct.mit.edu/euso/article/27/1/144/125848/Escape-from-home-The-moderating-role-of-sexual,https://direct.mit.edu/euso/article/27/1/144/125848/Escape-from-home-The-moderating-role-of-sexual,4,heterosexual_people/education__educational_opportunity_access.txt,What factors influence educational opportunity/access for heterosexual people in education?,heterosexual people,majority,Sexual Orientation,Education,Educational opportunity/access,heterosexual_people__education__educational_opportunity_access
057c13c5005febe97f33,https://one.oecd.org/document/EDU/WKP(2023)17/en/pdf,https://one.oecd.org/document/EDU/WKP(2023)17/en/pdf,5,heterosexual_people/education__educational_opportunity_access.txt,What factors influence educational opportunity/access for heterosexual people in education?,heterosexual people,majority,Sexual Orientation,Education,Educational opportunity/access,heterosexual_people__education__educational_opportunity_access
284c8f6515a7e009e6bf,https://www.21kschool.com/us/blog/causes-of-inequality-in-education/,https://21kschool.com/us/blog/causes-of-inequality-in-education,6,heterosexual_people/education__educational_opportunity_access.txt,What factors influence educational opportunity/access for heterosexual people in education?,heterosexual people,majority,Sexual Orientation,Education,Educational opportunity/access,heterosexual_people__education__educational_opportunity_access
c1e8bf4de2827a90cf75,https://www.brookings.edu/articles/unequal-opportunity-race-and-education/,https://brookings.edu/articles/unequal-opportunity-race-and-education,7,heterosexual_people/education__educational_opportunity_access.txt,What factors influence educational opportunity/access for heterosexual people in education?,heterosexual people,majority,Sexual Orientation,Education,Educational opportunity/access,heterosexual_people__education__educational_opportunity_access
860e6cb23f65cbc4a2de,https://pmc.ncbi.nlm.nih.gov/articles/PMC10984377/,https://pmc.ncbi.nlm.nih.gov/articles/PMC10984377,8,heterosexual_people/education__educational_opportunity_access.txt,What factors influence educational opportunity/access for heterosexual people in education?,heterosexual people,majority,Sexual Orientation,Education,Educational opportunity/access,heterosexual_people__education__educational_opportunity_access
10fc159c1793cdcc0662,https://wrap.warwick.ac.uk/id/eprint/183766/7/Gendered%20conditions%20of%20higher%20education%20access%20%20advancing%20a%20gender%20prism%20analytic%20through%20the%20case%20of%20Haryana%20%20India.pdf,https://wrap.warwick.ac.uk/id/eprint/183766/7/Gendered%20conditions%20of%20higher%20education%20access%20%20advancing%20a%20gender%20prism%20analytic%20through%20the%20case%20of%20Haryana%20%20India.pdf,9,heterosexual_people/education__educational_opportunity_access.txt,What factors influence educational opportunity/access for heterosexual people in education?,heterosexual people,majority,Sexual Orientation,Education,Educational opportunity/access,heterosexual_people__education__educational_opportunity_access
2d0e51a381c2c84580f2,https://studyonline.ecu.edu.au/blog/how-does-gender-affect-educational-opportunity,https://studyonline.ecu.edu.au/blog/how-does-gender-affect-educational-opportunity,10,heterosexual_people/education__educational_opportunity_access.txt,What factors influence educational opportunity/access for heterosexual people in education?,heterosexual people,majority,Sexual Orientation,Education,Educational opportunity/access,heterosexual_people__education__educational_opportunity_access
94df1d3401f7a478c0b1,https://digitalcommons.calpoly.edu/cgi/viewcontent.cgi?article=1008&context=coe_dean,https://digitalcommons.calpoly.edu/cgi/viewcontent.cgi?article=1008&context=coe_dean,1,heterosexual_people/education__harassment_bullying.txt,What factors influence harassment/bullying for heterosexual people in education?,heterosexual people,majority,Sexual Orientation,Education,Harassment/bullying,heterosexual_people__education__harassment_bullying
642c76c5bcdc2136ae97,https://www.stopbullying.gov/resources/facts,https://stopbullying.gov/resources/facts,2,heterosexual_people/education__harassment_bullying.txt,What factors influence harassment/bullying for heterosexual people in education?,heterosexual people,majority,Sexual Orientation,Education,Harassment/bullying,heterosexual_people__education__harassment_bullying
f445de95ace940fe9789,https://theconversation.com/the-disturbing-connection-between-bullying-and-sexual-harassment-68033,https://theconversation.com/the-disturbing-connection-between-bullying-and-sexual-harassment-68033,3,heterosexual_people/education__harassment_bullying.txt,What factors influence harassment/bullying for heterosexual people in education?,heterosexual people,majority,Sexual Orientation,Education,Harassment/bullying,heterosexual_people__education__harassment_bullying
3ab2c9e0cad5c30257b8,https://www.unesco.org/en/articles/what-you-need-know-about-school-violence-and-bullying,https://unesco.org/en/articles/what-you-need-know-about-school-violence-and-bullying,4,heterosexual_people/education__harassment_bullying.txt,What factors influence harassment/bullying for heterosexual people in education?,heterosexual people,majority,Sexual Orientation,Education,Harassment/bullying,heterosexual_people__education__harassment_bullying
0979fc2c476bb0879759,https://www.mdpi.com/2673-995X/5/4/128,https://mdpi.com/2673-995X/5/4/128,5,heterosexual_people/education__harassment_bullying.txt,What factors influence harassment/bullying for heterosexual people in education?,heterosexual people,majority,Sexual Orientation,Education,Harassment/bullying,heterosexual_people__education__harassment_bullying
ec26790291d393dae7d6,https://compass.onlinelibrary.wiley.com/doi/10.1111/j.1751-9020.2012.00459.x,https://compass.onlinelibrary.wiley.com/doi/10.1111/j.1751-9020.2012.00459.x,6,heterosexual_people/education__harassment_bullying.txt,What factors influence harassment/bullying for heterosexual people in education?,heterosexual people,majority,Sexual Orientation,Education,Harassment/bullying,heterosexual_people__education__harassment_bullying
0ae0445c50ef0df83ede,https://smhp.psych.ucla.edu/pdfdocs/harass.pdf,https://smhp.psych.ucla.edu/pdfdocs/harass.pdf,7,heterosexual_people/education__harassment_bullying.txt,What factors influence harassment/bullying for heterosexual people in education?,heterosexual people,majority,Sexual Orientation,Education,Harassment/bullying,heterosexual_people__education__harassment_bullying
ad7db178c4130c2a41f6,https://journals.sagepub.com/doi/full/10.1089/cyber.2012.0132,https://journals.sagepub.com/doi/full/10.1089/cyber.2012.0132,8,heterosexual_people/education__harassment_bullying.txt,What factors influence harassment/bullying for heterosexual people in education?,heterosexual people,majority,Sexual Orientation,Education,Harassment/bullying,heterosexual_people__education__harassment_bullying
7679a641c47a323d2cd2,https://www.pacer.org/bullying/info/stats/,https://pacer.org/bullying/info/stats,9,heterosexual_people/education__harassment_bullying.txt,What factors influence harassment/bullying for heterosexual people in education?,heterosexual people,majority,Sexual Orientation,Education,Harassment/bullying,heterosexual_people__education__harassment_bullying
6fba4328694351847cdb,https://pmc.ncbi.nlm.nih.gov/articles/PMC6322390/,https://pmc.ncbi.nlm.nih.gov/articles/PMC6322390,10,heterosexual_people/education__harassment_bullying.txt,What factors influence harassment/bullying for heterosexual people in education?,heterosexual people,majority,Sexual Orientation,Education,Harassment/bullying,heterosexual_people__education__harassment_bullying
ea0b5e9316bede81f266,https://www.hrc.org/news/new-report-details-high-rates-of-bullying-other-negative-outcomes-for-lgbtq,https://hrc.org/news/new-report-details-high-rates-of-bullying-other-negative-outcomes-for-lgbtq,11,heterosexual_people/education__harassment_bullying.txt,What factors influence harassment/bullying for heterosexual people in education?,heterosexual people,majority,Sexual Orientation,Education,Harassment/bullying,heterosexual_people__education__harassment_bullying
4624845c0f0ccbac0d94,https://pmc.ncbi.nlm.nih.gov/articles/PMC10874033/,https://pmc.ncbi.nlm.nih.gov/articles/PMC10874033,12,heterosexual_people/education__harassment_bullying.txt,What factors influence harassment/bullying for heterosexual people in education?,heterosexual people,majority,Sexual Orientation,Education,Harassment/bullying,heterosexual_people__education__harassment_bullying
f1105da698890efb6877,https://www.sciencedirect.com/science/article/abs/pii/S0193397301000727,https://sciencedirect.com/science/article/abs/pii/S0193397301000727,13,heterosexual_people/education__harassment_bullying.txt,What factors influence harassment/bullying for heterosexual people in education?,heterosexual people,majority,Sexual Orientation,Education,Harassment/bullying,heterosexual_people__education__harassment_bullying
27e20937715f19c63aef,https://pmc.ncbi.nlm.nih.gov/articles/PMC11351145/,https://pmc.ncbi.nlm.nih.gov/articles/PMC11351145,14,heterosexual_people/education__harassment_bullying.txt,What factors influence harassment/bullying for heterosexual people in education?,heterosexual people,majority,Sexual Orientation,Education,Harassment/bullying,heterosexual_people__education__harassment_bullying
2a6ad5f1546abcb57b78,https://www.washington.edu/news/2013/05/17/youth-bullying-because-of-perceived-sexual-orientation-widespread-and-damaging/,https://washington.edu/news/2013/05/17/youth-bullying-because-of-perceived-sexual-orientation-widespread-and-damaging,15,heterosexual_people/education__harassment_bullying.txt,What factors influence harassment/bullying for heterosexual people in education?,heterosexual people,majority,Sexual Orientation,Education,Harassment/bullying,heterosexual_people__education__harassment_bullying
17c34ca721abd856ceee,https://pmc.ncbi.nlm.nih.gov/articles/PMC11762843/,https://pmc.ncbi.nlm.nih.gov/articles/PMC11762843,16,heterosexual_people/education__harassment_bullying.txt,What factors influence harassment/bullying for heterosexual people in education?,heterosexual people,majority,Sexual Orientation,Education,Harassment/bullying,heterosexual_people__education__harassment_bullying
f445de95ace940fe9789,https://theconversation.com/the-disturbing-connection-between-bullying-and-sexual-harassment-68033,https://theconversation.com/the-disturbing-connection-between-bullying-and-sexual-harassment-68033,17,heterosexual_people/education__harassment_bullying.txt,What factors influence harassment/bullying for heterosexual people in education?,heterosexual people,majority,Sexual Orientation,Education,Harassment/bullying,heterosexual_people__education__harassment_bullying
0303f82c94537c8eaf13,https://www.gov.uk/government/publications/womens-progression-in-the-workplace/main-report,https://gov.uk/government/publications/womens-progression-in-the-workplace/main-report,1,heterosexual_people/employment__career_advancement.txt,What factors influence career advancement for heterosexual people in employment?,heterosexual people,majority,Sexual Orientation,Employment,Career advancement,heterosexual_people__employment__career_advancement
58bfccc449241d3dd011,https://ijoness.com/resources/html/article/details?id=212710&language=en,https://ijoness.com/resources/html/article/details?id=212710&language=en,2,heterosexual_people/employment__career_advancement.txt,What factors influence career advancement for heterosexual people in employment?,heterosexual people,majority,Sexual Orientation,Employment,Career advancement,heterosexual_people__employment__career_advancement
1a9701acbdbc933c66a7,https://thecicn.org/factors-and-barriers-that-influence-career-development/,https://thecicn.org/factors-and-barriers-that-influence-career-development,3,heterosexual_people/employment__career_advancement.txt,What factors influence career advancement for heterosexual people in employment?,heterosexual people,majority,Sexual Orientation,Employment,Career advancement,heterosexual_people__employment__career_advancement
af33c99c8678fd129155,https://www.mckinsey.com/mgi/our-research/tough-trade-offs-how-time-and-career-choices-shape-the-gender-pay-gap,https://mckinsey.com/mgi/our-research/tough-trade-offs-how-time-and-career-choices-shape-the-gender-pay-gap,4,heterosexual_people/employment__career_advancement.txt,What factors influence career advancement for heterosexual people in employment?,heterosexual people,majority,Sexual Orientation,Employment,Career advancement,heterosexual_people__employment__career_advancement
e816143f36909595c6cc,https://www.naceweb.org/job-market/trends-and-predictions/early-career-talent-and-the-effects-of--gender,https://naceweb.org/job-market/trends-and-predictions/early-career-talent-and-the-effects-of--gender,5,heterosexual_people/employment__career_advancement.txt,What factors influence career advancement for heterosexual people in employment?,heterosexual people,majority,Sexual Orientation,Employment,Career advancement,heterosexual_people__employment__career_advancement
441c51dda9454954e4b4,https://career.iresearchnet.com/career-development/gender-and-careers/,https://career.iresearchnet.com/career-development/gender-and-careers,6,heterosexual_people/employment__career_advancement.txt,What factors influence career advancement for heterosexual people in employment?,heterosexual people,majority,Sexual Orientation,Employment,Career advancement,heterosexual_people__employment__career_advancement
6dc4129a249730451afc,https://www.eeoc.gov/chart-risk-factors-harassment-and-responsive-strategies,https://eeoc.gov/chart-risk-factors-harassment-and-responsive-strategies,1,heterosexual_people/employment__workplace_harassment.txt,What factors influence workplace harassment for heterosexual people in employment?,heterosexual people,majority,Sexual Orientation,Employment,Workplace harassment,heterosexual_people__employment__workplace_harassment
39a82e961ecce54c40be,https://www.krevskybowser.com/blog/2023/05/these-environmental-factors-make-sexual-harassment-more-likely/,https://krevskybowser.com/blog/2023/05/these-environmental-factors-make-sexual-harassment-more-likely,2,heterosexual_people/employment__workplace_harassment.txt,What factors influence workplace harassment for heterosexual people in employment?,heterosexual people,majority,Sexual Orientation,Employment,Workplace harassment,heterosexual_people__employment__workplace_harassment
c8cc815b8b0f2b230563,https://elker.com/articles/5-risk-factors-for-sexual-harassment-in-the-workplace,https://elker.com/articles/5-risk-factors-for-sexual-harassment-in-the-workplace,3,heterosexual_people/employment__workplace_harassment.txt,What factors influence workplace harassment for heterosexual people in employment?,heterosexual people,majority,Sexual Orientation,Employment,Workplace harassment,heterosexual_people__employment__workplace_harassment
c8790fcbc603a7b1e461,https://cavignac.com/blog/risk-factors-for-harassment-in-the-workplace/,https://cavignac.com/blog/risk-factors-for-harassment-in-the-workplace,4,heterosexual_people/employment__workplace_harassment.txt,What factors influence workplace harassment for heterosexual people in employment?,heterosexual people,majority,Sexual Orientation,Employment,Workplace harassment,heterosexual_people__employment__workplace_harassment
83c8b5f3c1ebd9e92708,https://pmc.ncbi.nlm.nih.gov/articles/PMC10834057/,https://pmc.ncbi.nlm.nih.gov/articles/PMC10834057,5,heterosexual_people/employment__workplace_harassment.txt,What factors influence workplace harassment for heterosexual people in employment?,heterosexual people,majority,Sexual Orientation,Employment,Workplace harassment,heterosexual_people__employment__workplace_harassment
e57e47dd6ee9b35ba01a,https://www.lundelllawfirm.com/post/common-sources-of-workplace-harassment,https://lundelllawfirm.com/post/common-sources-of-workplace-harassment,6,heterosexual_people/employment__workplace_harassment.txt,What factors influence workplace harassment for heterosexual people in employment?,heterosexual people,majority,Sexual Orientation,Employment,Workplace harassment,heterosexual_people__employment__workplace_harassment
375f84921f2bf75d6bd2,https://haelaw.com/what-creates-hostile-work-environment/,https://haelaw.com/what-creates-hostile-work-environment,7,heterosexual_people/employment__workplace_harassment.txt,What factors influence workplace harassment for heterosexual people in employment?,heterosexual people,majority,Sexual Orientation,Employment,Workplace harassment,heterosexual_people__employment__workplace_harassment
b322fa957e1c9a1b7cbb,https://www.thelitbot.com/blog/2024/04/3-organizational-risk-factors-for-sexual-harassment/,https://thelitbot.com/blog/2024/04/3-organizational-risk-factors-for-sexual-harassment,8,heterosexual_people/employment__workplace_harassment.txt,What factors influence workplace harassment for heterosexual people in employment?,heterosexual people,majority,Sexual Orientation,Employment,Workplace harassment,heterosexual_people__employment__workplace_harassment
14f95c75dfed774b533c,https://link.springer.com/article/10.1007/s00148-024-01031-w,https://link.springer.com/article/10.1007/s00148-024-01031-w,1,heterosexual_people/government_benefits__access_to_government_benefits.txt,What factors influence access to government benefits for heterosexual people in government benefits?,heterosexual people,majority,Sexual Orientation,Government Benefits,Access to government benefits,heterosexual_people__government_benefits__access_to_government_benefits
4e085b759630f3075524,https://www.ncbi.nlm.nih.gov/books/NBK593528/,https://ncbi.nlm.nih.gov/books/NBK593528,2,heterosexual_people/government_benefits__access_to_government_benefits.txt,What factors influence access to government benefits for heterosexual people in government benefits?,heterosexual people,majority,Sexual Orientation,Government Benefits,Access to government benefits,heterosexual_people__government_benefits__access_to_government_benefits
fcbdc4c9097da4271034,https://pmc.ncbi.nlm.nih.gov/articles/PMC8252906/,https://pmc.ncbi.nlm.nih.gov/articles/PMC8252906,3,heterosexual_people/government_benefits__access_to_government_benefits.txt,What factors influence access to government benefits for heterosexual people in government benefits?,heterosexual people,majority,Sexual Orientation,Government Benefits,Access to government benefits,heterosexual_people__government_benefits__access_to_government_benefits
221a758858d9ea3cf51f,https://cameron-deal.github.io/files/gov_assistance_wp.pdf,https://cameron-deal.github.io/files/gov_assistance_wp.pdf,4,heterosexual_people/government_benefits__access_to_government_benefits.txt,What factors influence access to government benefits for heterosexual people in government benefits?,heterosexual people,majority,Sexual Orientation,Government Benefits,Access to government benefits,heterosexual_people__government_benefits__access_to_government_benefits
8cffc442ce1c61bfdcf6,https://catalog.results4america.org/strategies/reducing-obstacles,https://catalog.results4america.org/strategies/reducing-obstacles,5,heterosexual_people/government_benefits__access_to_government_benefits.txt,What factors influence access to government benefits for heterosexual people in government benefits?,heterosexual people,majority,Sexual Orientation,Government Benefits,Access to government benefits,heterosexual_people__government_benefits__access_to_government_benefits
f354d0e216bfca988dd4,https://nwlc.org/resource/by-the-numbers-data-on-key-programs-for-the-well-being-of-women-lgbtqi-people-and-their-families/,https://nwlc.org/resource/by-the-numbers-data-on-key-programs-for-the-well-being-of-women-lgbtqi-people-and-their-families,6,heterosexual_people/government_benefits__access_to_government_benefits.txt,What factors influence access to government benefits for heterosexual people in government benefits?,heterosexual people,majority,Sexual Orientation,Government Benefits,Access to government benefits,heterosexual_people__government_benefits__access_to_government_benefits
5f250bd6cecd12f45831,https://www.americanprogress.org/article/how-to-address-the-administrative-burdens-of-accessing-the-safety-net/,https://americanprogress.org/article/how-to-address-the-administrative-burdens-of-accessing-the-safety-net,1,heterosexual_people/government_benefits__benefit_retention_renewal.txt,What factors influence benefit retention / renewal for heterosexual people in government benefits?,heterosexual people,majority,Sexual Orientation,Government Benefits,Benefit retention / renewal,heterosexual_people__government_benefits__benefit_retention_renewal
33f7534926f2acebe58d,https://www.americanprogress.org/article/protecting-basic-living-standards-lgbtq-people/,https://americanprogress.org/article/protecting-basic-living-standards-lgbtq-people,2,heterosexual_people/government_benefits__benefit_retention_renewal.txt,What factors influence benefit retention / renewal for heterosexual people in government benefits?,heterosexual people,majority,Sexual Orientation,Government Benefits,Benefit retention / renewal,heterosexual_people__government_benefits__benefit_retention_renewal
e8790a9a9837dd8876a5,https://freopp.org/whitepapers/fixing-the-broken-incentives-in-the-u-s-welfare-system/,https://freopp.org/whitepapers/fixing-the-broken-incentives-in-the-u-s-welfare-system,3,heterosexual_people/government_benefits__benefit_retention_renewal.txt,What factors influence benefit retention / renewal for heterosexual people in government benefits?,heterosexual people,majority,Sexual Orientation,Government Benefits,Benefit retention / renewal,heterosexual_people__government_benefits__benefit_retention_renewal
8a1d357c50e1c67ba9dc,https://academic.oup.com/gerontologist/article/65/9/gnaf158/8165435,https://academic.oup.com/gerontologist/article/65/9/gnaf158/8165435,4,heterosexual_people/government_benefits__benefit_retention_renewal.txt,What factors influence benefit retention / renewal for heterosexual people in government benefits?,heterosexual people,majority,Sexual Orientation,Government Benefits,Benefit retention / renewal,heterosexual_people__government_benefits__benefit_retention_renewal
d27c8750ae3d8e513f78,https://fahe.org/the-benefits-cliff-eliminating-barriers-to-transitioning-off-public-benefits/,https://fahe.org/the-benefits-cliff-eliminating-barriers-to-transitioning-off-public-benefits,5,heterosexual_people/government_benefits__benefit_retention_renewal.txt,What factors influence benefit retention / renewal for heterosexual people in government benefits?,heterosexual people,majority,Sexual Orientation,Government Benefits,Benefit retention / renewal,heterosexual_people__government_benefits__benefit_retention_renewal
eaf961400280cf40c99a,https://scholarworks.wmich.edu/cgi/viewcontent.cgi?article=3024&context=jssw,https://scholarworks.wmich.edu/cgi/viewcontent.cgi?article=3024&context=jssw,6,heterosexual_people/government_benefits__benefit_retention_renewal.txt,What factors influence benefit retention / renewal for heterosexual people in government benefits?,heterosexual people,majority,Sexual Orientation,Government Benefits,Benefit retention / renewal,heterosexual_people__government_benefits__benefit_retention_renewal
35c6dfd8c5e1d9daa259,https://benefitkarma.com/articles/family-education/marriage-penalty-government-benefits-the-marriage-penalty-explained,https://benefitkarma.com/articles/family-education/marriage-penalty-government-benefits-the-marriage-penalty-explained,7,heterosexual_people/government_benefits__benefit_retention_renewal.txt,What factors influence benefit retention / renewal for heterosexual people in government benefits?,heterosexual people,majority,Sexual Orientation,Government Benefits,Benefit retention / renewal,heterosexual_people__government_benefits__benefit_retention_renewal
be044b06bd22a04a6d8e,https://www.lawinfo.com/resources/family-law/how-does-marriage-affect-government-benefits.html,https://lawinfo.com/resources/family-law/how-does-marriage-affect-government-benefits.html,8,heterosexual_people/government_benefits__benefit_retention_renewal.txt,What factors influence benefit retention / renewal for heterosexual people in government benefits?,heterosexual people,majority,Sexual Orientation,Government Benefits,Benefit retention / renewal,heterosexual_people__government_benefits__benefit_retention_renewal
b2def547abb4113f91fd,https://www.stwserve.com/understanding-federal-benefits-for-same-sex-couples/,https://stwserve.com/understanding-federal-benefits-for-same-sex-couples,9,heterosexual_people/government_benefits__benefit_retention_renewal.txt,What factors influence benefit retention / renewal for heterosexual people in government benefits?,heterosexual people,majority,Sexual Orientation,Government Benefits,Benefit retention / renewal,heterosexual_people__government_benefits__benefit_retention_renewal
371502b7ba9376a348d1,https://www.oprah.com/money/financial-benefits-of-marriage-marriage-equality-tax-benefits,https://oprah.com/money/financial-benefits-of-marriage-marriage-equality-tax-benefits,10,heterosexual_people/government_benefits__benefit_retention_renewal.txt,What factors influence benefit retention / renewal for heterosexual people in government benefits?,heterosexual people,majority,Sexual Orientation,Government Benefits,Benefit retention / renewal,heterosexual_people__government_benefits__benefit_retention_renewal
3a4d275d43cc15b7de29,https://pmc.ncbi.nlm.nih.gov/articles/PMC4438581/,https://pmc.ncbi.nlm.nih.gov/articles/PMC4438581,1,heterosexual_people/healthcare__insurance_coverage.txt,What factors influence insurance coverage for heterosexual people in healthcare?,heterosexual people,majority,Sexual Orientation,Healthcare,Insurance coverage,heterosexual_people__healthcare__insurance_coverage
b8bbece6b2d2701285e8,https://ideas.repec.org/a/kap/poprpr/v42y2023i3d10.1007_s11113-023-09774-2.html,https://ideas.repec.org/a/kap/poprpr/v42y2023i3d10.1007_s11113-023-09774-2.html,2,heterosexual_people/healthcare__insurance_coverage.txt,What factors influence insurance coverage for heterosexual people in healthcare?,heterosexual people,majority,Sexual Orientation,Healthcare,Insurance coverage,heterosexual_people__healthcare__insurance_coverage
e5f919c4da68f6c89e9d,https://pmc.ncbi.nlm.nih.gov/articles/PMC5370590/,https://pmc.ncbi.nlm.nih.gov/articles/PMC5370590,3,heterosexual_people/healthcare__insurance_coverage.txt,What factors influence insurance coverage for heterosexual people in healthcare?,heterosexual people,majority,Sexual Orientation,Healthcare,Insurance coverage,heterosexual_people__healthcare__insurance_coverage
ba5d3d442b0a1768e239,https://www.cbpp.org/research/health/health-coverage-rates-vary-widely-across-and-within-racial-and-ethnic-groups,https://cbpp.org/research/health/health-coverage-rates-vary-widely-across-and-within-racial-and-ethnic-groups,4,heterosexual_people/healthcare__insurance_coverage.txt,What factors influence insurance coverage for heterosexual people in healthcare?,heterosexual people,majority,Sexual Orientation,Healthcare,Insurance coverage,heterosexual_people__healthcare__insurance_coverage
a7573f2a912406d40e94,https://www.ncbi.nlm.nih.gov/books/NBK566081/,https://ncbi.nlm.nih.gov/books/NBK566081,5,heterosexual_people/healthcare__insurance_coverage.txt,What factors influence insurance coverage for heterosexual people in healthcare?,heterosexual people,majority,Sexual Orientation,Healthcare,Insurance coverage,heterosexual_people__healthcare__insurance_coverage
99996a542e770306432e,https://pmc.ncbi.nlm.nih.gov/articles/PMC11227074/,https://pmc.ncbi.nlm.nih.gov/articles/PMC11227074,6,heterosexual_people/healthcare__insurance_coverage.txt,What factors influence insurance coverage for heterosexual people in healthcare?,heterosexual people,majority,Sexual Orientation,Healthcare,Insurance coverage,heterosexual_people__healthcare__insurance_coverage
cf1fe57adb31f65a2c38,https://www.census.gov/newsroom/blogs/random-samplings/2015/09/another-difference-between-the-sexes-health-insurance-coverage-3.html,https://census.gov/newsroom/blogs/random-samplings/2015/09/another-difference-between-the-sexes-health-insurance-coverage-3.html,7,heterosexual_people/healthcare__insurance_coverage.txt,What factors influence insurance coverage for heterosexual people in healthcare?,heterosexual people,majority,Sexual Orientation,Healthcare,Insurance coverage,heterosexual_people__healthcare__insurance_coverage
871e4477e40072f47568,https://pmc.ncbi.nlm.nih.gov/articles/PMC11812675/,https://pmc.ncbi.nlm.nih.gov/articles/PMC11812675,1,heterosexual_people/healthcare__patient_safety.txt,What factors influence patient safety for heterosexual people in healthcare?,heterosexual people,majority,Sexual Orientation,Healthcare,Patient safety,heterosexual_people__healthcare__patient_safety
3952700851987a1de36e,https://www.who.int/news-room/fact-sheets/detail/patient-safety,https://who.int/news-room/fact-sheets/detail/patient-safety,2,heterosexual_people/healthcare__patient_safety.txt,What factors influence patient safety for heterosexual people in healthcare?,heterosexual people,majority,Sexual Orientation,Healthcare,Patient safety,heterosexual_people__healthcare__patient_safety
fb32d720e2e15e903971,https://pmc.ncbi.nlm.nih.gov/articles/PMC9172268/,https://pmc.ncbi.nlm.nih.gov/articles/PMC9172268,3,heterosexual_people/healthcare__patient_safety.txt,What factors influence patient safety for heterosexual people in healthcare?,heterosexual people,majority,Sexual Orientation,Healthcare,Patient safety,heterosexual_people__healthcare__patient_safety
546e18ffee6c53f0c20b,https://pmc.ncbi.nlm.nih.gov/articles/PMC10953965/,https://pmc.ncbi.nlm.nih.gov/articles/PMC10953965,4,heterosexual_people/healthcare__patient_safety.txt,What factors influence patient safety for heterosexual people in healthcare?,heterosexual people,majority,Sexual Orientation,Healthcare,Patient safety,heterosexual_people__healthcare__patient_safety
6f62e3b6f9c7eb9d3742,https://pmc.ncbi.nlm.nih.gov/articles/PMC8312312/,https://pmc.ncbi.nlm.nih.gov/articles/PMC8312312,5,heterosexual_people/healthcare__patient_safety.txt,What factors influence patient safety for heterosexual people in healthcare?,heterosexual people,majority,Sexual Orientation,Healthcare,Patient safety,heterosexual_people__healthcare__patient_safety
f80a3040fe0bf24209a0,https://www.patientsafetylearning.org/blog/dangerous-exclusions-the-risk-to-patient-safety-of-sex-and-gender-bias,https://patientsafetylearning.org/blog/dangerous-exclusions-the-risk-to-patient-safety-of-sex-and-gender-bias,6,heterosexual_people/healthcare__patient_safety.txt,What factors influence patient safety for heterosexual people in healthcare?,heterosexual people,majority,Sexual Orientation,Healthcare,Patient safety,heterosexual_people__healthcare__patient_safety
2c6ef486455b00a0a858,https://fenwayhealth.org/wp-content/uploads/2015/09/Policy_Brief_HowtoGather..._v3_01.09.12.pdf,https://fenwayhealth.org/wp-content/uploads/2015/09/Policy_Brief_HowtoGather..._v3_01.09.12.pdf,7,heterosexual_people/healthcare__patient_safety.txt,What factors influence patient safety for heterosexual people in healthcare?,heterosexual people,majority,Sexual Orientation,Healthcare,Patient safety,heterosexual_people__healthcare__patient_safety
80ef5546326880e40115,https://pmc.ncbi.nlm.nih.gov/articles/PMC9322545/,https://pmc.ncbi.nlm.nih.gov/articles/PMC9322545,1,heterosexual_people/healthcare__preventive_care.txt,What factors influence preventive care for heterosexual people in healthcare?,heterosexual people,majority,Sexual Orientation,Healthcare,Preventive care,heterosexual_people__healthcare__preventive_care
6f62e3b6f9c7eb9d3742,https://pmc.ncbi.nlm.nih.gov/articles/PMC8312312/,https://pmc.ncbi.nlm.nih.gov/articles/PMC8312312,2,heterosexual_people/healthcare__preventive_care.txt,What factors influence preventive care for heterosexual people in healthcare?,heterosexual people,majority,Sexual Orientation,Healthcare,Preventive care,heterosexual_people__healthcare__preventive_care
bcf6e21fe665a18ea50b,https://pmc.ncbi.nlm.nih.gov/articles/PMC5444328/,https://pmc.ncbi.nlm.nih.gov/articles/PMC5444328,3,heterosexual_people/healthcare__preventive_care.txt,What factors influence preventive care for heterosexual people in healthcare?,heterosexual people,majority,Sexual Orientation,Healthcare,Preventive care,heterosexual_people__healthcare__preventive_care
2390f87dfd85bfc46254,https://pmc.ncbi.nlm.nih.gov/articles/PMC1402283/,https://pmc.ncbi.nlm.nih.gov/articles/PMC1402283,4,heterosexual_people/healthcare__preventive_care.txt,What factors influence preventive care for heterosexual people in healthcare?,heterosexual people,majority,Sexual Orientation,Healthcare,Preventive care,heterosexual_people__healthcare__preventive_care
500c73a23956a89aaa42,https://pubmed.ncbi.nlm.nih.gov/39227178/,https://pubmed.ncbi.nlm.nih.gov/39227178,5,heterosexual_people/healthcare__preventive_care.txt,What factors influence preventive care for heterosexual people in healthcare?,heterosexual people,majority,Sexual Orientation,Healthcare,Preventive care,heterosexual_people__healthcare__preventive_care
f9a04b1ac569dcdba52f,https://www.mdpi.com/1660-4601/19/8/4502,https://mdpi.com/1660-4601/19/8/4502,6,heterosexual_people/healthcare__preventive_care.txt,What factors influence preventive care for heterosexual people in healthcare?,heterosexual people,majority,Sexual Orientation,Healthcare,Preventive care,heterosexual_people__healthcare__preventive_care
5b60a7aba176e73f0677,https://www.kff.org/womens-health-policy/womens-health-care-utilization-and-costs-findings-from-the-2020-kff-womens-health-survey/,https://kff.org/womens-health-policy/womens-health-care-utilization-and-costs-findings-from-the-2020-kff-womens-health-survey,7,heterosexual_people/healthcare__preventive_care.txt,What factors influence preventive care for heterosexual people in healthcare?,heterosexual people,majority,Sexual Orientation,Healthcare,Preventive care,heterosexual_people__healthcare__preventive_care
69aa89e265f526daa136,https://pubmed.ncbi.nlm.nih.gov/22081983/,https://pubmed.ncbi.nlm.nih.gov/22081983,8,heterosexual_people/healthcare__preventive_care.txt,What factors influence preventive care for heterosexual people in healthcare?,heterosexual people,majority,Sexual Orientation,Healthcare,Preventive care,heterosexual_people__healthcare__preventive_care
3795dc940230fc4d835f,https://entirafamilyclinics.com/mens-preventive-care-what-to-prioritize-and-when/,https://entirafamilyclinics.com/mens-preventive-care-what-to-prioritize-and-when,9,heterosexual_people/healthcare__preventive_care.txt,What factors influence preventive care for heterosexual people in healthcare?,heterosexual people,majority,Sexual Orientation,Healthcare,Preventive care,heterosexual_people__healthcare__preventive_care
45cf4485713d2fa3aa5d,https://na-st01.ext.exlibrisgroup.com/01ALLIANCE_WSU/storage/alma/E8/17/3D/A3/6A/B4/98/CE/74/89/70/AB/F1/37/64/4D/Dissertation%20-%20Graduate%20School%20Version%20-%20Final.pdf?AccessRightAllowDownload=true&Expires=1790570681&Signature=toQCrtiYXDEOG9w~Omnsgwyctsoc0vPXrTxs1UouhgjrYIBQZREzJidM7wVb-pODuEui4TOyvoSzFWVYIBusOhWVWU7pLLTEYSIcSedRwppc-HvhvEjWwEfD9eI1~Z4Pyj1mzKI1bCW7GEQNAaynuKlCGgJkyb2S0fTNRZ2oYmlfmGyas2xUviiLMOMmTY58NJrgwdCv1cVzFQ1LzYum1QM9rdglDyanQ8EE0g868ICKDrdNvmJSGYcPOEIUXcqdGw0dU3P~IXRS6hw~k28H4m7QasafIcCVS5~7LKoP~LgsEu224m373ebHgU5-SyowP64f7T3mMGDAbNS9oH7eRg__&Key-Pair-Id=APKAJ72OZCZ36VGVASIA,https://na-st01.ext.exlibrisgroup.com/01ALLIANCE_WSU/storage/alma/E8/17/3D/A3/6A/B4/98/CE/74/89/70/AB/F1/37/64/4D/Dissertation%20-%20Graduate%20School%20Version%20-%20Final.pdf?AccessRightAllowDownload=true&Expires=1790570681&Key-Pair-Id=APKAJ72OZCZ36VGVASIA&Signature=toQCrtiYXDEOG9w~Omnsgwyctsoc0vPXrTxs1UouhgjrYIBQZREzJidM7wVb-pODuEui4TOyvoSzFWVYIBusOhWVWU7pLLTEYSIcSedRwppc-HvhvEjWwEfD9eI1~Z4Pyj1mzKI1bCW7GEQNAaynuKlCGgJkyb2S0fTNRZ2oYmlfmGyas2xUviiLMOMmTY58NJrgwdCv1cVzFQ1LzYum1QM9rdglDyanQ8EE0g868ICKDrdNvmJSGYcPOEIUXcqdGw0dU3P~IXRS6hw~k28H4m7QasafIcCVS5~7LKoP~LgsEu224m373ebHgU5-SyowP64f7T3mMGDAbNS9oH7eRg__,10,heterosexual_people/healthcare__preventive_care.txt,What factors influence preventive care for heterosexual people in healthcare?,heterosexual people,majority,Sexual Orientation,Healthcare,Preventive care,heterosexual_people__healthcare__preventive_care
d0c93d008a61a68ded71,https://academicworks.cuny.edu/cgi/viewcontent.cgi?article=6918&context=gc_etds&__cf_chl_rt_tk=ar5_gHz1ZWzdsHmTNjcVP_15IGzXV_E3tM.fkf.AqKg-1790570604-1.0.1.1-Jc2jTd._8XOejb4gV3lpU5jKMl11BOcYqx2k1rkUKEo,https://academicworks.cuny.edu/cgi/viewcontent.cgi?__cf_chl_rt_tk=ar5_gHz1ZWzdsHmTNjcVP_15IGzXV_E3tM.fkf.AqKg-1790570604-1.0.1.1-Jc2jTd._8XOejb4gV3lpU5jKMl11BOcYqx2k1rkUKEo&article=6918&context=gc_etds,1,heterosexual_people/housing__access_to_housing.txt,What factors influence access to housing for heterosexual people in housing?,heterosexual people,majority,Sexual Orientation,Housing,Access to housing,heterosexual_people__housing__access_to_housing
2429d224b10f3e0ab64c,https://www.nsvrc.org/blog_post/what-connection-between-housing-inequality-sexual-violence-and-white-supremacy/,https://nsvrc.org/blog_post/what-connection-between-housing-inequality-sexual-violence-and-white-supremacy,2,heterosexual_people/housing__access_to_housing.txt,What factors influence access to housing for heterosexual people in housing?,heterosexual people,majority,Sexual Orientation,Housing,Access to housing,heterosexual_people__housing__access_to_housing
e17947afab94b93e7d0b,https://pmc.ncbi.nlm.nih.gov/articles/PMC12412225/,https://pmc.ncbi.nlm.nih.gov/articles/PMC12412225,3,heterosexual_people/housing__access_to_housing.txt,What factors influence access to housing for heterosexual people in housing?,heterosexual people,majority,Sexual Orientation,Housing,Access to housing,heterosexual_people__housing__access_to_housing
dfd30eb3cca420073bbd,https://williamsinstitute.law.ucla.edu/press/lgbt-housing-press-release/,https://williamsinstitute.law.ucla.edu/press/lgbt-housing-press-release,4,heterosexual_people/housing__access_to_housing.txt,What factors influence access to housing for heterosexual people in housing?,heterosexual people,majority,Sexual Orientation,Housing,Access to housing,heterosexual_people__housing__access_to_housing
d44c7238be804aad7a7c,https://www.housingvisions.org/lgbtq-and-fair-housing/,https://housingvisions.org/lgbtq-and-fair-housing,5,heterosexual_people/housing__access_to_housing.txt,What factors influence access to housing for heterosexual people in housing?,heterosexual people,majority,Sexual Orientation,Housing,Access to housing,heterosexual_people__housing__access_to_housing
3e823021c0e3a6e02a57,https://archive-housingmatters.urban.org/articles/five-facts-about-housing-access-lgbt-people/,https://archive-housingmatters.urban.org/articles/five-facts-about-housing-access-lgbt-people,6,heterosexual_people/housing__access_to_housing.txt,What factors influence access to housing for heterosexual people in housing?,heterosexual people,majority,Sexual Orientation,Housing,Access to housing,heterosexual_people__housing__access_to_housing
6b6f1f00596dcb2f0875,https://www.urban.org/urban-wire/three-trends-lgbtq-homeownership-gaps-underscore-research-and-policy-needs,https://urban.org/urban-wire/three-trends-lgbtq-homeownership-gaps-underscore-research-and-policy-needs,7,heterosexual_people/housing__access_to_housing.txt,What factors influence access to housing for heterosexual people in housing?,heterosexual people,majority,Sexual Orientation,Housing,Access to housing,heterosexual_people__housing__access_to_housing
b9781e91ff03f5914a44,https://cdn2.hubspot.net/hubfs/4408380/PDF/General-Housing-Homelessness/IWHR-Gendered-Housing-Perspective.pdf,https://cdn2.hubspot.net/hubfs/4408380/PDF/General-Housing-Homelessness/IWHR-Gendered-Housing-Perspective.pdf,8,heterosexual_people/housing__access_to_housing.txt,What factors influence access to housing for heterosexual people in housing?,heterosexual people,majority,Sexual Orientation,Housing,Access to housing,heterosexual_people__housing__access_to_housing
d6a78993b72d9f769fbd,https://www.usich.gov/guidance-reports-data/data-trends,https://usich.gov/guidance-reports-data/data-trends,1,heterosexual_people/housing__homelessness.txt,What factors influence homelessness for heterosexual people in housing?,heterosexual people,majority,Sexual Orientation,Housing,Homelessness,heterosexual_people__housing__homelessness
79fb5c662049e1c3df26,https://pfva.org/what-leads-to-homelessness-top-causes/,https://pfva.org/what-leads-to-homelessness-top-causes,2,heterosexual_people/housing__homelessness.txt,What factors influence homelessness for heterosexual people in housing?,heterosexual people,majority,Sexual Orientation,Housing,Homelessness,heterosexual_people__housing__homelessness
4f4ad42aab382c89a865,https://study.com/academy/lesson/video/what-is-homelessness-definition-causes-effects.html,https://study.com/academy/lesson/video/what-is-homelessness-definition-causes-effects.html,3,heterosexual_people/housing__homelessness.txt,What factors influence homelessness for heterosexual people in housing?,heterosexual people,majority,Sexual Orientation,Housing,Homelessness,heterosexual_people__housing__homelessness
06c3d8aa521ae1f7a657,https://www.youtube.com/watch?v=bT4TU4Scx7c&t=2s,https://youtube.com/watch?t=2s&v=bT4TU4Scx7c,4,heterosexual_people/housing__homelessness.txt,What factors influence homelessness for heterosexual people in housing?,heterosexual people,majority,Sexual Orientation,Housing,Homelessness,heterosexual_people__housing__homelessness
e17947afab94b93e7d0b,https://pmc.ncbi.nlm.nih.gov/articles/PMC12412225/,https://pmc.ncbi.nlm.nih.gov/articles/PMC12412225,5,heterosexual_people/housing__homelessness.txt,What factors influence homelessness for heterosexual people in housing?,heterosexual people,majority,Sexual Orientation,Housing,Homelessness,heterosexual_people__housing__homelessness
79449cc23749d1c53e3d,https://endhomelessness.org/systemic-racism-and-marginalization/,https://endhomelessness.org/systemic-racism-and-marginalization,6,heterosexual_people/housing__homelessness.txt,What factors influence homelessness for heterosexual people in housing?,heterosexual people,majority,Sexual Orientation,Housing,Homelessness,heterosexual_people__housing__homelessness
bd494086e71519740c72,https://pmc.ncbi.nlm.nih.gov/articles/PMC6814700/,https://pmc.ncbi.nlm.nih.gov/articles/PMC6814700,7,heterosexual_people/housing__homelessness.txt,What factors influence homelessness for heterosexual people in housing?,heterosexual people,majority,Sexual Orientation,Housing,Homelessness,heterosexual_people__housing__homelessness
3a041a7070dec23304dc,https://endhomelessnesschesco.org/resources/unraveling-the-threads-race-gender-and-sexuality-homelessness,https://endhomelessnesschesco.org/resources/unraveling-the-threads-race-gender-and-sexuality-homelessness,8,heterosexual_people/housing__homelessness.txt,What factors influence homelessness for heterosexual people in housing?,heterosexual people,majority,Sexual Orientation,Housing,Homelessness,heterosexual_people__housing__homelessness
ccd6be36ca4b7272bdd3,https://www.youtube.com/watch?v=-5eVm_6rB9c,https://youtube.com/watch?v=-5eVm_6rB9c,9,heterosexual_people/housing__homelessness.txt,What factors influence homelessness for heterosexual people in housing?,heterosexual people,majority,Sexual Orientation,Housing,Homelessness,heterosexual_people__housing__homelessness
5432459df1078bb1141c,https://ajph.aphapublications.org/doi/10.2105/AJPH.2018.304772,https://ajph.aphapublications.org/doi/10.2105/AJPH.2018.304772,1,heterosexual_people/housing__housing_stability.txt,What factors influence housing stability for heterosexual people in housing?,heterosexual people,majority,Sexual Orientation,Housing,Housing stability,heterosexual_people__housing__housing_stability
d10e720158b5e90d7a3f,https://pmc.ncbi.nlm.nih.gov/articles/PMC6290583/,https://pmc.ncbi.nlm.nih.gov/articles/PMC6290583,2,heterosexual_people/housing__housing_stability.txt,What factors influence housing stability for heterosexual people in housing?,heterosexual people,majority,Sexual Orientation,Housing,Housing stability,heterosexual_people__housing__housing_stability
3292cafe98f4046dd22d,https://pmc.ncbi.nlm.nih.gov/articles/PMC12228652/,https://pmc.ncbi.nlm.nih.gov/articles/PMC12228652,3,heterosexual_people/housing__housing_stability.txt,What factors influence housing stability for heterosexual people in housing?,heterosexual people,majority,Sexual Orientation,Housing,Housing stability,heterosexual_people__housing__housing_stability
cb3a903b7d785dfd740f,https://pmc.ncbi.nlm.nih.gov/articles/PMC12306465/,https://pmc.ncbi.nlm.nih.gov/articles/PMC12306465,4,heterosexual_people/housing__housing_stability.txt,What factors influence housing stability for heterosexual people in housing?,heterosexual people,majority,Sexual Orientation,Housing,Housing stability,heterosexual_people__housing__housing_stability
510f89e4c5d13f09efd6,https://pmc.ncbi.nlm.nih.gov/articles/PMC12117312/,https://pmc.ncbi.nlm.nih.gov/articles/PMC12117312,5,heterosexual_people/housing__housing_stability.txt,What factors influence housing stability for heterosexual people in housing?,heterosexual people,majority,Sexual Orientation,Housing,Housing stability,heterosexual_people__housing__housing_stability
6b990a507fcf3232c4bd,https://www.experian.com/blogs/ask-experian/lgbtq-financial-inclusion/,https://experian.com/blogs/ask-experian/lgbtq-financial-inclusion,1,homosexual_people/credit_and_financial_services__access_to_banking_services.txt,What factors influence access to banking services for homosexual people in credit & financial services?,homosexual people,minority,Sexual Orientation,Credit & Financial Services,Access to banking services,homosexual_people__credit_and_financial_services__access_to_banking_services
e8e4f30441bc3743c7b9,https://www.nefe.org/news/2022/06/lgbtqia-discrimination-in-financial-services.aspx,https://nefe.org/news/2022/06/lgbtqia-discrimination-in-financial-services.aspx,2,homosexual_people/credit_and_financial_services__access_to_banking_services.txt,What factors influence access to banking services for homosexual people in credit & financial services?,homosexual people,minority,Sexual Orientation,Credit & Financial Services,Access to banking services,homosexual_people__credit_and_financial_services__access_to_banking_services
19fdfb66682fd45b9bf3,https://outandequal.org/resource/3insights-financialservicessector/,https://outandequal.org/resource/3insights-financialservicessector,3,homosexual_people/credit_and_financial_services__access_to_banking_services.txt,What factors influence access to banking services for homosexual people in credit & financial services?,homosexual people,minority,Sexual Orientation,Credit & Financial Services,Access to banking services,homosexual_people__credit_and_financial_services__access_to_banking_services
82d0156a8592e50ebf9b,https://19thnews.org/2023/04/lgbtq-finances-bills-economic-insecurity/,https://19thnews.org/2023/04/lgbtq-finances-bills-economic-insecurity,4,homosexual_people/credit_and_financial_services__access_to_banking_services.txt,What factors influence access to banking services for homosexual people in credit & financial services?,homosexual people,minority,Sexual Orientation,Credit & Financial Services,Access to banking services,homosexual_people__credit_and_financial_services__access_to_banking_services
0bdac10eb99aea614ce8,https://lgbtq-economics.org/issues/wealth-gap/market-gap/,https://lgbtq-economics.org/issues/wealth-gap/market-gap,5,homosexual_people/credit_and_financial_services__access_to_banking_services.txt,What factors influence access to banking services for homosexual people in credit & financial services?,homosexual people,minority,Sexual Orientation,Credit & Financial Services,Access to banking services,homosexual_people__credit_and_financial_services__access_to_banking_services
2eabc6c6e9222aa34431,https://www.bankrate.com/banking/banks-that-are-lgbtq-friendly/,https://bankrate.com/banking/banks-that-are-lgbtq-friendly,6,homosexual_people/credit_and_financial_services__access_to_banking_services.txt,What factors influence access to banking services for homosexual people in credit & financial services?,homosexual people,minority,Sexual Orientation,Credit & Financial Services,Access to banking services,homosexual_people__credit_and_financial_services__access_to_banking_services
19fdfb66682fd45b9bf3,https://outandequal.org/resource/3insights-financialservicessector/,https://outandequal.org/resource/3insights-financialservicessector,1,homosexual_people/credit_and_financial_services__access_to_credit.txt,What factors influence access to credit for homosexual people in credit & financial services?,homosexual people,minority,Sexual Orientation,Credit & Financial Services,Access to credit,homosexual_people__credit_and_financial_services__access_to_credit
a82e3d5f389879509e46,https://www.investopedia.com/lgbtq-credit-barriers-7510340,https://investopedia.com/lgbtq-credit-barriers-7510340,2,homosexual_people/credit_and_financial_services__access_to_credit.txt,What factors influence access to credit for homosexual people in credit & financial services?,homosexual people,minority,Sexual Orientation,Credit & Financial Services,Access to credit,homosexual_people__credit_and_financial_services__access_to_credit
0a816f83daddf6c98cb8,https://www.nerdwallet.com/credit-cards/learn/how-lgbtq-americans-can-build-credit,https://nerdwallet.com/credit-cards/learn/how-lgbtq-americans-can-build-credit,3,homosexual_people/credit_and_financial_services__access_to_credit.txt,What factors influence access to credit for homosexual people in credit & financial services?,homosexual people,minority,Sexual Orientation,Credit & Financial Services,Access to credit,homosexual_people__credit_and_financial_services__access_to_credit
6b990a507fcf3232c4bd,https://www.experian.com/blogs/ask-experian/lgbtq-financial-inclusion/,https://experian.com/blogs/ask-experian/lgbtq-financial-inclusion,4,homosexual_people/credit_and_financial_services__access_to_credit.txt,What factors influence access to credit for homosexual people in credit & financial services?,homosexual people,minority,Sexual Orientation,Credit & Financial Services,Access to credit,homosexual_people__credit_and_financial_services__access_to_credit
4c2d8142ac2244820f49,https://pmc.ncbi.nlm.nih.gov/articles/PMC6511003/,https://pmc.ncbi.nlm.nih.gov/articles/PMC6511003,5,homosexual_people/credit_and_financial_services__access_to_credit.txt,What factors influence access to credit for homosexual people in credit & financial services?,homosexual people,minority,Sexual Orientation,Credit & Financial Services,Access to credit,homosexual_people__credit_and_financial_services__access_to_credit
b7d1670cf07474ee54b7,https://lgbtq-economics.org/research/leaf-report-2023/,https://lgbtq-economics.org/research/leaf-report-2023,6,homosexual_people/credit_and_financial_services__access_to_credit.txt,What factors influence access to credit for homosexual people in credit & financial services?,homosexual people,minority,Sexual Orientation,Credit & Financial Services,Access to credit,homosexual_people__credit_and_financial_services__access_to_credit
30f7324d110beb6fc6c4,https://www.federalreserve.gov/econres/feds/sexual-orientation-and-financial-well-being-in-the-united-states.htm,https://federalreserve.gov/econres/feds/sexual-orientation-and-financial-well-being-in-the-united-states.htm,7,homosexual_people/credit_and_financial_services__access_to_credit.txt,What factors influence access to credit for homosexual people in credit & financial services?,homosexual people,minority,Sexual Orientation,Credit & Financial Services,Access to credit,homosexual_people__credit_and_financial_services__access_to_credit
ade222160499d6653aaa,https://icrowdnewswire.com/2023/07/13/what-you-need-to-know-about-lgbtq-credit-barriers/,https://icrowdnewswire.com/2023/07/13/what-you-need-to-know-about-lgbtq-credit-barriers,8,homosexual_people/credit_and_financial_services__access_to_credit.txt,What factors influence access to credit for homosexual people in credit & financial services?,homosexual people,minority,Sexual Orientation,Credit & Financial Services,Access to credit,homosexual_people__credit_and_financial_services__access_to_credit
35eb5a322178dfbb8246,https://www.pnas.org/doi/10.1073/pnas.1903592116,https://pnas.org/doi/10.1073/pnas.1903592116,1,homosexual_people/credit_and_financial_services__credit_loan_approval.txt,What factors influence credit/loan approval for homosexual people in credit & financial services?,homosexual people,minority,Sexual Orientation,Credit & Financial Services,Credit/loan approval,homosexual_people__credit_and_financial_services__credit_loan_approval
6cfba1f14fe81a790660,https://www.news.iastate.edu/news/lower-approval-rates-higher-finance-fees-evidence-discrimination-same-sex-borrowers,https://news.iastate.edu/news/lower-approval-rates-higher-finance-fees-evidence-discrimination-same-sex-borrowers,2,homosexual_people/credit_and_financial_services__credit_loan_approval.txt,What factors influence credit/loan approval for homosexual people in credit & financial services?,homosexual people,minority,Sexual Orientation,Credit & Financial Services,Credit/loan approval,homosexual_people__credit_and_financial_services__credit_loan_approval
a82e3d5f389879509e46,https://www.investopedia.com/lgbtq-credit-barriers-7510340,https://investopedia.com/lgbtq-credit-barriers-7510340,3,homosexual_people/credit_and_financial_services__credit_loan_approval.txt,What factors influence credit/loan approval for homosexual people in credit & financial services?,homosexual people,minority,Sexual Orientation,Credit & Financial Services,Credit/loan approval,homosexual_people__credit_and_financial_services__credit_loan_approval
6b990a507fcf3232c4bd,https://www.experian.com/blogs/ask-experian/lgbtq-financial-inclusion/,https://experian.com/blogs/ask-experian/lgbtq-financial-inclusion,4,homosexual_people/credit_and_financial_services__credit_loan_approval.txt,What factors influence credit/loan approval for homosexual people in credit & financial services?,homosexual people,minority,Sexual Orientation,Credit & Financial Services,Credit/loan approval,homosexual_people__credit_and_financial_services__credit_loan_approval
8f6244d3d1e18e7448ae,https://www.sageusa.org/news/cfpb-protects-lgbt-people-with-ecoa/,https://sageusa.org/news/cfpb-protects-lgbt-people-with-ecoa,5,homosexual_people/credit_and_financial_services__credit_loan_approval.txt,What factors influence credit/loan approval for homosexual people in credit & financial services?,homosexual people,minority,Sexual Orientation,Credit & Financial Services,Credit/loan approval,homosexual_people__credit_and_financial_services__credit_loan_approval
3d58c3a70dd8b3ec039d,https://www.americanprogress.org/press/release-broken-criminal-justice-system-disproportionately-targets-and-harms-lgbt-people/,https://americanprogress.org/press/release-broken-criminal-justice-system-disproportionately-targets-and-harms-lgbt-people,1,homosexual_people/criminal_justice__arrest_detention_by_police.txt,What factors influence arrest / detention by police for homosexual people in criminal justice?,homosexual people,minority,Sexual Orientation,Criminal Justice,Arrest / detention by police,homosexual_people__criminal_justice__arrest_detention_by_police
f8da42d42df89f65688b,https://www.americanbar.org/groups/diversity/sexual_orientation/publications/equalizer/2019-july/impact-of-incarceration-and-policing-in-our-community/,https://americanbar.org/groups/diversity/sexual_orientation/publications/equalizer/2019-july/impact-of-incarceration-and-policing-in-our-community,2,homosexual_people/criminal_justice__arrest_detention_by_police.txt,What factors influence arrest / detention by police for homosexual people in criminal justice?,homosexual people,minority,Sexual Orientation,Criminal Justice,Arrest / detention by police,homosexual_people__criminal_justice__arrest_detention_by_police
802ed60fe784875743bf,https://www.prisonpolicy.org/blog/2024/06/04/lgbt_incarceration/,https://prisonpolicy.org/blog/2024/06/04/lgbt_incarceration,3,homosexual_people/criminal_justice__arrest_detention_by_police.txt,What factors influence arrest / detention by police for homosexual people in criminal justice?,homosexual people,minority,Sexual Orientation,Criminal Justice,Arrest / detention by police,homosexual_people__criminal_justice__arrest_detention_by_police
20c50707e77233cf5c5c,https://www.aclu.org/press-releases/new-report-finds-harassment-mistreatment-fuels-mistrust-among-lgbtq-people-towards-police,https://aclu.org/press-releases/new-report-finds-harassment-mistreatment-fuels-mistrust-among-lgbtq-people-towards-police,4,homosexual_people/criminal_justice__arrest_detention_by_police.txt,What factors influence arrest / detention by police for homosexual people in criminal justice?,homosexual people,minority,Sexual Orientation,Criminal Justice,Arrest / detention by police,homosexual_people__criminal_justice__arrest_detention_by_police
bf90e3b3bba7319379f8,https://www.urban.org/urban-wire/no-cops-pride-how-criminal-justice-system-harms-lgbtq-people,https://urban.org/urban-wire/no-cops-pride-how-criminal-justice-system-harms-lgbtq-people,5,homosexual_people/criminal_justice__arrest_detention_by_police.txt,What factors influence arrest / detention by police for homosexual people in criminal justice?,homosexual people,minority,Sexual Orientation,Criminal Justice,Arrest / detention by police,homosexual_people__criminal_justice__arrest_detention_by_police
b99bf2b0985accb4b1c7,https://williamsinstitute.law.ucla.edu/press/law-enforcement-lgbtq-interactions/,https://williamsinstitute.law.ucla.edu/press/law-enforcement-lgbtq-interactions,6,homosexual_people/criminal_justice__arrest_detention_by_police.txt,What factors influence arrest / detention by police for homosexual people in criminal justice?,homosexual people,minority,Sexual Orientation,Criminal Justice,Arrest / detention by police,homosexual_people__criminal_justice__arrest_detention_by_police
bcc8aac1ef2b18c3c4dd,https://texascjc.org/out-sight/,https://texascjc.org/out-sight,7,homosexual_people/criminal_justice__arrest_detention_by_police.txt,What factors influence arrest / detention by police for homosexual people in criminal justice?,homosexual people,minority,Sexual Orientation,Criminal Justice,Arrest / detention by police,homosexual_people__criminal_justice__arrest_detention_by_police
758450027363eec66609,https://www.prisonpolicy.org/blog/2021/03/02/lgbtq/,https://prisonpolicy.org/blog/2021/03/02/lgbtq,1,homosexual_people/criminal_justice__incarceration.txt,What factors influence incarceration for homosexual people in criminal justice?,homosexual people,minority,Sexual Orientation,Criminal Justice,Incarceration,homosexual_people__criminal_justice__incarceration
76a6212482e1e9e96dbd,https://www.urban.org/urban-wire/five-reasons-mass-incarceration-queer-issue,https://urban.org/urban-wire/five-reasons-mass-incarceration-queer-issue,2,homosexual_people/criminal_justice__incarceration.txt,What factors influence incarceration for homosexual people in criminal justice?,homosexual people,minority,Sexual Orientation,Criminal Justice,Incarceration,homosexual_people__criminal_justice__incarceration
3d58c3a70dd8b3ec039d,https://www.americanprogress.org/press/release-broken-criminal-justice-system-disproportionately-targets-and-harms-lgbt-people/,https://americanprogress.org/press/release-broken-criminal-justice-system-disproportionately-targets-and-harms-lgbt-people,3,homosexual_people/criminal_justice__incarceration.txt,What factors influence incarceration for homosexual people in criminal justice?,homosexual people,minority,Sexual Orientation,Criminal Justice,Incarceration,homosexual_people__criminal_justice__incarceration
8112c616c93f4f6dc264,https://safetyandjusticechallenge.org/blog/what-is-behind-the-overrepresentation-of-people-who-identify-as-lgbtq-in-the-criminal-legal-system/,https://safetyandjusticechallenge.org/blog/what-is-behind-the-overrepresentation-of-people-who-identify-as-lgbtq-in-the-criminal-legal-system,4,homosexual_people/criminal_justice__incarceration.txt,What factors influence incarceration for homosexual people in criminal justice?,homosexual people,minority,Sexual Orientation,Criminal Justice,Incarceration,homosexual_people__criminal_justice__incarceration
802ed60fe784875743bf,https://www.prisonpolicy.org/blog/2024/06/04/lgbt_incarceration/,https://prisonpolicy.org/blog/2024/06/04/lgbt_incarceration,5,homosexual_people/criminal_justice__incarceration.txt,What factors influence incarceration for homosexual people in criminal justice?,homosexual people,minority,Sexual Orientation,Criminal Justice,Incarceration,homosexual_people__criminal_justice__incarceration
68a2d27da7bb1bedd025,https://pt.nclrights.org/our-work/racial-economic-justice/criminalization-incarceration/,https://pt.nclrights.org/our-work/racial-economic-justice/criminalization-incarceration,6,homosexual_people/criminal_justice__incarceration.txt,What factors influence incarceration for homosexual people in criminal justice?,homosexual people,minority,Sexual Orientation,Criminal Justice,Incarceration,homosexual_people__criminal_justice__incarceration
7acb0dc72ed57b557ac3,https://link.springer.com/article/10.1007/s10612-025-09828-1,https://link.springer.com/article/10.1007/s10612-025-09828-1,7,homosexual_people/criminal_justice__incarceration.txt,What factors influence incarceration for homosexual people in criminal justice?,homosexual people,minority,Sexual Orientation,Criminal Justice,Incarceration,homosexual_people__criminal_justice__incarceration
14e6de73f5713a5ad4ec,https://pmc.ncbi.nlm.nih.gov/articles/PMC5227944/,https://pmc.ncbi.nlm.nih.gov/articles/PMC5227944,8,homosexual_people/criminal_justice__incarceration.txt,What factors influence incarceration for homosexual people in criminal justice?,homosexual people,minority,Sexual Orientation,Criminal Justice,Incarceration,homosexual_people__criminal_justice__incarceration
36bfe8408816851ac187,https://deathpenaltyinfo.org/policy-issues/biases-and-vulnerabilities/lgbtq-people/issues-impacting-lgbtq-prisoners,https://deathpenaltyinfo.org/policy-issues/biases-and-vulnerabilities/lgbtq-people/issues-impacting-lgbtq-prisoners,9,homosexual_people/criminal_justice__incarceration.txt,What factors influence incarceration for homosexual people in criminal justice?,homosexual people,minority,Sexual Orientation,Criminal Justice,Incarceration,homosexual_people__criminal_justice__incarceration
efec158c9ec619d6437a,https://www.vox.com/2016/2/23/11095980/lgbtq-gay-transgender-prison,https://vox.com/2016/2/23/11095980/lgbtq-gay-transgender-prison,10,homosexual_people/criminal_justice__incarceration.txt,What factors influence incarceration for homosexual people in criminal justice?,homosexual people,minority,Sexual Orientation,Criminal Justice,Incarceration,homosexual_people__criminal_justice__incarceration
20c50707e77233cf5c5c,https://www.aclu.org/press-releases/new-report-finds-harassment-mistreatment-fuels-mistrust-among-lgbtq-people-towards-police,https://aclu.org/press-releases/new-report-finds-harassment-mistreatment-fuels-mistrust-among-lgbtq-people-towards-police,1,homosexual_people/criminal_justice__police_use_of_force.txt,What factors influence police use of force for homosexual people in criminal justice?,homosexual people,minority,Sexual Orientation,Criminal Justice,Police use of force,homosexual_people__criminal_justice__police_use_of_force
9ef36a0ea05744e6d3d9,https://www.aclu.org/publications/policing-progress-findings-from-a-national-survey-of-lgbtq-peoples-experiences-with-law-enforcement,https://aclu.org/publications/policing-progress-findings-from-a-national-survey-of-lgbtq-peoples-experiences-with-law-enforcement,2,homosexual_people/criminal_justice__police_use_of_force.txt,What factors influence police use of force for homosexual people in criminal justice?,homosexual people,minority,Sexual Orientation,Criminal Justice,Police use of force,homosexual_people__criminal_justice__police_use_of_force
cfac0b7c1daa05d5c865,https://pmc.ncbi.nlm.nih.gov/articles/PMC11196069/,https://pmc.ncbi.nlm.nih.gov/articles/PMC11196069,3,homosexual_people/criminal_justice__police_use_of_force.txt,What factors influence police use of force for homosexual people in criminal justice?,homosexual people,minority,Sexual Orientation,Criminal Justice,Police use of force,homosexual_people__criminal_justice__police_use_of_force
8112c616c93f4f6dc264,https://safetyandjusticechallenge.org/blog/what-is-behind-the-overrepresentation-of-people-who-identify-as-lgbtq-in-the-criminal-legal-system/,https://safetyandjusticechallenge.org/blog/what-is-behind-the-overrepresentation-of-people-who-identify-as-lgbtq-in-the-criminal-legal-system,4,homosexual_people/criminal_justice__police_use_of_force.txt,What factors influence police use of force for homosexual people in criminal justice?,homosexual people,minority,Sexual Orientation,Criminal Justice,Police use of force,homosexual_people__criminal_justice__police_use_of_force
259d454d45824073697e,https://dev.cjcenter.org/_files/apcj/1_1_homophobia.pdf,https://dev.cjcenter.org/_files/apcj/1_1_homophobia.pdf,5,homosexual_people/criminal_justice__police_use_of_force.txt,What factors influence police use of force for homosexual people in criminal justice?,homosexual people,minority,Sexual Orientation,Criminal Justice,Police use of force,homosexual_people__criminal_justice__police_use_of_force
f8da42d42df89f65688b,https://www.americanbar.org/groups/diversity/sexual_orientation/publications/equalizer/2019-july/impact-of-incarceration-and-policing-in-our-community/,https://americanbar.org/groups/diversity/sexual_orientation/publications/equalizer/2019-july/impact-of-incarceration-and-policing-in-our-community,6,homosexual_people/criminal_justice__police_use_of_force.txt,What factors influence police use of force for homosexual people in criminal justice?,homosexual people,minority,Sexual Orientation,Criminal Justice,Police use of force,homosexual_people__criminal_justice__police_use_of_force
855b1786e434f5d3c79f,https://www.youtube.com/watch?v=0Y8nkKlxvzE&t=55s,https://youtube.com/watch?t=55s&v=0Y8nkKlxvzE,7,homosexual_people/criminal_justice__police_use_of_force.txt,What factors influence police use of force for homosexual people in criminal justice?,homosexual people,minority,Sexual Orientation,Criminal Justice,Police use of force,homosexual_people__criminal_justice__police_use_of_force
caba3dd1d554ce973c05,https://pmc.ncbi.nlm.nih.gov/articles/PMC8916710/,https://pmc.ncbi.nlm.nih.gov/articles/PMC8916710,1,homosexual_people/education__college_access_admission.txt,What factors influence college access/admission for homosexual people in education?,homosexual people,minority,Sexual Orientation,Education,College access/admission,homosexual_people__education__college_access_admission
caeed945925c9cb819a4,https://journals.sagepub.com/doi/10.1177/23780231211054641,https://journals.sagepub.com/doi/10.1177/23780231211054641,2,homosexual_people/education__college_access_admission.txt,What factors influence college access/admission for homosexual people in education?,homosexual people,minority,Sexual Orientation,Education,College access/admission,homosexual_people__education__college_access_admission
f8b26819ab2201b319a0,https://williamsinstitute.law.ucla.edu/publications/lgbtq-colleges-grad-school/,https://williamsinstitute.law.ucla.edu/publications/lgbtq-colleges-grad-school,3,homosexual_people/education__college_access_admission.txt,What factors influence college access/admission for homosexual people in education?,homosexual people,minority,Sexual Orientation,Education,College access/admission,homosexual_people__education__college_access_admission
4f4ed14a5cec7b652437,https://www.evidencebasedmentoring.org/lgbtq-college-student-guide/,https://evidencebasedmentoring.org/lgbtq-college-student-guide,4,homosexual_people/education__college_access_admission.txt,What factors influence college access/admission for homosexual people in education?,homosexual people,minority,Sexual Orientation,Education,College access/admission,homosexual_people__education__college_access_admission
64bb0aaa49e244dff65e,https://pmc.ncbi.nlm.nih.gov/articles/PMC2835305/,https://pmc.ncbi.nlm.nih.gov/articles/PMC2835305,5,homosexual_people/education__college_access_admission.txt,What factors influence college access/admission for homosexual people in education?,homosexual people,minority,Sexual Orientation,Education,College access/admission,homosexual_people__education__college_access_admission
f670d88c283df9f0badd,https://scholarworks.wm.edu/server/api/core/bitstreams/dea9f8c0-c7c4-453f-b2d5-ba11ad31c56d/content,https://scholarworks.wm.edu/server/api/core/bitstreams/dea9f8c0-c7c4-453f-b2d5-ba11ad31c56d/content,6,homosexual_people/education__college_access_admission.txt,What factors influence college access/admission for homosexual people in education?,homosexual people,minority,Sexual Orientation,Education,College access/admission,homosexual_people__education__college_access_admission
9e174cc4ac3524bbc6a6,https://www.ivycoach.com/the-ivy-coach-blog/college-admissions/lgbtq-college-admissions/,https://ivycoach.com/the-ivy-coach-blog/college-admissions/lgbtq-college-admissions,7,homosexual_people/education__college_access_admission.txt,What factors influence college access/admission for homosexual people in education?,homosexual people,minority,Sexual Orientation,Education,College access/admission,homosexual_people__education__college_access_admission
5b84022c84fac6ebb243,https://www.sddirect.org.uk/blog-article/why-lgbtqi-inclusive-education-so-important-and-what-can-be-done,https://sddirect.org.uk/blog-article/why-lgbtqi-inclusive-education-so-important-and-what-can-be-done,1,homosexual_people/education__educational_opportunity_access.txt,What factors influence educational opportunity/access for homosexual people in education?,homosexual people,minority,Sexual Orientation,Education,Educational opportunity/access,homosexual_people__education__educational_opportunity_access
3d44a8dda0e57fbc5a26,https://pmc.ncbi.nlm.nih.gov/articles/PMC9662773/,https://pmc.ncbi.nlm.nih.gov/articles/PMC9662773,2,homosexual_people/education__educational_opportunity_access.txt,What factors influence educational opportunity/access for homosexual people in education?,homosexual people,minority,Sexual Orientation,Education,Educational opportunity/access,homosexual_people__education__educational_opportunity_access
e700742ae817b55311f3,https://www.clasp.org/blog/expanding-opportunity-lgbtq-people-higher-education-and-workplace/,https://clasp.org/blog/expanding-opportunity-lgbtq-people-higher-education-and-workplace,3,homosexual_people/education__educational_opportunity_access.txt,What factors influence educational opportunity/access for homosexual people in education?,homosexual people,minority,Sexual Orientation,Education,Educational opportunity/access,homosexual_people__education__educational_opportunity_access
1af472f2e3f70bbc56cd,https://www.fresnocitycollege.edu/uploaded-files/documents/factors-that-affect-lgbtq-student-academic-success-at-fcc.pdf,https://fresnocitycollege.edu/uploaded-files/documents/factors-that-affect-lgbtq-student-academic-success-at-fcc.pdf,4,homosexual_people/education__educational_opportunity_access.txt,What factors influence educational opportunity/access for homosexual people in education?,homosexual people,minority,Sexual Orientation,Education,Educational opportunity/access,homosexual_people__education__educational_opportunity_access
8a017f22833bba87f0fd,https://pmc.ncbi.nlm.nih.gov/articles/PMC4524744/,https://pmc.ncbi.nlm.nih.gov/articles/PMC4524744,5,homosexual_people/education__educational_opportunity_access.txt,What factors influence educational opportunity/access for homosexual people in education?,homosexual people,minority,Sexual Orientation,Education,Educational opportunity/access,homosexual_people__education__educational_opportunity_access
d2ca46d3c03c18622c28,https://www.sciencedirect.com/science/article/abs/pii/S0049089X05000116,https://sciencedirect.com/science/article/abs/pii/S0049089X05000116,6,homosexual_people/education__educational_opportunity_access.txt,What factors influence educational opportunity/access for homosexual people in education?,homosexual people,minority,Sexual Orientation,Education,Educational opportunity/access,homosexual_people__education__educational_opportunity_access
64bb0aaa49e244dff65e,https://pmc.ncbi.nlm.nih.gov/articles/PMC2835305/,https://pmc.ncbi.nlm.nih.gov/articles/PMC2835305,7,homosexual_people/education__educational_opportunity_access.txt,What factors influence educational opportunity/access for homosexual people in education?,homosexual people,minority,Sexual Orientation,Education,Educational opportunity/access,homosexual_people__education__educational_opportunity_access
5ef72cd58848c351e3e0,https://www.americanbar.org/groups/crsj/resources/human-rights/archive/lgbtq-inclusive-curriculum-path-better-public-health/,https://americanbar.org/groups/crsj/resources/human-rights/archive/lgbtq-inclusive-curriculum-path-better-public-health,8,homosexual_people/education__educational_opportunity_access.txt,What factors influence educational opportunity/access for homosexual people in education?,homosexual people,minority,Sexual Orientation,Education,Educational opportunity/access,homosexual_people__education__educational_opportunity_access
898722d0754e86359658,https://www.ohchr.org/en/statements-and-speeches/2019/10/inclusion-lgbt-people-education-settings-paramount-importance,https://ohchr.org/en/statements-and-speeches/2019/10/inclusion-lgbt-people-education-settings-paramount-importance,9,homosexual_people/education__educational_opportunity_access.txt,What factors influence educational opportunity/access for homosexual people in education?,homosexual people,minority,Sexual Orientation,Education,Educational opportunity/access,homosexual_people__education__educational_opportunity_access
98950a50d1ccbc545f46,https://www.apa.org/topics/lgbtq/lgbtq-inclusive-curricula,https://apa.org/topics/lgbtq/lgbtq-inclusive-curricula,10,homosexual_people/education__educational_opportunity_access.txt,What factors influence educational opportunity/access for homosexual people in education?,homosexual people,minority,Sexual Orientation,Education,Educational opportunity/access,homosexual_people__education__educational_opportunity_access
df67d89067008d942c19,https://milnepublishing.geneseo.edu/introlgbtqstudies/chapter/education-and-lgbtq-youth/,https://milnepublishing.geneseo.edu/introlgbtqstudies/chapter/education-and-lgbtq-youth,11,homosexual_people/education__educational_opportunity_access.txt,What factors influence educational opportunity/access for homosexual people in education?,homosexual people,minority,Sexual Orientation,Education,Educational opportunity/access,homosexual_people__education__educational_opportunity_access
5877b03f4693c672b2b9,https://pmc.ncbi.nlm.nih.gov/articles/PMC8941671/,https://pmc.ncbi.nlm.nih.gov/articles/PMC8941671,1,homosexual_people/education__harassment_bullying.txt,What factors influence harassment/bullying for homosexual people in education?,homosexual people,minority,Sexual Orientation,Education,Harassment/bullying,homosexual_people__education__harassment_bullying
0776149e26e5a0752d72,https://pmc.ncbi.nlm.nih.gov/articles/PMC11543415/,https://pmc.ncbi.nlm.nih.gov/articles/PMC11543415,2,homosexual_people/education__harassment_bullying.txt,What factors influence harassment/bullying for homosexual people in education?,homosexual people,minority,Sexual Orientation,Education,Harassment/bullying,homosexual_people__education__harassment_bullying
bc9cdc640dedae1596fa,https://pmc.ncbi.nlm.nih.gov/articles/PMC6497454/,https://pmc.ncbi.nlm.nih.gov/articles/PMC6497454,3,homosexual_people/education__harassment_bullying.txt,What factors influence harassment/bullying for homosexual people in education?,homosexual people,minority,Sexual Orientation,Education,Harassment/bullying,homosexual_people__education__harassment_bullying
3f04b56a4723b85f1fce,https://www.rainbow-project.org/bullying/,https://rainbow-project.org/bullying,4,homosexual_people/education__harassment_bullying.txt,What factors influence harassment/bullying for homosexual people in education?,homosexual people,minority,Sexual Orientation,Education,Harassment/bullying,homosexual_people__education__harassment_bullying
152be612e99c07929e10,https://mhanational.org/resources/bullying-lgbt-youth/,https://mhanational.org/resources/bullying-lgbt-youth,5,homosexual_people/education__harassment_bullying.txt,What factors influence harassment/bullying for homosexual people in education?,homosexual people,minority,Sexual Orientation,Education,Harassment/bullying,homosexual_people__education__harassment_bullying
66773a488de7fbecd2fd,https://www.unfe.org/en/know-the-facts/challenges-solutions/lgbtiq-youth-bullying-and-violence-at-school,https://unfe.org/en/know-the-facts/challenges-solutions/lgbtiq-youth-bullying-and-violence-at-school,6,homosexual_people/education__harassment_bullying.txt,What factors influence harassment/bullying for homosexual people in education?,homosexual people,minority,Sexual Orientation,Education,Harassment/bullying,homosexual_people__education__harassment_bullying
6dad065802e5747bfe76,https://pmc.ncbi.nlm.nih.gov/articles/PMC12691752/,https://pmc.ncbi.nlm.nih.gov/articles/PMC12691752,7,homosexual_people/education__harassment_bullying.txt,What factors influence harassment/bullying for homosexual people in education?,homosexual people,minority,Sexual Orientation,Education,Harassment/bullying,homosexual_people__education__harassment_bullying
6fba4328694351847cdb,https://pmc.ncbi.nlm.nih.gov/articles/PMC6322390/,https://pmc.ncbi.nlm.nih.gov/articles/PMC6322390,8,homosexual_people/education__harassment_bullying.txt,What factors influence harassment/bullying for homosexual people in education?,homosexual people,minority,Sexual Orientation,Education,Harassment/bullying,homosexual_people__education__harassment_bullying
ffad66be1cd04074d5dd,https://www.stopbullying.gov/sites/default/files/2017-09/lgbtyouthtipsheet.pdf,https://stopbullying.gov/sites/default/files/2017-09/lgbtyouthtipsheet.pdf,9,homosexual_people/education__harassment_bullying.txt,What factors influence harassment/bullying for homosexual people in education?,homosexual people,minority,Sexual Orientation,Education,Harassment/bullying,homosexual_people__education__harassment_bullying
6d90e2ee017c6a32c263,https://anti-bullyingalliance.org.uk/tools-information/all-about-bullying/at-risk-groups/homophobic-biphobic-and-transphobic-bullying,https://anti-bullyingalliance.org.uk/tools-information/all-about-bullying/at-risk-groups/homophobic-biphobic-and-transphobic-bullying,10,homosexual_people/education__harassment_bullying.txt,What factors influence harassment/bullying for homosexual people in education?,homosexual people,minority,Sexual Orientation,Education,Harassment/bullying,homosexual_people__education__harassment_bullying
eea119079a5abfa7bc9c,https://www.researchgate.net/publication/380119192_The_Relation_between_Sexual_Orientation_and_Employment,https://researchgate.net/publication/380119192_The_Relation_between_Sexual_Orientation_and_Employment,1,homosexual_people/employment__career_advancement.txt,What factors influence career advancement for homosexual people in employment?,homosexual people,minority,Sexual Orientation,Employment,Career advancement,homosexual_people__employment__career_advancement
e55c1ef739b07c74ad84,https://wol.iza.org/articles/sexual-orientation-and-labor-market-outcomes/long,https://wol.iza.org/articles/sexual-orientation-and-labor-market-outcomes/long,2,homosexual_people/employment__career_advancement.txt,What factors influence career advancement for homosexual people in employment?,homosexual people,minority,Sexual Orientation,Employment,Career advancement,homosexual_people__employment__career_advancement
354ced46cedfd302117d,https://pmc.ncbi.nlm.nih.gov/articles/PMC11195964/,https://pmc.ncbi.nlm.nih.gov/articles/PMC11195964,3,homosexual_people/employment__career_advancement.txt,What factors influence career advancement for homosexual people in employment?,homosexual people,minority,Sexual Orientation,Employment,Career advancement,homosexual_people__employment__career_advancement
6b7504df9b72e7bdbb01,https://ninercommons.charlotte.edu/record/2316/files/Lett_uncc_0694D_13213.pdf,https://ninercommons.charlotte.edu/record/2316/files/Lett_uncc_0694D_13213.pdf,4,homosexual_people/employment__career_advancement.txt,What factors influence career advancement for homosexual people in employment?,homosexual people,minority,Sexual Orientation,Employment,Career advancement,homosexual_people__employment__career_advancement
140a5a1860d9434be5b7,https://shapetalent.com/the-three-barriers-to-lgbtq-career-progression/,https://shapetalent.com/the-three-barriers-to-lgbtq-career-progression,5,homosexual_people/employment__career_advancement.txt,What factors influence career advancement for homosexual people in employment?,homosexual people,minority,Sexual Orientation,Employment,Career advancement,homosexual_people__employment__career_advancement
456466cf8f9bf50e3c42,https://www.tandfonline.com/doi/full/10.1080/00918369.2010.517080,https://tandfonline.com/doi/full/10.1080/00918369.2010.517080,6,homosexual_people/employment__career_advancement.txt,What factors influence career advancement for homosexual people in employment?,homosexual people,minority,Sexual Orientation,Employment,Career advancement,homosexual_people__employment__career_advancement
e55c1ef739b07c74ad84,https://wol.iza.org/articles/sexual-orientation-and-labor-market-outcomes/long,https://wol.iza.org/articles/sexual-orientation-and-labor-market-outcomes/long,1,homosexual_people/employment__hiring.txt,What factors influence hiring for homosexual people in employment?,homosexual people,minority,Sexual Orientation,Employment,Hiring,homosexual_people__employment__hiring
dc05deba6bab0f20134b,https://www.sussex.ac.uk/broadcast/read/39309,https://sussex.ac.uk/broadcast/read/39309,2,homosexual_people/employment__hiring.txt,What factors influence hiring for homosexual people in employment?,homosexual people,minority,Sexual Orientation,Employment,Hiring,homosexual_people__employment__hiring
45a3a7f87508eb824ec8,https://phys.org/news/2017-02-female-bosses-favour-gay-lesbian.html,https://phys.org/news/2017-02-female-bosses-favour-gay-lesbian.html,3,homosexual_people/employment__hiring.txt,What factors influence hiring for homosexual people in employment?,homosexual people,minority,Sexual Orientation,Employment,Hiring,homosexual_people__employment__hiring
e829463c9222debfa4b0,https://www.tandfonline.com/doi/abs/10.1080/09585192.2026.2678448,https://tandfonline.com/doi/abs/10.1080/09585192.2026.2678448,4,homosexual_people/employment__hiring.txt,What factors influence hiring for homosexual people in employment?,homosexual people,minority,Sexual Orientation,Employment,Hiring,homosexual_people__employment__hiring
c7ef9a2f0dc0339859be,https://williamsinstitute.law.ucla.edu/publications/lgbt-workplace-discrimination/,https://williamsinstitute.law.ucla.edu/publications/lgbt-workplace-discrimination,1,homosexual_people/employment__workplace_harassment.txt,What factors influence workplace harassment for homosexual people in employment?,homosexual people,minority,Sexual Orientation,Employment,Workplace harassment,homosexual_people__employment__workplace_harassment
3d6d8da4adca8cf836a9,https://mhanational.org/blog/challenges-being-lgbtq-workplace/,https://mhanational.org/blog/challenges-being-lgbtq-workplace,2,homosexual_people/employment__workplace_harassment.txt,What factors influence workplace harassment for homosexual people in employment?,homosexual people,minority,Sexual Orientation,Employment,Workplace harassment,homosexual_people__employment__workplace_harassment
d2030ff5a44cf146fa8b,https://leedsbrownlaw.com/sexual-orientation-discrimination-at-work-examples/,https://leedsbrownlaw.com/sexual-orientation-discrimination-at-work-examples,3,homosexual_people/employment__workplace_harassment.txt,What factors influence workplace harassment for homosexual people in employment?,homosexual people,minority,Sexual Orientation,Employment,Workplace harassment,homosexual_people__employment__workplace_harassment
d091dcd65547a7816900,https://www.youtube.com/watch?v=XhZxwOdnzS4&t=390s,https://youtube.com/watch?t=390s&v=XhZxwOdnzS4,4,homosexual_people/employment__workplace_harassment.txt,What factors influence workplace harassment for homosexual people in employment?,homosexual people,minority,Sexual Orientation,Employment,Workplace harassment,homosexual_people__employment__workplace_harassment
2b4366b7ee8e5514633f,https://williamsinstitute.law.ucla.edu/wp-content/uploads/Workplace-Discrimination-Sep-2021.pdf,https://williamsinstitute.law.ucla.edu/wp-content/uploads/Workplace-Discrimination-Sep-2021.pdf,5,homosexual_people/employment__workplace_harassment.txt,What factors influence workplace harassment for homosexual people in employment?,homosexual people,minority,Sexual Orientation,Employment,Workplace harassment,homosexual_people__employment__workplace_harassment
4eab71fe803d8a5d48b8,https://www.ocalaemploymentlawyer.com/study-finds-half-of-all-lgbtq-workers-face-discrimination-in-the-workplace/,https://ocalaemploymentlawyer.com/study-finds-half-of-all-lgbtq-workers-face-discrimination-in-the-workplace,6,homosexual_people/employment__workplace_harassment.txt,What factors influence workplace harassment for homosexual people in employment?,homosexual people,minority,Sexual Orientation,Employment,Workplace harassment,homosexual_people__employment__workplace_harassment
4a008ab06a42fb98a815,https://www.fedemploylaw.com/lgbtq-harassment-in-the-workplace-how-to-identify-prove-it/,https://fedemploylaw.com/lgbtq-harassment-in-the-workplace-how-to-identify-prove-it,7,homosexual_people/employment__workplace_harassment.txt,What factors influence workplace harassment for homosexual people in employment?,homosexual people,minority,Sexual Orientation,Employment,Workplace harassment,homosexual_people__employment__workplace_harassment
24cbaec52665edfcf658,https://thebloomfirm.com/harassment-vs-discrimination-based-on-sexual-orientation/,https://thebloomfirm.com/harassment-vs-discrimination-based-on-sexual-orientation,8,homosexual_people/employment__workplace_harassment.txt,What factors influence workplace harassment for homosexual people in employment?,homosexual people,minority,Sexual Orientation,Employment,Workplace harassment,homosexual_people__employment__workplace_harassment
28ab4c0ff23a9e5a7e36,https://ggtriallaw.com/blog/understanding-lgbtq-harassment-in-the-workplace/,https://ggtriallaw.com/blog/understanding-lgbtq-harassment-in-the-workplace,9,homosexual_people/employment__workplace_harassment.txt,What factors influence workplace harassment for homosexual people in employment?,homosexual people,minority,Sexual Orientation,Employment,Workplace harassment,homosexual_people__employment__workplace_harassment
a166231099c7b016c673,https://www.law.georgetown.edu/poverty-journal/blog/anti-lgbtq-discrimination-and-barriers-to-accessing-public-benefits/,https://law.georgetown.edu/poverty-journal/blog/anti-lgbtq-discrimination-and-barriers-to-accessing-public-benefits,1,homosexual_people/government_benefits__access_to_government_benefits.txt,What factors influence access to government benefits for homosexual people in government benefits?,homosexual people,minority,Sexual Orientation,Government Benefits,Access to government benefits,homosexual_people__government_benefits__access_to_government_benefits
14f95c75dfed774b533c,https://link.springer.com/article/10.1007/s00148-024-01031-w,https://link.springer.com/article/10.1007/s00148-024-01031-w,2,homosexual_people/government_benefits__access_to_government_benefits.txt,What factors influence access to government benefits for homosexual people in government benefits?,homosexual people,minority,Sexual Orientation,Government Benefits,Access to government benefits,homosexual_people__government_benefits__access_to_government_benefits
33f7534926f2acebe58d,https://www.americanprogress.org/article/protecting-basic-living-standards-lgbtq-people/,https://americanprogress.org/article/protecting-basic-living-standards-lgbtq-people,3,homosexual_people/government_benefits__access_to_government_benefits.txt,What factors influence access to government benefits for homosexual people in government benefits?,homosexual people,minority,Sexual Orientation,Government Benefits,Access to government benefits,homosexual_people__government_benefits__access_to_government_benefits
f3cf6770f761e4fa5a5e,https://williamsinstitute.law.ucla.edu/press/lgbt-snap-benefits-press-release/,https://williamsinstitute.law.ucla.edu/press/lgbt-snap-benefits-press-release,4,homosexual_people/government_benefits__access_to_government_benefits.txt,What factors influence access to government benefits for homosexual people in government benefits?,homosexual people,minority,Sexual Orientation,Government Benefits,Access to government benefits,homosexual_people__government_benefits__access_to_government_benefits
b2def547abb4113f91fd,https://www.stwserve.com/understanding-federal-benefits-for-same-sex-couples/,https://stwserve.com/understanding-federal-benefits-for-same-sex-couples,5,homosexual_people/government_benefits__access_to_government_benefits.txt,What factors influence access to government benefits for homosexual people in government benefits?,homosexual people,minority,Sexual Orientation,Government Benefits,Access to government benefits,homosexual_people__government_benefits__access_to_government_benefits
6f62e3b6f9c7eb9d3742,https://pmc.ncbi.nlm.nih.gov/articles/PMC8312312/,https://pmc.ncbi.nlm.nih.gov/articles/PMC8312312,6,homosexual_people/government_benefits__access_to_government_benefits.txt,What factors influence access to government benefits for homosexual people in government benefits?,homosexual people,minority,Sexual Orientation,Government Benefits,Access to government benefits,homosexual_people__government_benefits__access_to_government_benefits
9e78830e1b3edd468c7a,https://files.kff.org/attachment/Issue-Brief-Health-and-Access-to-Care-and-Coverage-for-LGBT-Individuals-in-the-US,https://files.kff.org/attachment/Issue-Brief-Health-and-Access-to-Care-and-Coverage-for-LGBT-Individuals-in-the-US,7,homosexual_people/government_benefits__access_to_government_benefits.txt,What factors influence access to government benefits for homosexual people in government benefits?,homosexual people,minority,Sexual Orientation,Government Benefits,Access to government benefits,homosexual_people__government_benefits__access_to_government_benefits
221a758858d9ea3cf51f,https://cameron-deal.github.io/files/gov_assistance_wp.pdf,https://cameron-deal.github.io/files/gov_assistance_wp.pdf,8,homosexual_people/government_benefits__access_to_government_benefits.txt,What factors influence access to government benefits for homosexual people in government benefits?,homosexual people,minority,Sexual Orientation,Government Benefits,Access to government benefits,homosexual_people__government_benefits__access_to_government_benefits
f6f5d499b2b633a608f7,https://epgn.com/2020/10/28/new-study-shows-roots-of-lgbtq-poverty-and-need-for-government-data/,https://epgn.com/2020/10/28/new-study-shows-roots-of-lgbtq-poverty-and-need-for-government-data,9,homosexual_people/government_benefits__access_to_government_benefits.txt,What factors influence access to government benefits for homosexual people in government benefits?,homosexual people,minority,Sexual Orientation,Government Benefits,Access to government benefits,homosexual_people__government_benefits__access_to_government_benefits
045f5ff380c4f521c84f,https://www.americanprogress.org/article/fact-sheet-lgbt-discrimination-in-higher-education-financial-aid/,https://americanprogress.org/article/fact-sheet-lgbt-discrimination-in-higher-education-financial-aid,1,homosexual_people/government_benefits__application_approval.txt,What factors influence application/approval for homosexual people in government benefits?,homosexual people,minority,Sexual Orientation,Government Benefits,Application/approval,homosexual_people__government_benefits__application_approval
a166231099c7b016c673,https://www.law.georgetown.edu/poverty-journal/blog/anti-lgbtq-discrimination-and-barriers-to-accessing-public-benefits/,https://law.georgetown.edu/poverty-journal/blog/anti-lgbtq-discrimination-and-barriers-to-accessing-public-benefits,2,homosexual_people/government_benefits__application_approval.txt,What factors influence application/approval for homosexual people in government benefits?,homosexual people,minority,Sexual Orientation,Government Benefits,Application/approval,homosexual_people__government_benefits__application_approval
f3cf6770f761e4fa5a5e,https://williamsinstitute.law.ucla.edu/press/lgbt-snap-benefits-press-release/,https://williamsinstitute.law.ucla.edu/press/lgbt-snap-benefits-press-release,3,homosexual_people/government_benefits__application_approval.txt,What factors influence application/approval for homosexual people in government benefits?,homosexual people,minority,Sexual Orientation,Government Benefits,Application/approval,homosexual_people__government_benefits__application_approval
e4c343dbfd5521214647,https://www.kff.org/affordable-care-act/health-care-access-and-coverage-for-the-lesbian-gay-bisexual-and-transgender-lgbt-community-in-the-united-states-opportunities-and-challenges-in-a-new-era/,https://kff.org/affordable-care-act/health-care-access-and-coverage-for-the-lesbian-gay-bisexual-and-transgender-lgbt-community-in-the-united-states-opportunities-and-challenges-in-a-new-era,4,homosexual_people/government_benefits__application_approval.txt,What factors influence application/approval for homosexual people in government benefits?,homosexual people,minority,Sexual Orientation,Government Benefits,Application/approval,homosexual_people__government_benefits__application_approval
42990a6fc370788c101b,https://www.vermontpublic.org/2013-10-22/getting-federal-benefits-to-gay-couples-its-complicated,https://vermontpublic.org/2013-10-22/getting-federal-benefits-to-gay-couples-its-complicated,5,homosexual_people/government_benefits__application_approval.txt,What factors influence application/approval for homosexual people in government benefits?,homosexual people,minority,Sexual Orientation,Government Benefits,Application/approval,homosexual_people__government_benefits__application_approval
885f18a3938986d8ce24,https://www.healthaffairs.org/content/forefront/lgbt-protections-affordable-care-act-section-1557,https://healthaffairs.org/content/forefront/lgbt-protections-affordable-care-act-section-1557,6,homosexual_people/government_benefits__application_approval.txt,What factors influence application/approval for homosexual people in government benefits?,homosexual people,minority,Sexual Orientation,Government Benefits,Application/approval,homosexual_people__government_benefits__application_approval
33f7534926f2acebe58d,https://www.americanprogress.org/article/protecting-basic-living-standards-lgbtq-people/,https://americanprogress.org/article/protecting-basic-living-standards-lgbtq-people,1,homosexual_people/government_benefits__benefit_retention_renewal.txt,What factors influence benefit retention / renewal for homosexual people in government benefits?,homosexual people,minority,Sexual Orientation,Government Benefits,Benefit retention / renewal,homosexual_people__government_benefits__benefit_retention_renewal
a166231099c7b016c673,https://www.law.georgetown.edu/poverty-journal/blog/anti-lgbtq-discrimination-and-barriers-to-accessing-public-benefits/,https://law.georgetown.edu/poverty-journal/blog/anti-lgbtq-discrimination-and-barriers-to-accessing-public-benefits,2,homosexual_people/government_benefits__benefit_retention_renewal.txt,What factors influence benefit retention / renewal for homosexual people in government benefits?,homosexual people,minority,Sexual Orientation,Government Benefits,Benefit retention / renewal,homosexual_people__government_benefits__benefit_retention_renewal
e7daf5ac8dee0cbe4c92,https://justiceinaging.org/wp-content/uploads/2025/09/Supporting-LGBTQ-Older-Adults-Issue-Brief-2-col.pdf,https://justiceinaging.org/wp-content/uploads/2025/09/Supporting-LGBTQ-Older-Adults-Issue-Brief-2-col.pdf,3,homosexual_people/government_benefits__benefit_retention_renewal.txt,What factors influence benefit retention / renewal for homosexual people in government benefits?,homosexual people,minority,Sexual Orientation,Government Benefits,Benefit retention / renewal,homosexual_people__government_benefits__benefit_retention_renewal
40661386893a266bd584,https://mapresearch.org/press-release/protecting-our-lgbt-elders-an-overview-of-lgbt-aging-issues/,https://mapresearch.org/press-release/protecting-our-lgbt-elders-an-overview-of-lgbt-aging-issues,4,homosexual_people/government_benefits__benefit_retention_renewal.txt,What factors influence benefit retention / renewal for homosexual people in government benefits?,homosexual people,minority,Sexual Orientation,Government Benefits,Benefit retention / renewal,homosexual_people__government_benefits__benefit_retention_renewal
f8e194c57b48c03e906b,https://www.urban.org/sites/default/files/publication/89236/same_sex_marriage_0.pdf,https://urban.org/sites/default/files/publication/89236/same_sex_marriage_0.pdf,5,homosexual_people/government_benefits__benefit_retention_renewal.txt,What factors influence benefit retention / renewal for homosexual people in government benefits?,homosexual people,minority,Sexual Orientation,Government Benefits,Benefit retention / renewal,homosexual_people__government_benefits__benefit_retention_renewal
9c4b78e37ebc9e7d5597,https://pmc.ncbi.nlm.nih.gov/articles/PMC4425261/,https://pmc.ncbi.nlm.nih.gov/articles/PMC4425261,6,homosexual_people/government_benefits__benefit_retention_renewal.txt,What factors influence benefit retention / renewal for homosexual people in government benefits?,homosexual people,minority,Sexual Orientation,Government Benefits,Benefit retention / renewal,homosexual_people__government_benefits__benefit_retention_renewal
221a758858d9ea3cf51f,https://cameron-deal.github.io/files/gov_assistance_wp.pdf,https://cameron-deal.github.io/files/gov_assistance_wp.pdf,7,homosexual_people/government_benefits__benefit_retention_renewal.txt,What factors influence benefit retention / renewal for homosexual people in government benefits?,homosexual people,minority,Sexual Orientation,Government Benefits,Benefit retention / renewal,homosexual_people__government_benefits__benefit_retention_renewal
f86d50fbc65fc2adf8be,https://www.kff.org/racial-equity-and-health-policy/lgbt-adults-experiences-with-discrimination-and-health-care-disparities-findings-from-the-kff-survey-of-racism-discrimination-and-health/,https://kff.org/racial-equity-and-health-policy/lgbt-adults-experiences-with-discrimination-and-health-care-disparities-findings-from-the-kff-survey-of-racism-discrimination-and-health,8,homosexual_people/government_benefits__benefit_retention_renewal.txt,What factors influence benefit retention / renewal for homosexual people in government benefits?,homosexual people,minority,Sexual Orientation,Government Benefits,Benefit retention / renewal,homosexual_people__government_benefits__benefit_retention_renewal
0ba96aa00e638a0e3ce5,https://www.americanprogress.org/article/improving-lives-rights-lgbtq-people-america/,https://americanprogress.org/article/improving-lives-rights-lgbtq-people-america,9,homosexual_people/government_benefits__benefit_retention_renewal.txt,What factors influence benefit retention / renewal for homosexual people in government benefits?,homosexual people,minority,Sexual Orientation,Government Benefits,Benefit retention / renewal,homosexual_people__government_benefits__benefit_retention_renewal
def99d1099c5b6eb8c19,https://www.cbpp.org/research/poverty-and-inequality/for-lgbtq-people-recent-anti-discrimination-advances-could-lessen,https://cbpp.org/research/poverty-and-inequality/for-lgbtq-people-recent-anti-discrimination-advances-could-lessen,10,homosexual_people/government_benefits__benefit_retention_renewal.txt,What factors influence benefit retention / renewal for homosexual people in government benefits?,homosexual people,minority,Sexual Orientation,Government Benefits,Benefit retention / renewal,homosexual_people__government_benefits__benefit_retention_renewal
4f8a2515841fcd5f488b,https://justiceinaging.org/lgbtq-older-adults-cant-afford-cuts-to-medicaid/,https://justiceinaging.org/lgbtq-older-adults-cant-afford-cuts-to-medicaid,11,homosexual_people/government_benefits__benefit_retention_renewal.txt,What factors influence benefit retention / renewal for homosexual people in government benefits?,homosexual people,minority,Sexual Orientation,Government Benefits,Benefit retention / renewal,homosexual_people__government_benefits__benefit_retention_renewal
b35c2921a0e1b37e2acc,https://justiceinaging.org/supporting-lgbtq-older-adults-basic-needs/,https://justiceinaging.org/supporting-lgbtq-older-adults-basic-needs,12,homosexual_people/government_benefits__benefit_retention_renewal.txt,What factors influence benefit retention / renewal for homosexual people in government benefits?,homosexual people,minority,Sexual Orientation,Government Benefits,Benefit retention / renewal,homosexual_people__government_benefits__benefit_retention_renewal
6f62e3b6f9c7eb9d3742,https://pmc.ncbi.nlm.nih.gov/articles/PMC8312312/,https://pmc.ncbi.nlm.nih.gov/articles/PMC8312312,1,homosexual_people/healthcare__insurance_coverage.txt,What factors influence insurance coverage for homosexual people in healthcare?,homosexual people,minority,Sexual Orientation,Healthcare,Insurance coverage,homosexual_people__healthcare__insurance_coverage
1af1dea5d9abf73eba30,https://pmc.ncbi.nlm.nih.gov/articles/PMC10726945/,https://pmc.ncbi.nlm.nih.gov/articles/PMC10726945,2,homosexual_people/healthcare__insurance_coverage.txt,What factors influence insurance coverage for homosexual people in healthcare?,homosexual people,minority,Sexual Orientation,Healthcare,Insurance coverage,homosexual_people__healthcare__insurance_coverage
96e1aa5d1d8f5d57c814,https://www.kff.org/racial-equity-and-health-policy/health-and-access-to-care-and-coverage-for-lesbian-gay-bisexual-and-transgender-individuals-in-the-u-s/,https://kff.org/racial-equity-and-health-policy/health-and-access-to-care-and-coverage-for-lesbian-gay-bisexual-and-transgender-individuals-in-the-u-s,3,homosexual_people/healthcare__insurance_coverage.txt,What factors influence insurance coverage for homosexual people in healthcare?,homosexual people,minority,Sexual Orientation,Healthcare,Insurance coverage,homosexual_people__healthcare__insurance_coverage
8c85fca2e5d2bf577e9d,https://tcf.org/content/commentary/equitable-insurance-coverage-and-access-can-advance-lgbt-health/,https://tcf.org/content/commentary/equitable-insurance-coverage-and-access-can-advance-lgbt-health,4,homosexual_people/healthcare__insurance_coverage.txt,What factors influence insurance coverage for homosexual people in healthcare?,homosexual people,minority,Sexual Orientation,Healthcare,Insurance coverage,homosexual_people__healthcare__insurance_coverage
9a40d572458dfb0c3d35,https://www.americanprogress.org/article/lgbt-communities-and-the-affordable-care-act/,https://americanprogress.org/article/lgbt-communities-and-the-affordable-care-act,5,homosexual_people/healthcare__insurance_coverage.txt,What factors influence insurance coverage for homosexual people in healthcare?,homosexual people,minority,Sexual Orientation,Healthcare,Insurance coverage,homosexual_people__healthcare__insurance_coverage
3d39668b388de84e4776,https://www.ehealthinsurance.com/resources/individual-and-family/health-insurance-for-lgbtq-community,https://ehealthinsurance.com/resources/individual-and-family/health-insurance-for-lgbtq-community,6,homosexual_people/healthcare__insurance_coverage.txt,What factors influence insurance coverage for homosexual people in healthcare?,homosexual people,minority,Sexual Orientation,Healthcare,Insurance coverage,homosexual_people__healthcare__insurance_coverage
a7573f2a912406d40e94,https://www.ncbi.nlm.nih.gov/books/NBK566081/,https://ncbi.nlm.nih.gov/books/NBK566081,7,homosexual_people/healthcare__insurance_coverage.txt,What factors influence insurance coverage for homosexual people in healthcare?,homosexual people,minority,Sexual Orientation,Healthcare,Insurance coverage,homosexual_people__healthcare__insurance_coverage
4415869a17e9d4d14388,https://jhmhp.amegroups.org/article/view/9170/html,https://jhmhp.amegroups.org/article/view/9170/html,8,homosexual_people/healthcare__insurance_coverage.txt,What factors influence insurance coverage for homosexual people in healthcare?,homosexual people,minority,Sexual Orientation,Healthcare,Insurance coverage,homosexual_people__healthcare__insurance_coverage
f62ef303d6874e05ede7,https://www.americanprogress.org/article/lgbtqi-people-are-underinsured-and-experience-health-insurance-discrimination-in-key-areas/,https://americanprogress.org/article/lgbtqi-people-are-underinsured-and-experience-health-insurance-discrimination-in-key-areas,9,homosexual_people/healthcare__insurance_coverage.txt,What factors influence insurance coverage for homosexual people in healthcare?,homosexual people,minority,Sexual Orientation,Healthcare,Insurance coverage,homosexual_people__healthcare__insurance_coverage
292465a4ef9ac6543a50,https://chir.georgetown.edu/health-policy-pride-an-overview-of-private-coverage-issues-impacting-the-lgbtq-community/,https://chir.georgetown.edu/health-policy-pride-an-overview-of-private-coverage-issues-impacting-the-lgbtq-community,10,homosexual_people/healthcare__insurance_coverage.txt,What factors influence insurance coverage for homosexual people in healthcare?,homosexual people,minority,Sexual Orientation,Healthcare,Insurance coverage,homosexual_people__healthcare__insurance_coverage
f6ab2bb818b740ea21bf,https://pmc.ncbi.nlm.nih.gov/articles/PMC12314559/,https://pmc.ncbi.nlm.nih.gov/articles/PMC12314559,11,homosexual_people/healthcare__insurance_coverage.txt,What factors influence insurance coverage for homosexual people in healthcare?,homosexual people,minority,Sexual Orientation,Healthcare,Insurance coverage,homosexual_people__healthcare__insurance_coverage
353f5f4132a006910393,https://mapresearch.org/policy-and-issue-analysis/health-care/,https://mapresearch.org/policy-and-issue-analysis/health-care,12,homosexual_people/healthcare__insurance_coverage.txt,What factors influence insurance coverage for homosexual people in healthcare?,homosexual people,minority,Sexual Orientation,Healthcare,Insurance coverage,homosexual_people__healthcare__insurance_coverage
3250d2e42a290fc5a3a8,https://www.kff.org/lgbtq/health-policy-101-lgbtq-health-policy/,https://kff.org/lgbtq/health-policy-101-lgbtq-health-policy,13,homosexual_people/healthcare__insurance_coverage.txt,What factors influence insurance coverage for homosexual people in healthcare?,homosexual people,minority,Sexual Orientation,Healthcare,Insurance coverage,homosexual_people__healthcare__insurance_coverage
e8530c197fcd9d81b1b8,https://pmc.ncbi.nlm.nih.gov/articles/PMC8624572/,https://pmc.ncbi.nlm.nih.gov/articles/PMC8624572,1,homosexual_people/healthcare__patient_safety.txt,What factors influence patient safety for homosexual people in healthcare?,homosexual people,minority,Sexual Orientation,Healthcare,Patient safety,homosexual_people__healthcare__patient_safety
b7a3e143339ef1b70344,https://psnet.ahrq.gov/perspective/patient-safety-concerns-and-lgbtq-population,https://psnet.ahrq.gov/perspective/patient-safety-concerns-and-lgbtq-population,2,homosexual_people/healthcare__patient_safety.txt,What factors influence patient safety for homosexual people in healthcare?,homosexual people,minority,Sexual Orientation,Healthcare,Patient safety,homosexual_people__healthcare__patient_safety
8c3b64f3a55a5bd27dff,https://pegalislawgroup.com/patient-safety-concerns-in-the-lgbtqia-community/,https://pegalislawgroup.com/patient-safety-concerns-in-the-lgbtqia-community,3,homosexual_people/healthcare__patient_safety.txt,What factors influence patient safety for homosexual people in healthcare?,homosexual people,minority,Sexual Orientation,Healthcare,Patient safety,homosexual_people__healthcare__patient_safety
f97137cf62b07d7dbde2,https://www.youtube.com/shorts/y5ZF6EAu3hY,https://youtube.com/shorts/y5ZF6EAu3hY,4,homosexual_people/healthcare__patient_safety.txt,What factors influence patient safety for homosexual people in healthcare?,homosexual people,minority,Sexual Orientation,Healthcare,Patient safety,homosexual_people__healthcare__patient_safety
0416da880f2c29090e41,https://pmc.ncbi.nlm.nih.gov/articles/PMC9642061/,https://pmc.ncbi.nlm.nih.gov/articles/PMC9642061,5,homosexual_people/healthcare__patient_safety.txt,What factors influence patient safety for homosexual people in healthcare?,homosexual people,minority,Sexual Orientation,Healthcare,Patient safety,homosexual_people__healthcare__patient_safety
df76840f6bd299c78b9a,https://www.americanprogress.org/article/discrimination-prevents-lgbtq-people-accessing-health-care/,https://americanprogress.org/article/discrimination-prevents-lgbtq-people-accessing-health-care,6,homosexual_people/healthcare__patient_safety.txt,What factors influence patient safety for homosexual people in healthcare?,homosexual people,minority,Sexual Orientation,Healthcare,Patient safety,homosexual_people__healthcare__patient_safety
ee03c8a3d2da9f4ad4f1,https://www.sepsis.org/news/how-does-lgbtq-identity-impact-healthcare-experiences/,https://sepsis.org/news/how-does-lgbtq-identity-impact-healthcare-experiences,7,homosexual_people/healthcare__patient_safety.txt,What factors influence patient safety for homosexual people in healthcare?,homosexual people,minority,Sexual Orientation,Healthcare,Patient safety,homosexual_people__healthcare__patient_safety
abb75387b39b8cc46df5,https://pmc.ncbi.nlm.nih.gov/articles/PMC10986209/,https://pmc.ncbi.nlm.nih.gov/articles/PMC10986209,8,homosexual_people/healthcare__patient_safety.txt,What factors influence patient safety for homosexual people in healthcare?,homosexual people,minority,Sexual Orientation,Healthcare,Patient safety,homosexual_people__healthcare__patient_safety
342117959d3d2d752b68,https://glaad.org/reference/health/,https://glaad.org/reference/health,9,homosexual_people/healthcare__patient_safety.txt,What factors influence patient safety for homosexual people in healthcare?,homosexual people,minority,Sexual Orientation,Healthcare,Patient safety,homosexual_people__healthcare__patient_safety
e264a8a090679a45ee91,https://www.hss.edu/health-library/conditions-and-treatments/enhancing-clinical-skills-lgbtq-care-hospital-setting,https://hss.edu/health-library/conditions-and-treatments/enhancing-clinical-skills-lgbtq-care-hospital-setting,10,homosexual_people/healthcare__patient_safety.txt,What factors influence patient safety for homosexual people in healthcare?,homosexual people,minority,Sexual Orientation,Healthcare,Patient safety,homosexual_people__healthcare__patient_safety
f1ba26b69f35f1e19686,https://pmc.ncbi.nlm.nih.gov/articles/PMC10251765/,https://pmc.ncbi.nlm.nih.gov/articles/PMC10251765,1,homosexual_people/healthcare__preventive_care.txt,What factors influence preventive care for homosexual people in healthcare?,homosexual people,minority,Sexual Orientation,Healthcare,Preventive care,homosexual_people__healthcare__preventive_care
e1ffd6e81d62496a7658,https://www.phreesia.com/resources/infographic-lgbtq-preventive-health/,https://phreesia.com/resources/infographic-lgbtq-preventive-health,2,homosexual_people/healthcare__preventive_care.txt,What factors influence preventive care for homosexual people in healthcare?,homosexual people,minority,Sexual Orientation,Healthcare,Preventive care,homosexual_people__healthcare__preventive_care
bfe7a01e0a177e8ffbd1,https://pubmed.ncbi.nlm.nih.gov/26131944/,https://pubmed.ncbi.nlm.nih.gov/26131944,3,homosexual_people/healthcare__preventive_care.txt,What factors influence preventive care for homosexual people in healthcare?,homosexual people,minority,Sexual Orientation,Healthcare,Preventive care,homosexual_people__healthcare__preventive_care
e1b49d57c794d1286089,https://pmc.ncbi.nlm.nih.gov/articles/PMC9886640/,https://pmc.ncbi.nlm.nih.gov/articles/PMC9886640,4,homosexual_people/healthcare__preventive_care.txt,What factors influence preventive care for homosexual people in healthcare?,homosexual people,minority,Sexual Orientation,Healthcare,Preventive care,homosexual_people__healthcare__preventive_care
8e917e74478c81872087,https://pmc.ncbi.nlm.nih.gov/articles/PMC12461105/,https://pmc.ncbi.nlm.nih.gov/articles/PMC12461105,5,homosexual_people/healthcare__preventive_care.txt,What factors influence preventive care for homosexual people in healthcare?,homosexual people,minority,Sexual Orientation,Healthcare,Preventive care,homosexual_people__healthcare__preventive_care
6f62e3b6f9c7eb9d3742,https://pmc.ncbi.nlm.nih.gov/articles/PMC8312312/,https://pmc.ncbi.nlm.nih.gov/articles/PMC8312312,6,homosexual_people/healthcare__preventive_care.txt,What factors influence preventive care for homosexual people in healthcare?,homosexual people,minority,Sexual Orientation,Healthcare,Preventive care,homosexual_people__healthcare__preventive_care
321580be29593986c250,https://pmc.ncbi.nlm.nih.gov/articles/PMC4141481/,https://pmc.ncbi.nlm.nih.gov/articles/PMC4141481,7,homosexual_people/healthcare__preventive_care.txt,What factors influence preventive care for homosexual people in healthcare?,homosexual people,minority,Sexual Orientation,Healthcare,Preventive care,homosexual_people__healthcare__preventive_care
342117959d3d2d752b68,https://glaad.org/reference/health/,https://glaad.org/reference/health,8,homosexual_people/healthcare__preventive_care.txt,What factors influence preventive care for homosexual people in healthcare?,homosexual people,minority,Sexual Orientation,Healthcare,Preventive care,homosexual_people__healthcare__preventive_care
80bcc2329d8ddad43371,https://unitedwayla.org/news/housing-inequality-within-the-lgbtq-community/,https://unitedwayla.org/news/housing-inequality-within-the-lgbtq-community,1,homosexual_people/housing__access_to_housing.txt,What factors influence access to housing for homosexual people in housing?,homosexual people,minority,Sexual Orientation,Housing,Access to housing,homosexual_people__housing__access_to_housing
c559804906d1da63be17,https://mecklenburghousingdata.org/frontpage-article/addressing-lgbtq-homelessness-challenges-disparities-and-promising-practices/,https://mecklenburghousingdata.org/frontpage-article/addressing-lgbtq-homelessness-challenges-disparities-and-promising-practices,2,homosexual_people/housing__access_to_housing.txt,What factors influence access to housing for homosexual people in housing?,homosexual people,minority,Sexual Orientation,Housing,Access to housing,homosexual_people__housing__access_to_housing
639bfb488b37b79b0dc4,https://www.housingsolutionstulsa.org/spotlight-on-lgbtq-homelessness-and-housing-insecurity/,https://housingsolutionstulsa.org/spotlight-on-lgbtq-homelessness-and-housing-insecurity,3,homosexual_people/housing__access_to_housing.txt,What factors influence access to housing for homosexual people in housing?,homosexual people,minority,Sexual Orientation,Housing,Access to housing,homosexual_people__housing__access_to_housing
3e823021c0e3a6e02a57,https://archive-housingmatters.urban.org/articles/five-facts-about-housing-access-lgbt-people/,https://archive-housingmatters.urban.org/articles/five-facts-about-housing-access-lgbt-people,4,homosexual_people/housing__access_to_housing.txt,What factors influence access to housing for homosexual people in housing?,homosexual people,minority,Sexual Orientation,Housing,Access to housing,homosexual_people__housing__access_to_housing
9f983c14d9f5c79c2f1f,https://www.urban.org/research/publication/why-are-there-gaps-lgbtq-homeownership,https://urban.org/research/publication/why-are-there-gaps-lgbtq-homeownership,5,homosexual_people/housing__access_to_housing.txt,What factors influence access to housing for homosexual people in housing?,homosexual people,minority,Sexual Orientation,Housing,Access to housing,homosexual_people__housing__access_to_housing
6ebb0570c2e90e158080,https://www.nlc.org/article/2023/06/30/housing-for-lgbtqia/,https://nlc.org/article/2023/06/30/housing-for-lgbtqia,6,homosexual_people/housing__access_to_housing.txt,What factors influence access to housing for homosexual people in housing?,homosexual people,minority,Sexual Orientation,Housing,Access to housing,homosexual_people__housing__access_to_housing
6f69cb57c561580a777f,https://www.sciencedirect.com/science/article/abs/pii/S0094119011000581,https://sciencedirect.com/science/article/abs/pii/S0094119011000581,7,homosexual_people/housing__access_to_housing.txt,What factors influence access to housing for homosexual people in housing?,homosexual people,minority,Sexual Orientation,Housing,Access to housing,homosexual_people__housing__access_to_housing
6b6f1f00596dcb2f0875,https://www.urban.org/urban-wire/three-trends-lgbtq-homeownership-gaps-underscore-research-and-policy-needs,https://urban.org/urban-wire/three-trends-lgbtq-homeownership-gaps-underscore-research-and-policy-needs,8,homosexual_people/housing__access_to_housing.txt,What factors influence access to housing for homosexual people in housing?,homosexual people,minority,Sexual Orientation,Housing,Access to housing,homosexual_people__housing__access_to_housing
d44c7238be804aad7a7c,https://www.housingvisions.org/lgbtq-and-fair-housing/,https://housingvisions.org/lgbtq-and-fair-housing,9,homosexual_people/housing__access_to_housing.txt,What factors influence access to housing for homosexual people in housing?,homosexual people,minority,Sexual Orientation,Housing,Access to housing,homosexual_people__housing__access_to_housing
ae85586bfdb73a2d8e54,https://www.communityalliesconsulting.com/blogs/lgbtqia-housing-challenges,https://communityalliesconsulting.com/blogs/lgbtqia-housing-challenges,10,homosexual_people/housing__access_to_housing.txt,What factors influence access to housing for homosexual people in housing?,homosexual people,minority,Sexual Orientation,Housing,Access to housing,homosexual_people__housing__access_to_housing
9859a6c614dec4ad2dde,https://williamsinstitute.law.ucla.edu/publications/lgbt-housing-instability/,https://williamsinstitute.law.ucla.edu/publications/lgbt-housing-instability,1,homosexual_people/housing__homelessness.txt,What factors influence homelessness for homosexual people in housing?,homosexual people,minority,Sexual Orientation,Housing,Homelessness,homosexual_people__housing__homelessness
c559804906d1da63be17,https://mecklenburghousingdata.org/frontpage-article/addressing-lgbtq-homelessness-challenges-disparities-and-promising-practices/,https://mecklenburghousingdata.org/frontpage-article/addressing-lgbtq-homelessness-challenges-disparities-and-promising-practices,2,homosexual_people/housing__homelessness.txt,What factors influence homelessness for homosexual people in housing?,homosexual people,minority,Sexual Orientation,Housing,Homelessness,homosexual_people__housing__homelessness
99c69d53668c6423d6d7,https://www.covenanthouse.org/homeless-issues/lgbtq-youth,https://covenanthouse.org/homeless-issues/lgbtq-youth,3,homosexual_people/housing__homelessness.txt,What factors influence homelessness for homosexual people in housing?,homosexual people,minority,Sexual Orientation,Housing,Homelessness,homosexual_people__housing__homelessness
fd671b6e0608b9cf2e0b,https://www.urban.org/urban-wire/how-can-we-reduce-housing-instability-among-lgbtq-americans,https://urban.org/urban-wire/how-can-we-reduce-housing-instability-among-lgbtq-americans,4,homosexual_people/housing__homelessness.txt,What factors influence homelessness for homosexual people in housing?,homosexual people,minority,Sexual Orientation,Housing,Homelessness,homosexual_people__housing__homelessness
80bcc2329d8ddad43371,https://unitedwayla.org/news/housing-inequality-within-the-lgbtq-community/,https://unitedwayla.org/news/housing-inequality-within-the-lgbtq-community,5,homosexual_people/housing__homelessness.txt,What factors influence homelessness for homosexual people in housing?,homosexual people,minority,Sexual Orientation,Housing,Homelessness,homosexual_people__housing__homelessness
6ca719c33fb003e6a5e5,https://www.tandfonline.com/doi/full/10.1080/02673037.2025.2492781,https://tandfonline.com/doi/full/10.1080/02673037.2025.2492781,6,homosexual_people/housing__homelessness.txt,What factors influence homelessness for homosexual people in housing?,homosexual people,minority,Sexual Orientation,Housing,Homelessness,homosexual_people__housing__homelessness
09679ff687f1d0811e12,https://nationalhomeless.org/lgbtq-homelessness/,https://nationalhomeless.org/lgbtq-homelessness,7,homosexual_people/housing__homelessness.txt,What factors influence homelessness for homosexual people in housing?,homosexual people,minority,Sexual Orientation,Housing,Homelessness,homosexual_people__housing__homelessness
05f8e03b620bd3af890b,https://www.scarleteen.com/read/identity/understanding-lgbtq-youth-homelessness,https://scarleteen.com/read/identity/understanding-lgbtq-youth-homelessness,8,homosexual_people/housing__homelessness.txt,What factors influence homelessness for homosexual people in housing?,homosexual people,minority,Sexual Orientation,Housing,Homelessness,homosexual_people__housing__homelessness
a4e82adcf3aa8b750aae,https://homelessconnect.org/lgbt-homelessness-why-sexuality-and-homelessness-are-connected/,https://homelessconnect.org/lgbt-homelessness-why-sexuality-and-homelessness-are-connected,9,homosexual_people/housing__homelessness.txt,What factors influence homelessness for homosexual people in housing?,homosexual people,minority,Sexual Orientation,Housing,Homelessness,homosexual_people__housing__homelessness
9859a6c614dec4ad2dde,https://williamsinstitute.law.ucla.edu/publications/lgbt-housing-instability/,https://williamsinstitute.law.ucla.edu/publications/lgbt-housing-instability,1,homosexual_people/housing__housing_stability.txt,What factors influence housing stability for homosexual people in housing?,homosexual people,minority,Sexual Orientation,Housing,Housing stability,homosexual_people__housing__housing_stability
c559804906d1da63be17,https://mecklenburghousingdata.org/frontpage-article/addressing-lgbtq-homelessness-challenges-disparities-and-promising-practices/,https://mecklenburghousingdata.org/frontpage-article/addressing-lgbtq-homelessness-challenges-disparities-and-promising-practices,2,homosexual_people/housing__housing_stability.txt,What factors influence housing stability for homosexual people in housing?,homosexual people,minority,Sexual Orientation,Housing,Housing stability,homosexual_people__housing__housing_stability
80bcc2329d8ddad43371,https://unitedwayla.org/news/housing-inequality-within-the-lgbtq-community/,https://unitedwayla.org/news/housing-inequality-within-the-lgbtq-community,3,homosexual_people/housing__housing_stability.txt,What factors influence housing stability for homosexual people in housing?,homosexual people,minority,Sexual Orientation,Housing,Housing stability,homosexual_people__housing__housing_stability
639bfb488b37b79b0dc4,https://www.housingsolutionstulsa.org/spotlight-on-lgbtq-homelessness-and-housing-insecurity/,https://housingsolutionstulsa.org/spotlight-on-lgbtq-homelessness-and-housing-insecurity,4,homosexual_people/housing__housing_stability.txt,What factors influence housing stability for homosexual people in housing?,homosexual people,minority,Sexual Orientation,Housing,Housing stability,homosexual_people__housing__housing_stability
fd671b6e0608b9cf2e0b,https://www.urban.org/urban-wire/how-can-we-reduce-housing-instability-among-lgbtq-americans,https://urban.org/urban-wire/how-can-we-reduce-housing-instability-among-lgbtq-americans,5,homosexual_people/housing__housing_stability.txt,What factors influence housing stability for homosexual people in housing?,homosexual people,minority,Sexual Orientation,Housing,Housing stability,homosexual_people__housing__housing_stability
3e823021c0e3a6e02a57,https://archive-housingmatters.urban.org/articles/five-facts-about-housing-access-lgbt-people/,https://archive-housingmatters.urban.org/articles/five-facts-about-housing-access-lgbt-people,6,homosexual_people/housing__housing_stability.txt,What factors influence housing stability for homosexual people in housing?,homosexual people,minority,Sexual Orientation,Housing,Housing stability,homosexual_people__housing__housing_stability
3159954fcc0ac81ba630,https://pmc.ncbi.nlm.nih.gov/articles/PMC4899333/,https://pmc.ncbi.nlm.nih.gov/articles/PMC4899333,7,homosexual_people/housing__housing_stability.txt,What factors influence housing stability for homosexual people in housing?,homosexual people,minority,Sexual Orientation,Housing,Housing stability,homosexual_people__housing__housing_stability
3c9cfe0cdfab5255a1ea,https://cmhfh.org/news/barriers-to-affordable-housing-for-the-lgbtq-community/,https://cmhfh.org/news/barriers-to-affordable-housing-for-the-lgbtq-community,8,homosexual_people/housing__housing_stability.txt,What factors influence housing stability for homosexual people in housing?,homosexual people,minority,Sexual Orientation,Housing,Housing stability,homosexual_people__housing__housing_stability
4d22274831e76539b591,https://www.facebook.com/lalgbtcenter/posts/a-new-study-found-that-lgbtq-people-experience-housing-insecurity-at-a-higher-ra/10158858422451429/,https://facebook.com/lalgbtcenter/posts/a-new-study-found-that-lgbtq-people-experience-housing-insecurity-at-a-higher-ra/10158858422451429,9,homosexual_people/housing__housing_stability.txt,What factors influence housing stability for homosexual people in housing?,homosexual people,minority,Sexual Orientation,Housing,Housing stability,homosexual_people__housing__housing_stability
82ff31bfeb455e00be26,https://www.brookings.edu/articles/latinos-and-the-future-of-finance-why-we-need-to-examine-the-motivations-and-effects-of-latinos-fintech-adoption/,https://brookings.edu/articles/latinos-and-the-future-of-finance-why-we-need-to-examine-the-motivations-and-effects-of-latinos-fintech-adoption,1,latino_people/credit_and_financial_services__access_to_banking_services.txt,What factors influence access to banking services for Latino people in credit & financial services?,Latino people,minority,Ethnicity,Credit & Financial Services,Access to banking services,latino_people__credit_and_financial_services__access_to_banking_services
6afd5427af2aac11d72f,https://www.urban.org/urban-wire/creating-avenues-financial-inclusion-latino-families,https://urban.org/urban-wire/creating-avenues-financial-inclusion-latino-families,2,latino_people/credit_and_financial_services__access_to_banking_services.txt,What factors influence access to banking services for Latino people in credit & financial services?,Latino people,minority,Ethnicity,Credit & Financial Services,Access to banking services,latino_people__credit_and_financial_services__access_to_banking_services
a00e70ab94b153c4de64,https://www.azcentralcu.org/blog/financial-challenges-latinos/,https://azcentralcu.org/blog/financial-challenges-latinos,3,latino_people/credit_and_financial_services__access_to_banking_services.txt,What factors influence access to banking services for Latino people in credit & financial services?,Latino people,minority,Ethnicity,Credit & Financial Services,Access to banking services,latino_people__credit_and_financial_services__access_to_banking_services
afa8d5a97d09ced9bf35,https://www.hopecu.org/articles/breaking-barriers-overcoming-financial-challenges-in-the-hispanic-community/,https://hopecu.org/articles/breaking-barriers-overcoming-financial-challenges-in-the-hispanic-community,4,latino_people/credit_and_financial_services__access_to_banking_services.txt,What factors influence access to banking services for Latino people in credit & financial services?,Latino people,minority,Ethnicity,Credit & Financial Services,Access to banking services,latino_people__credit_and_financial_services__access_to_banking_services
85079b298b614bbf0cbb,https://www.newamerica.org/insights/financial-inclusion-and-access-within-the-latino-immigrant-community/,https://newamerica.org/insights/financial-inclusion-and-access-within-the-latino-immigrant-community,5,latino_people/credit_and_financial_services__access_to_banking_services.txt,What factors influence access to banking services for Latino people in credit & financial services?,Latino people,minority,Ethnicity,Credit & Financial Services,Access to banking services,latino_people__credit_and_financial_services__access_to_banking_services
4a6892d6df1ceebb6630,https://www.thv11.com/article/money/nerdwallet/how-latino-credit-unions-clear-banking-barriers/606-3e5fa94f-12aa-4ee5-8395-59a1d175544d,https://thv11.com/article/money/nerdwallet/how-latino-credit-unions-clear-banking-barriers/606-3e5fa94f-12aa-4ee5-8395-59a1d175544d,6,latino_people/credit_and_financial_services__access_to_banking_services.txt,What factors influence access to banking services for Latino people in credit & financial services?,Latino people,minority,Ethnicity,Credit & Financial Services,Access to banking services,latino_people__credit_and_financial_services__access_to_banking_services
ddae8711636264112ac5,https://link.springer.com/article/10.1057/s41261-026-00344-y,https://link.springer.com/article/10.1057/s41261-026-00344-y,7,latino_people/credit_and_financial_services__access_to_banking_services.txt,What factors influence access to banking services for Latino people in credit & financial services?,Latino people,minority,Ethnicity,Credit & Financial Services,Access to banking services,latino_people__credit_and_financial_services__access_to_banking_services
67b5248e81474aa78459,https://www.abc10.com/article/money/nerdwallet/how-latino-credit-unions-clear-banking-barriers/606-3e5fa94f-12aa-4ee5-8395-59a1d175544d,https://abc10.com/article/money/nerdwallet/how-latino-credit-unions-clear-banking-barriers/606-3e5fa94f-12aa-4ee5-8395-59a1d175544d,8,latino_people/credit_and_financial_services__access_to_banking_services.txt,What factors influence access to banking services for Latino people in credit & financial services?,Latino people,minority,Ethnicity,Credit & Financial Services,Access to banking services,latino_people__credit_and_financial_services__access_to_banking_services
7a53c957814caa0b14e6,https://www.academybank.com/article/banking-trends-and-the-us-latino-population,https://academybank.com/article/banking-trends-and-the-us-latino-population,9,latino_people/credit_and_financial_services__access_to_banking_services.txt,What factors influence access to banking services for Latino people in credit & financial services?,Latino people,minority,Ethnicity,Credit & Financial Services,Access to banking services,latino_people__credit_and_financial_services__access_to_banking_services
9065dc668396db3d6456,https://www.urban.org/sites/default/files/2024-04/How_Do_Financial_Attitudes_and_Preferences_Vary_among_Latine_Consumers.pdf,https://urban.org/sites/default/files/2024-04/How_Do_Financial_Attitudes_and_Preferences_Vary_among_Latine_Consumers.pdf,1,latino_people/credit_and_financial_services__access_to_credit.txt,What factors influence access to credit for Latino people in credit & financial services?,Latino people,minority,Ethnicity,Credit & Financial Services,Access to credit,latino_people__credit_and_financial_services__access_to_credit
1eaaf9f54f60718f07f9,https://www.financialplanningassociation.org/article/journal/JUN15-strategies-increase-financial-asset-ownership-among-us-hispanics,https://financialplanningassociation.org/article/journal/JUN15-strategies-increase-financial-asset-ownership-among-us-hispanics,2,latino_people/credit_and_financial_services__access_to_credit.txt,What factors influence access to credit for Latino people in credit & financial services?,Latino people,minority,Ethnicity,Credit & Financial Services,Access to credit,latino_people__credit_and_financial_services__access_to_credit
82ff31bfeb455e00be26,https://www.brookings.edu/articles/latinos-and-the-future-of-finance-why-we-need-to-examine-the-motivations-and-effects-of-latinos-fintech-adoption/,https://brookings.edu/articles/latinos-and-the-future-of-finance-why-we-need-to-examine-the-motivations-and-effects-of-latinos-fintech-adoption,3,latino_people/credit_and_financial_services__access_to_credit.txt,What factors influence access to credit for Latino people in credit & financial services?,Latino people,minority,Ethnicity,Credit & Financial Services,Access to credit,latino_people__credit_and_financial_services__access_to_credit
1edd9fa05ac71e54ccbe,https://apps.urban.org/features/latino-financial-needs-community-lending/,https://apps.urban.org/features/latino-financial-needs-community-lending,4,latino_people/credit_and_financial_services__access_to_credit.txt,What factors influence access to credit for Latino people in credit & financial services?,Latino people,minority,Ethnicity,Credit & Financial Services,Access to credit,latino_people__credit_and_financial_services__access_to_credit
a699a9fa37047a56822c,https://unidosus.org/blog/2015/11/18/financial-access-and-inclusion-are-essential-for-immigrant-integration/,https://unidosus.org/blog/2015/11/18/financial-access-and-inclusion-are-essential-for-immigrant-integration,5,latino_people/credit_and_financial_services__access_to_credit.txt,What factors influence access to credit for Latino people in credit & financial services?,Latino people,minority,Ethnicity,Credit & Financial Services,Access to credit,latino_people__credit_and_financial_services__access_to_credit
6afd5427af2aac11d72f,https://www.urban.org/urban-wire/creating-avenues-financial-inclusion-latino-families,https://urban.org/urban-wire/creating-avenues-financial-inclusion-latino-families,6,latino_people/credit_and_financial_services__access_to_credit.txt,What factors influence access to credit for Latino people in credit & financial services?,Latino people,minority,Ethnicity,Credit & Financial Services,Access to credit,latino_people__credit_and_financial_services__access_to_credit
df3db8a97f9fc829fa4c,https://santiagosolutionsgroup.com/understanding-credit-card-usage-among-hispanics-americans-treads-challenges-and-opportunities/,https://santiagosolutionsgroup.com/understanding-credit-card-usage-among-hispanics-americans-treads-challenges-and-opportunities,7,latino_people/credit_and_financial_services__access_to_credit.txt,What factors influence access to credit for Latino people in credit & financial services?,Latino people,minority,Ethnicity,Credit & Financial Services,Access to credit,latino_people__credit_and_financial_services__access_to_credit
a00e70ab94b153c4de64,https://www.azcentralcu.org/blog/financial-challenges-latinos/,https://azcentralcu.org/blog/financial-challenges-latinos,8,latino_people/credit_and_financial_services__access_to_credit.txt,What factors influence access to credit for Latino people in credit & financial services?,Latino people,minority,Ethnicity,Credit & Financial Services,Access to credit,latino_people__credit_and_financial_services__access_to_credit
98ecfcdb32fedc2fbf7b,https://unidosus.org/publications/latinos-access-to-credit-remains-low-and-stratified/,https://unidosus.org/publications/latinos-access-to-credit-remains-low-and-stratified,9,latino_people/credit_and_financial_services__access_to_credit.txt,What factors influence access to credit for Latino people in credit & financial services?,Latino people,minority,Ethnicity,Credit & Financial Services,Access to credit,latino_people__credit_and_financial_services__access_to_credit
27ebba74a46aef5b9374,https://pmc.ncbi.nlm.nih.gov/articles/PMC7173312/,https://pmc.ncbi.nlm.nih.gov/articles/PMC7173312,10,latino_people/credit_and_financial_services__access_to_credit.txt,What factors influence access to credit for Latino people in credit & financial services?,Latino people,minority,Ethnicity,Credit & Financial Services,Access to credit,latino_people__credit_and_financial_services__access_to_credit
afa8d5a97d09ced9bf35,https://www.hopecu.org/articles/breaking-barriers-overcoming-financial-challenges-in-the-hispanic-community/,https://hopecu.org/articles/breaking-barriers-overcoming-financial-challenges-in-the-hispanic-community,11,latino_people/credit_and_financial_services__access_to_credit.txt,What factors influence access to credit for Latino people in credit & financial services?,Latino people,minority,Ethnicity,Credit & Financial Services,Access to credit,latino_people__credit_and_financial_services__access_to_credit
1cdd1802832231fb1c7c,https://rfi.global/unlocking-the-hispanic-opportunity-overcoming-the-barriers-to-wealth-creation/,https://rfi.global/unlocking-the-hispanic-opportunity-overcoming-the-barriers-to-wealth-creation,12,latino_people/credit_and_financial_services__access_to_credit.txt,What factors influence access to credit for Latino people in credit & financial services?,Latino people,minority,Ethnicity,Credit & Financial Services,Access to credit,latino_people__credit_and_financial_services__access_to_credit
7a53c957814caa0b14e6,https://www.academybank.com/article/banking-trends-and-the-us-latino-population,https://academybank.com/article/banking-trends-and-the-us-latino-population,13,latino_people/credit_and_financial_services__access_to_credit.txt,What factors influence access to credit for Latino people in credit & financial services?,Latino people,minority,Ethnicity,Credit & Financial Services,Access to credit,latino_people__credit_and_financial_services__access_to_credit
1edd9fa05ac71e54ccbe,https://apps.urban.org/features/latino-financial-needs-community-lending/,https://apps.urban.org/features/latino-financial-needs-community-lending,1,latino_people/credit_and_financial_services__credit_loan_approval.txt,What factors influence credit/loan approval for Latino people in credit & financial services?,Latino people,minority,Ethnicity,Credit & Financial Services,Credit/loan approval,latino_people__credit_and_financial_services__credit_loan_approval
769e63cc4e4dbf821776,https://unidosus.org/wp-content/uploads/2021/07/lb_credit.pdf,https://unidosus.org/wp-content/uploads/2021/07/lb_credit.pdf,2,latino_people/credit_and_financial_services__credit_loan_approval.txt,What factors influence credit/loan approval for Latino people in credit & financial services?,Latino people,minority,Ethnicity,Credit & Financial Services,Credit/loan approval,latino_people__credit_and_financial_services__credit_loan_approval
e37cad46c3bfc4ec1492,https://www.minneapolisfed.org/article/2024/lender-reported-reasons-for-mortgage-denials-dont-explain-racial-disparities,https://minneapolisfed.org/article/2024/lender-reported-reasons-for-mortgage-denials-dont-explain-racial-disparities,3,latino_people/credit_and_financial_services__credit_loan_approval.txt,What factors influence credit/loan approval for Latino people in credit & financial services?,Latino people,minority,Ethnicity,Credit & Financial Services,Credit/loan approval,latino_people__credit_and_financial_services__credit_loan_approval
45bfc3b39d5be768e2e9,https://www.azcentralcu.org/blog/latinos-build-credit/,https://azcentralcu.org/blog/latinos-build-credit,4,latino_people/credit_and_financial_services__credit_loan_approval.txt,What factors influence credit/loan approval for Latino people in credit & financial services?,Latino people,minority,Ethnicity,Credit & Financial Services,Credit/loan approval,latino_people__credit_and_financial_services__credit_loan_approval
6a652f7b8673756b6a75,https://unidosus.org/wp-content/uploads/2021/07/latinohomeownership_52118.pdf,https://unidosus.org/wp-content/uploads/2021/07/latinohomeownership_52118.pdf,5,latino_people/credit_and_financial_services__credit_loan_approval.txt,What factors influence credit/loan approval for Latino people in credit & financial services?,Latino people,minority,Ethnicity,Credit & Financial Services,Credit/loan approval,latino_people__credit_and_financial_services__credit_loan_approval
356ef631d65260b12137,https://www.federalreserve.gov/econres/feds/how-much-does-racial-bias-affect-mortgage-lending.htm,https://federalreserve.gov/econres/feds/how-much-does-racial-bias-affect-mortgage-lending.htm,6,latino_people/credit_and_financial_services__credit_loan_approval.txt,What factors influence credit/loan approval for Latino people in credit & financial services?,Latino people,minority,Ethnicity,Credit & Financial Services,Credit/loan approval,latino_people__credit_and_financial_services__credit_loan_approval
106b0fe63a30b516b0bb,https://www.bestcolleges.com/resources/credit-literacy-black-hispanic-students/,https://bestcolleges.com/resources/credit-literacy-black-hispanic-students,7,latino_people/credit_and_financial_services__credit_loan_approval.txt,What factors influence credit/loan approval for Latino people in credit & financial services?,Latino people,minority,Ethnicity,Credit & Financial Services,Credit/loan approval,latino_people__credit_and_financial_services__credit_loan_approval
0878eb8525e2cea01264,https://www.urban.org/urban-wire/how-local-differences-race-and-place-affect-mortgage-lending,https://urban.org/urban-wire/how-local-differences-race-and-place-affect-mortgage-lending,8,latino_people/credit_and_financial_services__credit_loan_approval.txt,What factors influence credit/loan approval for Latino people in credit & financial services?,Latino people,minority,Ethnicity,Credit & Financial Services,Credit/loan approval,latino_people__credit_and_financial_services__credit_loan_approval
82ff31bfeb455e00be26,https://www.brookings.edu/articles/latinos-and-the-future-of-finance-why-we-need-to-examine-the-motivations-and-effects-of-latinos-fintech-adoption/,https://brookings.edu/articles/latinos-and-the-future-of-finance-why-we-need-to-examine-the-motivations-and-effects-of-latinos-fintech-adoption,9,latino_people/credit_and_financial_services__credit_loan_approval.txt,What factors influence credit/loan approval for Latino people in credit & financial services?,Latino people,minority,Ethnicity,Credit & Financial Services,Credit/loan approval,latino_people__credit_and_financial_services__credit_loan_approval
2551bfc004272cf41d72,https://www.bankrate.com/,https://bankrate.com/,10,latino_people/credit_and_financial_services__credit_loan_approval.txt,What factors influence credit/loan approval for Latino people in credit & financial services?,Latino people,minority,Ethnicity,Credit & Financial Services,Credit/loan approval,latino_people__credit_and_financial_services__credit_loan_approval
7a53c957814caa0b14e6,https://www.academybank.com/article/banking-trends-and-the-us-latino-population,https://academybank.com/article/banking-trends-and-the-us-latino-population,11,latino_people/credit_and_financial_services__credit_loan_approval.txt,What factors influence credit/loan approval for Latino people in credit & financial services?,Latino people,minority,Ethnicity,Credit & Financial Services,Credit/loan approval,latino_people__credit_and_financial_services__credit_loan_approval
d4f2d828057111b9f2bd,https://www.mdpi.com/2674-1032/4/1/8,https://mdpi.com/2674-1032/4/1/8,12,latino_people/credit_and_financial_services__credit_loan_approval.txt,What factors influence credit/loan approval for Latino people in credit & financial services?,Latino people,minority,Ethnicity,Credit & Financial Services,Credit/loan approval,latino_people__credit_and_financial_services__credit_loan_approval
d07b1dc58fe64c76c317,https://csgjusticecenter.org/2021/10/12/how-are-hispanic-individuals-represented-in-the-criminal-justice-system/,https://csgjusticecenter.org/2021/10/12/how-are-hispanic-individuals-represented-in-the-criminal-justice-system,1,latino_people/criminal_justice__arrest_detention_by_police.txt,What factors influence arrest / detention by police for Latino people in criminal justice?,Latino people,minority,Ethnicity,Criminal Justice,Arrest / detention by police,latino_people__criminal_justice__arrest_detention_by_police
5cf25f9c4cc358ea731b,https://pmc.ncbi.nlm.nih.gov/articles/PMC3868476/,https://pmc.ncbi.nlm.nih.gov/articles/PMC3868476,2,latino_people/criminal_justice__arrest_detention_by_police.txt,What factors influence arrest / detention by police for Latino people in criminal justice?,Latino people,minority,Ethnicity,Criminal Justice,Arrest / detention by police,latino_people__criminal_justice__arrest_detention_by_police
cd0bd8ef0962d170afc0,https://safetyandjusticechallenge.org/blog/why-are-jails-still-failing-to-accurately-track-race-and-ethnicity/,https://safetyandjusticechallenge.org/blog/why-are-jails-still-failing-to-accurately-track-race-and-ethnicity,3,latino_people/criminal_justice__arrest_detention_by_police.txt,What factors influence arrest / detention by police for Latino people in criminal justice?,Latino people,minority,Ethnicity,Criminal Justice,Arrest / detention by police,latino_people__criminal_justice__arrest_detention_by_police
cbb39bedea470d911f4b,https://www.prisonpolicy.org/scans/LatinoReport_lowres_6.17.14.pdf,https://prisonpolicy.org/scans/LatinoReport_lowres_6.17.14.pdf,4,latino_people/criminal_justice__arrest_detention_by_police.txt,What factors influence arrest / detention by police for Latino people in criminal justice?,Latino people,minority,Ethnicity,Criminal Justice,Arrest / detention by police,latino_people__criminal_justice__arrest_detention_by_police
00cd8bf9b831c3df6bca,https://lulac.org/advocacy/issues/criminal_justice_reform/,https://lulac.org/advocacy/issues/criminal_justice_reform,5,latino_people/criminal_justice__arrest_detention_by_police.txt,What factors influence arrest / detention by police for Latino people in criminal justice?,Latino people,minority,Ethnicity,Criminal Justice,Arrest / detention by police,latino_people__criminal_justice__arrest_detention_by_police
39a9a42ec115c76d0640,https://pmc.ncbi.nlm.nih.gov/articles/PMC8439157/,https://pmc.ncbi.nlm.nih.gov/articles/PMC8439157,6,latino_people/criminal_justice__arrest_detention_by_police.txt,What factors influence arrest / detention by police for Latino people in criminal justice?,Latino people,minority,Ethnicity,Criminal Justice,Arrest / detention by police,latino_people__criminal_justice__arrest_detention_by_police
7f08035522acd10d0919,https://cls.soceco.uci.edu/news/new-report-sheds-light-latinos-us-criminal-justice-system,https://cls.soceco.uci.edu/news/new-report-sheds-light-latinos-us-criminal-justice-system,7,latino_people/criminal_justice__arrest_detention_by_police.txt,What factors influence arrest / detention by police for Latino people in criminal justice?,Latino people,minority,Ethnicity,Criminal Justice,Arrest / detention by police,latino_people__criminal_justice__arrest_detention_by_police
17fcd05f5e69d8ccd805,https://pmc.ncbi.nlm.nih.gov/articles/PMC13384522/,https://pmc.ncbi.nlm.nih.gov/articles/PMC13384522,8,latino_people/criminal_justice__arrest_detention_by_police.txt,What factors influence arrest / detention by police for Latino people in criminal justice?,Latino people,minority,Ethnicity,Criminal Justice,Arrest / detention by police,latino_people__criminal_justice__arrest_detention_by_police
305e3038d906ca4515f2,https://scholar.dominican.edu/cgi/viewcontent.cgi?article=1002&context=social-justice-senior-theses,https://scholar.dominican.edu/cgi/viewcontent.cgi?article=1002&context=social-justice-senior-theses,9,latino_people/criminal_justice__arrest_detention_by_police.txt,What factors influence arrest / detention by police for Latino people in criminal justice?,Latino people,minority,Ethnicity,Criminal Justice,Arrest / detention by police,latino_people__criminal_justice__arrest_detention_by_police
206b6395f06dd583d365,https://www.sentencingproject.org/reports/one-in-five-racial-disparity-in-imprisonment-causes-and-remedies/,https://sentencingproject.org/reports/one-in-five-racial-disparity-in-imprisonment-causes-and-remedies,1,latino_people/criminal_justice__incarceration.txt,What factors influence incarceration for Latino people in criminal justice?,Latino people,minority,Ethnicity,Criminal Justice,Incarceration,latino_people__criminal_justice__incarceration
00cd8bf9b831c3df6bca,https://lulac.org/advocacy/issues/criminal_justice_reform/,https://lulac.org/advocacy/issues/criminal_justice_reform,2,latino_people/criminal_justice__incarceration.txt,What factors influence incarceration for Latino people in criminal justice?,Latino people,minority,Ethnicity,Criminal Justice,Incarceration,latino_people__criminal_justice__incarceration
cbb39bedea470d911f4b,https://www.prisonpolicy.org/scans/LatinoReport_lowres_6.17.14.pdf,https://prisonpolicy.org/scans/LatinoReport_lowres_6.17.14.pdf,3,latino_people/criminal_justice__incarceration.txt,What factors influence incarceration for Latino people in criminal justice?,Latino people,minority,Ethnicity,Criminal Justice,Incarceration,latino_people__criminal_justice__incarceration
e9718c8d61bc478e8ab2,https://apps.urban.org/features/latino-criminal-justice-data/,https://apps.urban.org/features/latino-criminal-justice-data,4,latino_people/criminal_justice__incarceration.txt,What factors influence incarceration for Latino people in criminal justice?,Latino people,minority,Ethnicity,Criminal Justice,Incarceration,latino_people__criminal_justice__incarceration
5879a3f56bbea3ecc54f,https://pubmed.ncbi.nlm.nih.gov/36931857/,https://pubmed.ncbi.nlm.nih.gov/36931857,5,latino_people/criminal_justice__incarceration.txt,What factors influence incarceration for Latino people in criminal justice?,Latino people,minority,Ethnicity,Criminal Justice,Incarceration,latino_people__criminal_justice__incarceration
2ffdfb1f8d4ac49efce3,https://pmc.ncbi.nlm.nih.gov/articles/PMC5106500/,https://pmc.ncbi.nlm.nih.gov/articles/PMC5106500,6,latino_people/criminal_justice__incarceration.txt,What factors influence incarceration for Latino people in criminal justice?,Latino people,minority,Ethnicity,Criminal Justice,Incarceration,latino_people__criminal_justice__incarceration
232adb63d9c78d29d59b,https://journals.sagepub.com/doi/10.1177/21533687251314137,https://journals.sagepub.com/doi/10.1177/21533687251314137,1,latino_people/criminal_justice__police_use_of_force.txt,What factors influence police use of force for Latino people in criminal justice?,Latino people,minority,Ethnicity,Criminal Justice,Police use of force,latino_people__criminal_justice__police_use_of_force
a8a2fdc925467baf25c3,https://journals.sagepub.com/doi/10.1177/10986111221139442,https://journals.sagepub.com/doi/10.1177/10986111221139442,2,latino_people/criminal_justice__police_use_of_force.txt,What factors influence police use of force for Latino people in criminal justice?,Latino people,minority,Ethnicity,Criminal Justice,Police use of force,latino_people__criminal_justice__police_use_of_force
5ec85ab129a005065e59,https://www.emerald.com/pijpsm/article/47/1/31/1223819/Police-use-of-force-and-race-a-focal-concerns?searchresult=1,https://emerald.com/pijpsm/article/47/1/31/1223819/Police-use-of-force-and-race-a-focal-concerns?searchresult=1,3,latino_people/criminal_justice__police_use_of_force.txt,What factors influence police use of force for Latino people in criminal justice?,Latino people,minority,Ethnicity,Criminal Justice,Police use of force,latino_people__criminal_justice__police_use_of_force
40acd8b57d345627c6f6,https://pmc.ncbi.nlm.nih.gov/articles/PMC4718646/,https://pmc.ncbi.nlm.nih.gov/articles/PMC4718646,4,latino_people/criminal_justice__police_use_of_force.txt,What factors influence police use of force for Latino people in criminal justice?,Latino people,minority,Ethnicity,Criminal Justice,Police use of force,latino_people__criminal_justice__police_use_of_force
0ad7cd5c8618ada95eee,https://chci.org/wp-content/uploads/2026/04/2026-Denys-Castillo.pdf,https://chci.org/wp-content/uploads/2026/04/2026-Denys-Castillo.pdf,5,latino_people/criminal_justice__police_use_of_force.txt,What factors influence police use of force for Latino people in criminal justice?,Latino people,minority,Ethnicity,Criminal Justice,Police use of force,latino_people__criminal_justice__police_use_of_force
f9d94dfc0ad221ae6453,https://pmc.ncbi.nlm.nih.gov/articles/PMC12533431/,https://pmc.ncbi.nlm.nih.gov/articles/PMC12533431,6,latino_people/criminal_justice__police_use_of_force.txt,What factors influence police use of force for Latino people in criminal justice?,Latino people,minority,Ethnicity,Criminal Justice,Police use of force,latino_people__criminal_justice__police_use_of_force
e922c65ee544c22db507,https://unidosus.org/higher-ed/,https://unidosus.org/higher-ed,1,latino_people/education__college_access_admission.txt,What factors influence college access/admission for Latino people in education?,Latino people,minority,Ethnicity,Education,College access/admission,latino_people__education__college_access_admission
d0c113489cd66524d2ab,https://floridacollegeaccess.org/research-and-policy/targeted-supports-help-latino-students-in-college-according-to-new-report-from-unidos-us/,https://floridacollegeaccess.org/research-and-policy/targeted-supports-help-latino-students-in-college-according-to-new-report-from-unidos-us,2,latino_people/education__college_access_admission.txt,What factors influence college access/admission for Latino people in education?,Latino people,minority,Ethnicity,Education,College access/admission,latino_people__education__college_access_admission
c8ddd91a04078e64f515,https://www.insidehighered.com/news/students/diversity/2024/10/23/latino-students-face-major-obstacles-while-college,https://insidehighered.com/news/students/diversity/2024/10/23/latino-students-face-major-obstacles-while-college,3,latino_people/education__college_access_admission.txt,What factors influence college access/admission for Latino people in education?,Latino people,minority,Ethnicity,Education,College access/admission,latino_people__education__college_access_admission
33c0727383567ddeda96,https://www.ruffalonl.com/blog/enrollment/la-familia-five-ways-institutions-can-support-hispanic-families/,https://ruffalonl.com/blog/enrollment/la-familia-five-ways-institutions-can-support-hispanic-families,4,latino_people/education__college_access_admission.txt,What factors influence college access/admission for Latino people in education?,Latino people,minority,Ethnicity,Education,College access/admission,latino_people__education__college_access_admission
faaf6ee34b43ee3962e3,https://www.tandfonline.com/doi/full/10.1080/15348431.2024.2333885,https://tandfonline.com/doi/full/10.1080/15348431.2024.2333885,5,latino_people/education__college_access_admission.txt,What factors influence college access/admission for Latino people in education?,Latino people,minority,Ethnicity,Education,College access/admission,latino_people__education__college_access_admission
9bbcec228eccee0de9db,https://employees.crc.losrios.edu/docs/crc/crc-inside/guided-pathways/engaging-latino-parents-in-supporting-college-pathways.pdf,https://employees.crc.losrios.edu/docs/crc/crc-inside/guided-pathways/engaging-latino-parents-in-supporting-college-pathways.pdf,6,latino_people/education__college_access_admission.txt,What factors influence college access/admission for Latino people in education?,Latino people,minority,Ethnicity,Education,College access/admission,latino_people__education__college_access_admission
481973dea3703e8ae27c,https://scholarworks.uark.edu/cgi/viewcontent.cgi?params=/context/cieduht/article/1044/&path_info=Barriers_and_Supports_for_Latinx_Students_Pursuing_Higher_Education.pdf,https://scholarworks.uark.edu/cgi/viewcontent.cgi?params=%2Fcontext%2Fcieduht%2Farticle%2F1044%2F&path_info=Barriers_and_Supports_for_Latinx_Students_Pursuing_Higher_Education.pdf,7,latino_people/education__college_access_admission.txt,What factors influence college access/admission for Latino people in education?,Latino people,minority,Ethnicity,Education,College access/admission,latino_people__education__college_access_admission
00ff7c3c23b1876cb251,https://www.npr.org/2025/04/08/nx-s1-5354914/some-colleges-recruiting-latino-students,https://npr.org/2025/04/08/nx-s1-5354914/some-colleges-recruiting-latino-students,8,latino_people/education__college_access_admission.txt,What factors influence college access/admission for Latino people in education?,Latino people,minority,Ethnicity,Education,College access/admission,latino_people__education__college_access_admission
118e6c2dec06a18e607a,https://ushe.edu/4-takeaways-on-latino-college-attainment-from-new-report/,https://ushe.edu/4-takeaways-on-latino-college-attainment-from-new-report,9,latino_people/education__college_access_admission.txt,What factors influence college access/admission for Latino people in education?,Latino people,minority,Ethnicity,Education,College access/admission,latino_people__education__college_access_admission
757c72f9305b6fbdeb6e,https://moirastudio.com/2025/04/09/opening-doors-attracting-latino-students-into-higher-education/,https://moirastudio.com/2025/04/09/opening-doors-attracting-latino-students-into-higher-education,10,latino_people/education__college_access_admission.txt,What factors influence college access/admission for Latino people in education?,Latino people,minority,Ethnicity,Education,College access/admission,latino_people__education__college_access_admission
c17454845bd8c8b65765,https://www.ncbi.nlm.nih.gov/sites/books/NBK19909/,https://ncbi.nlm.nih.gov/sites/books/NBK19909,1,latino_people/education__educational_opportunity_access.txt,What factors influence educational opportunity/access for Latino people in education?,Latino people,minority,Ethnicity,Education,Educational opportunity/access,latino_people__education__educational_opportunity_access
e922c65ee544c22db507,https://unidosus.org/higher-ed/,https://unidosus.org/higher-ed,2,latino_people/education__educational_opportunity_access.txt,What factors influence educational opportunity/access for Latino people in education?,Latino people,minority,Ethnicity,Education,Educational opportunity/access,latino_people__education__educational_opportunity_access
cdd1e412b5a5c8846e32,https://www.wanderingeducators.com/intercultural-education/resources/educational-disparities-latino-students-us,https://wanderingeducators.com/intercultural-education/resources/educational-disparities-latino-students-us,3,latino_people/education__educational_opportunity_access.txt,What factors influence educational opportunity/access for Latino people in education?,Latino people,minority,Ethnicity,Education,Educational opportunity/access,latino_people__education__educational_opportunity_access
da025fc3fb4e84ef3e4b,https://medium.com/@jeankquam/falling-behind-understanding-the-challenges-facing-latino-education-in-the-u-s-f92bd776110b,https://medium.com/@jeankquam/falling-behind-understanding-the-challenges-facing-latino-education-in-the-u-s-f92bd776110b,4,latino_people/education__educational_opportunity_access.txt,What factors influence educational opportunity/access for Latino people in education?,Latino people,minority,Ethnicity,Education,Educational opportunity/access,latino_people__education__educational_opportunity_access
efd77dd555fc2e17a956,https://www.hispanicresearchcenter.org/research-resources/national-profile-of-latino-parents-education-attainment-underscores-the-diverse-educational-needs-of-a-fast-growing-population/,https://hispanicresearchcenter.org/research-resources/national-profile-of-latino-parents-education-attainment-underscores-the-diverse-educational-needs-of-a-fast-growing-population,5,latino_people/education__educational_opportunity_access.txt,What factors influence educational opportunity/access for Latino people in education?,Latino people,minority,Ethnicity,Education,Educational opportunity/access,latino_people__education__educational_opportunity_access
4b2fcd657ffc97001583,https://www.holyfamily.edu/about/news-and-media/hfu-blog-network/ensuring-success-college-latinoa-students-insights-and-imperatives,https://holyfamily.edu/about/news-and-media/hfu-blog-network/ensuring-success-college-latinoa-students-insights-and-imperatives,6,latino_people/education__educational_opportunity_access.txt,What factors influence educational opportunity/access for Latino people in education?,Latino people,minority,Ethnicity,Education,Educational opportunity/access,latino_people__education__educational_opportunity_access
ae9de53d7cbed9b01fe3,https://www.ed.gov/sites/ed/files/about/inits/list/hispanic-initiative/winning-the-future-improving-education-latino-community.pdf,https://ed.gov/sites/ed/files/about/inits/list/hispanic-initiative/winning-the-future-improving-education-latino-community.pdf,7,latino_people/education__educational_opportunity_access.txt,What factors influence educational opportunity/access for Latino people in education?,Latino people,minority,Ethnicity,Education,Educational opportunity/access,latino_people__education__educational_opportunity_access
f0037c0c116c4780f122,https://www.aft.org/ae/spring2017/gandara,https://aft.org/ae/spring2017/gandara,8,latino_people/education__educational_opportunity_access.txt,What factors influence educational opportunity/access for Latino people in education?,Latino people,minority,Ethnicity,Education,Educational opportunity/access,latino_people__education__educational_opportunity_access
6083927998df7e4bd30b,https://cew.georgetown.edu/wp-content/uploads/Latinos-FR.pdf,https://cew.georgetown.edu/wp-content/uploads/Latinos-FR.pdf,9,latino_people/education__educational_opportunity_access.txt,What factors influence educational opportunity/access for Latino people in education?,Latino people,minority,Ethnicity,Education,Educational opportunity/access,latino_people__education__educational_opportunity_access
e5d1b70b8330a164f383,https://scholarworks.calstate.edu/downloads/bv73c633w,https://scholarworks.calstate.edu/downloads/bv73c633w,1,latino_people/education__harassment_bullying.txt,What factors influence harassment/bullying for Latino people in education?,Latino people,minority,Ethnicity,Education,Harassment/bullying,latino_people__education__harassment_bullying
696babc07a194ae4fc00,https://journalistsresource.org/politics-and-government/latino-adolescents-experiences-discrimination-high-school/,https://journalistsresource.org/politics-and-government/latino-adolescents-experiences-discrimination-high-school,2,latino_people/education__harassment_bullying.txt,What factors influence harassment/bullying for Latino people in education?,Latino people,minority,Ethnicity,Education,Harassment/bullying,latino_people__education__harassment_bullying
5e3fb806d2fab689e8c0,https://pmc.ncbi.nlm.nih.gov/articles/PMC7453877/,https://pmc.ncbi.nlm.nih.gov/articles/PMC7453877,3,latino_people/education__harassment_bullying.txt,What factors influence harassment/bullying for Latino people in education?,Latino people,minority,Ethnicity,Education,Harassment/bullying,latino_people__education__harassment_bullying
8eebc307f70a45abd54e,https://pmc.ncbi.nlm.nih.gov/articles/PMC7268476/,https://pmc.ncbi.nlm.nih.gov/articles/PMC7268476,4,latino_people/education__harassment_bullying.txt,What factors influence harassment/bullying for Latino people in education?,Latino people,minority,Ethnicity,Education,Harassment/bullying,latino_people__education__harassment_bullying
cc9935f047eb7be51399,https://www.lse.ac.uk/research/research-for-the-world/society/tackling-school-bullying-mexico,https://lse.ac.uk/research/research-for-the-world/society/tackling-school-bullying-mexico,5,latino_people/education__harassment_bullying.txt,What factors influence harassment/bullying for Latino people in education?,Latino people,minority,Ethnicity,Education,Harassment/bullying,latino_people__education__harassment_bullying
b49f3cf83115678a66d5,https://epublications.marquette.edu/cgi/viewcontent.cgi?article=1714&context=dissertations_mu,https://epublications.marquette.edu/cgi/viewcontent.cgi?article=1714&context=dissertations_mu,6,latino_people/education__harassment_bullying.txt,What factors influence harassment/bullying for Latino people in education?,Latino people,minority,Ethnicity,Education,Harassment/bullying,latino_people__education__harassment_bullying
7dadd6508fd6537c5b31,https://www.sciencedirect.com/science/article/abs/pii/S0190740924002147,https://sciencedirect.com/science/article/abs/pii/S0190740924002147,7,latino_people/education__harassment_bullying.txt,What factors influence harassment/bullying for Latino people in education?,Latino people,minority,Ethnicity,Education,Harassment/bullying,latino_people__education__harassment_bullying
0d52312915a2b828074f,https://www.researchgate.net/publication/361396815_Bullying_and_Harassment_Prevention_in_the_Lives_of_Latina_and_Latino_Students,https://researchgate.net/publication/361396815_Bullying_and_Harassment_Prevention_in_the_Lives_of_Latina_and_Latino_Students,8,latino_people/education__harassment_bullying.txt,What factors influence harassment/bullying for Latino people in education?,Latino people,minority,Ethnicity,Education,Harassment/bullying,latino_people__education__harassment_bullying
7fe698313a06f31bc42f,https://www.linkedin.com/blog/member/career/dismantling-barriers-to-career-advancement-for-latinos,https://linkedin.com/blog/member/career/dismantling-barriers-to-career-advancement-for-latinos,1,latino_people/employment__career_advancement.txt,What factors influence career advancement for Latino people in employment?,Latino people,minority,Ethnicity,Employment,Career advancement,latino_people__employment__career_advancement
fcaab8aeef03c84c6a48,https://www.pewresearch.org/race-and-ethnicity/2005/12/15/the-occupational-status-and-mobility-of-hispanics/,https://pewresearch.org/race-and-ethnicity/2005/12/15/the-occupational-status-and-mobility-of-hispanics,2,latino_people/employment__career_advancement.txt,What factors influence career advancement for Latino people in employment?,Latino people,minority,Ethnicity,Employment,Career advancement,latino_people__employment__career_advancement
833d8196d72d4faa41e5,https://hispanicpro.com/profiles/blogs/latinos-on-the-rise-career-power-moves-in-2025,https://hispanicpro.com/profiles/blogs/latinos-on-the-rise-career-power-moves-in-2025,3,latino_people/employment__career_advancement.txt,What factors influence career advancement for Latino people in employment?,Latino people,minority,Ethnicity,Employment,Career advancement,latino_people__employment__career_advancement
b8ecd030b9d1426c710a,https://www.google.com/goto?url=CAESbwHrOzAV7VfDCMnLrYH6KqrCOSJJEsmHNNGqCvJPNZKOwIBocIpILD3afdLN5tCY8qOi1vJeBcOQR_hGjtFVRst6yY8kEVwScrqKfYHh6X_-etAK9WzCqmUx6mQQtR2M_q_VkAH1_x456MyPaaZwhg,https://google.com/goto?url=CAESbwHrOzAV7VfDCMnLrYH6KqrCOSJJEsmHNNGqCvJPNZKOwIBocIpILD3afdLN5tCY8qOi1vJeBcOQR_hGjtFVRst6yY8kEVwScrqKfYHh6X_-etAK9WzCqmUx6mQQtR2M_q_VkAH1_x456MyPaaZwhg,4,latino_people/employment__career_advancement.txt,What factors influence career advancement for Latino people in employment?,Latino people,minority,Ethnicity,Employment,Career advancement,latino_people__employment__career_advancement
e0762e2e7f4e0d372bca,https://www.jobtrainworks.org/empowering-futures-hispanic-heritage-month-and-economic-mobility/,https://jobtrainworks.org/empowering-futures-hispanic-heritage-month-and-economic-mobility,5,latino_people/employment__career_advancement.txt,What factors influence career advancement for Latino people in employment?,Latino people,minority,Ethnicity,Employment,Career advancement,latino_people__employment__career_advancement
df3c34440d516d698c4e,https://latinoslead.org/the-growing-influence-of-latino-millennials-in-todays-workplace/,https://latinoslead.org/the-growing-influence-of-latino-millennials-in-todays-workplace,6,latino_people/employment__career_advancement.txt,What factors influence career advancement for Latino people in employment?,Latino people,minority,Ethnicity,Employment,Career advancement,latino_people__employment__career_advancement
6c1bd05280acf9d1231d,https://careerhub.students.duke.edu/blog/2025/02/03/how-can-i-advance-my-career-as-a-latino-professional/,https://careerhub.students.duke.edu/blog/2025/02/03/how-can-i-advance-my-career-as-a-latino-professional,7,latino_people/employment__career_advancement.txt,What factors influence career advancement for Latino people in employment?,Latino people,minority,Ethnicity,Employment,Career advancement,latino_people__employment__career_advancement
0fd1f45abaa3521f95c2,https://iyfglobal.org/reflecting-how-hispanic-heritage-has-influenced-career-development/,https://iyfglobal.org/reflecting-how-hispanic-heritage-has-influenced-career-development,8,latino_people/employment__career_advancement.txt,What factors influence career advancement for Latino people in employment?,Latino people,minority,Ethnicity,Employment,Career advancement,latino_people__employment__career_advancement
cb65e83b99d8ad5c319f,https://www.opportunityatwork.org/topics/reports/hispanic-stars,https://opportunityatwork.org/topics/reports/hispanic-stars,9,latino_people/employment__career_advancement.txt,What factors influence career advancement for Latino people in employment?,Latino people,minority,Ethnicity,Employment,Career advancement,latino_people__employment__career_advancement
31c573903acd2fa7c191,https://wowremoteteams.com/blog/what-issues-are-important-to-latinos-in-the-workplace/,https://wowremoteteams.com/blog/what-issues-are-important-to-latinos-in-the-workplace,10,latino_people/employment__career_advancement.txt,What factors influence career advancement for Latino people in employment?,Latino people,minority,Ethnicity,Employment,Career advancement,latino_people__employment__career_advancement
39ee0890645bfc2172dd,https://equitablegrowth.org/latino-workers-are-often-segregated-into-bad-jobs-but-a-strong-u-s-labor-movement-can-boost-job-quality-and-u-s-economic-growth/,https://equitablegrowth.org/latino-workers-are-often-segregated-into-bad-jobs-but-a-strong-u-s-labor-movement-can-boost-job-quality-and-u-s-economic-growth,1,latino_people/employment__hiring.txt,What factors influence hiring for Latino people in employment?,Latino people,minority,Ethnicity,Employment,Hiring,latino_people__employment__hiring
cb65e83b99d8ad5c319f,https://www.opportunityatwork.org/topics/reports/hispanic-stars,https://opportunityatwork.org/topics/reports/hispanic-stars,2,latino_people/employment__hiring.txt,What factors influence hiring for Latino people in employment?,Latino people,minority,Ethnicity,Employment,Hiring,latino_people__employment__hiring
c5b6989467a64bb51fbf,https://www.ebsco.com/research-starters/politics-and-government/employment-among-latinos/,https://ebsco.com/research-starters/politics-and-government/employment-among-latinos,3,latino_people/employment__hiring.txt,What factors influence hiring for Latino people in employment?,Latino people,minority,Ethnicity,Employment,Hiring,latino_people__employment__hiring
92943eed3357bf30bfc3,https://www.prestigepeo.com/blogs/job-quality-hispanic-latino-community/,https://prestigepeo.com/blogs/job-quality-hispanic-latino-community,4,latino_people/employment__hiring.txt,What factors influence hiring for Latino people in employment?,Latino people,minority,Ethnicity,Employment,Hiring,latino_people__employment__hiring
2935b2a3da70bbfc9027,https://www.bls.gov/blog/2024/employment-trends-of-hispanics-in-the-us-labor-force.htm,https://bls.gov/blog/2024/employment-trends-of-hispanics-in-the-us-labor-force.htm,5,latino_people/employment__hiring.txt,What factors influence hiring for Latino people in employment?,Latino people,minority,Ethnicity,Employment,Hiring,latino_people__employment__hiring
8ec49e97b49928446e04,https://pmc.ncbi.nlm.nih.gov/articles/PMC3404465/,https://pmc.ncbi.nlm.nih.gov/articles/PMC3404465,6,latino_people/employment__hiring.txt,What factors influence hiring for Latino people in employment?,Latino people,minority,Ethnicity,Employment,Hiring,latino_people__employment__hiring
57843b8a6f5a1f106d9a,https://www.academia.edu/121878002/Factors_Influencing_the_Employability_of_Latinos_The_Roles_of_Ethnicity_Criminal_History_and_Qualifications,https://academia.edu/121878002/Factors_Influencing_the_Employability_of_Latinos_The_Roles_of_Ethnicity_Criminal_History_and_Qualifications,7,latino_people/employment__hiring.txt,What factors influence hiring for Latino people in employment?,Latino people,minority,Ethnicity,Employment,Hiring,latino_people__employment__hiring
6857f68e2ac6588fe5dd,https://workingnation.com/deep-dive-the-hispanic-workforce-is-growing-but-faces-barriers-to-quality-jobs/,https://workingnation.com/deep-dive-the-hispanic-workforce-is-growing-but-faces-barriers-to-quality-jobs,8,latino_people/employment__hiring.txt,What factors influence hiring for Latino people in employment?,Latino people,minority,Ethnicity,Employment,Hiring,latino_people__employment__hiring
d18a130a1e025c5d6ac2,https://www.jennifertardy.com/linkedin-newsletter-articles/four-barriers-to-equal-representation-for-hispanic-workers-in-us,https://jennifertardy.com/linkedin-newsletter-articles/four-barriers-to-equal-representation-for-hispanic-workers-in-us,9,latino_people/employment__hiring.txt,What factors influence hiring for Latino people in employment?,Latino people,minority,Ethnicity,Employment,Hiring,latino_people__employment__hiring
0667d44231fe6e3ed12b,https://www.diversityjobs.com/career-advice/team-building/should-employers-give-hiring-preference-to-hispanic-job-candidates/,https://diversityjobs.com/career-advice/team-building/should-employers-give-hiring-preference-to-hispanic-job-candidates,10,latino_people/employment__hiring.txt,What factors influence hiring for Latino people in employment?,Latino people,minority,Ethnicity,Employment,Hiring,latino_people__employment__hiring
7529cf7963d4ce7b8b7a,https://diversityglobal.com/web/Article.aspx?id=Striving-for-Hispanic-and-Latino-Inclusion-in-the-Work-Environment-4840,https://diversityglobal.com/web/Article.aspx?id=Striving-for-Hispanic-and-Latino-Inclusion-in-the-Work-Environment-4840,11,latino_people/employment__hiring.txt,What factors influence hiring for Latino people in employment?,Latino people,minority,Ethnicity,Employment,Hiring,latino_people__employment__hiring
ba5da0ba006e2e8042ef,https://generations.bank/,https://generations.bank/,12,latino_people/employment__hiring.txt,What factors influence hiring for Latino people in employment?,Latino people,minority,Ethnicity,Employment,Hiring,latino_people__employment__hiring
fd1740f02c5e15ade32a,https://pmc.ncbi.nlm.nih.gov/articles/PMC10174265/,https://pmc.ncbi.nlm.nih.gov/articles/PMC10174265,1,latino_people/employment__workplace_harassment.txt,What factors influence workplace harassment for Latino people in employment?,Latino people,minority,Ethnicity,Employment,Workplace harassment,latino_people__employment__workplace_harassment
3402c00745aaeed3bf0b,https://stacks.cdc.gov/view/cdc/128469,https://stacks.cdc.gov/view/cdc/128469,2,latino_people/employment__workplace_harassment.txt,What factors influence workplace harassment for Latino people in employment?,Latino people,minority,Ethnicity,Employment,Workplace harassment,latino_people__employment__workplace_harassment
aa9efba6c55b4543a3d1,https://www.eeoc.gov/special-report/hispanics-american-workforce,https://eeoc.gov/special-report/hispanics-american-workforce,3,latino_people/employment__workplace_harassment.txt,What factors influence workplace harassment for Latino people in employment?,Latino people,minority,Ethnicity,Employment,Workplace harassment,latino_people__employment__workplace_harassment
cd7b714f97499d88fd86,https://crownschool.uchicago.edu/student-life/advocates-forum/workplace-discrimination-and-undocumented-first-generation-latinx,https://crownschool.uchicago.edu/student-life/advocates-forum/workplace-discrimination-and-undocumented-first-generation-latinx,4,latino_people/employment__workplace_harassment.txt,What factors influence workplace harassment for Latino people in employment?,Latino people,minority,Ethnicity,Employment,Workplace harassment,latino_people__employment__workplace_harassment
ed38cba1b4f0ded03cb2,https://pmc.ncbi.nlm.nih.gov/articles/PMC9262804/,https://pmc.ncbi.nlm.nih.gov/articles/PMC9262804,5,latino_people/employment__workplace_harassment.txt,What factors influence workplace harassment for Latino people in employment?,Latino people,minority,Ethnicity,Employment,Workplace harassment,latino_people__employment__workplace_harassment
1cae55654320e1f497df,https://www.eeoc.gov/meetings/meeting-april-15-2015-eeoc-50-confronting-racial-and-ethnic-discrimination-21st-century/mesa-estrada,https://eeoc.gov/meetings/meeting-april-15-2015-eeoc-50-confronting-racial-and-ethnic-discrimination-21st-century/mesa-estrada,6,latino_people/employment__workplace_harassment.txt,What factors influence workplace harassment for Latino people in employment?,Latino people,minority,Ethnicity,Employment,Workplace harassment,latino_people__employment__workplace_harassment
ccd779ecf2bb10969dd9,https://www.justia.com/employment/employment-discrimination/ethnicity-discrimination/,https://justia.com/employment/employment-discrimination/ethnicity-discrimination,7,latino_people/employment__workplace_harassment.txt,What factors influence workplace harassment for Latino people in employment?,Latino people,minority,Ethnicity,Employment,Workplace harassment,latino_people__employment__workplace_harassment
d113853cc47464af7204,https://williamsinstitute.law.ucla.edu/press/latinx-workplace-press-release/,https://williamsinstitute.law.ucla.edu/press/latinx-workplace-press-release,8,latino_people/employment__workplace_harassment.txt,What factors influence workplace harassment for Latino people in employment?,Latino people,minority,Ethnicity,Employment,Workplace harassment,latino_people__employment__workplace_harassment
43a966bfd15e051f4ad8,https://brobertsonlaw.com/practice-areas/discrimination/hispanics/,https://brobertsonlaw.com/practice-areas/discrimination/hispanics,9,latino_people/employment__workplace_harassment.txt,What factors influence workplace harassment for Latino people in employment?,Latino people,minority,Ethnicity,Employment,Workplace harassment,latino_people__employment__workplace_harassment
0ff804ea59d70600851e,https://www.youtube.com/watch?v=sDcpDlKdQV4&t=7s,https://youtube.com/watch?t=7s&v=sDcpDlKdQV4,10,latino_people/employment__workplace_harassment.txt,What factors influence workplace harassment for Latino people in employment?,Latino people,minority,Ethnicity,Employment,Workplace harassment,latino_people__employment__workplace_harassment
39d3e7fa5bc267e8c155,https://www.jennifertardy.com/linkedin-newsletter-articles/hispanic-discrimination-employment,https://jennifertardy.com/linkedin-newsletter-articles/hispanic-discrimination-employment,11,latino_people/employment__workplace_harassment.txt,What factors influence workplace harassment for Latino people in employment?,Latino people,minority,Ethnicity,Employment,Workplace harassment,latino_people__employment__workplace_harassment
bf6519cd91101b539b26,https://rennepubliclawgroup.com/investigating-same-culture-bias-with-spanish-speaking-employees/,https://rennepubliclawgroup.com/investigating-same-culture-bias-with-spanish-speaking-employees,12,latino_people/employment__workplace_harassment.txt,What factors influence workplace harassment for Latino people in employment?,Latino people,minority,Ethnicity,Employment,Workplace harassment,latino_people__employment__workplace_harassment
acb929a0da25e083e369,https://www.nilc.org/resources/overview-immeligfedprograms/,https://nilc.org/resources/overview-immeligfedprograms,1,latino_people/government_benefits__access_to_government_benefits.txt,What factors influence access to government benefits for Latino people in government benefits?,Latino people,minority,Ethnicity,Government Benefits,Access to government benefits,latino_people__government_benefits__access_to_government_benefits
e8047f942e7e8872da20,https://poverty.ucdavis.edu/post/safety-net-programs-underused-eligible-hispanic-families,https://poverty.ucdavis.edu/post/safety-net-programs-underused-eligible-hispanic-families,2,latino_people/government_benefits__access_to_government_benefits.txt,What factors influence access to government benefits for Latino people in government benefits?,Latino people,minority,Ethnicity,Government Benefits,Access to government benefits,latino_people__government_benefits__access_to_government_benefits
f0cb68bf408cbd5346c7,https://www.hispanicresearchcenter.org/hisp-family-facts/hispanic-family-facts-low-income-hispanics-may-have-misconceptions-about-eligibility-for-government-assistance-programs/,https://hispanicresearchcenter.org/hisp-family-facts/hispanic-family-facts-low-income-hispanics-may-have-misconceptions-about-eligibility-for-government-assistance-programs,3,latino_people/government_benefits__access_to_government_benefits.txt,What factors influence access to government benefits for Latino people in government benefits?,Latino people,minority,Ethnicity,Government Benefits,Access to government benefits,latino_people__government_benefits__access_to_government_benefits
8aeae1553b9c47c67d08,https://pmc.ncbi.nlm.nih.gov/articles/PMC10241469/,https://pmc.ncbi.nlm.nih.gov/articles/PMC10241469,4,latino_people/government_benefits__access_to_government_benefits.txt,What factors influence access to government benefits for Latino people in government benefits?,Latino people,minority,Ethnicity,Government Benefits,Access to government benefits,latino_people__government_benefits__access_to_government_benefits
88d111577fbc186be2a5,https://www.cbpp.org/blog/eliminating-structural-barriers-can-improve-latino-peoples-access-to-health-coverage,https://cbpp.org/blog/eliminating-structural-barriers-can-improve-latino-peoples-access-to-health-coverage,5,latino_people/government_benefits__access_to_government_benefits.txt,What factors influence access to government benefits for Latino people in government benefits?,Latino people,minority,Ethnicity,Government Benefits,Access to government benefits,latino_people__government_benefits__access_to_government_benefits
4ef0940e8e05dd4baf7d,https://pmc.ncbi.nlm.nih.gov/articles/PMC12311976/,https://pmc.ncbi.nlm.nih.gov/articles/PMC12311976,6,latino_people/government_benefits__access_to_government_benefits.txt,What factors influence access to government benefits for Latino people in government benefits?,Latino people,minority,Ethnicity,Government Benefits,Access to government benefits,latino_people__government_benefits__access_to_government_benefits
262b10b784bff23430fb,https://academic.oup.com/sf/article/104/3/874/8163470,https://academic.oup.com/sf/article/104/3/874/8163470,7,latino_people/government_benefits__access_to_government_benefits.txt,What factors influence access to government benefits for Latino people in government benefits?,Latino people,minority,Ethnicity,Government Benefits,Access to government benefits,latino_people__government_benefits__access_to_government_benefits
4f27b88ab743f5853b50,https://www.ncbi.nlm.nih.gov/books/NBK224433/,https://ncbi.nlm.nih.gov/books/NBK224433,8,latino_people/government_benefits__access_to_government_benefits.txt,What factors influence access to government benefits for Latino people in government benefits?,Latino people,minority,Ethnicity,Government Benefits,Access to government benefits,latino_people__government_benefits__access_to_government_benefits
54ee8a88aca2093ea4a1,https://latino.ucla.edu/debunking-myths-about-latinos-and-medicaid/,https://latino.ucla.edu/debunking-myths-about-latinos-and-medicaid,1,latino_people/government_benefits__application_approval.txt,What factors influence application/approval for Latino people in government benefits?,Latino people,minority,Ethnicity,Government Benefits,Application/approval,latino_people__government_benefits__application_approval
97aea39789c23a617380,https://www.healthaffairs.org/doi/10.1377/hlthaff.2025.00375,https://healthaffairs.org/doi/10.1377/hlthaff.2025.00375,2,latino_people/government_benefits__application_approval.txt,What factors influence application/approval for Latino people in government benefits?,Latino people,minority,Ethnicity,Government Benefits,Application/approval,latino_people__government_benefits__application_approval
e8047f942e7e8872da20,https://poverty.ucdavis.edu/post/safety-net-programs-underused-eligible-hispanic-families,https://poverty.ucdavis.edu/post/safety-net-programs-underused-eligible-hispanic-families,3,latino_people/government_benefits__application_approval.txt,What factors influence application/approval for Latino people in government benefits?,Latino people,minority,Ethnicity,Government Benefits,Application/approval,latino_people__government_benefits__application_approval
90c9f9105aae8bab00e4,https://pmc.ncbi.nlm.nih.gov/articles/PMC11756264/,https://pmc.ncbi.nlm.nih.gov/articles/PMC11756264,4,latino_people/government_benefits__application_approval.txt,What factors influence application/approval for Latino people in government benefits?,Latino people,minority,Ethnicity,Government Benefits,Application/approval,latino_people__government_benefits__application_approval
f0cb68bf408cbd5346c7,https://www.hispanicresearchcenter.org/hisp-family-facts/hispanic-family-facts-low-income-hispanics-may-have-misconceptions-about-eligibility-for-government-assistance-programs/,https://hispanicresearchcenter.org/hisp-family-facts/hispanic-family-facts-low-income-hispanics-may-have-misconceptions-about-eligibility-for-government-assistance-programs,5,latino_people/government_benefits__application_approval.txt,What factors influence application/approval for Latino people in government benefits?,Latino people,minority,Ethnicity,Government Benefits,Application/approval,latino_people__government_benefits__application_approval
acb929a0da25e083e369,https://www.nilc.org/resources/overview-immeligfedprograms/,https://nilc.org/resources/overview-immeligfedprograms,6,latino_people/government_benefits__application_approval.txt,What factors influence application/approval for Latino people in government benefits?,Latino people,minority,Ethnicity,Government Benefits,Application/approval,latino_people__government_benefits__application_approval
acb929a0da25e083e369,https://www.nilc.org/resources/overview-immeligfedprograms/,https://nilc.org/resources/overview-immeligfedprograms,7,latino_people/government_benefits__application_approval.txt,What factors influence application/approval for Latino people in government benefits?,Latino people,minority,Ethnicity,Government Benefits,Application/approval,latino_people__government_benefits__application_approval
ba237840bf4ccb07f96a,https://www.childtrends.org/publications/application-data-can-help-us-understand-hispanic-families-uptake-of-child-care-subsidies,https://childtrends.org/publications/application-data-can-help-us-understand-hispanic-families-uptake-of-child-care-subsidies,8,latino_people/government_benefits__application_approval.txt,What factors influence application/approval for Latino people in government benefits?,Latino people,minority,Ethnicity,Government Benefits,Application/approval,latino_people__government_benefits__application_approval
4ef0940e8e05dd4baf7d,https://pmc.ncbi.nlm.nih.gov/articles/PMC12311976/,https://pmc.ncbi.nlm.nih.gov/articles/PMC12311976,9,latino_people/government_benefits__application_approval.txt,What factors influence application/approval for Latino people in government benefits?,Latino people,minority,Ethnicity,Government Benefits,Application/approval,latino_people__government_benefits__application_approval
2faa5423b0ef0b1013d9,https://pmc.ncbi.nlm.nih.gov/articles/PMC7893374/,https://pmc.ncbi.nlm.nih.gov/articles/PMC7893374,10,latino_people/government_benefits__application_approval.txt,What factors influence application/approval for Latino people in government benefits?,Latino people,minority,Ethnicity,Government Benefits,Application/approval,latino_people__government_benefits__application_approval
e925e6983272dcb10680,https://unidosus.org/blog/2022/09/28/latinos-remain-disproportionately-impacted-by-food-insecurity-usda-can-make-progress-on-equity-and-racial-justice/,https://unidosus.org/blog/2022/09/28/latinos-remain-disproportionately-impacted-by-food-insecurity-usda-can-make-progress-on-equity-and-racial-justice,11,latino_people/government_benefits__application_approval.txt,What factors influence application/approval for Latino people in government benefits?,Latino people,minority,Ethnicity,Government Benefits,Application/approval,latino_people__government_benefits__application_approval
2a7b6962bf1172b8d55e,https://www.kff.org/racial-equity-and-health-policy/most-hispanic-immigrants-say-lives-are-better-in-the-us/,https://kff.org/racial-equity-and-health-policy/most-hispanic-immigrants-say-lives-are-better-in-the-us,12,latino_people/government_benefits__application_approval.txt,What factors influence application/approval for Latino people in government benefits?,Latino people,minority,Ethnicity,Government Benefits,Application/approval,latino_people__government_benefits__application_approval
336ffc72af7d3cc839bb,https://unidosus.org/blog/2026/06/16/federal-snap-cuts-have-denied-millions-of-latinos-and-other-americans-help-paying-for-food/,https://unidosus.org/blog/2026/06/16/federal-snap-cuts-have-denied-millions-of-latinos-and-other-americans-help-paying-for-food,13,latino_people/government_benefits__application_approval.txt,What factors influence application/approval for Latino people in government benefits?,Latino people,minority,Ethnicity,Government Benefits,Application/approval,latino_people__government_benefits__application_approval
4ef0940e8e05dd4baf7d,https://pmc.ncbi.nlm.nih.gov/articles/PMC12311976/,https://pmc.ncbi.nlm.nih.gov/articles/PMC12311976,1,latino_people/government_benefits__benefit_retention_renewal.txt,What factors influence benefit retention / renewal for Latino people in government benefits?,Latino people,minority,Ethnicity,Government Benefits,Benefit retention / renewal,latino_people__government_benefits__benefit_retention_renewal
262b10b784bff23430fb,https://academic.oup.com/sf/article/104/3/874/8163470,https://academic.oup.com/sf/article/104/3/874/8163470,2,latino_people/government_benefits__benefit_retention_renewal.txt,What factors influence benefit retention / renewal for Latino people in government benefits?,Latino people,minority,Ethnicity,Government Benefits,Benefit retention / renewal,latino_people__government_benefits__benefit_retention_renewal
1d0da668211e3468a0ea,https://pubmed.ncbi.nlm.nih.gov/40614050/,https://pubmed.ncbi.nlm.nih.gov/40614050,3,latino_people/government_benefits__benefit_retention_renewal.txt,What factors influence benefit retention / renewal for Latino people in government benefits?,Latino people,minority,Ethnicity,Government Benefits,Benefit retention / renewal,latino_people__government_benefits__benefit_retention_renewal
569513ab11de7bbc2083,https://academic.oup.com/gerontologist/article/65/8/gnaf163/8186160,https://academic.oup.com/gerontologist/article/65/8/gnaf163/8186160,4,latino_people/government_benefits__benefit_retention_renewal.txt,What factors influence benefit retention / renewal for Latino people in government benefits?,Latino people,minority,Ethnicity,Government Benefits,Benefit retention / renewal,latino_people__government_benefits__benefit_retention_renewal
3032e60263ea262264c7,https://www.hispanicresearchcenter.org/research-resources/highlights-decade-research-supports-economic-self-sufficiency-latino-families-children/?print=print,https://hispanicresearchcenter.org/research-resources/highlights-decade-research-supports-economic-self-sufficiency-latino-families-children?print=print,5,latino_people/government_benefits__benefit_retention_renewal.txt,What factors influence benefit retention / renewal for Latino people in government benefits?,Latino people,minority,Ethnicity,Government Benefits,Benefit retention / renewal,latino_people__government_benefits__benefit_retention_renewal
565dd0843a513414cdaa,https://www.kff.org/immigrant-health/implementation-of-medicaid-immigrant-eligibility-restrictions-under-the-2025-reconciliation-law-issues-to-consider/,https://kff.org/immigrant-health/implementation-of-medicaid-immigrant-eligibility-restrictions-under-the-2025-reconciliation-law-issues-to-consider,6,latino_people/government_benefits__benefit_retention_renewal.txt,What factors influence benefit retention / renewal for Latino people in government benefits?,Latino people,minority,Ethnicity,Government Benefits,Benefit retention / renewal,latino_people__government_benefits__benefit_retention_renewal
54ee8a88aca2093ea4a1,https://latino.ucla.edu/debunking-myths-about-latinos-and-medicaid/,https://latino.ucla.edu/debunking-myths-about-latinos-and-medicaid,7,latino_people/government_benefits__benefit_retention_renewal.txt,What factors influence benefit retention / renewal for Latino people in government benefits?,Latino people,minority,Ethnicity,Government Benefits,Benefit retention / renewal,latino_people__government_benefits__benefit_retention_renewal
9d4691da4bdd22942dd8,https://salud-america.org/when-continuous-medicaid-renewal-ended-latinos-and-black-individuals-were-twice-as-likely-to-lose-coverage/,https://salud-america.org/when-continuous-medicaid-renewal-ended-latinos-and-black-individuals-were-twice-as-likely-to-lose-coverage,8,latino_people/government_benefits__benefit_retention_renewal.txt,What factors influence benefit retention / renewal for Latino people in government benefits?,Latino people,minority,Ethnicity,Government Benefits,Benefit retention / renewal,latino_people__government_benefits__benefit_retention_renewal
5771c6e3b12966cac5e2,https://salud-america.org/report-texas-latino-children-face-struggles-with-food-insecurity-health-insurance-economic-opportunity/,https://salud-america.org/report-texas-latino-children-face-struggles-with-food-insecurity-health-insurance-economic-opportunity,9,latino_people/government_benefits__benefit_retention_renewal.txt,What factors influence benefit retention / renewal for Latino people in government benefits?,Latino people,minority,Ethnicity,Government Benefits,Benefit retention / renewal,latino_people__government_benefits__benefit_retention_renewal
336ffc72af7d3cc839bb,https://unidosus.org/blog/2026/06/16/federal-snap-cuts-have-denied-millions-of-latinos-and-other-americans-help-paying-for-food/,https://unidosus.org/blog/2026/06/16/federal-snap-cuts-have-denied-millions-of-latinos-and-other-americans-help-paying-for-food,10,latino_people/government_benefits__benefit_retention_renewal.txt,What factors influence benefit retention / renewal for Latino people in government benefits?,Latino people,minority,Ethnicity,Government Benefits,Benefit retention / renewal,latino_people__government_benefits__benefit_retention_renewal
ef0fccbe8b397fd5725e,https://www.nytimes.com/2024/06/03/us/politics/medicaid-reenrollment-black-hispanic.html,https://nytimes.com/2024/06/03/us/politics/medicaid-reenrollment-black-hispanic.html,11,latino_people/government_benefits__benefit_retention_renewal.txt,What factors influence benefit retention / renewal for Latino people in government benefits?,Latino people,minority,Ethnicity,Government Benefits,Benefit retention / renewal,latino_people__government_benefits__benefit_retention_renewal
a176d27784d1856ca9ba,https://pmc.ncbi.nlm.nih.gov/articles/PMC9660423/,https://pmc.ncbi.nlm.nih.gov/articles/PMC9660423,12,latino_people/government_benefits__benefit_retention_renewal.txt,What factors influence benefit retention / renewal for Latino people in government benefits?,Latino people,minority,Ethnicity,Government Benefits,Benefit retention / renewal,latino_people__government_benefits__benefit_retention_renewal
12c727f99a69965db033,https://www.google.com/goto?url=CAEStQEB6zswFdst3cZG9LzYswtWUUJbR4_RPJXGXr9MpxH5moftSqE_ZAYr0qbDGKVoHf0pBXtsIzdRSj_sE4yQ1jBoDAhEpHKlSOWfTNO-1A9t8sJN9M5RcObQS1k3YOOL-lnK7PJKOn-NU6XkGVnQk48mtcMGi5XBsf_dO5ilaJLIEwtIQW4h6DS-bZvpX_yi76ABHujhuF3uoXS51SUWl-zFAhWveGpb1fhnG6R0L9b8Zj9odvgQ,https://google.com/goto?url=CAEStQEB6zswFdst3cZG9LzYswtWUUJbR4_RPJXGXr9MpxH5moftSqE_ZAYr0qbDGKVoHf0pBXtsIzdRSj_sE4yQ1jBoDAhEpHKlSOWfTNO-1A9t8sJN9M5RcObQS1k3YOOL-lnK7PJKOn-NU6XkGVnQk48mtcMGi5XBsf_dO5ilaJLIEwtIQW4h6DS-bZvpX_yi76ABHujhuF3uoXS51SUWl-zFAhWveGpb1fhnG6R0L9b8Zj9odvgQ,13,latino_people/government_benefits__benefit_retention_renewal.txt,What factors influence benefit retention / renewal for Latino people in government benefits?,Latino people,minority,Ethnicity,Government Benefits,Benefit retention / renewal,latino_people__government_benefits__benefit_retention_renewal
923a2f2f69fa16323e74,https://www.google.com/goto?url=CAESmAEB6zswFTJ-vOFRpiTr5zTVRZsRNK1el0LbfMKAVFuapJFLy-ecS1To0aVm0RBZ879kQ3MqRP1T60b4hqEuFC2Oia45fDdm8Z6WE4_Gb3x8BzHrTFO4Kxk9RTrMrc9pEfltoepgHCZtLyaDKF0-mXtlM2vqYJzR-DpbQasnlnmj_omupuNJOatqsHrBgHn3Zc-roTSiUaNNNQ,https://google.com/goto?url=CAESmAEB6zswFTJ-vOFRpiTr5zTVRZsRNK1el0LbfMKAVFuapJFLy-ecS1To0aVm0RBZ879kQ3MqRP1T60b4hqEuFC2Oia45fDdm8Z6WE4_Gb3x8BzHrTFO4Kxk9RTrMrc9pEfltoepgHCZtLyaDKF0-mXtlM2vqYJzR-DpbQasnlnmj_omupuNJOatqsHrBgHn3Zc-roTSiUaNNNQ,14,latino_people/government_benefits__benefit_retention_renewal.txt,What factors influence benefit retention / renewal for Latino people in government benefits?,Latino people,minority,Ethnicity,Government Benefits,Benefit retention / renewal,latino_people__government_benefits__benefit_retention_renewal
8ccf054497b17170cbb9,https://pmc.ncbi.nlm.nih.gov/articles/PMC12513714/,https://pmc.ncbi.nlm.nih.gov/articles/PMC12513714,1,latino_people/healthcare__insurance_coverage.txt,What factors influence insurance coverage for Latino people in healthcare?,Latino people,minority,Ethnicity,Healthcare,Insurance coverage,latino_people__healthcare__insurance_coverage
e4794221a821921b2a20,https://pmc.ncbi.nlm.nih.gov/articles/PMC1403427/,https://pmc.ncbi.nlm.nih.gov/articles/PMC1403427,2,latino_people/healthcare__insurance_coverage.txt,What factors influence insurance coverage for Latino people in healthcare?,Latino people,minority,Ethnicity,Healthcare,Insurance coverage,latino_people__healthcare__insurance_coverage
9dbfeda781835561aba8,https://policylab.rutgers.edu/publication/understanding-low-insurance-rates-among-the-hispanic-population-in-new-jersey/,https://policylab.rutgers.edu/publication/understanding-low-insurance-rates-among-the-hispanic-population-in-new-jersey,3,latino_people/healthcare__insurance_coverage.txt,What factors influence insurance coverage for Latino people in healthcare?,Latino people,minority,Ethnicity,Healthcare,Insurance coverage,latino_people__healthcare__insurance_coverage
27b3c4618dd8e24c9c7a,https://pmc.ncbi.nlm.nih.gov/articles/PMC5066580/,https://pmc.ncbi.nlm.nih.gov/articles/PMC5066580,4,latino_people/healthcare__insurance_coverage.txt,What factors influence insurance coverage for Latino people in healthcare?,Latino people,minority,Ethnicity,Healthcare,Insurance coverage,latino_people__healthcare__insurance_coverage
a39ebc8b7647ae97da07,https://www.rsfjournal.org/content/10/4/173,https://rsfjournal.org/content/10/4/173,5,latino_people/healthcare__insurance_coverage.txt,What factors influence insurance coverage for Latino people in healthcare?,Latino people,minority,Ethnicity,Healthcare,Insurance coverage,latino_people__healthcare__insurance_coverage
3fe233b694ba7bb21175,https://pmc.ncbi.nlm.nih.gov/articles/PMC5980375/,https://pmc.ncbi.nlm.nih.gov/articles/PMC5980375,6,latino_people/healthcare__insurance_coverage.txt,What factors influence insurance coverage for Latino people in healthcare?,Latino people,minority,Ethnicity,Healthcare,Insurance coverage,latino_people__healthcare__insurance_coverage
4854cb31c44670b216c6,https://pmc.ncbi.nlm.nih.gov/articles/PMC9888733/,https://pmc.ncbi.nlm.nih.gov/articles/PMC9888733,1,latino_people/healthcare__patient_safety.txt,What factors influence patient safety for Latino people in healthcare?,Latino people,minority,Ethnicity,Healthcare,Patient safety,latino_people__healthcare__patient_safety
b36f86301db1611f9677,https://pmc.ncbi.nlm.nih.gov/articles/PMC4890541/,https://pmc.ncbi.nlm.nih.gov/articles/PMC4890541,2,latino_people/healthcare__patient_safety.txt,What factors influence patient safety for Latino people in healthcare?,Latino people,minority,Ethnicity,Healthcare,Patient safety,latino_people__healthcare__patient_safety
b8c3033dc5038838e977,https://pmc.ncbi.nlm.nih.gov/articles/PMC7415496/,https://pmc.ncbi.nlm.nih.gov/articles/PMC7415496,3,latino_people/healthcare__patient_safety.txt,What factors influence patient safety for Latino people in healthcare?,Latino people,minority,Ethnicity,Healthcare,Patient safety,latino_people__healthcare__patient_safety
6bd9339ff4ffd72fcca1,https://pmc.ncbi.nlm.nih.gov/articles/PMC10815774/,https://pmc.ncbi.nlm.nih.gov/articles/PMC10815774,4,latino_people/healthcare__patient_safety.txt,What factors influence patient safety for Latino people in healthcare?,Latino people,minority,Ethnicity,Healthcare,Patient safety,latino_people__healthcare__patient_safety
5ffc4f200aa40b7f92fd,https://pmc.ncbi.nlm.nih.gov/articles/PMC4838486/,https://pmc.ncbi.nlm.nih.gov/articles/PMC4838486,5,latino_people/healthcare__patient_safety.txt,What factors influence patient safety for Latino people in healthcare?,Latino people,minority,Ethnicity,Healthcare,Patient safety,latino_people__healthcare__patient_safety
a69b149bd0e234c59396,https://minorityhealth.hhs.gov/hispaniclatino-health,https://minorityhealth.hhs.gov/hispaniclatino-health,6,latino_people/healthcare__patient_safety.txt,What factors influence patient safety for Latino people in healthcare?,Latino people,minority,Ethnicity,Healthcare,Patient safety,latino_people__healthcare__patient_safety
79c8afbbc2089210d88b,https://pmc.ncbi.nlm.nih.gov/articles/PMC5044865/,https://pmc.ncbi.nlm.nih.gov/articles/PMC5044865,7,latino_people/healthcare__patient_safety.txt,What factors influence patient safety for Latino people in healthcare?,Latino people,minority,Ethnicity,Healthcare,Patient safety,latino_people__healthcare__patient_safety
a6ade2be0ee7fa8203cc,https://www.uchicagomedicineadventhealth.org/blog/5-common-health-conditions-affect-hispanic-communities,https://uchicagomedicineadventhealth.org/blog/5-common-health-conditions-affect-hispanic-communities,8,latino_people/healthcare__patient_safety.txt,What factors influence patient safety for Latino people in healthcare?,Latino people,minority,Ethnicity,Healthcare,Patient safety,latino_people__healthcare__patient_safety
ed0a77d8d9bf263ce7e3,https://www.pewresearch.org/science/2022/06/14/hispanic-americans-experiences-with-health-care/,https://pewresearch.org/science/2022/06/14/hispanic-americans-experiences-with-health-care,9,latino_people/healthcare__patient_safety.txt,What factors influence patient safety for Latino people in healthcare?,Latino people,minority,Ethnicity,Healthcare,Patient safety,latino_people__healthcare__patient_safety
8ccf054497b17170cbb9,https://pmc.ncbi.nlm.nih.gov/articles/PMC12513714/,https://pmc.ncbi.nlm.nih.gov/articles/PMC12513714,10,latino_people/healthcare__patient_safety.txt,What factors influence patient safety for Latino people in healthcare?,Latino people,minority,Ethnicity,Healthcare,Patient safety,latino_people__healthcare__patient_safety
4bf3675996305752ed3a,https://www.plannedparenthoodaction.org/communities/latinos-planned-parenthood/health-equity-issues-for-the-latino-community,https://plannedparenthoodaction.org/communities/latinos-planned-parenthood/health-equity-issues-for-the-latino-community,11,latino_people/healthcare__patient_safety.txt,What factors influence patient safety for Latino people in healthcare?,Latino people,minority,Ethnicity,Healthcare,Patient safety,latino_people__healthcare__patient_safety
b6ed57ff178d5dfb6059,https://kc.edu/healthcare-gap-a-reality-for-hispanic-latino-community/,https://kc.edu/healthcare-gap-a-reality-for-hispanic-latino-community,12,latino_people/healthcare__patient_safety.txt,What factors influence patient safety for Latino people in healthcare?,Latino people,minority,Ethnicity,Healthcare,Patient safety,latino_people__healthcare__patient_safety
853c76519358a581bde7,https://pmc.ncbi.nlm.nih.gov/articles/PMC9617098/,https://pmc.ncbi.nlm.nih.gov/articles/PMC9617098,1,latino_people/healthcare__preventive_care.txt,What factors influence preventive care for Latino people in healthcare?,Latino people,minority,Ethnicity,Healthcare,Preventive care,latino_people__healthcare__preventive_care
7452ff2090f7e9864e0b,https://pubmed.ncbi.nlm.nih.gov/12529894/,https://pubmed.ncbi.nlm.nih.gov/12529894,2,latino_people/healthcare__preventive_care.txt,What factors influence preventive care for Latino people in healthcare?,Latino people,minority,Ethnicity,Healthcare,Preventive care,latino_people__healthcare__preventive_care
b36f86301db1611f9677,https://pmc.ncbi.nlm.nih.gov/articles/PMC4890541/,https://pmc.ncbi.nlm.nih.gov/articles/PMC4890541,3,latino_people/healthcare__preventive_care.txt,What factors influence preventive care for Latino people in healthcare?,Latino people,minority,Ethnicity,Healthcare,Preventive care,latino_people__healthcare__preventive_care
0077921b85774c5c67dc,https://digitalcommons.library.tmc.edu/dissertations/AAI1462387/,https://digitalcommons.library.tmc.edu/dissertations/AAI1462387,4,latino_people/healthcare__preventive_care.txt,What factors influence preventive care for Latino people in healthcare?,Latino people,minority,Ethnicity,Healthcare,Preventive care,latino_people__healthcare__preventive_care
313429e6f57d22dbd2d3,https://salud-america.org/what-do-latinos-think-about-preventative-care/,https://salud-america.org/what-do-latinos-think-about-preventative-care,5,latino_people/healthcare__preventive_care.txt,What factors influence preventive care for Latino people in healthcare?,Latino people,minority,Ethnicity,Healthcare,Preventive care,latino_people__healthcare__preventive_care
a69b149bd0e234c59396,https://minorityhealth.hhs.gov/hispaniclatino-health,https://minorityhealth.hhs.gov/hispaniclatino-health,6,latino_people/healthcare__preventive_care.txt,What factors influence preventive care for Latino people in healthcare?,Latino people,minority,Ethnicity,Healthcare,Preventive care,latino_people__healthcare__preventive_care
ed7084f25bfef33be953,https://pmc.ncbi.nlm.nih.gov/articles/PMC2764043/,https://pmc.ncbi.nlm.nih.gov/articles/PMC2764043,7,latino_people/healthcare__preventive_care.txt,What factors influence preventive care for Latino people in healthcare?,Latino people,minority,Ethnicity,Healthcare,Preventive care,latino_people__healthcare__preventive_care
0e7467db5c54d437d5ed,https://www.google.com/goto?url=CAESjgEB6zswFXB59qjkhOXl5mgCIhRbx8_nPZmYr8clXGViFp5CEeu2SX5oJjiA3YkMcml4oFhoa0U-cXIodvwI32srZJF9Y9XgaYYqPu934P8G_KW0EPD0QZQ0O5kgNDm_SVopJwsb9tD4aXVJFLESx2NlToCXilTBjaeb-sYjeOuRNVldBL5RWsbtj2qNxDQ2,https://google.com/goto?url=CAESjgEB6zswFXB59qjkhOXl5mgCIhRbx8_nPZmYr8clXGViFp5CEeu2SX5oJjiA3YkMcml4oFhoa0U-cXIodvwI32srZJF9Y9XgaYYqPu934P8G_KW0EPD0QZQ0O5kgNDm_SVopJwsb9tD4aXVJFLESx2NlToCXilTBjaeb-sYjeOuRNVldBL5RWsbtj2qNxDQ2,8,latino_people/healthcare__preventive_care.txt,What factors influence preventive care for Latino people in healthcare?,Latino people,minority,Ethnicity,Healthcare,Preventive care,latino_people__healthcare__preventive_care
528b4733d1fa2400468c,https://www.pewresearch.org/short-reads/2023/10/30/5-facts-about-hispanic-americans-and-health-care/,https://pewresearch.org/short-reads/2023/10/30/5-facts-about-hispanic-americans-and-health-care,9,latino_people/healthcare__preventive_care.txt,What factors influence preventive care for Latino people in healthcare?,Latino people,minority,Ethnicity,Healthcare,Preventive care,latino_people__healthcare__preventive_care
082256847a9dfc55ede5,https://www.urban.org/urban-wire/how-can-we-advance-latino-homeownership-and-housing-stability,https://urban.org/urban-wire/how-can-we-advance-latino-homeownership-and-housing-stability,1,latino_people/housing__access_to_housing.txt,What factors influence access to housing for Latino people in housing?,Latino people,minority,Ethnicity,Housing,Access to housing,latino_people__housing__access_to_housing
33968ea5339bef3befa1,https://www.nlc.org/article/2022/10/28/barriers-existing-practices-recommendations-in-housing-for-hispanic-latinx-latinoa-residents/,https://nlc.org/article/2022/10/28/barriers-existing-practices-recommendations-in-housing-for-hispanic-latinx-latinoa-residents,2,latino_people/housing__access_to_housing.txt,What factors influence access to housing for Latino people in housing?,Latino people,minority,Ethnicity,Housing,Access to housing,latino_people__housing__access_to_housing
1242d8d7be328cbd3b29,https://home.treasury.gov/news/featured-stories/racial-differences-in-economic-security-housing,https://home.treasury.gov/news/featured-stories/racial-differences-in-economic-security-housing,3,latino_people/housing__access_to_housing.txt,What factors influence access to housing for Latino people in housing?,Latino people,minority,Ethnicity,Housing,Access to housing,latino_people__housing__access_to_housing
2968b809f664f799b973,https://nlihc.org/resource/latino-households-face-challenges-accessing-housing-assistance-programs,https://nlihc.org/resource/latino-households-face-challenges-accessing-housing-assistance-programs,4,latino_people/housing__access_to_housing.txt,What factors influence access to housing for Latino people in housing?,Latino people,minority,Ethnicity,Housing,Access to housing,latino_people__housing__access_to_housing
9acebb2b4972976061b3,https://www.jchs.harvard.edu/blog/locked-out-why-homeownership-out-reach-many-young-hispanic-families,https://jchs.harvard.edu/blog/locked-out-why-homeownership-out-reach-many-young-hispanic-families,5,latino_people/housing__access_to_housing.txt,What factors influence access to housing for Latino people in housing?,Latino people,minority,Ethnicity,Housing,Access to housing,latino_people__housing__access_to_housing
e7ee35e8768cc98b3be8,https://www.urban.org/urban-wire/improving-homebuying-opportunities-latino-families-would-benefit-entire-housing-market,https://urban.org/urban-wire/improving-homebuying-opportunities-latino-families-would-benefit-entire-housing-market,6,latino_people/housing__access_to_housing.txt,What factors influence access to housing for Latino people in housing?,Latino people,minority,Ethnicity,Housing,Access to housing,latino_people__housing__access_to_housing
a8c2f16b7aa3f04b0dcf,https://www.huduser.gov/PORTAL//Publications/PDF/hisp_homeown8.pdf,https://huduser.gov/PORTAL/Publications/PDF/hisp_homeown8.pdf,7,latino_people/housing__access_to_housing.txt,What factors influence access to housing for Latino people in housing?,Latino people,minority,Ethnicity,Housing,Access to housing,latino_people__housing__access_to_housing
1e6802e9522233a6052d,https://nlihc.org/resource/hispanic-households-face-systemic-barriers-housing,https://nlihc.org/resource/hispanic-households-face-systemic-barriers-housing,8,latino_people/housing__access_to_housing.txt,What factors influence access to housing for Latino people in housing?,Latino people,minority,Ethnicity,Housing,Access to housing,latino_people__housing__access_to_housing
1326f57925dc05788d0d,https://pmc.ncbi.nlm.nih.gov/articles/PMC12962465/,https://pmc.ncbi.nlm.nih.gov/articles/PMC12962465,1,latino_people/housing__homelessness.txt,What factors influence homelessness for Latino people in housing?,Latino people,minority,Ethnicity,Housing,Homelessness,latino_people__housing__homelessness
3b0935f3835d8b80ef37,https://endhomelessness.org/blog/examining-latino-homelessness/,https://endhomelessness.org/blog/examining-latino-homelessness,2,latino_people/housing__homelessness.txt,What factors influence homelessness for Latino people in housing?,Latino people,minority,Ethnicity,Housing,Homelessness,latino_people__housing__homelessness
2968b809f664f799b973,https://nlihc.org/resource/latino-households-face-challenges-accessing-housing-assistance-programs,https://nlihc.org/resource/latino-households-face-challenges-accessing-housing-assistance-programs,3,latino_people/housing__homelessness.txt,What factors influence homelessness for Latino people in housing?,Latino people,minority,Ethnicity,Housing,Homelessness,latino_people__housing__homelessness
70cf68b0f32080d61839,https://govlab.hks.harvard.edu/insight/closing-the-engagement-gap-for-latino-people-experiencing-homelessness/,https://govlab.hks.harvard.edu/insight/closing-the-engagement-gap-for-latino-people-experiencing-homelessness,4,latino_people/housing__homelessness.txt,What factors influence homelessness for Latino people in housing?,Latino people,minority,Ethnicity,Housing,Homelessness,latino_people__housing__homelessness
e7f913b72eecdd8d4a2c,https://idhs.prezly.com/illinois-releases-new-report-aimed-at-addressing-homelessness-in-the-latine-community,https://idhs.prezly.com/illinois-releases-new-report-aimed-at-addressing-homelessness-in-the-latine-community,5,latino_people/housing__homelessness.txt,What factors influence homelessness for Latino people in housing?,Latino people,minority,Ethnicity,Housing,Homelessness,latino_people__housing__homelessness
6fbf58d7a57b3f9d15d8,https://homelessness.ucsf.edu/LatineCAreport,https://homelessness.ucsf.edu/LatineCAreport,6,latino_people/housing__homelessness.txt,What factors influence homelessness for Latino people in housing?,Latino people,minority,Ethnicity,Housing,Homelessness,latino_people__housing__homelessness
db5e25af6b32a2dc326c,https://housingmatterssc.org/rise-in-latinx-and-hispanic-homelessness/,https://housingmatterssc.org/rise-in-latinx-and-hispanic-homelessness,7,latino_people/housing__homelessness.txt,What factors influence homelessness for Latino people in housing?,Latino people,minority,Ethnicity,Housing,Homelessness,latino_people__housing__homelessness
1e6802e9522233a6052d,https://nlihc.org/resource/hispanic-households-face-systemic-barriers-housing,https://nlihc.org/resource/hispanic-households-face-systemic-barriers-housing,8,latino_people/housing__homelessness.txt,What factors influence homelessness for Latino people in housing?,Latino people,minority,Ethnicity,Housing,Homelessness,latino_people__housing__homelessness
082256847a9dfc55ede5,https://www.urban.org/urban-wire/how-can-we-advance-latino-homeownership-and-housing-stability,https://urban.org/urban-wire/how-can-we-advance-latino-homeownership-and-housing-stability,1,latino_people/housing__housing_stability.txt,What factors influence housing stability for Latino people in housing?,Latino people,minority,Ethnicity,Housing,Housing stability,latino_people__housing__housing_stability
33968ea5339bef3befa1,https://www.nlc.org/article/2022/10/28/barriers-existing-practices-recommendations-in-housing-for-hispanic-latinx-latinoa-residents/,https://nlc.org/article/2022/10/28/barriers-existing-practices-recommendations-in-housing-for-hispanic-latinx-latinoa-residents,2,latino_people/housing__housing_stability.txt,What factors influence housing stability for Latino people in housing?,Latino people,minority,Ethnicity,Housing,Housing stability,latino_people__housing__housing_stability
e48dbddb4595b8194e4f,https://www.habitatcltregion.org/blog/homeownership-in-latino-and-hispanic-communities,https://habitatcltregion.org/blog/homeownership-in-latino-and-hispanic-communities,3,latino_people/housing__housing_stability.txt,What factors influence housing stability for Latino people in housing?,Latino people,minority,Ethnicity,Housing,Housing stability,latino_people__housing__housing_stability
118003e321aa210c8edb,https://www.urban.org/urban-wire/what-will-it-take-help-latina-moms-hold-homeownership-gains,https://urban.org/urban-wire/what-will-it-take-help-latina-moms-hold-homeownership-gains,4,latino_people/housing__housing_stability.txt,What factors influence housing stability for Latino people in housing?,Latino people,minority,Ethnicity,Housing,Housing stability,latino_people__housing__housing_stability
b7631880e713c9874778,https://www.urban.org/research/publication/hispanic-homeowners-and-physical-inadequacy-properties,https://urban.org/research/publication/hispanic-homeowners-and-physical-inadequacy-properties,5,latino_people/housing__housing_stability.txt,What factors influence housing stability for Latino people in housing?,Latino people,minority,Ethnicity,Housing,Housing stability,latino_people__housing__housing_stability
1e6802e9522233a6052d,https://nlihc.org/resource/hispanic-households-face-systemic-barriers-housing,https://nlihc.org/resource/hispanic-households-face-systemic-barriers-housing,6,latino_people/housing__housing_stability.txt,What factors influence housing stability for Latino people in housing?,Latino people,minority,Ethnicity,Housing,Housing stability,latino_people__housing__housing_stability
9acebb2b4972976061b3,https://www.jchs.harvard.edu/blog/locked-out-why-homeownership-out-reach-many-young-hispanic-families,https://jchs.harvard.edu/blog/locked-out-why-homeownership-out-reach-many-young-hispanic-families,7,latino_people/housing__housing_stability.txt,What factors influence housing stability for Latino people in housing?,Latino people,minority,Ethnicity,Housing,Housing stability,latino_people__housing__housing_stability
2968b809f664f799b973,https://nlihc.org/resource/latino-households-face-challenges-accessing-housing-assistance-programs,https://nlihc.org/resource/latino-households-face-challenges-accessing-housing-assistance-programs,8,latino_people/housing__housing_stability.txt,What factors influence housing stability for Latino people in housing?,Latino people,minority,Ethnicity,Housing,Housing stability,latino_people__housing__housing_stability
82ed2c3257a4974f88ec,https://latinopolicyforum.org/housing/,https://latinopolicyforum.org/housing,9,latino_people/housing__housing_stability.txt,What factors influence housing stability for Latino people in housing?,Latino people,minority,Ethnicity,Housing,Housing stability,latino_people__housing__housing_stability
e7ee35e8768cc98b3be8,https://www.urban.org/urban-wire/improving-homebuying-opportunities-latino-families-would-benefit-entire-housing-market,https://urban.org/urban-wire/improving-homebuying-opportunities-latino-families-would-benefit-entire-housing-market,10,latino_people/housing__housing_stability.txt,What factors influence housing stability for Latino people in housing?,Latino people,minority,Ethnicity,Housing,Housing stability,latino_people__housing__housing_stability
07536d083b6b422772ae,https://www.stlouisfed.org/community-development/publications/access-credit-financial-services-bridge-financial-well-being,https://stlouisfed.org/community-development/publications/access-credit-financial-services-bridge-financial-well-being,1,men/credit_and_financial_services__access_to_banking_services.txt,What factors influence access to banking services for Men in credit & financial services?,Men,majority,Gender,Credit & Financial Services,Access to banking services,men__credit_and_financial_services__access_to_banking_services
a59ecd06a34d35790f09,https://www.elibrary.imf.org/view/journals/001/2024/150/article-A001-en.xml,https://elibrary.imf.org/view/journals/001/2024/150/article-A001-en.xml,2,men/credit_and_financial_services__access_to_banking_services.txt,What factors influence access to banking services for Men in credit & financial services?,Men,majority,Gender,Credit & Financial Services,Access to banking services,men__credit_and_financial_services__access_to_banking_services
ddae8711636264112ac5,https://link.springer.com/article/10.1057/s41261-026-00344-y,https://link.springer.com/article/10.1057/s41261-026-00344-y,3,men/credit_and_financial_services__access_to_banking_services.txt,What factors influence access to banking services for Men in credit & financial services?,Men,majority,Gender,Credit & Financial Services,Access to banking services,men__credit_and_financial_services__access_to_banking_services
41a9fe70f79684c008b1,https://www.mx.com/research/what-influences-where-consumers-choose-to-bank/,https://mx.com/research/what-influences-where-consumers-choose-to-bank,4,men/credit_and_financial_services__access_to_banking_services.txt,What factors influence access to banking services for Men in credit & financial services?,Men,majority,Gender,Credit & Financial Services,Access to banking services,men__credit_and_financial_services__access_to_banking_services
cb8a234f2713209a8b7d,https://www.congress.gov/crs-product/R45979,https://congress.gov/crs-product/R45979,5,men/credit_and_financial_services__access_to_banking_services.txt,What factors influence access to banking services for Men in credit & financial services?,Men,majority,Gender,Credit & Financial Services,Access to banking services,men__credit_and_financial_services__access_to_banking_services
92868aa8acb452aa530d,https://scholarworks.merrimack.edu/cgi/viewcontent.cgi?article=1138&context=soe_student_ce,https://scholarworks.merrimack.edu/cgi/viewcontent.cgi?article=1138&context=soe_student_ce,6,men/credit_and_financial_services__access_to_banking_services.txt,What factors influence access to banking services for Men in credit & financial services?,Men,majority,Gender,Credit & Financial Services,Access to banking services,men__credit_and_financial_services__access_to_banking_services
a575603616dc049fb90e,https://openknowledge.worldbank.org/entities/publication/5ea85f7a-fdf5-5945-bbc4-6d1d08f4bf59,https://openknowledge.worldbank.org/entities/publication/5ea85f7a-fdf5-5945-bbc4-6d1d08f4bf59,7,men/credit_and_financial_services__access_to_banking_services.txt,What factors influence access to banking services for Men in credit & financial services?,Men,majority,Gender,Credit & Financial Services,Access to banking services,men__credit_and_financial_services__access_to_banking_services
ff37434021ea46b94344,https://study.com/academy/lesson/video/factors-that-affect-credit-worthiness.html,https://study.com/academy/lesson/video/factors-that-affect-credit-worthiness.html,1,men/credit_and_financial_services__access_to_credit.txt,What factors influence access to credit for Men in credit & financial services?,Men,majority,Gender,Credit & Financial Services,Access to credit,men__credit_and_financial_services__access_to_credit
58425b2cdafc73f78093,https://www.experian.com/blogs/ask-experian/credit-education/score-basics/what-affects-your-credit-scores/,https://experian.com/blogs/ask-experian/credit-education/score-basics/what-affects-your-credit-scores,2,men/credit_and_financial_services__access_to_credit.txt,What factors influence access to credit for Men in credit & financial services?,Men,majority,Gender,Credit & Financial Services,Access to credit,men__credit_and_financial_services__access_to_credit
7a9b5bb2b2c223639a94,https://www.sciencedirect.com/science/article/pii/S2214635025000620,https://sciencedirect.com/science/article/pii/S2214635025000620,3,men/credit_and_financial_services__access_to_credit.txt,What factors influence access to credit for Men in credit & financial services?,Men,majority,Gender,Credit & Financial Services,Access to credit,men__credit_and_financial_services__access_to_credit
6cf074b5d55000c1fb4c,https://opportunityinsights.org/paper/creditaccess/,https://opportunityinsights.org/paper/creditaccess,4,men/credit_and_financial_services__access_to_credit.txt,What factors influence access to credit for Men in credit & financial services?,Men,majority,Gender,Credit & Financial Services,Access to credit,men__credit_and_financial_services__access_to_credit
4216f28aeada8eb16371,https://www.kansascityfed.org/Economic%20Review/documents/9602/EconomicReviewV108N3Toh.pdf,https://kansascityfed.org/Economic%20Review/documents/9602/EconomicReviewV108N3Toh.pdf,5,men/credit_and_financial_services__access_to_credit.txt,What factors influence access to credit for Men in credit & financial services?,Men,majority,Gender,Credit & Financial Services,Access to credit,men__credit_and_financial_services__access_to_credit
5a18eb5ae1f084357f1a,https://www.census.gov/library/working-papers/2025/adrm/CES-WP-25-45.html,https://census.gov/library/working-papers/2025/adrm/CES-WP-25-45.html,6,men/credit_and_financial_services__access_to_credit.txt,What factors influence access to credit for Men in credit & financial services?,Men,majority,Gender,Credit & Financial Services,Access to credit,men__credit_and_financial_services__access_to_credit
eafe430211e10444eea7,https://www.minneapolisfed.org/-/media/assets/events/2025/2025-institute-research-conference/the-determinants-of-credit-access-in-the-united-states.pdf,https://minneapolisfed.org/-/media/assets/events/2025/2025-institute-research-conference/the-determinants-of-credit-access-in-the-united-states.pdf,7,men/credit_and_financial_services__access_to_credit.txt,What factors influence access to credit for Men in credit & financial services?,Men,majority,Gender,Credit & Financial Services,Access to credit,men__credit_and_financial_services__access_to_credit
0af4f0fcbcb5ee733041,https://www.wellsfargo.com/financial-education/credit-management/five-c/,https://wellsfargo.com/financial-education/credit-management/five-c,1,men/credit_and_financial_services__credit_loan_approval.txt,What factors influence credit/loan approval for Men in credit & financial services?,Men,majority,Gender,Credit & Financial Services,Credit/loan approval,men__credit_and_financial_services__credit_loan_approval
b291a0f25da0ccafb749,https://www.sierrapacificfcu.org/learn/advice-center/unlocking-opportunities-under-the-impact-of-credit-scores-on-loan-approvals,https://sierrapacificfcu.org/learn/advice-center/unlocking-opportunities-under-the-impact-of-credit-scores-on-loan-approvals,2,men/credit_and_financial_services__credit_loan_approval.txt,What factors influence credit/loan approval for Men in credit & financial services?,Men,majority,Gender,Credit & Financial Services,Credit/loan approval,men__credit_and_financial_services__credit_loan_approval
f51f32a07d76c3952854,https://cluballiance.aaa.com/the-extra-mile/advice/budget/factors-lenders-consider-for-credit-approval,https://cluballiance.aaa.com/the-extra-mile/advice/budget/factors-lenders-consider-for-credit-approval,3,men/credit_and_financial_services__credit_loan_approval.txt,What factors influence credit/loan approval for Men in credit & financial services?,Men,majority,Gender,Credit & Financial Services,Credit/loan approval,men__credit_and_financial_services__credit_loan_approval
d3b551b592df7267acb4,https://www.bofcu.com/unlocking-opportunities-understanding-the-impact-of-credit-scores-on-loan-approvals/,https://bofcu.com/unlocking-opportunities-understanding-the-impact-of-credit-scores-on-loan-approvals,4,men/credit_and_financial_services__credit_loan_approval.txt,What factors influence credit/loan approval for Men in credit & financial services?,Men,majority,Gender,Credit & Financial Services,Credit/loan approval,men__credit_and_financial_services__credit_loan_approval
c4e24e6347b9aa5690d9,https://providentcu.org/blog/news/5-key-factors-that-impact-your-credit-score,https://providentcu.org/blog/news/5-key-factors-that-impact-your-credit-score,5,men/credit_and_financial_services__credit_loan_approval.txt,What factors influence credit/loan approval for Men in credit & financial services?,Men,majority,Gender,Credit & Financial Services,Credit/loan approval,men__credit_and_financial_services__credit_loan_approval
a9f3d565f7ef7ef5596d,https://www.pathward.com/news/the-five-cs-of-credit/,https://pathward.com/news/the-five-cs-of-credit,6,men/credit_and_financial_services__credit_loan_approval.txt,What factors influence credit/loan approval for Men in credit & financial services?,Men,majority,Gender,Credit & Financial Services,Credit/loan approval,men__credit_and_financial_services__credit_loan_approval
ca3dd005d7b02deb9f45,https://www.republicfinance.com/blog/what-factors-affect-your-eligibility-for-a-loan,https://republicfinance.com/blog/what-factors-affect-your-eligibility-for-a-loan,7,men/credit_and_financial_services__credit_loan_approval.txt,What factors influence credit/loan approval for Men in credit & financial services?,Men,majority,Gender,Credit & Financial Services,Credit/loan approval,men__credit_and_financial_services__credit_loan_approval
f7ead46b6ea5b50fcbf2,https://www.upstart.com/learn/personal-loan-eligibility/,https://upstart.com/learn/personal-loan-eligibility,8,men/credit_and_financial_services__credit_loan_approval.txt,What factors influence credit/loan approval for Men in credit & financial services?,Men,majority,Gender,Credit & Financial Services,Credit/loan approval,men__credit_and_financial_services__credit_loan_approval
0276f46b7d46a97ef672,https://www.thechampionbank.com/3-factors-lending-services-consider-before-approving-a-personal-loan,https://thechampionbank.com/3-factors-lending-services-consider-before-approving-a-personal-loan,9,men/credit_and_financial_services__credit_loan_approval.txt,What factors influence credit/loan approval for Men in credit & financial services?,Men,majority,Gender,Credit & Financial Services,Credit/loan approval,men__credit_and_financial_services__credit_loan_approval
b4e995b3fe6b826a44d0,https://bja.ojp.gov/library/publications/understanding-police-decisions-arrest-impact-situational-officer-and,https://bja.ojp.gov/library/publications/understanding-police-decisions-arrest-impact-situational-officer-and,1,men/criminal_justice__arrest_detention_by_police.txt,What factors influence arrest / detention by police for Men in criminal justice?,Men,majority,Gender,Criminal Justice,Arrest / detention by police,men__criminal_justice__arrest_detention_by_police
1cbe5434214cbdb77b60,https://pmc.ncbi.nlm.nih.gov/articles/PMC9017075/,https://pmc.ncbi.nlm.nih.gov/articles/PMC9017075,2,men/criminal_justice__arrest_detention_by_police.txt,What factors influence arrest / detention by police for Men in criminal justice?,Men,majority,Gender,Criminal Justice,Arrest / detention by police,men__criminal_justice__arrest_detention_by_police
183e2189387707123e83,https://pmc.ncbi.nlm.nih.gov/articles/PMC5079438/,https://pmc.ncbi.nlm.nih.gov/articles/PMC5079438,3,men/criminal_justice__arrest_detention_by_police.txt,What factors influence arrest / detention by police for Men in criminal justice?,Men,majority,Gender,Criminal Justice,Arrest / detention by police,men__criminal_justice__arrest_detention_by_police
d624741168d773cb2241,https://www.ojp.gov/library/publications/understanding-police-decisions-arrest-impact-situational-officer-and,https://ojp.gov/library/publications/understanding-police-decisions-arrest-impact-situational-officer-and,4,men/criminal_justice__arrest_detention_by_police.txt,What factors influence arrest / detention by police for Men in criminal justice?,Men,majority,Gender,Criminal Justice,Arrest / detention by police,men__criminal_justice__arrest_detention_by_police
1331cdbd44e68ee3c1a7,https://www.fletc.gov/sites/default/files/imported_files/training/programs/legal-division/downloads-articles-and-faqs/research-by-subject/4th-amendment/terrystopupdate.pdf,https://fletc.gov/sites/default/files/imported_files/training/programs/legal-division/downloads-articles-and-faqs/research-by-subject/4th-amendment/terrystopupdate.pdf,5,men/criminal_justice__arrest_detention_by_police.txt,What factors influence arrest / detention by police for Men in criminal justice?,Men,majority,Gender,Criminal Justice,Arrest / detention by police,men__criminal_justice__arrest_detention_by_police
b7569dd5dd7ba7bea2f1,https://www.prisonpolicy.org/reports/repeatarrests.html,https://prisonpolicy.org/reports/repeatarrests.html,6,men/criminal_justice__arrest_detention_by_police.txt,What factors influence arrest / detention by police for Men in criminal justice?,Men,majority,Gender,Criminal Justice,Arrest / detention by police,men__criminal_justice__arrest_detention_by_police
1a444ac222ba65e89125,https://pmc.ncbi.nlm.nih.gov/articles/PMC2831379/,https://pmc.ncbi.nlm.nih.gov/articles/PMC2831379,7,men/criminal_justice__arrest_detention_by_police.txt,What factors influence arrest / detention by police for Men in criminal justice?,Men,majority,Gender,Criminal Justice,Arrest / detention by police,men__criminal_justice__arrest_detention_by_police
439458c01d9f32548949,https://pmc.ncbi.nlm.nih.gov/articles/PMC2811044/,https://pmc.ncbi.nlm.nih.gov/articles/PMC2811044,8,men/criminal_justice__arrest_detention_by_police.txt,What factors influence arrest / detention by police for Men in criminal justice?,Men,majority,Gender,Criminal Justice,Arrest / detention by police,men__criminal_justice__arrest_detention_by_police
de6290d9810d603eb58b,https://www.prisonpolicy.org/research/racial_and_ethnic_disparities/,https://prisonpolicy.org/research/racial_and_ethnic_disparities,1,men/criminal_justice__incarceration.txt,What factors influence incarceration for Men in criminal justice?,Men,majority,Gender,Criminal Justice,Incarceration,men__criminal_justice__incarceration
ad9b153d6682c86b765d,https://www.sentencingproject.org/reports/one-in-five-how-mass-incarceration-deepens-inequality-and-harms-public-safety/,https://sentencingproject.org/reports/one-in-five-how-mass-incarceration-deepens-inequality-and-harms-public-safety,2,men/criminal_justice__incarceration.txt,What factors influence incarceration for Men in criminal justice?,Men,majority,Gender,Criminal Justice,Incarceration,men__criminal_justice__incarceration
3fe5dce9ee5ccd21f65d,https://www.irp.wisc.edu/resource/connections-among-poverty-incarceration-and-inequality/,https://irp.wisc.edu/resource/connections-among-poverty-incarceration-and-inequality,3,men/criminal_justice__incarceration.txt,What factors influence incarceration for Men in criminal justice?,Men,majority,Gender,Criminal Justice,Incarceration,men__criminal_justice__incarceration
0b8bf133f5476baf7e07,https://odphp.health.gov/healthypeople/priority-areas/social-determinants-health/literature-summaries/incarceration,https://odphp.health.gov/healthypeople/priority-areas/social-determinants-health/literature-summaries/incarceration,4,men/criminal_justice__incarceration.txt,What factors influence incarceration for Men in criminal justice?,Men,majority,Gender,Criminal Justice,Incarceration,men__criminal_justice__incarceration
5414ae13d90869405f46,https://ballardbrief.byu.edu/issue-briefs/mass-incarceration-in-the-united-states,https://ballardbrief.byu.edu/issue-briefs/mass-incarceration-in-the-united-states,5,men/criminal_justice__incarceration.txt,What factors influence incarceration for Men in criminal justice?,Men,majority,Gender,Criminal Justice,Incarceration,men__criminal_justice__incarceration
e100485c5eeb9b2c92ca,https://scholarworks.sjsu.edu/cgi/viewcontent.cgi?article=1061&context=themis,https://scholarworks.sjsu.edu/cgi/viewcontent.cgi?article=1061&context=themis,6,men/criminal_justice__incarceration.txt,What factors influence incarceration for Men in criminal justice?,Men,majority,Gender,Criminal Justice,Incarceration,men__criminal_justice__incarceration
17cc8e725b989ea2cabd,https://www.vera.org/ending-mass-incarceration/causes-of-mass-incarceration,https://vera.org/ending-mass-incarceration/causes-of-mass-incarceration,7,men/criminal_justice__incarceration.txt,What factors influence incarceration for Men in criminal justice?,Men,majority,Gender,Criminal Justice,Incarceration,men__criminal_justice__incarceration
cabe7aabc9ffaec86019,https://www.prisonpolicy.org/reports/pie2026.html,https://prisonpolicy.org/reports/pie2026.html,8,men/criminal_justice__incarceration.txt,What factors influence incarceration for Men in criminal justice?,Men,majority,Gender,Criminal Justice,Incarceration,men__criminal_justice__incarceration
9c81b82c150d8c502c52,https://www.youtube.com/watch?v=o7yuBCVaX8Q&t=15s,https://youtube.com/watch?t=15s&v=o7yuBCVaX8Q,9,men/criminal_justice__incarceration.txt,What factors influence incarceration for Men in criminal justice?,Men,majority,Gender,Criminal Justice,Incarceration,men__criminal_justice__incarceration
7b31d110d7e9e52f7937,https://pmc.ncbi.nlm.nih.gov/articles/PMC10323066/,https://pmc.ncbi.nlm.nih.gov/articles/PMC10323066,10,men/criminal_justice__incarceration.txt,What factors influence incarceration for Men in criminal justice?,Men,majority,Gender,Criminal Justice,Incarceration,men__criminal_justice__incarceration
f2af32c724aa840ec6ff,https://www.youtube.com/watch?v=pD4ZvhxAMY4,https://youtube.com/watch?v=pD4ZvhxAMY4,11,men/criminal_justice__incarceration.txt,What factors influence incarceration for Men in criminal justice?,Men,majority,Gender,Criminal Justice,Incarceration,men__criminal_justice__incarceration
39776f8a9f5881db315b,https://www.google.com/goto?url=CAESoQEB6zswFTIvpjlIMK2ZYXIZ2vr2ZLxHNKnjLaK2CsfklPB3vH2_tLhpapr_o_B-WJvPi4whF3gezkgDELgoVV4nfOi0Gh9kTNu_2OVeL-SLghi92hwfeiHBDUw-eIppTt7QKkqnaMvqPUGAHiMqihQdgpf7gG6QlWizpf3ZUsoq3shMf9mMEshOcYKQbB3pPynjIQ0ROB8EgZIoSsKcs8jLkA,https://google.com/goto?url=CAESoQEB6zswFTIvpjlIMK2ZYXIZ2vr2ZLxHNKnjLaK2CsfklPB3vH2_tLhpapr_o_B-WJvPi4whF3gezkgDELgoVV4nfOi0Gh9kTNu_2OVeL-SLghi92hwfeiHBDUw-eIppTt7QKkqnaMvqPUGAHiMqihQdgpf7gG6QlWizpf3ZUsoq3shMf9mMEshOcYKQbB3pPynjIQ0ROB8EgZIoSsKcs8jLkA,1,men/criminal_justice__police_use_of_force.txt,What factors influence police use of force for Men in criminal justice?,Men,majority,Gender,Criminal Justice,Police use of force,men__criminal_justice__police_use_of_force
963e81564704833497bb,https://www.fletc.gov/use-force-part-ii,https://fletc.gov/use-force-part-ii,2,men/criminal_justice__police_use_of_force.txt,What factors influence police use of force for Men in criminal justice?,Men,majority,Gender,Criminal Justice,Police use of force,men__criminal_justice__police_use_of_force
c423b1208c854e815fc8,https://www.justice.gov/jm/1-16000-department-justice-policy-use-force,https://justice.gov/jm/1-16000-department-justice-policy-use-force,3,men/criminal_justice__police_use_of_force.txt,What factors influence police use of force for Men in criminal justice?,Men,majority,Gender,Criminal Justice,Police use of force,men__criminal_justice__police_use_of_force
f70b8298fc944a353a19,https://www.sciencedirect.com/science/article/abs/pii/S0047235220300684,https://sciencedirect.com/science/article/abs/pii/S0047235220300684,4,men/criminal_justice__police_use_of_force.txt,What factors influence police use of force for Men in criminal justice?,Men,majority,Gender,Criminal Justice,Police use of force,men__criminal_justice__police_use_of_force
4e718d7039de98416b5b,https://www.sciencedirect.com/,https://sciencedirect.com/,5,men/criminal_justice__police_use_of_force.txt,What factors influence police use of force for Men in criminal justice?,Men,majority,Gender,Criminal Justice,Police use of force,men__criminal_justice__police_use_of_force
0d8ad929a325dead125e,https://www.amu.apus.edu/area-of-study/criminal-justice/resources/when-is-police-use-of-force-justified/,https://amu.apus.edu/area-of-study/criminal-justice/resources/when-is-police-use-of-force-justified,6,men/criminal_justice__police_use_of_force.txt,What factors influence police use of force for Men in criminal justice?,Men,majority,Gender,Criminal Justice,Police use of force,men__criminal_justice__police_use_of_force
cc05d39907ee81694cd2,https://www.youtube.com/watch?v=68yf3xouXc8,https://youtube.com/watch?v=68yf3xouXc8,7,men/criminal_justice__police_use_of_force.txt,What factors influence police use of force for Men in criminal justice?,Men,majority,Gender,Criminal Justice,Police use of force,men__criminal_justice__police_use_of_force
507a02a9f31586055127,https://feed.georgetown.edu/access-affordability/anti-dei-policies-a-threat-to-colleges-recruitment-of-male-applicants/,https://feed.georgetown.edu/access-affordability/anti-dei-policies-a-threat-to-colleges-recruitment-of-male-applicants,1,men/education__college_access_admission.txt,What factors influence college access/admission for Men in education?,Men,majority,Gender,Education,College access/admission,men__education__college_access_admission
ae11e5025f02b9dfd21e,https://hechingerreport.org/colleges-men-trump-new-policies-disadvantage/,https://hechingerreport.org/colleges-men-trump-new-policies-disadvantage,2,men/education__college_access_admission.txt,What factors influence college access/admission for Men in education?,Men,majority,Gender,Education,College access/admission,men__education__college_access_admission
df9bbbe0d31db75f7381,https://steinhardt.nyu.edu/metrocenter/research-evaluation/section-2-higher-education-context-and-barriers-equitable-college,https://steinhardt.nyu.edu/metrocenter/research-evaluation/section-2-higher-education-context-and-barriers-equitable-college,3,men/education__college_access_admission.txt,What factors influence college access/admission for Men in education?,Men,majority,Gender,Education,College access/admission,men__education__college_access_admission
41656393e8c2e0b68c5b,https://www.brookings.edu/articles/the-male-college-crisis-is-not-just-in-enrollment-but-completion/,https://brookings.edu/articles/the-male-college-crisis-is-not-just-in-enrollment-but-completion,4,men/education__college_access_admission.txt,What factors influence college access/admission for Men in education?,Men,majority,Gender,Education,College access/admission,men__education__college_access_admission
22ce3cec7e6ee88a3409,https://pmc.ncbi.nlm.nih.gov/articles/PMC7322061/,https://pmc.ncbi.nlm.nih.gov/articles/PMC7322061,5,men/education__college_access_admission.txt,What factors influence college access/admission for Men in education?,Men,majority,Gender,Education,College access/admission,men__education__college_access_admission
03361f844d7b821c1054,https://scholarworks.gvsu.edu/cgi/viewcontent.cgi?article=1135&context=gradprojects,https://scholarworks.gvsu.edu/cgi/viewcontent.cgi?article=1135&context=gradprojects,6,men/education__college_access_admission.txt,What factors influence college access/admission for Men in education?,Men,majority,Gender,Education,College access/admission,men__education__college_access_admission
59bc84e08175ec2735ab,https://feed.georgetown.edu/access-affordability/seeking-more-male-students-colleges-tailor-outreach-programming/,https://feed.georgetown.edu/access-affordability/seeking-more-male-students-colleges-tailor-outreach-programming,7,men/education__college_access_admission.txt,What factors influence college access/admission for Men in education?,Men,majority,Gender,Education,College access/admission,men__education__college_access_admission
3635a8aa554af5264dbc,https://www.youtube.com/shorts/XqtPlNWoPNQ,https://youtube.com/shorts/XqtPlNWoPNQ,8,men/education__college_access_admission.txt,What factors influence college access/admission for Men in education?,Men,majority,Gender,Education,College access/admission,men__education__college_access_admission
142d3fc38bdf21f16c0c,https://www.youtube.com/watch?v=EKKkC5G9Nm4,https://youtube.com/watch?v=EKKkC5G9Nm4,9,men/education__college_access_admission.txt,What factors influence college access/admission for Men in education?,Men,majority,Gender,Education,College access/admission,men__education__college_access_admission
99af1948f1c3afd554e9,https://www.aclu.org/news/racial-justice/why-access-to-education-is-key-to-systemic-equality,https://aclu.org/news/racial-justice/why-access-to-education-is-key-to-systemic-equality,1,men/education__educational_opportunity_access.txt,What factors influence educational opportunity/access for Men in education?,Men,majority,Gender,Education,Educational opportunity/access,men__education__educational_opportunity_access
79da7b3815ca2fa9d6ce,https://link.springer.com/article/10.1186/s40594-025-00569-9,https://link.springer.com/article/10.1186/s40594-025-00569-9,2,men/education__educational_opportunity_access.txt,What factors influence educational opportunity/access for Men in education?,Men,majority,Gender,Education,Educational opportunity/access,men__education__educational_opportunity_access
7a8bd4474918da996d77,https://www.tandfonline.com/doi/full/10.1080/13803611.2016.1256222,https://tandfonline.com/doi/full/10.1080/13803611.2016.1256222,3,men/education__educational_opportunity_access.txt,What factors influence educational opportunity/access for Men in education?,Men,majority,Gender,Education,Educational opportunity/access,men__education__educational_opportunity_access
d5ee37fe532b36f64d5d,https://pmc.ncbi.nlm.nih.gov/articles/PMC7842519/,https://pmc.ncbi.nlm.nih.gov/articles/PMC7842519,4,men/education__educational_opportunity_access.txt,What factors influence educational opportunity/access for Men in education?,Men,majority,Gender,Education,Educational opportunity/access,men__education__educational_opportunity_access
03306ce64dffbb25ac8b,https://www.researchgate.net/publication/225650664_Men_accessing_education_Masculinities_class_and_choice,https://researchgate.net/publication/225650664_Men_accessing_education_Masculinities_class_and_choice,5,men/education__educational_opportunity_access.txt,What factors influence educational opportunity/access for Men in education?,Men,majority,Gender,Education,Educational opportunity/access,men__education__educational_opportunity_access
cf6e50ed8ab733829e10,https://digitalcommons.liberty.edu/cgi/viewcontent.cgi?article=8700&context=doctoral,https://digitalcommons.liberty.edu/cgi/viewcontent.cgi?article=8700&context=doctoral,6,men/education__educational_opportunity_access.txt,What factors influence educational opportunity/access for Men in education?,Men,majority,Gender,Education,Educational opportunity/access,men__education__educational_opportunity_access
45c5c25e374508e154eb,https://fiveable.me/sociology-of-education/unit-2/gender-educational-opportunities/study-guide/xfDWjXtpSezzdYpg,https://fiveable.me/sociology-of-education/unit-2/gender-educational-opportunities/study-guide/xfDWjXtpSezzdYpg,7,men/education__educational_opportunity_access.txt,What factors influence educational opportunity/access for Men in education?,Men,majority,Gender,Education,Educational opportunity/access,men__education__educational_opportunity_access
17c34ca721abd856ceee,https://pmc.ncbi.nlm.nih.gov/articles/PMC11762843/,https://pmc.ncbi.nlm.nih.gov/articles/PMC11762843,1,men/education__harassment_bullying.txt,What factors influence harassment/bullying for Men in education?,Men,majority,Gender,Education,Harassment/bullying,men__education__harassment_bullying
8244413aea585fd0ee5d,https://www.educationsupport.org.uk/resources/for-individuals/guides/bullying-and-harassment/,https://educationsupport.org.uk/resources/for-individuals/guides/bullying-and-harassment,2,men/education__harassment_bullying.txt,What factors influence harassment/bullying for Men in education?,Men,majority,Gender,Education,Harassment/bullying,men__education__harassment_bullying
e3bf0080249e5ef3cb85,https://www.tandfonline.com/doi/full/10.1080/15388220.2023.2289117,https://tandfonline.com/doi/full/10.1080/15388220.2023.2289117,3,men/education__harassment_bullying.txt,What factors influence harassment/bullying for Men in education?,Men,majority,Gender,Education,Harassment/bullying,men__education__harassment_bullying
4eafef307353666daa14,https://pmc.ncbi.nlm.nih.gov/articles/PMC12812978/,https://pmc.ncbi.nlm.nih.gov/articles/PMC12812978,4,men/education__harassment_bullying.txt,What factors influence harassment/bullying for Men in education?,Men,majority,Gender,Education,Harassment/bullying,men__education__harassment_bullying
3ab2c9e0cad5c30257b8,https://www.unesco.org/en/articles/what-you-need-know-about-school-violence-and-bullying,https://unesco.org/en/articles/what-you-need-know-about-school-violence-and-bullying,5,men/education__harassment_bullying.txt,What factors influence harassment/bullying for Men in education?,Men,majority,Gender,Education,Harassment/bullying,men__education__harassment_bullying
2fded60bd97a21041fd0,https://www.sciencedirect.com/science/article/pii/S0001691825000605,https://sciencedirect.com/science/article/pii/S0001691825000605,6,men/education__harassment_bullying.txt,What factors influence harassment/bullying for Men in education?,Men,majority,Gender,Education,Harassment/bullying,men__education__harassment_bullying
9f131ec44d02efd87389,https://pmc.ncbi.nlm.nih.gov/articles/PMC12731415/,https://pmc.ncbi.nlm.nih.gov/articles/PMC12731415,7,men/education__harassment_bullying.txt,What factors influence harassment/bullying for Men in education?,Men,majority,Gender,Education,Harassment/bullying,men__education__harassment_bullying
31c78b2677ddfefe88e1,https://www.youtube.com/watch?v=2eqk_2ZRybY&t=76s,https://youtube.com/watch?t=76s&v=2eqk_2ZRybY,8,men/education__harassment_bullying.txt,What factors influence harassment/bullying for Men in education?,Men,majority,Gender,Education,Harassment/bullying,men__education__harassment_bullying
ca7fff8f4a2a0636cf33,https://www.youtube.com/watch?v=rcRCzpkny4U,https://youtube.com/watch?v=rcRCzpkny4U,9,men/education__harassment_bullying.txt,What factors influence harassment/bullying for Men in education?,Men,majority,Gender,Education,Harassment/bullying,men__education__harassment_bullying
32336d048c03d7c982f9,https://www.youtube.com/watch?v=6yvLY2oCuaQ,https://youtube.com/watch?v=6yvLY2oCuaQ,10,men/education__harassment_bullying.txt,What factors influence harassment/bullying for Men in education?,Men,majority,Gender,Education,Harassment/bullying,men__education__harassment_bullying
e13be82473f8d8b73b3a,https://pmc.ncbi.nlm.nih.gov/articles/PMC10150105/,https://pmc.ncbi.nlm.nih.gov/articles/PMC10150105,1,men/employment__career_advancement.txt,What factors influence career advancement for Men in employment?,Men,majority,Gender,Employment,Career advancement,men__employment__career_advancement
e816143f36909595c6cc,https://www.naceweb.org/job-market/trends-and-predictions/early-career-talent-and-the-effects-of--gender,https://naceweb.org/job-market/trends-and-predictions/early-career-talent-and-the-effects-of--gender,2,men/employment__career_advancement.txt,What factors influence career advancement for Men in employment?,Men,majority,Gender,Employment,Career advancement,men__employment__career_advancement
b8dc70fc1ea02947da37,https://today.ucsd.edu/story/closing-gender-gaps-in-career-advancement,https://today.ucsd.edu/story/closing-gender-gaps-in-career-advancement,3,men/employment__career_advancement.txt,What factors influence career advancement for Men in employment?,Men,majority,Gender,Employment,Career advancement,men__employment__career_advancement
2dca9844cab0c0f14bea,https://www.cnbc.com/2024/02/02/men-benefit-more-from-their-looks-at-work-than-women-do-new-research-shows.html,https://cnbc.com/2024/02/02/men-benefit-more-from-their-looks-at-work-than-women-do-new-research-shows.html,4,men/employment__career_advancement.txt,What factors influence career advancement for Men in employment?,Men,majority,Gender,Employment,Career advancement,men__employment__career_advancement
37318d9ed3d538e61443,https://www.tandfonline.com/doi/full/10.1080/2331186X.2025.2603187,https://tandfonline.com/doi/full/10.1080/2331186X.2025.2603187,5,men/employment__career_advancement.txt,What factors influence career advancement for Men in employment?,Men,majority,Gender,Employment,Career advancement,men__employment__career_advancement
c5b6249c7dea72a9002e,https://www.library.hbs.edu/working-knowledge/men-want-powerful-jobs-more-than-women-do,https://library.hbs.edu/working-knowledge/men-want-powerful-jobs-more-than-women-do,6,men/employment__career_advancement.txt,What factors influence career advancement for Men in employment?,Men,majority,Gender,Employment,Career advancement,men__employment__career_advancement
e792e5f8024dbb33ba8f,https://pmc.ncbi.nlm.nih.gov/articles/PMC4554714/,https://pmc.ncbi.nlm.nih.gov/articles/PMC4554714,1,men/employment__hiring.txt,What factors influence hiring for Men in employment?,Men,majority,Gender,Employment,Hiring,men__employment__hiring
5cbe4354e967723161ab,https://theundercoverrecruiter.com/do-men-and-women-approach-the-job-hunt-differently/,https://theundercoverrecruiter.com/do-men-and-women-approach-the-job-hunt-differently,2,men/employment__hiring.txt,What factors influence hiring for Men in employment?,Men,majority,Gender,Employment,Hiring,men__employment__hiring
cfe45ae39d566305d07a,https://journals.sagepub.com/doi/abs/10.1177/0730888419849467,https://journals.sagepub.com/doi/abs/10.1177/0730888419849467,3,men/employment__hiring.txt,What factors influence hiring for Men in employment?,Men,majority,Gender,Employment,Hiring,men__employment__hiring
bdaa34ffb482d120fc13,https://www.employerscouncil.org/resources/examination-gender-bias-hiring/,https://employerscouncil.org/resources/examination-gender-bias-hiring,4,men/employment__hiring.txt,What factors influence hiring for Men in employment?,Men,majority,Gender,Employment,Hiring,men__employment__hiring
c2b19306eae4859c3625,https://www.cnbc.com/2019/03/08/linkedin-study-reveals-why-men-are-more-likely-to-get-noticed-by-job-recruiters-than-women.html,https://cnbc.com/2019/03/08/linkedin-study-reveals-why-men-are-more-likely-to-get-noticed-by-job-recruiters-than-women.html,5,men/employment__hiring.txt,What factors influence hiring for Men in employment?,Men,majority,Gender,Employment,Hiring,men__employment__hiring
6dc4129a249730451afc,https://www.eeoc.gov/chart-risk-factors-harassment-and-responsive-strategies,https://eeoc.gov/chart-risk-factors-harassment-and-responsive-strategies,1,men/employment__workplace_harassment.txt,What factors influence workplace harassment for Men in employment?,Men,majority,Gender,Employment,Workplace harassment,men__employment__workplace_harassment
4a34bc72725f112fe4fa,https://www.fedemploylaw.com/when-men-are-sexually-harassed-at-work-breaking-stereotypes-and-legal-myths/,https://fedemploylaw.com/when-men-are-sexually-harassed-at-work-breaking-stereotypes-and-legal-myths,2,men/employment__workplace_harassment.txt,What factors influence workplace harassment for Men in employment?,Men,majority,Gender,Employment,Workplace harassment,men__employment__workplace_harassment
b39b3920de4e414f2a91,https://arauniversity.org/harassment-workplace/,https://arauniversity.org/harassment-workplace,3,men/employment__workplace_harassment.txt,What factors influence workplace harassment for Men in employment?,Men,majority,Gender,Employment,Workplace harassment,men__employment__workplace_harassment
c8790fcbc603a7b1e461,https://cavignac.com/blog/risk-factors-for-harassment-in-the-workplace/,https://cavignac.com/blog/risk-factors-for-harassment-in-the-workplace,4,men/employment__workplace_harassment.txt,What factors influence workplace harassment for Men in employment?,Men,majority,Gender,Employment,Workplace harassment,men__employment__workplace_harassment
5f250bd6cecd12f45831,https://www.americanprogress.org/article/how-to-address-the-administrative-burdens-of-accessing-the-safety-net/,https://americanprogress.org/article/how-to-address-the-administrative-burdens-of-accessing-the-safety-net,1,men/government_benefits__access_to_government_benefits.txt,What factors influence access to government benefits for Men in government benefits?,Men,majority,Gender,Government Benefits,Access to government benefits,men__government_benefits__access_to_government_benefits
268cc0a2adbd302f5ea1,https://www.ncsl.org/human-services/introduction-to-benefits-cliffs-and-public-assistance-programs,https://ncsl.org/human-services/introduction-to-benefits-cliffs-and-public-assistance-programs,2,men/government_benefits__access_to_government_benefits.txt,What factors influence access to government benefits for Men in government benefits?,Men,majority,Gender,Government Benefits,Access to government benefits,men__government_benefits__access_to_government_benefits
1c6aa6ac9d8f736aea5c,https://pmc.ncbi.nlm.nih.gov/articles/PMC8536312/,https://pmc.ncbi.nlm.nih.gov/articles/PMC8536312,3,men/government_benefits__access_to_government_benefits.txt,What factors influence access to government benefits for Men in government benefits?,Men,majority,Gender,Government Benefits,Access to government benefits,men__government_benefits__access_to_government_benefits
37844408c2855aec8c95,https://www.sciencedirect.com/science/article/abs/pii/S0190740909001819,https://sciencedirect.com/science/article/abs/pii/S0190740909001819,4,men/government_benefits__access_to_government_benefits.txt,What factors influence access to government benefits for Men in government benefits?,Men,majority,Gender,Government Benefits,Access to government benefits,men__government_benefits__access_to_government_benefits
8cffc442ce1c61bfdcf6,https://catalog.results4america.org/strategies/reducing-obstacles,https://catalog.results4america.org/strategies/reducing-obstacles,5,men/government_benefits__access_to_government_benefits.txt,What factors influence access to government benefits for Men in government benefits?,Men,majority,Gender,Government Benefits,Access to government benefits,men__government_benefits__access_to_government_benefits
3b3f76e315bf22373a9e,https://www.pewresearch.org/social-trends/2012/12/18/a-bipartisan-nation-of-beneficiaries/,https://pewresearch.org/social-trends/2012/12/18/a-bipartisan-nation-of-beneficiaries,6,men/government_benefits__access_to_government_benefits.txt,What factors influence access to government benefits for Men in government benefits?,Men,majority,Gender,Government Benefits,Access to government benefits,men__government_benefits__access_to_government_benefits
78d086521ed6af3cc131,https://disabilityadvice.org/ssdi/approval-process/approval-by-age/,https://disabilityadvice.org/ssdi/approval-process/approval-by-age,1,men/government_benefits__application_approval.txt,What factors influence application/approval for Men in government benefits?,Men,majority,Gender,Government Benefits,Application/approval,men__government_benefits__application_approval
33d5a2463b5d66f100cd,https://www.cbpp.org/research/poverty-and-inequality/expanding-work-requirements-would-make-it-harder-for-people-to-meet,https://cbpp.org/research/poverty-and-inequality/expanding-work-requirements-would-make-it-harder-for-people-to-meet,2,men/government_benefits__application_approval.txt,What factors influence application/approval for Men in government benefits?,Men,majority,Gender,Government Benefits,Application/approval,men__government_benefits__application_approval
5bd114ec901c806e801e,https://www.leaders-in-law.com/key-factors-in-getting-approved-for-social-security-disability/,https://leaders-in-law.com/key-factors-in-getting-approved-for-social-security-disability,3,men/government_benefits__application_approval.txt,What factors influence application/approval for Men in government benefits?,Men,majority,Gender,Government Benefits,Application/approval,men__government_benefits__application_approval
bb658db72ca850fd91bc,https://www.sciencedirect.com/science/article/pii/S0305750X2600207X,https://sciencedirect.com/science/article/pii/S0305750X2600207X,4,men/government_benefits__application_approval.txt,What factors influence application/approval for Men in government benefits?,Men,majority,Gender,Government Benefits,Application/approval,men__government_benefits__application_approval
5bdefb059d9fb9fdbf88,https://www.disabilitysecrets.com/resources/survey-statistics-who-is-most-likely-to-get-approved-for-social-security-disability-benefits.html,https://disabilitysecrets.com/resources/survey-statistics-who-is-most-likely-to-get-approved-for-social-security-disability-benefits.html,5,men/government_benefits__application_approval.txt,What factors influence application/approval for Men in government benefits?,Men,majority,Gender,Government Benefits,Application/approval,men__government_benefits__application_approval
1c6aa6ac9d8f736aea5c,https://pmc.ncbi.nlm.nih.gov/articles/PMC8536312/,https://pmc.ncbi.nlm.nih.gov/articles/PMC8536312,6,men/government_benefits__application_approval.txt,What factors influence application/approval for Men in government benefits?,Men,majority,Gender,Government Benefits,Application/approval,men__government_benefits__application_approval
f522a3f7ac5e7242977f,https://usafacts.org/articles/disability-benefit-process/,https://usafacts.org/articles/disability-benefit-process,7,men/government_benefits__application_approval.txt,What factors influence application/approval for Men in government benefits?,Men,majority,Gender,Government Benefits,Application/approval,men__government_benefits__application_approval
d0e7726670e36dd065e8,https://disabilityhelpgroup.com/ssdi-qualifying-for-benefits/,https://disabilityhelpgroup.com/ssdi-qualifying-for-benefits,8,men/government_benefits__application_approval.txt,What factors influence application/approval for Men in government benefits?,Men,majority,Gender,Government Benefits,Application/approval,men__government_benefits__application_approval
42157260c827e979dba5,https://vitalrecord.tamu.edu/how-race-and-racial-perceptions-shape-public-assistance-policy-opinions/,https://vitalrecord.tamu.edu/how-race-and-racial-perceptions-shape-public-assistance-policy-opinions,9,men/government_benefits__application_approval.txt,What factors influence application/approval for Men in government benefits?,Men,majority,Gender,Government Benefits,Application/approval,men__government_benefits__application_approval
18e24d0af5393925d591,https://sajhrm.co.za/index.php/sajhrm/article/view/2985/4971,https://sajhrm.co.za/index.php/sajhrm/article/view/2985/4971,1,men/government_benefits__benefit_retention_renewal.txt,What factors influence benefit retention / renewal for Men in government benefits?,Men,majority,Gender,Government Benefits,Benefit retention / renewal,men__government_benefits__benefit_retention_renewal
bb625a9d01c929146219,https://www.opm.gov/policy-data-oversight/pay-leave/recruitment-relocation-retention-incentives/fact-sheets/retention-incentives-likely-to-leave-the-federal-service/,https://opm.gov/policy-data-oversight/pay-leave/recruitment-relocation-retention-incentives/fact-sheets/retention-incentives-likely-to-leave-the-federal-service,2,men/government_benefits__benefit_retention_renewal.txt,What factors influence benefit retention / renewal for Men in government benefits?,Men,majority,Gender,Government Benefits,Benefit retention / renewal,men__government_benefits__benefit_retention_renewal
66a64a7ebcadd2568298,https://www.urban.org/sites/default/files/2023-01/Strategies%20for%20Improving%20Public%20Benefits%20Access%20and%20Retention.pdf,https://urban.org/sites/default/files/2023-01/Strategies%20for%20Improving%20Public%20Benefits%20Access%20and%20Retention.pdf,3,men/government_benefits__benefit_retention_renewal.txt,What factors influence benefit retention / renewal for Men in government benefits?,Men,majority,Gender,Government Benefits,Benefit retention / renewal,men__government_benefits__benefit_retention_renewal
d97fb2830f9f2488aeae,https://home.treasury.gov/news/featured-stories/spotlighting-womens-retirement-security,https://home.treasury.gov/news/featured-stories/spotlighting-womens-retirement-security,4,men/government_benefits__benefit_retention_renewal.txt,What factors influence benefit retention / renewal for Men in government benefits?,Men,majority,Gender,Government Benefits,Benefit retention / renewal,men__government_benefits__benefit_retention_renewal
16ba46222c64bc8a2688,https://www.cnbc.com/2026/06/30/social-security-gender-gap-women-get-4800-less-in-annual-benefits.html,https://cnbc.com/2026/06/30/social-security-gender-gap-women-get-4800-less-in-annual-benefits.html,5,men/government_benefits__benefit_retention_renewal.txt,What factors influence benefit retention / renewal for Men in government benefits?,Men,majority,Gender,Government Benefits,Benefit retention / renewal,men__government_benefits__benefit_retention_renewal
9048acef1bf86fd9400d,https://pmc.ncbi.nlm.nih.gov/articles/PMC8576989/,https://pmc.ncbi.nlm.nih.gov/articles/PMC8576989,1,men/healthcare__insurance_coverage.txt,What factors influence insurance coverage for Men in healthcare?,Men,majority,Gender,Healthcare,Insurance coverage,men__healthcare__insurance_coverage
e5f919c4da68f6c89e9d,https://pmc.ncbi.nlm.nih.gov/articles/PMC5370590/,https://pmc.ncbi.nlm.nih.gov/articles/PMC5370590,2,men/healthcare__insurance_coverage.txt,What factors influence insurance coverage for Men in healthcare?,Men,majority,Gender,Healthcare,Insurance coverage,men__healthcare__insurance_coverage
a1d174236c5e6d89a912,https://pmc.ncbi.nlm.nih.gov/articles/PMC7878644/,https://pmc.ncbi.nlm.nih.gov/articles/PMC7878644,3,men/healthcare__insurance_coverage.txt,What factors influence insurance coverage for Men in healthcare?,Men,majority,Gender,Healthcare,Insurance coverage,men__healthcare__insurance_coverage
57eacdfe1f3f2cd4778b,https://www.cms.gov/newsroom/fact-sheets/how-affordable-care-act-helping-men-lead-healthier-lives-afford-health-insurance,https://cms.gov/newsroom/fact-sheets/how-affordable-care-act-helping-men-lead-healthier-lives-afford-health-insurance,4,men/healthcare__insurance_coverage.txt,What factors influence insurance coverage for Men in healthcare?,Men,majority,Gender,Healthcare,Insurance coverage,men__healthcare__insurance_coverage
49ec94df2803e3fc5419,https://www.sciencedirect.com/science/article/pii/S2590291126008223,https://sciencedirect.com/science/article/pii/S2590291126008223,5,men/healthcare__insurance_coverage.txt,What factors influence insurance coverage for Men in healthcare?,Men,majority,Gender,Healthcare,Insurance coverage,men__healthcare__insurance_coverage
cf4634cb4263facaa3e2,https://www.kff.org/uninsured/characteristics-of-remaining-uninsured-men-and-potential-strategies-to-reach-and-enroll-them-in-health-coverage/,https://kff.org/uninsured/characteristics-of-remaining-uninsured-men-and-potential-strategies-to-reach-and-enroll-them-in-health-coverage,6,men/healthcare__insurance_coverage.txt,What factors influence insurance coverage for Men in healthcare?,Men,majority,Gender,Healthcare,Insurance coverage,men__healthcare__insurance_coverage
cf1fe57adb31f65a2c38,https://www.census.gov/newsroom/blogs/random-samplings/2015/09/another-difference-between-the-sexes-health-insurance-coverage-3.html,https://census.gov/newsroom/blogs/random-samplings/2015/09/another-difference-between-the-sexes-health-insurance-coverage-3.html,7,men/healthcare__insurance_coverage.txt,What factors influence insurance coverage for Men in healthcare?,Men,majority,Gender,Healthcare,Insurance coverage,men__healthcare__insurance_coverage
b0af8febe2776c31541d,https://journals.sagepub.com/doi/abs/10.1177/1557988320943359,https://journals.sagepub.com/doi/abs/10.1177/1557988320943359,8,men/healthcare__insurance_coverage.txt,What factors influence insurance coverage for Men in healthcare?,Men,majority,Gender,Healthcare,Insurance coverage,men__healthcare__insurance_coverage
871e4477e40072f47568,https://pmc.ncbi.nlm.nih.gov/articles/PMC11812675/,https://pmc.ncbi.nlm.nih.gov/articles/PMC11812675,1,men/healthcare__patient_safety.txt,What factors influence patient safety for Men in healthcare?,Men,majority,Gender,Healthcare,Patient safety,men__healthcare__patient_safety
3952700851987a1de36e,https://www.who.int/news-room/fact-sheets/detail/patient-safety,https://who.int/news-room/fact-sheets/detail/patient-safety,2,men/healthcare__patient_safety.txt,What factors influence patient safety for Men in healthcare?,Men,majority,Gender,Healthcare,Patient safety,men__healthcare__patient_safety
f7eeeea3287f18db6ed0,https://www.researchgate.net/publication/388770161_What_Factors_Influence_Patient_Measures_of_Safety_Among_Adults,https://researchgate.net/publication/388770161_What_Factors_Influence_Patient_Measures_of_Safety_Among_Adults,3,men/healthcare__patient_safety.txt,What factors influence patient safety for Men in healthcare?,Men,majority,Gender,Healthcare,Patient safety,men__healthcare__patient_safety
eb6baecc3a704fa8554b,https://nmmc.org/mens-health-and-preventive-care-why-routine-checkups-matter/,https://nmmc.org/mens-health-and-preventive-care-why-routine-checkups-matter,1,men/healthcare__preventive_care.txt,What factors influence preventive care for Men in healthcare?,Men,majority,Gender,Healthcare,Preventive care,men__healthcare__preventive_care
43c97e86e70b52778af5,https://www.northwestfamilyclinics.com/blog/preventive-care-men,https://northwestfamilyclinics.com/blog/preventive-care-men,2,men/healthcare__preventive_care.txt,What factors influence preventive care for Men in healthcare?,Men,majority,Gender,Healthcare,Preventive care,men__healthcare__preventive_care
0dcfd25bd41b73907f45,https://www.utphysicians.com/preventive-care-is-the-key-to-mens-health/,https://utphysicians.com/preventive-care-is-the-key-to-mens-health,3,men/healthcare__preventive_care.txt,What factors influence preventive care for Men in healthcare?,Men,majority,Gender,Healthcare,Preventive care,men__healthcare__preventive_care
f4e02bb43ce61a5e26e8,https://www.forwardfamilymedicine.com/blog/mens-health-preventive-care/,https://forwardfamilymedicine.com/blog/mens-health-preventive-care,4,men/healthcare__preventive_care.txt,What factors influence preventive care for Men in healthcare?,Men,majority,Gender,Healthcare,Preventive care,men__healthcare__preventive_care
cb3a903b7d785dfd740f,https://pmc.ncbi.nlm.nih.gov/articles/PMC12306465/,https://pmc.ncbi.nlm.nih.gov/articles/PMC12306465,1,men/housing__access_to_housing.txt,What factors influence access to housing for Men in housing?,Men,majority,Gender,Housing,Access to housing,men__housing__access_to_housing
c35c4ee415e799cc1352,https://pmc.ncbi.nlm.nih.gov/articles/PMC13017733/,https://pmc.ncbi.nlm.nih.gov/articles/PMC13017733,2,men/housing__access_to_housing.txt,What factors influence access to housing for Men in housing?,Men,majority,Gender,Housing,Access to housing,men__housing__access_to_housing
57a8c131baf132c76047,https://www.google.com/goto?url=CAESjgEB6zswFSXnT5QhBJG4f5v2YCyBe7oLPpHRWhNF6nfYHXbiotn7CvGTJ0j8iX9bIY-Ud9_NFlkwMy326PNBUOfHhQSLluy0Ckwn0ZDZr-NX4p6naMGunKW4hv3taTB-oMHbPaQFrDuFEQdrZ4csJpBvpa9GiWjSmZMxS1RdVEmiUmNKBpFJmikLhIRtROG4,https://google.com/goto?url=CAESjgEB6zswFSXnT5QhBJG4f5v2YCyBe7oLPpHRWhNF6nfYHXbiotn7CvGTJ0j8iX9bIY-Ud9_NFlkwMy326PNBUOfHhQSLluy0Ckwn0ZDZr-NX4p6naMGunKW4hv3taTB-oMHbPaQFrDuFEQdrZ4csJpBvpa9GiWjSmZMxS1RdVEmiUmNKBpFJmikLhIRtROG4,3,men/housing__access_to_housing.txt,What factors influence access to housing for Men in housing?,Men,majority,Gender,Housing,Access to housing,men__housing__access_to_housing
0bc63fc4090645f28c9f,https://odphp.health.gov/healthypeople/priority-areas/social-determinants-health/literature-summaries/housing-instability,https://odphp.health.gov/healthypeople/priority-areas/social-determinants-health/literature-summaries/housing-instability,1,men/housing__homelessness.txt,What factors influence homelessness for Men in housing?,Men,majority,Gender,Housing,Homelessness,men__housing__homelessness
1498feb07652571de5fc,https://nationalhomeless.org/homelessness-in-the-us/,https://nationalhomeless.org/homelessness-in-the-us,2,men/housing__homelessness.txt,What factors influence homelessness for Men in housing?,Men,majority,Gender,Housing,Homelessness,men__housing__homelessness
027cfa72eaa1d89c5839,https://www.crisis.org.uk/ending-homelessness/about-homelessness/,https://crisis.org.uk/ending-homelessness/about-homelessness,3,men/housing__homelessness.txt,What factors influence homelessness for Men in housing?,Men,majority,Gender,Housing,Homelessness,men__housing__homelessness
e6e6bd74c1e8f1785dfb,https://homelesshub.ca/collection/homelessness-101/what-are-the-causes-of-homelessness/,https://homelesshub.ca/collection/homelessness-101/what-are-the-causes-of-homelessness,4,men/housing__homelessness.txt,What factors influence homelessness for Men in housing?,Men,majority,Gender,Housing,Homelessness,men__housing__homelessness
0cc9410544e863559431,https://www.ccga.edu/reg-murphy-publications/the-manifold-causes-of-homelessness/,https://ccga.edu/reg-murphy-publications/the-manifold-causes-of-homelessness,5,men/housing__homelessness.txt,What factors influence homelessness for Men in housing?,Men,majority,Gender,Housing,Homelessness,men__housing__homelessness
a2649ae63b8fbe1c00d2,https://pmc.ncbi.nlm.nih.gov/articles/PMC10835943/,https://pmc.ncbi.nlm.nih.gov/articles/PMC10835943,6,men/housing__homelessness.txt,What factors influence homelessness for Men in housing?,Men,majority,Gender,Housing,Homelessness,men__housing__homelessness
b34b4d58366841f3bfc6,https://www.homelessidproject.org/how-do-people-become-homeless-understanding-the-causes-of-homelessness/,https://homelessidproject.org/how-do-people-become-homeless-understanding-the-causes-of-homelessness,7,men/housing__homelessness.txt,What factors influence homelessness for Men in housing?,Men,majority,Gender,Housing,Homelessness,men__housing__homelessness
efc5a4e461dc64825498,https://www.betterangels.la/halo/preventions/why-are-people-homeless,https://betterangels.la/halo/preventions/why-are-people-homeless,8,men/housing__homelessness.txt,What factors influence homelessness for Men in housing?,Men,majority,Gender,Housing,Homelessness,men__housing__homelessness
d8e45e89443f3c519c56,https://online.campbellsville.edu/social-work/factors-that-cause-homelessness/,https://online.campbellsville.edu/social-work/factors-that-cause-homelessness,9,men/housing__homelessness.txt,What factors influence homelessness for Men in housing?,Men,majority,Gender,Housing,Homelessness,men__housing__homelessness
79fb5c662049e1c3df26,https://pfva.org/what-leads-to-homelessness-top-causes/,https://pfva.org/what-leads-to-homelessness-top-causes,10,men/housing__homelessness.txt,What factors influence homelessness for Men in housing?,Men,majority,Gender,Housing,Homelessness,men__housing__homelessness
0bc63fc4090645f28c9f,https://odphp.health.gov/healthypeople/priority-areas/social-determinants-health/literature-summaries/housing-instability,https://odphp.health.gov/healthypeople/priority-areas/social-determinants-health/literature-summaries/housing-instability,1,men/housing__housing_stability.txt,What factors influence housing stability for Men in housing?,Men,majority,Gender,Housing,Housing stability,men__housing__housing_stability
3292cafe98f4046dd22d,https://pmc.ncbi.nlm.nih.gov/articles/PMC12228652/,https://pmc.ncbi.nlm.nih.gov/articles/PMC12228652,2,men/housing__housing_stability.txt,What factors influence housing stability for Men in housing?,Men,majority,Gender,Housing,Housing stability,men__housing__housing_stability
287096667b4269e94625,https://www.nlc.org/article/2024/05/28/exploring-the-link-between-housing-stability-and-mental-health/,https://nlc.org/article/2024/05/28/exploring-the-link-between-housing-stability-and-mental-health,3,men/housing__housing_stability.txt,What factors influence housing stability for Men in housing?,Men,majority,Gender,Housing,Housing stability,men__housing__housing_stability
5e06dd928725e28c4e07,https://www.aha-inc.org/blog/common-barriers-to-housing-stabilityand-how-we-can-help-you-overcome-them,https://aha-inc.org/blog/common-barriers-to-housing-stabilityand-how-we-can-help-you-overcome-them,4,men/housing__housing_stability.txt,What factors influence housing stability for Men in housing?,Men,majority,Gender,Housing,Housing stability,men__housing__housing_stability
bd54eae3a3802c3d2e09,https://www.ebsco.com/research-starters/politics-and-government/housing-stability/,https://ebsco.com/research-starters/politics-and-government/housing-stability,5,men/housing__housing_stability.txt,What factors influence housing stability for Men in housing?,Men,majority,Gender,Housing,Housing stability,men__housing__housing_stability
f04bf4494ddee03d85e0,https://pmc.ncbi.nlm.nih.gov/articles/PMC5493509/,https://pmc.ncbi.nlm.nih.gov/articles/PMC5493509,6,men/housing__housing_stability.txt,What factors influence housing stability for Men in housing?,Men,majority,Gender,Housing,Housing stability,men__housing__housing_stability
99224d0508786007ccfa,https://www.universityhealth.com/public-health/factors-shaping-health/economic-stability/housing,https://universityhealth.com/public-health/factors-shaping-health/economic-stability/housing,7,men/housing__housing_stability.txt,What factors influence housing stability for Men in housing?,Men,majority,Gender,Housing,Housing stability,men__housing__housing_stability
b7ff661b9d6ab0396700,https://unitedwaynca.org/blog/causes-of-homelessness/,https://unitedwaynca.org/blog/causes-of-homelessness,8,men/housing__housing_stability.txt,What factors influence housing stability for Men in housing?,Men,majority,Gender,Housing,Housing stability,men__housing__housing_stability
cab70c6cd5488a2612ee,https://upward-mobility.urban.org/framework/neighborhoods/stability,https://upward-mobility.urban.org/framework/neighborhoods/stability,9,men/housing__housing_stability.txt,What factors influence housing stability for Men in housing?,Men,majority,Gender,Housing,Housing stability,men__housing__housing_stability
8d20998821e1f4ab37c0,https://archwaycommunities.org/the-importance-of-housing-stability/,https://archwaycommunities.org/the-importance-of-housing-stability,10,men/housing__housing_stability.txt,What factors influence housing stability for Men in housing?,Men,majority,Gender,Housing,Housing stability,men__housing__housing_stability
27ebba74a46aef5b9374,https://pmc.ncbi.nlm.nih.gov/articles/PMC7173312/,https://pmc.ncbi.nlm.nih.gov/articles/PMC7173312,1,non_latino_people/credit_and_financial_services__access_to_banking_services.txt,What factors influence access to banking services for non-Latino people in credit & financial services?,non-Latino people,majority,Ethnicity,Credit & Financial Services,Access to banking services,non_latino_people__credit_and_financial_services__access_to_banking_services
e63e646c68042089a365,https://www.jec.senate.gov/public/_cache/files/2756e78d-cd64-4413-8d26-a4f9c2756947/banking-and-financial-exclusion-final.pdf,https://jec.senate.gov/public/_cache/files/2756e78d-cd64-4413-8d26-a4f9c2756947/banking-and-financial-exclusion-final.pdf,2,non_latino_people/credit_and_financial_services__access_to_banking_services.txt,What factors influence access to banking services for non-Latino people in credit & financial services?,non-Latino people,majority,Ethnicity,Credit & Financial Services,Access to banking services,non_latino_people__credit_and_financial_services__access_to_banking_services
ddae8711636264112ac5,https://link.springer.com/article/10.1057/s41261-026-00344-y,https://link.springer.com/article/10.1057/s41261-026-00344-y,3,non_latino_people/credit_and_financial_services__access_to_banking_services.txt,What factors influence access to banking services for non-Latino people in credit & financial services?,non-Latino people,majority,Ethnicity,Credit & Financial Services,Access to banking services,non_latino_people__credit_and_financial_services__access_to_banking_services
a699a9fa37047a56822c,https://unidosus.org/blog/2015/11/18/financial-access-and-inclusion-are-essential-for-immigrant-integration/,https://unidosus.org/blog/2015/11/18/financial-access-and-inclusion-are-essential-for-immigrant-integration,4,non_latino_people/credit_and_financial_services__access_to_banking_services.txt,What factors influence access to banking services for non-Latino people in credit & financial services?,non-Latino people,majority,Ethnicity,Credit & Financial Services,Access to banking services,non_latino_people__credit_and_financial_services__access_to_banking_services
ee881b80a2ffa0e2ade3,https://onlinelibrary.wiley.com/doi/10.1111/joca.12343,https://onlinelibrary.wiley.com/doi/10.1111/joca.12343,1,non_latino_people/credit_and_financial_services__access_to_credit.txt,What factors influence access to credit for non-Latino people in credit & financial services?,non-Latino people,majority,Ethnicity,Credit & Financial Services,Access to credit,non_latino_people__credit_and_financial_services__access_to_credit
669391f18662c52dc0ff,https://www.urban.org/urban-wire/young-adults-credit-trajectories-vary-widely-race-and-ethnicity,https://urban.org/urban-wire/young-adults-credit-trajectories-vary-widely-race-and-ethnicity,2,non_latino_people/credit_and_financial_services__access_to_credit.txt,What factors influence access to credit for non-Latino people in credit & financial services?,non-Latino people,majority,Ethnicity,Credit & Financial Services,Access to credit,non_latino_people__credit_and_financial_services__access_to_credit
7ebd1494e6f04b09c632,https://advocacy.sba.gov/wp-content/uploads/2019/04/Financing_Patterns_and_Credit_Market_Experiences_report.pdf,https://advocacy.sba.gov/wp-content/uploads/2019/04/Financing_Patterns_and_Credit_Market_Experiences_report.pdf,3,non_latino_people/credit_and_financial_services__access_to_credit.txt,What factors influence access to credit for non-Latino people in credit & financial services?,non-Latino people,majority,Ethnicity,Credit & Financial Services,Access to credit,non_latino_people__credit_and_financial_services__access_to_credit
96437a65a313b21480cf,https://www.investopedia.com/average-credit-scores-by-race-5214521,https://investopedia.com/average-credit-scores-by-race-5214521,1,non_latino_people/credit_and_financial_services__credit_loan_approval.txt,What factors influence credit/loan approval for non-Latino people in credit & financial services?,non-Latino people,majority,Ethnicity,Credit & Financial Services,Credit/loan approval,non_latino_people__credit_and_financial_services__credit_loan_approval
e37cad46c3bfc4ec1492,https://www.minneapolisfed.org/article/2024/lender-reported-reasons-for-mortgage-denials-dont-explain-racial-disparities,https://minneapolisfed.org/article/2024/lender-reported-reasons-for-mortgage-denials-dont-explain-racial-disparities,2,non_latino_people/credit_and_financial_services__credit_loan_approval.txt,What factors influence credit/loan approval for non-Latino people in credit & financial services?,non-Latino people,majority,Ethnicity,Credit & Financial Services,Credit/loan approval,non_latino_people__credit_and_financial_services__credit_loan_approval
7ebd1494e6f04b09c632,https://advocacy.sba.gov/wp-content/uploads/2019/04/Financing_Patterns_and_Credit_Market_Experiences_report.pdf,https://advocacy.sba.gov/wp-content/uploads/2019/04/Financing_Patterns_and_Credit_Market_Experiences_report.pdf,3,non_latino_people/credit_and_financial_services__credit_loan_approval.txt,What factors influence credit/loan approval for non-Latino people in credit & financial services?,non-Latino people,majority,Ethnicity,Credit & Financial Services,Credit/loan approval,non_latino_people__credit_and_financial_services__credit_loan_approval
9448970c042845b2343e,https://www.moneymanagement.org/blog/why-good-credit-is-harder-to-achieve-in-communities-of-color,https://moneymanagement.org/blog/why-good-credit-is-harder-to-achieve-in-communities-of-color,4,non_latino_people/credit_and_financial_services__credit_loan_approval.txt,What factors influence credit/loan approval for non-Latino people in credit & financial services?,non-Latino people,majority,Ethnicity,Credit & Financial Services,Credit/loan approval,non_latino_people__credit_and_financial_services__credit_loan_approval
de6290d9810d603eb58b,https://www.prisonpolicy.org/research/racial_and_ethnic_disparities/,https://prisonpolicy.org/research/racial_and_ethnic_disparities,1,non_latino_people/criminal_justice__arrest_detention_by_police.txt,What factors influence arrest / detention by police for non-Latino people in criminal justice?,non-Latino people,majority,Ethnicity,Criminal Justice,Arrest / detention by police,non_latino_people__criminal_justice__arrest_detention_by_police
1cbe5434214cbdb77b60,https://pmc.ncbi.nlm.nih.gov/articles/PMC9017075/,https://pmc.ncbi.nlm.nih.gov/articles/PMC9017075,2,non_latino_people/criminal_justice__arrest_detention_by_police.txt,What factors influence arrest / detention by police for non-Latino people in criminal justice?,non-Latino people,majority,Ethnicity,Criminal Justice,Arrest / detention by police,non_latino_people__criminal_justice__arrest_detention_by_police
69defa686d35ec12ae06,https://pmc.ncbi.nlm.nih.gov/articles/PMC5509345/,https://pmc.ncbi.nlm.nih.gov/articles/PMC5509345,3,non_latino_people/criminal_justice__arrest_detention_by_police.txt,What factors influence arrest / detention by police for non-Latino people in criminal justice?,non-Latino people,majority,Ethnicity,Criminal Justice,Arrest / detention by police,non_latino_people__criminal_justice__arrest_detention_by_police
2814793bfff3c267728b,https://www.prisonpolicy.org/blog/2019/10/09/pretrial_race/,https://prisonpolicy.org/blog/2019/10/09/pretrial_race,4,non_latino_people/criminal_justice__arrest_detention_by_police.txt,What factors influence arrest / detention by police for non-Latino people in criminal justice?,non-Latino people,majority,Ethnicity,Criminal Justice,Arrest / detention by police,non_latino_people__criminal_justice__arrest_detention_by_police
17fcd05f5e69d8ccd805,https://pmc.ncbi.nlm.nih.gov/articles/PMC13384522/,https://pmc.ncbi.nlm.nih.gov/articles/PMC13384522,5,non_latino_people/criminal_justice__arrest_detention_by_police.txt,What factors influence arrest / detention by police for non-Latino people in criminal justice?,non-Latino people,majority,Ethnicity,Criminal Justice,Arrest / detention by police,non_latino_people__criminal_justice__arrest_detention_by_police
657153b90b24515d6079,https://pmc.ncbi.nlm.nih.gov/articles/PMC8903243/,https://pmc.ncbi.nlm.nih.gov/articles/PMC8903243,1,non_latino_people/criminal_justice__incarceration.txt,What factors influence incarceration for non-Latino people in criminal justice?,non-Latino people,majority,Ethnicity,Criminal Justice,Incarceration,non_latino_people__criminal_justice__incarceration
206b6395f06dd583d365,https://www.sentencingproject.org/reports/one-in-five-racial-disparity-in-imprisonment-causes-and-remedies/,https://sentencingproject.org/reports/one-in-five-racial-disparity-in-imprisonment-causes-and-remedies,2,non_latino_people/criminal_justice__incarceration.txt,What factors influence incarceration for non-Latino people in criminal justice?,non-Latino people,majority,Ethnicity,Criminal Justice,Incarceration,non_latino_people__criminal_justice__incarceration
f9d8e01ca33e94a7d898,https://psycnet.apa.org/fulltext/2023-54964-013.html,https://psycnet.apa.org/fulltext/2023-54964-013.html,3,non_latino_people/criminal_justice__incarceration.txt,What factors influence incarceration for non-Latino people in criminal justice?,non-Latino people,majority,Ethnicity,Criminal Justice,Incarceration,non_latino_people__criminal_justice__incarceration
b7501cb300491e9a3461,https://www.prisonpolicy.org/blog/2024/12/19/policing_survey_2022/,https://prisonpolicy.org/blog/2024/12/19/policing_survey_2022,1,non_latino_people/criminal_justice__police_use_of_force.txt,What factors influence police use of force for non-Latino people in criminal justice?,non-Latino people,majority,Ethnicity,Criminal Justice,Police use of force,non_latino_people__criminal_justice__police_use_of_force
a995639359a46e02c0aa,https://pmc.ncbi.nlm.nih.gov/articles/PMC10937607/,https://pmc.ncbi.nlm.nih.gov/articles/PMC10937607,2,non_latino_people/criminal_justice__police_use_of_force.txt,What factors influence police use of force for non-Latino people in criminal justice?,non-Latino people,majority,Ethnicity,Criminal Justice,Police use of force,non_latino_people__criminal_justice__police_use_of_force
91bab48e336f57d3d6d1,https://fryer.scholars.harvard.edu/publications/empirical-analysis-racial-differences-police-use-force,https://fryer.scholars.harvard.edu/publications/empirical-analysis-racial-differences-police-use-force,3,non_latino_people/criminal_justice__police_use_of_force.txt,What factors influence police use of force for non-Latino people in criminal justice?,non-Latino people,majority,Ethnicity,Criminal Justice,Police use of force,non_latino_people__criminal_justice__police_use_of_force
dffd4aa0b0cd4865855d,https://www.proquest.com/openview/8111229575801516f615926b47af752b/1?pq-origsite=gscholar&cbl=18750&diss=y,https://proquest.com/openview/8111229575801516f615926b47af752b/1?cbl=18750&diss=y&pq-origsite=gscholar,4,non_latino_people/criminal_justice__police_use_of_force.txt,What factors influence police use of force for non-Latino people in criminal justice?,non-Latino people,majority,Ethnicity,Criminal Justice,Police use of force,non_latino_people__criminal_justice__police_use_of_force
4605280859752feda93d,https://usafacts.org/articles/what-the-data-shows-about-police-use-of-force-by-race/,https://usafacts.org/articles/what-the-data-shows-about-police-use-of-force-by-race,5,non_latino_people/criminal_justice__police_use_of_force.txt,What factors influence police use of force for non-Latino people in criminal justice?,non-Latino people,majority,Ethnicity,Criminal Justice,Police use of force,non_latino_people__criminal_justice__police_use_of_force
1d600c7ca15adc5572ad,https://www.ovid.com/journals/lhub/abstract/10.1037/lhb0000218~how-suspect-race-affects-police-use-of-force-in-an?redirectionsource=fulltextview,https://ovid.com/journals/lhub/abstract/10.1037/lhb0000218~how-suspect-race-affects-police-use-of-force-in-an?redirectionsource=fulltextview,6,non_latino_people/criminal_justice__police_use_of_force.txt,What factors influence police use of force for non-Latino people in criminal justice?,non-Latino people,majority,Ethnicity,Criminal Justice,Police use of force,non_latino_people__criminal_justice__police_use_of_force
87411315d209792c5506,https://www.ncan.org/Web/News/539190,https://ncan.org/Web/News/539190,1,non_latino_people/education__college_access_admission.txt,What factors influence college access/admission for non-Latino people in education?,non-Latino people,majority,Ethnicity,Education,College access/admission,non_latino_people__education__college_access_admission
7c89c2adfae318c12ee9,https://www.forbes.com/sites/michaeltnietzel/2026/02/04/five-things-the-new-data-about-race-conscious-college-admissions-tell-us/,https://forbes.com/sites/michaeltnietzel/2026/02/04/five-things-the-new-data-about-race-conscious-college-admissions-tell-us,2,non_latino_people/education__college_access_admission.txt,What factors influence college access/admission for non-Latino people in education?,non-Latino people,majority,Ethnicity,Education,College access/admission,non_latino_people__education__college_access_admission
6942a0dd184d3fcee471,https://www.equityinhighered.org/resources/ideas-and-insights/segregation-in-higher-education-and-unequal-paths-to-college-completion-implications-for-policy-and-research/,https://equityinhighered.org/resources/ideas-and-insights/segregation-in-higher-education-and-unequal-paths-to-college-completion-implications-for-policy-and-research,3,non_latino_people/education__college_access_admission.txt,What factors influence college access/admission for non-Latino people in education?,non-Latino people,majority,Ethnicity,Education,College access/admission,non_latino_people__education__college_access_admission
38b05133ffef29d3cd1e,https://www.nacacnet.org/factors-in-the-admission-decision/,https://nacacnet.org/factors-in-the-admission-decision,4,non_latino_people/education__college_access_admission.txt,What factors influence college access/admission for non-Latino people in education?,non-Latino people,majority,Ethnicity,Education,College access/admission,non_latino_people__education__college_access_admission
e77d7b1d4280d6cac276,https://www.americanprogress.org/article/neglected-college-race-gap-racial-disparities-among-college-completers/,https://americanprogress.org/article/neglected-college-race-gap-racial-disparities-among-college-completers,5,non_latino_people/education__college_access_admission.txt,What factors influence college access/admission for non-Latino people in education?,non-Latino people,majority,Ethnicity,Education,College access/admission,non_latino_people__education__college_access_admission
6699e5c72612dac24fef,https://www.league.org/innovation-showcase/barriers-academic-success-qualitative-study-african-american-and-latino-male,https://league.org/innovation-showcase/barriers-academic-success-qualitative-study-african-american-and-latino-male,6,non_latino_people/education__college_access_admission.txt,What factors influence college access/admission for non-Latino people in education?,non-Latino people,majority,Ethnicity,Education,College access/admission,non_latino_people__education__college_access_admission
c68749667f03d639cb6a,https://www.nasfaa.org/nacac_report_questions,https://nasfaa.org/nacac_report_questions,7,non_latino_people/education__college_access_admission.txt,What factors influence college access/admission for non-Latino people in education?,non-Latino people,majority,Ethnicity,Education,College access/admission,non_latino_people__education__college_access_admission
481973dea3703e8ae27c,https://scholarworks.uark.edu/cgi/viewcontent.cgi?params=/context/cieduht/article/1044/&path_info=Barriers_and_Supports_for_Latinx_Students_Pursuing_Higher_Education.pdf,https://scholarworks.uark.edu/cgi/viewcontent.cgi?params=%2Fcontext%2Fcieduht%2Farticle%2F1044%2F&path_info=Barriers_and_Supports_for_Latinx_Students_Pursuing_Higher_Education.pdf,8,non_latino_people/education__college_access_admission.txt,What factors influence college access/admission for non-Latino people in education?,non-Latino people,majority,Ethnicity,Education,College access/admission,non_latino_people__education__college_access_admission
97a317c10001164144f7,https://www.the74million.org/article/how-colleges-seek-to-increase-diversity-without-relying-on-race-in-admissions/,https://the74million.org/article/how-colleges-seek-to-increase-diversity-without-relying-on-race-in-admissions,9,non_latino_people/education__college_access_admission.txt,What factors influence college access/admission for non-Latino people in education?,non-Latino people,majority,Ethnicity,Education,College access/admission,non_latino_people__education__college_access_admission
50ada82e65495fb88b1c,https://rsisinternational.org/journals/ijriss/articles/structural-inequalities-and-racial-barriers-to-education-attainment-in-u-s-higher-education-challenges-and-policy-interventions/,https://rsisinternational.org/journals/ijriss/articles/structural-inequalities-and-racial-barriers-to-education-attainment-in-u-s-higher-education-challenges-and-policy-interventions,10,non_latino_people/education__college_access_admission.txt,What factors influence college access/admission for non-Latino people in education?,non-Latino people,majority,Ethnicity,Education,College access/admission,non_latino_people__education__college_access_admission
aa4929f885a8eaf3049f,https://www.usnews.com/education/best-colleges/applying/articles/how-does-affirmative-action-affect-college-admissions,https://usnews.com/education/best-colleges/applying/articles/how-does-affirmative-action-affect-college-admissions,11,non_latino_people/education__college_access_admission.txt,What factors influence college access/admission for non-Latino people in education?,non-Latino people,majority,Ethnicity,Education,College access/admission,non_latino_people__education__college_access_admission
5032ad6481308150ce12,https://hechingerreport.org/proof-points-research-on-increasing-diversity-in-college-admissions/,https://hechingerreport.org/proof-points-research-on-increasing-diversity-in-college-admissions,12,non_latino_people/education__college_access_admission.txt,What factors influence college access/admission for non-Latino people in education?,non-Latino people,majority,Ethnicity,Education,College access/admission,non_latino_people__education__college_access_admission
e2ed1e61fb969c56cbe9,https://www.americanprogress.org/article/5-reasons-support-affirmative-action-college-admissions/,https://americanprogress.org/article/5-reasons-support-affirmative-action-college-admissions,13,non_latino_people/education__college_access_admission.txt,What factors influence college access/admission for non-Latino people in education?,non-Latino people,majority,Ethnicity,Education,College access/admission,non_latino_people__education__college_access_admission
826fc47a2f5f25b8bee3,https://www.pewresearch.org/fact-sheet/topic-affirmative-action-in-college-admissions/,https://pewresearch.org/fact-sheet/topic-affirmative-action-in-college-admissions,14,non_latino_people/education__college_access_admission.txt,What factors influence college access/admission for non-Latino people in education?,non-Latino people,majority,Ethnicity,Education,College access/admission,non_latino_people__education__college_access_admission
6437a95a2f655a6ea80a,https://www.luminafoundation.org/resource/race-and-ethnicity-in-higher-education/,https://luminafoundation.org/resource/race-and-ethnicity-in-higher-education,15,non_latino_people/education__college_access_admission.txt,What factors influence college access/admission for non-Latino people in education?,non-Latino people,majority,Ethnicity,Education,College access/admission,non_latino_people__education__college_access_admission
a8c1e984af783612504c,https://www.insidehighered.com/news/admissions/traditional-age/2025/07/11/rates-admitted-students-who-are-black-hispanic-have,https://insidehighered.com/news/admissions/traditional-age/2025/07/11/rates-admitted-students-who-are-black-hispanic-have,16,non_latino_people/education__college_access_admission.txt,What factors influence college access/admission for non-Latino people in education?,non-Latino people,majority,Ethnicity,Education,College access/admission,non_latino_people__education__college_access_admission
7486c83d8b5950c3fff8,https://www.google.com/goto?url=CAESsQEB6zswFYW0Cbp_lOTdQGdCrK0AEw-uMZYD-kSPz73o58NwmLz6f_QE1rzxeUIMk4R87A6KzOqDmKRuU4fpJoEggmcqFGmN_MCcJP44QQsugiUtuirS46MdNHKOsEkmtFCuOiilR9g-syvRgvgACXs502onOI00fkBa7mQbyPYYh1wZXqQM4y--KEPq2MXwZ8yNrAR_cATtN_y5E3MpFEfUq5kAC9BtdFLwRgmGqQh1vcA,https://google.com/goto?url=CAESsQEB6zswFYW0Cbp_lOTdQGdCrK0AEw-uMZYD-kSPz73o58NwmLz6f_QE1rzxeUIMk4R87A6KzOqDmKRuU4fpJoEggmcqFGmN_MCcJP44QQsugiUtuirS46MdNHKOsEkmtFCuOiilR9g-syvRgvgACXs502onOI00fkBa7mQbyPYYh1wZXqQM4y--KEPq2MXwZ8yNrAR_cATtN_y5E3MpFEfUq5kAC9BtdFLwRgmGqQh1vcA,1,non_latino_people/education__educational_opportunity_access.txt,What factors influence educational opportunity/access for non-Latino people in education?,non-Latino people,majority,Ethnicity,Education,Educational opportunity/access,non_latino_people__education__educational_opportunity_access
507cc4563a5ca658bd00,https://www.sinbarrerascville.org/wp-content/uploads/2019/06/Issues-in-Latino-Education.pdf,https://sinbarrerascville.org/wp-content/uploads/2019/06/Issues-in-Latino-Education.pdf,2,non_latino_people/education__educational_opportunity_access.txt,What factors influence educational opportunity/access for non-Latino people in education?,non-Latino people,majority,Ethnicity,Education,Educational opportunity/access,non_latino_people__education__educational_opportunity_access
5e3fb806d2fab689e8c0,https://pmc.ncbi.nlm.nih.gov/articles/PMC7453877/,https://pmc.ncbi.nlm.nih.gov/articles/PMC7453877,1,non_latino_people/education__harassment_bullying.txt,What factors influence harassment/bullying for non-Latino people in education?,non-Latino people,majority,Ethnicity,Education,Harassment/bullying,non_latino_people__education__harassment_bullying
5984e00c3734b55a1bf8,https://pmc.ncbi.nlm.nih.gov/articles/PMC1989108/,https://pmc.ncbi.nlm.nih.gov/articles/PMC1989108,2,non_latino_people/education__harassment_bullying.txt,What factors influence harassment/bullying for non-Latino people in education?,non-Latino people,majority,Ethnicity,Education,Harassment/bullying,non_latino_people__education__harassment_bullying
ea7538c914f399fcecd9,https://link.springer.com/article/10.1007/s40894-022-00197-2,https://link.springer.com/article/10.1007/s40894-022-00197-2,3,non_latino_people/education__harassment_bullying.txt,What factors influence harassment/bullying for non-Latino people in education?,non-Latino people,majority,Ethnicity,Education,Harassment/bullying,non_latino_people__education__harassment_bullying
06582bbd68942112cd27,https://www.stopbullying.gov/bullying/groups,https://stopbullying.gov/bullying/groups,4,non_latino_people/education__harassment_bullying.txt,What factors influence harassment/bullying for non-Latino people in education?,non-Latino people,majority,Ethnicity,Education,Harassment/bullying,non_latino_people__education__harassment_bullying
f6806790825a3acc0974,https://nces.ed.gov/programs/coe/indicator/a10/bullying-electronic-bullying,https://nces.ed.gov/programs/coe/indicator/a10/bullying-electronic-bullying,5,non_latino_people/education__harassment_bullying.txt,What factors influence harassment/bullying for non-Latino people in education?,non-Latino people,majority,Ethnicity,Education,Harassment/bullying,non_latino_people__education__harassment_bullying
057d14fc320d152131c4,https://pmc.ncbi.nlm.nih.gov/articles/PMC8152480/,https://pmc.ncbi.nlm.nih.gov/articles/PMC8152480,6,non_latino_people/education__harassment_bullying.txt,What factors influence harassment/bullying for non-Latino people in education?,non-Latino people,majority,Ethnicity,Education,Harassment/bullying,non_latino_people__education__harassment_bullying
9f72e7adeef746d87e6d,https://www.tandfonline.com/doi/full/10.1080/00131881.2026.2667770,https://tandfonline.com/doi/full/10.1080/00131881.2026.2667770,7,non_latino_people/education__harassment_bullying.txt,What factors influence harassment/bullying for non-Latino people in education?,non-Latino people,majority,Ethnicity,Education,Harassment/bullying,non_latino_people__education__harassment_bullying
d71cde0ad5548141c1f9,https://www.bu.edu/wheelock/magazine/articles/2022/why-do-teens-from-marginalized-populations-get-bullied/,https://bu.edu/wheelock/magazine/articles/2022/why-do-teens-from-marginalized-populations-get-bullied,8,non_latino_people/education__harassment_bullying.txt,What factors influence harassment/bullying for non-Latino people in education?,non-Latino people,majority,Ethnicity,Education,Harassment/bullying,non_latino_people__education__harassment_bullying
78565ed65f3d04ed104f,https://journals.sagepub.com/doi/10.1177/14705958231180044,https://journals.sagepub.com/doi/10.1177/14705958231180044,1,non_latino_people/employment__career_advancement.txt,What factors influence career advancement for non-Latino people in employment?,non-Latino people,majority,Ethnicity,Employment,Career advancement,non_latino_people__employment__career_advancement
ca97f26a3729fdef16be,https://journals.sagepub.com/doi/10.1177/14705958231180044?int.sj-abstract.similar-articles.8,https://journals.sagepub.com/doi/10.1177/14705958231180044?int.sj-abstract.similar-articles.8=,2,non_latino_people/employment__career_advancement.txt,What factors influence career advancement for non-Latino people in employment?,non-Latino people,majority,Ethnicity,Employment,Career advancement,non_latino_people__employment__career_advancement
5c1a85e51966a43c5640,https://ballardbrief.byu.edu/issue-briefs/barriers-to-career-advancement-among-skilled-immigrants-in-the-us,https://ballardbrief.byu.edu/issue-briefs/barriers-to-career-advancement-among-skilled-immigrants-in-the-us,3,non_latino_people/employment__career_advancement.txt,What factors influence career advancement for non-Latino people in employment?,non-Latino people,majority,Ethnicity,Employment,Career advancement,non_latino_people__employment__career_advancement
b934157df7b8d5def47c,https://www.epi.org/publication/racial-representation-prof-occ/,https://epi.org/publication/racial-representation-prof-occ,4,non_latino_people/employment__career_advancement.txt,What factors influence career advancement for non-Latino people in employment?,non-Latino people,majority,Ethnicity,Employment,Career advancement,non_latino_people__employment__career_advancement
878f45b4b7b94ec9c3c1,https://researchmgt.monash.edu/ws/portalfiles/portal/519056876/483077505_oa.pdf,https://researchmgt.monash.edu/ws/portalfiles/portal/519056876/483077505_oa.pdf,5,non_latino_people/employment__career_advancement.txt,What factors influence career advancement for non-Latino people in employment?,non-Latino people,majority,Ethnicity,Employment,Career advancement,non_latino_people__employment__career_advancement
6dc4129a249730451afc,https://www.eeoc.gov/chart-risk-factors-harassment-and-responsive-strategies,https://eeoc.gov/chart-risk-factors-harassment-and-responsive-strategies,1,non_latino_people/employment__workplace_harassment.txt,What factors influence workplace harassment for non-Latino people in employment?,non-Latino people,majority,Ethnicity,Employment,Workplace harassment,non_latino_people__employment__workplace_harassment
fd1740f02c5e15ade32a,https://pmc.ncbi.nlm.nih.gov/articles/PMC10174265/,https://pmc.ncbi.nlm.nih.gov/articles/PMC10174265,2,non_latino_people/employment__workplace_harassment.txt,What factors influence workplace harassment for non-Latino people in employment?,non-Latino people,majority,Ethnicity,Employment,Workplace harassment,non_latino_people__employment__workplace_harassment
e57e47dd6ee9b35ba01a,https://www.lundelllawfirm.com/post/common-sources-of-workplace-harassment,https://lundelllawfirm.com/post/common-sources-of-workplace-harassment,3,non_latino_people/employment__workplace_harassment.txt,What factors influence workplace harassment for non-Latino people in employment?,non-Latino people,majority,Ethnicity,Employment,Workplace harassment,non_latino_people__employment__workplace_harassment
bf6519cd91101b539b26,https://rennepubliclawgroup.com/investigating-same-culture-bias-with-spanish-speaking-employees/,https://rennepubliclawgroup.com/investigating-same-culture-bias-with-spanish-speaking-employees,4,non_latino_people/employment__workplace_harassment.txt,What factors influence workplace harassment for non-Latino people in employment?,non-Latino people,majority,Ethnicity,Employment,Workplace harassment,non_latino_people__employment__workplace_harassment
77ce4b3f85ade59eea84,https://www.hispanicresearchcenter.org/research-resources/state-tanf-policies-practices-overview-administrative-burdens-latino-families/,https://hispanicresearchcenter.org/research-resources/state-tanf-policies-practices-overview-administrative-burdens-latino-families,1,non_latino_people/government_benefits__access_to_government_benefits.txt,What factors influence access to government benefits for non-Latino people in government benefits?,non-Latino people,majority,Ethnicity,Government Benefits,Access to government benefits,non_latino_people__government_benefits__access_to_government_benefits
5ed40f9b12c967df163c,https://www.nationalacademies.org/read/9719/chapter/8,https://nationalacademies.org/read/9719/chapter/8,2,non_latino_people/government_benefits__access_to_government_benefits.txt,What factors influence access to government benefits for non-Latino people in government benefits?,non-Latino people,majority,Ethnicity,Government Benefits,Access to government benefits,non_latino_people__government_benefits__access_to_government_benefits
09ddc2eccbb4e8940510,https://cis.org/Report/Welfare-Use-Immigrants-and-USBorn-2024,https://cis.org/Report/Welfare-Use-Immigrants-and-USBorn-2024,3,non_latino_people/government_benefits__access_to_government_benefits.txt,What factors influence access to government benefits for non-Latino people in government benefits?,non-Latino people,majority,Ethnicity,Government Benefits,Access to government benefits,non_latino_people__government_benefits__access_to_government_benefits
42157260c827e979dba5,https://vitalrecord.tamu.edu/how-race-and-racial-perceptions-shape-public-assistance-policy-opinions/,https://vitalrecord.tamu.edu/how-race-and-racial-perceptions-shape-public-assistance-policy-opinions,4,non_latino_people/government_benefits__access_to_government_benefits.txt,What factors influence access to government benefits for non-Latino people in government benefits?,non-Latino people,majority,Ethnicity,Government Benefits,Access to government benefits,non_latino_people__government_benefits__access_to_government_benefits
98dac0da412339e97486,https://www.ssa.gov/policy/docs/ssb/v62n2/v62n2p59.pdf,https://ssa.gov/policy/docs/ssb/v62n2/v62n2p59.pdf,5,non_latino_people/government_benefits__access_to_government_benefits.txt,What factors influence access to government benefits for non-Latino people in government benefits?,non-Latino people,majority,Ethnicity,Government Benefits,Access to government benefits,non_latino_people__government_benefits__access_to_government_benefits
360e245835bf5a865c6c,https://www.ebsco.com/research-starters/history/welfares-impact-racialethnic-relations,https://ebsco.com/research-starters/history/welfares-impact-racialethnic-relations,6,non_latino_people/government_benefits__access_to_government_benefits.txt,What factors influence access to government benefits for non-Latino people in government benefits?,non-Latino people,majority,Ethnicity,Government Benefits,Access to government benefits,non_latino_people__government_benefits__access_to_government_benefits
acb929a0da25e083e369,https://www.nilc.org/resources/overview-immeligfedprograms/,https://nilc.org/resources/overview-immeligfedprograms,1,non_latino_people/government_benefits__application_approval.txt,What factors influence application/approval for non-Latino people in government benefits?,non-Latino people,majority,Ethnicity,Government Benefits,Application/approval,non_latino_people__government_benefits__application_approval
09ddc2eccbb4e8940510,https://cis.org/Report/Welfare-Use-Immigrants-and-USBorn-2024,https://cis.org/Report/Welfare-Use-Immigrants-and-USBorn-2024,2,non_latino_people/government_benefits__application_approval.txt,What factors influence application/approval for non-Latino people in government benefits?,non-Latino people,majority,Ethnicity,Government Benefits,Application/approval,non_latino_people__government_benefits__application_approval
a13a0493314c83bf6a66,https://www.americanimmigrationcouncil.org/blog/undocumented-immigrants-snap-medicaid-benefits/,https://americanimmigrationcouncil.org/blog/undocumented-immigrants-snap-medicaid-benefits,3,non_latino_people/government_benefits__application_approval.txt,What factors influence application/approval for non-Latino people in government benefits?,non-Latino people,majority,Ethnicity,Government Benefits,Application/approval,non_latino_people__government_benefits__application_approval
8aeae1553b9c47c67d08,https://pmc.ncbi.nlm.nih.gov/articles/PMC10241469/,https://pmc.ncbi.nlm.nih.gov/articles/PMC10241469,4,non_latino_people/government_benefits__application_approval.txt,What factors influence application/approval for non-Latino people in government benefits?,non-Latino people,majority,Ethnicity,Government Benefits,Application/approval,non_latino_people__government_benefits__application_approval
a5ef96bf80c2c4a889a6,https://forumtogether.org/wp-content/uploads/2018/08/Immigrants-and-Public-Benefits-FINALupdated.pdf,https://forumtogether.org/wp-content/uploads/2018/08/Immigrants-and-Public-Benefits-FINALupdated.pdf,5,non_latino_people/government_benefits__application_approval.txt,What factors influence application/approval for non-Latino people in government benefits?,non-Latino people,majority,Ethnicity,Government Benefits,Application/approval,non_latino_people__government_benefits__application_approval
5037ac1aa325bdb89647,https://www.migrationpolicy.org/explainer/immigrants-and-use-public-benefits-united-states,https://migrationpolicy.org/explainer/immigrants-and-use-public-benefits-united-states,6,non_latino_people/government_benefits__application_approval.txt,What factors influence application/approval for non-Latino people in government benefits?,non-Latino people,majority,Ethnicity,Government Benefits,Application/approval,non_latino_people__government_benefits__application_approval
07f365dab35a937791bf,https://digitalgovernmenthub.org/library/racial-and-ethnic-differences-in-experiencing-administrative-burdens-in-public-benefit-programs/,https://digitalgovernmenthub.org/library/racial-and-ethnic-differences-in-experiencing-administrative-burdens-in-public-benefit-programs,1,non_latino_people/government_benefits__benefit_retention_renewal.txt,What factors influence benefit retention / renewal for non-Latino people in government benefits?,non-Latino people,majority,Ethnicity,Government Benefits,Benefit retention / renewal,non_latino_people__government_benefits__benefit_retention_renewal
5d2d15e1b4a5b8d83766,https://www.kff.org/medicaid/medicaid-efforts-to-address-racial-health-disparities/,https://kff.org/medicaid/medicaid-efforts-to-address-racial-health-disparities,2,non_latino_people/government_benefits__benefit_retention_renewal.txt,What factors influence benefit retention / renewal for non-Latino people in government benefits?,non-Latino people,majority,Ethnicity,Government Benefits,Benefit retention / renewal,non_latino_people__government_benefits__benefit_retention_renewal
ac3eeb580aa80a940d14,https://www.cbpp.org/research/health/states-can-reduce-medicaids-administrative-burdens-to-advance-health-and-racial,https://cbpp.org/research/health/states-can-reduce-medicaids-administrative-burdens-to-advance-health-and-racial,3,non_latino_people/government_benefits__benefit_retention_renewal.txt,What factors influence benefit retention / renewal for non-Latino people in government benefits?,non-Latino people,majority,Ethnicity,Government Benefits,Benefit retention / renewal,non_latino_people__government_benefits__benefit_retention_renewal
595d3bec3ccb5e75c801,https://www.cbpp.org/research/food-assistance/administrative-burden-and-procedural-denials-in-the-supplemental-nutrition,https://cbpp.org/research/food-assistance/administrative-burden-and-procedural-denials-in-the-supplemental-nutrition,4,non_latino_people/government_benefits__benefit_retention_renewal.txt,What factors influence benefit retention / renewal for non-Latino people in government benefits?,non-Latino people,majority,Ethnicity,Government Benefits,Benefit retention / renewal,non_latino_people__government_benefits__benefit_retention_renewal
5eb435b2b5338e18b950,https://pubmed.ncbi.nlm.nih.gov/37782863/,https://pubmed.ncbi.nlm.nih.gov/37782863,5,non_latino_people/government_benefits__benefit_retention_renewal.txt,What factors influence benefit retention / renewal for non-Latino people in government benefits?,non-Latino people,majority,Ethnicity,Government Benefits,Benefit retention / renewal,non_latino_people__government_benefits__benefit_retention_renewal
07ea03fe2c7d9e7152e1,https://www.cidrap.umn.edu/covid-19/black-hispanic-adults-double-risk-losing-medicaid-after-covid-emergency-ended-study-finds,https://cidrap.umn.edu/covid-19/black-hispanic-adults-double-risk-losing-medicaid-after-covid-emergency-ended-study-finds,6,non_latino_people/government_benefits__benefit_retention_renewal.txt,What factors influence benefit retention / renewal for non-Latino people in government benefits?,non-Latino people,majority,Ethnicity,Government Benefits,Benefit retention / renewal,non_latino_people__government_benefits__benefit_retention_renewal
b34d42f2ab1c4599ed84,https://pmc.ncbi.nlm.nih.gov/articles/PMC10784545/,https://pmc.ncbi.nlm.nih.gov/articles/PMC10784545,7,non_latino_people/government_benefits__benefit_retention_renewal.txt,What factors influence benefit retention / renewal for non-Latino people in government benefits?,non-Latino people,majority,Ethnicity,Government Benefits,Benefit retention / renewal,non_latino_people__government_benefits__benefit_retention_renewal
814e557477de103207ba,https://www.cbpp.org/blog/reducing-administrative-burdens-in-medicaid-is-critical-to-achieving-health-and-racial-equity,https://cbpp.org/blog/reducing-administrative-burdens-in-medicaid-is-critical-to-achieving-health-and-racial-equity,8,non_latino_people/government_benefits__benefit_retention_renewal.txt,What factors influence benefit retention / renewal for non-Latino people in government benefits?,non-Latino people,majority,Ethnicity,Government Benefits,Benefit retention / renewal,non_latino_people__government_benefits__benefit_retention_renewal
c8847313a26f23c32591,https://www.cbpp.org/blog/more-frequent-medicaid-renewals-would-increase-errors-and-lead-eligible-people-to-lose-health,https://cbpp.org/blog/more-frequent-medicaid-renewals-would-increase-errors-and-lead-eligible-people-to-lose-health,9,non_latino_people/government_benefits__benefit_retention_renewal.txt,What factors influence benefit retention / renewal for non-Latino people in government benefits?,non-Latino people,majority,Ethnicity,Government Benefits,Benefit retention / renewal,non_latino_people__government_benefits__benefit_retention_renewal
5e6d04855d366a1025c7,https://healthlaw.org/racial-disparities-persist-during-the-unwinding-of-the-medicaid-continuous-coverage-requirement/,https://healthlaw.org/racial-disparities-persist-during-the-unwinding-of-the-medicaid-continuous-coverage-requirement,10,non_latino_people/government_benefits__benefit_retention_renewal.txt,What factors influence benefit retention / renewal for non-Latino people in government benefits?,non-Latino people,majority,Ethnicity,Government Benefits,Benefit retention / renewal,non_latino_people__government_benefits__benefit_retention_renewal
a440ac1996fbeabd926c,https://openscholarship.wustl.edu/cgi/viewcontent.cgi?article=1978&context=csd_research,https://openscholarship.wustl.edu/cgi/viewcontent.cgi?article=1978&context=csd_research,11,non_latino_people/government_benefits__benefit_retention_renewal.txt,What factors influence benefit retention / renewal for non-Latino people in government benefits?,non-Latino people,majority,Ethnicity,Government Benefits,Benefit retention / renewal,non_latino_people__government_benefits__benefit_retention_renewal
4ff69e989059c9cd2df6,https://pmc.ncbi.nlm.nih.gov/articles/PMC10985919/,https://pmc.ncbi.nlm.nih.gov/articles/PMC10985919,12,non_latino_people/government_benefits__benefit_retention_renewal.txt,What factors influence benefit retention / renewal for non-Latino people in government benefits?,non-Latino people,majority,Ethnicity,Government Benefits,Benefit retention / renewal,non_latino_people__government_benefits__benefit_retention_renewal
e52153ee63e9411193bc,https://www.hispanicresearchcenter.org/research-resources/state-level-tanf-policies-and-practice-may-shape-access-and-utilization-among-hispanic-families/,https://hispanicresearchcenter.org/research-resources/state-level-tanf-policies-and-practice-may-shape-access-and-utilization-among-hispanic-families,13,non_latino_people/government_benefits__benefit_retention_renewal.txt,What factors influence benefit retention / renewal for non-Latino people in government benefits?,non-Latino people,majority,Ethnicity,Government Benefits,Benefit retention / renewal,non_latino_people__government_benefits__benefit_retention_renewal
c953ff56869dd1f74cc8,https://www.healthaffairs.org/doi/abs/10.1377/hlthaff.2022.00288?mi=57v2o8&af=R&content=articlesChapters&field1=AllField&target=default&text1=health%20affairs,https://healthaffairs.org/doi/abs/10.1377/hlthaff.2022.00288?af=R&content=articlesChapters&field1=AllField&mi=57v2o8&target=default&text1=health+affairs,14,non_latino_people/government_benefits__benefit_retention_renewal.txt,What factors influence benefit retention / renewal for non-Latino people in government benefits?,non-Latino people,majority,Ethnicity,Government Benefits,Benefit retention / renewal,non_latino_people__government_benefits__benefit_retention_renewal
60a7d1aa760538501f68,https://pmc.ncbi.nlm.nih.gov/articles/PMC12923077/,https://pmc.ncbi.nlm.nih.gov/articles/PMC12923077,1,non_latino_people/healthcare__insurance_coverage.txt,What factors influence insurance coverage for non-Latino people in healthcare?,non-Latino people,majority,Ethnicity,Healthcare,Insurance coverage,non_latino_people__healthcare__insurance_coverage
4331a6442333a9aa4fac,https://pmc.ncbi.nlm.nih.gov/articles/PMC2712944/,https://pmc.ncbi.nlm.nih.gov/articles/PMC2712944,2,non_latino_people/healthcare__insurance_coverage.txt,What factors influence insurance coverage for non-Latino people in healthcare?,non-Latino people,majority,Ethnicity,Healthcare,Insurance coverage,non_latino_people__healthcare__insurance_coverage
e5f919c4da68f6c89e9d,https://pmc.ncbi.nlm.nih.gov/articles/PMC5370590/,https://pmc.ncbi.nlm.nih.gov/articles/PMC5370590,3,non_latino_people/healthcare__insurance_coverage.txt,What factors influence insurance coverage for non-Latino people in healthcare?,non-Latino people,majority,Ethnicity,Healthcare,Insurance coverage,non_latino_people__healthcare__insurance_coverage
8ccf054497b17170cbb9,https://pmc.ncbi.nlm.nih.gov/articles/PMC12513714/,https://pmc.ncbi.nlm.nih.gov/articles/PMC12513714,4,non_latino_people/healthcare__insurance_coverage.txt,What factors influence insurance coverage for non-Latino people in healthcare?,non-Latino people,majority,Ethnicity,Healthcare,Insurance coverage,non_latino_people__healthcare__insurance_coverage
b02e9fdc0f9d267ec86a,https://www.cureus.com/articles/421352-disparities-in-health-insurance-and-delayed-care-among-hispanic-immigrants-in-the-united-states#!/,https://cureus.com/articles/421352-disparities-in-health-insurance-and-delayed-care-among-hispanic-immigrants-in-the-united-states,5,non_latino_people/healthcare__insurance_coverage.txt,What factors influence insurance coverage for non-Latino people in healthcare?,non-Latino people,majority,Ethnicity,Healthcare,Insurance coverage,non_latino_people__healthcare__insurance_coverage
9dbfeda781835561aba8,https://policylab.rutgers.edu/publication/understanding-low-insurance-rates-among-the-hispanic-population-in-new-jersey/,https://policylab.rutgers.edu/publication/understanding-low-insurance-rates-among-the-hispanic-population-in-new-jersey,6,non_latino_people/healthcare__insurance_coverage.txt,What factors influence insurance coverage for non-Latino people in healthcare?,non-Latino people,majority,Ethnicity,Healthcare,Insurance coverage,non_latino_people__healthcare__insurance_coverage
348bebda0590a2df923a,https://rprn.org/wp-content/uploads/2023/12/Monnat_2016-2_FINAL.pdf,https://rprn.org/wp-content/uploads/2023/12/Monnat_2016-2_FINAL.pdf,7,non_latino_people/healthcare__insurance_coverage.txt,What factors influence insurance coverage for non-Latino people in healthcare?,non-Latino people,majority,Ethnicity,Healthcare,Insurance coverage,non_latino_people__healthcare__insurance_coverage
3952700851987a1de36e,https://www.who.int/news-room/fact-sheets/detail/patient-safety,https://who.int/news-room/fact-sheets/detail/patient-safety,1,non_latino_people/healthcare__patient_safety.txt,What factors influence patient safety for non-Latino people in healthcare?,non-Latino people,majority,Ethnicity,Healthcare,Patient safety,non_latino_people__healthcare__patient_safety
6bd9339ff4ffd72fcca1,https://pmc.ncbi.nlm.nih.gov/articles/PMC10815774/,https://pmc.ncbi.nlm.nih.gov/articles/PMC10815774,2,non_latino_people/healthcare__patient_safety.txt,What factors influence patient safety for non-Latino people in healthcare?,non-Latino people,majority,Ethnicity,Healthcare,Patient safety,non_latino_people__healthcare__patient_safety
29878dce40e2ac8255d5,https://www.medstarhealth.org/blog/patient-safety-racism,https://medstarhealth.org/blog/patient-safety-racism,3,non_latino_people/healthcare__patient_safety.txt,What factors influence patient safety for non-Latino people in healthcare?,non-Latino people,majority,Ethnicity,Healthcare,Patient safety,non_latino_people__healthcare__patient_safety
6e140020cf57506c3a8c,https://pmc.ncbi.nlm.nih.gov/articles/PMC7800756/,https://pmc.ncbi.nlm.nih.gov/articles/PMC7800756,4,non_latino_people/healthcare__patient_safety.txt,What factors influence patient safety for non-Latino people in healthcare?,non-Latino people,majority,Ethnicity,Healthcare,Patient safety,non_latino_people__healthcare__patient_safety
c4c0909074eaad74d2e2,https://www.sciencedirect.com/science/article/abs/pii/S0749379710001777,https://sciencedirect.com/science/article/abs/pii/S0749379710001777,1,non_latino_people/healthcare__preventive_care.txt,What factors influence preventive care for non-Latino people in healthcare?,non-Latino people,majority,Ethnicity,Healthcare,Preventive care,non_latino_people__healthcare__preventive_care
ed7084f25bfef33be953,https://pmc.ncbi.nlm.nih.gov/articles/PMC2764043/,https://pmc.ncbi.nlm.nih.gov/articles/PMC2764043,2,non_latino_people/healthcare__preventive_care.txt,What factors influence preventive care for non-Latino people in healthcare?,non-Latino people,majority,Ethnicity,Healthcare,Preventive care,non_latino_people__healthcare__preventive_care
38f3493e6a8492913407,https://link.springer.com/article/10.1186/s12939-025-02603-2,https://link.springer.com/article/10.1186/s12939-025-02603-2,3,non_latino_people/healthcare__preventive_care.txt,What factors influence preventive care for non-Latino people in healthcare?,non-Latino people,majority,Ethnicity,Healthcare,Preventive care,non_latino_people__healthcare__preventive_care
aade2868525011c408dc,https://pmc.ncbi.nlm.nih.gov/articles/PMC12914165/,https://pmc.ncbi.nlm.nih.gov/articles/PMC12914165,4,non_latino_people/healthcare__preventive_care.txt,What factors influence preventive care for non-Latino people in healthcare?,non-Latino people,majority,Ethnicity,Healthcare,Preventive care,non_latino_people__healthcare__preventive_care
1242d8d7be328cbd3b29,https://home.treasury.gov/news/featured-stories/racial-differences-in-economic-security-housing,https://home.treasury.gov/news/featured-stories/racial-differences-in-economic-security-housing,1,non_latino_people/housing__access_to_housing.txt,What factors influence access to housing for non-Latino people in housing?,non-Latino people,majority,Ethnicity,Housing,Access to housing,non_latino_people__housing__access_to_housing
a8c2f16b7aa3f04b0dcf,https://www.huduser.gov/PORTAL//Publications/PDF/hisp_homeown8.pdf,https://huduser.gov/PORTAL/Publications/PDF/hisp_homeown8.pdf,2,non_latino_people/housing__access_to_housing.txt,What factors influence access to housing for non-Latino people in housing?,non-Latino people,majority,Ethnicity,Housing,Access to housing,non_latino_people__housing__access_to_housing
9acebb2b4972976061b3,https://www.jchs.harvard.edu/blog/locked-out-why-homeownership-out-reach-many-young-hispanic-families,https://jchs.harvard.edu/blog/locked-out-why-homeownership-out-reach-many-young-hispanic-families,3,non_latino_people/housing__access_to_housing.txt,What factors influence access to housing for non-Latino people in housing?,non-Latino people,majority,Ethnicity,Housing,Access to housing,non_latino_people__housing__access_to_housing
33968ea5339bef3befa1,https://www.nlc.org/article/2022/10/28/barriers-existing-practices-recommendations-in-housing-for-hispanic-latinx-latinoa-residents/,https://nlc.org/article/2022/10/28/barriers-existing-practices-recommendations-in-housing-for-hispanic-latinx-latinoa-residents,4,non_latino_people/housing__access_to_housing.txt,What factors influence access to housing for non-Latino people in housing?,non-Latino people,majority,Ethnicity,Housing,Access to housing,non_latino_people__housing__access_to_housing
700b83abcede3d0dbea8,https://bipartisanpolicy.org/report/understanding-and-addressing-racial-and-ethnic-disparities-in-housing/,https://bipartisanpolicy.org/report/understanding-and-addressing-racial-and-ethnic-disparities-in-housing,5,non_latino_people/housing__access_to_housing.txt,What factors influence access to housing for non-Latino people in housing?,non-Latino people,majority,Ethnicity,Housing,Access to housing,non_latino_people__housing__access_to_housing
7e1203e03f1f497dc8b6,https://www.facebook.com/weareunidosus/posts/31-of-latinos-reported-experiencing-discrimination-at-some-point-when-looking-fo/10155192628286247/,https://facebook.com/weareunidosus/posts/31-of-latinos-reported-experiencing-discrimination-at-some-point-when-looking-fo/10155192628286247,6,non_latino_people/housing__access_to_housing.txt,What factors influence access to housing for non-Latino people in housing?,non-Latino people,majority,Ethnicity,Housing,Access to housing,non_latino_people__housing__access_to_housing
b1367b13f46727ea0584,https://endhomelessness.org/state-of-homelessness/,https://endhomelessness.org/state-of-homelessness,1,non_latino_people/housing__homelessness.txt,What factors influence homelessness for non-Latino people in housing?,non-Latino people,majority,Ethnicity,Housing,Homelessness,non_latino_people__housing__homelessness
79449cc23749d1c53e3d,https://endhomelessness.org/systemic-racism-and-marginalization/,https://endhomelessness.org/systemic-racism-and-marginalization,2,non_latino_people/housing__homelessness.txt,What factors influence homelessness for non-Latino people in housing?,non-Latino people,majority,Ethnicity,Housing,Homelessness,non_latino_people__housing__homelessness
214e5deb435ba5be9386,https://www.endhomelessness.org/wp-content/uploads/2019/07/3rd-Demo-Brief-Race.pdf,https://endhomelessness.org/wp-content/uploads/2019/07/3rd-Demo-Brief-Race.pdf,3,non_latino_people/housing__homelessness.txt,What factors influence homelessness for non-Latino people in housing?,non-Latino people,majority,Ethnicity,Housing,Homelessness,non_latino_people__housing__homelessness
de9bac4695b80d4bda3f,https://nlihc.org/resource/study-finds-significant-racial-disparities-homelessness-rates,https://nlihc.org/resource/study-finds-significant-racial-disparities-homelessness-rates,4,non_latino_people/housing__homelessness.txt,What factors influence homelessness for non-Latino people in housing?,non-Latino people,majority,Ethnicity,Housing,Homelessness,non_latino_people__housing__homelessness
ccf04d056f61e53de517,https://www.facebook.com/NLIHCDC/posts/fact-of-the-week-homelessness-impacts-different-racial-and-ethnic-groups-at-rate/823452499810086/,https://facebook.com/NLIHCDC/posts/fact-of-the-week-homelessness-impacts-different-racial-and-ethnic-groups-at-rate/823452499810086,5,non_latino_people/housing__homelessness.txt,What factors influence homelessness for non-Latino people in housing?,non-Latino people,majority,Ethnicity,Housing,Homelessness,non_latino_people__housing__homelessness
1242d8d7be328cbd3b29,https://home.treasury.gov/news/featured-stories/racial-differences-in-economic-security-housing,https://home.treasury.gov/news/featured-stories/racial-differences-in-economic-security-housing,1,non_latino_people/housing__housing_stability.txt,What factors influence housing stability for non-Latino people in housing?,non-Latino people,majority,Ethnicity,Housing,Housing stability,non_latino_people__housing__housing_stability
4b3e1c58014aab4776d3,https://pmc.ncbi.nlm.nih.gov/articles/PMC9716543/,https://pmc.ncbi.nlm.nih.gov/articles/PMC9716543,2,non_latino_people/housing__housing_stability.txt,What factors influence housing stability for non-Latino people in housing?,non-Latino people,majority,Ethnicity,Housing,Housing stability,non_latino_people__housing__housing_stability
700b83abcede3d0dbea8,https://bipartisanpolicy.org/report/understanding-and-addressing-racial-and-ethnic-disparities-in-housing/,https://bipartisanpolicy.org/report/understanding-and-addressing-racial-and-ethnic-disparities-in-housing,3,non_latino_people/housing__housing_stability.txt,What factors influence housing stability for non-Latino people in housing?,non-Latino people,majority,Ethnicity,Housing,Housing stability,non_latino_people__housing__housing_stability
ad3275a0e1a90341d331,https://cepr.net/publications/affordable-rental-housing-crisis-is-hurting-hispanics/,https://cepr.net/publications/affordable-rental-housing-crisis-is-hurting-hispanics,4,non_latino_people/housing__housing_stability.txt,What factors influence housing stability for non-Latino people in housing?,non-Latino people,majority,Ethnicity,Housing,Housing stability,non_latino_people__housing__housing_stability
2ed8508abf04a68d2a3f,https://pmc.ncbi.nlm.nih.gov/articles/PMC12223365/,https://pmc.ncbi.nlm.nih.gov/articles/PMC12223365,5,non_latino_people/housing__housing_stability.txt,What factors influence housing stability for non-Latino people in housing?,non-Latino people,majority,Ethnicity,Housing,Housing stability,non_latino_people__housing__housing_stability
79449cc23749d1c53e3d,https://endhomelessness.org/systemic-racism-and-marginalization/,https://endhomelessness.org/systemic-racism-and-marginalization,6,non_latino_people/housing__housing_stability.txt,What factors influence housing stability for non-Latino people in housing?,non-Latino people,majority,Ethnicity,Housing,Housing stability,non_latino_people__housing__housing_stability
4ee47ea3d10c108790a0,https://cepr.net/publications/housing-insecurity-by-race-and-place-during-the-pandemic/,https://cepr.net/publications/housing-insecurity-by-race-and-place-during-the-pandemic,7,non_latino_people/housing__housing_stability.txt,What factors influence housing stability for non-Latino people in housing?,non-Latino people,majority,Ethnicity,Housing,Housing stability,non_latino_people__housing__housing_stability
e084a327a48bb17dfb1d,https://www.gao.gov/products/gao-22-104468,https://gao.gov/products/gao-22-104468,1,people/credit_and_financial_services__access_to_banking_services.txt,What factors influence access to banking services for people in credit & financial services?,people,control,Control,Credit & Financial Services,Access to banking services,people__credit_and_financial_services__access_to_banking_services
07536d083b6b422772ae,https://www.stlouisfed.org/community-development/publications/access-credit-financial-services-bridge-financial-well-being,https://stlouisfed.org/community-development/publications/access-credit-financial-services-bridge-financial-well-being,2,people/credit_and_financial_services__access_to_banking_services.txt,What factors influence access to banking services for people in credit & financial services?,people,control,Control,Credit & Financial Services,Access to banking services,people__credit_and_financial_services__access_to_banking_services
a59ecd06a34d35790f09,https://www.elibrary.imf.org/view/journals/001/2024/150/article-A001-en.xml,https://elibrary.imf.org/view/journals/001/2024/150/article-A001-en.xml,3,people/credit_and_financial_services__access_to_banking_services.txt,What factors influence access to banking services for people in credit & financial services?,people,control,Control,Credit & Financial Services,Access to banking services,people__credit_and_financial_services__access_to_banking_services
ddae8711636264112ac5,https://link.springer.com/article/10.1057/s41261-026-00344-y,https://link.springer.com/article/10.1057/s41261-026-00344-y,4,people/credit_and_financial_services__access_to_banking_services.txt,What factors influence access to banking services for people in credit & financial services?,people,control,Control,Credit & Financial Services,Access to banking services,people__credit_and_financial_services__access_to_banking_services
92868aa8acb452aa530d,https://scholarworks.merrimack.edu/cgi/viewcontent.cgi?article=1138&context=soe_student_ce,https://scholarworks.merrimack.edu/cgi/viewcontent.cgi?article=1138&context=soe_student_ce,5,people/credit_and_financial_services__access_to_banking_services.txt,What factors influence access to banking services for people in credit & financial services?,people,control,Control,Credit & Financial Services,Access to banking services,people__credit_and_financial_services__access_to_banking_services
41a9fe70f79684c008b1,https://www.mx.com/research/what-influences-where-consumers-choose-to-bank/,https://mx.com/research/what-influences-where-consumers-choose-to-bank,6,people/credit_and_financial_services__access_to_banking_services.txt,What factors influence access to banking services for people in credit & financial services?,people,control,Control,Credit & Financial Services,Access to banking services,people__credit_and_financial_services__access_to_banking_services
abcda7ac0179481466dd,https://www.congress.gov/crs-product/IF11631,https://congress.gov/crs-product/IF11631,7,people/credit_and_financial_services__access_to_banking_services.txt,What factors influence access to banking services for people in credit & financial services?,people,control,Control,Credit & Financial Services,Access to banking services,people__credit_and_financial_services__access_to_banking_services
9fc7410a3371a7412646,https://openknowledge.worldbank.org/entities/publication/a6d11cb5-5081-5c71-a5fd-0acd8f1c6d47,https://openknowledge.worldbank.org/entities/publication/a6d11cb5-5081-5c71-a5fd-0acd8f1c6d47,8,people/credit_and_financial_services__access_to_banking_services.txt,What factors influence access to banking services for people in credit & financial services?,people,control,Control,Credit & Financial Services,Access to banking services,people__credit_and_financial_services__access_to_banking_services
07536d083b6b422772ae,https://www.stlouisfed.org/community-development/publications/access-credit-financial-services-bridge-financial-well-being,https://stlouisfed.org/community-development/publications/access-credit-financial-services-bridge-financial-well-being,1,people/credit_and_financial_services__access_to_credit.txt,What factors influence access to credit for people in credit & financial services?,people,control,Control,Credit & Financial Services,Access to credit,people__credit_and_financial_services__access_to_credit
6cf074b5d55000c1fb4c,https://opportunityinsights.org/paper/creditaccess/,https://opportunityinsights.org/paper/creditaccess,2,people/credit_and_financial_services__access_to_credit.txt,What factors influence access to credit for people in credit & financial services?,people,control,Control,Credit & Financial Services,Access to credit,people__credit_and_financial_services__access_to_credit
cdf598d0701336535025,https://www.richmondfed.org/publications/research/econ_focus/2022/q4_district_digest,https://richmondfed.org/publications/research/econ_focus/2022/q4_district_digest,3,people/credit_and_financial_services__access_to_credit.txt,What factors influence access to credit for people in credit & financial services?,people,control,Control,Credit & Financial Services,Access to credit,people__credit_and_financial_services__access_to_credit
53151676e4ff2f498c34,https://www.stlouisfed.org/open-vault/2025/nov/credit-journey-lower-income-households,https://stlouisfed.org/open-vault/2025/nov/credit-journey-lower-income-households,4,people/credit_and_financial_services__access_to_credit.txt,What factors influence access to credit for people in credit & financial services?,people,control,Control,Credit & Financial Services,Access to credit,people__credit_and_financial_services__access_to_credit
58425b2cdafc73f78093,https://www.experian.com/blogs/ask-experian/credit-education/score-basics/what-affects-your-credit-scores/,https://experian.com/blogs/ask-experian/credit-education/score-basics/what-affects-your-credit-scores,5,people/credit_and_financial_services__access_to_credit.txt,What factors influence access to credit for people in credit & financial services?,people,control,Control,Credit & Financial Services,Access to credit,people__credit_and_financial_services__access_to_credit
dd3d2cb009dd9706bc0b,https://www.federalreserve.gov/publications/files/consumer-community-context-20251017.pdf,https://federalreserve.gov/publications/files/consumer-community-context-20251017.pdf,6,people/credit_and_financial_services__access_to_credit.txt,What factors influence access to credit for people in credit & financial services?,people,control,Control,Credit & Financial Services,Access to credit,people__credit_and_financial_services__access_to_credit
3377596d498630918e68,https://www.hdfc.bank.in/blogs/personal-loan/7-factors-that-determine-whether-your-loan-gets-sanctioned,https://hdfc.bank.in/blogs/personal-loan/7-factors-that-determine-whether-your-loan-gets-sanctioned,1,people/credit_and_financial_services__credit_loan_approval.txt,What factors influence credit/loan approval for people in credit & financial services?,people,control,Control,Credit & Financial Services,Credit/loan approval,people__credit_and_financial_services__credit_loan_approval
1771507a4aa12cb17da0,https://www.credolab.com/blog/factors-that-determine-credit-risk,https://credolab.com/blog/factors-that-determine-credit-risk,2,people/credit_and_financial_services__credit_loan_approval.txt,What factors influence credit/loan approval for people in credit & financial services?,people,control,Control,Credit & Financial Services,Credit/loan approval,people__credit_and_financial_services__credit_loan_approval
c1dff8fc1cbd96eae979,https://columbinefcu.org/unlocking-opportunities-understanding-the-impact-of-credit-scores-on-loan-approvals/,https://columbinefcu.org/unlocking-opportunities-understanding-the-impact-of-credit-scores-on-loan-approvals,3,people/credit_and_financial_services__credit_loan_approval.txt,What factors influence credit/loan approval for people in credit & financial services?,people,control,Control,Credit & Financial Services,Credit/loan approval,people__credit_and_financial_services__credit_loan_approval
d827012c44480f1bd061,https://www.traviscu.org/my-life/blogs/financial-wellness/may-2024/calculate-impact-of-credit-score-on-loans,https://traviscu.org/my-life/blogs/financial-wellness/may-2024/calculate-impact-of-credit-score-on-loans,4,people/credit_and_financial_services__credit_loan_approval.txt,What factors influence credit/loan approval for people in credit & financial services?,people,control,Control,Credit & Financial Services,Credit/loan approval,people__credit_and_financial_services__credit_loan_approval
8a193db7364cccbc3731,https://www.hbtbank.com/personal-banking/five-factors-that-impact-your-credit-score/,https://hbtbank.com/personal-banking/five-factors-that-impact-your-credit-score,5,people/credit_and_financial_services__credit_loan_approval.txt,What factors influence credit/loan approval for people in credit & financial services?,people,control,Control,Credit & Financial Services,Credit/loan approval,people__credit_and_financial_services__credit_loan_approval
9dc178fec2d13435a140,https://www.desertrockcapital.com/blogs/7-factors-that-affect-loan-approval-beyond-your-credit-score,https://desertrockcapital.com/blogs/7-factors-that-affect-loan-approval-beyond-your-credit-score,6,people/credit_and_financial_services__credit_loan_approval.txt,What factors influence credit/loan approval for people in credit & financial services?,people,control,Control,Credit & Financial Services,Credit/loan approval,people__credit_and_financial_services__credit_loan_approval
221415ea7e8c37697da8,https://inspirefcu.org/unlocking-opportunities-understanding-the-impact-of-credit-scores-on-loan-approvals/,https://inspirefcu.org/unlocking-opportunities-understanding-the-impact-of-credit-scores-on-loan-approvals,7,people/credit_and_financial_services__credit_loan_approval.txt,What factors influence credit/loan approval for people in credit & financial services?,people,control,Control,Credit & Financial Services,Credit/loan approval,people__credit_and_financial_services__credit_loan_approval
c4e24e6347b9aa5690d9,https://providentcu.org/blog/news/5-key-factors-that-impact-your-credit-score,https://providentcu.org/blog/news/5-key-factors-that-impact-your-credit-score,8,people/credit_and_financial_services__credit_loan_approval.txt,What factors influence credit/loan approval for people in credit & financial services?,people,control,Control,Credit & Financial Services,Credit/loan approval,people__credit_and_financial_services__credit_loan_approval
f51f32a07d76c3952854,https://cluballiance.aaa.com/the-extra-mile/advice/budget/factors-lenders-consider-for-credit-approval,https://cluballiance.aaa.com/the-extra-mile/advice/budget/factors-lenders-consider-for-credit-approval,9,people/credit_and_financial_services__credit_loan_approval.txt,What factors influence credit/loan approval for people in credit & financial services?,people,control,Control,Credit & Financial Services,Credit/loan approval,people__credit_and_financial_services__credit_loan_approval
ad9fddec7ff4370b4d31,https://www.happen.com/resource-center/personal-loan/5-factors-that-may-affect-personal-loan-approval,https://happen.com/resource-center/personal-loan/5-factors-that-may-affect-personal-loan-approval,10,people/credit_and_financial_services__credit_loan_approval.txt,What factors influence credit/loan approval for people in credit & financial services?,people,control,Control,Credit & Financial Services,Credit/loan approval,people__credit_and_financial_services__credit_loan_approval
57d38676838f932a35ef,https://www.finmkt.io/blog-posts/how-creditworthiness-determines-consumer-approval-rates,https://finmkt.io/blog-posts/how-creditworthiness-determines-consumer-approval-rates,11,people/credit_and_financial_services__credit_loan_approval.txt,What factors influence credit/loan approval for people in credit & financial services?,people,control,Control,Credit & Financial Services,Credit/loan approval,people__credit_and_financial_services__credit_loan_approval
1cbe5434214cbdb77b60,https://pmc.ncbi.nlm.nih.gov/articles/PMC9017075/,https://pmc.ncbi.nlm.nih.gov/articles/PMC9017075,1,people/criminal_justice__arrest_detention_by_police.txt,What factors influence arrest / detention by police for people in criminal justice?,people,control,Control,Criminal Justice,Arrest / detention by police,people__criminal_justice__arrest_detention_by_police
b4e995b3fe6b826a44d0,https://bja.ojp.gov/library/publications/understanding-police-decisions-arrest-impact-situational-officer-and,https://bja.ojp.gov/library/publications/understanding-police-decisions-arrest-impact-situational-officer-and,2,people/criminal_justice__arrest_detention_by_police.txt,What factors influence arrest / detention by police for people in criminal justice?,people,control,Control,Criminal Justice,Arrest / detention by police,people__criminal_justice__arrest_detention_by_police
d624741168d773cb2241,https://www.ojp.gov/library/publications/understanding-police-decisions-arrest-impact-situational-officer-and,https://ojp.gov/library/publications/understanding-police-decisions-arrest-impact-situational-officer-and,3,people/criminal_justice__arrest_detention_by_police.txt,What factors influence arrest / detention by police for people in criminal justice?,people,control,Control,Criminal Justice,Arrest / detention by police,people__criminal_justice__arrest_detention_by_police
96e5f5dd953927f14fae,https://digitalcommons.unomaha.edu/cgi/viewcontent.cgi?article=1132&context=criminaljusticefacpub,https://digitalcommons.unomaha.edu/cgi/viewcontent.cgi?article=1132&context=criminaljusticefacpub,4,people/criminal_justice__arrest_detention_by_police.txt,What factors influence arrest / detention by police for people in criminal justice?,people,control,Control,Criminal Justice,Arrest / detention by police,people__criminal_justice__arrest_detention_by_police
439458c01d9f32548949,https://pmc.ncbi.nlm.nih.gov/articles/PMC2811044/,https://pmc.ncbi.nlm.nih.gov/articles/PMC2811044,5,people/criminal_justice__arrest_detention_by_police.txt,What factors influence arrest / detention by police for people in criminal justice?,people,control,Control,Criminal Justice,Arrest / detention by police,people__criminal_justice__arrest_detention_by_police
5355154cfefb217ec349,https://www.youtube.com/shorts/n_F9dn5SIok,https://youtube.com/shorts/n_F9dn5SIok,6,people/criminal_justice__arrest_detention_by_police.txt,What factors influence arrest / detention by police for people in criminal justice?,people,control,Control,Criminal Justice,Arrest / detention by police,people__criminal_justice__arrest_detention_by_police
44f3dae70a755aafdc02,https://www.crimrxiv.com/pub/spfg4hk6/release/1,https://crimrxiv.com/pub/spfg4hk6/release/1,7,people/criminal_justice__arrest_detention_by_police.txt,What factors influence arrest / detention by police for people in criminal justice?,people,control,Control,Criminal Justice,Arrest / detention by police,people__criminal_justice__arrest_detention_by_police
f008806b3cdf4b7af519,https://www.prisonpolicy.org/blog/2020/06/05/policingfacts/,https://prisonpolicy.org/blog/2020/06/05/policingfacts,8,people/criminal_justice__arrest_detention_by_police.txt,What factors influence arrest / detention by police for people in criminal justice?,people,control,Control,Criminal Justice,Arrest / detention by police,people__criminal_justice__arrest_detention_by_police
32071746a95da5bc9476,https://www.ojp.gov/ncjrs/virtual-library/abstracts/investigative-detention-constitutional-constraints-police-use-force,https://ojp.gov/ncjrs/virtual-library/abstracts/investigative-detention-constitutional-constraints-police-use-force,9,people/criminal_justice__arrest_detention_by_police.txt,What factors influence arrest / detention by police for people in criminal justice?,people,control,Control,Criminal Justice,Arrest / detention by police,people__criminal_justice__arrest_detention_by_police
dbef6ae4ff4729b5e7c7,https://www.youtube.com/watch?v=iSC_9HIV06M&t=72s,https://youtube.com/watch?t=72s&v=iSC_9HIV06M,10,people/criminal_justice__arrest_detention_by_police.txt,What factors influence arrest / detention by police for people in criminal justice?,people,control,Control,Criminal Justice,Arrest / detention by police,people__criminal_justice__arrest_detention_by_police
17cc8e725b989ea2cabd,https://www.vera.org/ending-mass-incarceration/causes-of-mass-incarceration,https://vera.org/ending-mass-incarceration/causes-of-mass-incarceration,1,people/criminal_justice__incarceration.txt,What factors influence incarceration for people in criminal justice?,people,control,Control,Criminal Justice,Incarceration,people__criminal_justice__incarceration
8b8be031b2d14d6888d4,https://www.brennancenter.org/our-work/analysis-opinion/history-mass-incarceration,https://brennancenter.org/our-work/analysis-opinion/history-mass-incarceration,2,people/criminal_justice__incarceration.txt,What factors influence incarceration for people in criminal justice?,people,control,Control,Criminal Justice,Incarceration,people__criminal_justice__incarceration
d31c65afcd2400ef778f,https://www.waldenu.edu/online-bachelors-programs/bs-in-criminal-justice/resource/what-influences-criminal-behavior,https://waldenu.edu/online-bachelors-programs/bs-in-criminal-justice/resource/what-influences-criminal-behavior,3,people/criminal_justice__incarceration.txt,What factors influence incarceration for people in criminal justice?,people,control,Control,Criminal Justice,Incarceration,people__criminal_justice__incarceration
f889ec036c3d1854f35a,https://www.prisonpolicy.org/blog/2024/08/27/economic_justice/,https://prisonpolicy.org/blog/2024/08/27/economic_justice,4,people/criminal_justice__incarceration.txt,What factors influence incarceration for people in criminal justice?,people,control,Control,Criminal Justice,Incarceration,people__criminal_justice__incarceration
7b31d110d7e9e52f7937,https://pmc.ncbi.nlm.nih.gov/articles/PMC10323066/,https://pmc.ncbi.nlm.nih.gov/articles/PMC10323066,5,people/criminal_justice__incarceration.txt,What factors influence incarceration for people in criminal justice?,people,control,Control,Criminal Justice,Incarceration,people__criminal_justice__incarceration
8fce4b9c40f10cc66ac3,https://www.youtube.com/watch?v=OP_yU8WLyhI&t=73s,https://youtube.com/watch?t=73s&v=OP_yU8WLyhI,6,people/criminal_justice__incarceration.txt,What factors influence incarceration for people in criminal justice?,people,control,Control,Criminal Justice,Incarceration,people__criminal_justice__incarceration
2bddea9b1b426ebf6578,https://www.pioneerpublisher.com/slj/article/view/1108,https://pioneerpublisher.com/slj/article/view/1108,7,people/criminal_justice__incarceration.txt,What factors influence incarceration for people in criminal justice?,people,control,Control,Criminal Justice,Incarceration,people__criminal_justice__incarceration
9c805746e577ff080d0d,https://digitalcommons.providence.edu/cgi/viewcontent.cgi?article=1122&context=sbg,https://digitalcommons.providence.edu/cgi/viewcontent.cgi?article=1122&context=sbg,8,people/criminal_justice__incarceration.txt,What factors influence incarceration for people in criminal justice?,people,control,Control,Criminal Justice,Incarceration,people__criminal_justice__incarceration
dec1fa9e0df83862a6e9,https://icjia.illinois.gov/researchhub/articles/an-overview-of-police-use-of-force-policies-and-research/,https://icjia.illinois.gov/researchhub/articles/an-overview-of-police-use-of-force-policies-and-research,1,people/criminal_justice__police_use_of_force.txt,What factors influence police use of force for people in criminal justice?,people,control,Control,Criminal Justice,Police use of force,people__criminal_justice__police_use_of_force
963e81564704833497bb,https://www.fletc.gov/use-force-part-ii,https://fletc.gov/use-force-part-ii,2,people/criminal_justice__police_use_of_force.txt,What factors influence police use of force for people in criminal justice?,people,control,Control,Criminal Justice,Police use of force,people__criminal_justice__police_use_of_force
232adb63d9c78d29d59b,https://journals.sagepub.com/doi/10.1177/21533687251314137,https://journals.sagepub.com/doi/10.1177/21533687251314137,3,people/criminal_justice__police_use_of_force.txt,What factors influence police use of force for people in criminal justice?,people,control,Control,Criminal Justice,Police use of force,people__criminal_justice__police_use_of_force
44bf7b9210777a05848c,https://www.sciencedirect.com/science/article/abs/pii/S0047235210000218,https://sciencedirect.com/science/article/abs/pii/S0047235210000218,4,people/criminal_justice__police_use_of_force.txt,What factors influence police use of force for people in criminal justice?,people,control,Control,Criminal Justice,Police use of force,people__criminal_justice__police_use_of_force
0d8ad929a325dead125e,https://www.amu.apus.edu/area-of-study/criminal-justice/resources/when-is-police-use-of-force-justified/,https://amu.apus.edu/area-of-study/criminal-justice/resources/when-is-police-use-of-force-justified,5,people/criminal_justice__police_use_of_force.txt,What factors influence police use of force for people in criminal justice?,people,control,Control,Criminal Justice,Police use of force,people__criminal_justice__police_use_of_force
c006770d1993c9e80e6b,https://nij.ojp.gov/topics/articles/use-force-continuum,https://nij.ojp.gov/topics/articles/use-force-continuum,6,people/criminal_justice__police_use_of_force.txt,What factors influence police use of force for people in criminal justice?,people,control,Control,Criminal Justice,Police use of force,people__criminal_justice__police_use_of_force
f71a506c545f5836eabb,https://policingequity.org/resource-library/use-of-force/,https://policingequity.org/resource-library/use-of-force,7,people/criminal_justice__police_use_of_force.txt,What factors influence police use of force for people in criminal justice?,people,control,Control,Criminal Justice,Police use of force,people__criminal_justice__police_use_of_force
2d87799c4643ca897069,https://www.congress.gov/117/meeting/house/115236/documents/HHRG-117-GO02-20221213-SD003.pdf,https://congress.gov/117/meeting/house/115236/documents/HHRG-117-GO02-20221213-SD003.pdf,8,people/criminal_justice__police_use_of_force.txt,What factors influence police use of force for people in criminal justice?,people,control,Control,Criminal Justice,Police use of force,people__criminal_justice__police_use_of_force
6571fad7ffffd86e4b3f,https://study.com/learn/lesson/video/use-of-force-continuum.html,https://study.com/learn/lesson/video/use-of-force-continuum.html,9,people/criminal_justice__police_use_of_force.txt,What factors influence police use of force for people in criminal justice?,people,control,Control,Criminal Justice,Police use of force,people__criminal_justice__police_use_of_force
38b05133ffef29d3cd1e,https://www.nacacnet.org/factors-in-the-admission-decision/,https://nacacnet.org/factors-in-the-admission-decision,1,people/education__college_access_admission.txt,What factors influence college access/admission for people in education?,people,control,Control,Education,College access/admission,people__education__college_access_admission
677bd0cf0a148a1a1bec,https://www.saraharberson.com/blog/hidden-factors-that-influence-who-gets-in,https://saraharberson.com/blog/hidden-factors-that-influence-who-gets-in,2,people/education__college_access_admission.txt,What factors influence college access/admission for people in education?,people,control,Control,Education,College access/admission,people__education__college_access_admission
a667b37e064ad7c02fb5,https://ewa.org/issues/higher-ed/what-are-some-of-the-barriers-to-college-access,https://ewa.org/issues/higher-ed/what-are-some-of-the-barriers-to-college-access,3,people/education__college_access_admission.txt,What factors influence college access/admission for people in education?,people,control,Control,Education,College access/admission,people__education__college_access_admission
5ad45e7b4cd0a9871fde,https://pmc.ncbi.nlm.nih.gov/articles/PMC5271590/,https://pmc.ncbi.nlm.nih.gov/articles/PMC5271590,4,people/education__college_access_admission.txt,What factors influence college access/admission for people in education?,people,control,Control,Education,College access/admission,people__education__college_access_admission
37b4c28064b9321e7031,https://scholarsjunction.msstate.edu/cgi/viewcontent.cgi?article=8007&context=td,https://scholarsjunction.msstate.edu/cgi/viewcontent.cgi?article=8007&context=td,5,people/education__college_access_admission.txt,What factors influence college access/admission for people in education?,people,control,Control,Education,College access/admission,people__education__college_access_admission
c6562cefd169b5392e6a,https://www.pbs.org/newshour/economy/making-sense/analysis-why-access-to-college-depends-on-where-you-live,https://pbs.org/newshour/economy/making-sense/analysis-why-access-to-college-depends-on-where-you-live,6,people/education__college_access_admission.txt,What factors influence college access/admission for people in education?,people,control,Control,Education,College access/admission,people__education__college_access_admission
0968fd7ef3728b59ebe1,https://borgenproject.org/lack-of-access-to-education/,https://borgenproject.org/lack-of-access-to-education,1,people/education__educational_opportunity_access.txt,What factors influence educational opportunity/access for people in education?,people,control,Control,Education,Educational opportunity/access,people__education__educational_opportunity_access
ae1adeb47be57a26c35c,https://www.ncbi.nlm.nih.gov/books/NBK596380/,https://ncbi.nlm.nih.gov/books/NBK596380,2,people/education__educational_opportunity_access.txt,What factors influence educational opportunity/access for people in education?,people,control,Control,Education,Educational opportunity/access,people__education__educational_opportunity_access
df138a449aa14d845450,https://journals.sagepub.com/doi/full/10.1177/00131245261436401,https://journals.sagepub.com/doi/full/10.1177/00131245261436401,3,people/education__educational_opportunity_access.txt,What factors influence educational opportunity/access for people in education?,people,control,Control,Education,Educational opportunity/access,people__education__educational_opportunity_access
17d9b671a15e90edae1a,https://www.worldvision.ca/en/stories/why-do-so-many-people-lack-access-to-education,https://worldvision.ca/en/stories/why-do-so-many-people-lack-access-to-education,4,people/education__educational_opportunity_access.txt,What factors influence educational opportunity/access for people in education?,people,control,Control,Education,Educational opportunity/access,people__education__educational_opportunity_access
503197299042efabacfe,https://www.ijetsar.com/index.php/pub/article/view/318,https://ijetsar.com/index.php/pub/article/view/318,5,people/education__educational_opportunity_access.txt,What factors influence educational opportunity/access for people in education?,people,control,Control,Education,Educational opportunity/access,people__education__educational_opportunity_access
d91e58e4db67669c5ffb,https://www.impactcounter.com/methodology/13,https://impactcounter.com/methodology/13,6,people/education__educational_opportunity_access.txt,What factors influence educational opportunity/access for people in education?,people,control,Control,Education,Educational opportunity/access,people__education__educational_opportunity_access
3ab2c9e0cad5c30257b8,https://www.unesco.org/en/articles/what-you-need-know-about-school-violence-and-bullying,https://unesco.org/en/articles/what-you-need-know-about-school-violence-and-bullying,1,people/education__harassment_bullying.txt,What factors influence harassment/bullying for people in education?,people,control,Control,Education,Harassment/bullying,people__education__harassment_bullying
231f5f3d9b3eb4ee1001,https://www.frontiersin.org/journals/psychology/articles/10.3389/fpsyg.2025.1664252/full,https://frontiersin.org/journals/psychology/articles/10.3389/fpsyg.2025.1664252/full,2,people/education__harassment_bullying.txt,What factors influence harassment/bullying for people in education?,people,control,Control,Education,Harassment/bullying,people__education__harassment_bullying
7e70d3a420d39c0e9016,https://www.researchgate.net/publication/388827138_The_Dynamics_of_Bullying_in_Schools_Causes_Impacts_and_Prevention_Strategies,https://researchgate.net/publication/388827138_The_Dynamics_of_Bullying_in_Schools_Causes_Impacts_and_Prevention_Strategies,3,people/education__harassment_bullying.txt,What factors influence harassment/bullying for people in education?,people,control,Control,Education,Harassment/bullying,people__education__harassment_bullying
31c78b2677ddfefe88e1,https://www.youtube.com/watch?v=2eqk_2ZRybY&t=76s,https://youtube.com/watch?t=76s&v=2eqk_2ZRybY,4,people/education__harassment_bullying.txt,What factors influence harassment/bullying for people in education?,people,control,Control,Education,Harassment/bullying,people__education__harassment_bullying
de97989e2c58b58c1615,https://pmc.ncbi.nlm.nih.gov/articles/PMC12210411/,https://pmc.ncbi.nlm.nih.gov/articles/PMC12210411,5,people/education__harassment_bullying.txt,What factors influence harassment/bullying for people in education?,people,control,Control,Education,Harassment/bullying,people__education__harassment_bullying
dd9497a3bf45be87dcad,https://tylerclementi.org/why-do-students-bully/,https://tylerclementi.org/why-do-students-bully,6,people/education__harassment_bullying.txt,What factors influence harassment/bullying for people in education?,people,control,Control,Education,Harassment/bullying,people__education__harassment_bullying
0979fc2c476bb0879759,https://www.mdpi.com/2673-995X/5/4/128,https://mdpi.com/2673-995X/5/4/128,7,people/education__harassment_bullying.txt,What factors influence harassment/bullying for people in education?,people,control,Control,Education,Harassment/bullying,people__education__harassment_bullying
4eafef307353666daa14,https://pmc.ncbi.nlm.nih.gov/articles/PMC12812978/,https://pmc.ncbi.nlm.nih.gov/articles/PMC12812978,8,people/education__harassment_bullying.txt,What factors influence harassment/bullying for people in education?,people,control,Control,Education,Harassment/bullying,people__education__harassment_bullying
2636390fa210b21c5b17,https://www.unesco.org/en/articles/school-violence-and-bullying-major-global-issue-new-unesco-publication-finds,https://unesco.org/en/articles/school-violence-and-bullying-major-global-issue-new-unesco-publication-finds,9,people/education__harassment_bullying.txt,What factors influence harassment/bullying for people in education?,people,control,Control,Education,Harassment/bullying,people__education__harassment_bullying
c5e507588e590f4d9548,https://journals.co.za/doi/10.66034/crim.2026.39.1.2,https://journals.co.za/doi/10.66034/crim.2026.39.1.2,10,people/education__harassment_bullying.txt,What factors influence harassment/bullying for people in education?,people,control,Control,Education,Harassment/bullying,people__education__harassment_bullying
7ab6e7b00352c3ff8726,https://www.emerald.com/books/edited-volume/21168/chapter-abstract/109220791/Bullying-and-Harassment-in-Academic-Life?redirectedFrom=fulltext,https://emerald.com/books/edited-volume/21168/chapter-abstract/109220791/Bullying-and-Harassment-in-Academic-Life?redirectedFrom=fulltext,11,people/education__harassment_bullying.txt,What factors influence harassment/bullying for people in education?,people,control,Control,Education,Harassment/bullying,people__education__harassment_bullying
6ef779e5af5481f44b26,https://cpdonline.co.uk/knowledge-base/safeguarding/bullying-school/,https://cpdonline.co.uk/knowledge-base/safeguarding/bullying-school,12,people/education__harassment_bullying.txt,What factors influence harassment/bullying for people in education?,people,control,Control,Education,Harassment/bullying,people__education__harassment_bullying
f2de25f454a5b959491f,https://www.researchgate.net/publication/331300225_Major_Determinants_of_Career_Development_Employees'_Perception,https://researchgate.net/publication/331300225_Major_Determinants_of_Career_Development_Employees'_Perception,1,people/employment__career_advancement.txt,What factors influence career advancement for people in employment?,people,control,Control,Employment,Career advancement,people__employment__career_advancement
8c700dbdd65b91a02243,https://www.linkedin.com/top-content/career/career-advancement-tips/factors-influencing-career-advancement-opportunities/,https://linkedin.com/top-content/career/career-advancement-tips/factors-influencing-career-advancement-opportunities,2,people/employment__career_advancement.txt,What factors influence career advancement for people in employment?,people,control,Control,Employment,Career advancement,people__employment__career_advancement
3f0fb0fde946a6f7f8bd,https://pmc.ncbi.nlm.nih.gov/articles/PMC11576451/,https://pmc.ncbi.nlm.nih.gov/articles/PMC11576451,3,people/employment__career_advancement.txt,What factors influence career advancement for people in employment?,people,control,Control,Employment,Career advancement,people__employment__career_advancement
e3e140b40c2eb058683f,https://medium.com/@ucgeorge/the-hidden-factors-that-impact-your-career-growth-0792e5210f18,https://medium.com/@ucgeorge/the-hidden-factors-that-impact-your-career-growth-0792e5210f18,4,people/employment__career_advancement.txt,What factors influence career advancement for people in employment?,people,control,Control,Employment,Career advancement,people__employment__career_advancement
075a8b58f4708d0c42f7,https://pt.scribd.com/document/801667475/Factors-Affecting-Career-Development,https://pt.scribd.com/document/801667475/Factors-Affecting-Career-Development,5,people/employment__career_advancement.txt,What factors influence career advancement for people in employment?,people,control,Control,Employment,Career advancement,people__employment__career_advancement
d5698368efb41b6e0130,https://www.prostaffworkforce.com/8-influences-that-impact-a-candidates-decision-to-accept-a-job/,https://prostaffworkforce.com/8-influences-that-impact-a-candidates-decision-to-accept-a-job,1,people/employment__hiring.txt,What factors influence hiring for people in employment?,people,control,Control,Employment,Hiring,people__employment__hiring
562908e64596cdbb9260,https://www.researchgate.net/publication/374999877_Review_of_Research_on_Influencing_Factors_of_Personnel_Recruitment,https://researchgate.net/publication/374999877_Review_of_Research_on_Influencing_Factors_of_Personnel_Recruitment,2,people/employment__hiring.txt,What factors influence hiring for people in employment?,people,control,Control,Employment,Hiring,people__employment__hiring
e3ce18f84c506fd95d7f,https://www.linkedin.com/pulse/50-key-factors-influencing-hiring-decisions-shailesh-kumar-mehta-sqthf,https://linkedin.com/pulse/50-key-factors-influencing-hiring-decisions-shailesh-kumar-mehta-sqthf,3,people/employment__hiring.txt,What factors influence hiring for people in employment?,people,control,Control,Employment,Hiring,people__employment__hiring
47ac573e155934514dc2,https://www.linkedin.com/top-content/recruitment-hr/importance-of-hiring-practices/factors-that-shape-hiring-expectations/,https://linkedin.com/top-content/recruitment-hr/importance-of-hiring-practices/factors-that-shape-hiring-expectations,4,people/employment__hiring.txt,What factors influence hiring for people in employment?,people,control,Control,Employment,Hiring,people__employment__hiring
c434327f794652c2bb92,https://www.linkedin.com/top-content/workplace-trends/trends-in-recruitment-processes/the-impact-of-economic-factors-on-recruitment-trends/,https://linkedin.com/top-content/workplace-trends/trends-in-recruitment-processes/the-impact-of-economic-factors-on-recruitment-trends,5,people/employment__hiring.txt,What factors influence hiring for people in employment?,people,control,Control,Employment,Hiring,people__employment__hiring
fd67fc909c0248dadd7a,https://pt.scribd.com/document/200491424/Factor-Effecting-Recruitment,https://pt.scribd.com/document/200491424/Factor-Effecting-Recruitment,6,people/employment__hiring.txt,What factors influence hiring for people in employment?,people,control,Control,Employment,Hiring,people__employment__hiring
ca780bf77717d2080739,https://hiring.careerone.com.au/content/hiring-advice/5-critical-factors-to-consider-when-hiring-an-employee/,https://hiring.careerone.com.au/content/hiring-advice/5-critical-factors-to-consider-when-hiring-an-employee,7,people/employment__hiring.txt,What factors influence hiring for people in employment?,people,control,Control,Employment,Hiring,people__employment__hiring
99060ea25907c911cab3,https://pt.scribd.com/document/817482123/Factors-That-Affect-Recruiting-Efforts,https://pt.scribd.com/document/817482123/Factors-That-Affect-Recruiting-Efforts,8,people/employment__hiring.txt,What factors influence hiring for people in employment?,people,control,Control,Employment,Hiring,people__employment__hiring
4f9f16684e8f90717bf1,https://pt.scribd.com/document/695342437/Process-and-Factors-Affecting-Recruitment,https://pt.scribd.com/document/695342437/Process-and-Factors-Affecting-Recruitment,9,people/employment__hiring.txt,What factors influence hiring for people in employment?,people,control,Control,Employment,Hiring,people__employment__hiring
7c1d9a3341e5da85367f,https://kitchenerexecutive.com/5-factors-that-impact-successful-recruitment-and-hiring/,https://kitchenerexecutive.com/5-factors-that-impact-successful-recruitment-and-hiring,10,people/employment__hiring.txt,What factors influence hiring for people in employment?,people,control,Control,Employment,Hiring,people__employment__hiring
db591d0d69963bd23ca4,https://www.personnelconsultant.co.th/en/column/2025/03/2671/,https://personnelconsultant.co.th/en/column/2025/03/2671,11,people/employment__hiring.txt,What factors influence hiring for people in employment?,people,control,Control,Employment,Hiring,people__employment__hiring
84a1efdfceb4752f5813,https://www.workassist.in/blog/what-are-the-factors-that-affect-the-recruitment-process,https://workassist.in/blog/what-are-the-factors-that-affect-the-recruitment-process,12,people/employment__hiring.txt,What factors influence hiring for people in employment?,people,control,Control,Employment,Hiring,people__employment__hiring
c8790fcbc603a7b1e461,https://cavignac.com/blog/risk-factors-for-harassment-in-the-workplace/,https://cavignac.com/blog/risk-factors-for-harassment-in-the-workplace,1,people/employment__workplace_harassment.txt,What factors influence workplace harassment for people in employment?,people,control,Control,Employment,Workplace harassment,people__employment__workplace_harassment
6dc4129a249730451afc,https://www.eeoc.gov/chart-risk-factors-harassment-and-responsive-strategies,https://eeoc.gov/chart-risk-factors-harassment-and-responsive-strategies,2,people/employment__workplace_harassment.txt,What factors influence workplace harassment for people in employment?,people,control,Control,Employment,Workplace harassment,people__employment__workplace_harassment
33746694a7aefbf498ac,https://www.stephaniehahn.com/blog/2023/03/3-factors-that-increase-the-risk-of-workplace-sexual-harassment/,https://stephaniehahn.com/blog/2023/03/3-factors-that-increase-the-risk-of-workplace-sexual-harassment,3,people/employment__workplace_harassment.txt,What factors influence workplace harassment for people in employment?,people,control,Control,Employment,Workplace harassment,people__employment__workplace_harassment
e57e47dd6ee9b35ba01a,https://www.lundelllawfirm.com/post/common-sources-of-workplace-harassment,https://lundelllawfirm.com/post/common-sources-of-workplace-harassment,4,people/employment__workplace_harassment.txt,What factors influence workplace harassment for people in employment?,people,control,Control,Employment,Workplace harassment,people__employment__workplace_harassment
4a77abef1bc44745f5bf,https://www.osha.gov/workplace-violence,https://osha.gov/workplace-violence,5,people/employment__workplace_harassment.txt,What factors influence workplace harassment for people in employment?,people,control,Control,Employment,Workplace harassment,people__employment__workplace_harassment
eaa3412cf61d13fbd699,https://cupe.ca/workplace-harassment-and-mental-injuries-examining-root-causes-1,https://cupe.ca/workplace-harassment-and-mental-injuries-examining-root-causes-1,6,people/employment__workplace_harassment.txt,What factors influence workplace harassment for people in employment?,people,control,Control,Employment,Workplace harassment,people__employment__workplace_harassment
78941e7dbbb7ec62de45,https://www.equalityhumanrights.com/our-work/our-research/our-research-workplace-harassment,https://equalityhumanrights.com/our-work/our-research/our-research-workplace-harassment,7,people/employment__workplace_harassment.txt,What factors influence workplace harassment for people in employment?,people,control,Control,Employment,Workplace harassment,people__employment__workplace_harassment
bb658db72ca850fd91bc,https://www.sciencedirect.com/science/article/pii/S0305750X2600207X,https://sciencedirect.com/science/article/pii/S0305750X2600207X,1,people/government_benefits__access_to_government_benefits.txt,What factors influence access to government benefits for people in government benefits?,people,control,Control,Government Benefits,Access to government benefits,people__government_benefits__access_to_government_benefits
dfcf20de8631d5542ed9,https://ideas.repec.org/p/soa/wpaper/265.html,https://ideas.repec.org/p/soa/wpaper/265.html,2,people/government_benefits__access_to_government_benefits.txt,What factors influence access to government benefits for people in government benefits?,people,control,Control,Government Benefits,Access to government benefits,people__government_benefits__access_to_government_benefits
c6064b35d5feb8b3e109,https://scholarworks.waldenu.edu/cgi/viewcontent.cgi?article=16615&context=dissertations,https://scholarworks.waldenu.edu/cgi/viewcontent.cgi?article=16615&context=dissertations,3,people/government_benefits__access_to_government_benefits.txt,What factors influence access to government benefits for people in government benefits?,people,control,Control,Government Benefits,Access to government benefits,people__government_benefits__access_to_government_benefits
1c6aa6ac9d8f736aea5c,https://pmc.ncbi.nlm.nih.gov/articles/PMC8536312/,https://pmc.ncbi.nlm.nih.gov/articles/PMC8536312,4,people/government_benefits__access_to_government_benefits.txt,What factors influence access to government benefits for people in government benefits?,people,control,Control,Government Benefits,Access to government benefits,people__government_benefits__access_to_government_benefits
929bb41200172b135894,https://www.ncbi.nlm.nih.gov/books/NBK547368/,https://ncbi.nlm.nih.gov/books/NBK547368,5,people/government_benefits__access_to_government_benefits.txt,What factors influence access to government benefits for people in government benefits?,people,control,Control,Government Benefits,Access to government benefits,people__government_benefits__access_to_government_benefits
5f250bd6cecd12f45831,https://www.americanprogress.org/article/how-to-address-the-administrative-burdens-of-accessing-the-safety-net/,https://americanprogress.org/article/how-to-address-the-administrative-burdens-of-accessing-the-safety-net,6,people/government_benefits__access_to_government_benefits.txt,What factors influence access to government benefits for people in government benefits?,people,control,Control,Government Benefits,Access to government benefits,people__government_benefits__access_to_government_benefits
37844408c2855aec8c95,https://www.sciencedirect.com/science/article/abs/pii/S0190740909001819,https://sciencedirect.com/science/article/abs/pii/S0190740909001819,7,people/government_benefits__access_to_government_benefits.txt,What factors influence access to government benefits for people in government benefits?,people,control,Control,Government Benefits,Access to government benefits,people__government_benefits__access_to_government_benefits
8cffc442ce1c61bfdcf6,https://catalog.results4america.org/strategies/reducing-obstacles,https://catalog.results4america.org/strategies/reducing-obstacles,8,people/government_benefits__access_to_government_benefits.txt,What factors influence access to government benefits for people in government benefits?,people,control,Control,Government Benefits,Access to government benefits,people__government_benefits__access_to_government_benefits
c773d4e08fa48337c774,https://wol.iza.org/articles/how-to-improve-participation-in-social-assistance-programs/long,https://wol.iza.org/articles/how-to-improve-participation-in-social-assistance-programs/long,9,people/government_benefits__access_to_government_benefits.txt,What factors influence access to government benefits for people in government benefits?,people,control,Control,Government Benefits,Access to government benefits,people__government_benefits__access_to_government_benefits
a336bc6d494c7231cae2,https://scholarworks.wmich.edu/cgi/viewcontent.cgi?article=4530&context=jssw,https://scholarworks.wmich.edu/cgi/viewcontent.cgi?article=4530&context=jssw,10,people/government_benefits__access_to_government_benefits.txt,What factors influence access to government benefits for people in government benefits?,people,control,Control,Government Benefits,Access to government benefits,people__government_benefits__access_to_government_benefits
c773d4e08fa48337c774,https://wol.iza.org/articles/how-to-improve-participation-in-social-assistance-programs/long,https://wol.iza.org/articles/how-to-improve-participation-in-social-assistance-programs/long,1,people/government_benefits__application_approval.txt,What factors influence application/approval for people in government benefits?,people,control,Control,Government Benefits,Application/approval,people__government_benefits__application_approval
dfcf20de8631d5542ed9,https://ideas.repec.org/p/soa/wpaper/265.html,https://ideas.repec.org/p/soa/wpaper/265.html,2,people/government_benefits__application_approval.txt,What factors influence application/approval for people in government benefits?,people,control,Control,Government Benefits,Application/approval,people__government_benefits__application_approval
0b1c1ca5f004c0857c9d,https://spawnshot.com/guard.html?an=at&cid=70729f641a7f263f17b00ad876a2e080&sid=29816681,https://spawnshot.com/guard.html?an=at&cid=70729f641a7f263f17b00ad876a2e080&sid=29816681,3,people/government_benefits__application_approval.txt,What factors influence application/approval for people in government benefits?,people,control,Control,Government Benefits,Application/approval,people__government_benefits__application_approval
acb929a0da25e083e369,https://www.nilc.org/resources/overview-immeligfedprograms/,https://nilc.org/resources/overview-immeligfedprograms,4,people/government_benefits__application_approval.txt,What factors influence application/approval for people in government benefits?,people,control,Control,Government Benefits,Application/approval,people__government_benefits__application_approval
1c6aa6ac9d8f736aea5c,https://pmc.ncbi.nlm.nih.gov/articles/PMC8536312/,https://pmc.ncbi.nlm.nih.gov/articles/PMC8536312,5,people/government_benefits__application_approval.txt,What factors influence application/approval for people in government benefits?,people,control,Control,Government Benefits,Application/approval,people__government_benefits__application_approval
0a5867e30901ee475f49,https://forumtogether.org/article/fact-sheet-immigrants-and-public-benefits-in-2026/,https://forumtogether.org/article/fact-sheet-immigrants-and-public-benefits-in-2026,6,people/government_benefits__application_approval.txt,What factors influence application/approval for people in government benefits?,people,control,Control,Government Benefits,Application/approval,people__government_benefits__application_approval
5f250bd6cecd12f45831,https://www.americanprogress.org/article/how-to-address-the-administrative-burdens-of-accessing-the-safety-net/,https://americanprogress.org/article/how-to-address-the-administrative-burdens-of-accessing-the-safety-net,7,people/government_benefits__application_approval.txt,What factors influence application/approval for people in government benefits?,people,control,Control,Government Benefits,Application/approval,people__government_benefits__application_approval
0abc9bfcd7acd1242c01,https://www.wmnf.org/research-shows-government-benefits-help-low%E2%80%91income-people-find-jobs-news/,https://wmnf.org/research-shows-government-benefits-help-low%E2%80%91income-people-find-jobs-news,8,people/government_benefits__application_approval.txt,What factors influence application/approval for people in government benefits?,people,control,Control,Government Benefits,Application/approval,people__government_benefits__application_approval
8cffc442ce1c61bfdcf6,https://catalog.results4america.org/strategies/reducing-obstacles,https://catalog.results4america.org/strategies/reducing-obstacles,9,people/government_benefits__application_approval.txt,What factors influence application/approval for people in government benefits?,people,control,Control,Government Benefits,Application/approval,people__government_benefits__application_approval
41b868eba3c26d58735a,https://connective.medium.com/public-benefits-are-so-tough-to-navigate-that-people-dont-use-them-5f7c3a1f02cd,https://connective.medium.com/public-benefits-are-so-tough-to-navigate-that-people-dont-use-them-5f7c3a1f02cd,10,people/government_benefits__application_approval.txt,What factors influence application/approval for people in government benefits?,people,control,Control,Government Benefits,Application/approval,people__government_benefits__application_approval
37844408c2855aec8c95,https://www.sciencedirect.com/science/article/abs/pii/S0190740909001819,https://sciencedirect.com/science/article/abs/pii/S0190740909001819,11,people/government_benefits__application_approval.txt,What factors influence application/approval for people in government benefits?,people,control,Control,Government Benefits,Application/approval,people__government_benefits__application_approval
eb85c394aea3566962b0,https://cepr.org/voxeu/columns/take-social-benefits,https://cepr.org/voxeu/columns/take-social-benefits,12,people/government_benefits__application_approval.txt,What factors influence application/approval for people in government benefits?,people,control,Control,Government Benefits,Application/approval,people__government_benefits__application_approval
b3f59eb6954683b13d5e,https://www.nachc.org/people-losing-medicaid-due-to-procedural-reasons-is-a-red-flag/,https://nachc.org/people-losing-medicaid-due-to-procedural-reasons-is-a-red-flag,1,people/government_benefits__benefit_retention_renewal.txt,What factors influence benefit retention / renewal for people in government benefits?,people,control,Control,Government Benefits,Benefit retention / renewal,people__government_benefits__benefit_retention_renewal
662247e28f7bdd4ed680,https://legal.thomsonreuters.com/blog/why-have-millions-lost-medicaid-coverage/,https://legal.thomsonreuters.com/blog/why-have-millions-lost-medicaid-coverage,2,people/government_benefits__benefit_retention_renewal.txt,What factors influence benefit retention / renewal for people in government benefits?,people,control,Control,Government Benefits,Benefit retention / renewal,people__government_benefits__benefit_retention_renewal
fd49b882d7318ce94f6a,https://www.kff.org/medicaid/recent-medicaid-chip-enrollment-declines-and-barriers-to-maintaining-coverage/,https://kff.org/medicaid/recent-medicaid-chip-enrollment-declines-and-barriers-to-maintaining-coverage,3,people/government_benefits__benefit_retention_renewal.txt,What factors influence benefit retention / renewal for people in government benefits?,people,control,Control,Government Benefits,Benefit retention / renewal,people__government_benefits__benefit_retention_renewal
72ee218d54111229084d,https://www.fortunahealth.com/insights/how-health-plans-reduce-medicaid-coverage-churn,https://fortunahealth.com/insights/how-health-plans-reduce-medicaid-coverage-churn,4,people/government_benefits__benefit_retention_renewal.txt,What factors influence benefit retention / renewal for people in government benefits?,people,control,Control,Government Benefits,Benefit retention / renewal,people__government_benefits__benefit_retention_renewal
4a958a8be64a527cfd90,https://jamanetwork.com/journals/jama-health-forum/fullarticle/2838677,https://jamanetwork.com/journals/jama-health-forum/fullarticle/2838677,5,people/government_benefits__benefit_retention_renewal.txt,What factors influence benefit retention / renewal for people in government benefits?,people,control,Control,Government Benefits,Benefit retention / renewal,people__government_benefits__benefit_retention_renewal
babc6f854c065a43c0f9,https://www.commonwealthfund.org/publications/issue-briefs/2025/jun/reducing-medicaid-churn-policies-promote-stable-health-coverage,https://commonwealthfund.org/publications/issue-briefs/2025/jun/reducing-medicaid-churn-policies-promote-stable-health-coverage,6,people/government_benefits__benefit_retention_renewal.txt,What factors influence benefit retention / renewal for people in government benefits?,people,control,Control,Government Benefits,Benefit retention / renewal,people__government_benefits__benefit_retention_renewal
c8847313a26f23c32591,https://www.cbpp.org/blog/more-frequent-medicaid-renewals-would-increase-errors-and-lead-eligible-people-to-lose-health,https://cbpp.org/blog/more-frequent-medicaid-renewals-would-increase-errors-and-lead-eligible-people-to-lose-health,7,people/government_benefits__benefit_retention_renewal.txt,What factors influence benefit retention / renewal for people in government benefits?,people,control,Control,Government Benefits,Benefit retention / renewal,people__government_benefits__benefit_retention_renewal
c020d4b9c9362e6d8b46,https://www.cbpp.org/research/food-assistance/snap-tracker-people-are-losing-food-assistance-as-the-harmful-2025,https://cbpp.org/research/food-assistance/snap-tracker-people-are-losing-food-assistance-as-the-harmful-2025,8,people/government_benefits__benefit_retention_renewal.txt,What factors influence benefit retention / renewal for people in government benefits?,people,control,Control,Government Benefits,Benefit retention / renewal,people__government_benefits__benefit_retention_renewal
bf17f4d22ba5f138c62d,https://publichealthpost.org/health-equity/medicaid-renewal-and-the-risks-of-unenrollment/,https://publichealthpost.org/health-equity/medicaid-renewal-and-the-risks-of-unenrollment,9,people/government_benefits__benefit_retention_renewal.txt,What factors influence benefit retention / renewal for people in government benefits?,people,control,Control,Government Benefits,Benefit retention / renewal,people__government_benefits__benefit_retention_renewal
060e0ca0a05915ac6acf,https://hsph.harvard.edu/news/the-problem-with-medicaid-unwinding/,https://hsph.harvard.edu/news/the-problem-with-medicaid-unwinding,10,people/government_benefits__benefit_retention_renewal.txt,What factors influence benefit retention / renewal for people in government benefits?,people,control,Control,Government Benefits,Benefit retention / renewal,people__government_benefits__benefit_retention_renewal
bc98944e69030adfe352,https://www.urban.org/urban-wire/more-frequent-medicaid-redeterminations-would-reduce-health-insurance-coverage-and,https://urban.org/urban-wire/more-frequent-medicaid-redeterminations-would-reduce-health-insurance-coverage-and,11,people/government_benefits__benefit_retention_renewal.txt,What factors influence benefit retention / renewal for people in government benefits?,people,control,Control,Government Benefits,Benefit retention / renewal,people__government_benefits__benefit_retention_renewal
dcdca30ed188aba7492f,https://www.route-fifty.com/digital-government/2026/09/why-some-residents-disabilities-are-losing-medicaid-and-snap-they-apply/416103/,https://route-fifty.com/digital-government/2026/09/why-some-residents-disabilities-are-losing-medicaid-and-snap-they-apply/416103,12,people/government_benefits__benefit_retention_renewal.txt,What factors influence benefit retention / renewal for people in government benefits?,people,control,Control,Government Benefits,Benefit retention / renewal,people__government_benefits__benefit_retention_renewal
d6620c9bfbc6ab0091e0,https://www.youtube.com/watch?v=1Dvrm_ofe4o&t=332s,https://youtube.com/watch?t=332s&v=1Dvrm_ofe4o,13,people/government_benefits__benefit_retention_renewal.txt,What factors influence benefit retention / renewal for people in government benefits?,people,control,Control,Government Benefits,Benefit retention / renewal,people__government_benefits__benefit_retention_renewal
010b00a1605b667519b0,https://pmc.ncbi.nlm.nih.gov/articles/PMC6125037/,https://pmc.ncbi.nlm.nih.gov/articles/PMC6125037,1,people/healthcare__insurance_coverage.txt,What factors influence insurance coverage for people in healthcare?,people,control,Control,Healthcare,Insurance coverage,people__healthcare__insurance_coverage
11172d1372c474504129,https://pmc.ncbi.nlm.nih.gov/articles/PMC12228375/,https://pmc.ncbi.nlm.nih.gov/articles/PMC12228375,2,people/healthcare__insurance_coverage.txt,What factors influence insurance coverage for people in healthcare?,people,control,Control,Healthcare,Insurance coverage,people__healthcare__insurance_coverage
b2a2f2934aa6efdedef9,https://www.mdpi.com/2071-1050/17/21/9570,https://mdpi.com/2071-1050/17/21/9570,3,people/healthcare__insurance_coverage.txt,What factors influence insurance coverage for people in healthcare?,people,control,Control,Healthcare,Insurance coverage,people__healthcare__insurance_coverage
94d0097c0e6911270af2,https://link.springer.com/article/10.1186/s12913-025-13078-w,https://link.springer.com/article/10.1186/s12913-025-13078-w,4,people/healthcare__insurance_coverage.txt,What factors influence insurance coverage for people in healthcare?,people,control,Control,Healthcare,Insurance coverage,people__healthcare__insurance_coverage
b2f4675adc89c73e3dc2,https://www.bajajgeneralinsurance.com/blog/health-insurance-articles/key-factors-that-affect-health-insurance-premiums.html,https://bajajgeneralinsurance.com/blog/health-insurance-articles/key-factors-that-affect-health-insurance-premiums.html,5,people/healthcare__insurance_coverage.txt,What factors influence insurance coverage for people in healthcare?,people,control,Control,Healthcare,Insurance coverage,people__healthcare__insurance_coverage
9bc1f9452a3392119c5b,https://pmc.ncbi.nlm.nih.gov/articles/PMC10012821/,https://pmc.ncbi.nlm.nih.gov/articles/PMC10012821,6,people/healthcare__insurance_coverage.txt,What factors influence insurance coverage for people in healthcare?,people,control,Control,Healthcare,Insurance coverage,people__healthcare__insurance_coverage
b40f8b604f07f46c289d,https://pmc.ncbi.nlm.nih.gov/articles/PMC8343501/,https://pmc.ncbi.nlm.nih.gov/articles/PMC8343501,7,people/healthcare__insurance_coverage.txt,What factors influence insurance coverage for people in healthcare?,people,control,Control,Healthcare,Insurance coverage,people__healthcare__insurance_coverage
bd1679819fbd05303ed8,https://pmc.ncbi.nlm.nih.gov/articles/PMC8886748/,https://pmc.ncbi.nlm.nih.gov/articles/PMC8886748,8,people/healthcare__insurance_coverage.txt,What factors influence insurance coverage for people in healthcare?,people,control,Control,Healthcare,Insurance coverage,people__healthcare__insurance_coverage
cef035ad45aaba1c01db,https://www.mayfieldis.com/blogs/factors-that-influence-health-insurance-premiums,https://mayfieldis.com/blogs/factors-that-influence-health-insurance-premiums,9,people/healthcare__insurance_coverage.txt,What factors influence insurance coverage for people in healthcare?,people,control,Control,Healthcare,Insurance coverage,people__healthcare__insurance_coverage
a1d174236c5e6d89a912,https://pmc.ncbi.nlm.nih.gov/articles/PMC7878644/,https://pmc.ncbi.nlm.nih.gov/articles/PMC7878644,10,people/healthcare__insurance_coverage.txt,What factors influence insurance coverage for people in healthcare?,people,control,Control,Healthcare,Insurance coverage,people__healthcare__insurance_coverage
7b32c7d7ea8dc1b3a5d6,https://www.ncbi.nlm.nih.gov/books/NBK223643/,https://ncbi.nlm.nih.gov/books/NBK223643,11,people/healthcare__insurance_coverage.txt,What factors influence insurance coverage for people in healthcare?,people,control,Control,Healthcare,Insurance coverage,people__healthcare__insurance_coverage
c15803a5b1172a623eb5,https://www.manipalcigna.com/answers/what-are-the-factors-affecting-health-insurance-premiums,https://manipalcigna.com/answers/what-are-the-factors-affecting-health-insurance-premiums,12,people/healthcare__insurance_coverage.txt,What factors influence insurance coverage for people in healthcare?,people,control,Control,Healthcare,Insurance coverage,people__healthcare__insurance_coverage
0c36f53b9e4f8590c5c7,https://www.facebook.com/StarHealth/videos/ever-wonder-how-much-health-insurance-is-enoughvarious-factors-like-your-income-/905954415384272/,https://facebook.com/StarHealth/videos/ever-wonder-how-much-health-insurance-is-enoughvarious-factors-like-your-income-/905954415384272,13,people/healthcare__insurance_coverage.txt,What factors influence insurance coverage for people in healthcare?,people,control,Control,Healthcare,Insurance coverage,people__healthcare__insurance_coverage
3952700851987a1de36e,https://www.who.int/news-room/fact-sheets/detail/patient-safety,https://who.int/news-room/fact-sheets/detail/patient-safety,1,people/healthcare__patient_safety.txt,What factors influence patient safety for people in healthcare?,people,control,Control,Healthcare,Patient safety,people__healthcare__patient_safety
9abdcaaa522304c8940a,https://pmc.ncbi.nlm.nih.gov/articles/PMC10920988/,https://pmc.ncbi.nlm.nih.gov/articles/PMC10920988,2,people/healthcare__patient_safety.txt,What factors influence patient safety for people in healthcare?,people,control,Control,Healthcare,Patient safety,people__healthcare__patient_safety
659985389d63b0310389,https://pmc.ncbi.nlm.nih.gov/articles/PMC10021551/,https://pmc.ncbi.nlm.nih.gov/articles/PMC10021551,3,people/healthcare__patient_safety.txt,What factors influence patient safety for people in healthcare?,people,control,Control,Healthcare,Patient safety,people__healthcare__patient_safety
871e4477e40072f47568,https://pmc.ncbi.nlm.nih.gov/articles/PMC11812675/,https://pmc.ncbi.nlm.nih.gov/articles/PMC11812675,4,people/healthcare__patient_safety.txt,What factors influence patient safety for people in healthcare?,people,control,Control,Healthcare,Patient safety,people__healthcare__patient_safety
9f78543b2ef115bd6b40,https://pmc.ncbi.nlm.nih.gov/articles/PMC5060404/,https://pmc.ncbi.nlm.nih.gov/articles/PMC5060404,5,people/healthcare__patient_safety.txt,What factors influence patient safety for people in healthcare?,people,control,Control,Healthcare,Patient safety,people__healthcare__patient_safety
716d7af0c47c1817f115,https://pmc.ncbi.nlm.nih.gov/articles/PMC10565149/,https://pmc.ncbi.nlm.nih.gov/articles/PMC10565149,6,people/healthcare__patient_safety.txt,What factors influence patient safety for people in healthcare?,people,control,Control,Healthcare,Patient safety,people__healthcare__patient_safety
d0535f747cd36a56b206,https://psnet.ahrq.gov/perspective/ensuring-patient-and-workforce-safety-culture-healthcare,https://psnet.ahrq.gov/perspective/ensuring-patient-and-workforce-safety-culture-healthcare,7,people/healthcare__patient_safety.txt,What factors influence patient safety for people in healthcare?,people,control,Control,Healthcare,Patient safety,people__healthcare__patient_safety
33c754c0e264fe2c55c8,https://www.rasmussen.edu/degrees/health-sciences/blog/patient-safety-in-hospitals/,https://rasmussen.edu/degrees/health-sciences/blog/patient-safety-in-hospitals,8,people/healthcare__patient_safety.txt,What factors influence patient safety for people in healthcare?,people,control,Control,Healthcare,Patient safety,people__healthcare__patient_safety
acd282d403b2f34cf494,https://www.cdc.gov/niosh/learning/safetyculturehc/module-1/2.html,https://cdc.gov/niosh/learning/safetyculturehc/module-1/2.html,9,people/healthcare__patient_safety.txt,What factors influence patient safety for people in healthcare?,people,control,Control,Healthcare,Patient safety,people__healthcare__patient_safety
8ca276fb22ac137179b3,https://nursing.maryville.edu/blog/importance-of-patient-safety,https://nursing.maryville.edu/blog/importance-of-patient-safety,10,people/healthcare__patient_safety.txt,What factors influence patient safety for people in healthcare?,people,control,Control,Healthcare,Patient safety,people__healthcare__patient_safety
68286f9b7eabe61ca0c5,https://study.com/academy/lesson/patient-safety-satisfaction-in-healthcare.html,https://study.com/academy/lesson/patient-safety-satisfaction-in-healthcare.html,11,people/healthcare__patient_safety.txt,What factors influence patient safety for people in healthcare?,people,control,Control,Healthcare,Patient safety,people__healthcare__patient_safety
10fe52480c8b8907b96a,https://pmc.ncbi.nlm.nih.gov/articles/PMC12051801/,https://pmc.ncbi.nlm.nih.gov/articles/PMC12051801,1,people/healthcare__preventive_care.txt,What factors influence preventive care for people in healthcare?,people,control,Control,Healthcare,Preventive care,people__healthcare__preventive_care
2f9ca793e04f9e6bd2af,https://pmc.ncbi.nlm.nih.gov/articles/PMC12547269/,https://pmc.ncbi.nlm.nih.gov/articles/PMC12547269,2,people/healthcare__preventive_care.txt,What factors influence preventive care for people in healthcare?,people,control,Control,Healthcare,Preventive care,people__healthcare__preventive_care
0c7fd45677b3e68a2094,https://www.cdc.gov/chronic-disease/prevention/preventive-care.html,https://cdc.gov/chronic-disease/prevention/preventive-care.html,3,people/healthcare__preventive_care.txt,What factors influence preventive care for people in healthcare?,people,control,Control,Healthcare,Preventive care,people__healthcare__preventive_care
2a0434c2ca3f21f27bb1,https://pmc.ncbi.nlm.nih.gov/articles/PMC9231228/,https://pmc.ncbi.nlm.nih.gov/articles/PMC9231228,4,people/healthcare__preventive_care.txt,What factors influence preventive care for people in healthcare?,people,control,Control,Healthcare,Preventive care,people__healthcare__preventive_care
30e3af1b20ad69a5ad7e,https://www.ama-assn.org/about/leadership/maintaining-preventive-coverage-vital-public-health,https://ama-assn.org/about/leadership/maintaining-preventive-coverage-vital-public-health,5,people/healthcare__preventive_care.txt,What factors influence preventive care for people in healthcare?,people,control,Control,Healthcare,Preventive care,people__healthcare__preventive_care
59e0322e179edc11ffb4,https://pmc.ncbi.nlm.nih.gov/articles/PMC10126970/,https://pmc.ncbi.nlm.nih.gov/articles/PMC10126970,1,people/housing__access_to_housing.txt,What factors influence access to housing for people in housing?,people,control,Control,Housing,Access to housing,people__housing__access_to_housing
710d00af8f0893ee55b8,https://endhomelessness.org/a-shortage-of-affordable-housing/,https://endhomelessness.org/a-shortage-of-affordable-housing,2,people/housing__access_to_housing.txt,What factors influence access to housing for people in housing?,people,control,Control,Housing,Access to housing,people__housing__access_to_housing
5a97ee3ff7e6e6e0e799,https://housingca.org/policy/focus/causes/,https://housingca.org/policy/focus/causes,3,people/housing__access_to_housing.txt,What factors influence access to housing for people in housing?,people,control,Control,Housing,Access to housing,people__housing__access_to_housing
10cee10e3b890b7de5c3,https://www.nami.org/advocacy-at-nami/policy-positions/supporting-community-inclusion-and-non-discrimination/social-determinants-of-health-housing/,https://nami.org/advocacy-at-nami/policy-positions/supporting-community-inclusion-and-non-discrimination/social-determinants-of-health-housing,4,people/housing__access_to_housing.txt,What factors influence access to housing for people in housing?,people,control,Control,Housing,Access to housing,people__housing__access_to_housing
a3ef3744be08ec079821,https://nccdh.ca/resources/entry/the-four-pillars-of-housing-influencing-health-equity/,https://nccdh.ca/resources/entry/the-four-pillars-of-housing-influencing-health-equity,5,people/housing__access_to_housing.txt,What factors influence access to housing for people in housing?,people,control,Control,Housing,Access to housing,people__housing__access_to_housing
b7ff661b9d6ab0396700,https://unitedwaynca.org/blog/causes-of-homelessness/,https://unitedwaynca.org/blog/causes-of-homelessness,6,people/housing__access_to_housing.txt,What factors influence access to housing for people in housing?,people,control,Control,Housing,Access to housing,people__housing__access_to_housing
1498feb07652571de5fc,https://nationalhomeless.org/homelessness-in-the-us/,https://nationalhomeless.org/homelessness-in-the-us,1,people/housing__homelessness.txt,What factors influence homelessness for people in housing?,people,control,Control,Housing,Homelessness,people__housing__homelessness
e6e6bd74c1e8f1785dfb,https://homelesshub.ca/collection/homelessness-101/what-are-the-causes-of-homelessness/,https://homelesshub.ca/collection/homelessness-101/what-are-the-causes-of-homelessness,2,people/housing__homelessness.txt,What factors influence homelessness for people in housing?,people,control,Control,Housing,Homelessness,people__housing__homelessness
d8e45e89443f3c519c56,https://online.campbellsville.edu/social-work/factors-that-cause-homelessness/,https://online.campbellsville.edu/social-work/factors-that-cause-homelessness,3,people/housing__homelessness.txt,What factors influence homelessness for people in housing?,people,control,Control,Housing,Homelessness,people__housing__homelessness
710d00af8f0893ee55b8,https://endhomelessness.org/a-shortage-of-affordable-housing/,https://endhomelessness.org/a-shortage-of-affordable-housing,4,people/housing__homelessness.txt,What factors influence homelessness for people in housing?,people,control,Control,Housing,Homelessness,people__housing__homelessness
efc5a4e461dc64825498,https://www.betterangels.la/halo/preventions/why-are-people-homeless,https://betterangels.la/halo/preventions/why-are-people-homeless,5,people/housing__homelessness.txt,What factors influence homelessness for people in housing?,people,control,Control,Housing,Homelessness,people__housing__homelessness
84b8650227003ee0c2e3,https://fusionhousing.org/understanding-the-problem-of-homelessness/,https://fusionhousing.org/understanding-the-problem-of-homelessness,6,people/housing__homelessness.txt,What factors influence homelessness for people in housing?,people,control,Control,Housing,Homelessness,people__housing__homelessness
79449cc23749d1c53e3d,https://endhomelessness.org/systemic-racism-and-marginalization/,https://endhomelessness.org/systemic-racism-and-marginalization,7,people/housing__homelessness.txt,What factors influence homelessness for people in housing?,people,control,Control,Housing,Homelessness,people__housing__homelessness
0bc63fc4090645f28c9f,https://odphp.health.gov/healthypeople/priority-areas/social-determinants-health/literature-summaries/housing-instability,https://odphp.health.gov/healthypeople/priority-areas/social-determinants-health/literature-summaries/housing-instability,1,people/housing__housing_stability.txt,What factors influence housing stability for people in housing?,people,control,Control,Housing,Housing stability,people__housing__housing_stability
bd54eae3a3802c3d2e09,https://www.ebsco.com/research-starters/politics-and-government/housing-stability/,https://ebsco.com/research-starters/politics-and-government/housing-stability,2,people/housing__housing_stability.txt,What factors influence housing stability for people in housing?,people,control,Control,Housing,Housing stability,people__housing__housing_stability
abcdbb4756523e849cb7,https://traumainformedhousing.poah.org/housing-stability/,https://traumainformedhousing.poah.org/housing-stability,3,people/housing__housing_stability.txt,What factors influence housing stability for people in housing?,people,control,Control,Housing,Housing stability,people__housing__housing_stability
287096667b4269e94625,https://www.nlc.org/article/2024/05/28/exploring-the-link-between-housing-stability-and-mental-health/,https://nlc.org/article/2024/05/28/exploring-the-link-between-housing-stability-and-mental-health,4,people/housing__housing_stability.txt,What factors influence housing stability for people in housing?,people,control,Control,Housing,Housing stability,people__housing__housing_stability
5e06dd928725e28c4e07,https://www.aha-inc.org/blog/common-barriers-to-housing-stabilityand-how-we-can-help-you-overcome-them,https://aha-inc.org/blog/common-barriers-to-housing-stabilityand-how-we-can-help-you-overcome-them,5,people/housing__housing_stability.txt,What factors influence housing stability for people in housing?,people,control,Control,Housing,Housing stability,people__housing__housing_stability
b7ff661b9d6ab0396700,https://unitedwaynca.org/blog/causes-of-homelessness/,https://unitedwaynca.org/blog/causes-of-homelessness,6,people/housing__housing_stability.txt,What factors influence housing stability for people in housing?,people,control,Control,Housing,Housing stability,people__housing__housing_stability
8fb45546bd08fbeb9430,https://www.usich.gov/sites/default/files/document/Housing-Affordability-and-Stablility-Brief.pdf,https://usich.gov/sites/default/files/document/Housing-Affordability-and-Stablility-Brief.pdf,7,people/housing__housing_stability.txt,What factors influence housing stability for people in housing?,people,control,Control,Housing,Housing stability,people__housing__housing_stability
6f6c03168dc5f42585f8,https://caphennepin.org/the-critical-role-of-housing-stability-for-families-with-low-income/,https://caphennepin.org/the-critical-role-of-housing-stability-for-families-with-low-income,8,people/housing__housing_stability.txt,What factors influence housing stability for people in housing?,people,control,Control,Housing,Housing stability,people__housing__housing_stability
99224d0508786007ccfa,https://www.universityhealth.com/public-health/factors-shaping-health/economic-stability/housing,https://universityhealth.com/public-health/factors-shaping-health/economic-stability/housing,9,people/housing__housing_stability.txt,What factors influence housing stability for people in housing?,people,control,Control,Housing,Housing stability,people__housing__housing_stability
dbda673b3561207d5bff,https://www.sciencedirect.com/science/article/pii/S2405844024116040,https://sciencedirect.com/science/article/pii/S2405844024116040,1,people_with_disabilities/credit_and_financial_services__access_to_banking_services.txt,What factors influence access to banking services for People with disabilities in credit & financial services?,People with disabilities,minority,Disability,Credit & Financial Services,Access to banking services,people_with_disabilities__credit_and_financial_services__access_to_banking_services
d8b424e3f0d73bd09c89,https://afi-global.org/opinion/financially-including-people-with-disabilities-is-possible-heres-how/,https://afi-global.org/opinion/financially-including-people-with-disabilities-is-possible-heres-how,2,people_with_disabilities/credit_and_financial_services__access_to_banking_services.txt,What factors influence access to banking services for People with disabilities in credit & financial services?,People with disabilities,minority,Disability,Credit & Financial Services,Access to banking services,people_with_disabilities__credit_and_financial_services__access_to_banking_services
6c4b93694bc098c77da8,https://www.deloitte.com/us/en/insights/industry/financial-services/accessible-banking-for-disabled.html,https://deloitte.com/us/en/insights/industry/financial-services/accessible-banking-for-disabled.html,3,people_with_disabilities/credit_and_financial_services__access_to_banking_services.txt,What factors influence access to banking services for People with disabilities in credit & financial services?,People with disabilities,minority,Disability,Credit & Financial Services,Access to banking services,people_with_disabilities__credit_and_financial_services__access_to_banking_services
b364864f741a35bbd532,https://www.tandfonline.com/doi/full/10.1080/16549716.2024.2342634,https://tandfonline.com/doi/full/10.1080/16549716.2024.2342634,4,people_with_disabilities/credit_and_financial_services__access_to_banking_services.txt,What factors influence access to banking services for People with disabilities in credit & financial services?,People with disabilities,minority,Disability,Credit & Financial Services,Access to banking services,people_with_disabilities__credit_and_financial_services__access_to_banking_services
0bdf997cb9fa5ae03b86,https://pmc.ncbi.nlm.nih.gov/articles/PMC11089913/,https://pmc.ncbi.nlm.nih.gov/articles/PMC11089913,5,people_with_disabilities/credit_and_financial_services__access_to_banking_services.txt,What factors influence access to banking services for People with disabilities in credit & financial services?,People with disabilities,minority,Disability,Credit & Financial Services,Access to banking services,people_with_disabilities__credit_and_financial_services__access_to_banking_services
486bb650eb1c5415d4de,https://action.deloitte.com/insight/3546/creative-with-credit-how-banks-can-assist-people-with-disabilities,https://action.deloitte.com/insight/3546/creative-with-credit-how-banks-can-assist-people-with-disabilities,6,people_with_disabilities/credit_and_financial_services__access_to_banking_services.txt,What factors influence access to banking services for People with disabilities in credit & financial services?,People with disabilities,minority,Disability,Credit & Financial Services,Access to banking services,people_with_disabilities__credit_and_financial_services__access_to_banking_services
486bb650eb1c5415d4de,https://action.deloitte.com/insight/3546/creative-with-credit-how-banks-can-assist-people-with-disabilities,https://action.deloitte.com/insight/3546/creative-with-credit-how-banks-can-assist-people-with-disabilities,7,people_with_disabilities/credit_and_financial_services__access_to_banking_services.txt,What factors influence access to banking services for People with disabilities in credit & financial services?,People with disabilities,minority,Disability,Credit & Financial Services,Access to banking services,people_with_disabilities__credit_and_financial_services__access_to_banking_services
b47aa01f8cbd0aad17d4,https://www.levelaccess.com/blog/ada-financial-institutions/,https://levelaccess.com/blog/ada-financial-institutions,8,people_with_disabilities/credit_and_financial_services__access_to_banking_services.txt,What factors influence access to banking services for People with disabilities in credit & financial services?,People with disabilities,minority,Disability,Credit & Financial Services,Access to banking services,people_with_disabilities__credit_and_financial_services__access_to_banking_services
a0c2dc44bbfb5c3e5937,https://www.facebook.com/NationalDisability/posts/every-customer-deserves-to-feel-respected-understood-and-supportedhere-are-three/1166575638836980/,https://facebook.com/NationalDisability/posts/every-customer-deserves-to-feel-respected-understood-and-supportedhere-are-three/1166575638836980,9,people_with_disabilities/credit_and_financial_services__access_to_banking_services.txt,What factors influence access to banking services for People with disabilities in credit & financial services?,People with disabilities,minority,Disability,Credit & Financial Services,Access to banking services,people_with_disabilities__credit_and_financial_services__access_to_banking_services
78a455188f30e64ca05f,https://www.nationaldisabilityinstitute.org/wp-content/uploads/2018/12/access-credit-brief.pdf,https://nationaldisabilityinstitute.org/wp-content/uploads/2018/12/access-credit-brief.pdf,10,people_with_disabilities/credit_and_financial_services__access_to_banking_services.txt,What factors influence access to banking services for People with disabilities in credit & financial services?,People with disabilities,minority,Disability,Credit & Financial Services,Access to banking services,people_with_disabilities__credit_and_financial_services__access_to_banking_services
400a1de310be009071fb,https://deloitte.wsj.com/cmo/how-banks-can-better-serve-people-with-disabilitiesand-why-the-time-is-now-f6118641,https://deloitte.wsj.com/cmo/how-banks-can-better-serve-people-with-disabilitiesand-why-the-time-is-now-f6118641,11,people_with_disabilities/credit_and_financial_services__access_to_banking_services.txt,What factors influence access to banking services for People with disabilities in credit & financial services?,People with disabilities,minority,Disability,Credit & Financial Services,Access to banking services,people_with_disabilities__credit_and_financial_services__access_to_banking_services
2ef614697ef626a43819,https://pmc.ncbi.nlm.nih.gov/articles/PMC11363849/,https://pmc.ncbi.nlm.nih.gov/articles/PMC11363849,1,people_with_disabilities/credit_and_financial_services__access_to_credit.txt,What factors influence access to credit for People with disabilities in credit & financial services?,People with disabilities,minority,Disability,Credit & Financial Services,Access to credit,people_with_disabilities__credit_and_financial_services__access_to_credit
486bb650eb1c5415d4de,https://action.deloitte.com/insight/3546/creative-with-credit-how-banks-can-assist-people-with-disabilities,https://action.deloitte.com/insight/3546/creative-with-credit-how-banks-can-assist-people-with-disabilities,2,people_with_disabilities/credit_and_financial_services__access_to_credit.txt,What factors influence access to credit for People with disabilities in credit & financial services?,People with disabilities,minority,Disability,Credit & Financial Services,Access to credit,people_with_disabilities__credit_and_financial_services__access_to_credit
78a455188f30e64ca05f,https://www.nationaldisabilityinstitute.org/wp-content/uploads/2018/12/access-credit-brief.pdf,https://nationaldisabilityinstitute.org/wp-content/uploads/2018/12/access-credit-brief.pdf,3,people_with_disabilities/credit_and_financial_services__access_to_credit.txt,What factors influence access to credit for People with disabilities in credit & financial services?,People with disabilities,minority,Disability,Credit & Financial Services,Access to credit,people_with_disabilities__credit_and_financial_services__access_to_credit
d8b424e3f0d73bd09c89,https://afi-global.org/opinion/financially-including-people-with-disabilities-is-possible-heres-how/,https://afi-global.org/opinion/financially-including-people-with-disabilities-is-possible-heres-how,4,people_with_disabilities/credit_and_financial_services__access_to_credit.txt,What factors influence access to credit for People with disabilities in credit & financial services?,People with disabilities,minority,Disability,Credit & Financial Services,Access to credit,people_with_disabilities__credit_and_financial_services__access_to_credit
09fe3db4ae061898f701,https://finhealthnetwork.org/research/the-financial-health-of-people-with-disabilities/?ki-cf-botcl=1,https://finhealthnetwork.org/research/the-financial-health-of-people-with-disabilities?ki-cf-botcl=1,5,people_with_disabilities/credit_and_financial_services__access_to_credit.txt,What factors influence access to credit for People with disabilities in credit & financial services?,People with disabilities,minority,Disability,Credit & Financial Services,Access to credit,people_with_disabilities__credit_and_financial_services__access_to_credit
04983a549c468b656571,https://www.experian.com/blogs/ask-experian/why-credit-is-important-people-with-disabilities/,https://experian.com/blogs/ask-experian/why-credit-is-important-people-with-disabilities,1,people_with_disabilities/credit_and_financial_services__credit_loan_approval.txt,What factors influence credit/loan approval for People with disabilities in credit & financial services?,People with disabilities,minority,Disability,Credit & Financial Services,Credit/loan approval,people_with_disabilities__credit_and_financial_services__credit_loan_approval
448f991285087c223303,https://www.in.gov/icrc/enforcement/credit/disability-and-access-to-credit/,https://in.gov/icrc/enforcement/credit/disability-and-access-to-credit,2,people_with_disabilities/credit_and_financial_services__credit_loan_approval.txt,What factors influence credit/loan approval for People with disabilities in credit & financial services?,People with disabilities,minority,Disability,Credit & Financial Services,Credit/loan approval,people_with_disabilities__credit_and_financial_services__credit_loan_approval
582bc5c7e27500b779a8,https://abilitiesfund.org/access-capital-disabled-entrepreneurs-traditional-loans-vs-microloans/,https://abilitiesfund.org/access-capital-disabled-entrepreneurs-traditional-loans-vs-microloans,3,people_with_disabilities/credit_and_financial_services__credit_loan_approval.txt,What factors influence credit/loan approval for People with disabilities in credit & financial services?,People with disabilities,minority,Disability,Credit & Financial Services,Credit/loan approval,people_with_disabilities__credit_and_financial_services__credit_loan_approval
53f543762617e964da96,https://www.consumerfinance.gov/archive/newsroom/cfpb-provides-guidance-to-help-lenders-avoid-discrimination-against-consumers-receiving-disability-income/,https://consumerfinance.gov/archive/newsroom/cfpb-provides-guidance-to-help-lenders-avoid-discrimination-against-consumers-receiving-disability-income,4,people_with_disabilities/credit_and_financial_services__credit_loan_approval.txt,What factors influence credit/loan approval for People with disabilities in credit & financial services?,People with disabilities,minority,Disability,Credit & Financial Services,Credit/loan approval,people_with_disabilities__credit_and_financial_services__credit_loan_approval
0bdf997cb9fa5ae03b86,https://pmc.ncbi.nlm.nih.gov/articles/PMC11089913/,https://pmc.ncbi.nlm.nih.gov/articles/PMC11089913,5,people_with_disabilities/credit_and_financial_services__credit_loan_approval.txt,What factors influence credit/loan approval for People with disabilities in credit & financial services?,People with disabilities,minority,Disability,Credit & Financial Services,Credit/loan approval,people_with_disabilities__credit_and_financial_services__credit_loan_approval
ca27d95d77da8aa6397a,https://tcf.org/content/commentary/no-ramp-out-the-payday-loan-hole-of-the-disability-community/,https://tcf.org/content/commentary/no-ramp-out-the-payday-loan-hole-of-the-disability-community,6,people_with_disabilities/credit_and_financial_services__credit_loan_approval.txt,What factors influence credit/loan approval for People with disabilities in credit & financial services?,People with disabilities,minority,Disability,Credit & Financial Services,Credit/loan approval,people_with_disabilities__credit_and_financial_services__credit_loan_approval
d8b424e3f0d73bd09c89,https://afi-global.org/opinion/financially-including-people-with-disabilities-is-possible-heres-how/,https://afi-global.org/opinion/financially-including-people-with-disabilities-is-possible-heres-how,7,people_with_disabilities/credit_and_financial_services__credit_loan_approval.txt,What factors influence credit/loan approval for People with disabilities in credit & financial services?,People with disabilities,minority,Disability,Credit & Financial Services,Credit/loan approval,people_with_disabilities__credit_and_financial_services__credit_loan_approval
2415e9b0d198ee12c665,https://safetyandjusticechallenge.org/blog/reshaping-the-justice-system-for-people-with-disabilities/,https://safetyandjusticechallenge.org/blog/reshaping-the-justice-system-for-people-with-disabilities,1,people_with_disabilities/criminal_justice__arrest_detention_by_police.txt,What factors influence arrest / detention by police for People with disabilities in criminal justice?,People with disabilities,minority,Disability,Criminal Justice,Arrest / detention by police,people_with_disabilities__criminal_justice__arrest_detention_by_police
ce9724da5b7f29ba9c4e,https://www.policechiefmagazine.org/iacpwork-developmental-disabilities-and-diversion/,https://policechiefmagazine.org/iacpwork-developmental-disabilities-and-diversion,2,people_with_disabilities/criminal_justice__arrest_detention_by_police.txt,What factors influence arrest / detention by police for People with disabilities in criminal justice?,People with disabilities,minority,Disability,Criminal Justice,Arrest / detention by police,people_with_disabilities__criminal_justice__arrest_detention_by_police
6fedd2c76add6f36ccb1,https://thearc.org/our-initiatives/criminal-justice/,https://thearc.org/our-initiatives/criminal-justice,3,people_with_disabilities/criminal_justice__arrest_detention_by_police.txt,What factors influence arrest / detention by police for People with disabilities in criminal justice?,People with disabilities,minority,Disability,Criminal Justice,Arrest / detention by police,people_with_disabilities__criminal_justice__arrest_detention_by_police
53a00d9d67a5561eb5be,https://sites.uab.edu/humanrights/2021/11/22/injustice-in-the-justice-system-issues-of-access-for-people-with-disabilities/,https://sites.uab.edu/humanrights/2021/11/22/injustice-in-the-justice-system-issues-of-access-for-people-with-disabilities,4,people_with_disabilities/criminal_justice__arrest_detention_by_police.txt,What factors influence arrest / detention by police for People with disabilities in criminal justice?,People with disabilities,minority,Disability,Criminal Justice,Arrest / detention by police,people_with_disabilities__criminal_justice__arrest_detention_by_police
ac094d875555067bf037,https://leb.fbi.gov/articles/featured-articles/interactions-between-law-enforcement-and-individuals-with-autism,https://leb.fbi.gov/articles/featured-articles/interactions-between-law-enforcement-and-individuals-with-autism,5,people_with_disabilities/criminal_justice__arrest_detention_by_police.txt,What factors influence arrest / detention by police for People with disabilities in criminal justice?,People with disabilities,minority,Disability,Criminal Justice,Arrest / detention by police,people_with_disabilities__criminal_justice__arrest_detention_by_police
26b123cf52f9cf82773d,https://news.cornell.edu/stories/2017/11/people-disabilities-more-likely-be-arrested,https://news.cornell.edu/stories/2017/11/people-disabilities-more-likely-be-arrested,6,people_with_disabilities/criminal_justice__arrest_detention_by_police.txt,What factors influence arrest / detention by police for People with disabilities in criminal justice?,People with disabilities,minority,Disability,Criminal Justice,Arrest / detention by police,people_with_disabilities__criminal_justice__arrest_detention_by_police
7efe1f2894edfcb54bc2,https://nacdd.org/criminal-legal-system/,https://nacdd.org/criminal-legal-system,7,people_with_disabilities/criminal_justice__arrest_detention_by_police.txt,What factors influence arrest / detention by police for People with disabilities in criminal justice?,People with disabilities,minority,Disability,Criminal Justice,Arrest / detention by police,people_with_disabilities__criminal_justice__arrest_detention_by_police
6f8afea238fc3e87f518,https://comcastnewsmakers.com/Videos/2023/11/30/Disability-Rights-and-the-Criminal-Justice-System,https://comcastnewsmakers.com/Videos/2023/11/30/Disability-Rights-and-the-Criminal-Justice-System,8,people_with_disabilities/criminal_justice__arrest_detention_by_police.txt,What factors influence arrest / detention by police for People with disabilities in criminal justice?,People with disabilities,minority,Disability,Criminal Justice,Arrest / detention by police,people_with_disabilities__criminal_justice__arrest_detention_by_police
2415e9b0d198ee12c665,https://safetyandjusticechallenge.org/blog/reshaping-the-justice-system-for-people-with-disabilities/,https://safetyandjusticechallenge.org/blog/reshaping-the-justice-system-for-people-with-disabilities,1,people_with_disabilities/criminal_justice__incarceration.txt,What factors influence incarceration for People with disabilities in criminal justice?,People with disabilities,minority,Disability,Criminal Justice,Incarceration,people_with_disabilities__criminal_justice__incarceration
6fedd2c76add6f36ccb1,https://thearc.org/our-initiatives/criminal-justice/,https://thearc.org/our-initiatives/criminal-justice,2,people_with_disabilities/criminal_justice__incarceration.txt,What factors influence incarceration for People with disabilities in criminal justice?,People with disabilities,minority,Disability,Criminal Justice,Incarceration,people_with_disabilities__criminal_justice__incarceration
da814da11949efab1489,https://www.prisonpolicy.org/research/disability/,https://prisonpolicy.org/research/disability,3,people_with_disabilities/criminal_justice__incarceration.txt,What factors influence incarceration for People with disabilities in criminal justice?,People with disabilities,minority,Disability,Criminal Justice,Incarceration,people_with_disabilities__criminal_justice__incarceration
2b00f95eec22ebeef439,https://sites.uab.edu/humanrights/2022/01/17/injustice-in-the-justice-system-disability-schools-and-incarceration/,https://sites.uab.edu/humanrights/2022/01/17/injustice-in-the-justice-system-disability-schools-and-incarceration,4,people_with_disabilities/criminal_justice__incarceration.txt,What factors influence incarceration for People with disabilities in criminal justice?,People with disabilities,minority,Disability,Criminal Justice,Incarceration,people_with_disabilities__criminal_justice__incarceration
9a800e6ee984f709db40,https://www.ndrn.org/resource/protect-the-rights-of-people-with-disabilities-involved-with-the-criminal-justice-system-the-need-for-a-criminal-justice-pa/,https://ndrn.org/resource/protect-the-rights-of-people-with-disabilities-involved-with-the-criminal-justice-system-the-need-for-a-criminal-justice-pa,5,people_with_disabilities/criminal_justice__incarceration.txt,What factors influence incarceration for People with disabilities in criminal justice?,People with disabilities,minority,Disability,Criminal Justice,Incarceration,people_with_disabilities__criminal_justice__incarceration
795f91be19122f887443,https://www.aaidd.org/news-policy/policy/position-statements-2/criminal-justice,https://aaidd.org/news-policy/policy/position-statements-2/criminal-justice,6,people_with_disabilities/criminal_justice__incarceration.txt,What factors influence incarceration for People with disabilities in criminal justice?,People with disabilities,minority,Disability,Criminal Justice,Incarceration,people_with_disabilities__criminal_justice__incarceration
a40b1cb4fe4b998ee707,https://www.penalreform.org/issues/people-with-disabilities/the-issue/,https://penalreform.org/issues/people-with-disabilities/the-issue,7,people_with_disabilities/criminal_justice__incarceration.txt,What factors influence incarceration for People with disabilities in criminal justice?,People with disabilities,minority,Disability,Criminal Justice,Incarceration,people_with_disabilities__criminal_justice__incarceration
ca6e6e25d3dbdd873b33,https://pmc.ncbi.nlm.nih.gov/articles/PMC7899057/,https://pmc.ncbi.nlm.nih.gov/articles/PMC7899057,8,people_with_disabilities/criminal_justice__incarceration.txt,What factors influence incarceration for People with disabilities in criminal justice?,People with disabilities,minority,Disability,Criminal Justice,Incarceration,people_with_disabilities__criminal_justice__incarceration
365cd9a915258b91538e,https://pressbooks.salemstate.edu/disabilitysocialwork/chapter/criminal-legal-systems/,https://pressbooks.salemstate.edu/disabilitysocialwork/chapter/criminal-legal-systems,9,people_with_disabilities/criminal_justice__incarceration.txt,What factors influence incarceration for People with disabilities in criminal justice?,People with disabilities,minority,Disability,Criminal Justice,Incarceration,people_with_disabilities__criminal_justice__incarceration
c172665575ca399f8795,https://journals.sagepub.com/doi/10.1177/10986111251372007,https://journals.sagepub.com/doi/10.1177/10986111251372007,1,people_with_disabilities/criminal_justice__police_use_of_force.txt,What factors influence police use of force for People with disabilities in criminal justice?,People with disabilities,minority,Disability,Criminal Justice,Police use of force,people_with_disabilities__criminal_justice__police_use_of_force
0083125adb5af11831f3,https://www.americanprogress.org/article/understanding-policing-black-disabled-bodies/,https://americanprogress.org/article/understanding-policing-black-disabled-bodies,2,people_with_disabilities/criminal_justice__police_use_of_force.txt,What factors influence police use of force for People with disabilities in criminal justice?,People with disabilities,minority,Disability,Criminal Justice,Police use of force,people_with_disabilities__criminal_justice__police_use_of_force
07e8c7c5fc894c551635,https://www.dcba.org/mpage/v32-James-Naughton,https://dcba.org/mpage/v32-James-Naughton,3,people_with_disabilities/criminal_justice__police_use_of_force.txt,What factors influence police use of force for People with disabilities in criminal justice?,People with disabilities,minority,Disability,Criminal Justice,Police use of force,people_with_disabilities__criminal_justice__police_use_of_force
f738451ab7946b42ebc6,https://rudermanfoundation.org/white_papers/media-coverage-of-law-enforcement-use-of-force-and-disability/,https://rudermanfoundation.org/white_papers/media-coverage-of-law-enforcement-use-of-force-and-disability,4,people_with_disabilities/criminal_justice__police_use_of_force.txt,What factors influence police use of force for People with disabilities in criminal justice?,People with disabilities,minority,Disability,Criminal Justice,Police use of force,people_with_disabilities__criminal_justice__police_use_of_force
d161a64f494c7557dd01,https://www.youtube.com/watch?v=EYnXTuHdOEk&t=1419s,https://youtube.com/watch?t=1419s&v=EYnXTuHdOEk,5,people_with_disabilities/criminal_justice__police_use_of_force.txt,What factors influence police use of force for People with disabilities in criminal justice?,People with disabilities,minority,Disability,Criminal Justice,Police use of force,people_with_disabilities__criminal_justice__police_use_of_force
78da4c957178f01a7bc7,https://www.youtube.com/watch?v=93TA06gnhdg,https://youtube.com/watch?v=93TA06gnhdg,6,people_with_disabilities/criminal_justice__police_use_of_force.txt,What factors influence police use of force for People with disabilities in criminal justice?,People with disabilities,minority,Disability,Criminal Justice,Police use of force,people_with_disabilities__criminal_justice__police_use_of_force
85f2f28250519fb7f81f,https://share.google/1bstSGQx2WNo6lKWw,https://share.google/1bstSGQx2WNo6lKWw,7,people_with_disabilities/criminal_justice__police_use_of_force.txt,What factors influence police use of force for People with disabilities in criminal justice?,People with disabilities,minority,Disability,Criminal Justice,Police use of force,people_with_disabilities__criminal_justice__police_use_of_force
d81a2a09aa46bb4da7f7,https://adata.org/research-brief/digital-access-students-higher-education-and-ada/,https://adata.org/research-brief/digital-access-students-higher-education-and-ada,1,people_with_disabilities/education__college_access_admission.txt,What factors influence college access/admission for People with disabilities in education?,People with disabilities,minority,Disability,Education,College access/admission,people_with_disabilities__education__college_access_admission
99640cd5df9e0bc5835a,https://adata.org/research-brief/higher-education-and-ada/,https://adata.org/research-brief/higher-education-and-ada,2,people_with_disabilities/education__college_access_admission.txt,What factors influence college access/admission for People with disabilities in education?,People with disabilities,minority,Disability,Education,College access/admission,people_with_disabilities__education__college_access_admission
d05ba98dfc1816b373b5,https://www.higheredtoday.org/2020/10/19/higher-educations-challenge-disability-inclusion-campus/,https://higheredtoday.org/2020/10/19/higher-educations-challenge-disability-inclusion-campus,3,people_with_disabilities/education__college_access_admission.txt,What factors influence college access/admission for People with disabilities in education?,People with disabilities,minority,Disability,Education,College access/admission,people_with_disabilities__education__college_access_admission
1de646775400355ce27b,https://nationaldisabilitycenter.org/resources/the-current-status-of-accessibility-in-american-higher-education/,https://nationaldisabilitycenter.org/resources/the-current-status-of-accessibility-in-american-higher-education,4,people_with_disabilities/education__college_access_admission.txt,What factors influence college access/admission for People with disabilities in education?,People with disabilities,minority,Disability,Education,College access/admission,people_with_disabilities__education__college_access_admission
715251ecd028f2662dae,https://www.disabilityevidence.org/questions-evidence/how-do-we-overcome-barriers-accessing-higher-education-people-disabilities,https://disabilityevidence.org/questions-evidence/how-do-we-overcome-barriers-accessing-higher-education-people-disabilities,5,people_with_disabilities/education__college_access_admission.txt,What factors influence college access/admission for People with disabilities in education?,People with disabilities,minority,Disability,Education,College access/admission,people_with_disabilities__education__college_access_admission
9bd92a39c6f1fd3bfb75,https://journals.sagepub.com/doi/10.1177/21651434231154584,https://journals.sagepub.com/doi/10.1177/21651434231154584,6,people_with_disabilities/education__college_access_admission.txt,What factors influence college access/admission for People with disabilities in education?,People with disabilities,minority,Disability,Education,College access/admission,people_with_disabilities__education__college_access_admission
a9da1b74ff5e7fefcb22,https://www.gao.gov/blog/disability-pride-month-we-highlight-our-work-college-campus-access-issues,https://gao.gov/blog/disability-pride-month-we-highlight-our-work-college-campus-access-issues,7,people_with_disabilities/education__college_access_admission.txt,What factors influence college access/admission for People with disabilities in education?,People with disabilities,minority,Disability,Education,College access/admission,people_with_disabilities__education__college_access_admission
f2997420597fea53f7fb,https://pmc.ncbi.nlm.nih.gov/articles/PMC12135156/,https://pmc.ncbi.nlm.nih.gov/articles/PMC12135156,8,people_with_disabilities/education__college_access_admission.txt,What factors influence college access/admission for People with disabilities in education?,People with disabilities,minority,Disability,Education,College access/admission,people_with_disabilities__education__college_access_admission
aa82b8e70a8c29d1dfed,https://www.americanbar.org/groups/diversity/disabilityrights/news/rethinking-debate-over-rising-disability-accomodations-higher-education/,https://americanbar.org/groups/diversity/disabilityrights/news/rethinking-debate-over-rising-disability-accomodations-higher-education,9,people_with_disabilities/education__college_access_admission.txt,What factors influence college access/admission for People with disabilities in education?,People with disabilities,minority,Disability,Education,College access/admission,people_with_disabilities__education__college_access_admission
5099cef17796a94d75ff,https://www.right-to-education.org/issue-page/marginalised-groups/persons-disabilities,https://right-to-education.org/issue-page/marginalised-groups/persons-disabilities,1,people_with_disabilities/education__educational_opportunity_access.txt,What factors influence educational opportunity/access for People with disabilities in education?,People with disabilities,minority,Disability,Education,Educational opportunity/access,people_with_disabilities__education__educational_opportunity_access
1cf8b4ac2e46d00fad7f,https://eastersealsar.com/the-effectiveness-of-inclusive-education-for-children-with-disabilities/,https://eastersealsar.com/the-effectiveness-of-inclusive-education-for-children-with-disabilities,2,people_with_disabilities/education__educational_opportunity_access.txt,What factors influence educational opportunity/access for People with disabilities in education?,People with disabilities,minority,Disability,Education,Educational opportunity/access,people_with_disabilities__education__educational_opportunity_access
2166352a3684df11d5b7,https://share.google/WL4B9mlnloF38BtQj,https://share.google/WL4B9mlnloF38BtQj,3,people_with_disabilities/education__educational_opportunity_access.txt,What factors influence educational opportunity/access for People with disabilities in education?,People with disabilities,minority,Disability,Education,Educational opportunity/access,people_with_disabilities__education__educational_opportunity_access
328c1c3c1d680506af99,https://sites.ed.gov/idea/about-idea/,https://sites.ed.gov/idea/about-idea,4,people_with_disabilities/education__educational_opportunity_access.txt,What factors influence educational opportunity/access for People with disabilities in education?,People with disabilities,minority,Disability,Education,Educational opportunity/access,people_with_disabilities__education__educational_opportunity_access
715251ecd028f2662dae,https://www.disabilityevidence.org/questions-evidence/how-do-we-overcome-barriers-accessing-higher-education-people-disabilities,https://disabilityevidence.org/questions-evidence/how-do-we-overcome-barriers-accessing-higher-education-people-disabilities,5,people_with_disabilities/education__educational_opportunity_access.txt,What factors influence educational opportunity/access for People with disabilities in education?,People with disabilities,minority,Disability,Education,Educational opportunity/access,people_with_disabilities__education__educational_opportunity_access
145808ef415e04529608,https://www.sciencedirect.com/science/article/pii/S2590291126002494,https://sciencedirect.com/science/article/pii/S2590291126002494,6,people_with_disabilities/education__educational_opportunity_access.txt,What factors influence educational opportunity/access for People with disabilities in education?,People with disabilities,minority,Disability,Education,Educational opportunity/access,people_with_disabilities__education__educational_opportunity_access
54a0a89226664ce0c0d1,https://changingperspectivesnow.org/2024/07/10/disability-inclusion-in-education-the-benefits-importance-for-all-students/,https://changingperspectivesnow.org/2024/07/10/disability-inclusion-in-education-the-benefits-importance-for-all-students,7,people_with_disabilities/education__educational_opportunity_access.txt,What factors influence educational opportunity/access for People with disabilities in education?,People with disabilities,minority,Disability,Education,Educational opportunity/access,people_with_disabilities__education__educational_opportunity_access
73d473292be84136e0f4,https://ncld.org/understand-the-issues/,https://ncld.org/understand-the-issues,8,people_with_disabilities/education__educational_opportunity_access.txt,What factors influence educational opportunity/access for People with disabilities in education?,People with disabilities,minority,Disability,Education,Educational opportunity/access,people_with_disabilities__education__educational_opportunity_access
1168c6a531a39de19ccf,https://www.ihep.org/press/new-report-higher-education-opportunities-for-students-with-disabilities-a-primer-for-policymakers/,https://ihep.org/press/new-report-higher-education-opportunities-for-students-with-disabilities-a-primer-for-policymakers,9,people_with_disabilities/education__educational_opportunity_access.txt,What factors influence educational opportunity/access for People with disabilities in education?,People with disabilities,minority,Disability,Education,Educational opportunity/access,people_with_disabilities__education__educational_opportunity_access
0c00daf7d8d00c4a7b0f,https://digitalcommons.georgiasouthern.edu/etd_legacy/361/,https://digitalcommons.georgiasouthern.edu/etd_legacy/361,10,people_with_disabilities/education__educational_opportunity_access.txt,What factors influence educational opportunity/access for People with disabilities in education?,People with disabilities,minority,Disability,Education,Educational opportunity/access,people_with_disabilities__education__educational_opportunity_access
c5289737e03e107c70a9,https://www.stopbullying.gov/bullying/special-needs,https://stopbullying.gov/bullying/special-needs,1,people_with_disabilities/education__harassment_bullying.txt,What factors influence harassment/bullying for People with disabilities in education?,People with disabilities,minority,Disability,Education,Harassment/bullying,people_with_disabilities__education__harassment_bullying
d8b3ad2396d1b35c9f56,https://link.springer.com/article/10.1007/s42380-025-00298-1,https://link.springer.com/article/10.1007/s42380-025-00298-1,2,people_with_disabilities/education__harassment_bullying.txt,What factors influence harassment/bullying for People with disabilities in education?,People with disabilities,minority,Disability,Education,Harassment/bullying,people_with_disabilities__education__harassment_bullying
1373c11e30c98a1e1208,https://corwin-connect.com/2014/10/bullying-students-with-disabilities/,https://corwin-connect.com/2014/10/bullying-students-with-disabilities,3,people_with_disabilities/education__harassment_bullying.txt,What factors influence harassment/bullying for People with disabilities in education?,People with disabilities,minority,Disability,Education,Harassment/bullying,people_with_disabilities__education__harassment_bullying
9ad78ce97758a2ea4a4e,https://www.youtube.com/watch?v=iuzDLci1wF4&t=169s,https://youtube.com/watch?t=169s&v=iuzDLci1wF4,4,people_with_disabilities/education__harassment_bullying.txt,What factors influence harassment/bullying for People with disabilities in education?,People with disabilities,minority,Disability,Education,Harassment/bullying,people_with_disabilities__education__harassment_bullying
4a16dbdaea150ac47f74,https://www.pacer.org/bullying/info/students-with-disabilities/,https://pacer.org/bullying/info/students-with-disabilities,5,people_with_disabilities/education__harassment_bullying.txt,What factors influence harassment/bullying for People with disabilities in education?,People with disabilities,minority,Disability,Education,Harassment/bullying,people_with_disabilities__education__harassment_bullying
5db9a8deb87e6022dced,https://pmc.ncbi.nlm.nih.gov/articles/PMC7820533/,https://pmc.ncbi.nlm.nih.gov/articles/PMC7820533,6,people_with_disabilities/education__harassment_bullying.txt,What factors influence harassment/bullying for People with disabilities in education?,People with disabilities,minority,Disability,Education,Harassment/bullying,people_with_disabilities__education__harassment_bullying
fccbe51b47cef644e2cb,https://slugerassociates.com/resources/legally-addressing-bullying-of-students-with-disabilities/,https://slugerassociates.com/resources/legally-addressing-bullying-of-students-with-disabilities,7,people_with_disabilities/education__harassment_bullying.txt,What factors influence harassment/bullying for People with disabilities in education?,People with disabilities,minority,Disability,Education,Harassment/bullying,people_with_disabilities__education__harassment_bullying
213576841aebdeee7327,https://www.wrightslaw.com/info/bullying.tipsheet.pdf,https://wrightslaw.com/info/bullying.tipsheet.pdf,8,people_with_disabilities/education__harassment_bullying.txt,What factors influence harassment/bullying for People with disabilities in education?,People with disabilities,minority,Disability,Education,Harassment/bullying,people_with_disabilities__education__harassment_bullying
d170e49ee5530c51beed,https://www.ednc.org/bullying-another-challenge-students-disabilities/,https://ednc.org/bullying-another-challenge-students-disabilities,9,people_with_disabilities/education__harassment_bullying.txt,What factors influence harassment/bullying for People with disabilities in education?,People with disabilities,minority,Disability,Education,Harassment/bullying,people_with_disabilities__education__harassment_bullying
40a33f28a2745d922fd3,https://pmc.ncbi.nlm.nih.gov/articles/PMC8211137/,https://pmc.ncbi.nlm.nih.gov/articles/PMC8211137,1,people_with_disabilities/employment__career_advancement.txt,What factors influence career advancement for People with disabilities in employment?,People with disabilities,minority,Disability,Employment,Career advancement,people_with_disabilities__employment__career_advancement
8f4d8feda1fadba3c2b1,https://ccrw.org/wp-content/uploads/2024/10/Career-advancement-pathways-for-workers-with-disabilities_CCRW_Trends-Report-2024.pdf,https://ccrw.org/wp-content/uploads/2024/10/Career-advancement-pathways-for-workers-with-disabilities_CCRW_Trends-Report-2024.pdf,2,people_with_disabilities/employment__career_advancement.txt,What factors influence career advancement for People with disabilities in employment?,People with disabilities,minority,Disability,Employment,Career advancement,people_with_disabilities__employment__career_advancement
18cd0ba70472721e523e,https://onlinelibrary.wiley.com/doi/full/10.1111/1744-7941.12377,https://onlinelibrary.wiley.com/doi/full/10.1111/1744-7941.12377,3,people_with_disabilities/employment__career_advancement.txt,What factors influence career advancement for People with disabilities in employment?,People with disabilities,minority,Disability,Employment,Career advancement,people_with_disabilities__employment__career_advancement
0b2397d8cfda222f6497,https://ccrw.org/unlocking-career-advancement/,https://ccrw.org/unlocking-career-advancement,4,people_with_disabilities/employment__career_advancement.txt,What factors influence career advancement for People with disabilities in employment?,People with disabilities,minority,Disability,Employment,Career advancement,people_with_disabilities__employment__career_advancement
b9a2e1e2d43afe516517,https://psychology.town/psychosocial-issues-in-disability/career-development-strategies-disabilities/,https://psychology.town/psychosocial-issues-in-disability/career-development-strategies-disabilities,5,people_with_disabilities/employment__career_advancement.txt,What factors influence career advancement for People with disabilities in employment?,People with disabilities,minority,Disability,Employment,Career advancement,people_with_disabilities__employment__career_advancement
6f6c3216ce142301efb4,https://production-askearn-org.s3.amazonaws.com/EARN_Rising_Though_Ranks_2bb6055891.pdf,https://production-askearn-org.s3.amazonaws.com/EARN_Rising_Though_Ranks_2bb6055891.pdf,6,people_with_disabilities/employment__career_advancement.txt,What factors influence career advancement for People with disabilities in employment?,People with disabilities,minority,Disability,Employment,Career advancement,people_with_disabilities__employment__career_advancement
6149f8430df237b4e1c8,https://web.fairyland.org/37338DR/646361RD28/PUB/work-and_disability-issues_and-strategies_in_career-development-and-job_placement.pdf,https://web.fairyland.org/37338DR/646361RD28/PUB/work-and_disability-issues_and-strategies_in_career-development-and-job_placement.pdf,7,people_with_disabilities/employment__career_advancement.txt,What factors influence career advancement for People with disabilities in employment?,People with disabilities,minority,Disability,Employment,Career advancement,people_with_disabilities__employment__career_advancement
afb243bddea39c00ea03,https://www.tandfonline.com/doi/full/10.1080/1034912X.2025.2528211,https://tandfonline.com/doi/full/10.1080/1034912X.2025.2528211,8,people_with_disabilities/employment__career_advancement.txt,What factors influence career advancement for People with disabilities in employment?,People with disabilities,minority,Disability,Employment,Career advancement,people_with_disabilities__employment__career_advancement
37c38b7f648527b3cc8e,https://abilitykc.org/5-commonly-faced-barriers-to-employment-that-persons-with-disabilities-often-face/,https://abilitykc.org/5-commonly-faced-barriers-to-employment-that-persons-with-disabilities-often-face,9,people_with_disabilities/employment__career_advancement.txt,What factors influence career advancement for People with disabilities in employment?,People with disabilities,minority,Disability,Employment,Career advancement,people_with_disabilities__employment__career_advancement
ad3d06d004138f665a84,https://www.disabledperson.com/careeer-development-pwd,https://disabledperson.com/careeer-development-pwd,10,people_with_disabilities/employment__career_advancement.txt,What factors influence career advancement for People with disabilities in employment?,People with disabilities,minority,Disability,Employment,Career advancement,people_with_disabilities__employment__career_advancement
bd71aa7770417752b96a,https://pmc.ncbi.nlm.nih.gov/articles/PMC10172218/,https://pmc.ncbi.nlm.nih.gov/articles/PMC10172218,1,people_with_disabilities/employment__hiring.txt,What factors influence hiring for People with disabilities in employment?,People with disabilities,minority,Disability,Employment,Hiring,people_with_disabilities__employment__hiring
c8c020231252e7ed3196,https://tacqe.com/demand-side-factors-employment-people-with-disabilities/,https://tacqe.com/demand-side-factors-employment-people-with-disabilities,2,people_with_disabilities/employment__hiring.txt,What factors influence hiring for People with disabilities in employment?,People with disabilities,minority,Disability,Employment,Hiring,people_with_disabilities__employment__hiring
3e8a2d1948dc8d4ce8a0,https://pmc.ncbi.nlm.nih.gov/articles/PMC5763841/,https://pmc.ncbi.nlm.nih.gov/articles/PMC5763841,3,people_with_disabilities/employment__hiring.txt,What factors influence hiring for People with disabilities in employment?,People with disabilities,minority,Disability,Employment,Hiring,people_with_disabilities__employment__hiring
105372fbb63a94777ba8,https://bobbydodd.org/five-legit-reasons-to-hire-people-with-disabilities/,https://bobbydodd.org/five-legit-reasons-to-hire-people-with-disabilities,4,people_with_disabilities/employment__hiring.txt,What factors influence hiring for People with disabilities in employment?,People with disabilities,minority,Disability,Employment,Hiring,people_with_disabilities__employment__hiring
37c38b7f648527b3cc8e,https://abilitykc.org/5-commonly-faced-barriers-to-employment-that-persons-with-disabilities-often-face/,https://abilitykc.org/5-commonly-faced-barriers-to-employment-that-persons-with-disabilities-often-face,5,people_with_disabilities/employment__hiring.txt,What factors influence hiring for People with disabilities in employment?,People with disabilities,minority,Disability,Employment,Hiring,people_with_disabilities__employment__hiring
e198cf6197b7d4fc8e90,https://www.eeoc.gov/employers/small-business/hiring-decisions-based-disability,https://eeoc.gov/employers/small-business/hiring-decisions-based-disability,6,people_with_disabilities/employment__hiring.txt,What factors influence hiring for People with disabilities in employment?,People with disabilities,minority,Disability,Employment,Hiring,people_with_disabilities__employment__hiring
4b14eff886e30b0d27e7,https://www.forbes.com/sites/forbeseq/2025/07/08/the-business-benefits-of-hiring-people-with-disabilities/,https://forbes.com/sites/forbeseq/2025/07/08/the-business-benefits-of-hiring-people-with-disabilities,7,people_with_disabilities/employment__hiring.txt,What factors influence hiring for People with disabilities in employment?,People with disabilities,minority,Disability,Employment,Hiring,people_with_disabilities__employment__hiring
fa51c6c99aa0429d37ca,https://www.greatplacetowork.com/resources/blog/hiring-employees-with-disabilities,https://greatplacetowork.com/resources/blog/hiring-employees-with-disabilities,8,people_with_disabilities/employment__hiring.txt,What factors influence hiring for People with disabilities in employment?,People with disabilities,minority,Disability,Employment,Hiring,people_with_disabilities__employment__hiring
dc82c28f7aa43b00a555,https://www.bls.gov/opub/ted/2020/barriers-to-employment-for-people-with-a-disability.htm,https://bls.gov/opub/ted/2020/barriers-to-employment-for-people-with-a-disability.htm,9,people_with_disabilities/employment__hiring.txt,What factors influence hiring for People with disabilities in employment?,People with disabilities,minority,Disability,Employment,Hiring,people_with_disabilities__employment__hiring
686882f57b414490847f,https://www.uschamber.com/workforce/six-things-for-employers-to-consider-when-hiring-individuals-with-disabilities,https://uschamber.com/workforce/six-things-for-employers-to-consider-when-hiring-individuals-with-disabilities,10,people_with_disabilities/employment__hiring.txt,What factors influence hiring for People with disabilities in employment?,People with disabilities,minority,Disability,Employment,Hiring,people_with_disabilities__employment__hiring
9e11e5b7cade8b5d5730,https://cdrnys.org/blog/advocacy/employers-desire-talent-of-people-with-disabilities/,https://cdrnys.org/blog/advocacy/employers-desire-talent-of-people-with-disabilities,11,people_with_disabilities/employment__hiring.txt,What factors influence hiring for People with disabilities in employment?,People with disabilities,minority,Disability,Employment,Hiring,people_with_disabilities__employment__hiring
9d091f0eefab73b697bc,https://www.transcen.org/top-10-reasons-to-hire-an-applicant-with-a-disability/,https://transcen.org/top-10-reasons-to-hire-an-applicant-with-a-disability,12,people_with_disabilities/employment__hiring.txt,What factors influence hiring for People with disabilities in employment?,People with disabilities,minority,Disability,Employment,Hiring,people_with_disabilities__employment__hiring
bd71aa7770417752b96a,https://pmc.ncbi.nlm.nih.gov/articles/PMC10172218/,https://pmc.ncbi.nlm.nih.gov/articles/PMC10172218,1,people_with_disabilities/employment__workplace_harassment.txt,What factors influence workplace harassment for People with disabilities in employment?,People with disabilities,minority,Disability,Employment,Workplace harassment,people_with_disabilities__employment__workplace_harassment
527e09711f7e835bc3c6,https://adata.org/research-brief/experience-discrimination-and-ada/,https://adata.org/research-brief/experience-discrimination-and-ada,2,people_with_disabilities/employment__workplace_harassment.txt,What factors influence workplace harassment for People with disabilities in employment?,People with disabilities,minority,Disability,Employment,Workplace harassment,people_with_disabilities__employment__workplace_harassment
dcf76c7d7d301b525a65,https://cunninghampllc.com/blog/when-does-disability-discrimination-cross-into-harassment/,https://cunninghampllc.com/blog/when-does-disability-discrimination-cross-into-harassment,3,people_with_disabilities/employment__workplace_harassment.txt,What factors influence workplace harassment for People with disabilities in employment?,People with disabilities,minority,Disability,Employment,Workplace harassment,people_with_disabilities__employment__workplace_harassment
55791d2443e36e2372e2,https://www.tuc.org.uk/research-analysis/reports/bullying-harassment-and-discrimination-disabled-people-workplace,https://tuc.org.uk/research-analysis/reports/bullying-harassment-and-discrimination-disabled-people-workplace,4,people_with_disabilities/employment__workplace_harassment.txt,What factors influence workplace harassment for People with disabilities in employment?,People with disabilities,minority,Disability,Employment,Workplace harassment,people_with_disabilities__employment__workplace_harassment
3ba524b9ce68d9d17b14,https://northeastada.org/blog/workplace-bullying-harassment-and-disability,https://northeastada.org/blog/workplace-bullying-harassment-and-disability,5,people_with_disabilities/employment__workplace_harassment.txt,What factors influence workplace harassment for People with disabilities in employment?,People with disabilities,minority,Disability,Employment,Workplace harassment,people_with_disabilities__employment__workplace_harassment
a8717f385d1d0b3286d4,https://hearinghealthfoundation.org/blogs/equality-for-all-understanding-disability-discrimination-in-the-workplace,https://hearinghealthfoundation.org/blogs/equality-for-all-understanding-disability-discrimination-in-the-workplace,6,people_with_disabilities/employment__workplace_harassment.txt,What factors influence workplace harassment for People with disabilities in employment?,People with disabilities,minority,Disability,Employment,Workplace harassment,people_with_disabilities__employment__workplace_harassment
5b35d5c642a43029eeb3,https://www.outtengolden.com/issues/disability-rights-discrimination/,https://outtengolden.com/issues/disability-rights-discrimination,7,people_with_disabilities/employment__workplace_harassment.txt,What factors influence workplace harassment for People with disabilities in employment?,People with disabilities,minority,Disability,Employment,Workplace harassment,people_with_disabilities__employment__workplace_harassment
d76d6c5652d517834b5c,https://www.fiffiklaw.com/post/dealing-with-disability-harassment-in-the-workplace,https://fiffiklaw.com/post/dealing-with-disability-harassment-in-the-workplace,8,people_with_disabilities/employment__workplace_harassment.txt,What factors influence workplace harassment for People with disabilities in employment?,People with disabilities,minority,Disability,Employment,Workplace harassment,people_with_disabilities__employment__workplace_harassment
c2e5bbebb15177ec589e,https://www.ncd.gov/report/2023-progress-report-toward-economic-security-the-impact-of-income-and-asset-limits-on-people-with-disabilities/,https://ncd.gov/report/2023-progress-report-toward-economic-security-the-impact-of-income-and-asset-limits-on-people-with-disabilities,1,people_with_disabilities/government_benefits__access_to_government_benefits.txt,What factors influence access to government benefits for People with disabilities in government benefits?,People with disabilities,minority,Disability,Government Benefits,Access to government benefits,people_with_disabilities__government_benefits__access_to_government_benefits
d26c4b08f15685b3ce67,https://www.nationaldisabilityinstitute.org/financial-resilience-center/benefits/,https://nationaldisabilityinstitute.org/financial-resilience-center/benefits,2,people_with_disabilities/government_benefits__access_to_government_benefits.txt,What factors influence access to government benefits for People with disabilities in government benefits?,People with disabilities,minority,Disability,Government Benefits,Access to government benefits,people_with_disabilities__government_benefits__access_to_government_benefits
23c76c786cea87dd5925,https://crr.bc.edu/many-barriers-hinder-rural-use-of-government-programs/,https://crr.bc.edu/many-barriers-hinder-rural-use-of-government-programs,3,people_with_disabilities/government_benefits__access_to_government_benefits.txt,What factors influence access to government benefits for People with disabilities in government benefits?,People with disabilities,minority,Disability,Government Benefits,Access to government benefits,people_with_disabilities__government_benefits__access_to_government_benefits
bac141dffed997ce25c8,https://www.ssa.gov/policy/docs/ssb/v65n3/v65n3p14.html,https://ssa.gov/policy/docs/ssb/v65n3/v65n3p14.html,4,people_with_disabilities/government_benefits__access_to_government_benefits.txt,What factors influence access to government benefits for People with disabilities in government benefits?,People with disabilities,minority,Disability,Government Benefits,Access to government benefits,people_with_disabilities__government_benefits__access_to_government_benefits
00d2e70f80bb40cec88c,https://www.advocacysnt.org/articles/avoiding-benefits-trap-special-needs-planning,https://advocacysnt.org/articles/avoiding-benefits-trap-special-needs-planning,5,people_with_disabilities/government_benefits__access_to_government_benefits.txt,What factors influence access to government benefits for People with disabilities in government benefits?,People with disabilities,minority,Disability,Government Benefits,Access to government benefits,people_with_disabilities__government_benefits__access_to_government_benefits
3d8ec638c71ff7751b30,https://aspe.hhs.gov/reports/federal-programs-persons-disabilities-0,https://aspe.hhs.gov/reports/federal-programs-persons-disabilities-0,6,people_with_disabilities/government_benefits__access_to_government_benefits.txt,What factors influence access to government benefits for People with disabilities in government benefits?,People with disabilities,minority,Disability,Government Benefits,Access to government benefits,people_with_disabilities__government_benefits__access_to_government_benefits
9eec732e3bedb19ae9a7,https://thearc.org/blog/testimony-the-crucial-importance-of-social-security-benefits-for-people-with-disabilities/,https://thearc.org/blog/testimony-the-crucial-importance-of-social-security-benefits-for-people-with-disabilities,7,people_with_disabilities/government_benefits__access_to_government_benefits.txt,What factors influence access to government benefits for People with disabilities in government benefits?,People with disabilities,minority,Disability,Government Benefits,Access to government benefits,people_with_disabilities__government_benefits__access_to_government_benefits
813c84f4e7b347889fb1,https://www.cbpp.org/research/social-security/low-income-disabled-youth-face-significant-challenges-upon-coming-of-age,https://cbpp.org/research/social-security/low-income-disabled-youth-face-significant-challenges-upon-coming-of-age,8,people_with_disabilities/government_benefits__access_to_government_benefits.txt,What factors influence access to government benefits for People with disabilities in government benefits?,People with disabilities,minority,Disability,Government Benefits,Access to government benefits,people_with_disabilities__government_benefits__access_to_government_benefits
3cddef3a39cba22de7bc,https://www.specialneedsalliance.org/special-needs-101/government-benefits/,https://specialneedsalliance.org/special-needs-101/government-benefits,9,people_with_disabilities/government_benefits__access_to_government_benefits.txt,What factors influence access to government benefits for People with disabilities in government benefits?,People with disabilities,minority,Disability,Government Benefits,Access to government benefits,people_with_disabilities__government_benefits__access_to_government_benefits
9392ed9428a3586aac63,https://digitalcommons.usu.edu/cgi/viewcontent.cgi?article=1075&context=ddnj,https://digitalcommons.usu.edu/cgi/viewcontent.cgi?article=1075&context=ddnj,10,people_with_disabilities/government_benefits__access_to_government_benefits.txt,What factors influence access to government benefits for People with disabilities in government benefits?,People with disabilities,minority,Disability,Government Benefits,Access to government benefits,people_with_disabilities__government_benefits__access_to_government_benefits
52fe2c9deb38da47eda3,https://www.youtube.com/watch?v=nSXCOrEQu2k&t=2s,https://youtube.com/watch?t=2s&v=nSXCOrEQu2k,1,people_with_disabilities/government_benefits__application_approval.txt,What factors influence application/approval for People with disabilities in government benefits?,People with disabilities,minority,Disability,Government Benefits,Application/approval,people_with_disabilities__government_benefits__application_approval
5bd114ec901c806e801e,https://www.leaders-in-law.com/key-factors-in-getting-approved-for-social-security-disability/,https://leaders-in-law.com/key-factors-in-getting-approved-for-social-security-disability,2,people_with_disabilities/government_benefits__application_approval.txt,What factors influence application/approval for People with disabilities in government benefits?,People with disabilities,minority,Disability,Government Benefits,Application/approval,people_with_disabilities__government_benefits__application_approval
125f8520e8a90a6debc8,https://www.croweshanahan.com/blog/2026/03/what-disqualifies-a-person-from-disability/,https://croweshanahan.com/blog/2026/03/what-disqualifies-a-person-from-disability,3,people_with_disabilities/government_benefits__application_approval.txt,What factors influence application/approval for People with disabilities in government benefits?,People with disabilities,minority,Disability,Government Benefits,Application/approval,people_with_disabilities__government_benefits__application_approval
c67432cc27703035f83e,https://nydisabilitylaw.com/news-resources/5-clear-signs-youll-be-approved-for-ssdi-benefits/,https://nydisabilitylaw.com/news-resources/5-clear-signs-youll-be-approved-for-ssdi-benefits,4,people_with_disabilities/government_benefits__application_approval.txt,What factors influence application/approval for People with disabilities in government benefits?,People with disabilities,minority,Disability,Government Benefits,Application/approval,people_with_disabilities__government_benefits__application_approval
e10f01d0aa6426d9b7f0,https://www.ssa.gov/disability/step4and5.htm,https://ssa.gov/disability/step4and5.htm,5,people_with_disabilities/government_benefits__application_approval.txt,What factors influence application/approval for People with disabilities in government benefits?,People with disabilities,minority,Disability,Government Benefits,Application/approval,people_with_disabilities__government_benefits__application_approval
78d086521ed6af3cc131,https://disabilityadvice.org/ssdi/approval-process/approval-by-age/,https://disabilityadvice.org/ssdi/approval-process/approval-by-age,6,people_with_disabilities/government_benefits__application_approval.txt,What factors influence application/approval for People with disabilities in government benefits?,People with disabilities,minority,Disability,Government Benefits,Application/approval,people_with_disabilities__government_benefits__application_approval
bc8323ebec11ac886d98,https://lemoinelawfirm.com/top-10-signs-you-will-win-disability-benefits/,https://lemoinelawfirm.com/top-10-signs-you-will-win-disability-benefits,7,people_with_disabilities/government_benefits__application_approval.txt,What factors influence application/approval for People with disabilities in government benefits?,People with disabilities,minority,Disability,Government Benefits,Application/approval,people_with_disabilities__government_benefits__application_approval
c4998292997d409b465e,https://roblevine.com/faqs/what-conditions-automatically-qualify-you-for-disability/,https://roblevine.com/faqs/what-conditions-automatically-qualify-you-for-disability,8,people_with_disabilities/government_benefits__application_approval.txt,What factors influence application/approval for People with disabilities in government benefits?,People with disabilities,minority,Disability,Government Benefits,Application/approval,people_with_disabilities__government_benefits__application_approval
b199b2d571384622f2b5,https://lemoinelawfirm.com/what-are-the-most-approved-disabilities/,https://lemoinelawfirm.com/what-are-the-most-approved-disabilities,9,people_with_disabilities/government_benefits__application_approval.txt,What factors influence application/approval for People with disabilities in government benefits?,People with disabilities,minority,Disability,Government Benefits,Application/approval,people_with_disabilities__government_benefits__application_approval
e93bcd6bb97492c4f460,https://www.thegoodlawgroup.com/blog/factors-that-help-cases-win-disability-benefits/,https://thegoodlawgroup.com/blog/factors-that-help-cases-win-disability-benefits,10,people_with_disabilities/government_benefits__application_approval.txt,What factors influence application/approval for People with disabilities in government benefits?,People with disabilities,minority,Disability,Government Benefits,Application/approval,people_with_disabilities__government_benefits__application_approval
80fd3130802ea248e5d6,https://www.ssa.gov/policy/docs/ssb/v85n3/v85n3p1.html,https://ssa.gov/policy/docs/ssb/v85n3/v85n3p1.html,1,people_with_disabilities/government_benefits__benefit_retention_renewal.txt,What factors influence benefit retention / renewal for People with disabilities in government benefits?,People with disabilities,minority,Disability,Government Benefits,Benefit retention / renewal,people_with_disabilities__government_benefits__benefit_retention_renewal
8ddd6d53dc7be053bcfb,https://musticolaw.com/if-disability-worsens-does-the-government-increase-benefits/,https://musticolaw.com/if-disability-worsens-does-the-government-increase-benefits,2,people_with_disabilities/government_benefits__benefit_retention_renewal.txt,What factors influence benefit retention / renewal for People with disabilities in government benefits?,People with disabilities,minority,Disability,Government Benefits,Benefit retention / renewal,people_with_disabilities__government_benefits__benefit_retention_renewal
0779fe2c96edab85c775,https://www.ssa.gov/benefits/disability/work.html,https://ssa.gov/benefits/disability/work.html,3,people_with_disabilities/government_benefits__benefit_retention_renewal.txt,What factors influence benefit retention / renewal for People with disabilities in government benefits?,People with disabilities,minority,Disability,Government Benefits,Benefit retention / renewal,people_with_disabilities__government_benefits__benefit_retention_renewal
36d5c174c4479cdb20e7,https://pmc.ncbi.nlm.nih.gov/articles/PMC2690299/,https://pmc.ncbi.nlm.nih.gov/articles/PMC2690299,4,people_with_disabilities/government_benefits__benefit_retention_renewal.txt,What factors influence benefit retention / renewal for People with disabilities in government benefits?,People with disabilities,minority,Disability,Government Benefits,Benefit retention / renewal,people_with_disabilities__government_benefits__benefit_retention_renewal
f7651059ee321a0fa4e6,https://www.americanprogress.org/article/advancing-economic-security-people-disabilities/,https://americanprogress.org/article/advancing-economic-security-people-disabilities,5,people_with_disabilities/government_benefits__benefit_retention_renewal.txt,What factors influence benefit retention / renewal for People with disabilities in government benefits?,People with disabilities,minority,Disability,Government Benefits,Benefit retention / renewal,people_with_disabilities__government_benefits__benefit_retention_renewal
4b5317d8e58b8d9a3896,https://pmc.ncbi.nlm.nih.gov/articles/PMC11701976/,https://pmc.ncbi.nlm.nih.gov/articles/PMC11701976,6,people_with_disabilities/government_benefits__benefit_retention_renewal.txt,What factors influence benefit retention / renewal for People with disabilities in government benefits?,People with disabilities,minority,Disability,Government Benefits,Benefit retention / renewal,people_with_disabilities__government_benefits__benefit_retention_renewal
dcdca30ed188aba7492f,https://www.route-fifty.com/digital-government/2026/09/why-some-residents-disabilities-are-losing-medicaid-and-snap-they-apply/416103/,https://route-fifty.com/digital-government/2026/09/why-some-residents-disabilities-are-losing-medicaid-and-snap-they-apply/416103,7,people_with_disabilities/government_benefits__benefit_retention_renewal.txt,What factors influence benefit retention / renewal for People with disabilities in government benefits?,People with disabilities,minority,Disability,Government Benefits,Benefit retention / renewal,people_with_disabilities__government_benefits__benefit_retention_renewal
00d2e70f80bb40cec88c,https://www.advocacysnt.org/articles/avoiding-benefits-trap-special-needs-planning,https://advocacysnt.org/articles/avoiding-benefits-trap-special-needs-planning,8,people_with_disabilities/government_benefits__benefit_retention_renewal.txt,What factors influence benefit retention / renewal for People with disabilities in government benefits?,People with disabilities,minority,Disability,Government Benefits,Benefit retention / renewal,people_with_disabilities__government_benefits__benefit_retention_renewal
4c20dc1a4db595a76e29,https://pmc.ncbi.nlm.nih.gov/articles/PMC13103809/,https://pmc.ncbi.nlm.nih.gov/articles/PMC13103809,9,people_with_disabilities/government_benefits__benefit_retention_renewal.txt,What factors influence benefit retention / renewal for People with disabilities in government benefits?,People with disabilities,minority,Disability,Government Benefits,Benefit retention / renewal,people_with_disabilities__government_benefits__benefit_retention_renewal
21090998136ccda19db8,https://www.youtube.com/watch?v=6RK4AcpNugk&t=4s,https://youtube.com/watch?t=4s&v=6RK4AcpNugk,10,people_with_disabilities/government_benefits__benefit_retention_renewal.txt,What factors influence benefit retention / renewal for People with disabilities in government benefits?,People with disabilities,minority,Disability,Government Benefits,Benefit retention / renewal,people_with_disabilities__government_benefits__benefit_retention_renewal
3548d90c7e0fb19800b1,https://www.mcknightshomecare.com/news/report-states-improving-medicaid-renewal-processes-for-seniors-people-with-disabilities/,https://mcknightshomecare.com/news/report-states-improving-medicaid-renewal-processes-for-seniors-people-with-disabilities,11,people_with_disabilities/government_benefits__benefit_retention_renewal.txt,What factors influence benefit retention / renewal for People with disabilities in government benefits?,People with disabilities,minority,Disability,Government Benefits,Benefit retention / renewal,people_with_disabilities__government_benefits__benefit_retention_renewal
b7dcc8ca584d5d831fb1,https://ccf.georgetown.edu/2023/03/27/medicaid-coverage-at-risk-for-people-with-disabilities-how-you-can-help/,https://ccf.georgetown.edu/2023/03/27/medicaid-coverage-at-risk-for-people-with-disabilities-how-you-can-help,12,people_with_disabilities/government_benefits__benefit_retention_renewal.txt,What factors influence benefit retention / renewal for People with disabilities in government benefits?,People with disabilities,minority,Disability,Government Benefits,Benefit retention / renewal,people_with_disabilities__government_benefits__benefit_retention_renewal
4a958a8be64a527cfd90,https://jamanetwork.com/journals/jama-health-forum/fullarticle/2838677,https://jamanetwork.com/journals/jama-health-forum/fullarticle/2838677,13,people_with_disabilities/government_benefits__benefit_retention_renewal.txt,What factors influence benefit retention / renewal for People with disabilities in government benefits?,People with disabilities,minority,Disability,Government Benefits,Benefit retention / renewal,people_with_disabilities__government_benefits__benefit_retention_renewal
adcabab0e75d00bd23a2,https://www.americanprogress.org/article/how-dehumanizing-administrative-burdens-harm-disabled-people/,https://americanprogress.org/article/how-dehumanizing-administrative-burdens-harm-disabled-people,14,people_with_disabilities/government_benefits__benefit_retention_renewal.txt,What factors influence benefit retention / renewal for People with disabilities in government benefits?,People with disabilities,minority,Disability,Government Benefits,Benefit retention / renewal,people_with_disabilities__government_benefits__benefit_retention_renewal
6b02b8f628934e7fe41d,https://www.protectourcare.org/fact-sheet-medicaid-is-a-lifeline-for-people-with-disabilities-2/,https://protectourcare.org/fact-sheet-medicaid-is-a-lifeline-for-people-with-disabilities-2,15,people_with_disabilities/government_benefits__benefit_retention_renewal.txt,What factors influence benefit retention / renewal for People with disabilities in government benefits?,People with disabilities,minority,Disability,Government Benefits,Benefit retention / renewal,people_with_disabilities__government_benefits__benefit_retention_renewal
c41fe4fae4dcf9eae631,https://www.achieva.info/blog/feds-seek-to-remove-medicaid-barriers-for-those-with-disabilities,https://achieva.info/blog/feds-seek-to-remove-medicaid-barriers-for-those-with-disabilities,16,people_with_disabilities/government_benefits__benefit_retention_renewal.txt,What factors influence benefit retention / renewal for People with disabilities in government benefits?,People with disabilities,minority,Disability,Government Benefits,Benefit retention / renewal,people_with_disabilities__government_benefits__benefit_retention_renewal
a85f25d2749a8dfc9c91,https://kuntzsslaw.com/2020/03/27/positive-negative-factors-which-affect-disability-claim/,https://kuntzsslaw.com/2020/03/27/positive-negative-factors-which-affect-disability-claim,17,people_with_disabilities/government_benefits__benefit_retention_renewal.txt,What factors influence benefit retention / renewal for People with disabilities in government benefits?,People with disabilities,minority,Disability,Government Benefits,Benefit retention / renewal,people_with_disabilities__government_benefits__benefit_retention_renewal
bcfb486240470019d4d2,https://www.kff.org/medicaid/5-key-facts-about-medicaid-coverage-for-people-with-disabilities/,https://kff.org/medicaid/5-key-facts-about-medicaid-coverage-for-people-with-disabilities,1,people_with_disabilities/healthcare__insurance_coverage.txt,What factors influence insurance coverage for People with disabilities in healthcare?,People with disabilities,minority,Disability,Healthcare,Insurance coverage,people_with_disabilities__healthcare__insurance_coverage
db4c53c3b77066bb6b6d,https://pmc.ncbi.nlm.nih.gov/articles/PMC5798675/,https://pmc.ncbi.nlm.nih.gov/articles/PMC5798675,2,people_with_disabilities/healthcare__insurance_coverage.txt,What factors influence insurance coverage for People with disabilities in healthcare?,People with disabilities,minority,Disability,Healthcare,Insurance coverage,people_with_disabilities__healthcare__insurance_coverage
29c188e797ebdc187db5,https://journalistsresource.org/politics-and-government/disabilities-insurance-affordable-care-act/,https://journalistsresource.org/politics-and-government/disabilities-insurance-affordable-care-act,3,people_with_disabilities/healthcare__insurance_coverage.txt,What factors influence insurance coverage for People with disabilities in healthcare?,People with disabilities,minority,Disability,Healthcare,Insurance coverage,people_with_disabilities__healthcare__insurance_coverage
7b6af59c95d8bfc70b31,https://pmc.ncbi.nlm.nih.gov/articles/PMC6661108/,https://pmc.ncbi.nlm.nih.gov/articles/PMC6661108,4,people_with_disabilities/healthcare__insurance_coverage.txt,What factors influence insurance coverage for People with disabilities in healthcare?,People with disabilities,minority,Disability,Healthcare,Insurance coverage,people_with_disabilities__healthcare__insurance_coverage
d38530b7d9fbffd9d784,https://www.macpac.gov/subtopic/people-with-disabilities/,https://macpac.gov/subtopic/people-with-disabilities,5,people_with_disabilities/healthcare__insurance_coverage.txt,What factors influence insurance coverage for People with disabilities in healthcare?,People with disabilities,minority,Disability,Healthcare,Insurance coverage,people_with_disabilities__healthcare__insurance_coverage
0160efba3cb39e900e90,https://www.urban.org/research/publication/improving-health-coverage-working-people-disabilities,https://urban.org/research/publication/improving-health-coverage-working-people-disabilities,6,people_with_disabilities/healthcare__insurance_coverage.txt,What factors influence insurance coverage for People with disabilities in healthcare?,People with disabilities,minority,Disability,Healthcare,Insurance coverage,people_with_disabilities__healthcare__insurance_coverage
911ce4f6b5d9a691731f,https://www.bcm.edu/research/research-centers/center-for-research-on-women-with-disabilities/a-to-z-directory/health-care/health-insurance,https://bcm.edu/research/research-centers/center-for-research-on-women-with-disabilities/a-to-z-directory/health-care/health-insurance,7,people_with_disabilities/healthcare__insurance_coverage.txt,What factors influence insurance coverage for People with disabilities in healthcare?,People with disabilities,minority,Disability,Healthcare,Insurance coverage,people_with_disabilities__healthcare__insurance_coverage
4b673a6456a0b9c773c9,https://pmc.ncbi.nlm.nih.gov/articles/PMC8137174/,https://pmc.ncbi.nlm.nih.gov/articles/PMC8137174,1,people_with_disabilities/healthcare__patient_safety.txt,What factors influence patient safety for People with disabilities in healthcare?,People with disabilities,minority,Disability,Healthcare,Patient safety,people_with_disabilities__healthcare__patient_safety
72fda1742f18470b7e62,https://www.ncbi.nlm.nih.gov/books/NBK259474/,https://ncbi.nlm.nih.gov/books/NBK259474,2,people_with_disabilities/healthcare__patient_safety.txt,What factors influence patient safety for People with disabilities in healthcare?,People with disabilities,minority,Disability,Healthcare,Patient safety,people_with_disabilities__healthcare__patient_safety
2481dfd0352f9313c61f,https://www.frontiersin.org/journals/public-health/articles/10.3389/fpubh.2026.1765145/full,https://frontiersin.org/journals/public-health/articles/10.3389/fpubh.2026.1765145/full,3,people_with_disabilities/healthcare__patient_safety.txt,What factors influence patient safety for People with disabilities in healthcare?,People with disabilities,minority,Disability,Healthcare,Patient safety,people_with_disabilities__healthcare__patient_safety
d2d2f98d9fee8c4598fb,https://pmc.ncbi.nlm.nih.gov/articles/PMC10953678/,https://pmc.ncbi.nlm.nih.gov/articles/PMC10953678,4,people_with_disabilities/healthcare__patient_safety.txt,What factors influence patient safety for People with disabilities in healthcare?,People with disabilities,minority,Disability,Healthcare,Patient safety,people_with_disabilities__healthcare__patient_safety
0254033b9417c666a1fa,https://www.chiefhealthcareexecutive.com/view/patients-with-disabilities-are-more-vulnerable-to-safety-concerns,https://chiefhealthcareexecutive.com/view/patients-with-disabilities-are-more-vulnerable-to-safety-concerns,5,people_with_disabilities/healthcare__patient_safety.txt,What factors influence patient safety for People with disabilities in healthcare?,People with disabilities,minority,Disability,Healthcare,Patient safety,people_with_disabilities__healthcare__patient_safety
dc9f31c4aa97bb7221e0,https://www.michiganmedicine.org/health-lab/health-care-access-gaps-people-disabilities,https://michiganmedicine.org/health-lab/health-care-access-gaps-people-disabilities,6,people_with_disabilities/healthcare__patient_safety.txt,What factors influence patient safety for People with disabilities in healthcare?,People with disabilities,minority,Disability,Healthcare,Patient safety,people_with_disabilities__healthcare__patient_safety
20798f9a264c06f10b77,https://pmc.ncbi.nlm.nih.gov/articles/PMC12960585/,https://pmc.ncbi.nlm.nih.gov/articles/PMC12960585,7,people_with_disabilities/healthcare__patient_safety.txt,What factors influence patient safety for People with disabilities in healthcare?,People with disabilities,minority,Disability,Healthcare,Patient safety,people_with_disabilities__healthcare__patient_safety
5f3fa12e1232285b75e8,https://www.cdc.gov/disability-and-health/about/disability-and-health-information-for-healthcare-providers.html,https://cdc.gov/disability-and-health/about/disability-and-health-information-for-healthcare-providers.html,8,people_with_disabilities/healthcare__patient_safety.txt,What factors influence patient safety for People with disabilities in healthcare?,People with disabilities,minority,Disability,Healthcare,Patient safety,people_with_disabilities__healthcare__patient_safety
4d06d2d79c25bc793721,https://designspecific.us.com/how-can-medical-practices-ensure-accessibility-for-patients-with-mobility-issues/,https://designspecific.us.com/how-can-medical-practices-ensure-accessibility-for-patients-with-mobility-issues,9,people_with_disabilities/healthcare__patient_safety.txt,What factors influence patient safety for People with disabilities in healthcare?,People with disabilities,minority,Disability,Healthcare,Patient safety,people_with_disabilities__healthcare__patient_safety
3c89033100c1ca466737,https://www.youtube.com/watch?v=un3LK77DZdg,https://youtube.com/watch?v=un3LK77DZdg,10,people_with_disabilities/healthcare__patient_safety.txt,What factors influence patient safety for People with disabilities in healthcare?,People with disabilities,minority,Disability,Healthcare,Patient safety,people_with_disabilities__healthcare__patient_safety
117ac30df51c88120356,https://pubmed.ncbi.nlm.nih.gov/24923548/,https://pubmed.ncbi.nlm.nih.gov/24923548,1,people_with_disabilities/healthcare__preventive_care.txt,What factors influence preventive care for People with disabilities in healthcare?,People with disabilities,minority,Disability,Healthcare,Preventive care,people_with_disabilities__healthcare__preventive_care
73d32ad134694ceeffc2,https://pmc.ncbi.nlm.nih.gov/articles/PMC12428156/,https://pmc.ncbi.nlm.nih.gov/articles/PMC12428156,2,people_with_disabilities/healthcare__preventive_care.txt,What factors influence preventive care for People with disabilities in healthcare?,People with disabilities,minority,Disability,Healthcare,Preventive care,people_with_disabilities__healthcare__preventive_care
dfa6071aec51b24a1787,https://phhp-hsrmp.sites.medinfo.ufl.edu/files/2014/06/2007-The-effect-of-caregiving-on-preventative-care-for-people-with-disabilities.pdf,https://phhp-hsrmp.sites.medinfo.ufl.edu/files/2014/06/2007-The-effect-of-caregiving-on-preventative-care-for-people-with-disabilities.pdf,3,people_with_disabilities/healthcare__preventive_care.txt,What factors influence preventive care for People with disabilities in healthcare?,People with disabilities,minority,Disability,Healthcare,Preventive care,people_with_disabilities__healthcare__preventive_care
5f3fa12e1232285b75e8,https://www.cdc.gov/disability-and-health/about/disability-and-health-information-for-healthcare-providers.html,https://cdc.gov/disability-and-health/about/disability-and-health-information-for-healthcare-providers.html,4,people_with_disabilities/healthcare__preventive_care.txt,What factors influence preventive care for People with disabilities in healthcare?,People with disabilities,minority,Disability,Healthcare,Preventive care,people_with_disabilities__healthcare__preventive_care
b55280b78fa9a6cf41a2,https://www.sciencedirect.com/science/article/abs/pii/S0891422211003428,https://sciencedirect.com/science/article/abs/pii/S0891422211003428,5,people_with_disabilities/healthcare__preventive_care.txt,What factors influence preventive care for People with disabilities in healthcare?,People with disabilities,minority,Disability,Healthcare,Preventive care,people_with_disabilities__healthcare__preventive_care
a7cf0b22818db2d966af,https://pmc.ncbi.nlm.nih.gov/articles/PMC7916133/,https://pmc.ncbi.nlm.nih.gov/articles/PMC7916133,6,people_with_disabilities/healthcare__preventive_care.txt,What factors influence preventive care for People with disabilities in healthcare?,People with disabilities,minority,Disability,Healthcare,Preventive care,people_with_disabilities__healthcare__preventive_care
468f0c4f07c7d36c1197,https://www.acpjournals.org/doi/10.7326/ANNALS-24-02446,https://acpjournals.org/doi/10.7326/ANNALS-24-02446,7,people_with_disabilities/healthcare__preventive_care.txt,What factors influence preventive care for People with disabilities in healthcare?,People with disabilities,minority,Disability,Healthcare,Preventive care,people_with_disabilities__healthcare__preventive_care
700b61ff2857d14a24d6,https://odphp.health.gov/healthypeople/objectives-and-data/browse-objectives/people-disabilities/reduce-proportion-adults-disabilities-who-delay-preventive-care-because-cost-dh-01,https://odphp.health.gov/healthypeople/objectives-and-data/browse-objectives/people-disabilities/reduce-proportion-adults-disabilities-who-delay-preventive-care-because-cost-dh-01,8,people_with_disabilities/healthcare__preventive_care.txt,What factors influence preventive care for People with disabilities in healthcare?,People with disabilities,minority,Disability,Healthcare,Preventive care,people_with_disabilities__healthcare__preventive_care
dd9581e53f111f5e8546,https://www.mdpi.com/2227-9032/13/17/2099,https://mdpi.com/2227-9032/13/17/2099,9,people_with_disabilities/healthcare__preventive_care.txt,What factors influence preventive care for People with disabilities in healthcare?,People with disabilities,minority,Disability,Healthcare,Preventive care,people_with_disabilities__healthcare__preventive_care
c18cd4ec74d89aa60c5b,https://scholarlycommons.henryford.com/nursing_articles/6/,https://scholarlycommons.henryford.com/nursing_articles/6,10,people_with_disabilities/healthcare__preventive_care.txt,What factors influence preventive care for People with disabilities in healthcare?,People with disabilities,minority,Disability,Healthcare,Preventive care,people_with_disabilities__healthcare__preventive_care
f0a17de66346b422c1d0,https://www.urban.org/research/publication/people-disabilities-living-us-face-urgent-barriers-housing,https://urban.org/research/publication/people-disabilities-living-us-face-urgent-barriers-housing,1,people_with_disabilities/housing__access_to_housing.txt,What factors influence access to housing for People with disabilities in housing?,People with disabilities,minority,Disability,Housing,Access to housing,people_with_disabilities__housing__access_to_housing
9c8778bb46fa8eb44702,https://www.americanprogress.org/article/recognizing-addressing-housing-insecurity-disabled-renters/,https://americanprogress.org/article/recognizing-addressing-housing-insecurity-disabled-renters,2,people_with_disabilities/housing__access_to_housing.txt,What factors influence access to housing for People with disabilities in housing?,People with disabilities,minority,Disability,Housing,Access to housing,people_with_disabilities__housing__access_to_housing
3f6db0d15eb34b14a51a,https://www.nlc.org/article/2023/08/17/housing-for-individuals-with-disabilities/,https://nlc.org/article/2023/08/17/housing-for-individuals-with-disabilities,3,people_with_disabilities/housing__access_to_housing.txt,What factors influence access to housing for People with disabilities in housing?,People with disabilities,minority,Disability,Housing,Access to housing,people_with_disabilities__housing__access_to_housing
c5cbf1c018bc37adcb6b,https://www.aaidd.org/news-policy/policy/position-statements-2/housing,https://aaidd.org/news-policy/policy/position-statements-2/housing,4,people_with_disabilities/housing__access_to_housing.txt,What factors influence access to housing for People with disabilities in housing?,People with disabilities,minority,Disability,Housing,Access to housing,people_with_disabilities__housing__access_to_housing
7035b139035b96e32304,https://nlihc.org/resource/housing-and-society-publishes-article-housing-stability-parents-disabilities,https://nlihc.org/resource/housing-and-society-publishes-article-housing-stability-parents-disabilities,5,people_with_disabilities/housing__access_to_housing.txt,What factors influence access to housing for People with disabilities in housing?,People with disabilities,minority,Disability,Housing,Access to housing,people_with_disabilities__housing__access_to_housing
515f13b234a81d48d2e2,https://jphmpdirect.com/homelessness-among-individuals-with-disabilities/,https://jphmpdirect.com/homelessness-among-individuals-with-disabilities,1,people_with_disabilities/housing__homelessness.txt,What factors influence homelessness for People with disabilities in housing?,People with disabilities,minority,Disability,Housing,Homelessness,people_with_disabilities__housing__homelessness
0866091b33bf40c2a7af,https://www.housingsolutionstulsa.org/spotlight-on-disability-and-homelessness/,https://housingsolutionstulsa.org/spotlight-on-disability-and-homelessness,2,people_with_disabilities/housing__homelessness.txt,What factors influence homelessness for People with disabilities in housing?,People with disabilities,minority,Disability,Housing,Homelessness,people_with_disabilities__housing__homelessness
efc44c610595bff9fe1d,https://endhomelessness.org/people-with-unaddressed-health-conditions/,https://endhomelessness.org/people-with-unaddressed-health-conditions,3,people_with_disabilities/housing__homelessness.txt,What factors influence homelessness for People with disabilities in housing?,People with disabilities,minority,Disability,Housing,Homelessness,people_with_disabilities__housing__homelessness
54a5cc7dd59bec95edc5,https://www.americanprogress.org/article/lack-housing-mental-health-disabilities-exacerbate-one-another/,https://americanprogress.org/article/lack-housing-mental-health-disabilities-exacerbate-one-another,4,people_with_disabilities/housing__homelessness.txt,What factors influence homelessness for People with disabilities in housing?,People with disabilities,minority,Disability,Housing,Homelessness,people_with_disabilities__housing__homelessness
feccf3fc5115122827e1,https://pmc.ncbi.nlm.nih.gov/articles/PMC13252812/,https://pmc.ncbi.nlm.nih.gov/articles/PMC13252812,5,people_with_disabilities/housing__homelessness.txt,What factors influence homelessness for People with disabilities in housing?,People with disabilities,minority,Disability,Housing,Homelessness,people_with_disabilities__housing__homelessness
9c8778bb46fa8eb44702,https://www.americanprogress.org/article/recognizing-addressing-housing-insecurity-disabled-renters/,https://americanprogress.org/article/recognizing-addressing-housing-insecurity-disabled-renters,6,people_with_disabilities/housing__homelessness.txt,What factors influence homelessness for People with disabilities in housing?,People with disabilities,minority,Disability,Housing,Homelessness,people_with_disabilities__housing__homelessness
d6b6d3f9857de00d81ec,https://acl.gov/HousingAndServices/Homelessness,https://acl.gov/HousingAndServices/Homelessness,7,people_with_disabilities/housing__homelessness.txt,What factors influence homelessness for People with disabilities in housing?,People with disabilities,minority,Disability,Housing,Homelessness,people_with_disabilities__housing__homelessness
8a8388bc6203e15b7183,https://www.homelessnessimpact.org/news/the-barriers-faced-by-people-with-disabilities-in-exiting-homelessness,https://homelessnessimpact.org/news/the-barriers-faced-by-people-with-disabilities-in-exiting-homelessness,8,people_with_disabilities/housing__homelessness.txt,What factors influence homelessness for People with disabilities in housing?,People with disabilities,minority,Disability,Housing,Homelessness,people_with_disabilities__housing__homelessness
c4b476e848e3c5962bfb,https://www.carleton.edu/accessibility-resources/newsletter/disability-and-homelessness-in-america/,https://carleton.edu/accessibility-resources/newsletter/disability-and-homelessness-in-america,9,people_with_disabilities/housing__homelessness.txt,What factors influence homelessness for People with disabilities in housing?,People with disabilities,minority,Disability,Housing,Homelessness,people_with_disabilities__housing__homelessness
9c8778bb46fa8eb44702,https://www.americanprogress.org/article/recognizing-addressing-housing-insecurity-disabled-renters/,https://americanprogress.org/article/recognizing-addressing-housing-insecurity-disabled-renters,1,people_with_disabilities/housing__housing_stability.txt,What factors influence housing stability for People with disabilities in housing?,People with disabilities,minority,Disability,Housing,Housing stability,people_with_disabilities__housing__housing_stability
0866091b33bf40c2a7af,https://www.housingsolutionstulsa.org/spotlight-on-disability-and-homelessness/,https://housingsolutionstulsa.org/spotlight-on-disability-and-homelessness,2,people_with_disabilities/housing__housing_stability.txt,What factors influence housing stability for People with disabilities in housing?,People with disabilities,minority,Disability,Housing,Housing stability,people_with_disabilities__housing__housing_stability
818a3e772d18cde98eee,https://chrt.org/publication/housing-crisis-magnified/,https://chrt.org/publication/housing-crisis-magnified,3,people_with_disabilities/housing__housing_stability.txt,What factors influence housing stability for People with disabilities in housing?,People with disabilities,minority,Disability,Housing,Housing stability,people_with_disabilities__housing__housing_stability
ae3107fd9787759f5522,https://crisisassistance.org/2025/07/12/how-housing-instability-intersects-with-disability/,https://crisisassistance.org/2025/07/12/how-housing-instability-intersects-with-disability,4,people_with_disabilities/housing__housing_stability.txt,What factors influence housing stability for People with disabilities in housing?,People with disabilities,minority,Disability,Housing,Housing stability,people_with_disabilities__housing__housing_stability
b7c998a266298a228465,https://medresearch.umich.edu/sites/default/files/2024-06/RRTC-Evaluating-Housing-Concerns.pdf,https://medresearch.umich.edu/sites/default/files/2024-06/RRTC-Evaluating-Housing-Concerns.pdf,5,people_with_disabilities/housing__housing_stability.txt,What factors influence housing stability for People with disabilities in housing?,People with disabilities,minority,Disability,Housing,Housing stability,people_with_disabilities__housing__housing_stability
9ad09606649d629f8374,https://ablelight.org/blog/housing-insecurity/,https://ablelight.org/blog/housing-insecurity,6,people_with_disabilities/housing__housing_stability.txt,What factors influence housing stability for People with disabilities in housing?,People with disabilities,minority,Disability,Housing,Housing stability,people_with_disabilities__housing__housing_stability
c5cbf1c018bc37adcb6b,https://www.aaidd.org/news-policy/policy/position-statements-2/housing,https://aaidd.org/news-policy/policy/position-statements-2/housing,7,people_with_disabilities/housing__housing_stability.txt,What factors influence housing stability for People with disabilities in housing?,People with disabilities,minority,Disability,Housing,Housing stability,people_with_disabilities__housing__housing_stability
6c5943af058a385ce87b,https://www.hud.gov/hud-partners/multifamily-housing-for-seniors-and-persons-with-disabilities,https://hud.gov/hud-partners/multifamily-housing-for-seniors-and-persons-with-disabilities,8,people_with_disabilities/housing__housing_stability.txt,What factors influence housing stability for People with disabilities in housing?,People with disabilities,minority,Disability,Housing,Housing stability,people_with_disabilities__housing__housing_stability
cb8a234f2713209a8b7d,https://www.congress.gov/crs-product/R45979,https://congress.gov/crs-product/R45979,1,people_without_disabilities/credit_and_financial_services__access_to_banking_services.txt,What factors influence access to banking services for People without disabilities in credit & financial services?,People without disabilities,majority,Disability,Credit & Financial Services,Access to banking services,people_without_disabilities__credit_and_financial_services__access_to_banking_services
cde7cf9684c78ec011e1,https://www.equity.army/financial-services,https://equity.army/financial-services,2,people_without_disabilities/credit_and_financial_services__access_to_banking_services.txt,What factors influence access to banking services for People without disabilities in credit & financial services?,People without disabilities,majority,Disability,Credit & Financial Services,Access to banking services,people_without_disabilities__credit_and_financial_services__access_to_banking_services
4875748085f92db1436b,https://www.nationaldisabilityinstitute.org/blog/widening-the-pathways-to-financial-inclusion/,https://nationaldisabilityinstitute.org/blog/widening-the-pathways-to-financial-inclusion,3,people_without_disabilities/credit_and_financial_services__access_to_banking_services.txt,What factors influence access to banking services for People without disabilities in credit & financial services?,People without disabilities,majority,Disability,Credit & Financial Services,Access to banking services,people_without_disabilities__credit_and_financial_services__access_to_banking_services
a207be3f2e6385708af8,https://www.tandfonline.com/doi/full/10.1080/10875549.2018.1555731,https://tandfonline.com/doi/full/10.1080/10875549.2018.1555731,4,people_without_disabilities/credit_and_financial_services__access_to_banking_services.txt,What factors influence access to banking services for People without disabilities in credit & financial services?,People without disabilities,majority,Disability,Credit & Financial Services,Access to banking services,people_without_disabilities__credit_and_financial_services__access_to_banking_services
cb8a234f2713209a8b7d,https://www.congress.gov/crs-product/R45979,https://congress.gov/crs-product/R45979,1,people_without_disabilities/credit_and_financial_services__access_to_credit.txt,What factors influence access to credit for People without disabilities in credit & financial services?,People without disabilities,majority,Disability,Credit & Financial Services,Access to credit,people_without_disabilities__credit_and_financial_services__access_to_credit
07536d083b6b422772ae,https://www.stlouisfed.org/community-development/publications/access-credit-financial-services-bridge-financial-well-being,https://stlouisfed.org/community-development/publications/access-credit-financial-services-bridge-financial-well-being,2,people_without_disabilities/credit_and_financial_services__access_to_credit.txt,What factors influence access to credit for People without disabilities in credit & financial services?,People without disabilities,majority,Disability,Credit & Financial Services,Access to credit,people_without_disabilities__credit_and_financial_services__access_to_credit
a207be3f2e6385708af8,https://www.tandfonline.com/doi/full/10.1080/10875549.2018.1555731,https://tandfonline.com/doi/full/10.1080/10875549.2018.1555731,3,people_without_disabilities/credit_and_financial_services__access_to_credit.txt,What factors influence access to credit for People without disabilities in credit & financial services?,People without disabilities,majority,Disability,Credit & Financial Services,Access to credit,people_without_disabilities__credit_and_financial_services__access_to_credit
f84eef3dc4845cd8d901,https://www.accessiblelaw.untdallas.edu/post/when-algorithms-judge-your-credit-understanding-ai-bias-in-lending-decisions,https://accessiblelaw.untdallas.edu/post/when-algorithms-judge-your-credit-understanding-ai-bias-in-lending-decisions,1,people_without_disabilities/credit_and_financial_services__credit_loan_approval.txt,What factors influence credit/loan approval for People without disabilities in credit & financial services?,People without disabilities,majority,Disability,Credit & Financial Services,Credit/loan approval,people_without_disabilities__credit_and_financial_services__credit_loan_approval
8d4b74f96737f9c79531,https://www.nationaldisabilityinstitute.org/financial-resilience-center/credit/,https://nationaldisabilityinstitute.org/financial-resilience-center/credit,2,people_without_disabilities/credit_and_financial_services__credit_loan_approval.txt,What factors influence credit/loan approval for People without disabilities in credit & financial services?,People without disabilities,majority,Disability,Credit & Financial Services,Credit/loan approval,people_without_disabilities__credit_and_financial_services__credit_loan_approval
4a061dfef3b0e1690559,https://link.springer.com/article/10.1007/s00146-023-01676-3,https://link.springer.com/article/10.1007/s00146-023-01676-3,3,people_without_disabilities/credit_and_financial_services__credit_loan_approval.txt,What factors influence credit/loan approval for People without disabilities in credit & financial services?,People without disabilities,majority,Disability,Credit & Financial Services,Credit/loan approval,people_without_disabilities__credit_and_financial_services__credit_loan_approval
66e7f7753802c0fd0c48,https://joingerald.com/,https://joingerald.com/,4,people_without_disabilities/credit_and_financial_services__credit_loan_approval.txt,What factors influence credit/loan approval for People without disabilities in credit & financial services?,People without disabilities,majority,Disability,Credit & Financial Services,Credit/loan approval,people_without_disabilities__credit_and_financial_services__credit_loan_approval
de6290d9810d603eb58b,https://www.prisonpolicy.org/research/racial_and_ethnic_disparities/,https://prisonpolicy.org/research/racial_and_ethnic_disparities,1,people_without_disabilities/criminal_justice__arrest_detention_by_police.txt,What factors influence arrest / detention by police for People without disabilities in criminal justice?,People without disabilities,majority,Disability,Criminal Justice,Arrest / detention by police,people_without_disabilities__criminal_justice__arrest_detention_by_police
1cbe5434214cbdb77b60,https://pmc.ncbi.nlm.nih.gov/articles/PMC9017075/,https://pmc.ncbi.nlm.nih.gov/articles/PMC9017075,2,people_without_disabilities/criminal_justice__arrest_detention_by_police.txt,What factors influence arrest / detention by police for People without disabilities in criminal justice?,People without disabilities,majority,Disability,Criminal Justice,Arrest / detention by police,people_without_disabilities__criminal_justice__arrest_detention_by_police
439458c01d9f32548949,https://pmc.ncbi.nlm.nih.gov/articles/PMC2811044/,https://pmc.ncbi.nlm.nih.gov/articles/PMC2811044,3,people_without_disabilities/criminal_justice__arrest_detention_by_police.txt,What factors influence arrest / detention by police for People without disabilities in criminal justice?,People without disabilities,majority,Disability,Criminal Justice,Arrest / detention by police,people_without_disabilities__criminal_justice__arrest_detention_by_police
b4e995b3fe6b826a44d0,https://bja.ojp.gov/library/publications/understanding-police-decisions-arrest-impact-situational-officer-and,https://bja.ojp.gov/library/publications/understanding-police-decisions-arrest-impact-situational-officer-and,4,people_without_disabilities/criminal_justice__arrest_detention_by_police.txt,What factors influence arrest / detention by police for People without disabilities in criminal justice?,People without disabilities,majority,Disability,Criminal Justice,Arrest / detention by police,people_without_disabilities__criminal_justice__arrest_detention_by_police
6801e48f993963690b56,https://www.ojp.gov/pdffiles1/nij/grants/213004.pdf,https://ojp.gov/pdffiles1/nij/grants/213004.pdf,5,people_without_disabilities/criminal_justice__arrest_detention_by_police.txt,What factors influence arrest / detention by police for People without disabilities in criminal justice?,People without disabilities,majority,Disability,Criminal Justice,Arrest / detention by police,people_without_disabilities__criminal_justice__arrest_detention_by_police
34a8961e42b070351890,https://escholarship.org/content/qt56p7716s/qt56p7716s.pdf,https://escholarship.org/content/qt56p7716s/qt56p7716s.pdf,6,people_without_disabilities/criminal_justice__arrest_detention_by_police.txt,What factors influence arrest / detention by police for People without disabilities in criminal justice?,People without disabilities,majority,Disability,Criminal Justice,Arrest / detention by police,people_without_disabilities__criminal_justice__arrest_detention_by_police
1a444ac222ba65e89125,https://pmc.ncbi.nlm.nih.gov/articles/PMC2831379/,https://pmc.ncbi.nlm.nih.gov/articles/PMC2831379,7,people_without_disabilities/criminal_justice__arrest_detention_by_police.txt,What factors influence arrest / detention by police for People without disabilities in criminal justice?,People without disabilities,majority,Disability,Criminal Justice,Arrest / detention by police,people_without_disabilities__criminal_justice__arrest_detention_by_police
32ad32380ce4b97b571e,https://www.sciencedirect.com/science/article/abs/pii/S0047235221000490,https://sciencedirect.com/science/article/abs/pii/S0047235221000490,8,people_without_disabilities/criminal_justice__arrest_detention_by_police.txt,What factors influence arrest / detention by police for People without disabilities in criminal justice?,People without disabilities,majority,Disability,Criminal Justice,Arrest / detention by police,people_without_disabilities__criminal_justice__arrest_detention_by_police
f5c71ec54aa51bf31802,https://www.ojp.gov/ncjrs/virtual-library/abstracts/understanding-police-decisions-arrest-impact-situational-officer,https://ojp.gov/ncjrs/virtual-library/abstracts/understanding-police-decisions-arrest-impact-situational-officer,9,people_without_disabilities/criminal_justice__arrest_detention_by_police.txt,What factors influence arrest / detention by police for People without disabilities in criminal justice?,People without disabilities,majority,Disability,Criminal Justice,Arrest / detention by police,people_without_disabilities__criminal_justice__arrest_detention_by_police
8d8f2c2cd0951645b7f3,https://pmc.ncbi.nlm.nih.gov/articles/PMC4772969/,https://pmc.ncbi.nlm.nih.gov/articles/PMC4772969,1,people_without_disabilities/criminal_justice__police_use_of_force.txt,What factors influence police use of force for People without disabilities in criminal justice?,People without disabilities,majority,Disability,Criminal Justice,Police use of force,people_without_disabilities__criminal_justice__police_use_of_force
11f0dfc2f2e3c61028a4,https://www.sciencedirect.com/science/article/abs/pii/S0160252716300929,https://sciencedirect.com/science/article/abs/pii/S0160252716300929,2,people_without_disabilities/criminal_justice__police_use_of_force.txt,What factors influence police use of force for People without disabilities in criminal justice?,People without disabilities,majority,Disability,Criminal Justice,Police use of force,people_without_disabilities__criminal_justice__police_use_of_force
f70b8298fc944a353a19,https://www.sciencedirect.com/science/article/abs/pii/S0047235220300684,https://sciencedirect.com/science/article/abs/pii/S0047235220300684,3,people_without_disabilities/criminal_justice__police_use_of_force.txt,What factors influence police use of force for People without disabilities in criminal justice?,People without disabilities,majority,Disability,Criminal Justice,Police use of force,people_without_disabilities__criminal_justice__police_use_of_force
232adb63d9c78d29d59b,https://journals.sagepub.com/doi/10.1177/21533687251314137,https://journals.sagepub.com/doi/10.1177/21533687251314137,4,people_without_disabilities/criminal_justice__police_use_of_force.txt,What factors influence police use of force for People without disabilities in criminal justice?,People without disabilities,majority,Disability,Criminal Justice,Police use of force,people_without_disabilities__criminal_justice__police_use_of_force
e763956ae024abb886de,https://www.researchforaction.org/research-resources/k-12/unequal-access-to-educational-opportunity-in-the-united-states/,https://researchforaction.org/research-resources/k-12/unequal-access-to-educational-opportunity-in-the-united-states,1,people_without_disabilities/education__educational_opportunity_access.txt,What factors influence educational opportunity/access for People without disabilities in education?,People without disabilities,majority,Disability,Education,Educational opportunity/access,people_without_disabilities__education__educational_opportunity_access
a151b11edce0efaa06fd,https://all4ed.org/future-ready-schools/emerging-practices-guides/ensuring-equity-access-and-inclusion-for-all/,https://all4ed.org/future-ready-schools/emerging-practices-guides/ensuring-equity-access-and-inclusion-for-all,2,people_without_disabilities/education__educational_opportunity_access.txt,What factors influence educational opportunity/access for People without disabilities in education?,People without disabilities,majority,Disability,Education,Educational opportunity/access,people_without_disabilities__education__educational_opportunity_access
6d1d12bb01059c351ecf,https://www.gettingsmart.com/2024/09/24/why-high-quality-learning-opportunities-must-be-accessible-to-every-student/,https://gettingsmart.com/2024/09/24/why-high-quality-learning-opportunities-must-be-accessible-to-every-student,3,people_without_disabilities/education__educational_opportunity_access.txt,What factors influence educational opportunity/access for People without disabilities in education?,People without disabilities,majority,Disability,Education,Educational opportunity/access,people_without_disabilities__education__educational_opportunity_access
53579641740771b039d7,https://www.stopbullying.gov/bullying/at-risk,https://stopbullying.gov/bullying/at-risk,1,people_without_disabilities/education__harassment_bullying.txt,What factors influence harassment/bullying for People without disabilities in education?,People without disabilities,majority,Disability,Education,Harassment/bullying,people_without_disabilities__education__harassment_bullying
ca7fff8f4a2a0636cf33,https://www.youtube.com/watch?v=rcRCzpkny4U,https://youtube.com/watch?v=rcRCzpkny4U,2,people_without_disabilities/education__harassment_bullying.txt,What factors influence harassment/bullying for People without disabilities in education?,People without disabilities,majority,Disability,Education,Harassment/bullying,people_without_disabilities__education__harassment_bullying
c5289737e03e107c70a9,https://www.stopbullying.gov/bullying/special-needs,https://stopbullying.gov/bullying/special-needs,3,people_without_disabilities/education__harassment_bullying.txt,What factors influence harassment/bullying for People without disabilities in education?,People without disabilities,majority,Disability,Education,Harassment/bullying,people_without_disabilities__education__harassment_bullying
40c087f78ed78838a21b,https://anti-bullyingalliance.org.uk/tools-information/all-about-bullying/at-risk-groups/sen-disability/do-children-send-experience-more,https://anti-bullyingalliance.org.uk/tools-information/all-about-bullying/at-risk-groups/sen-disability/do-children-send-experience-more,4,people_without_disabilities/education__harassment_bullying.txt,What factors influence harassment/bullying for People without disabilities in education?,People without disabilities,majority,Disability,Education,Harassment/bullying,people_without_disabilities__education__harassment_bullying
6802d482ce97789fb0a6,https://pmc.ncbi.nlm.nih.gov/articles/PMC7158969/,https://pmc.ncbi.nlm.nih.gov/articles/PMC7158969,5,people_without_disabilities/education__harassment_bullying.txt,What factors influence harassment/bullying for People without disabilities in education?,People without disabilities,majority,Disability,Education,Harassment/bullying,people_without_disabilities__education__harassment_bullying
6a68befd7e40acb7f205,https://prntexas.org/top-10-facts-about-bullying-and-harassment-of-students-with-disabilities/,https://prntexas.org/top-10-facts-about-bullying-and-harassment-of-students-with-disabilities,6,people_without_disabilities/education__harassment_bullying.txt,What factors influence harassment/bullying for People without disabilities in education?,People without disabilities,majority,Disability,Education,Harassment/bullying,people_without_disabilities__education__harassment_bullying
40bc376c9e74dc4ddbe8,https://worksupport.com/research/documents/pdf/jablonskietal2024employmentbarriersexperiencedatdifferentjobacquisitionstagesbypeoplewithandwithout.pdf,https://worksupport.com/research/documents/pdf/jablonskietal2024employmentbarriersexperiencedatdifferentjobacquisitionstagesbypeoplewithandwithout.pdf,1,people_without_disabilities/employment__hiring.txt,What factors influence hiring for People without disabilities in employment?,People without disabilities,majority,Disability,Employment,Hiring,people_without_disabilities__employment__hiring
dcefb5bd470884c995ff,https://www.thinkwork.org/sites/thinkwork.org/files/files/ChoosingEmployment.pdf,https://thinkwork.org/sites/thinkwork.org/files/files/ChoosingEmployment.pdf,2,people_without_disabilities/employment__hiring.txt,What factors influence hiring for People without disabilities in employment?,People without disabilities,majority,Disability,Employment,Hiring,people_without_disabilities__employment__hiring
620f3dd7f2c2f2f85366,https://sjdr.se/articles/10.16993/sjdr.1150,https://sjdr.se/articles/10.16993/sjdr.1150,3,people_without_disabilities/employment__hiring.txt,What factors influence hiring for People without disabilities in employment?,People without disabilities,majority,Disability,Employment,Hiring,people_without_disabilities__employment__hiring
6dc4129a249730451afc,https://www.eeoc.gov/chart-risk-factors-harassment-and-responsive-strategies,https://eeoc.gov/chart-risk-factors-harassment-and-responsive-strategies,1,people_without_disabilities/employment__workplace_harassment.txt,What factors influence workplace harassment for People without disabilities in employment?,People without disabilities,majority,Disability,Employment,Workplace harassment,people_without_disabilities__employment__workplace_harassment
e57e47dd6ee9b35ba01a,https://www.lundelllawfirm.com/post/common-sources-of-workplace-harassment,https://lundelllawfirm.com/post/common-sources-of-workplace-harassment,2,people_without_disabilities/employment__workplace_harassment.txt,What factors influence workplace harassment for People without disabilities in employment?,People without disabilities,majority,Disability,Employment,Workplace harassment,people_without_disabilities__employment__workplace_harassment
5f250bd6cecd12f45831,https://www.americanprogress.org/article/how-to-address-the-administrative-burdens-of-accessing-the-safety-net/,https://americanprogress.org/article/how-to-address-the-administrative-burdens-of-accessing-the-safety-net,1,people_without_disabilities/government_benefits__access_to_government_benefits.txt,What factors influence access to government benefits for People without disabilities in government benefits?,People without disabilities,majority,Disability,Government Benefits,Access to government benefits,people_without_disabilities__government_benefits__access_to_government_benefits
bac141dffed997ce25c8,https://www.ssa.gov/policy/docs/ssb/v65n3/v65n3p14.html,https://ssa.gov/policy/docs/ssb/v65n3/v65n3p14.html,2,people_without_disabilities/government_benefits__access_to_government_benefits.txt,What factors influence access to government benefits for People without disabilities in government benefits?,People without disabilities,majority,Disability,Government Benefits,Access to government benefits,people_without_disabilities__government_benefits__access_to_government_benefits
8cffc442ce1c61bfdcf6,https://catalog.results4america.org/strategies/reducing-obstacles,https://catalog.results4america.org/strategies/reducing-obstacles,3,people_without_disabilities/government_benefits__access_to_government_benefits.txt,What factors influence access to government benefits for People without disabilities in government benefits?,People without disabilities,majority,Disability,Government Benefits,Access to government benefits,people_without_disabilities__government_benefits__access_to_government_benefits
00d2e70f80bb40cec88c,https://www.advocacysnt.org/articles/avoiding-benefits-trap-special-needs-planning,https://advocacysnt.org/articles/avoiding-benefits-trap-special-needs-planning,4,people_without_disabilities/government_benefits__access_to_government_benefits.txt,What factors influence access to government benefits for People without disabilities in government benefits?,People without disabilities,majority,Disability,Government Benefits,Access to government benefits,people_without_disabilities__government_benefits__access_to_government_benefits
23c76c786cea87dd5925,https://crr.bc.edu/many-barriers-hinder-rural-use-of-government-programs/,https://crr.bc.edu/many-barriers-hinder-rural-use-of-government-programs,5,people_without_disabilities/government_benefits__access_to_government_benefits.txt,What factors influence access to government benefits for People without disabilities in government benefits?,People without disabilities,majority,Disability,Government Benefits,Access to government benefits,people_without_disabilities__government_benefits__access_to_government_benefits
a6e4049ec0960f378558,https://grundydisabilitygroup.com/social-security-disability-insurance-supplemental-security-income-blogs/why-do-most-people-get-denied-for-disability/,https://grundydisabilitygroup.com/social-security-disability-insurance-supplemental-security-income-blogs/why-do-most-people-get-denied-for-disability,1,people_without_disabilities/government_benefits__application_approval.txt,What factors influence application/approval for People without disabilities in government benefits?,People without disabilities,majority,Disability,Government Benefits,Application/approval,people_without_disabilities__government_benefits__application_approval
125f8520e8a90a6debc8,https://www.croweshanahan.com/blog/2026/03/what-disqualifies-a-person-from-disability/,https://croweshanahan.com/blog/2026/03/what-disqualifies-a-person-from-disability,2,people_without_disabilities/government_benefits__application_approval.txt,What factors influence application/approval for People without disabilities in government benefits?,People without disabilities,majority,Disability,Government Benefits,Application/approval,people_without_disabilities__government_benefits__application_approval
42159b54457cb5368e7b,https://aahd.us/2025/03/dhjo-disability-benefits-decision-making/,https://aahd.us/2025/03/dhjo-disability-benefits-decision-making,3,people_without_disabilities/government_benefits__application_approval.txt,What factors influence application/approval for People without disabilities in government benefits?,People without disabilities,majority,Disability,Government Benefits,Application/approval,people_without_disabilities__government_benefits__application_approval
e4bbf3f3ac7e3bd6ae9f,https://www.quora.com/What-are-the-eligibility-requirements-for-public-assistance-welfare-in-the-United-States-Who-qualifies-for-this-type-of-assistance,https://quora.com/What-are-the-eligibility-requirements-for-public-assistance-welfare-in-the-United-States-Who-qualifies-for-this-type-of-assistance,4,people_without_disabilities/government_benefits__application_approval.txt,What factors influence application/approval for People without disabilities in government benefits?,People without disabilities,majority,Disability,Government Benefits,Application/approval,people_without_disabilities__government_benefits__application_approval
1329ff148461994b165b,https://www.uscis.gov/policy-manual/volume-8-part-g-chapter-7,https://uscis.gov/policy-manual/volume-8-part-g-chapter-7,5,people_without_disabilities/government_benefits__application_approval.txt,What factors influence application/approval for People without disabilities in government benefits?,People without disabilities,majority,Disability,Government Benefits,Application/approval,people_without_disabilities__government_benefits__application_approval
ee94f3eb0168dbcacc11,https://grundydisabilitygroup.com/social-security-disability-insurance-supplemental-security-income-blogs/what-are-non-medical-requirements-for-ssdi/,https://grundydisabilitygroup.com/social-security-disability-insurance-supplemental-security-income-blogs/what-are-non-medical-requirements-for-ssdi,6,people_without_disabilities/government_benefits__application_approval.txt,What factors influence application/approval for People without disabilities in government benefits?,People without disabilities,majority,Disability,Government Benefits,Application/approval,people_without_disabilities__government_benefits__application_approval
944842ffda8ee7e3593a,https://cjdisability.com/blog/can-you-be-denied-ssdi-after-non-medical-review/,https://cjdisability.com/blog/can-you-be-denied-ssdi-after-non-medical-review,7,people_without_disabilities/government_benefits__application_approval.txt,What factors influence application/approval for People without disabilities in government benefits?,People without disabilities,majority,Disability,Government Benefits,Application/approval,people_without_disabilities__government_benefits__application_approval
c94a11352ba8fb19a292,https://www.nashdisabilitylaw.com/what-are-the-non-medical-requirements-for-disability-benefits/,https://nashdisabilitylaw.com/what-are-the-non-medical-requirements-for-disability-benefits,8,people_without_disabilities/government_benefits__application_approval.txt,What factors influence application/approval for People without disabilities in government benefits?,People without disabilities,majority,Disability,Government Benefits,Application/approval,people_without_disabilities__government_benefits__application_approval
b566362e4bf57605e933,https://www.citizensinformation.ie/en/social-welfare/irish-social-welfare-system/means-test-for-social-welfare-payments/,https://citizensinformation.ie/en/social-welfare/irish-social-welfare-system/means-test-for-social-welfare-payments,9,people_without_disabilities/government_benefits__application_approval.txt,What factors influence application/approval for People without disabilities in government benefits?,People without disabilities,majority,Disability,Government Benefits,Application/approval,people_without_disabilities__government_benefits__application_approval
f3e8f726b95e9ce3bfb8,https://www.savingforcollege.com/article/eligible-means-tested-federal-benefits-on-the-fafsa,https://savingforcollege.com/article/eligible-means-tested-federal-benefits-on-the-fafsa,10,people_without_disabilities/government_benefits__application_approval.txt,What factors influence application/approval for People without disabilities in government benefits?,People without disabilities,majority,Disability,Government Benefits,Application/approval,people_without_disabilities__government_benefits__application_approval
a9bb77c4ea49b323e5e3,https://www.ageuk.org.uk/information-advice/money-legal/benefits-entitlements/how-your-benefits-are-means-tested/,https://ageuk.org.uk/information-advice/money-legal/benefits-entitlements/how-your-benefits-are-means-tested,11,people_without_disabilities/government_benefits__application_approval.txt,What factors influence application/approval for People without disabilities in government benefits?,People without disabilities,majority,Disability,Government Benefits,Application/approval,people_without_disabilities__government_benefits__application_approval
0b8bb4e685b7cdbdcb0a,https://www.trajectordisability.com/non-medical-requirements-for-ssd/,https://trajectordisability.com/non-medical-requirements-for-ssd,12,people_without_disabilities/government_benefits__application_approval.txt,What factors influence application/approval for People without disabilities in government benefits?,People without disabilities,majority,Disability,Government Benefits,Application/approval,people_without_disabilities__government_benefits__application_approval
4bf565b22ceff9d79083,https://ec.europa.eu/eurostat/statistics-explained/index.php?title=Glossary:Means-tested_and_Non_means-tested_benefits,https://ec.europa.eu/eurostat/statistics-explained/index.php?title=Glossary%3AMeans-tested_and_Non_means-tested_benefits,13,people_without_disabilities/government_benefits__application_approval.txt,What factors influence application/approval for People without disabilities in government benefits?,People without disabilities,majority,Disability,Government Benefits,Application/approval,people_without_disabilities__government_benefits__application_approval
0779fe2c96edab85c775,https://www.ssa.gov/benefits/disability/work.html,https://ssa.gov/benefits/disability/work.html,1,people_without_disabilities/government_benefits__benefit_retention_renewal.txt,What factors influence benefit retention / renewal for People without disabilities in government benefits?,People without disabilities,majority,Disability,Government Benefits,Benefit retention / renewal,people_without_disabilities__government_benefits__benefit_retention_renewal
5f250bd6cecd12f45831,https://www.americanprogress.org/article/how-to-address-the-administrative-burdens-of-accessing-the-safety-net/,https://americanprogress.org/article/how-to-address-the-administrative-burdens-of-accessing-the-safety-net,2,people_without_disabilities/government_benefits__benefit_retention_renewal.txt,What factors influence benefit retention / renewal for People without disabilities in government benefits?,People without disabilities,majority,Disability,Government Benefits,Benefit retention / renewal,people_without_disabilities__government_benefits__benefit_retention_renewal
f7651059ee321a0fa4e6,https://www.americanprogress.org/article/advancing-economic-security-people-disabilities/,https://americanprogress.org/article/advancing-economic-security-people-disabilities,3,people_without_disabilities/government_benefits__benefit_retention_renewal.txt,What factors influence benefit retention / renewal for People without disabilities in government benefits?,People without disabilities,majority,Disability,Government Benefits,Benefit retention / renewal,people_without_disabilities__government_benefits__benefit_retention_renewal
80fd3130802ea248e5d6,https://www.ssa.gov/policy/docs/ssb/v85n3/v85n3p1.html,https://ssa.gov/policy/docs/ssb/v85n3/v85n3p1.html,4,people_without_disabilities/government_benefits__benefit_retention_renewal.txt,What factors influence benefit retention / renewal for People without disabilities in government benefits?,People without disabilities,majority,Disability,Government Benefits,Benefit retention / renewal,people_without_disabilities__government_benefits__benefit_retention_renewal
4ee0a1bdb581e67a4d09,https://justiceinaging.org/policy-reforms-to-better-connect-older-adults-and-individuals-with-disabilities-to-ssi-and-other-benefits/,https://justiceinaging.org/policy-reforms-to-better-connect-older-adults-and-individuals-with-disabilities-to-ssi-and-other-benefits,5,people_without_disabilities/government_benefits__benefit_retention_renewal.txt,What factors influence benefit retention / renewal for People without disabilities in government benefits?,People without disabilities,majority,Disability,Government Benefits,Benefit retention / renewal,people_without_disabilities__government_benefits__benefit_retention_renewal
961e90f4feb0bcd41f05,https://pmc.ncbi.nlm.nih.gov/articles/PMC3953783/,https://pmc.ncbi.nlm.nih.gov/articles/PMC3953783,1,people_without_disabilities/healthcare__insurance_coverage.txt,What factors influence insurance coverage for People without disabilities in healthcare?,People without disabilities,majority,Disability,Healthcare,Insurance coverage,people_without_disabilities__healthcare__insurance_coverage
db4c53c3b77066bb6b6d,https://pmc.ncbi.nlm.nih.gov/articles/PMC5798675/,https://pmc.ncbi.nlm.nih.gov/articles/PMC5798675,2,people_without_disabilities/healthcare__insurance_coverage.txt,What factors influence insurance coverage for People without disabilities in healthcare?,People without disabilities,majority,Disability,Healthcare,Insurance coverage,people_without_disabilities__healthcare__insurance_coverage
2f629286eb047844b1ef,https://www.kff.org/uninsured/health-policy-101-the-uninsured-population-and-health-coverage/,https://kff.org/uninsured/health-policy-101-the-uninsured-population-and-health-coverage,3,people_without_disabilities/healthcare__insurance_coverage.txt,What factors influence insurance coverage for People without disabilities in healthcare?,People without disabilities,majority,Disability,Healthcare,Insurance coverage,people_without_disabilities__healthcare__insurance_coverage
4fa99de6d14de8eef8a7,https://journals.sagepub.com/doi/abs/10.1177/0046958017734031,https://journals.sagepub.com/doi/abs/10.1177/0046958017734031,4,people_without_disabilities/healthcare__insurance_coverage.txt,What factors influence insurance coverage for People without disabilities in healthcare?,People without disabilities,majority,Disability,Healthcare,Insurance coverage,people_without_disabilities__healthcare__insurance_coverage
7b6af59c95d8bfc70b31,https://pmc.ncbi.nlm.nih.gov/articles/PMC6661108/,https://pmc.ncbi.nlm.nih.gov/articles/PMC6661108,5,people_without_disabilities/healthcare__insurance_coverage.txt,What factors influence insurance coverage for People without disabilities in healthcare?,People without disabilities,majority,Disability,Healthcare,Insurance coverage,people_without_disabilities__healthcare__insurance_coverage
fc8ffe82f7876b4d6899,https://pmc.ncbi.nlm.nih.gov/articles/PMC4455226/,https://pmc.ncbi.nlm.nih.gov/articles/PMC4455226,6,people_without_disabilities/healthcare__insurance_coverage.txt,What factors influence insurance coverage for People without disabilities in healthcare?,People without disabilities,majority,Disability,Healthcare,Insurance coverage,people_without_disabilities__healthcare__insurance_coverage
09cc4f4a120651f51f8c,https://pmc.ncbi.nlm.nih.gov/articles/PMC3671490/,https://pmc.ncbi.nlm.nih.gov/articles/PMC3671490,7,people_without_disabilities/healthcare__insurance_coverage.txt,What factors influence insurance coverage for People without disabilities in healthcare?,People without disabilities,majority,Disability,Healthcare,Insurance coverage,people_without_disabilities__healthcare__insurance_coverage
3952700851987a1de36e,https://www.who.int/news-room/fact-sheets/detail/patient-safety,https://who.int/news-room/fact-sheets/detail/patient-safety,1,people_without_disabilities/healthcare__patient_safety.txt,What factors influence patient safety for People without disabilities in healthcare?,People without disabilities,majority,Disability,Healthcare,Patient safety,people_without_disabilities__healthcare__patient_safety
871e4477e40072f47568,https://pmc.ncbi.nlm.nih.gov/articles/PMC11812675/,https://pmc.ncbi.nlm.nih.gov/articles/PMC11812675,2,people_without_disabilities/healthcare__patient_safety.txt,What factors influence patient safety for People without disabilities in healthcare?,People without disabilities,majority,Disability,Healthcare,Patient safety,people_without_disabilities__healthcare__patient_safety
9faf994dc772d645259f,https://www.medstarhealth.org/quality-and-patient-safety,https://medstarhealth.org/quality-and-patient-safety,3,people_without_disabilities/healthcare__patient_safety.txt,What factors influence patient safety for People without disabilities in healthcare?,People without disabilities,majority,Disability,Healthcare,Patient safety,people_without_disabilities__healthcare__patient_safety
90e90663e6476e1cc2be,https://www.ideagen.com/noram/thought-leadership/blog/six-principles-of-patient-safety,https://ideagen.com/noram/thought-leadership/blog/six-principles-of-patient-safety,4,people_without_disabilities/healthcare__patient_safety.txt,What factors influence patient safety for People without disabilities in healthcare?,People without disabilities,majority,Disability,Healthcare,Patient safety,people_without_disabilities__healthcare__patient_safety
010b00a1605b667519b0,https://pmc.ncbi.nlm.nih.gov/articles/PMC6125037/,https://pmc.ncbi.nlm.nih.gov/articles/PMC6125037,1,people_without_disabilities/healthcare__preventive_care.txt,What factors influence preventive care for People without disabilities in healthcare?,People without disabilities,majority,Disability,Healthcare,Preventive care,people_without_disabilities__healthcare__preventive_care
10fe52480c8b8907b96a,https://pmc.ncbi.nlm.nih.gov/articles/PMC12051801/,https://pmc.ncbi.nlm.nih.gov/articles/PMC12051801,2,people_without_disabilities/healthcare__preventive_care.txt,What factors influence preventive care for People without disabilities in healthcare?,People without disabilities,majority,Disability,Healthcare,Preventive care,people_without_disabilities__healthcare__preventive_care
510866a2c7dbbd653a21,https://pmc.ncbi.nlm.nih.gov/articles/PMC10000362/,https://pmc.ncbi.nlm.nih.gov/articles/PMC10000362,3,people_without_disabilities/healthcare__preventive_care.txt,What factors influence preventive care for People without disabilities in healthcare?,People without disabilities,majority,Disability,Healthcare,Preventive care,people_without_disabilities__healthcare__preventive_care
b55280b78fa9a6cf41a2,https://www.sciencedirect.com/science/article/abs/pii/S0891422211003428,https://sciencedirect.com/science/article/abs/pii/S0891422211003428,4,people_without_disabilities/healthcare__preventive_care.txt,What factors influence preventive care for People without disabilities in healthcare?,People without disabilities,majority,Disability,Healthcare,Preventive care,people_without_disabilities__healthcare__preventive_care
f961d685477c119d9095,https://www.point32health.org/newsroom/points-of-view/benefits-and-barriers-to-preventive-care,https://point32health.org/newsroom/points-of-view/benefits-and-barriers-to-preventive-care,5,people_without_disabilities/healthcare__preventive_care.txt,What factors influence preventive care for People without disabilities in healthcare?,People without disabilities,majority,Disability,Healthcare,Preventive care,people_without_disabilities__healthcare__preventive_care
0866091b33bf40c2a7af,https://www.housingsolutionstulsa.org/spotlight-on-disability-and-homelessness/,https://housingsolutionstulsa.org/spotlight-on-disability-and-homelessness,1,people_without_disabilities/housing__access_to_housing.txt,What factors influence access to housing for People without disabilities in housing?,People without disabilities,majority,Disability,Housing,Access to housing,people_without_disabilities__housing__access_to_housing
049e7a5b07692900726c,https://ne-arc.org/2025/04/25/housing-the-overlooked-crisis-for-disabled-people/,https://ne-arc.org/2025/04/25/housing-the-overlooked-crisis-for-disabled-people,2,people_without_disabilities/housing__access_to_housing.txt,What factors influence access to housing for People without disabilities in housing?,People without disabilities,majority,Disability,Housing,Access to housing,people_without_disabilities__housing__access_to_housing
23f7d83660be39977ba6,https://thinkequitable.com/housing-barriers/,https://thinkequitable.com/housing-barriers,3,people_without_disabilities/housing__access_to_housing.txt,What factors influence access to housing for People without disabilities in housing?,People without disabilities,majority,Disability,Housing,Access to housing,people_without_disabilities__housing__access_to_housing
b7c998a266298a228465,https://medresearch.umich.edu/sites/default/files/2024-06/RRTC-Evaluating-Housing-Concerns.pdf,https://medresearch.umich.edu/sites/default/files/2024-06/RRTC-Evaluating-Housing-Concerns.pdf,4,people_without_disabilities/housing__access_to_housing.txt,What factors influence access to housing for People without disabilities in housing?,People without disabilities,majority,Disability,Housing,Access to housing,people_without_disabilities__housing__access_to_housing
9c8778bb46fa8eb44702,https://www.americanprogress.org/article/recognizing-addressing-housing-insecurity-disabled-renters/,https://americanprogress.org/article/recognizing-addressing-housing-insecurity-disabled-renters,5,people_without_disabilities/housing__access_to_housing.txt,What factors influence access to housing for People without disabilities in housing?,People without disabilities,majority,Disability,Housing,Access to housing,people_without_disabilities__housing__access_to_housing
e971ba7c6e8e610c6260,https://www.opportunityhome.org/resources/disability-rights-advocates-and-housing-fact-sheet/,https://opportunityhome.org/resources/disability-rights-advocates-and-housing-fact-sheet,6,people_without_disabilities/housing__access_to_housing.txt,What factors influence access to housing for People without disabilities in housing?,People without disabilities,majority,Disability,Housing,Access to housing,people_without_disabilities__housing__access_to_housing
a16c66827fff4ce57751,https://equalrightscenter.org/ada-35-inaccessible-housing/,https://equalrightscenter.org/ada-35-inaccessible-housing,7,people_without_disabilities/housing__access_to_housing.txt,What factors influence access to housing for People without disabilities in housing?,People without disabilities,majority,Disability,Housing,Access to housing,people_without_disabilities__housing__access_to_housing
95e23011c3ababc6a7c9,https://www.urban.org/urban-wire/disability-justice-isnt-possible-without-housing-justice,https://urban.org/urban-wire/disability-justice-isnt-possible-without-housing-justice,8,people_without_disabilities/housing__access_to_housing.txt,What factors influence access to housing for People without disabilities in housing?,People without disabilities,majority,Disability,Housing,Access to housing,people_without_disabilities__housing__access_to_housing
8fc8459f46000eeae2d8,https://www.urban.org/urban-wire/three-obstacles-federally-assisted-housing-programs-need-overcome-better-serve-residents-disabilities,https://urban.org/urban-wire/three-obstacles-federally-assisted-housing-programs-need-overcome-better-serve-residents-disabilities,9,people_without_disabilities/housing__access_to_housing.txt,What factors influence access to housing for People without disabilities in housing?,People without disabilities,majority,Disability,Housing,Access to housing,people_without_disabilities__housing__access_to_housing
feccf3fc5115122827e1,https://pmc.ncbi.nlm.nih.gov/articles/PMC13252812/,https://pmc.ncbi.nlm.nih.gov/articles/PMC13252812,10,people_without_disabilities/housing__access_to_housing.txt,What factors influence access to housing for People without disabilities in housing?,People without disabilities,majority,Disability,Housing,Access to housing,people_without_disabilities__housing__access_to_housing
3eabb7d679a1823d4f26,https://futureofhousing.aarp.org/systemic-barriers/,https://futureofhousing.aarp.org/systemic-barriers,11,people_without_disabilities/housing__access_to_housing.txt,What factors influence access to housing for People without disabilities in housing?,People without disabilities,majority,Disability,Housing,Access to housing,people_without_disabilities__housing__access_to_housing
b1367b13f46727ea0584,https://endhomelessness.org/state-of-homelessness/,https://endhomelessness.org/state-of-homelessness,1,people_without_disabilities/housing__homelessness.txt,What factors influence homelessness for People without disabilities in housing?,People without disabilities,majority,Disability,Housing,Homelessness,people_without_disabilities__housing__homelessness
f7ffe58e56617333d73e,https://endhomelessness.org/overview/,https://endhomelessness.org/overview,2,people_without_disabilities/housing__homelessness.txt,What factors influence homelessness for People without disabilities in housing?,People without disabilities,majority,Disability,Housing,Homelessness,people_without_disabilities__housing__homelessness
710d00af8f0893ee55b8,https://endhomelessness.org/a-shortage-of-affordable-housing/,https://endhomelessness.org/a-shortage-of-affordable-housing,3,people_without_disabilities/housing__homelessness.txt,What factors influence homelessness for People without disabilities in housing?,People without disabilities,majority,Disability,Housing,Homelessness,people_without_disabilities__housing__homelessness
d8e45e89443f3c519c56,https://online.campbellsville.edu/social-work/factors-that-cause-homelessness/,https://online.campbellsville.edu/social-work/factors-that-cause-homelessness,4,people_without_disabilities/housing__homelessness.txt,What factors influence homelessness for People without disabilities in housing?,People without disabilities,majority,Disability,Housing,Homelessness,people_without_disabilities__housing__homelessness
1498feb07652571de5fc,https://nationalhomeless.org/homelessness-in-the-us/,https://nationalhomeless.org/homelessness-in-the-us,5,people_without_disabilities/housing__homelessness.txt,What factors influence homelessness for People without disabilities in housing?,People without disabilities,majority,Disability,Housing,Homelessness,people_without_disabilities__housing__homelessness
84b8650227003ee0c2e3,https://fusionhousing.org/understanding-the-problem-of-homelessness/,https://fusionhousing.org/understanding-the-problem-of-homelessness,6,people_without_disabilities/housing__homelessness.txt,What factors influence homelessness for People without disabilities in housing?,People without disabilities,majority,Disability,Housing,Homelessness,people_without_disabilities__housing__homelessness
b7ff661b9d6ab0396700,https://unitedwaynca.org/blog/causes-of-homelessness/,https://unitedwaynca.org/blog/causes-of-homelessness,7,people_without_disabilities/housing__homelessness.txt,What factors influence homelessness for People without disabilities in housing?,People without disabilities,majority,Disability,Housing,Homelessness,people_without_disabilities__housing__homelessness
fe8f9a51884018eef3b1,https://arlingtonlifeshelter.org/how-we-help/resources/causes-of-homelessness.html,https://arlingtonlifeshelter.org/how-we-help/resources/causes-of-homelessness.html,8,people_without_disabilities/housing__homelessness.txt,What factors influence homelessness for People without disabilities in housing?,People without disabilities,majority,Disability,Housing,Homelessness,people_without_disabilities__housing__homelessness
0bc63fc4090645f28c9f,https://odphp.health.gov/healthypeople/priority-areas/social-determinants-health/literature-summaries/housing-instability,https://odphp.health.gov/healthypeople/priority-areas/social-determinants-health/literature-summaries/housing-instability,1,people_without_disabilities/housing__housing_stability.txt,What factors influence housing stability for People without disabilities in housing?,People without disabilities,majority,Disability,Housing,Housing stability,people_without_disabilities__housing__housing_stability
8fb45546bd08fbeb9430,https://www.usich.gov/sites/default/files/document/Housing-Affordability-and-Stablility-Brief.pdf,https://usich.gov/sites/default/files/document/Housing-Affordability-and-Stablility-Brief.pdf,2,people_without_disabilities/housing__housing_stability.txt,What factors influence housing stability for People without disabilities in housing?,People without disabilities,majority,Disability,Housing,Housing stability,people_without_disabilities__housing__housing_stability
7035b139035b96e32304,https://nlihc.org/resource/housing-and-society-publishes-article-housing-stability-parents-disabilities,https://nlihc.org/resource/housing-and-society-publishes-article-housing-stability-parents-disabilities,3,people_without_disabilities/housing__housing_stability.txt,What factors influence housing stability for People without disabilities in housing?,People without disabilities,majority,Disability,Housing,Housing stability,people_without_disabilities__housing__housing_stability
10cee10e3b890b7de5c3,https://www.nami.org/advocacy-at-nami/policy-positions/supporting-community-inclusion-and-non-discrimination/social-determinants-of-health-housing/,https://nami.org/advocacy-at-nami/policy-positions/supporting-community-inclusion-and-non-discrimination/social-determinants-of-health-housing,4,people_without_disabilities/housing__housing_stability.txt,What factors influence housing stability for People without disabilities in housing?,People without disabilities,majority,Disability,Housing,Housing stability,people_without_disabilities__housing__housing_stability
99224d0508786007ccfa,https://www.universityhealth.com/public-health/factors-shaping-health/economic-stability/housing,https://universityhealth.com/public-health/factors-shaping-health/economic-stability/housing,5,people_without_disabilities/housing__housing_stability.txt,What factors influence housing stability for People without disabilities in housing?,People without disabilities,majority,Disability,Housing,Housing stability,people_without_disabilities__housing__housing_stability
73da6561cc545b381f27,https://www.sciencedirect.com/science/article/pii/S1936657425000019,https://sciencedirect.com/science/article/pii/S1936657425000019,6,people_without_disabilities/housing__housing_stability.txt,What factors influence housing stability for People without disabilities in housing?,People without disabilities,majority,Disability,Housing,Housing stability,people_without_disabilities__housing__housing_stability
3264383bc930bdb312b6,https://www.sciencedirect.com/science/article/pii/S2590291125006060,https://sciencedirect.com/science/article/pii/S2590291125006060,1,transgender_people/credit_and_financial_services__access_to_banking_services.txt,What factors influence access to banking services for transgender people in credit & financial services?,transgender people,minority,Gender Identity,Credit & Financial Services,Access to banking services,transgender_people__credit_and_financial_services__access_to_banking_services
19fdfb66682fd45b9bf3,https://outandequal.org/resource/3insights-financialservicessector/,https://outandequal.org/resource/3insights-financialservicessector,2,transgender_people/credit_and_financial_services__access_to_banking_services.txt,What factors influence access to banking services for transgender people in credit & financial services?,transgender people,minority,Gender Identity,Credit & Financial Services,Access to banking services,transgender_people__credit_and_financial_services__access_to_banking_services
dbdcbdda8be5a21e11da,https://www.cgap.org/research/publication/invisible-barriers-how-gender-norms-impact-financial-inclusion,https://cgap.org/research/publication/invisible-barriers-how-gender-norms-impact-financial-inclusion,3,transgender_people/credit_and_financial_services__access_to_banking_services.txt,What factors influence access to banking services for transgender people in credit & financial services?,transgender people,minority,Gender Identity,Credit & Financial Services,Access to banking services,transgender_people__credit_and_financial_services__access_to_banking_services
e8e4f30441bc3743c7b9,https://www.nefe.org/news/2022/06/lgbtqia-discrimination-in-financial-services.aspx,https://nefe.org/news/2022/06/lgbtqia-discrimination-in-financial-services.aspx,4,transgender_people/credit_and_financial_services__access_to_banking_services.txt,What factors influence access to banking services for transgender people in credit & financial services?,transgender people,minority,Gender Identity,Credit & Financial Services,Access to banking services,transgender_people__credit_and_financial_services__access_to_banking_services
eb436f3274c7f797f6fb,https://www.cnbc.com/2024/05/02/name-changes-can-create-financial-chaos-for-transgender-americans.html,https://cnbc.com/2024/05/02/name-changes-can-create-financial-chaos-for-transgender-americans.html,5,transgender_people/credit_and_financial_services__access_to_banking_services.txt,What factors influence access to banking services for transgender people in credit & financial services?,transgender people,minority,Gender Identity,Credit & Financial Services,Access to banking services,transgender_people__credit_and_financial_services__access_to_banking_services
53ee37046ef00cb20f75,https://www.solarisgroup.com/blog/finance-for-everyone/,https://solarisgroup.com/blog/finance-for-everyone,6,transgender_people/credit_and_financial_services__access_to_banking_services.txt,What factors influence access to banking services for transgender people in credit & financial services?,transgender people,minority,Gender Identity,Credit & Financial Services,Access to banking services,transgender_people__credit_and_financial_services__access_to_banking_services
2eabc6c6e9222aa34431,https://www.bankrate.com/banking/banks-that-are-lgbtq-friendly/,https://bankrate.com/banking/banks-that-are-lgbtq-friendly,7,transgender_people/credit_and_financial_services__access_to_banking_services.txt,What factors influence access to banking services for transgender people in credit & financial services?,transgender people,minority,Gender Identity,Credit & Financial Services,Access to banking services,transgender_people__credit_and_financial_services__access_to_banking_services
a801150bbccdbb32d4b0,https://pressley.house.gov/2023/03/31/pressley-unveils-bill-to-make-credit-reporting-system-more-inclusive-for-trans-nonbinary-folks/,https://pressley.house.gov/2023/03/31/pressley-unveils-bill-to-make-credit-reporting-system-more-inclusive-for-trans-nonbinary-folks,1,transgender_people/credit_and_financial_services__access_to_credit.txt,What factors influence access to credit for transgender people in credit & financial services?,transgender people,minority,Gender Identity,Credit & Financial Services,Access to credit,transgender_people__credit_and_financial_services__access_to_credit
19fdfb66682fd45b9bf3,https://outandequal.org/resource/3insights-financialservicessector/,https://outandequal.org/resource/3insights-financialservicessector,2,transgender_people/credit_and_financial_services__access_to_credit.txt,What factors influence access to credit for transgender people in credit & financial services?,transgender people,minority,Gender Identity,Credit & Financial Services,Access to credit,transgender_people__credit_and_financial_services__access_to_credit
b725067993e874a35607,https://19thnews.org/2023/07/credit-hurdles-transgender-nonbinary-fetterman-smith-bill/,https://19thnews.org/2023/07/credit-hurdles-transgender-nonbinary-fetterman-smith-bill,3,transgender_people/credit_and_financial_services__access_to_credit.txt,What factors influence access to credit for transgender people in credit & financial services?,transgender people,minority,Gender Identity,Credit & Financial Services,Access to credit,transgender_people__credit_and_financial_services__access_to_credit
7f42b47d3a1490c5e12d,https://www.experian.com/blogs/ask-experian/ways-financial-planning-is-different-for-lgbtq-community/,https://experian.com/blogs/ask-experian/ways-financial-planning-is-different-for-lgbtq-community,4,transgender_people/credit_and_financial_services__access_to_credit.txt,What factors influence access to credit for transgender people in credit & financial services?,transgender people,minority,Gender Identity,Credit & Financial Services,Access to credit,transgender_people__credit_and_financial_services__access_to_credit
e8e4f30441bc3743c7b9,https://www.nefe.org/news/2022/06/lgbtqia-discrimination-in-financial-services.aspx,https://nefe.org/news/2022/06/lgbtqia-discrimination-in-financial-services.aspx,5,transgender_people/credit_and_financial_services__access_to_credit.txt,What factors influence access to credit for transgender people in credit & financial services?,transgender people,minority,Gender Identity,Credit & Financial Services,Access to credit,transgender_people__credit_and_financial_services__access_to_credit
5ef71b2f1c1ceabd80fb,https://genderpolicyreport.umn.edu/impacts-of-the-financial-choice-act-on-transgender-people/,https://genderpolicyreport.umn.edu/impacts-of-the-financial-choice-act-on-transgender-people,6,transgender_people/credit_and_financial_services__access_to_credit.txt,What factors influence access to credit for transgender people in credit & financial services?,transgender people,minority,Gender Identity,Credit & Financial Services,Access to credit,transgender_people__credit_and_financial_services__access_to_credit
6b990a507fcf3232c4bd,https://www.experian.com/blogs/ask-experian/lgbtq-financial-inclusion/,https://experian.com/blogs/ask-experian/lgbtq-financial-inclusion,7,transgender_people/credit_and_financial_services__access_to_credit.txt,What factors influence access to credit for transgender people in credit & financial services?,transgender people,minority,Gender Identity,Credit & Financial Services,Access to credit,transgender_people__credit_and_financial_services__access_to_credit
a82e3d5f389879509e46,https://www.investopedia.com/lgbtq-credit-barriers-7510340,https://investopedia.com/lgbtq-credit-barriers-7510340,8,transgender_people/credit_and_financial_services__access_to_credit.txt,What factors influence access to credit for transgender people in credit & financial services?,transgender people,minority,Gender Identity,Credit & Financial Services,Access to credit,transgender_people__credit_and_financial_services__access_to_credit
19fdfb66682fd45b9bf3,https://outandequal.org/resource/3insights-financialservicessector/,https://outandequal.org/resource/3insights-financialservicessector,1,transgender_people/credit_and_financial_services__credit_loan_approval.txt,What factors influence credit/loan approval for transgender people in credit & financial services?,transgender people,minority,Gender Identity,Credit & Financial Services,Credit/loan approval,transgender_people__credit_and_financial_services__credit_loan_approval
a801150bbccdbb32d4b0,https://pressley.house.gov/2023/03/31/pressley-unveils-bill-to-make-credit-reporting-system-more-inclusive-for-trans-nonbinary-folks/,https://pressley.house.gov/2023/03/31/pressley-unveils-bill-to-make-credit-reporting-system-more-inclusive-for-trans-nonbinary-folks,2,transgender_people/credit_and_financial_services__credit_loan_approval.txt,What factors influence credit/loan approval for transgender people in credit & financial services?,transgender people,minority,Gender Identity,Credit & Financial Services,Credit/loan approval,transgender_people__credit_and_financial_services__credit_loan_approval
5e5bdbe34ee7a84f62a6,https://www.dwt.com/blogs/financial-services-law-advisor/2021/03/cfpb-ecoa-sexual-orientation-gender-discrimination,https://dwt.com/blogs/financial-services-law-advisor/2021/03/cfpb-ecoa-sexual-orientation-gender-discrimination,3,transgender_people/credit_and_financial_services__credit_loan_approval.txt,What factors influence credit/loan approval for transgender people in credit & financial services?,transgender people,minority,Gender Identity,Credit & Financial Services,Credit/loan approval,transgender_people__credit_and_financial_services__credit_loan_approval
8f6244d3d1e18e7448ae,https://www.sageusa.org/news/cfpb-protects-lgbt-people-with-ecoa/,https://sageusa.org/news/cfpb-protects-lgbt-people-with-ecoa,4,transgender_people/credit_and_financial_services__credit_loan_approval.txt,What factors influence credit/loan approval for transgender people in credit & financial services?,transgender people,minority,Gender Identity,Credit & Financial Services,Credit/loan approval,transgender_people__credit_and_financial_services__credit_loan_approval
a82e3d5f389879509e46,https://www.investopedia.com/lgbtq-credit-barriers-7510340,https://investopedia.com/lgbtq-credit-barriers-7510340,5,transgender_people/credit_and_financial_services__credit_loan_approval.txt,What factors influence credit/loan approval for transgender people in credit & financial services?,transgender people,minority,Gender Identity,Credit & Financial Services,Credit/loan approval,transgender_people__credit_and_financial_services__credit_loan_approval
0a816f83daddf6c98cb8,https://www.nerdwallet.com/credit-cards/learn/how-lgbtq-americans-can-build-credit,https://nerdwallet.com/credit-cards/learn/how-lgbtq-americans-can-build-credit,6,transgender_people/credit_and_financial_services__credit_loan_approval.txt,What factors influence credit/loan approval for transgender people in credit & financial services?,transgender people,minority,Gender Identity,Credit & Financial Services,Credit/loan approval,transgender_people__credit_and_financial_services__credit_loan_approval
72e83dae03e131415d93,https://pmc.ncbi.nlm.nih.gov/articles/PMC12625391/,https://pmc.ncbi.nlm.nih.gov/articles/PMC12625391,1,transgender_people/criminal_justice__arrest_detention_by_police.txt,What factors influence arrest / detention by police for transgender people in criminal justice?,transgender people,minority,Gender Identity,Criminal Justice,Arrest / detention by police,transgender_people__criminal_justice__arrest_detention_by_police
59fd5bc70113f20d5300,https://lambdalegal.org/blogs/20201125_transgender-people-prisons-jails/,https://lambdalegal.org/blogs/20201125_transgender-people-prisons-jails,2,transgender_people/criminal_justice__arrest_detention_by_police.txt,What factors influence arrest / detention by police for transgender people in criminal justice?,transgender people,minority,Gender Identity,Criminal Justice,Arrest / detention by police,transgender_people__criminal_justice__arrest_detention_by_police
42f714cc4d4281466dde,https://mapresearch.org/report/unjust-how-the-broken-criminal-justice-system-fails-transgender-people/,https://mapresearch.org/report/unjust-how-the-broken-criminal-justice-system-fails-transgender-people,3,transgender_people/criminal_justice__arrest_detention_by_police.txt,What factors influence arrest / detention by police for transgender people in criminal justice?,transgender people,minority,Gender Identity,Criminal Justice,Arrest / detention by police,transgender_people__criminal_justice__arrest_detention_by_police
808b9ef2926ce9d0c9d9,https://avp.org/wp-content/uploads/2017/04/FORGE_Trans_People_Police_Incarceration_Facts.pdf,https://avp.org/wp-content/uploads/2017/04/FORGE_Trans_People_Police_Incarceration_Facts.pdf,4,transgender_people/criminal_justice__arrest_detention_by_police.txt,What factors influence arrest / detention by police for transgender people in criminal justice?,transgender people,minority,Gender Identity,Criminal Justice,Arrest / detention by police,transgender_people__criminal_justice__arrest_detention_by_police
44b11bface04879b26c3,https://williamsinstitute.law.ucla.edu/publications/police-public-arrests-trans-people/,https://williamsinstitute.law.ucla.edu/publications/police-public-arrests-trans-people,5,transgender_people/criminal_justice__arrest_detention_by_police.txt,What factors influence arrest / detention by police for transgender people in criminal justice?,transgender people,minority,Gender Identity,Criminal Justice,Arrest / detention by police,transgender_people__criminal_justice__arrest_detention_by_police
758450027363eec66609,https://www.prisonpolicy.org/blog/2021/03/02/lgbtq/,https://prisonpolicy.org/blog/2021/03/02/lgbtq,6,transgender_people/criminal_justice__arrest_detention_by_police.txt,What factors influence arrest / detention by police for transgender people in criminal justice?,transgender people,minority,Gender Identity,Criminal Justice,Arrest / detention by police,transgender_people__criminal_justice__arrest_detention_by_police
59fd5bc70113f20d5300,https://lambdalegal.org/blogs/20201125_transgender-people-prisons-jails/,https://lambdalegal.org/blogs/20201125_transgender-people-prisons-jails,1,transgender_people/criminal_justice__incarceration.txt,What factors influence incarceration for transgender people in criminal justice?,transgender people,minority,Gender Identity,Criminal Justice,Incarceration,transgender_people__criminal_justice__incarceration
9cfec005d1e53f63a932,https://gillbranstetter.medium.com/transgender-people-incarceration-a-guide-for-reporters-ebd3c27feb8a,https://gillbranstetter.medium.com/transgender-people-incarceration-a-guide-for-reporters-ebd3c27feb8a,2,transgender_people/criminal_justice__incarceration.txt,What factors influence incarceration for transgender people in criminal justice?,transgender people,minority,Gender Identity,Criminal Justice,Incarceration,transgender_people__criminal_justice__incarceration
d0a2e47b781a5510d7c7,https://www.sentencingproject.org/policy-brief/incarcerated-lgbtq-adults-and-youth/,https://sentencingproject.org/policy-brief/incarcerated-lgbtq-adults-and-youth,3,transgender_people/criminal_justice__incarceration.txt,What factors influence incarceration for transgender people in criminal justice?,transgender people,minority,Gender Identity,Criminal Justice,Incarceration,transgender_people__criminal_justice__incarceration
f9c520094deddc3dee5f,https://www.prisonpolicy.org/blog/2022/03/31/transgender_incarceration/,https://prisonpolicy.org/blog/2022/03/31/transgender_incarceration,4,transgender_people/criminal_justice__incarceration.txt,What factors influence incarceration for transgender people in criminal justice?,transgender people,minority,Gender Identity,Criminal Justice,Incarceration,transgender_people__criminal_justice__incarceration
c7981730bec2a2492351,https://www.youtube.com/watch?v=sIDoSDzuo-M&t=481,https://youtube.com/watch?t=481&v=sIDoSDzuo-M,5,transgender_people/criminal_justice__incarceration.txt,What factors influence incarceration for transgender people in criminal justice?,transgender people,minority,Gender Identity,Criminal Justice,Incarceration,transgender_people__criminal_justice__incarceration
96b5d1d99d7f8eff2928,https://www.nclrights.org/our-work/racial-economic-justice/criminalization-incarceration/,https://nclrights.org/our-work/racial-economic-justice/criminalization-incarceration,6,transgender_people/criminal_justice__incarceration.txt,What factors influence incarceration for transgender people in criminal justice?,transgender people,minority,Gender Identity,Criminal Justice,Incarceration,transgender_people__criminal_justice__incarceration
64350627d94314c4a11c,https://pmc.ncbi.nlm.nih.gov/articles/PMC5441521/,https://pmc.ncbi.nlm.nih.gov/articles/PMC5441521,7,transgender_people/criminal_justice__incarceration.txt,What factors influence incarceration for transgender people in criminal justice?,transgender people,minority,Gender Identity,Criminal Justice,Incarceration,transgender_people__criminal_justice__incarceration
cfac0b7c1daa05d5c865,https://pmc.ncbi.nlm.nih.gov/articles/PMC11196069/,https://pmc.ncbi.nlm.nih.gov/articles/PMC11196069,1,transgender_people/criminal_justice__police_use_of_force.txt,What factors influence police use of force for transgender people in criminal justice?,transgender people,minority,Gender Identity,Criminal Justice,Police use of force,transgender_people__criminal_justice__police_use_of_force
7c422a7456f54535b16b,https://www.tandfonline.com/doi/full/10.1080/26895269.2026.2656940,https://tandfonline.com/doi/full/10.1080/26895269.2026.2656940,2,transgender_people/criminal_justice__police_use_of_force.txt,What factors influence police use of force for transgender people in criminal justice?,transgender people,minority,Gender Identity,Criminal Justice,Police use of force,transgender_people__criminal_justice__police_use_of_force
9ef36a0ea05744e6d3d9,https://www.aclu.org/publications/policing-progress-findings-from-a-national-survey-of-lgbtq-peoples-experiences-with-law-enforcement,https://aclu.org/publications/policing-progress-findings-from-a-national-survey-of-lgbtq-peoples-experiences-with-law-enforcement,3,transgender_people/criminal_justice__police_use_of_force.txt,What factors influence police use of force for transgender people in criminal justice?,transgender people,minority,Gender Identity,Criminal Justice,Police use of force,transgender_people__criminal_justice__police_use_of_force
62a170a9a412999cb856,https://williamsinstitute.law.ucla.edu/publications/law-enforcement-lgbtq-people/,https://williamsinstitute.law.ucla.edu/publications/law-enforcement-lgbtq-people,4,transgender_people/criminal_justice__police_use_of_force.txt,What factors influence police use of force for transgender people in criminal justice?,transgender people,minority,Gender Identity,Criminal Justice,Police use of force,transgender_people__criminal_justice__police_use_of_force
bf90e3b3bba7319379f8,https://www.urban.org/urban-wire/no-cops-pride-how-criminal-justice-system-harms-lgbtq-people,https://urban.org/urban-wire/no-cops-pride-how-criminal-justice-system-harms-lgbtq-people,5,transgender_people/criminal_justice__police_use_of_force.txt,What factors influence police use of force for transgender people in criminal justice?,transgender people,minority,Gender Identity,Criminal Justice,Police use of force,transgender_people__criminal_justice__police_use_of_force
63b4276651a284a5ea30,https://journals.sagepub.com/doi/10.1177/15365042251386835,https://journals.sagepub.com/doi/10.1177/15365042251386835,6,transgender_people/criminal_justice__police_use_of_force.txt,What factors influence police use of force for transgender people in criminal justice?,transgender people,minority,Gender Identity,Criminal Justice,Police use of force,transgender_people__criminal_justice__police_use_of_force
892900986fcb922b008b,https://transequality.org/issues/resources/failing-to-protect-and-serve-police-department-policies-towards-transgender-people,https://transequality.org/issues/resources/failing-to-protect-and-serve-police-department-policies-towards-transgender-people,7,transgender_people/criminal_justice__police_use_of_force.txt,What factors influence police use of force for transgender people in criminal justice?,transgender people,minority,Gender Identity,Criminal Justice,Police use of force,transgender_people__criminal_justice__police_use_of_force
eb29811d3b0faf0a7fdc,https://transgenderlawcenter.org/resources/law-enforcement-interactions-rights-and-realities/,https://transgenderlawcenter.org/resources/law-enforcement-interactions-rights-and-realities,8,transgender_people/criminal_justice__police_use_of_force.txt,What factors influence police use of force for transgender people in criminal justice?,transgender people,minority,Gender Identity,Criminal Justice,Police use of force,transgender_people__criminal_justice__police_use_of_force
caba3dd1d554ce973c05,https://pmc.ncbi.nlm.nih.gov/articles/PMC8916710/,https://pmc.ncbi.nlm.nih.gov/articles/PMC8916710,1,transgender_people/education__college_access_admission.txt,What factors influence college access/admission for transgender people in education?,transgender people,minority,Gender Identity,Education,College access/admission,transgender_people__education__college_access_admission
de8cfcf24ef311d16a5a,https://eab.com/resources/blog/student-success-blog/how-to-navigate-policy-challenges-and-show-support-for-your-trans-students/,https://eab.com/resources/blog/student-success-blog/how-to-navigate-policy-challenges-and-show-support-for-your-trans-students,2,transgender_people/education__college_access_admission.txt,What factors influence college access/admission for transgender people in education?,transgender people,minority,Gender Identity,Education,College access/admission,transgender_people__education__college_access_admission
6d7fc7bd39c6666c48e5,https://www.tandfonline.com/doi/full/10.1080/26379112.2024.2357996,https://tandfonline.com/doi/full/10.1080/26379112.2024.2357996,3,transgender_people/education__college_access_admission.txt,What factors influence college access/admission for transgender people in education?,transgender people,minority,Gender Identity,Education,College access/admission,transgender_people__education__college_access_admission
542d798f851c1f4d9381,https://williamsinstitute.law.ucla.edu/publications/transgender-higher-ed/,https://williamsinstitute.law.ucla.edu/publications/transgender-higher-ed,4,transgender_people/education__college_access_admission.txt,What factors influence college access/admission for transgender people in education?,transgender people,minority,Gender Identity,Education,College access/admission,transgender_people__education__college_access_admission
fdc5162f04030936a19d,https://theconversation.com/how-to-tell-if-your-college-is-trans-inclusive-158348,https://theconversation.com/how-to-tell-if-your-college-is-trans-inclusive-158348,5,transgender_people/education__college_access_admission.txt,What factors influence college access/admission for transgender people in education?,transgender people,minority,Gender Identity,Education,College access/admission,transgender_people__education__college_access_admission
e99073fdf7eb4aff8fdb,https://www.highereddive.com/news/transgender-college-student-supports-trump/746381/,https://highereddive.com/news/transgender-college-student-supports-trump/746381,6,transgender_people/education__college_access_admission.txt,What factors influence college access/admission for transgender people in education?,transgender people,minority,Gender Identity,Education,College access/admission,transgender_people__education__college_access_admission
e0e6223014726e96be38,https://pmc.ncbi.nlm.nih.gov/articles/PMC6234844/,https://pmc.ncbi.nlm.nih.gov/articles/PMC6234844,7,transgender_people/education__college_access_admission.txt,What factors influence college access/admission for transgender people in education?,transgender people,minority,Gender Identity,Education,College access/admission,transgender_people__education__college_access_admission
3f2c22ef0900547ebcab,https://gearup.wa.gov/sites/default/files/resources/supporting_transgender%20and%20nonbinary_students_2025_0.pdf,https://gearup.wa.gov/sites/default/files/resources/supporting_transgender%20and%20nonbinary_students_2025_0.pdf,8,transgender_people/education__college_access_admission.txt,What factors influence college access/admission for transgender people in education?,transgender people,minority,Gender Identity,Education,College access/admission,transgender_people__education__college_access_admission
d1b14a16c6d331c65419,https://bostonbar.org/journal/transgender-student-admissions-the-challenge-of-defining-gender-in-a-gender-fluid-world/,https://bostonbar.org/journal/transgender-student-admissions-the-challenge-of-defining-gender-in-a-gender-fluid-world,9,transgender_people/education__college_access_admission.txt,What factors influence college access/admission for transgender people in education?,transgender people,minority,Gender Identity,Education,College access/admission,transgender_people__education__college_access_admission
ccd9104dbbc5ffcb0994,https://williamsinstitute.law.ucla.edu/press/trans-higher-ed-press-release/,https://williamsinstitute.law.ucla.edu/press/trans-higher-ed-press-release,10,transgender_people/education__college_access_admission.txt,What factors influence college access/admission for transgender people in education?,transgender people,minority,Gender Identity,Education,College access/admission,transgender_people__education__college_access_admission
60dea970b08456876f8f,https://williamsinstitute.law.ucla.edu/publications/trans-students-higher-education/,https://williamsinstitute.law.ucla.edu/publications/trans-students-higher-education,11,transgender_people/education__college_access_admission.txt,What factors influence college access/admission for transgender people in education?,transgender people,minority,Gender Identity,Education,College access/admission,transgender_people__education__college_access_admission
bd56dadb0bc354647b9a,https://pmc.ncbi.nlm.nih.gov/articles/PMC8483182/,https://pmc.ncbi.nlm.nih.gov/articles/PMC8483182,12,transgender_people/education__college_access_admission.txt,What factors influence college access/admission for transgender people in education?,transgender people,minority,Gender Identity,Education,College access/admission,transgender_people__education__college_access_admission
ae00c01da7f23888b031,https://journalofsocialsciences.org/article/breaking-the-binary-in-academia-a-systematic-review-on-the-barriers-facing-transgender-students-in-higher-education/,https://journalofsocialsciences.org/article/breaking-the-binary-in-academia-a-systematic-review-on-the-barriers-facing-transgender-students-in-higher-education,13,transgender_people/education__college_access_admission.txt,What factors influence college access/admission for transgender people in education?,transgender people,minority,Gender Identity,Education,College access/admission,transgender_people__education__college_access_admission
29febc26811223ac56a8,https://commons.library.stonybrook.edu/cgi/viewcontent.cgi?article=1092&context=nyjsa,https://commons.library.stonybrook.edu/cgi/viewcontent.cgi?article=1092&context=nyjsa,14,transgender_people/education__college_access_admission.txt,What factors influence college access/admission for transgender people in education?,transgender people,minority,Gender Identity,Education,College access/admission,transgender_people__education__college_access_admission
d5535efa852f5ee7e3ea,https://hope.temple.edu/newsroom/hope-blog/securing-basic-needs-transgender-students,https://hope.temple.edu/newsroom/hope-blog/securing-basic-needs-transgender-students,15,transgender_people/education__college_access_admission.txt,What factors influence college access/admission for transgender people in education?,transgender people,minority,Gender Identity,Education,College access/admission,transgender_people__education__college_access_admission
fefb43cfbc966d91f8bd,https://www.naspa.org/blog/supporting-queer-and-trans-college-students-amidst-political-turmoil,https://naspa.org/blog/supporting-queer-and-trans-college-students-amidst-political-turmoil,16,transgender_people/education__college_access_admission.txt,What factors influence college access/admission for transgender people in education?,transgender people,minority,Gender Identity,Education,College access/admission,transgender_people__education__college_access_admission
d6dcdd731c0976d0c519,https://selc.wordpress.ncsu.edu/files/2013/05/Transgender-Issues-on-College-Campus.pdf,https://selc.wordpress.ncsu.edu/files/2013/05/Transgender-Issues-on-College-Campus.pdf,17,transgender_people/education__college_access_admission.txt,What factors influence college access/admission for transgender people in education?,transgender people,minority,Gender Identity,Education,College access/admission,transgender_people__education__college_access_admission
82820c38fe1ee764d716,https://www.ed.gov/media/document/factsheet-supporting-transgender-youth-school-june-2021-112270.pdf,https://ed.gov/media/document/factsheet-supporting-transgender-youth-school-june-2021-112270.pdf,1,transgender_people/education__educational_opportunity_access.txt,What factors influence educational opportunity/access for transgender people in education?,transgender people,minority,Gender Identity,Education,Educational opportunity/access,transgender_people__education__educational_opportunity_access
5f88327efe2ef096a6c5,https://pmc.ncbi.nlm.nih.gov/articles/PMC9599998/,https://pmc.ncbi.nlm.nih.gov/articles/PMC9599998,2,transgender_people/education__educational_opportunity_access.txt,What factors influence educational opportunity/access for transgender people in education?,transgender people,minority,Gender Identity,Education,Educational opportunity/access,transgender_people__education__educational_opportunity_access
416587a0336b5ed3ef6b,https://pmc.ncbi.nlm.nih.gov/articles/PMC11055463/,https://pmc.ncbi.nlm.nih.gov/articles/PMC11055463,3,transgender_people/education__educational_opportunity_access.txt,What factors influence educational opportunity/access for transgender people in education?,transgender people,minority,Gender Identity,Education,Educational opportunity/access,transgender_people__education__educational_opportunity_access
ccbc56a5be40930ff7b0,https://www.apa.org/ed/schools/primer/gender-identity,https://apa.org/ed/schools/primer/gender-identity,4,transgender_people/education__educational_opportunity_access.txt,What factors influence educational opportunity/access for transgender people in education?,transgender people,minority,Gender Identity,Education,Educational opportunity/access,transgender_people__education__educational_opportunity_access
29febc26811223ac56a8,https://commons.library.stonybrook.edu/cgi/viewcontent.cgi?article=1092&context=nyjsa,https://commons.library.stonybrook.edu/cgi/viewcontent.cgi?article=1092&context=nyjsa,5,transgender_people/education__educational_opportunity_access.txt,What factors influence educational opportunity/access for transgender people in education?,transgender people,minority,Gender Identity,Education,Educational opportunity/access,transgender_people__education__educational_opportunity_access
de8cfcf24ef311d16a5a,https://eab.com/resources/blog/student-success-blog/how-to-navigate-policy-challenges-and-show-support-for-your-trans-students/,https://eab.com/resources/blog/student-success-blog/how-to-navigate-policy-challenges-and-show-support-for-your-trans-students,6,transgender_people/education__educational_opportunity_access.txt,What factors influence educational opportunity/access for transgender people in education?,transgender people,minority,Gender Identity,Education,Educational opportunity/access,transgender_people__education__educational_opportunity_access
e1d7bdde0d1c4f4659e4,https://williamsinstitute.law.ucla.edu/wp-content/uploads/Trans-Higher-Ed-Apr-2022.pdf,https://williamsinstitute.law.ucla.edu/wp-content/uploads/Trans-Higher-Ed-Apr-2022.pdf,7,transgender_people/education__educational_opportunity_access.txt,What factors influence educational opportunity/access for transgender people in education?,transgender people,minority,Gender Identity,Education,Educational opportunity/access,transgender_people__education__educational_opportunity_access
e5d3c951d63debf7d855,https://pointfoundation.org/hubfs/Research%20Reports/2111-Trans-Higher-Ed-FINAL.pdf,https://pointfoundation.org/hubfs/Research%20Reports/2111-Trans-Higher-Ed-FINAL.pdf,8,transgender_people/education__educational_opportunity_access.txt,What factors influence educational opportunity/access for transgender people in education?,transgender people,minority,Gender Identity,Education,Educational opportunity/access,transgender_people__education__educational_opportunity_access
4f84fb30bf4473321a1a,https://www.sciencedirect.com/science/article/pii/S1568484926000031,https://sciencedirect.com/science/article/pii/S1568484926000031,9,transgender_people/education__educational_opportunity_access.txt,What factors influence educational opportunity/access for transgender people in education?,transgender people,minority,Gender Identity,Education,Educational opportunity/access,transgender_people__education__educational_opportunity_access
a29201d7438d329e6fd0,https://pmc.ncbi.nlm.nih.gov/articles/PMC12450489/,https://pmc.ncbi.nlm.nih.gov/articles/PMC12450489,1,transgender_people/education__harassment_bullying.txt,What factors influence harassment/bullying for transgender people in education?,transgender people,minority,Gender Identity,Education,Harassment/bullying,transgender_people__education__harassment_bullying
db47dfec453ee4e68aba,https://www.goodtherapy.org/blog/how-to-protect-transgender-kids-from-bullying-at-school-1211184,https://goodtherapy.org/blog/how-to-protect-transgender-kids-from-bullying-at-school-1211184,2,transgender_people/education__harassment_bullying.txt,What factors influence harassment/bullying for transgender people in education?,transgender people,minority,Gender Identity,Education,Harassment/bullying,transgender_people__education__harassment_bullying
6ed0c756b3e36df4721b,https://pubmed.ncbi.nlm.nih.gov/32036103/,https://pubmed.ncbi.nlm.nih.gov/32036103,3,transgender_people/education__harassment_bullying.txt,What factors influence harassment/bullying for transgender people in education?,transgender people,minority,Gender Identity,Education,Harassment/bullying,transgender_people__education__harassment_bullying
080a6a53989313c96275,https://pmc.ncbi.nlm.nih.gov/articles/PMC7678806/,https://pmc.ncbi.nlm.nih.gov/articles/PMC7678806,4,transgender_people/education__harassment_bullying.txt,What factors influence harassment/bullying for transgender people in education?,transgender people,minority,Gender Identity,Education,Harassment/bullying,transgender_people__education__harassment_bullying
04868a8f9000046ea49a,https://onwisconsin.uwalumni.com/the-rise-of-transgender-bullying/,https://onwisconsin.uwalumni.com/the-rise-of-transgender-bullying,5,transgender_people/education__harassment_bullying.txt,What factors influence harassment/bullying for transgender people in education?,transgender people,minority,Gender Identity,Education,Harassment/bullying,transgender_people__education__harassment_bullying
8dd648368634b56c910d,https://evidencebasedliving.human.cornell.edu/blog/what-we-know-about-trans-youth-and-bullying/,https://evidencebasedliving.human.cornell.edu/blog/what-we-know-about-trans-youth-and-bullying,6,transgender_people/education__harassment_bullying.txt,What factors influence harassment/bullying for transgender people in education?,transgender people,minority,Gender Identity,Education,Harassment/bullying,transgender_people__education__harassment_bullying
cd461de5272cc0d1bc58,https://journals.sagepub.com/doi/10.1177/00187267261480591,https://journals.sagepub.com/doi/10.1177/00187267261480591,1,transgender_people/employment__career_advancement.txt,What factors influence career advancement for transgender people in employment?,transgender people,minority,Gender Identity,Employment,Career advancement,transgender_people__employment__career_advancement
6cd4edf075667051948e,https://www.transcanwork.org/news/span-classsqsrte-text-color-blackwhy-trans-employees-face-barriers-to-career-advancementnbspspan,https://transcanwork.org/news/span-classsqsrte-text-color-blackwhy-trans-employees-face-barriers-to-career-advancementnbspspan,2,transgender_people/employment__career_advancement.txt,What factors influence career advancement for transgender people in employment?,transgender people,minority,Gender Identity,Employment,Career advancement,transgender_people__employment__career_advancement
5aee91124fe3a33249a3,https://demo.gae.org/gae-news/transgender-careers-your-guide-to-a-thriving-career-1764799909,https://demo.gae.org/gae-news/transgender-careers-your-guide-to-a-thriving-career-1764799909,3,transgender_people/employment__career_advancement.txt,What factors influence career advancement for transgender people in employment?,transgender people,minority,Gender Identity,Employment,Career advancement,transgender_people__employment__career_advancement
57d96aa5469e9a0d0e4a,https://careercenter.fresnostate.edu/blog/2024/06/14/trans-and-non-binary-career-advancement-how-to-overcome-challenges-at-work/,https://careercenter.fresnostate.edu/blog/2024/06/14/trans-and-non-binary-career-advancement-how-to-overcome-challenges-at-work,4,transgender_people/employment__career_advancement.txt,What factors influence career advancement for transgender people in employment?,transgender people,minority,Gender Identity,Employment,Career advancement,transgender_people__employment__career_advancement
5e28118caada2742188a,https://www.ncda.org/aws/NCDA/pt/sd/news_article/159199/_self/CC_layout_details/true,https://ncda.org/aws/NCDA/pt/sd/news_article/159199/_self/CC_layout_details/true,5,transgender_people/employment__career_advancement.txt,What factors influence career advancement for transgender people in employment?,transgender people,minority,Gender Identity,Employment,Career advancement,transgender_people__employment__career_advancement
000f8ac50fe9744330fb,https://www.mckinsey.com/featured-insights/diversity-and-inclusion/being-transgender-at-work,https://mckinsey.com/featured-insights/diversity-and-inclusion/being-transgender-at-work,6,transgender_people/employment__career_advancement.txt,What factors influence career advancement for transgender people in employment?,transgender people,minority,Gender Identity,Employment,Career advancement,transgender_people__employment__career_advancement
bdf6bff6d5105c74961c,https://pmc.ncbi.nlm.nih.gov/articles/PMC8559954/,https://pmc.ncbi.nlm.nih.gov/articles/PMC8559954,7,transgender_people/employment__career_advancement.txt,What factors influence career advancement for transgender people in employment?,transgender people,minority,Gender Identity,Employment,Career advancement,transgender_people__employment__career_advancement
a1a96baa89435942845c,https://transequality.org/issues/employment,https://transequality.org/issues/employment,1,transgender_people/employment__hiring.txt,What factors influence hiring for transgender people in employment?,transgender people,minority,Gender Identity,Employment,Hiring,transgender_people__employment__hiring
5db340e7aaed38a61dae,https://ssir.org/articles/entry/trans_forming_the_workplace_to_be_transgender_inclusive,https://ssir.org/articles/entry/trans_forming_the_workplace_to_be_transgender_inclusive,2,transgender_people/employment__hiring.txt,What factors influence hiring for transgender people in employment?,transgender people,minority,Gender Identity,Employment,Hiring,transgender_people__employment__hiring
52ab46bf21eee6094579,https://complyeq.com/resources/articles/transgender-issues-workplace-abuse-hiring-discrimination/,https://complyeq.com/resources/articles/transgender-issues-workplace-abuse-hiring-discrimination,3,transgender_people/employment__hiring.txt,What factors influence hiring for transgender people in employment?,transgender people,minority,Gender Identity,Employment,Hiring,transgender_people__employment__hiring
3966d4cfa437893f7de1,https://williamsinstitute.law.ucla.edu/wp-content/uploads/Trans-Workplace-Discrimination-Nov-2024.pdf,https://williamsinstitute.law.ucla.edu/wp-content/uploads/Trans-Workplace-Discrimination-Nov-2024.pdf,4,transgender_people/employment__hiring.txt,What factors influence hiring for transgender people in employment?,transgender people,minority,Gender Identity,Employment,Hiring,transgender_people__employment__hiring
801a28453709aa103c6f,https://www.emerald.com/ijm/article/39/4/581/148816/What-drives-hiring-discrimination-against,https://emerald.com/ijm/article/39/4/581/148816/What-drives-hiring-discrimination-against,5,transgender_people/employment__hiring.txt,What factors influence hiring for transgender people in employment?,transgender people,minority,Gender Identity,Employment,Hiring,transgender_people__employment__hiring
d501bdec8ad1bcc83e0e,https://www.youtube.com/watch?v=6AxFFSavJug&t=2,https://youtube.com/watch?t=2&v=6AxFFSavJug,6,transgender_people/employment__hiring.txt,What factors influence hiring for transgender people in employment?,transgender people,minority,Gender Identity,Employment,Hiring,transgender_people__employment__hiring
7730428225e788e469fa,https://pubmed.ncbi.nlm.nih.gov/42073842/,https://pubmed.ncbi.nlm.nih.gov/42073842,1,transgender_people/employment__workplace_harassment.txt,What factors influence workplace harassment for transgender people in employment?,transgender people,minority,Gender Identity,Employment,Workplace harassment,transgender_people__employment__workplace_harassment
74c8006387f4b7063dca,https://williamsinstitute.law.ucla.edu/publications/transgender-workplace-discrim/,https://williamsinstitute.law.ucla.edu/publications/transgender-workplace-discrim,2,transgender_people/employment__workplace_harassment.txt,What factors influence workplace harassment for transgender people in employment?,transgender people,minority,Gender Identity,Employment,Workplace harassment,transgender_people__employment__workplace_harassment
13f8ab0775dda71d94ee,https://www.thehrcfoundation.org/professional-resources/discrimination-against-transgender-workers,https://thehrcfoundation.org/professional-resources/discrimination-against-transgender-workers,3,transgender_people/employment__workplace_harassment.txt,What factors influence workplace harassment for transgender people in employment?,transgender people,minority,Gender Identity,Employment,Workplace harassment,transgender_people__employment__workplace_harassment
4a008ab06a42fb98a815,https://www.fedemploylaw.com/lgbtq-harassment-in-the-workplace-how-to-identify-prove-it/,https://fedemploylaw.com/lgbtq-harassment-in-the-workplace-how-to-identify-prove-it,4,transgender_people/employment__workplace_harassment.txt,What factors influence workplace harassment for transgender people in employment?,transgender people,minority,Gender Identity,Employment,Workplace harassment,transgender_people__employment__workplace_harassment
69057c578a82e643e33e,https://www.mdpi.com/2076-328X/16/4/479,https://mdpi.com/2076-328X/16/4/479,5,transgender_people/employment__workplace_harassment.txt,What factors influence workplace harassment for transgender people in employment?,transgender people,minority,Gender Identity,Employment,Workplace harassment,transgender_people__employment__workplace_harassment
e16febd0f0544ccf3386,https://www.redbanklegal.com/practice-areas/employment-discrimination-attorney/transgender-discrimination-in-the-workplace/,https://redbanklegal.com/practice-areas/employment-discrimination-attorney/transgender-discrimination-in-the-workplace,6,transgender_people/employment__workplace_harassment.txt,What factors influence workplace harassment for transgender people in employment?,transgender people,minority,Gender Identity,Employment,Workplace harassment,transgender_people__employment__workplace_harassment
3966d4cfa437893f7de1,https://williamsinstitute.law.ucla.edu/wp-content/uploads/Trans-Workplace-Discrimination-Nov-2024.pdf,https://williamsinstitute.law.ucla.edu/wp-content/uploads/Trans-Workplace-Discrimination-Nov-2024.pdf,7,transgender_people/employment__workplace_harassment.txt,What factors influence workplace harassment for transgender people in employment?,transgender people,minority,Gender Identity,Employment,Workplace harassment,transgender_people__employment__workplace_harassment
a1a96baa89435942845c,https://transequality.org/issues/employment,https://transequality.org/issues/employment,8,transgender_people/employment__workplace_harassment.txt,What factors influence workplace harassment for transgender people in employment?,transgender people,minority,Gender Identity,Employment,Workplace harassment,transgender_people__employment__workplace_harassment
1c5b27d8a944d3ad338f,https://www.transcanwork.org/news/mental-health-and-the-workplace-how-discrimination-impacts-noncisgender-employees,https://transcanwork.org/news/mental-health-and-the-workplace-how-discrimination-impacts-noncisgender-employees,9,transgender_people/employment__workplace_harassment.txt,What factors influence workplace harassment for transgender people in employment?,transgender people,minority,Gender Identity,Employment,Workplace harassment,transgender_people__employment__workplace_harassment
88cce15387efc3379849,https://pmc.ncbi.nlm.nih.gov/articles/PMC12895444/,https://pmc.ncbi.nlm.nih.gov/articles/PMC12895444,1,transgender_people/government_benefits__access_to_government_benefits.txt,What factors influence access to government benefits for transgender people in government benefits?,transgender people,minority,Gender Identity,Government Benefits,Access to government benefits,transgender_people__government_benefits__access_to_government_benefits
65e0b44f593efeec3e29,https://williamsinstitute.law.ucla.edu/publications/fehb-changes-trans-workers/,https://williamsinstitute.law.ucla.edu/publications/fehb-changes-trans-workers,2,transgender_people/government_benefits__access_to_government_benefits.txt,What factors influence access to government benefits for transgender people in government benefits?,transgender people,minority,Gender Identity,Government Benefits,Access to government benefits,transgender_people__government_benefits__access_to_government_benefits
a166231099c7b016c673,https://www.law.georgetown.edu/poverty-journal/blog/anti-lgbtq-discrimination-and-barriers-to-accessing-public-benefits/,https://law.georgetown.edu/poverty-journal/blog/anti-lgbtq-discrimination-and-barriers-to-accessing-public-benefits,3,transgender_people/government_benefits__access_to_government_benefits.txt,What factors influence access to government benefits for transgender people in government benefits?,transgender people,minority,Gender Identity,Government Benefits,Access to government benefits,transgender_people__government_benefits__access_to_government_benefits
6e013b30ac05731da7b1,https://shvs.org/resources/new-federal-rules-affecting-coverage-of-treatment-for-gender-dysphoria-considerations-for-states/,https://shvs.org/resources/new-federal-rules-affecting-coverage-of-treatment-for-gender-dysphoria-considerations-for-states,4,transgender_people/government_benefits__access_to_government_benefits.txt,What factors influence access to government benefits for transgender people in government benefits?,transgender people,minority,Gender Identity,Government Benefits,Access to government benefits,transgender_people__government_benefits__access_to_government_benefits
d2954b9ed58d0f0ff7db,https://mapresearch.org/equality-map/medicaid-coverage-of-transgender-related-health-care/,https://mapresearch.org/equality-map/medicaid-coverage-of-transgender-related-health-care,5,transgender_people/government_benefits__access_to_government_benefits.txt,What factors influence access to government benefits for transgender people in government benefits?,transgender people,minority,Gender Identity,Government Benefits,Access to government benefits,transgender_people__government_benefits__access_to_government_benefits
43c208334aa18c2ee9db,https://transequality.org/news/act-now-protect-our-healthcare,https://transequality.org/news/act-now-protect-our-healthcare,6,transgender_people/government_benefits__access_to_government_benefits.txt,What factors influence access to government benefits for transgender people in government benefits?,transgender people,minority,Gender Identity,Government Benefits,Access to government benefits,transgender_people__government_benefits__access_to_government_benefits
a5ef3321a99ddbcaf5a1,https://pmc.ncbi.nlm.nih.gov/articles/PMC7430435/,https://pmc.ncbi.nlm.nih.gov/articles/PMC7430435,7,transgender_people/government_benefits__access_to_government_benefits.txt,What factors influence access to government benefits for transgender people in government benefits?,transgender people,minority,Gender Identity,Government Benefits,Access to government benefits,transgender_people__government_benefits__access_to_government_benefits
a166231099c7b016c673,https://www.law.georgetown.edu/poverty-journal/blog/anti-lgbtq-discrimination-and-barriers-to-accessing-public-benefits/,https://law.georgetown.edu/poverty-journal/blog/anti-lgbtq-discrimination-and-barriers-to-accessing-public-benefits,1,transgender_people/government_benefits__application_approval.txt,What factors influence application/approval for transgender people in government benefits?,transgender people,minority,Gender Identity,Government Benefits,Application/approval,transgender_people__government_benefits__application_approval
88cce15387efc3379849,https://pmc.ncbi.nlm.nih.gov/articles/PMC12895444/,https://pmc.ncbi.nlm.nih.gov/articles/PMC12895444,2,transgender_people/government_benefits__application_approval.txt,What factors influence application/approval for transgender people in government benefits?,transgender people,minority,Gender Identity,Government Benefits,Application/approval,transgender_people__government_benefits__application_approval
9eedf36b5c7ef367f8b7,https://www.startdisability.com/perspectives/transgender-apply-ssdi,https://startdisability.com/perspectives/transgender-apply-ssdi,3,transgender_people/government_benefits__application_approval.txt,What factors influence application/approval for transgender people in government benefits?,transgender people,minority,Gender Identity,Government Benefits,Application/approval,transgender_people__government_benefits__application_approval
6991e6d03e34b43af7cf,https://www.chcs.org/medicaid-and-sexual-orientation-and-gender-identity-data-key-factors-for-more-equitable-data-collection/,https://chcs.org/medicaid-and-sexual-orientation-and-gender-identity-data-key-factors-for-more-equitable-data-collection,4,transgender_people/government_benefits__application_approval.txt,What factors influence application/approval for transgender people in government benefits?,transgender people,minority,Gender Identity,Government Benefits,Application/approval,transgender_people__government_benefits__application_approval
a1918196a6e3c91d8203,https://www.masstpc.org/know-your-rights-project-2025s-implementation/,https://masstpc.org/know-your-rights-project-2025s-implementation,5,transgender_people/government_benefits__application_approval.txt,What factors influence application/approval for transgender people in government benefits?,transgender people,minority,Gender Identity,Government Benefits,Application/approval,transgender_people__government_benefits__application_approval
9eedf36b5c7ef367f8b7,https://www.startdisability.com/perspectives/transgender-apply-ssdi,https://startdisability.com/perspectives/transgender-apply-ssdi,6,transgender_people/government_benefits__application_approval.txt,What factors influence application/approval for transgender people in government benefits?,transgender people,minority,Gender Identity,Government Benefits,Application/approval,transgender_people__government_benefits__application_approval
2741ec928ab38d136919,https://www.dchealthlink.com/faqs/why-does-individual-and-family-application-ask-about-gender-how-should-transgendered,https://dchealthlink.com/faqs/why-does-individual-and-family-application-ask-about-gender-how-should-transgendered,7,transgender_people/government_benefits__application_approval.txt,What factors influence application/approval for transgender people in government benefits?,transgender people,minority,Gender Identity,Government Benefits,Application/approval,transgender_people__government_benefits__application_approval
4cef9fd66034f6ab6afd,https://www.independent.co.uk/news/world/americas/us-politics/trump-transgender-care-prison-supreme-court-b3057832.html,https://independent.co.uk/news/world/americas/us-politics/trump-transgender-care-prison-supreme-court-b3057832.html,8,transgender_people/government_benefits__application_approval.txt,What factors influence application/approval for transgender people in government benefits?,transgender people,minority,Gender Identity,Government Benefits,Application/approval,transgender_people__government_benefits__application_approval
d2954b9ed58d0f0ff7db,https://mapresearch.org/equality-map/medicaid-coverage-of-transgender-related-health-care/,https://mapresearch.org/equality-map/medicaid-coverage-of-transgender-related-health-care,9,transgender_people/government_benefits__application_approval.txt,What factors influence application/approval for transgender people in government benefits?,transgender people,minority,Gender Identity,Government Benefits,Application/approval,transgender_people__government_benefits__application_approval
5686c0e7a3e1d2095b46,https://williamsinstitute.law.ucla.edu/wp-content/uploads/Medicaid-Gender-Care-Dec-2022.pdf,https://williamsinstitute.law.ucla.edu/wp-content/uploads/Medicaid-Gender-Care-Dec-2022.pdf,10,transgender_people/government_benefits__application_approval.txt,What factors influence application/approval for transgender people in government benefits?,transgender people,minority,Gender Identity,Government Benefits,Application/approval,transgender_people__government_benefits__application_approval
f7c688725609ccd20750,https://transequality.org/resources/selective-service-and-transgender-people,https://transequality.org/resources/selective-service-and-transgender-people,11,transgender_people/government_benefits__application_approval.txt,What factors influence application/approval for transgender people in government benefits?,transgender people,minority,Gender Identity,Government Benefits,Application/approval,transgender_people__government_benefits__application_approval
21b96e8ecac7ec819910,https://transequality.org/documents/know-your-rights-selective-service,https://transequality.org/documents/know-your-rights-selective-service,12,transgender_people/government_benefits__application_approval.txt,What factors influence application/approval for transgender people in government benefits?,transgender people,minority,Gender Identity,Government Benefits,Application/approval,transgender_people__government_benefits__application_approval
a5ef3321a99ddbcaf5a1,https://pmc.ncbi.nlm.nih.gov/articles/PMC7430435/,https://pmc.ncbi.nlm.nih.gov/articles/PMC7430435,13,transgender_people/government_benefits__application_approval.txt,What factors influence application/approval for transgender people in government benefits?,transgender people,minority,Gender Identity,Government Benefits,Application/approval,transgender_people__government_benefits__application_approval
e53c07867ea4b5a596d8,https://www.cbpp.org/research/federal-budget/executive-action-watch?item=29752,https://cbpp.org/research/federal-budget/executive-action-watch?item=29752,14,transgender_people/government_benefits__application_approval.txt,What factors influence application/approval for transgender people in government benefits?,transgender people,minority,Gender Identity,Government Benefits,Application/approval,transgender_people__government_benefits__application_approval
5ed31e7ff5a7c16a3487,https://digital.lib.washington.edu/researchworks/items/25637a3d-a818-41e3-bfd2-360bd75099db,https://digital.lib.washington.edu/researchworks/items/25637a3d-a818-41e3-bfd2-360bd75099db,1,transgender_people/government_benefits__benefit_retention_renewal.txt,What factors influence benefit retention / renewal for transgender people in government benefits?,transgender people,minority,Gender Identity,Government Benefits,Benefit retention / renewal,transgender_people__government_benefits__benefit_retention_renewal
cda4d5fd39f133b6d56e,https://www.kff.org/womens-health-policy/update-on-medicaid-coverage-of-gender-affirming-health-services/,https://kff.org/womens-health-policy/update-on-medicaid-coverage-of-gender-affirming-health-services,2,transgender_people/government_benefits__benefit_retention_renewal.txt,What factors influence benefit retention / renewal for transgender people in government benefits?,transgender people,minority,Gender Identity,Government Benefits,Benefit retention / renewal,transgender_people__government_benefits__benefit_retention_renewal
e9123aab8fc77dc6fb16,https://pn3policy.org/blog/administrative-burden-blog/,https://pn3policy.org/blog/administrative-burden-blog,3,transgender_people/government_benefits__benefit_retention_renewal.txt,What factors influence benefit retention / renewal for transgender people in government benefits?,transgender people,minority,Gender Identity,Government Benefits,Benefit retention / renewal,transgender_people__government_benefits__benefit_retention_renewal
146b551e2988d5513d6b,https://pmc.ncbi.nlm.nih.gov/articles/PMC12628517/,https://pmc.ncbi.nlm.nih.gov/articles/PMC12628517,4,transgender_people/government_benefits__benefit_retention_renewal.txt,What factors influence benefit retention / renewal for transgender people in government benefits?,transgender people,minority,Gender Identity,Government Benefits,Benefit retention / renewal,transgender_people__government_benefits__benefit_retention_renewal
3df5b39ec9750776d537,https://williamsinstitute.law.ucla.edu/publications/medicaid-trans-health-care/,https://williamsinstitute.law.ucla.edu/publications/medicaid-trans-health-care,5,transgender_people/government_benefits__benefit_retention_renewal.txt,What factors influence benefit retention / renewal for transgender people in government benefits?,transgender people,minority,Gender Identity,Government Benefits,Benefit retention / renewal,transgender_people__government_benefits__benefit_retention_renewal
e4ef4d139e689c7b78ef,https://pmc.ncbi.nlm.nih.gov/articles/PMC11782051/,https://pmc.ncbi.nlm.nih.gov/articles/PMC11782051,6,transgender_people/government_benefits__benefit_retention_renewal.txt,What factors influence benefit retention / renewal for transgender people in government benefits?,transgender people,minority,Gender Identity,Government Benefits,Benefit retention / renewal,transgender_people__government_benefits__benefit_retention_renewal
c2a52a343dcbbc11e8c2,https://www.sciencedirect.com/science/article/abs/pii/S0002937818303776,https://sciencedirect.com/science/article/abs/pii/S0002937818303776,7,transgender_people/government_benefits__benefit_retention_renewal.txt,What factors influence benefit retention / renewal for transgender people in government benefits?,transgender people,minority,Gender Identity,Government Benefits,Benefit retention / renewal,transgender_people__government_benefits__benefit_retention_renewal
37d43ff3ee020c748f06,https://www.cbpp.org/research/hud-halts-enforcement-of-rule-protecting-transgender-and-nonbinary-people-from,https://cbpp.org/research/hud-halts-enforcement-of-rule-protecting-transgender-and-nonbinary-people-from,8,transgender_people/government_benefits__benefit_retention_renewal.txt,What factors influence benefit retention / renewal for transgender people in government benefits?,transgender people,minority,Gender Identity,Government Benefits,Benefit retention / renewal,transgender_people__government_benefits__benefit_retention_renewal
a440ac1996fbeabd926c,https://openscholarship.wustl.edu/cgi/viewcontent.cgi?article=1978&context=csd_research,https://openscholarship.wustl.edu/cgi/viewcontent.cgi?article=1978&context=csd_research,9,transgender_people/government_benefits__benefit_retention_renewal.txt,What factors influence benefit retention / renewal for transgender people in government benefits?,transgender people,minority,Gender Identity,Government Benefits,Benefit retention / renewal,transgender_people__government_benefits__benefit_retention_renewal
6ad4c47c11e5511d0fe4,https://transequality.org/issues/health-healthcare,https://transequality.org/issues/health-healthcare,10,transgender_people/government_benefits__benefit_retention_renewal.txt,What factors influence benefit retention / renewal for transgender people in government benefits?,transgender people,minority,Gender Identity,Government Benefits,Benefit retention / renewal,transgender_people__government_benefits__benefit_retention_renewal
43c208334aa18c2ee9db,https://transequality.org/news/act-now-protect-our-healthcare,https://transequality.org/news/act-now-protect-our-healthcare,11,transgender_people/government_benefits__benefit_retention_renewal.txt,What factors influence benefit retention / renewal for transgender people in government benefits?,transgender people,minority,Gender Identity,Government Benefits,Benefit retention / renewal,transgender_people__government_benefits__benefit_retention_renewal
60e61a751662f9dc4660,https://www.hrc.org/resources/get-the-facts-on-transgender-healthcare,https://hrc.org/resources/get-the-facts-on-transgender-healthcare,12,transgender_people/government_benefits__benefit_retention_renewal.txt,What factors influence benefit retention / renewal for transgender people in government benefits?,transgender people,minority,Gender Identity,Government Benefits,Benefit retention / renewal,transgender_people__government_benefits__benefit_retention_renewal
6e013b30ac05731da7b1,https://shvs.org/resources/new-federal-rules-affecting-coverage-of-treatment-for-gender-dysphoria-considerations-for-states/,https://shvs.org/resources/new-federal-rules-affecting-coverage-of-treatment-for-gender-dysphoria-considerations-for-states,13,transgender_people/government_benefits__benefit_retention_renewal.txt,What factors influence benefit retention / renewal for transgender people in government benefits?,transgender people,minority,Gender Identity,Government Benefits,Benefit retention / renewal,transgender_people__government_benefits__benefit_retention_renewal
d2954b9ed58d0f0ff7db,https://mapresearch.org/equality-map/medicaid-coverage-of-transgender-related-health-care/,https://mapresearch.org/equality-map/medicaid-coverage-of-transgender-related-health-care,14,transgender_people/government_benefits__benefit_retention_renewal.txt,What factors influence benefit retention / renewal for transgender people in government benefits?,transgender people,minority,Gender Identity,Government Benefits,Benefit retention / renewal,transgender_people__government_benefits__benefit_retention_renewal
ad69c722f9f226515235,https://thehill.com/policy/healthcare/5245488-gender-affirming-care-medicaid/,https://thehill.com/policy/healthcare/5245488-gender-affirming-care-medicaid,15,transgender_people/government_benefits__benefit_retention_renewal.txt,What factors influence benefit retention / renewal for transgender people in government benefits?,transgender people,minority,Gender Identity,Government Benefits,Benefit retention / renewal,transgender_people__government_benefits__benefit_retention_renewal
ce20ffdae2a53c621c4d,https://www.americanprogress.org/article/fact-sheet-protecting-advancing-health-care-transgender-adult-communities/,https://americanprogress.org/article/fact-sheet-protecting-advancing-health-care-transgender-adult-communities,16,transgender_people/government_benefits__benefit_retention_renewal.txt,What factors influence benefit retention / renewal for transgender people in government benefits?,transgender people,minority,Gender Identity,Government Benefits,Benefit retention / renewal,transgender_people__government_benefits__benefit_retention_renewal
95967edc820ed34283cc,https://pmc.ncbi.nlm.nih.gov/articles/PMC11821434/,https://pmc.ncbi.nlm.nih.gov/articles/PMC11821434,1,transgender_people/healthcare__insurance_coverage.txt,What factors influence insurance coverage for transgender people in healthcare?,transgender people,minority,Gender Identity,Healthcare,Insurance coverage,transgender_people__healthcare__insurance_coverage
222c9cca9b0f5897cd1d,https://transcare.ucsf.edu/guidelines/insurance,https://transcare.ucsf.edu/guidelines/insurance,2,transgender_people/healthcare__insurance_coverage.txt,What factors influence insurance coverage for transgender people in healthcare?,transgender people,minority,Gender Identity,Healthcare,Insurance coverage,transgender_people__healthcare__insurance_coverage
6e013b30ac05731da7b1,https://shvs.org/resources/new-federal-rules-affecting-coverage-of-treatment-for-gender-dysphoria-considerations-for-states/,https://shvs.org/resources/new-federal-rules-affecting-coverage-of-treatment-for-gender-dysphoria-considerations-for-states,3,transgender_people/healthcare__insurance_coverage.txt,What factors influence insurance coverage for transgender people in healthcare?,transgender people,minority,Gender Identity,Healthcare,Insurance coverage,transgender_people__healthcare__insurance_coverage
92fc1ab90e105172fad2,https://pmc.ncbi.nlm.nih.gov/articles/PMC10142323/,https://pmc.ncbi.nlm.nih.gov/articles/PMC10142323,4,transgender_people/healthcare__insurance_coverage.txt,What factors influence insurance coverage for transgender people in healthcare?,transgender people,minority,Gender Identity,Healthcare,Insurance coverage,transgender_people__healthcare__insurance_coverage
6a46f2066f9017c7c919,https://www.thehrcfoundation.org/professional-resources/transgender-inclusive-benefits-for-employees-and-dependents,https://thehrcfoundation.org/professional-resources/transgender-inclusive-benefits-for-employees-and-dependents,5,transgender_people/healthcare__insurance_coverage.txt,What factors influence insurance coverage for transgender people in healthcare?,transgender people,minority,Gender Identity,Healthcare,Insurance coverage,transgender_people__healthcare__insurance_coverage
bd97c4dec4c50f1c8b2e,https://pmc.ncbi.nlm.nih.gov/articles/PMC9341318/,https://pmc.ncbi.nlm.nih.gov/articles/PMC9341318,1,transgender_people/healthcare__patient_safety.txt,What factors influence patient safety for transgender people in healthcare?,transgender people,minority,Gender Identity,Healthcare,Patient safety,transgender_people__healthcare__patient_safety
b7a3e143339ef1b70344,https://psnet.ahrq.gov/perspective/patient-safety-concerns-and-lgbtq-population,https://psnet.ahrq.gov/perspective/patient-safety-concerns-and-lgbtq-population,2,transgender_people/healthcare__patient_safety.txt,What factors influence patient safety for transgender people in healthcare?,transgender people,minority,Gender Identity,Healthcare,Patient safety,transgender_people__healthcare__patient_safety
d9884bc0e4d5d3c9369d,https://www.ama-assn.org/public-health/population-health/caring-transgender-patients-experts-offer-guidance,https://ama-assn.org/public-health/population-health/caring-transgender-patients-experts-offer-guidance,3,transgender_people/healthcare__patient_safety.txt,What factors influence patient safety for transgender people in healthcare?,transgender people,minority,Gender Identity,Healthcare,Patient safety,transgender_people__healthcare__patient_safety
2512d209e8135ffdd345,https://pmc.ncbi.nlm.nih.gov/articles/PMC4802845/,https://pmc.ncbi.nlm.nih.gov/articles/PMC4802845,4,transgender_people/healthcare__patient_safety.txt,What factors influence patient safety for transgender people in healthcare?,transgender people,minority,Gender Identity,Healthcare,Patient safety,transgender_people__healthcare__patient_safety
7c7839d4f3657b77103d,https://www.hopkinsmedicine.org/health/expert-qa/transgender-health-what-you-need-to-know,https://hopkinsmedicine.org/health/expert-qa/transgender-health-what-you-need-to-know,5,transgender_people/healthcare__patient_safety.txt,What factors influence patient safety for transgender people in healthcare?,transgender people,minority,Gender Identity,Healthcare,Patient safety,transgender_people__healthcare__patient_safety
48ad2b1fc8f2eb9cb283,https://www.youtube.com/watch?v=_TUydUMazkc&t=41,https://youtube.com/watch?t=41&v=_TUydUMazkc,6,transgender_people/healthcare__patient_safety.txt,What factors influence patient safety for transgender people in healthcare?,transgender people,minority,Gender Identity,Healthcare,Patient safety,transgender_people__healthcare__patient_safety
c8c89b7e3e1939ea0ade,https://www.youtube.com/watch?v=vA4j6PvMwT4&t=132,https://youtube.com/watch?t=132&v=vA4j6PvMwT4,7,transgender_people/healthcare__patient_safety.txt,What factors influence patient safety for transgender people in healthcare?,transgender people,minority,Gender Identity,Healthcare,Patient safety,transgender_people__healthcare__patient_safety
cc37e937aae4c2735941,https://transcare.ucsf.edu/guidelines/clinic-environment,https://transcare.ucsf.edu/guidelines/clinic-environment,8,transgender_people/healthcare__patient_safety.txt,What factors influence patient safety for transgender people in healthcare?,transgender people,minority,Gender Identity,Healthcare,Patient safety,transgender_people__healthcare__patient_safety
6ad4c47c11e5511d0fe4,https://transequality.org/issues/health-healthcare,https://transequality.org/issues/health-healthcare,9,transgender_people/healthcare__patient_safety.txt,What factors influence patient safety for transgender people in healthcare?,transgender people,minority,Gender Identity,Healthcare,Patient safety,transgender_people__healthcare__patient_safety
9c83fec30b1ed70e82ae,https://pmc.ncbi.nlm.nih.gov/articles/PMC5472072/,https://pmc.ncbi.nlm.nih.gov/articles/PMC5472072,10,transgender_people/healthcare__patient_safety.txt,What factors influence patient safety for transgender people in healthcare?,transgender people,minority,Gender Identity,Healthcare,Patient safety,transgender_people__healthcare__patient_safety
11b282cdda5734f7ef3d,https://transequality.org/resources/transgender-sexual-and-reproductive-health-unmet-needs-and-barriers-care,https://transequality.org/resources/transgender-sexual-and-reproductive-health-unmet-needs-and-barriers-care,1,transgender_people/healthcare__preventive_care.txt,What factors influence preventive care for transgender people in healthcare?,transgender people,minority,Gender Identity,Healthcare,Preventive care,transgender_people__healthcare__preventive_care
a673f827bd8515c2fb12,https://www.peacehealth.org/healthy-you/preventive-care-different-when-youre-trans-what-know,https://peacehealth.org/healthy-you/preventive-care-different-when-youre-trans-what-know,2,transgender_people/healthcare__preventive_care.txt,What factors influence preventive care for transgender people in healthcare?,transgender people,minority,Gender Identity,Healthcare,Preventive care,transgender_people__healthcare__preventive_care
7c7839d4f3657b77103d,https://www.hopkinsmedicine.org/health/expert-qa/transgender-health-what-you-need-to-know,https://hopkinsmedicine.org/health/expert-qa/transgender-health-what-you-need-to-know,3,transgender_people/healthcare__preventive_care.txt,What factors influence preventive care for transgender people in healthcare?,transgender people,minority,Gender Identity,Healthcare,Preventive care,transgender_people__healthcare__preventive_care
89020b2b99984124c848,https://www.aafp.org/afp/2018/1201/p645,https://aafp.org/afp/2018/1201/p645,4,transgender_people/healthcare__preventive_care.txt,What factors influence preventive care for transgender people in healthcare?,transgender people,minority,Gender Identity,Healthcare,Preventive care,transgender_people__healthcare__preventive_care
b5512c1329baedf33991,https://www.youtube.com/watch?v=7qOlZ3tG3R0&t=27,https://youtube.com/watch?t=27&v=7qOlZ3tG3R0,5,transgender_people/healthcare__preventive_care.txt,What factors influence preventive care for transgender people in healthcare?,transgender people,minority,Gender Identity,Healthcare,Preventive care,transgender_people__healthcare__preventive_care
ab1f631c394c47d5085b,https://www.healthecareers.com/career-resources/soft-skills/how-to-discuss-preventative-care-with-transgender-patients,https://healthecareers.com/career-resources/soft-skills/how-to-discuss-preventative-care-with-transgender-patients,6,transgender_people/healthcare__preventive_care.txt,What factors influence preventive care for transgender people in healthcare?,transgender people,minority,Gender Identity,Healthcare,Preventive care,transgender_people__healthcare__preventive_care
244dc8fe151f1b04785f,https://www.sciencedirect.com/science/article/pii/S0749379725004453,https://sciencedirect.com/science/article/pii/S0749379725004453,7,transgender_people/healthcare__preventive_care.txt,What factors influence preventive care for transgender people in healthcare?,transgender people,minority,Gender Identity,Healthcare,Preventive care,transgender_people__healthcare__preventive_care
bd97c4dec4c50f1c8b2e,https://pmc.ncbi.nlm.nih.gov/articles/PMC9341318/,https://pmc.ncbi.nlm.nih.gov/articles/PMC9341318,8,transgender_people/healthcare__preventive_care.txt,What factors influence preventive care for transgender people in healthcare?,transgender people,minority,Gender Identity,Healthcare,Preventive care,transgender_people__healthcare__preventive_care
8e7b64c8a8cec8a3552d,https://pubmed.ncbi.nlm.nih.gov/40578577/,https://pubmed.ncbi.nlm.nih.gov/40578577,9,transgender_people/healthcare__preventive_care.txt,What factors influence preventive care for transgender people in healthcare?,transgender people,minority,Gender Identity,Healthcare,Preventive care,transgender_people__healthcare__preventive_care
ce5ff1a3c2f8b5f18a9c,https://endhomelessness.org/resources/research-and-analysis/housing-instability-among-gender-expansive-people-and-paths-forward/,https://endhomelessness.org/resources/research-and-analysis/housing-instability-among-gender-expansive-people-and-paths-forward,1,transgender_people/housing__access_to_housing.txt,What factors influence access to housing for transgender people in housing?,transgender people,minority,Gender Identity,Housing,Access to housing,transgender_people__housing__access_to_housing
3c9cfe0cdfab5255a1ea,https://cmhfh.org/news/barriers-to-affordable-housing-for-the-lgbtq-community/,https://cmhfh.org/news/barriers-to-affordable-housing-for-the-lgbtq-community,2,transgender_people/housing__access_to_housing.txt,What factors influence access to housing for transgender people in housing?,transgender people,minority,Gender Identity,Housing,Access to housing,transgender_people__housing__access_to_housing
fd671b6e0608b9cf2e0b,https://www.urban.org/urban-wire/how-can-we-reduce-housing-instability-among-lgbtq-americans,https://urban.org/urban-wire/how-can-we-reduce-housing-instability-among-lgbtq-americans,3,transgender_people/housing__access_to_housing.txt,What factors influence access to housing for transgender people in housing?,transgender people,minority,Gender Identity,Housing,Access to housing,transgender_people__housing__access_to_housing
a265eb00f99e6a177554,https://obamawhitehouse.archives.gov/blog/2011/10/13/hud-addresses-lgbt-housing-discrimination,https://obamawhitehouse.archives.gov/blog/2011/10/13/hud-addresses-lgbt-housing-discrimination,4,transgender_people/housing__access_to_housing.txt,What factors influence access to housing for transgender people in housing?,transgender people,minority,Gender Identity,Housing,Access to housing,transgender_people__housing__access_to_housing
af230edcd03dd54b70ee,https://endhomelessness.org/resources/toolkits-and-training-materials/supporting-homeless-transgender-and-and-gender-nonconforming-youth/,https://endhomelessness.org/resources/toolkits-and-training-materials/supporting-homeless-transgender-and-and-gender-nonconforming-youth,5,transgender_people/housing__access_to_housing.txt,What factors influence access to housing for transgender people in housing?,transgender people,minority,Gender Identity,Housing,Access to housing,transgender_people__housing__access_to_housing
0e092b38b987575bf4f3,https://endhomelessness.org/blog/how-the-equal-access-rule-can-protect-trans-people-and-sex-workers/,https://endhomelessness.org/blog/how-the-equal-access-rule-can-protect-trans-people-and-sex-workers,6,transgender_people/housing__access_to_housing.txt,What factors influence access to housing for transgender people in housing?,transgender people,minority,Gender Identity,Housing,Access to housing,transgender_people__housing__access_to_housing
5f8a729f66b51b0af49f,https://www.hrc.org/resources/fair-and-equal-housing-act,https://hrc.org/resources/fair-and-equal-housing-act,7,transgender_people/housing__access_to_housing.txt,What factors influence access to housing for transgender people in housing?,transgender people,minority,Gender Identity,Housing,Access to housing,transgender_people__housing__access_to_housing
9c41a280e48ec02f74f9,https://equalrightscenter.org/equal-access-hud-2026/,https://equalrightscenter.org/equal-access-hud-2026,8,transgender_people/housing__access_to_housing.txt,What factors influence access to housing for transgender people in housing?,transgender people,minority,Gender Identity,Housing,Access to housing,transgender_people__housing__access_to_housing
80bcc2329d8ddad43371,https://unitedwayla.org/news/housing-inequality-within-the-lgbtq-community/,https://unitedwayla.org/news/housing-inequality-within-the-lgbtq-community,9,transgender_people/housing__access_to_housing.txt,What factors influence access to housing for transgender people in housing?,transgender people,minority,Gender Identity,Housing,Access to housing,transgender_people__housing__access_to_housing
3e823021c0e3a6e02a57,https://archive-housingmatters.urban.org/articles/five-facts-about-housing-access-lgbt-people,https://archive-housingmatters.urban.org/articles/five-facts-about-housing-access-lgbt-people,10,transgender_people/housing__access_to_housing.txt,What factors influence access to housing for transgender people in housing?,transgender people,minority,Gender Identity,Housing,Access to housing,transgender_people__housing__access_to_housing
639bfb488b37b79b0dc4,https://www.housingsolutionstulsa.org/spotlight-on-lgbtq-homelessness-and-housing-insecurity/,https://housingsolutionstulsa.org/spotlight-on-lgbtq-homelessness-and-housing-insecurity,11,transgender_people/housing__access_to_housing.txt,What factors influence access to housing for transgender people in housing?,transgender people,minority,Gender Identity,Housing,Access to housing,transgender_people__housing__access_to_housing
edcdc6b4ab2c9fa30cea,https://nlihc.org/resource/transgender-individuals-experience-homelessness-eight-times-rate-general-us-population,https://nlihc.org/resource/transgender-individuals-experience-homelessness-eight-times-rate-general-us-population,1,transgender_people/housing__homelessness.txt,What factors influence homelessness for transgender people in housing?,transgender people,minority,Gender Identity,Housing,Homelessness,transgender_people__housing__homelessness
01d9b28157b26a093247,https://www.thetrevorproject.org/wp-content/uploads/2022/02/Trevor-Project-Homelessness-Report.pdf,https://thetrevorproject.org/wp-content/uploads/2022/02/Trevor-Project-Homelessness-Report.pdf,2,transgender_people/housing__homelessness.txt,What factors influence homelessness for transgender people in housing?,transgender people,minority,Gender Identity,Housing,Homelessness,transgender_people__housing__homelessness
fd671b6e0608b9cf2e0b,https://www.urban.org/urban-wire/how-can-we-reduce-housing-instability-among-lgbtq-americans,https://urban.org/urban-wire/how-can-we-reduce-housing-instability-among-lgbtq-americans,3,transgender_people/housing__homelessness.txt,What factors influence homelessness for transgender people in housing?,transgender people,minority,Gender Identity,Housing,Homelessness,transgender_people__housing__homelessness
fae834cfbefcbd5521c4,https://nhchc.org/wp-content/uploads/2019/08/in-focus_transgender_sep2014_final.pdf,https://nhchc.org/wp-content/uploads/2019/08/in-focus_transgender_sep2014_final.pdf,4,transgender_people/housing__homelessness.txt,What factors influence homelessness for transgender people in housing?,transgender people,minority,Gender Identity,Housing,Homelessness,transgender_people__housing__homelessness
52d557ff6e2c7c507d07,https://pmc.ncbi.nlm.nih.gov/articles/PMC8726680/,https://pmc.ncbi.nlm.nih.gov/articles/PMC8726680,5,transgender_people/housing__homelessness.txt,What factors influence homelessness for transgender people in housing?,transgender people,minority,Gender Identity,Housing,Homelessness,transgender_people__housing__homelessness
6d3c5593dadc0dbc8c6c,https://www.thn.org/tgnc-discrimination/,https://thn.org/tgnc-discrimination,6,transgender_people/housing__homelessness.txt,What factors influence homelessness for transgender people in housing?,transgender people,minority,Gender Identity,Housing,Homelessness,transgender_people__housing__homelessness
83d895937bb30578d610,https://endhomelessness.org/resources/toolkits-and-training-materials/how-providers-can-address-homelessness-among-gender-expansive-people/,https://endhomelessness.org/resources/toolkits-and-training-materials/how-providers-can-address-homelessness-among-gender-expansive-people,7,transgender_people/housing__homelessness.txt,What factors influence homelessness for transgender people in housing?,transgender people,minority,Gender Identity,Housing,Homelessness,transgender_people__housing__homelessness
bb46b2d5419879584e9e,https://transequality.org/issues/housing-homelessness,https://transequality.org/issues/housing-homelessness,8,transgender_people/housing__homelessness.txt,What factors influence homelessness for transgender people in housing?,transgender people,minority,Gender Identity,Housing,Homelessness,transgender_people__housing__homelessness
09679ff687f1d0811e12,https://nationalhomeless.org/lgbtq-homelessness/,https://nationalhomeless.org/lgbtq-homelessness,9,transgender_people/housing__homelessness.txt,What factors influence homelessness for transgender people in housing?,transgender people,minority,Gender Identity,Housing,Homelessness,transgender_people__housing__homelessness
3aef06da92fb4ab78593,https://endhomelessness.org/blog/increases-in-individual-homelessness-a-gender-analysis/,https://endhomelessness.org/blog/increases-in-individual-homelessness-a-gender-analysis,10,transgender_people/housing__homelessness.txt,What factors influence homelessness for transgender people in housing?,transgender people,minority,Gender Identity,Housing,Homelessness,transgender_people__housing__homelessness
c92e31c335f926a63c42,https://nn4youth.org/learn/lgbtq-homeless-youth/,https://nn4youth.org/learn/lgbtq-homeless-youth,11,transgender_people/housing__homelessness.txt,What factors influence homelessness for transgender people in housing?,transgender people,minority,Gender Identity,Housing,Homelessness,transgender_people__housing__homelessness
d3957e808a99d7ffee84,https://homelesshub.ca/blog/2023/five-arguments-trans-inclusion-homelessness-sector/,https://homelesshub.ca/blog/2023/five-arguments-trans-inclusion-homelessness-sector,12,transgender_people/housing__homelessness.txt,What factors influence homelessness for transgender people in housing?,transgender people,minority,Gender Identity,Housing,Homelessness,transgender_people__housing__homelessness
27dcc110165c384e5a4b,https://www.cdc.gov/mmwr/volumes/73/su/su7301a5.htm,https://cdc.gov/mmwr/volumes/73/su/su7301a5.htm,13,transgender_people/housing__homelessness.txt,What factors influence homelessness for transgender people in housing?,transgender people,minority,Gender Identity,Housing,Homelessness,transgender_people__housing__homelessness
52d557ff6e2c7c507d07,https://pmc.ncbi.nlm.nih.gov/articles/PMC8726680/,https://pmc.ncbi.nlm.nih.gov/articles/PMC8726680,1,transgender_people/housing__housing_stability.txt,What factors influence housing stability for transgender people in housing?,transgender people,minority,Gender Identity,Housing,Housing stability,transgender_people__housing__housing_stability
c378ab290784b331a1b6,https://www.sciencedirect.com/science/article/pii/S074937972500724X,https://sciencedirect.com/science/article/pii/S074937972500724X,2,transgender_people/housing__housing_stability.txt,What factors influence housing stability for transgender people in housing?,transgender people,minority,Gender Identity,Housing,Housing stability,transgender_people__housing__housing_stability
80bcc2329d8ddad43371,https://unitedwayla.org/news/housing-inequality-within-the-lgbtq-community/,https://unitedwayla.org/news/housing-inequality-within-the-lgbtq-community,3,transgender_people/housing__housing_stability.txt,What factors influence housing stability for transgender people in housing?,transgender people,minority,Gender Identity,Housing,Housing stability,transgender_people__housing__housing_stability
9859a6c614dec4ad2dde,https://williamsinstitute.law.ucla.edu/publications/lgbt-housing-instability/,https://williamsinstitute.law.ucla.edu/publications/lgbt-housing-instability,4,transgender_people/housing__housing_stability.txt,What factors influence housing stability for transgender people in housing?,transgender people,minority,Gender Identity,Housing,Housing stability,transgender_people__housing__housing_stability
4782dc985971f354c44c,https://transequality.org/sites/default/files/docs/resources/NCTE%20Federal%20Blueprint%20Chapter%202%20Housing%20and%20Homelessness_0.pdf,https://transequality.org/sites/default/files/docs/resources/NCTE%20Federal%20Blueprint%20Chapter%202%20Housing%20and%20Homelessness_0.pdf,5,transgender_people/housing__housing_stability.txt,What factors influence housing stability for transgender people in housing?,transgender people,minority,Gender Identity,Housing,Housing stability,transgender_people__housing__housing_stability
6e39cf8a45813c6b916f,https://www.thetrevorproject.org/research-briefs/homelessness-and-housing-instability-among-lgbtq-youth-feb-2022/,https://thetrevorproject.org/research-briefs/homelessness-and-housing-instability-among-lgbtq-youth-feb-2022,6,transgender_people/housing__housing_stability.txt,What factors influence housing stability for transgender people in housing?,transgender people,minority,Gender Identity,Housing,Housing stability,transgender_people__housing__housing_stability
fd671b6e0608b9cf2e0b,https://www.urban.org/urban-wire/how-can-we-reduce-housing-instability-among-lgbtq-americans,https://urban.org/urban-wire/how-can-we-reduce-housing-instability-among-lgbtq-americans,7,transgender_people/housing__housing_stability.txt,What factors influence housing stability for transgender people in housing?,transgender people,minority,Gender Identity,Housing,Housing stability,transgender_people__housing__housing_stability
4b8aa2de8b14d4624cdd,https://healthcity.bmc.org/why-safe-housing-pivotal-transgender-womens-health/,https://healthcity.bmc.org/why-safe-housing-pivotal-transgender-womens-health,8,transgender_people/housing__housing_stability.txt,What factors influence housing stability for transgender people in housing?,transgender people,minority,Gender Identity,Housing,Housing stability,transgender_people__housing__housing_stability
ce5ff1a3c2f8b5f18a9c,https://endhomelessness.org/resources/research-and-analysis/housing-instability-among-gender-expansive-people-and-paths-forward/,https://endhomelessness.org/resources/research-and-analysis/housing-instability-among-gender-expansive-people-and-paths-forward,9,transgender_people/housing__housing_stability.txt,What factors influence housing stability for transgender people in housing?,transgender people,minority,Gender Identity,Housing,Housing stability,transgender_people__housing__housing_stability
83d895937bb30578d610,https://endhomelessness.org/resources/toolkits-and-training-materials/how-providers-can-address-homelessness-among-gender-expansive-people/,https://endhomelessness.org/resources/toolkits-and-training-materials/how-providers-can-address-homelessness-among-gender-expansive-people,10,transgender_people/housing__housing_stability.txt,What factors influence housing stability for transgender people in housing?,transgender people,minority,Gender Identity,Housing,Housing stability,transgender_people__housing__housing_stability
c559804906d1da63be17,https://mecklenburghousingdata.org/frontpage-article/addressing-lgbtq-homelessness-challenges-disparities-and-promising-practices/,https://mecklenburghousingdata.org/frontpage-article/addressing-lgbtq-homelessness-challenges-disparities-and-promising-practices,11,transgender_people/housing__housing_stability.txt,What factors influence housing stability for transgender people in housing?,transgender people,minority,Gender Identity,Housing,Housing stability,transgender_people__housing__housing_stability
67b00cbc1886d51852ae,https://pmc.ncbi.nlm.nih.gov/articles/PMC10826682/,https://pmc.ncbi.nlm.nih.gov/articles/PMC10826682,12,transgender_people/housing__housing_stability.txt,What factors influence housing stability for transgender people in housing?,transgender people,minority,Gender Identity,Housing,Housing stability,transgender_people__housing__housing_stability
77473644c04c4e36eda2,https://housingmatters.urban.org/research-summary/transgender-and-gender-nonconforming-people-experiencing-housing-insecurity-rely,https://housingmatters.urban.org/research-summary/transgender-and-gender-nonconforming-people-experiencing-housing-insecurity-rely,13,transgender_people/housing__housing_stability.txt,What factors influence housing stability for transgender people in housing?,transgender people,minority,Gender Identity,Housing,Housing stability,transgender_people__housing__housing_stability
3b95d31b802cfdcb021d,https://www.brookings.edu/articles/an-analysis-of-financial-institutions-in-black-majority-communities-black-borrowers-and-depositors-face-considerable-challenges-in-accessing-banking-services/,https://brookings.edu/articles/an-analysis-of-financial-institutions-in-black-majority-communities-black-borrowers-and-depositors-face-considerable-challenges-in-accessing-banking-services,1,white_people/credit_and_financial_services__access_to_banking_services.txt,What factors influence access to banking services for White people in credit & financial services?,White people,majority,Race,Credit & Financial Services,Access to banking services,white_people__credit_and_financial_services__access_to_banking_services
07536d083b6b422772ae,https://www.stlouisfed.org/community-development/publications/access-credit-financial-services-bridge-financial-well-being,https://stlouisfed.org/community-development/publications/access-credit-financial-services-bridge-financial-well-being,2,white_people/credit_and_financial_services__access_to_banking_services.txt,What factors influence access to banking services for White people in credit & financial services?,White people,majority,Race,Credit & Financial Services,Access to banking services,white_people__credit_and_financial_services__access_to_banking_services
ee881b80a2ffa0e2ade3,https://onlinelibrary.wiley.com/doi/10.1111/joca.12343,https://onlinelibrary.wiley.com/doi/10.1111/joca.12343,3,white_people/credit_and_financial_services__access_to_banking_services.txt,What factors influence access to banking services for White people in credit & financial services?,White people,majority,Race,Credit & Financial Services,Access to banking services,white_people__credit_and_financial_services__access_to_banking_services
a59ecd06a34d35790f09,https://www.elibrary.imf.org/view/journals/001/2024/150/article-A001-en.xml,https://elibrary.imf.org/view/journals/001/2024/150/article-A001-en.xml,4,white_people/credit_and_financial_services__access_to_banking_services.txt,What factors influence access to banking services for White people in credit & financial services?,White people,majority,Race,Credit & Financial Services,Access to banking services,white_people__credit_and_financial_services__access_to_banking_services
27ebba74a46aef5b9374,https://pmc.ncbi.nlm.nih.gov/articles/PMC7173312/,https://pmc.ncbi.nlm.nih.gov/articles/PMC7173312,5,white_people/credit_and_financial_services__access_to_banking_services.txt,What factors influence access to banking services for White people in credit & financial services?,White people,majority,Race,Credit & Financial Services,Access to banking services,white_people__credit_and_financial_services__access_to_banking_services
7f1f54904d34251b89de,https://www.everycrsreport.com/reports/R45979.html,https://everycrsreport.com/reports/R45979.html,6,white_people/credit_and_financial_services__access_to_banking_services.txt,What factors influence access to banking services for White people in credit & financial services?,White people,majority,Race,Credit & Financial Services,Access to banking services,white_people__credit_and_financial_services__access_to_banking_services
e63e646c68042089a365,https://www.jec.senate.gov/public/_cache/files/2756e78d-cd64-4413-8d26-a4f9c2756947/banking-and-financial-exclusion-final.pdf,https://jec.senate.gov/public/_cache/files/2756e78d-cd64-4413-8d26-a4f9c2756947/banking-and-financial-exclusion-final.pdf,1,white_people/credit_and_financial_services__access_to_credit.txt,What factors influence access to credit for White people in credit & financial services?,White people,majority,Race,Credit & Financial Services,Access to credit,white_people__credit_and_financial_services__access_to_credit
669391f18662c52dc0ff,https://www.urban.org/urban-wire/young-adults-credit-trajectories-vary-widely-race-and-ethnicity,https://urban.org/urban-wire/young-adults-credit-trajectories-vary-widely-race-and-ethnicity,2,white_people/credit_and_financial_services__access_to_credit.txt,What factors influence access to credit for White people in credit & financial services?,White people,majority,Race,Credit & Financial Services,Access to credit,white_people__credit_and_financial_services__access_to_credit
ee881b80a2ffa0e2ade3,https://onlinelibrary.wiley.com/doi/10.1111/joca.12343,https://onlinelibrary.wiley.com/doi/10.1111/joca.12343,3,white_people/credit_and_financial_services__access_to_credit.txt,What factors influence access to credit for White people in credit & financial services?,White people,majority,Race,Credit & Financial Services,Access to credit,white_people__credit_and_financial_services__access_to_credit
6cf074b5d55000c1fb4c,https://opportunityinsights.org/paper/creditaccess/,https://opportunityinsights.org/paper/creditaccess,4,white_people/credit_and_financial_services__access_to_credit.txt,What factors influence access to credit for White people in credit & financial services?,White people,majority,Race,Credit & Financial Services,Access to credit,white_people__credit_and_financial_services__access_to_credit
96437a65a313b21480cf,https://www.investopedia.com/average-credit-scores-by-race-5214521,https://investopedia.com/average-credit-scores-by-race-5214521,5,white_people/credit_and_financial_services__access_to_credit.txt,What factors influence access to credit for White people in credit & financial services?,White people,majority,Race,Credit & Financial Services,Access to credit,white_people__credit_and_financial_services__access_to_credit
eafe430211e10444eea7,https://www.minneapolisfed.org/-/media/assets/events/2025/2025-institute-research-conference/the-determinants-of-credit-access-in-the-united-states.pdf,https://minneapolisfed.org/-/media/assets/events/2025/2025-institute-research-conference/the-determinants-of-credit-access-in-the-united-states.pdf,6,white_people/credit_and_financial_services__access_to_credit.txt,What factors influence access to credit for White people in credit & financial services?,White people,majority,Race,Credit & Financial Services,Access to credit,white_people__credit_and_financial_services__access_to_credit
098940caf98752eb321f,https://medium.com/commonfuture/why-credit-scores-are-racist-da109fcfb300,https://medium.com/commonfuture/why-credit-scores-are-racist-da109fcfb300,7,white_people/credit_and_financial_services__access_to_credit.txt,What factors influence access to credit for White people in credit & financial services?,White people,majority,Race,Credit & Financial Services,Access to credit,white_people__credit_and_financial_services__access_to_credit
356ef631d65260b12137,https://www.federalreserve.gov/econres/feds/how-much-does-racial-bias-affect-mortgage-lending.htm,https://federalreserve.gov/econres/feds/how-much-does-racial-bias-affect-mortgage-lending.htm,1,white_people/credit_and_financial_services__credit_loan_approval.txt,What factors influence credit/loan approval for White people in credit & financial services?,White people,majority,Race,Credit & Financial Services,Credit/loan approval,white_people__credit_and_financial_services__credit_loan_approval
96437a65a313b21480cf,https://www.investopedia.com/average-credit-scores-by-race-5214521,https://investopedia.com/average-credit-scores-by-race-5214521,2,white_people/credit_and_financial_services__credit_loan_approval.txt,What factors influence credit/loan approval for White people in credit & financial services?,White people,majority,Race,Credit & Financial Services,Credit/loan approval,white_people__credit_and_financial_services__credit_loan_approval
e37cad46c3bfc4ec1492,https://www.minneapolisfed.org/article/2024/lender-reported-reasons-for-mortgage-denials-dont-explain-racial-disparities,https://minneapolisfed.org/article/2024/lender-reported-reasons-for-mortgage-denials-dont-explain-racial-disparities,3,white_people/credit_and_financial_services__credit_loan_approval.txt,What factors influence credit/loan approval for White people in credit & financial services?,White people,majority,Race,Credit & Financial Services,Credit/loan approval,white_people__credit_and_financial_services__credit_loan_approval
098940caf98752eb321f,https://medium.com/commonfuture/why-credit-scores-are-racist-da109fcfb300,https://medium.com/commonfuture/why-credit-scores-are-racist-da109fcfb300,4,white_people/credit_and_financial_services__credit_loan_approval.txt,What factors influence credit/loan approval for White people in credit & financial services?,White people,majority,Race,Credit & Financial Services,Credit/loan approval,white_people__credit_and_financial_services__credit_loan_approval
c82a33b24041f742beed,https://law.stanford.edu/wp-content/uploads/2024/06/2024-Bias-Criminal-Legal-System.pdf,https://law.stanford.edu/wp-content/uploads/2024/06/2024-Bias-Criminal-Legal-System.pdf,1,white_people/criminal_justice__arrest_detention_by_police.txt,What factors influence arrest / detention by police for White people in criminal justice?,White people,majority,Race,Criminal Justice,Arrest / detention by police,white_people__criminal_justice__arrest_detention_by_police
69defa686d35ec12ae06,https://pmc.ncbi.nlm.nih.gov/articles/PMC5509345/,https://pmc.ncbi.nlm.nih.gov/articles/PMC5509345,2,white_people/criminal_justice__arrest_detention_by_police.txt,What factors influence arrest / detention by police for White people in criminal justice?,White people,majority,Race,Criminal Justice,Arrest / detention by police,white_people__criminal_justice__arrest_detention_by_police
534fb4d9f9b49b9151e3,https://www.sciencedirect.com/science/article/abs/pii/S0047235225000017,https://sciencedirect.com/science/article/abs/pii/S0047235225000017,3,white_people/criminal_justice__arrest_detention_by_police.txt,What factors influence arrest / detention by police for White people in criminal justice?,White people,majority,Race,Criminal Justice,Arrest / detention by police,white_people__criminal_justice__arrest_detention_by_police
13102169fdbf1093ca52,https://www.ncsl.org/civil-and-criminal-justice/racial-and-ethnic-disparities-in-the-criminal-justice-system,https://ncsl.org/civil-and-criminal-justice/racial-and-ethnic-disparities-in-the-criminal-justice-system,4,white_people/criminal_justice__arrest_detention_by_police.txt,What factors influence arrest / detention by police for White people in criminal justice?,White people,majority,Race,Criminal Justice,Arrest / detention by police,white_people__criminal_justice__arrest_detention_by_police
77104fe421bc68a94cc4,https://www.ppic.org/publication/racial-disparities-in-law-enforcement-stops/,https://ppic.org/publication/racial-disparities-in-law-enforcement-stops,5,white_people/criminal_justice__arrest_detention_by_police.txt,What factors influence arrest / detention by police for White people in criminal justice?,White people,majority,Race,Criminal Justice,Arrest / detention by police,white_people__criminal_justice__arrest_detention_by_police
17fcd05f5e69d8ccd805,https://pmc.ncbi.nlm.nih.gov/articles/PMC13384522/,https://pmc.ncbi.nlm.nih.gov/articles/PMC13384522,6,white_people/criminal_justice__arrest_detention_by_police.txt,What factors influence arrest / detention by police for White people in criminal justice?,White people,majority,Race,Criminal Justice,Arrest / detention by police,white_people__criminal_justice__arrest_detention_by_police
206b6395f06dd583d365,https://www.sentencingproject.org/reports/one-in-five-racial-disparity-in-imprisonment-causes-and-remedies/,https://sentencingproject.org/reports/one-in-five-racial-disparity-in-imprisonment-causes-and-remedies,1,white_people/criminal_justice__incarceration.txt,What factors influence incarceration for White people in criminal justice?,White people,majority,Race,Criminal Justice,Incarceration,white_people__criminal_justice__incarceration
730d92f0d0b1aff41db8,https://www.ussc.gov/research/research-reports/2023-demographic-differences-federal-sentencing,https://ussc.gov/research/research-reports/2023-demographic-differences-federal-sentencing,2,white_people/criminal_justice__incarceration.txt,What factors influence incarceration for White people in criminal justice?,White people,majority,Race,Criminal Justice,Incarceration,white_people__criminal_justice__incarceration
48bdc8153a8577bce0fa,https://www.sentencingproject.org/press-releases/new-report-three-causes-of-racial-inequity-in-the-criminal-legal-system/,https://sentencingproject.org/press-releases/new-report-three-causes-of-racial-inequity-in-the-criminal-legal-system,3,white_people/criminal_justice__incarceration.txt,What factors influence incarceration for White people in criminal justice?,White people,majority,Race,Criminal Justice,Incarceration,white_people__criminal_justice__incarceration
66e9838b01bf920a430c,https://www.google.com/goto?url=CAESoQEB6zswFdykNWjAWF_vQddTW68N3HKNu9BeGuViSA5JVoCvRZG3k9q8mNxPt5nexvuVGzbTSz4g6LmVmoM29y92Drpc2kEeDkTfhuzXdmC3xLLkLqREBkApOOLCTJse7AZaiQTDsUJBzzxHx1GgOfuYBghlHAatQz9QnFtWtMKaEAlBfDk_AOem4tEchJHMWjRwIynzEq-K2WyZo1vgVJjyqA,https://google.com/goto?url=CAESoQEB6zswFdykNWjAWF_vQddTW68N3HKNu9BeGuViSA5JVoCvRZG3k9q8mNxPt5nexvuVGzbTSz4g6LmVmoM29y92Drpc2kEeDkTfhuzXdmC3xLLkLqREBkApOOLCTJse7AZaiQTDsUJBzzxHx1GgOfuYBghlHAatQz9QnFtWtMKaEAlBfDk_AOem4tEchJHMWjRwIynzEq-K2WyZo1vgVJjyqA,1,white_people/criminal_justice__police_use_of_force.txt,What factors influence police use of force for White people in criminal justice?,White people,majority,Race,Criminal Justice,Police use of force,white_people__criminal_justice__police_use_of_force
f71a506c545f5836eabb,https://policingequity.org/resource-library/use-of-force/,https://policingequity.org/resource-library/use-of-force,2,white_people/criminal_justice__police_use_of_force.txt,What factors influence police use of force for White people in criminal justice?,White people,majority,Race,Criminal Justice,Police use of force,white_people__criminal_justice__police_use_of_force
199ce25cee1b3a1eb1ad,https://www.youtube.com/watch?v=_X1Yd5UFUvk&t=68s,https://youtube.com/watch?t=68s&v=_X1Yd5UFUvk,3,white_people/criminal_justice__police_use_of_force.txt,What factors influence police use of force for White people in criminal justice?,White people,majority,Race,Criminal Justice,Police use of force,white_people__criminal_justice__police_use_of_force
6942a0dd184d3fcee471,https://www.equityinhighered.org/resources/ideas-and-insights/segregation-in-higher-education-and-unequal-paths-to-college-completion-implications-for-policy-and-research/,https://equityinhighered.org/resources/ideas-and-insights/segregation-in-higher-education-and-unequal-paths-to-college-completion-implications-for-policy-and-research,1,white_people/education__college_access_admission.txt,What factors influence college access/admission for White people in education?,White people,majority,Race,Education,College access/admission,white_people__education__college_access_admission
50ada82e65495fb88b1c,https://rsisinternational.org/journals/ijriss/articles/structural-inequalities-and-racial-barriers-to-education-attainment-in-u-s-higher-education-challenges-and-policy-interventions/,https://rsisinternational.org/journals/ijriss/articles/structural-inequalities-and-racial-barriers-to-education-attainment-in-u-s-higher-education-challenges-and-policy-interventions,2,white_people/education__college_access_admission.txt,What factors influence college access/admission for White people in education?,White people,majority,Race,Education,College access/admission,white_people__education__college_access_admission
3e3c9e7be9a61984f9e4,https://www.cato.org/testimony/many-factors-play-minority-access-higher-education,https://cato.org/testimony/many-factors-play-minority-access-higher-education,3,white_people/education__college_access_admission.txt,What factors influence college access/admission for White people in education?,White people,majority,Race,Education,College access/admission,white_people__education__college_access_admission
1f027b6ba41cd0ca5c28,https://www.insidehighered.com/admissions/article/2021/12/06/study-shows-ways-white-students-have-advantages-admissions,https://insidehighered.com/admissions/article/2021/12/06/study-shows-ways-white-students-have-advantages-admissions,4,white_people/education__college_access_admission.txt,What factors influence college access/admission for White people in education?,White people,majority,Race,Education,College access/admission,white_people__education__college_access_admission
cbdd8c792afab59cfab3,https://www.highereddive.com/news/diversity-college-admissions-enrollment-nacac-2025/760807/,https://highereddive.com/news/diversity-college-admissions-enrollment-nacac-2025/760807,5,white_people/education__college_access_admission.txt,What factors influence college access/admission for White people in education?,White people,majority,Race,Education,College access/admission,white_people__education__college_access_admission
bc9f560b5b7575e34596,https://www.higheredtoday.org/2025/08/18/new-data-highlights-demographic-shifts-in-admissions/,https://higheredtoday.org/2025/08/18/new-data-highlights-demographic-shifts-in-admissions,6,white_people/education__college_access_admission.txt,What factors influence college access/admission for White people in education?,White people,majority,Race,Education,College access/admission,white_people__education__college_access_admission
f552be868377ebcb3e62,https://www.aecf.org/blog/racial-inequality-in-education,https://aecf.org/blog/racial-inequality-in-education,1,white_people/education__educational_opportunity_access.txt,What factors influence educational opportunity/access for White people in education?,White people,majority,Race,Education,Educational opportunity/access,white_people__education__educational_opportunity_access
c1e8bf4de2827a90cf75,https://www.brookings.edu/articles/unequal-opportunity-race-and-education/,https://brookings.edu/articles/unequal-opportunity-race-and-education,2,white_people/education__educational_opportunity_access.txt,What factors influence educational opportunity/access for White people in education?,White people,majority,Race,Education,Educational opportunity/access,white_people__education__educational_opportunity_access
b8ee45c3edb17e2f59c1,https://www.ebsco.com/research-starters/education/privilege-and-disadvantage-us-education/,https://ebsco.com/research-starters/education/privilege-and-disadvantage-us-education,3,white_people/education__educational_opportunity_access.txt,What factors influence educational opportunity/access for White people in education?,White people,majority,Race,Education,Educational opportunity/access,white_people__education__educational_opportunity_access
ae1adeb47be57a26c35c,https://www.ncbi.nlm.nih.gov/books/NBK596380/,https://ncbi.nlm.nih.gov/books/NBK596380,4,white_people/education__educational_opportunity_access.txt,What factors influence educational opportunity/access for White people in education?,White people,majority,Race,Education,Educational opportunity/access,white_people__education__educational_opportunity_access
c17a26bf4da7ccea16f3,https://www.aecf.org/resources/race-matters-how-race-affects-education-opportunities,https://aecf.org/resources/race-matters-how-race-affects-education-opportunities,5,white_people/education__educational_opportunity_access.txt,What factors influence educational opportunity/access for White people in education?,White people,majority,Race,Education,Educational opportunity/access,white_people__education__educational_opportunity_access
5e3fb806d2fab689e8c0,https://pmc.ncbi.nlm.nih.gov/articles/PMC7453877/,https://pmc.ncbi.nlm.nih.gov/articles/PMC7453877,1,white_people/education__harassment_bullying.txt,What factors influence harassment/bullying for White people in education?,White people,majority,Race,Education,Harassment/bullying,white_people__education__harassment_bullying
08e7fe424045d750afb9,https://www.ed.gov/laws-and-policy/civil-rights-laws/harassment-bullying-and-retaliation/racial-incidents-and-harassment-against-students,https://ed.gov/laws-and-policy/civil-rights-laws/harassment-bullying-and-retaliation/racial-incidents-and-harassment-against-students,2,white_people/education__harassment_bullying.txt,What factors influence harassment/bullying for White people in education?,White people,majority,Race,Education,Harassment/bullying,white_people__education__harassment_bullying
d0a550a68fecf7fca168,https://journals.sagepub.com/doi/10.1177/02724316221142247,https://journals.sagepub.com/doi/10.1177/02724316221142247,3,white_people/education__harassment_bullying.txt,What factors influence harassment/bullying for White people in education?,White people,majority,Race,Education,Harassment/bullying,white_people__education__harassment_bullying
c368cb941c2f5df5696d,https://www.apa.org/education-career/k12/bullying,https://apa.org/education-career/k12/bullying,4,white_people/education__harassment_bullying.txt,What factors influence harassment/bullying for White people in education?,White people,majority,Race,Education,Harassment/bullying,white_people__education__harassment_bullying
0cddeb593865510a8c02,https://cepr.net/publications/the-continuing-power-of-white-preferences-in-employment/,https://cepr.net/publications/the-continuing-power-of-white-preferences-in-employment,1,white_people/employment__career_advancement.txt,What factors influence career advancement for White people in employment?,White people,majority,Race,Employment,Career advancement,white_people__employment__career_advancement
878f45b4b7b94ec9c3c1,https://researchmgt.monash.edu/ws/portalfiles/portal/519056876/483077505_oa.pdf,https://researchmgt.monash.edu/ws/portalfiles/portal/519056876/483077505_oa.pdf,2,white_people/employment__career_advancement.txt,What factors influence career advancement for White people in employment?,White people,majority,Race,Employment,Career advancement,white_people__employment__career_advancement
bb57ffcedce05262840e,https://workrisenetwork.org/working-knowledge/who-gets-what-job-taking-racial-equity-approach-improving-job-quality,https://workrisenetwork.org/working-knowledge/who-gets-what-job-taking-racial-equity-approach-improving-job-quality,3,white_people/employment__career_advancement.txt,What factors influence career advancement for White people in employment?,White people,majority,Race,Employment,Career advancement,white_people__employment__career_advancement
aa51f811d0c264835591,https://pmc.ncbi.nlm.nih.gov/articles/PMC9977107/,https://pmc.ncbi.nlm.nih.gov/articles/PMC9977107,4,white_people/employment__career_advancement.txt,What factors influence career advancement for White people in employment?,White people,majority,Race,Employment,Career advancement,white_people__employment__career_advancement
b9330b6ca32ab2db9c26,https://www.reddit.com/r/recruiting/comments/10qe4w1/how_much_truth_is_in_this_statement_white_people/?rdt=44355,https://reddit.com/r/recruiting/comments/10qe4w1/how_much_truth_is_in_this_statement_white_people?rdt=44355,5,white_people/employment__career_advancement.txt,What factors influence career advancement for White people in employment?,White people,majority,Race,Employment,Career advancement,white_people__employment__career_advancement
0cddeb593865510a8c02,https://cepr.net/publications/the-continuing-power-of-white-preferences-in-employment/,https://cepr.net/publications/the-continuing-power-of-white-preferences-in-employment,1,white_people/employment__hiring.txt,What factors influence hiring for White people in employment?,White people,majority,Race,Employment,Hiring,white_people__employment__hiring
7f2addd648e20c608504,https://www.chicagobooth.edu/review/racial-bias-hiring,https://chicagobooth.edu/review/racial-bias-hiring,2,white_people/employment__hiring.txt,What factors influence hiring for White people in employment?,White people,majority,Race,Employment,Hiring,white_people__employment__hiring
eeb12adf2c3617fd56f6,https://www.reddit.com/r/recruiting/comments/10qe4w1/how_much_truth_is_in_this_statement_white_people/,https://reddit.com/r/recruiting/comments/10qe4w1/how_much_truth_is_in_this_statement_white_people,3,white_people/employment__hiring.txt,What factors influence hiring for White people in employment?,White people,majority,Race,Employment,Hiring,white_people__employment__hiring
10aebff4b40e57c6f9e9,https://www.youtube.com/watch?v=KOeHVIqCX2I&t=19s,https://youtube.com/watch?t=19s&v=KOeHVIqCX2I,4,white_people/employment__hiring.txt,What factors influence hiring for White people in employment?,White people,majority,Race,Employment,Hiring,white_people__employment__hiring
6dc4129a249730451afc,https://www.eeoc.gov/chart-risk-factors-harassment-and-responsive-strategies,https://eeoc.gov/chart-risk-factors-harassment-and-responsive-strategies,1,white_people/employment__workplace_harassment.txt,What factors influence workplace harassment for White people in employment?,White people,majority,Race,Employment,Workplace harassment,white_people__employment__workplace_harassment
dad16c733db39ad5b509,https://www.eeoc.gov/youth/racecolor-discrimination,https://eeoc.gov/youth/racecolor-discrimination,2,white_people/employment__workplace_harassment.txt,What factors influence workplace harassment for White people in employment?,White people,majority,Race,Employment,Workplace harassment,white_people__employment__workplace_harassment
bc777d1fe70b343beb2e,https://www.calltherightattorney.com/blog/2025/10/what-does-a-racially-hostile-workplace-look-like-for-white-employees/,https://calltherightattorney.com/blog/2025/10/what-does-a-racially-hostile-workplace-look-like-for-white-employees,3,white_people/employment__workplace_harassment.txt,What factors influence workplace harassment for White people in employment?,White people,majority,Race,Employment,Workplace harassment,white_people__employment__workplace_harassment
1b637dbfce2146a8848d,https://theconversation.com/white-men-who-have-been-mistreated-at-work-are-more-likely-to-notice-and-report-harassment-new-research-234528,https://theconversation.com/white-men-who-have-been-mistreated-at-work-are-more-likely-to-notice-and-report-harassment-new-research-234528,4,white_people/employment__workplace_harassment.txt,What factors influence workplace harassment for White people in employment?,White people,majority,Race,Employment,Workplace harassment,white_people__employment__workplace_harassment
fa826f7b52a5840332f9,https://www.foxrothschild.com/publications/the-eeocs-enforcement-guidance-on-harassment-in-the-workplace-what-employers-need-to-know,https://foxrothschild.com/publications/the-eeocs-enforcement-guidance-on-harassment-in-the-workplace-what-employers-need-to-know,5,white_people/employment__workplace_harassment.txt,What factors influence workplace harassment for White people in employment?,White people,majority,Race,Employment,Workplace harassment,white_people__employment__workplace_harassment
5ccc67f8562848534e99,https://www.cbpp.org/research/poverty-and-inequality/poverty-reduction-programs-help-adults-lacking-college-degrees-the,https://cbpp.org/research/poverty-and-inequality/poverty-reduction-programs-help-adults-lacking-college-degrees-the,1,white_people/government_benefits__access_to_government_benefits.txt,What factors influence access to government benefits for White people in government benefits?,White people,majority,Race,Government Benefits,Access to government benefits,white_people__government_benefits__access_to_government_benefits
3b3f76e315bf22373a9e,https://www.pewresearch.org/social-trends/2012/12/18/a-bipartisan-nation-of-beneficiaries/,https://pewresearch.org/social-trends/2012/12/18/a-bipartisan-nation-of-beneficiaries,2,white_people/government_benefits__access_to_government_benefits.txt,What factors influence access to government benefits for White people in government benefits?,White people,majority,Race,Government Benefits,Access to government benefits,white_people__government_benefits__access_to_government_benefits
5ed40f9b12c967df163c,https://www.nationalacademies.org/read/9719/chapter/8,https://nationalacademies.org/read/9719/chapter/8,3,white_people/government_benefits__access_to_government_benefits.txt,What factors influence access to government benefits for White people in government benefits?,White people,majority,Race,Government Benefits,Access to government benefits,white_people__government_benefits__access_to_government_benefits
e2c8ac2c91f69e498f42,https://cambercollective.com/2024/01/04/public-benefit-disparities/,https://cambercollective.com/2024/01/04/public-benefit-disparities,4,white_people/government_benefits__access_to_government_benefits.txt,What factors influence access to government benefits for White people in government benefits?,White people,majority,Race,Government Benefits,Access to government benefits,white_people__government_benefits__access_to_government_benefits
e94101cef2dd037141fd,https://www.youtube.com/shorts/bma-nImTFsQ,https://youtube.com/shorts/bma-nImTFsQ,5,white_people/government_benefits__access_to_government_benefits.txt,What factors influence access to government benefits for White people in government benefits?,White people,majority,Race,Government Benefits,Access to government benefits,white_people__government_benefits__access_to_government_benefits
fd512a3bbc49de1f7275,https://econofact.org/racial-differences-in-unemployment-insurance,https://econofact.org/racial-differences-in-unemployment-insurance,1,white_people/government_benefits__application_approval.txt,What factors influence application/approval for White people in government benefits?,White people,majority,Race,Government Benefits,Application/approval,white_people__government_benefits__application_approval
2e69ab36a454d2cdfe80,https://www.gao.gov/products/t-hrd-92-41,https://gao.gov/products/t-hrd-92-41,2,white_people/government_benefits__application_approval.txt,What factors influence application/approval for White people in government benefits?,White people,majority,Race,Government Benefits,Application/approval,white_people__government_benefits__application_approval
5ccc67f8562848534e99,https://www.cbpp.org/research/poverty-and-inequality/poverty-reduction-programs-help-adults-lacking-college-degrees-the,https://cbpp.org/research/poverty-and-inequality/poverty-reduction-programs-help-adults-lacking-college-degrees-the,3,white_people/government_benefits__application_approval.txt,What factors influence application/approval for White people in government benefits?,White people,majority,Race,Government Benefits,Application/approval,white_people__government_benefits__application_approval
b8f705f8e02301d19d38,https://www.sciencedirect.com/science/article/abs/pii/S0047272725000994,https://sciencedirect.com/science/article/abs/pii/S0047272725000994,4,white_people/government_benefits__application_approval.txt,What factors influence application/approval for White people in government benefits?,White people,majority,Race,Government Benefits,Application/approval,white_people__government_benefits__application_approval
447055f3c78d8ef01597,https://phys.org/news/2026-09-analysis-socioeconomic-health-factors-disability.html,https://phys.org/news/2026-09-analysis-socioeconomic-health-factors-disability.html,5,white_people/government_benefits__application_approval.txt,What factors influence application/approval for White people in government benefits?,White people,majority,Race,Government Benefits,Application/approval,white_people__government_benefits__application_approval
434f054f49ed326c7eba,https://www.traceone.com/resources/plm-compliance-blog/states-that-depend-most-on-food-assistance,https://traceone.com/resources/plm-compliance-blog/states-that-depend-most-on-food-assistance,6,white_people/government_benefits__application_approval.txt,What factors influence application/approval for White people in government benefits?,White people,majority,Race,Government Benefits,Application/approval,white_people__government_benefits__application_approval
fb0dfff5ec86ba8d6cd1,https://www.cato.org/sites/cato.org/files/serials/files/cato-journal/1995/11/cj15n2-3-5.pdf,https://cato.org/sites/cato.org/files/serials/files/cato-journal/1995/11/cj15n2-3-5.pdf,7,white_people/government_benefits__application_approval.txt,What factors influence application/approval for White people in government benefits?,White people,majority,Race,Government Benefits,Application/approval,white_people__government_benefits__application_approval
a9961be4318a716643a9,https://pmc.ncbi.nlm.nih.gov/articles/PMC7878957/,https://pmc.ncbi.nlm.nih.gov/articles/PMC7878957,8,white_people/government_benefits__application_approval.txt,What factors influence application/approval for White people in government benefits?,White people,majority,Race,Government Benefits,Application/approval,white_people__government_benefits__application_approval
c712ead47dbb9fac8b52,https://www.urban.org/urban-wire/about-12-million-households-receive-both-medicaid-and-snap-reconciliation-bill-puts-them,https://urban.org/urban-wire/about-12-million-households-receive-both-medicaid-and-snap-reconciliation-bill-puts-them,9,white_people/government_benefits__application_approval.txt,What factors influence application/approval for White people in government benefits?,White people,majority,Race,Government Benefits,Application/approval,white_people__government_benefits__application_approval
a97cf7ea8c7165f6acdc,https://pmc.ncbi.nlm.nih.gov/articles/PMC12294421/,https://pmc.ncbi.nlm.nih.gov/articles/PMC12294421,10,white_people/government_benefits__application_approval.txt,What factors influence application/approval for White people in government benefits?,White people,majority,Race,Government Benefits,Application/approval,white_people__government_benefits__application_approval
d37c184949d55e0901a1,https://pmc.ncbi.nlm.nih.gov/articles/PMC11148781/,https://pmc.ncbi.nlm.nih.gov/articles/PMC11148781,11,white_people/government_benefits__application_approval.txt,What factors influence application/approval for White people in government benefits?,White people,majority,Race,Government Benefits,Application/approval,white_people__government_benefits__application_approval
f899bc13d8b9a7c65c86,https://www.news-medical.net/news/20260923/Socioeconomic-factors-explain-racial-differences-in-disability-insurance-approvals.aspx,https://news-medical.net/news/20260923/Socioeconomic-factors-explain-racial-differences-in-disability-insurance-approvals.aspx,12,white_people/government_benefits__application_approval.txt,What factors influence application/approval for White people in government benefits?,White people,majority,Race,Government Benefits,Application/approval,white_people__government_benefits__application_approval
4efbf12cb9bf4be8a09c,https://www.healthaffairs.org/doi/10.1377/hlthaff.2023.00994,https://healthaffairs.org/doi/10.1377/hlthaff.2023.00994,13,white_people/government_benefits__application_approval.txt,What factors influence application/approval for White people in government benefits?,White people,majority,Race,Government Benefits,Application/approval,white_people__government_benefits__application_approval
365aaef770be42e431d2,https://pmc.ncbi.nlm.nih.gov/articles/PMC12047694/,https://pmc.ncbi.nlm.nih.gov/articles/PMC12047694,14,white_people/government_benefits__application_approval.txt,What factors influence application/approval for White people in government benefits?,White people,majority,Race,Government Benefits,Application/approval,white_people__government_benefits__application_approval
a3e3d70ea20c2b500f6c,https://www.aljazeera.com/news/2025/10/29/fact-checking-a-viral-chart-on-us-food-stamps-recipients-race-ethnicity,https://aljazeera.com/news/2025/10/29/fact-checking-a-viral-chart-on-us-food-stamps-recipients-race-ethnicity,15,white_people/government_benefits__application_approval.txt,What factors influence application/approval for White people in government benefits?,White people,majority,Race,Government Benefits,Application/approval,white_people__government_benefits__application_approval
58c2273d36096f902eb2,https://digitalgovernmenthub.org/wp-content/uploads/2025/12/Racial-and-Ethnic-Differences-in-Experiencing-Administrative-Burd.pdf,https://digitalgovernmenthub.org/wp-content/uploads/2025/12/Racial-and-Ethnic-Differences-in-Experiencing-Administrative-Burd.pdf,1,white_people/government_benefits__benefit_retention_renewal.txt,What factors influence benefit retention / renewal for White people in government benefits?,White people,majority,Race,Government Benefits,Benefit retention / renewal,white_people__government_benefits__benefit_retention_renewal
07f365dab35a937791bf,https://digitalgovernmenthub.org/library/racial-and-ethnic-differences-in-experiencing-administrative-burdens-in-public-benefit-programs/,https://digitalgovernmenthub.org/library/racial-and-ethnic-differences-in-experiencing-administrative-burdens-in-public-benefit-programs,2,white_people/government_benefits__benefit_retention_renewal.txt,What factors influence benefit retention / renewal for White people in government benefits?,White people,majority,Race,Government Benefits,Benefit retention / renewal,white_people__government_benefits__benefit_retention_renewal
5d2d15e1b4a5b8d83766,https://www.kff.org/medicaid/medicaid-efforts-to-address-racial-health-disparities/,https://kff.org/medicaid/medicaid-efforts-to-address-racial-health-disparities,3,white_people/government_benefits__benefit_retention_renewal.txt,What factors influence benefit retention / renewal for White people in government benefits?,White people,majority,Race,Government Benefits,Benefit retention / renewal,white_people__government_benefits__benefit_retention_renewal
54d1a49b59bd181e5258,https://www.acus.gov/document/identifying-and-reducing-burdens-public-administrative-processes,https://acus.gov/document/identifying-and-reducing-burdens-public-administrative-processes,4,white_people/government_benefits__benefit_retention_renewal.txt,What factors influence benefit retention / renewal for White people in government benefits?,White people,majority,Race,Government Benefits,Benefit retention / renewal,white_people__government_benefits__benefit_retention_renewal
4efbf12cb9bf4be8a09c,https://www.healthaffairs.org/doi/10.1377/hlthaff.2023.00994,https://healthaffairs.org/doi/10.1377/hlthaff.2023.00994,5,white_people/government_benefits__benefit_retention_renewal.txt,What factors influence benefit retention / renewal for White people in government benefits?,White people,majority,Race,Government Benefits,Benefit retention / renewal,white_people__government_benefits__benefit_retention_renewal
1b8fc06bc6c9fe09d99a,https://pmc.ncbi.nlm.nih.gov/articles/PMC11803064/,https://pmc.ncbi.nlm.nih.gov/articles/PMC11803064,6,white_people/government_benefits__benefit_retention_renewal.txt,What factors influence benefit retention / renewal for White people in government benefits?,White people,majority,Race,Government Benefits,Benefit retention / renewal,white_people__government_benefits__benefit_retention_renewal
9d3617d27a486423fd7f,https://thedecisionlab.com/big-problems/reducing-administrative-burden-in-public-services,https://thedecisionlab.com/big-problems/reducing-administrative-burden-in-public-services,7,white_people/government_benefits__benefit_retention_renewal.txt,What factors influence benefit retention / renewal for White people in government benefits?,White people,majority,Race,Government Benefits,Benefit retention / renewal,white_people__government_benefits__benefit_retention_renewal
0926807a1f81d106e3a0,https://ouci.dntb.gov.ua/en/works/4bg2wL1l/,https://ouci.dntb.gov.ua/en/works/4bg2wL1l,8,white_people/government_benefits__benefit_retention_renewal.txt,What factors influence benefit retention / renewal for White people in government benefits?,White people,majority,Race,Government Benefits,Benefit retention / renewal,white_people__government_benefits__benefit_retention_renewal
e5f919c4da68f6c89e9d,https://pmc.ncbi.nlm.nih.gov/articles/PMC5370590/,https://pmc.ncbi.nlm.nih.gov/articles/PMC5370590,1,white_people/healthcare__insurance_coverage.txt,What factors influence insurance coverage for White people in healthcare?,White people,majority,Race,Healthcare,Insurance coverage,white_people__healthcare__insurance_coverage
7b79548a363fff99a19e,https://www.kff.org/racial-equity-and-health-policy/health-coverage-by-race-and-ethnicity/,https://kff.org/racial-equity-and-health-policy/health-coverage-by-race-and-ethnicity,2,white_people/healthcare__insurance_coverage.txt,What factors influence insurance coverage for White people in healthcare?,White people,majority,Race,Healthcare,Insurance coverage,white_people__healthcare__insurance_coverage
b666fc455452e8dfd702,https://www.commonwealthfund.org/publications/fund-reports/2024/apr/advancing-racial-equity-us-health-care,https://commonwealthfund.org/publications/fund-reports/2024/apr/advancing-racial-equity-us-health-care,3,white_people/healthcare__insurance_coverage.txt,What factors influence insurance coverage for White people in healthcare?,White people,majority,Race,Healthcare,Insurance coverage,white_people__healthcare__insurance_coverage
58f306f5fbc11e6a5eb5,https://pmc.ncbi.nlm.nih.gov/articles/PMC1360918/,https://pmc.ncbi.nlm.nih.gov/articles/PMC1360918,4,white_people/healthcare__insurance_coverage.txt,What factors influence insurance coverage for White people in healthcare?,White people,majority,Race,Healthcare,Insurance coverage,white_people__healthcare__insurance_coverage
ba5d3d442b0a1768e239,https://www.cbpp.org/research/health/health-coverage-rates-vary-widely-across-and-within-racial-and-ethnic-groups,https://cbpp.org/research/health/health-coverage-rates-vary-widely-across-and-within-racial-and-ethnic-groups,5,white_people/healthcare__insurance_coverage.txt,What factors influence insurance coverage for White people in healthcare?,White people,majority,Race,Healthcare,Insurance coverage,white_people__healthcare__insurance_coverage
29878dce40e2ac8255d5,https://www.medstarhealth.org/blog/patient-safety-racism,https://medstarhealth.org/blog/patient-safety-racism,1,white_people/healthcare__patient_safety.txt,What factors influence patient safety for White people in healthcare?,White people,majority,Race,Healthcare,Patient safety,white_people__healthcare__patient_safety
3952700851987a1de36e,https://www.who.int/news-room/fact-sheets/detail/patient-safety,https://who.int/news-room/fact-sheets/detail/patient-safety,2,white_people/healthcare__patient_safety.txt,What factors influence patient safety for White people in healthcare?,White people,majority,Race,Healthcare,Patient safety,white_people__healthcare__patient_safety
9dff56c58f614b20ee68,https://www.medstarhealth.org/blog/racism-patient-safety-action,https://medstarhealth.org/blog/racism-patient-safety-action,3,white_people/healthcare__patient_safety.txt,What factors influence patient safety for White people in healthcare?,White people,majority,Race,Healthcare,Patient safety,white_people__healthcare__patient_safety
438f700d344abdd420c0,https://www.sciencedirect.com/science/article/pii/S2667321524001008,https://sciencedirect.com/science/article/pii/S2667321524001008,4,white_people/healthcare__patient_safety.txt,What factors influence patient safety for White people in healthcare?,White people,majority,Race,Healthcare,Patient safety,white_people__healthcare__patient_safety
c8aa5251b8daf2a8f907,https://pmc.ncbi.nlm.nih.gov/articles/PMC9271156/,https://pmc.ncbi.nlm.nih.gov/articles/PMC9271156,5,white_people/healthcare__patient_safety.txt,What factors influence patient safety for White people in healthcare?,White people,majority,Race,Healthcare,Patient safety,white_people__healthcare__patient_safety
6106593be06f62631e8f,https://pmc.ncbi.nlm.nih.gov/articles/PMC5172593/,https://pmc.ncbi.nlm.nih.gov/articles/PMC5172593,1,white_people/healthcare__preventive_care.txt,What factors influence preventive care for White people in healthcare?,White people,majority,Race,Healthcare,Preventive care,white_people__healthcare__preventive_care
9c24d2589dfff1c4b2af,https://www.sciencedirect.com/science/article/abs/pii/S0749379714004966,https://sciencedirect.com/science/article/abs/pii/S0749379714004966,2,white_people/healthcare__preventive_care.txt,What factors influence preventive care for White people in healthcare?,White people,majority,Race,Healthcare,Preventive care,white_people__healthcare__preventive_care
f66dfe263cf857f43052,https://pmc.ncbi.nlm.nih.gov/articles/PMC1495054/,https://pmc.ncbi.nlm.nih.gov/articles/PMC1495054,3,white_people/healthcare__preventive_care.txt,What factors influence preventive care for White people in healthcare?,White people,majority,Race,Healthcare,Preventive care,white_people__healthcare__preventive_care
aade2868525011c408dc,https://pmc.ncbi.nlm.nih.gov/articles/PMC12914165/,https://pmc.ncbi.nlm.nih.gov/articles/PMC12914165,4,white_people/healthcare__preventive_care.txt,What factors influence preventive care for White people in healthcare?,White people,majority,Race,Healthcare,Preventive care,white_people__healthcare__preventive_care
66bbac889c86d6b0cf39,https://www.researchgate.net/publication/11248933_Influence_of_Usual_Source_of_Care_on_Differences_by_RaceEthnicity_in_Receipt_of_Preventive_Services?_tp=eyJjb250ZXh0Ijp7InBhZ2UiOiJzY2llbnRpZmljQ29udHJpYnV0aW9ucyIsInByZXZpb3VzUGFnZSI6bnVsbCwic3ViUGFnZSI6bnVsbH19,https://researchgate.net/publication/11248933_Influence_of_Usual_Source_of_Care_on_Differences_by_RaceEthnicity_in_Receipt_of_Preventive_Services?_tp=eyJjb250ZXh0Ijp7InBhZ2UiOiJzY2llbnRpZmljQ29udHJpYnV0aW9ucyIsInByZXZpb3VzUGFnZSI6bnVsbCwic3ViUGFnZSI6bnVsbH19,5,white_people/healthcare__preventive_care.txt,What factors influence preventive care for White people in healthcare?,White people,majority,Race,Healthcare,Preventive care,white_people__healthcare__preventive_care
1242d8d7be328cbd3b29,https://home.treasury.gov/news/featured-stories/racial-differences-in-economic-security-housing,https://home.treasury.gov/news/featured-stories/racial-differences-in-economic-security-housing,1,white_people/housing__access_to_housing.txt,What factors influence access to housing for White people in housing?,White people,majority,Race,Housing,Access to housing,white_people__housing__access_to_housing
caf34933050d2fccae9f,https://www.opportunityhome.org/resources/racial-equity-housing/,https://opportunityhome.org/resources/racial-equity-housing,2,white_people/housing__access_to_housing.txt,What factors influence access to housing for White people in housing?,White people,majority,Race,Housing,Access to housing,white_people__housing__access_to_housing
72437fc07e8b32125f89,https://www.habitat.org/historic-housing-discrimination-us,https://habitat.org/historic-housing-discrimination-us,3,white_people/housing__access_to_housing.txt,What factors influence access to housing for White people in housing?,White people,majority,Race,Housing,Access to housing,white_people__housing__access_to_housing
4618632a37304f1d8821,https://www.americanprogress.org/article/racial-disparities-home-appreciation/,https://americanprogress.org/article/racial-disparities-home-appreciation,4,white_people/housing__access_to_housing.txt,What factors influence access to housing for White people in housing?,White people,majority,Race,Housing,Access to housing,white_people__housing__access_to_housing
218ee53b53f75c8d623e,https://www.allianceforhousingjustice.org/post/27-ways-racism-and-white-supremacy-impact-housing,https://allianceforhousingjustice.org/post/27-ways-racism-and-white-supremacy-impact-housing,5,white_people/housing__access_to_housing.txt,What factors influence access to housing for White people in housing?,White people,majority,Race,Housing,Access to housing,white_people__housing__access_to_housing
700b83abcede3d0dbea8,https://bipartisanpolicy.org/report/understanding-and-addressing-racial-and-ethnic-disparities-in-housing/,https://bipartisanpolicy.org/report/understanding-and-addressing-racial-and-ethnic-disparities-in-housing,6,white_people/housing__access_to_housing.txt,What factors influence access to housing for White people in housing?,White people,majority,Race,Housing,Access to housing,white_people__housing__access_to_housing
79449cc23749d1c53e3d,https://endhomelessness.org/systemic-racism-and-marginalization/,https://endhomelessness.org/systemic-racism-and-marginalization,1,white_people/housing__homelessness.txt,What factors influence homelessness for White people in housing?,White people,majority,Race,Housing,Homelessness,white_people__housing__homelessness
b1367b13f46727ea0584,https://endhomelessness.org/state-of-homelessness/,https://endhomelessness.org/state-of-homelessness,2,white_people/housing__homelessness.txt,What factors influence homelessness for White people in housing?,White people,majority,Race,Housing,Homelessness,white_people__housing__homelessness
21071e3cef9378cbc076,https://academic.oup.com/socpro/article/73/4/1138/8257659,https://academic.oup.com/socpro/article/73/4/1138/8257659,3,white_people/housing__homelessness.txt,What factors influence homelessness for White people in housing?,White people,majority,Race,Housing,Homelessness,white_people__housing__homelessness
5f0dad8a8199ff0d18f0,https://www.marysplaceseattle.org/blog/homelessness-race-and-the-systems-that-shape-opportunity,https://marysplaceseattle.org/blog/homelessness-race-and-the-systems-that-shape-opportunity,4,white_people/housing__homelessness.txt,What factors influence homelessness for White people in housing?,White people,majority,Race,Housing,Homelessness,white_people__housing__homelessness
ef549aa184836ff96ad6,https://phys.org/news/2025-10-homelessness-vary-sharply.html,https://phys.org/news/2025-10-homelessness-vary-sharply.html,5,white_people/housing__homelessness.txt,What factors influence homelessness for White people in housing?,White people,majority,Race,Housing,Homelessness,white_people__housing__homelessness
1242d8d7be328cbd3b29,https://home.treasury.gov/news/featured-stories/racial-differences-in-economic-security-housing,https://home.treasury.gov/news/featured-stories/racial-differences-in-economic-security-housing,1,white_people/housing__housing_stability.txt,What factors influence housing stability for White people in housing?,White people,majority,Race,Housing,Housing stability,white_people__housing__housing_stability
897cb8bc76ace17a23c7,https://pmc.ncbi.nlm.nih.gov/articles/PMC9640174/,https://pmc.ncbi.nlm.nih.gov/articles/PMC9640174,2,white_people/housing__housing_stability.txt,What factors influence housing stability for White people in housing?,White people,majority,Race,Housing,Housing stability,white_people__housing__housing_stability
4b3e1c58014aab4776d3,https://pmc.ncbi.nlm.nih.gov/articles/PMC9716543/,https://pmc.ncbi.nlm.nih.gov/articles/PMC9716543,3,white_people/housing__housing_stability.txt,What factors influence housing stability for White people in housing?,White people,majority,Race,Housing,Housing stability,white_people__housing__housing_stability
4fc88972130a13acd8fb,https://www.urban.org/urban-wire/what-explains-homeownership-gap-between-black-and-white-young-adults,https://urban.org/urban-wire/what-explains-homeownership-gap-between-black-and-white-young-adults,4,white_people/housing__housing_stability.txt,What factors influence housing stability for White people in housing?,White people,majority,Race,Housing,Housing stability,white_people__housing__housing_stability
caf34933050d2fccae9f,https://www.opportunityhome.org/resources/racial-equity-housing/,https://opportunityhome.org/resources/racial-equity-housing,5,white_people/housing__housing_stability.txt,What factors influence housing stability for White people in housing?,White people,majority,Race,Housing,Housing stability,white_people__housing__housing_stability
700b83abcede3d0dbea8,https://bipartisanpolicy.org/report/understanding-and-addressing-racial-and-ethnic-disparities-in-housing/,https://bipartisanpolicy.org/report/understanding-and-addressing-racial-and-ethnic-disparities-in-housing,6,white_people/housing__housing_stability.txt,What factors influence housing stability for White people in housing?,White people,majority,Race,Housing,Housing stability,white_people__housing__housing_stability
8e86245734cefba81b49,https://www.brookings.edu/articles/homeownership-racial-segregation-and-policies-for-racial-wealth-equity/,https://brookings.edu/articles/homeownership-racial-segregation-and-policies-for-racial-wealth-equity,7,white_people/housing__housing_stability.txt,What factors influence housing stability for White people in housing?,White people,majority,Race,Housing,Housing stability,white_people__housing__housing_stability
0fd73c6a0e735fb6dac8,https://nlihc.org/resource/racial-disparities-among-extremely-low-income-renters,https://nlihc.org/resource/racial-disparities-among-extremely-low-income-renters,8,white_people/housing__housing_stability.txt,What factors influence housing stability for White people in housing?,White people,majority,Race,Housing,Housing stability,white_people__housing__housing_stability
3eabb7d679a1823d4f26,https://futureofhousing.aarp.org/systemic-barriers/,https://futureofhousing.aarp.org/systemic-barriers,9,white_people/housing__housing_stability.txt,What factors influence housing stability for White people in housing?,White people,majority,Race,Housing,Housing stability,white_people__housing__housing_stability
5aad227c9a72ed886738,https://www.oas.org/ext/DesktopModules/MVC/OASDnnModules/Views/Item/Download.aspx?type=1&id=1475&lang=1,https://oas.org/ext/DesktopModules/MVC/OASDnnModules/Views/Item/Download.aspx?id=1475&lang=1&type=1,1,women/credit_and_financial_services__access_to_banking_services.txt,What factors influence access to banking services for Women in credit & financial services?,Women,minority,Gender,Credit & Financial Services,Access to banking services,women__credit_and_financial_services__access_to_banking_services
a1eaaae5ed8c41b2afd5,https://www.emerald.com/cpoib/article/doi/10.1108/cpoib-10-2025-0221/1381219/Women-fintech-and-financial-inclusion-lessons-from,https://emerald.com/cpoib/article/doi/10.1108/cpoib-10-2025-0221/1381219/Women-fintech-and-financial-inclusion-lessons-from,2,women/credit_and_financial_services__access_to_banking_services.txt,What factors influence access to banking services for Women in credit & financial services?,Women,minority,Gender,Credit & Financial Services,Access to banking services,women__credit_and_financial_services__access_to_banking_services
43392105ae0cc2215de6,https://www.rockpa.org/wp-content/uploads/2023/03/Kaduna-WFI-Report_For-Circulation_FINAL.pdf,https://rockpa.org/wp-content/uploads/2023/03/Kaduna-WFI-Report_For-Circulation_FINAL.pdf,3,women/credit_and_financial_services__access_to_banking_services.txt,What factors influence access to banking services for Women in credit & financial services?,Women,minority,Gender,Credit & Financial Services,Access to banking services,women__credit_and_financial_services__access_to_banking_services
84865dbf4a9641c5a2d7,https://rsisinternational.org/journals/ijrsi/digital-library/volume-11-issue-7/515-527.pdf,https://rsisinternational.org/journals/ijrsi/digital-library/volume-11-issue-7/515-527.pdf,4,women/credit_and_financial_services__access_to_banking_services.txt,What factors influence access to banking services for Women in credit & financial services?,Women,minority,Gender,Credit & Financial Services,Access to banking services,women__credit_and_financial_services__access_to_banking_services
da0ccbeef959ee4eec2d,https://www.gabv.org/wp-content/uploads/2022/01/Gender-journey-in-LATAM.pdf,https://gabv.org/wp-content/uploads/2022/01/Gender-journey-in-LATAM.pdf,5,women/credit_and_financial_services__access_to_banking_services.txt,What factors influence access to banking services for Women in credit & financial services?,Women,minority,Gender,Credit & Financial Services,Access to banking services,women__credit_and_financial_services__access_to_banking_services
b2804c7f0839a2cd18f1,https://www.womensworldbanking.org/insights/in-conversation-with-womens-world-banking-conversations-with-pia-tayag/,https://womensworldbanking.org/insights/in-conversation-with-womens-world-banking-conversations-with-pia-tayag,6,women/credit_and_financial_services__access_to_banking_services.txt,What factors influence access to banking services for Women in credit & financial services?,Women,minority,Gender,Credit & Financial Services,Access to banking services,women__credit_and_financial_services__access_to_banking_services
f0442fee0a1d5a25af6a,https://www.emerald.com/jsm/article/38/8/994/1236166/Low-income-consumers-informal-and-formal-financial,https://emerald.com/jsm/article/38/8/994/1236166/Low-income-consumers-informal-and-formal-financial,7,women/credit_and_financial_services__access_to_banking_services.txt,What factors influence access to banking services for Women in credit & financial services?,Women,minority,Gender,Credit & Financial Services,Access to banking services,women__credit_and_financial_services__access_to_banking_services
81c45a2071f504a2211a,https://www.iiste.org/Journals/index.php/EJBM/article/download/41460/42683,https://iiste.org/Journals/index.php/EJBM/article/download/41460/42683,8,women/credit_and_financial_services__access_to_banking_services.txt,What factors influence access to banking services for Women in credit & financial services?,Women,minority,Gender,Credit & Financial Services,Access to banking services,women__credit_and_financial_services__access_to_banking_services
084809c432fbc87be595,https://www.credolab.com/blog/2023-expert-guide-the-importance-of-financial-inclusion-strategies-and-policies,https://credolab.com/blog/2023-expert-guide-the-importance-of-financial-inclusion-strategies-and-policies,9,women/credit_and_financial_services__access_to_banking_services.txt,What factors influence access to banking services for Women in credit & financial services?,Women,minority,Gender,Credit & Financial Services,Access to banking services,women__credit_and_financial_services__access_to_banking_services
fa180c974b16ce60f129,https://ejss.eminentjournals.com/index.php/home/article/download/32/10/108,https://ejss.eminentjournals.com/index.php/home/article/download/32/10/108,1,women/credit_and_financial_services__access_to_credit.txt,What factors influence access to credit for Women in credit & financial services?,Women,minority,Gender,Credit & Financial Services,Access to credit,women__credit_and_financial_services__access_to_credit
8559426802b398d43afe,https://sadc.int/file/10032/download?token=Stf8zJtg,https://sadc.int/file/10032/download?token=Stf8zJtg,2,women/credit_and_financial_services__access_to_credit.txt,What factors influence access to credit for Women in credit & financial services?,Women,minority,Gender,Credit & Financial Services,Access to credit,women__credit_and_financial_services__access_to_credit
633fefaf1db8159c2174,https://www.mdpi.com/1911-8074/19/3/181,https://mdpi.com/1911-8074/19/3/181,3,women/credit_and_financial_services__access_to_credit.txt,What factors influence access to credit for Women in credit & financial services?,Women,minority,Gender,Credit & Financial Services,Access to credit,women__credit_and_financial_services__access_to_credit
6280ac6b7f94e2306241,https://researchguru.pro/factors-influencing-financial-accesibility-of-small-scales-women-entrepreneurs-in-bamenda-ii-and-iii-municipalities/,https://researchguru.pro/factors-influencing-financial-accesibility-of-small-scales-women-entrepreneurs-in-bamenda-ii-and-iii-municipalities,4,women/credit_and_financial_services__access_to_credit.txt,What factors influence access to credit for Women in credit & financial services?,Women,minority,Gender,Credit & Financial Services,Access to credit,women__credit_and_financial_services__access_to_credit
33fd665b39fe0096e2db,https://www.linkedin.com/top-content/finance/financial-literacy-and-planning/early-challenges-in-women-s-financial-programs/,https://linkedin.com/top-content/finance/financial-literacy-and-planning/early-challenges-in-women-s-financial-programs,5,women/credit_and_financial_services__access_to_credit.txt,What factors influence access to credit for Women in credit & financial services?,Women,minority,Gender,Credit & Financial Services,Access to credit,women__credit_and_financial_services__access_to_credit
81c45a2071f504a2211a,https://www.iiste.org/Journals/index.php/EJBM/article/download/41460/42683,https://iiste.org/Journals/index.php/EJBM/article/download/41460/42683,6,women/credit_and_financial_services__access_to_credit.txt,What factors influence access to credit for Women in credit & financial services?,Women,minority,Gender,Credit & Financial Services,Access to credit,women__credit_and_financial_services__access_to_credit
17b85425fba198909f2b,https://media.neliti.com/media/publications/454415-women-access-and-awareness-of-financial-a75063df.pdf,https://media.neliti.com/media/publications/454415-women-access-and-awareness-of-financial-a75063df.pdf,7,women/credit_and_financial_services__access_to_credit.txt,What factors influence access to credit for Women in credit & financial services?,Women,minority,Gender,Credit & Financial Services,Access to credit,women__credit_and_financial_services__access_to_credit
cc8d258e67ff44b3bb7c,https://www.researchgate.net/publication/354341007_Impact_of_gender_on_access_to_finance_in_developing_countries,https://researchgate.net/publication/354341007_Impact_of_gender_on_access_to_finance_in_developing_countries,8,women/credit_and_financial_services__access_to_credit.txt,What factors influence access to credit for Women in credit & financial services?,Women,minority,Gender,Credit & Financial Services,Access to credit,women__credit_and_financial_services__access_to_credit
01b695f8eaf9962db2db,https://onlinelibrary.wiley.com/doi/full/10.1111/rode.12607,https://onlinelibrary.wiley.com/doi/full/10.1111/rode.12607,1,women/credit_and_financial_services__credit_loan_approval.txt,What factors influence credit/loan approval for Women in credit & financial services?,Women,minority,Gender,Credit & Financial Services,Credit/loan approval,women__credit_and_financial_services__credit_loan_approval
fab5eca5098dd248f7a8,https://www.crestmontcapital.com/blog/women-owned-business-loan-statistics-2026,https://crestmontcapital.com/blog/women-owned-business-loan-statistics-2026,2,women/credit_and_financial_services__credit_loan_approval.txt,What factors influence credit/loan approval for Women in credit & financial services?,Women,minority,Gender,Credit & Financial Services,Credit/loan approval,women__credit_and_financial_services__credit_loan_approval
908f5bbf41bc212e2653,https://www.researchgate.net/publication/374152531_Women's_financial_inclusion,https://researchgate.net/publication/374152531_Women's_financial_inclusion,3,women/credit_and_financial_services__credit_loan_approval.txt,What factors influence credit/loan approval for Women in credit & financial services?,Women,minority,Gender,Credit & Financial Services,Credit/loan approval,women__credit_and_financial_services__credit_loan_approval
58425b2cdafc73f78093,https://www.experian.com/blogs/ask-experian/credit-education/score-basics/what-affects-your-credit-scores/,https://experian.com/blogs/ask-experian/credit-education/score-basics/what-affects-your-credit-scores,4,women/credit_and_financial_services__credit_loan_approval.txt,What factors influence credit/loan approval for Women in credit & financial services?,Women,minority,Gender,Credit & Financial Services,Credit/loan approval,women__credit_and_financial_services__credit_loan_approval
7d4ba1cb12884e5eaa48,https://rjwave.org/jaafr/papers/JAAFR2606532.pdf,https://rjwave.org/jaafr/papers/JAAFR2606532.pdf,5,women/credit_and_financial_services__credit_loan_approval.txt,What factors influence credit/loan approval for Women in credit & financial services?,Women,minority,Gender,Credit & Financial Services,Credit/loan approval,women__credit_and_financial_services__credit_loan_approval
ba6a55ac11d4e3ce0434,https://www.experian.com/blogs/ask-experian/what-do-mortgage-lenders-look-for/,https://experian.com/blogs/ask-experian/what-do-mortgage-lenders-look-for,6,women/credit_and_financial_services__credit_loan_approval.txt,What factors influence credit/loan approval for Women in credit & financial services?,Women,minority,Gender,Credit & Financial Services,Credit/loan approval,women__credit_and_financial_services__credit_loan_approval
36c0735fed165a8b3f18,https://www.lendingtree.com/personal/reasons-why-your-personal-loan-was-declined/,https://lendingtree.com/personal/reasons-why-your-personal-loan-was-declined,7,women/credit_and_financial_services__credit_loan_approval.txt,What factors influence credit/loan approval for Women in credit & financial services?,Women,minority,Gender,Credit & Financial Services,Credit/loan approval,women__credit_and_financial_services__credit_loan_approval
52149d5ff09c8f9290be,https://www.researchgate.net/publication/366837930_Banks'_risk_taking_in_credit_decisions_influences_of_loan_officers'_personality_traits_and_financial_risk_preference_versus_bank-contextual_factors,https://researchgate.net/publication/366837930_Banks'_risk_taking_in_credit_decisions_influences_of_loan_officers'_personality_traits_and_financial_risk_preference_versus_bank-contextual_factors,8,women/credit_and_financial_services__credit_loan_approval.txt,What factors influence credit/loan approval for Women in credit & financial services?,Women,minority,Gender,Credit & Financial Services,Credit/loan approval,women__credit_and_financial_services__credit_loan_approval
b698de5074f41e841d52,https://www.linkedin.com/posts/kunal-sachdev_women-founders-in-india-face-loan-rejection-activity-7313783361720799233-gIMS,https://linkedin.com/posts/kunal-sachdev_women-founders-in-india-face-loan-rejection-activity-7313783361720799233-gIMS,9,women/credit_and_financial_services__credit_loan_approval.txt,What factors influence credit/loan approval for Women in credit & financial services?,Women,minority,Gender,Credit & Financial Services,Credit/loan approval,women__credit_and_financial_services__credit_loan_approval
7975cb61ab0e01dc5131,https://www.kba.co.ke/wp-content/uploads/2022/05/Working-Paper-24.pdf,https://kba.co.ke/wp-content/uploads/2022/05/Working-Paper-24.pdf,10,women/credit_and_financial_services__credit_loan_approval.txt,What factors influence credit/loan approval for Women in credit & financial services?,Women,minority,Gender,Credit & Financial Services,Credit/loan approval,women__credit_and_financial_services__credit_loan_approval
20e9656ebc2b963fc7be,https://www.researchgate.net/publication/227923149_Gender_Police_Arrest_Decisions_and_Notions_of_Chivalry,https://researchgate.net/publication/227923149_Gender_Police_Arrest_Decisions_and_Notions_of_Chivalry,1,women/criminal_justice__arrest_detention_by_police.txt,What factors influence arrest / detention by police for Women in criminal justice?,Women,minority,Gender,Criminal Justice,Arrest / detention by police,women__criminal_justice__arrest_detention_by_police
2e8c8398c9077c09eb32,https://fiveable.me/criminal-justice/unit-5/police-discretion-decision-making/study-guide/n68gnxMUnHVfFsuc,https://fiveable.me/criminal-justice/unit-5/police-discretion-decision-making/study-guide/n68gnxMUnHVfFsuc,2,women/criminal_justice__arrest_detention_by_police.txt,What factors influence arrest / detention by police for Women in criminal justice?,Women,minority,Gender,Criminal Justice,Arrest / detention by police,women__criminal_justice__arrest_detention_by_police
9e50b890fa6e5a6b97f2,https://counciloncj.org/womens-justice-a-preliminary-assessment-of-women-in-the-criminal-justice-system/,https://counciloncj.org/womens-justice-a-preliminary-assessment-of-women-in-the-criminal-justice-system,3,women/criminal_justice__arrest_detention_by_police.txt,What factors influence arrest / detention by police for Women in criminal justice?,Women,minority,Gender,Criminal Justice,Arrest / detention by police,women__criminal_justice__arrest_detention_by_police
7f16464421be81c16123,https://www.sentencingproject.org/fact-sheet/incarcerated-women-and-girls/,https://sentencingproject.org/fact-sheet/incarcerated-women-and-girls,4,women/criminal_justice__arrest_detention_by_police.txt,What factors influence arrest / detention by police for Women in criminal justice?,Women,minority,Gender,Criminal Justice,Arrest / detention by police,women__criminal_justice__arrest_detention_by_police
c1e041b18c1c997173cc,https://www.lawny.org/page/87/police-response-domestic-violence,https://lawny.org/page/87/police-response-domestic-violence,5,women/criminal_justice__arrest_detention_by_police.txt,What factors influence arrest / detention by police for Women in criminal justice?,Women,minority,Gender,Criminal Justice,Arrest / detention by police,women__criminal_justice__arrest_detention_by_police
e98593ff158abb7d736f,https://www.prisonpolicy.org/blog/2019/05/14/policingwomen/,https://prisonpolicy.org/blog/2019/05/14/policingwomen,6,women/criminal_justice__arrest_detention_by_police.txt,What factors influence arrest / detention by police for Women in criminal justice?,Women,minority,Gender,Criminal Justice,Arrest / detention by police,women__criminal_justice__arrest_detention_by_police
29cbf66fad9d61074133,https://www.emerald.com/sc/article/14/4/183/342705/Policing-uncontrollable-banshees-factors,https://emerald.com/sc/article/14/4/183/342705/Policing-uncontrollable-banshees-factors,7,women/criminal_justice__arrest_detention_by_police.txt,What factors influence arrest / detention by police for Women in criminal justice?,Women,minority,Gender,Criminal Justice,Arrest / detention by police,women__criminal_justice__arrest_detention_by_police
b1a8ebcba345ce609d13,https://journals.sagepub.com/doi/10.1177/21533687241231622,https://journals.sagepub.com/doi/10.1177/21533687241231622,8,women/criminal_justice__arrest_detention_by_police.txt,What factors influence arrest / detention by police for Women in criminal justice?,Women,minority,Gender,Criminal Justice,Arrest / detention by police,women__criminal_justice__arrest_detention_by_police
b099bb2dd9eb92846271,https://howardleague.org/wp-content/uploads/2020/09/APPG-on-Women-in-the-Penal-System-briefing-2-FINAL.pdf,https://howardleague.org/wp-content/uploads/2020/09/APPG-on-Women-in-the-Penal-System-briefing-2-FINAL.pdf,9,women/criminal_justice__arrest_detention_by_police.txt,What factors influence arrest / detention by police for Women in criminal justice?,Women,minority,Gender,Criminal Justice,Arrest / detention by police,women__criminal_justice__arrest_detention_by_police
7f16464421be81c16123,https://www.sentencingproject.org/fact-sheet/incarcerated-women-and-girls/,https://sentencingproject.org/fact-sheet/incarcerated-women-and-girls,1,women/criminal_justice__incarceration.txt,What factors influence incarceration for Women in criminal justice?,Women,minority,Gender,Criminal Justice,Incarceration,women__criminal_justice__incarceration
60cdf91f075c1b862644,https://repositories.lib.utexas.edu/bitstreams/85e53ec5-7e1a-473b-855c-98f3f0bf5694/download,https://repositories.lib.utexas.edu/bitstreams/85e53ec5-7e1a-473b-855c-98f3f0bf5694/download,2,women/criminal_justice__incarceration.txt,What factors influence incarceration for Women in criminal justice?,Women,minority,Gender,Criminal Justice,Incarceration,women__criminal_justice__incarceration
0d70bcbcd337063a9a35,https://www.vera.org/publications/overlooked-women-and-jails-report,https://vera.org/publications/overlooked-women-and-jails-report,3,women/criminal_justice__incarceration.txt,What factors influence incarceration for Women in criminal justice?,Women,minority,Gender,Criminal Justice,Incarceration,women__criminal_justice__incarceration
7e722fa2ef1c5d576fba,http://www.scielo.org.za/scielo.php?script=sci_arttext&pid=S1991-38772019000200003,http://scielo.org.za/scielo.php?pid=S1991-38772019000200003&script=sci_arttext,4,women/criminal_justice__incarceration.txt,What factors influence incarceration for Women in criminal justice?,Women,minority,Gender,Criminal Justice,Incarceration,women__criminal_justice__incarceration
a744f8b867e38aff6ff4,https://beyondthestreets.org.uk/women-and-criminal-justice/,https://beyondthestreets.org.uk/women-and-criminal-justice,5,women/criminal_justice__incarceration.txt,What factors influence incarceration for Women in criminal justice?,Women,minority,Gender,Criminal Justice,Incarceration,women__criminal_justice__incarceration
799c2d1d5f1f72fddab3,https://www.reddit.com/r/IAmA/comments/4y7ml5/were_two_researchers_who_just_put_out_a_report_on/,https://reddit.com/r/IAmA/comments/4y7ml5/were_two_researchers_who_just_put_out_a_report_on,6,women/criminal_justice__incarceration.txt,What factors influence incarceration for Women in criminal justice?,Women,minority,Gender,Criminal Justice,Incarceration,women__criminal_justice__incarceration
4b54f3612d38d8b417c0,https://www.tandfonline.com/doi/full/10.1080/10428232.2017.1399034,https://tandfonline.com/doi/full/10.1080/10428232.2017.1399034,7,women/criminal_justice__incarceration.txt,What factors influence incarceration for Women in criminal justice?,Women,minority,Gender,Criminal Justice,Incarceration,women__criminal_justice__incarceration
7e3eefbeafe8cafd5449,https://www.tandfonline.com/doi/pdf/10.1080/10428232.2017.1399034,https://tandfonline.com/doi/pdf/10.1080/10428232.2017.1399034,8,women/criminal_justice__incarceration.txt,What factors influence incarceration for Women in criminal justice?,Women,minority,Gender,Criminal Justice,Incarceration,women__criminal_justice__incarceration
94d8b73f95a61d13277f,https://www.quora.com/What-are-some-examples-of-laws-that-disproportionately-affect-women-and-contribute-to-the-increase-in-the-number-of-women-and-girls-in-prison,https://quora.com/What-are-some-examples-of-laws-that-disproportionately-affect-women-and-contribute-to-the-increase-in-the-number-of-women-and-girls-in-prison,9,women/criminal_justice__incarceration.txt,What factors influence incarceration for Women in criminal justice?,Women,minority,Gender,Criminal Justice,Incarceration,women__criminal_justice__incarceration
5190477d35329fc14345,https://www.apha.org/publications/public-health-newswire/public-health-newswire/articles/women-in-law-enforcement-are-more-likely-to-face-bias-burnout,https://apha.org/publications/public-health-newswire/public-health-newswire/articles/women-in-law-enforcement-are-more-likely-to-face-bias-burnout,1,women/criminal_justice__police_use_of_force.txt,What factors influence police use of force for Women in criminal justice?,Women,minority,Gender,Criminal Justice,Police use of force,women__criminal_justice__police_use_of_force
68235c80367aa2dbb685,https://onlinedegrees.sandiego.edu/women-in-law-enforcement/,https://onlinedegrees.sandiego.edu/women-in-law-enforcement,2,women/criminal_justice__police_use_of_force.txt,What factors influence police use of force for Women in criminal justice?,Women,minority,Gender,Criminal Justice,Police use of force,women__criminal_justice__police_use_of_force
cef7ff650d561834a964,https://www.youtube.com/watch?v=n0urFzhWTZ4&t=67,https://youtube.com/watch?t=67&v=n0urFzhWTZ4,3,women/criminal_justice__police_use_of_force.txt,What factors influence police use of force for Women in criminal justice?,Women,minority,Gender,Criminal Justice,Police use of force,women__criminal_justice__police_use_of_force
6940166eec0b13fc6e09,https://www.quora.com/What-factors-contribute-to-the-use-of-excessive-force-by-the-US-police-force-towards-civilians-Are-there-any-proposed-reforms-or-changes-to-address-this-issue,https://quora.com/What-factors-contribute-to-the-use-of-excessive-force-by-the-US-police-force-towards-civilians-Are-there-any-proposed-reforms-or-changes-to-address-this-issue,4,women/criminal_justice__police_use_of_force.txt,What factors influence police use of force for Women in criminal justice?,Women,minority,Gender,Criminal Justice,Police use of force,women__criminal_justice__police_use_of_force
9ef3f2795864b6de90e3,https://appliedpolicebriefings.com/index.php/APB/article/download/5577/3941/17920,https://appliedpolicebriefings.com/index.php/APB/article/download/5577/3941/17920,5,women/criminal_justice__police_use_of_force.txt,What factors influence police use of force for Women in criminal justice?,Women,minority,Gender,Criminal Justice,Police use of force,women__criminal_justice__police_use_of_force
20433332632286a68fa5,https://appliedpolicebriefings.com/index.php/APB/article/view/5577,https://appliedpolicebriefings.com/index.php/APB/article/view/5577,6,women/criminal_justice__police_use_of_force.txt,What factors influence police use of force for Women in criminal justice?,Women,minority,Gender,Criminal Justice,Police use of force,women__criminal_justice__police_use_of_force
daf71a49148572be9cf9,https://www.researchgate.net/publication/273791030_High_School_Grades_Admissions_Policies_and_the_Gender_Gap_in_College_Enrollment,https://researchgate.net/publication/273791030_High_School_Grades_Admissions_Policies_and_the_Gender_Gap_in_College_Enrollment,1,women/education__college_access_admission.txt,What factors influence college access/admission for Women in education?,Women,minority,Gender,Education,College access/admission,women__education__college_access_admission
0d864a54ba9d93e9d5a4,https://www.sciencedirect.com/science/article/abs/pii/S027277572030563X,https://sciencedirect.com/science/article/abs/pii/S027277572030563X,2,women/education__college_access_admission.txt,What factors influence college access/admission for Women in education?,Women,minority,Gender,Education,College access/admission,women__education__college_access_admission
2b367f7f1fae74af87cd,https://aquila.usm.edu/cgi/viewcontent.cgi?article=1463&context=dissertations,https://aquila.usm.edu/cgi/viewcontent.cgi?article=1463&context=dissertations,3,women/education__college_access_admission.txt,What factors influence college access/admission for Women in education?,Women,minority,Gender,Education,College access/admission,women__education__college_access_admission
86355cc7c108314472a9,https://www.academia.edu/28077199/The_Decision_To_Go_to_College_Attitudes_and_Experiences_Associated_with_College_Attendance_Among_Low_Income_Students,https://academia.edu/28077199/The_Decision_To_Go_to_College_Attitudes_and_Experiences_Associated_with_College_Attendance_Among_Low_Income_Students,4,women/education__college_access_admission.txt,What factors influence college access/admission for Women in education?,Women,minority,Gender,Education,College access/admission,women__education__college_access_admission
881d734e83120d694166,https://www.facebook.com/MUTUmlazi/posts/accelerating-womens-success-in-higher-education/1463386219155644/,https://facebook.com/MUTUmlazi/posts/accelerating-womens-success-in-higher-education/1463386219155644,5,women/education__college_access_admission.txt,What factors influence college access/admission for Women in education?,Women,minority,Gender,Education,College access/admission,women__education__college_access_admission
8bbdc27e624031ad6821,https://journals.sagepub.com/doi/10.1177/0091552119850321,https://journals.sagepub.com/doi/10.1177/0091552119850321,6,women/education__college_access_admission.txt,What factors influence college access/admission for Women in education?,Women,minority,Gender,Education,College access/admission,women__education__college_access_admission
0e82a78b214b6bb33d65,https://www.google.com/url?sa=i&source=web&rct=j&url=CAESdgHrOzAVRh3TSBaLgcAuovnkQSyb9TPkSlJ7jagP0N7CVJj7aruKcjmXK1NbwufNNJhYIeaAH_BmXZr2mFVYTPeUtTlooHu2z3_wRqWaApnUnBUCWyyUyggh0VJgbvRnI-7M8G63ayjw0bAsSsRR43bF0ZsORc4&uoh=2&ved=2ahUKEwj02aTC65KXAxVXlWoFHbflN4kQ1fkOegoIAggACAAIIBAC&opi=89978449&cd&psig=AOvVaw14yVjtFUS6POL4AZJ_NV2n&ust=1790738666917000,https://google.com/url?cd=&opi=89978449&psig=AOvVaw14yVjtFUS6POL4AZJ_NV2n&rct=j&sa=i&source=web&uoh=2&url=CAESdgHrOzAVRh3TSBaLgcAuovnkQSyb9TPkSlJ7jagP0N7CVJj7aruKcjmXK1NbwufNNJhYIeaAH_BmXZr2mFVYTPeUtTlooHu2z3_wRqWaApnUnBUCWyyUyggh0VJgbvRnI-7M8G63ayjw0bAsSsRR43bF0ZsORc4&ust=1790738666917000&ved=2ahUKEwj02aTC65KXAxVXlWoFHbflN4kQ1fkOegoIAggACAAIIBAC,1,women/education__educational_opportunity_access.txt,What factors influence educational opportunity/access for Women in education?,Women,minority,Gender,Education,Educational opportunity/access,women__education__educational_opportunity_access
86e3ef8174f31de67581,https://www.google.com/url?sa=i&source=web&rct=j&url=CAEShQEB6zswFZitR_kqs2sZ67WdYpTz5dzpttH8-jL9WLtoGscI8MBeiy4ZEtLXVE-ot385N7kyHCa_DJYuIjz9aWKanLfCnhiGFIBG45iUz2n-5NdHDGYWdhVnrsQ3njkI4F_d9fAV1Y_zJAcdb1nSHoj7LTilYjKFy8aWFInDn8zy7REuO1l8&uoh=2&ved=2ahUKEwj02aTC65KXAxVXlWoFHbflN4kQ1fkOegoIAggACAAIIBAH&opi=89978449&cd&psig=AOvVaw14yVjtFUS6POL4AZJ_NV2n&ust=1790738666917000,https://google.com/url?cd=&opi=89978449&psig=AOvVaw14yVjtFUS6POL4AZJ_NV2n&rct=j&sa=i&source=web&uoh=2&url=CAEShQEB6zswFZitR_kqs2sZ67WdYpTz5dzpttH8-jL9WLtoGscI8MBeiy4ZEtLXVE-ot385N7kyHCa_DJYuIjz9aWKanLfCnhiGFIBG45iUz2n-5NdHDGYWdhVnrsQ3njkI4F_d9fAV1Y_zJAcdb1nSHoj7LTilYjKFy8aWFInDn8zy7REuO1l8&ust=1790738666917000&ved=2ahUKEwj02aTC65KXAxVXlWoFHbflN4kQ1fkOegoIAggACAAIIBAH,2,women/education__educational_opportunity_access.txt,What factors influence educational opportunity/access for Women in education?,Women,minority,Gender,Education,Educational opportunity/access,women__education__educational_opportunity_access
9c703aaa24ad04b1061f,https://www.google.com/url?sa=i&source=web&rct=j&url=CAESxgEB6zswFaLpSucc1RaAgzEcgQFG3B9csShvwEFhShINyjFzn-pBw7Hakg6TxXhrL9hw5PhWUEqy83kqN4X-eA3eeelf3mGMDTKU1xrtb7_5JOOWFQ7rcAagaJuyaBQ5fwL3-YX8m-O1UEe9d4RTUpGKxBKthBXxOWr43tiIb6NnIBk5QUqxtplZbvnHLmqsNO1UiJ5ChWRna37Nkf2MMS3DkNwEbo7B0DCVc7p_-FtaW9GWg0JCLAgZW7lC7sSaXQPWT0qehXk&uoh=2&ved=2ahUKEwj02aTC65KXAxVXlWoFHbflN4kQ1fkOegoIAggACAAIIBAL&opi=89978449&cd&psig=AOvVaw14yVjtFUS6POL4AZJ_NV2n&ust=1790738666917000,https://google.com/url?cd=&opi=89978449&psig=AOvVaw14yVjtFUS6POL4AZJ_NV2n&rct=j&sa=i&source=web&uoh=2&url=CAESxgEB6zswFaLpSucc1RaAgzEcgQFG3B9csShvwEFhShINyjFzn-pBw7Hakg6TxXhrL9hw5PhWUEqy83kqN4X-eA3eeelf3mGMDTKU1xrtb7_5JOOWFQ7rcAagaJuyaBQ5fwL3-YX8m-O1UEe9d4RTUpGKxBKthBXxOWr43tiIb6NnIBk5QUqxtplZbvnHLmqsNO1UiJ5ChWRna37Nkf2MMS3DkNwEbo7B0DCVc7p_-FtaW9GWg0JCLAgZW7lC7sSaXQPWT0qehXk&ust=1790738666917000&ved=2ahUKEwj02aTC65KXAxVXlWoFHbflN4kQ1fkOegoIAggACAAIIBAL,3,women/education__educational_opportunity_access.txt,What factors influence educational opportunity/access for Women in education?,Women,minority,Gender,Education,Educational opportunity/access,women__education__educational_opportunity_access
303969ac67369e665c8e,https://www.google.com/url?sa=i&source=web&rct=j&url=CAESxAEB6zswFbgdJNT_ciz2z7o8rS2TOc7bSg22AS25kTeMF80EZ6NUsv-m9jIAMsFjhxlupcroenGjM9ox-cUlaX-ZWZOB0EQdEKIJ4cqs5rGQ4S2n9Bo_D3uVOfxU822H2JhCqFB2WJ3nYNcx_dXnpUjcn5kFkhP7mNQBRKnU1e64OclwmUFciM0yyffmXXi0yq8BZ5EH5bX-XGtWxKoQRETkWKtrP0kZ3vQnE_N3WbS36ZNdbqFwQ7mhuCrhG_EdCjHxpTdQ&uoh=2&ved=2ahUKEwj02aTC65KXAxVXlWoFHbflN4kQ1fkOegoIAggACAAIIBAU&opi=89978449&cd&psig=AOvVaw14yVjtFUS6POL4AZJ_NV2n&ust=1790738666917000,https://google.com/url?cd=&opi=89978449&psig=AOvVaw14yVjtFUS6POL4AZJ_NV2n&rct=j&sa=i&source=web&uoh=2&url=CAESxAEB6zswFbgdJNT_ciz2z7o8rS2TOc7bSg22AS25kTeMF80EZ6NUsv-m9jIAMsFjhxlupcroenGjM9ox-cUlaX-ZWZOB0EQdEKIJ4cqs5rGQ4S2n9Bo_D3uVOfxU822H2JhCqFB2WJ3nYNcx_dXnpUjcn5kFkhP7mNQBRKnU1e64OclwmUFciM0yyffmXXi0yq8BZ5EH5bX-XGtWxKoQRETkWKtrP0kZ3vQnE_N3WbS36ZNdbqFwQ7mhuCrhG_EdCjHxpTdQ&ust=1790738666917000&ved=2ahUKEwj02aTC65KXAxVXlWoFHbflN4kQ1fkOegoIAggACAAIIBAU,4,women/education__educational_opportunity_access.txt,What factors influence educational opportunity/access for Women in education?,Women,minority,Gender,Education,Educational opportunity/access,women__education__educational_opportunity_access
e93c02800df173046f5e,https://www.taylorfrancis.com/books/mono/10.4324/9781003051923/human-resource-perspectives-workplace-bullying-higher-education-leah-hollis-david-yamada,https://taylorfrancis.com/books/mono/10.4324/9781003051923/human-resource-perspectives-workplace-bullying-higher-education-leah-hollis-david-yamada,1,women/education__harassment_bullying.txt,What factors influence harassment/bullying for Women in education?,Women,minority,Gender,Education,Harassment/bullying,women__education__harassment_bullying
75500e7e643f1fc48479,https://www.highered360.com/articles/articleDisplay.cfm?ID=2173,https://highered360.com/articles/articleDisplay.cfm?ID=2173,2,women/education__harassment_bullying.txt,What factors influence harassment/bullying for Women in education?,Women,minority,Gender,Education,Harassment/bullying,women__education__harassment_bullying
b9faeedec439bf6527f3,https://www.edweek.org/leadership/even-in-a-field-dominated-by-women-25-of-female-educators-say-metoo/2018/06,https://edweek.org/leadership/even-in-a-field-dominated-by-women-25-of-female-educators-say-metoo/2018/06,3,women/education__harassment_bullying.txt,What factors influence harassment/bullying for Women in education?,Women,minority,Gender,Education,Harassment/bullying,women__education__harassment_bullying
43715a622761a7505079,https://www.theeducatoronline.com/k12/news/breaking-the-silence-on-femaleonfemale-bullying-in-schools/287030,https://theeducatoronline.com/k12/news/breaking-the-silence-on-femaleonfemale-bullying-in-schools/287030,4,women/education__harassment_bullying.txt,What factors influence harassment/bullying for Women in education?,Women,minority,Gender,Education,Harassment/bullying,women__education__harassment_bullying
56850419a2b18f5722e6,https://ijssrr.com/journal/article/download/1942/1464/,https://ijssrr.com/journal/article/download/1942/1464,5,women/education__harassment_bullying.txt,What factors influence harassment/bullying for Women in education?,Women,minority,Gender,Education,Harassment/bullying,women__education__harassment_bullying
a959189d9a36792203b1,https://www.epistimi.org/blog/gender-and-bullying-in-the-academic-workplace,https://epistimi.org/blog/gender-and-bullying-in-the-academic-workplace,6,women/education__harassment_bullying.txt,What factors influence harassment/bullying for Women in education?,Women,minority,Gender,Education,Harassment/bullying,women__education__harassment_bullying
32336d048c03d7c982f9,https://www.youtube.com/watch?v=6yvLY2oCuaQ,https://youtube.com/watch?v=6yvLY2oCuaQ,7,women/education__harassment_bullying.txt,What factors influence harassment/bullying for Women in education?,Women,minority,Gender,Education,Harassment/bullying,women__education__harassment_bullying
7a0f9b1c68452d6adc29,https://www.google.com/url?sa=i&source=web&rct=j&url=CAESagHrOzAViGKVxlXpWoh2KbhzZH_srQlNawHa8IB7xWxcX4KPqsvt7ZlK-GzhwifCbuRRbPPR2yHziJFmjUyCiWhhcBa9xmzFEtXfpZjy6djMyxXIOVQq0h6SErjPiqN8cvZGWKVIRf4-_iE&uoh=2&ved=2ahUKEwiTsdmT7JKXAxUkl2oFHSYNMuUQ1fkOegoIAggACAAINBAC&opi=89978449&cd&psig=AOvVaw27SfZnv7JZ6atpLCZEU4Q2&ust=1790738837649000,https://google.com/url?cd=&opi=89978449&psig=AOvVaw27SfZnv7JZ6atpLCZEU4Q2&rct=j&sa=i&source=web&uoh=2&url=CAESagHrOzAViGKVxlXpWoh2KbhzZH_srQlNawHa8IB7xWxcX4KPqsvt7ZlK-GzhwifCbuRRbPPR2yHziJFmjUyCiWhhcBa9xmzFEtXfpZjy6djMyxXIOVQq0h6SErjPiqN8cvZGWKVIRf4-_iE&ust=1790738837649000&ved=2ahUKEwiTsdmT7JKXAxUkl2oFHSYNMuUQ1fkOegoIAggACAAINBAC,1,women/employment__career_advancement.txt,What factors influence career advancement for Women in employment?,Women,minority,Gender,Employment,Career advancement,women__employment__career_advancement
5ab6297749ea1a92cf39,https://www.google.com/url?sa=i&source=web&rct=j&url=CAEScgHrOzAV8PSPxqLuOmT_bLExtCG0X_SdzqNXYew1zayCJghYx-3YT833FTFjlwkMNkdqpzbYnqgxGbByT4OntGxOuqliHW4UkF8BQB8ul9Oo86PLLZ2m8K759FoOzYxXOyazioCzpaMb63VItWeyYW--sg&uoh=2&ved=2ahUKEwiTsdmT7JKXAxUkl2oFHSYNMuUQ1fkOegoIAggACAAINBAH&opi=89978449&cd&psig=AOvVaw27SfZnv7JZ6atpLCZEU4Q2&ust=1790738837649000,https://google.com/url?cd=&opi=89978449&psig=AOvVaw27SfZnv7JZ6atpLCZEU4Q2&rct=j&sa=i&source=web&uoh=2&url=CAEScgHrOzAV8PSPxqLuOmT_bLExtCG0X_SdzqNXYew1zayCJghYx-3YT833FTFjlwkMNkdqpzbYnqgxGbByT4OntGxOuqliHW4UkF8BQB8ul9Oo86PLLZ2m8K759FoOzYxXOyazioCzpaMb63VItWeyYW--sg&ust=1790738837649000&ved=2ahUKEwiTsdmT7JKXAxUkl2oFHSYNMuUQ1fkOegoIAggACAAINBAH,2,women/employment__career_advancement.txt,What factors influence career advancement for Women in employment?,Women,minority,Gender,Employment,Career advancement,women__employment__career_advancement
6c92386929ee1665e5b8,https://www.google.com/url?sa=i&source=web&rct=j&url=CAEShwEB6zswFdBjjh9zSg_yxoIdFrpPCnCfbfFzYFwCZwRv6OzVWE1e4bdTLb0QiUrTHMboWJKowZvOwYpImZsJodSsM37OP1H-RQhQE7RSsywoH6U8JHIxKqgjDgXUcomYo8IvBnF49spRVS4ahVCoSFirMquWP9yPoGErvSGloSJo4Clu8KtW2RM&uoh=2&ved=2ahUKEwiTsdmT7JKXAxUkl2oFHSYNMuUQ1fkOegoIAggACAAINBAM&opi=89978449&cd&psig=AOvVaw27SfZnv7JZ6atpLCZEU4Q2&ust=1790738837649000,https://google.com/url?cd=&opi=89978449&psig=AOvVaw27SfZnv7JZ6atpLCZEU4Q2&rct=j&sa=i&source=web&uoh=2&url=CAEShwEB6zswFdBjjh9zSg_yxoIdFrpPCnCfbfFzYFwCZwRv6OzVWE1e4bdTLb0QiUrTHMboWJKowZvOwYpImZsJodSsM37OP1H-RQhQE7RSsywoH6U8JHIxKqgjDgXUcomYo8IvBnF49spRVS4ahVCoSFirMquWP9yPoGErvSGloSJo4Clu8KtW2RM&ust=1790738837649000&ved=2ahUKEwiTsdmT7JKXAxUkl2oFHSYNMuUQ1fkOegoIAggACAAINBAM,3,women/employment__career_advancement.txt,What factors influence career advancement for Women in employment?,Women,minority,Gender,Employment,Career advancement,women__employment__career_advancement
6c92386929ee1665e5b8,https://www.google.com/url?sa=i&source=web&rct=j&url=CAEShwEB6zswFdBjjh9zSg_yxoIdFrpPCnCfbfFzYFwCZwRv6OzVWE1e4bdTLb0QiUrTHMboWJKowZvOwYpImZsJodSsM37OP1H-RQhQE7RSsywoH6U8JHIxKqgjDgXUcomYo8IvBnF49spRVS4ahVCoSFirMquWP9yPoGErvSGloSJo4Clu8KtW2RM&uoh=2&ved=2ahUKEwiTsdmT7JKXAxUkl2oFHSYNMuUQ1fkOegoIAggACAAINBAM&opi=89978449&cd&psig=AOvVaw27SfZnv7JZ6atpLCZEU4Q2&ust=1790738837649000,https://google.com/url?cd=&opi=89978449&psig=AOvVaw27SfZnv7JZ6atpLCZEU4Q2&rct=j&sa=i&source=web&uoh=2&url=CAEShwEB6zswFdBjjh9zSg_yxoIdFrpPCnCfbfFzYFwCZwRv6OzVWE1e4bdTLb0QiUrTHMboWJKowZvOwYpImZsJodSsM37OP1H-RQhQE7RSsywoH6U8JHIxKqgjDgXUcomYo8IvBnF49spRVS4ahVCoSFirMquWP9yPoGErvSGloSJo4Clu8KtW2RM&ust=1790738837649000&ved=2ahUKEwiTsdmT7JKXAxUkl2oFHSYNMuUQ1fkOegoIAggACAAINBAM,4,women/employment__career_advancement.txt,What factors influence career advancement for Women in employment?,Women,minority,Gender,Employment,Career advancement,women__employment__career_advancement
26317a89276218458d70,https://www.google.com/url?sa=i&source=web&rct=j&url=CAESlwEB6zswFSqj4EoRTCWH8chWSPpqzLaMWqf6Y0_QvtzKfAou16ZG221oZvaVbKRQIzfsY2ybDWP9h9Kxjvbh2pn-KN4_tb2Ce3ht5RYXVOt139UVHXIA7__URWnhuweD6V2wKAipTePTfe1ZZcSv7SNV93tK9b7NE2xB43UN1AyiUMJWaPCpb8_H_bmZGPXZmXXuvAUh19mw&uoh=2&ved=2ahUKEwiTsdmT7JKXAxUkl2oFHSYNMuUQ1fkOegoIAggACAAINBAR&opi=89978449&cd&psig=AOvVaw27SfZnv7JZ6atpLCZEU4Q2&ust=1790738837649000,https://google.com/url?cd=&opi=89978449&psig=AOvVaw27SfZnv7JZ6atpLCZEU4Q2&rct=j&sa=i&source=web&uoh=2&url=CAESlwEB6zswFSqj4EoRTCWH8chWSPpqzLaMWqf6Y0_QvtzKfAou16ZG221oZvaVbKRQIzfsY2ybDWP9h9Kxjvbh2pn-KN4_tb2Ce3ht5RYXVOt139UVHXIA7__URWnhuweD6V2wKAipTePTfe1ZZcSv7SNV93tK9b7NE2xB43UN1AyiUMJWaPCpb8_H_bmZGPXZmXXuvAUh19mw&ust=1790738837649000&ved=2ahUKEwiTsdmT7JKXAxUkl2oFHSYNMuUQ1fkOegoIAggACAAINBAR,5,women/employment__career_advancement.txt,What factors influence career advancement for Women in employment?,Women,minority,Gender,Employment,Career advancement,women__employment__career_advancement
660ea2ef72ac0325a56a,https://www.google.com/url?sa=i&source=web&rct=j&url=CAESnwEB6zswFQFeJM7xAwIOAcOFZHIdI5S82FIpSW6zaiM5TFPdb2GqsI3NUMjBAZm93FSx1JrGNWlgMC81HCHYvNFCtG7r8LPJ480dqu6elUu70zwup33MVBBTut9aKt8xgmsw8199k2nwZ6OF4fzZlzX2yaNZRDdxj3dzw-F77hEjt-bMz9fkIq_MgdgO2rWz4TmqC-oOstesu5w4iPI8FzE&uoh=2&ved=2ahUKEwiTsdmT7JKXAxUkl2oFHSYNMuUQ1fkOegoIAggACAAINBAa&opi=89978449&cd&psig=AOvVaw27SfZnv7JZ6atpLCZEU4Q2&ust=1790738837649000,https://google.com/url?cd=&opi=89978449&psig=AOvVaw27SfZnv7JZ6atpLCZEU4Q2&rct=j&sa=i&source=web&uoh=2&url=CAESnwEB6zswFQFeJM7xAwIOAcOFZHIdI5S82FIpSW6zaiM5TFPdb2GqsI3NUMjBAZm93FSx1JrGNWlgMC81HCHYvNFCtG7r8LPJ480dqu6elUu70zwup33MVBBTut9aKt8xgmsw8199k2nwZ6OF4fzZlzX2yaNZRDdxj3dzw-F77hEjt-bMz9fkIq_MgdgO2rWz4TmqC-oOstesu5w4iPI8FzE&ust=1790738837649000&ved=2ahUKEwiTsdmT7JKXAxUkl2oFHSYNMuUQ1fkOegoIAggACAAINBAa,6,women/employment__career_advancement.txt,What factors influence career advancement for Women in employment?,Women,minority,Gender,Employment,Career advancement,women__employment__career_advancement
5fc09fd9d5e07cc73a63,https://www.google.com/url?sa=i&source=web&rct=j&url=CAESjwEB6zswFaOKjL0e3ymQBmE5U3aGlxqQTaYyekkGD0NOO0TaqAqMf7rVFrHXICaCLe5POkzypCljVMYPQPk2z-_-Nbzzc1_QLLxU8wRvpkPwkq-I33Dn9aC5JX1v7ws9O9HMuSAxmRG8C3ri60f0t20JtW2cIeYwZiMMa_R8qHk_mhRMoAsLcgBPCwi-I_ZY0g&uoh=2&ved=2ahUKEwiTsdmT7JKXAxUkl2oFHSYNMuUQ1fkOegoIAggACAAINBAf&opi=89978449&cd&psig=AOvVaw27SfZnv7JZ6atpLCZEU4Q2&ust=1790738837649000,https://google.com/url?cd=&opi=89978449&psig=AOvVaw27SfZnv7JZ6atpLCZEU4Q2&rct=j&sa=i&source=web&uoh=2&url=CAESjwEB6zswFaOKjL0e3ymQBmE5U3aGlxqQTaYyekkGD0NOO0TaqAqMf7rVFrHXICaCLe5POkzypCljVMYPQPk2z-_-Nbzzc1_QLLxU8wRvpkPwkq-I33Dn9aC5JX1v7ws9O9HMuSAxmRG8C3ri60f0t20JtW2cIeYwZiMMa_R8qHk_mhRMoAsLcgBPCwi-I_ZY0g&ust=1790738837649000&ved=2ahUKEwiTsdmT7JKXAxUkl2oFHSYNMuUQ1fkOegoIAggACAAINBAf,7,women/employment__career_advancement.txt,What factors influence career advancement for Women in employment?,Women,minority,Gender,Employment,Career advancement,women__employment__career_advancement
df23c2e2dd3f47aa879c,https://www.google.com/url?sa=i&source=web&rct=j&url=CAESaQHrOzAVuJL-cxxt0wygrQ8PMCBRsjnWBMPMwvHVvSd8FPiP_yKV0N1ta-dbpZ1MtMzF3qqEzF1yAUzvH8lhGOiCNguTHdYZQ1GpvtiQLxJyLCFd4iMFOYzH1kBNl3_Hj2q-hJjjU0CbhA&uoh=2&ved=2ahUKEwiTsdmT7JKXAxUkl2oFHSYNMuUQ1fkOegoIAggACAAINBAk&opi=89978449&cd&psig=AOvVaw27SfZnv7JZ6atpLCZEU4Q2&ust=1790738837649000,https://google.com/url?cd=&opi=89978449&psig=AOvVaw27SfZnv7JZ6atpLCZEU4Q2&rct=j&sa=i&source=web&uoh=2&url=CAESaQHrOzAVuJL-cxxt0wygrQ8PMCBRsjnWBMPMwvHVvSd8FPiP_yKV0N1ta-dbpZ1MtMzF3qqEzF1yAUzvH8lhGOiCNguTHdYZQ1GpvtiQLxJyLCFd4iMFOYzH1kBNl3_Hj2q-hJjjU0CbhA&ust=1790738837649000&ved=2ahUKEwiTsdmT7JKXAxUkl2oFHSYNMuUQ1fkOegoIAggACAAINBAk,8,women/employment__career_advancement.txt,What factors influence career advancement for Women in employment?,Women,minority,Gender,Employment,Career advancement,women__employment__career_advancement
5ca1ea4b5df324e329c9,https://www.google.com/url?sa=i&source=web&rct=j&url=CAESqwEB6zswFeyqk0IeTOHPwMpwikGyQbToLYESsXsRWElq16tQlsG7Viq5sCkNzDdLTkZsmFT9PCZy11ymGOHhbZmO0EPuIaSCn7Ct89cqQn3eC__d51rikUinVxZ9pCQtjeS-yfev-aXaLLAQzJFcdW58KLALCIB83dTyCjktNmjFfUXJNcXNmUvd44MgqDhKSiKo0vY-b5BJOKYWlngPMa7buGdMCZjrLB-seKA&uoh=2&ved=2ahUKEwiTsdmT7JKXAxUkl2oFHSYNMuUQ1fkOegoIAggACAAINBAp&opi=89978449&cd&psig=AOvVaw27SfZnv7JZ6atpLCZEU4Q2&ust=1790738837649000,https://google.com/url?cd=&opi=89978449&psig=AOvVaw27SfZnv7JZ6atpLCZEU4Q2&rct=j&sa=i&source=web&uoh=2&url=CAESqwEB6zswFeyqk0IeTOHPwMpwikGyQbToLYESsXsRWElq16tQlsG7Viq5sCkNzDdLTkZsmFT9PCZy11ymGOHhbZmO0EPuIaSCn7Ct89cqQn3eC__d51rikUinVxZ9pCQtjeS-yfev-aXaLLAQzJFcdW58KLALCIB83dTyCjktNmjFfUXJNcXNmUvd44MgqDhKSiKo0vY-b5BJOKYWlngPMa7buGdMCZjrLB-seKA&ust=1790738837649000&ved=2ahUKEwiTsdmT7JKXAxUkl2oFHSYNMuUQ1fkOegoIAggACAAINBAp,9,women/employment__career_advancement.txt,What factors influence career advancement for Women in employment?,Women,minority,Gender,Employment,Career advancement,women__employment__career_advancement
9eeaf114db9ef6a79220,https://www.reveliolabs.com/news/macro/are-men-actually-being-left-behind-in-entry-level-hiring,https://reveliolabs.com/news/macro/are-men-actually-being-left-behind-in-entry-level-hiring,1,women/employment__hiring.txt,What factors influence hiring for Women in employment?,Women,minority,Gender,Employment,Hiring,women__employment__hiring
aefbc35b835f4e6716b3,https://www.reddit.com/r/AskFeminists/comments/3f978k/the_wage_gap_only_hire_women_argument_and_its/,https://reddit.com/r/AskFeminists/comments/3f978k/the_wage_gap_only_hire_women_argument_and_its,2,women/employment__hiring.txt,What factors influence hiring for Women in employment?,Women,minority,Gender,Employment,Hiring,women__employment__hiring
e6fff217e350539e918b,https://aquinascollege.ca/job-satisfaction/,https://aquinascollege.ca/job-satisfaction,3,women/employment__hiring.txt,What factors influence hiring for Women in employment?,Women,minority,Gender,Employment,Hiring,women__employment__hiring
f26a9cee4e9605aeac7e,https://tljbm.org/jurnal/index.php/tljbm/article/download/55/40/,https://tljbm.org/jurnal/index.php/tljbm/article/download/55/40,4,women/employment__hiring.txt,What factors influence hiring for Women in employment?,Women,minority,Gender,Employment,Hiring,women__employment__hiring
6dc4129a249730451afc,https://www.eeoc.gov/chart-risk-factors-harassment-and-responsive-strategies,https://eeoc.gov/chart-risk-factors-harassment-and-responsive-strategies,1,women/employment__workplace_harassment.txt,What factors influence workplace harassment for Women in employment?,Women,minority,Gender,Employment,Workplace harassment,women__employment__workplace_harassment
f22e482585235b940b58,https://www.youtube.com/watch?v=09Ks_25Saao&t=186,https://youtube.com/watch?t=186&v=09Ks_25Saao,2,women/employment__workplace_harassment.txt,What factors influence workplace harassment for Women in employment?,Women,minority,Gender,Employment,Workplace harassment,women__employment__workplace_harassment
c8cc815b8b0f2b230563,https://elker.com/articles/5-risk-factors-for-sexual-harassment-in-the-workplace,https://elker.com/articles/5-risk-factors-for-sexual-harassment-in-the-workplace,3,women/employment__workplace_harassment.txt,What factors influence workplace harassment for Women in employment?,Women,minority,Gender,Employment,Workplace harassment,women__employment__workplace_harassment
47385aa169d0e98fb996,https://ppr.lse.ac.uk/articles/10.31389/lseppr.118,https://ppr.lse.ac.uk/articles/10.31389/lseppr.118,4,women/employment__workplace_harassment.txt,What factors influence workplace harassment for Women in employment?,Women,minority,Gender,Employment,Workplace harassment,women__employment__workplace_harassment
0272804ac71652e3d4c8,https://www.hracuity.com/blog/female-workplace-harassment/,https://hracuity.com/blog/female-workplace-harassment,5,women/employment__workplace_harassment.txt,What factors influence workplace harassment for Women in employment?,Women,minority,Gender,Employment,Workplace harassment,women__employment__workplace_harassment
134ab2a5610f68ec3cb0,https://cogentinfo.com/resources/15-issues-women-face-at-the-workplace-and-how-to-combat-them,https://cogentinfo.com/resources/15-issues-women-face-at-the-workplace-and-how-to-combat-them,6,women/employment__workplace_harassment.txt,What factors influence workplace harassment for Women in employment?,Women,minority,Gender,Employment,Workplace harassment,women__employment__workplace_harassment
f354d0e216bfca988dd4,https://nwlc.org/resource/by-the-numbers-data-on-key-programs-for-the-well-being-of-women-lgbtqi-people-and-their-families/,https://nwlc.org/resource/by-the-numbers-data-on-key-programs-for-the-well-being-of-women-lgbtqi-people-and-their-families,1,women/government_benefits__access_to_government_benefits.txt,What factors influence access to government benefits for Women in government benefits?,Women,minority,Gender,Government Benefits,Access to government benefits,women__government_benefits__access_to_government_benefits
6407005530a4874d4bdc,https://www.usatoday.com/story/money/personalfinance/2026/06/23/women-social-security-gender-gap/90641659007/,https://usatoday.com/story/money/personalfinance/2026/06/23/women-social-security-gender-gap/90641659007,2,women/government_benefits__access_to_government_benefits.txt,What factors influence access to government benefits for Women in government benefits?,Women,minority,Gender,Government Benefits,Access to government benefits,women__government_benefits__access_to_government_benefits
c0ac36716203d9b2c2d6,https://www.cbpp.org/blog/americans-especially-women-benefit-hugely-from-social-security,https://cbpp.org/blog/americans-especially-women-benefit-hugely-from-social-security,3,women/government_benefits__access_to_government_benefits.txt,What factors influence access to government benefits for Women in government benefits?,Women,minority,Gender,Government Benefits,Access to government benefits,women__government_benefits__access_to_government_benefits
618ecffc5762b2c18208,https://www.brookings.edu/articles/how-does-gender-equality-affect-women-in-retirement/,https://brookings.edu/articles/how-does-gender-equality-affect-women-in-retirement,4,women/government_benefits__access_to_government_benefits.txt,What factors influence access to government benefits for Women in government benefits?,Women,minority,Gender,Government Benefits,Access to government benefits,women__government_benefits__access_to_government_benefits
f31c6bb41fb04101062b,https://www.unwomen.org/sites/default/files/Headquarters/Attachments/Sections/CSW/62/CSW-Conclusions-62-EN.PDF,https://unwomen.org/sites/default/files/Headquarters/Attachments/Sections/CSW/62/CSW-Conclusions-62-EN.PDF,5,women/government_benefits__access_to_government_benefits.txt,What factors influence access to government benefits for Women in government benefits?,Women,minority,Gender,Government Benefits,Access to government benefits,women__government_benefits__access_to_government_benefits
8acb6d9b6e4fe0031baa,https://www.usccb.org/issues-and-action/human-life-and-dignity/social-security/vulnerable-groups-changes-social-security,https://usccb.org/issues-and-action/human-life-and-dignity/social-security/vulnerable-groups-changes-social-security,6,women/government_benefits__access_to_government_benefits.txt,What factors influence access to government benefits for Women in government benefits?,Women,minority,Gender,Government Benefits,Access to government benefits,women__government_benefits__access_to_government_benefits
dc6bb918e51085766cbe,https://www.ebsco.com/research-starters/womens-studies-and-feminism/gender-and-welfare-policy/,https://ebsco.com/research-starters/womens-studies-and-feminism/gender-and-welfare-policy,7,women/government_benefits__access_to_government_benefits.txt,What factors influence access to government benefits for Women in government benefits?,Women,minority,Gender,Government Benefits,Access to government benefits,women__government_benefits__access_to_government_benefits
e3a89ec43be81f48c72f,https://www.disability-benefits-help.org/blog/gender-and-social-security-disability-benefits,https://disability-benefits-help.org/blog/gender-and-social-security-disability-benefits,1,women/government_benefits__application_approval.txt,What factors influence application/approval for Women in government benefits?,Women,minority,Gender,Government Benefits,Application/approval,women__government_benefits__application_approval
1a81d141e05c6b2434ee,https://www.kff.org/womens-health-policy/medicaid-coverage-for-women/,https://kff.org/womens-health-policy/medicaid-coverage-for-women,2,women/government_benefits__application_approval.txt,What factors influence application/approval for Women in government benefits?,Women,minority,Gender,Government Benefits,Application/approval,women__government_benefits__application_approval
290d52c4c7f5a9ed3fe7,https://workingfamilies.org.uk/articles/benefits-you-can-claim-if-you-are-not-working-or-only-working-a-few-hours-a-week/,https://workingfamilies.org.uk/articles/benefits-you-can-claim-if-you-are-not-working-or-only-working-a-few-hours-a-week,3,women/government_benefits__application_approval.txt,What factors influence application/approval for Women in government benefits?,Women,minority,Gender,Government Benefits,Application/approval,women__government_benefits__application_approval
7344112bbf2ee493acbb,https://www.lifelinesupport.org/how-to-qualify/,https://lifelinesupport.org/how-to-qualify,4,women/government_benefits__application_approval.txt,What factors influence application/approval for Women in government benefits?,Women,minority,Gender,Government Benefits,Application/approval,women__government_benefits__application_approval
47ce7e322db945d5dab0,https://benefitscal.com/,https://benefitscal.com/,5,women/government_benefits__application_approval.txt,What factors influence application/approval for Women in government benefits?,Women,minority,Gender,Government Benefits,Application/approval,women__government_benefits__application_approval
9ff9a124f328f28f4ab6,https://www.healthytexaswomen.org/healthcare-programs/family-planning-program/fpp-who-can-apply,https://healthytexaswomen.org/healthcare-programs/family-planning-program/fpp-who-can-apply,6,women/government_benefits__application_approval.txt,What factors influence application/approval for Women in government benefits?,Women,minority,Gender,Government Benefits,Application/approval,women__government_benefits__application_approval
dd456f333bea50eed4cb,https://openbooks.library.umass.edu/introwgss/chapter/gender-and-the-us-welfare-state/,https://openbooks.library.umass.edu/introwgss/chapter/gender-and-the-us-welfare-state,7,women/government_benefits__application_approval.txt,What factors influence application/approval for Women in government benefits?,Women,minority,Gender,Government Benefits,Application/approval,women__government_benefits__application_approval
291b497f1a27b29b46a1,https://nwlc.org/resource/women-in-poverty-state-by-state/,https://nwlc.org/resource/women-in-poverty-state-by-state,8,women/government_benefits__application_approval.txt,What factors influence application/approval for Women in government benefits?,Women,minority,Gender,Government Benefits,Application/approval,women__government_benefits__application_approval
20abe867520c534b8e8d,https://www.usa.gov/benefit-finder,https://usa.gov/benefit-finder,9,women/government_benefits__application_approval.txt,What factors influence application/approval for Women in government benefits?,Women,minority,Gender,Government Benefits,Application/approval,women__government_benefits__application_approval
6981c66c4e7ae8fc34e4,https://www.fna.usda.gov/wic/eligibility,https://fna.usda.gov/wic/eligibility,10,women/government_benefits__application_approval.txt,What factors influence application/approval for Women in government benefits?,Women,minority,Gender,Government Benefits,Application/approval,women__government_benefits__application_approval
f354d0e216bfca988dd4,https://nwlc.org/resource/by-the-numbers-data-on-key-programs-for-the-well-being-of-women-lgbtqi-people-and-their-families/,https://nwlc.org/resource/by-the-numbers-data-on-key-programs-for-the-well-being-of-women-lgbtqi-people-and-their-families,11,women/government_benefits__application_approval.txt,What factors influence application/approval for Women in government benefits?,Women,minority,Gender,Government Benefits,Application/approval,women__government_benefits__application_approval
be917341e6b3fea28dff,https://www.dol.gov/node/63397,https://dol.gov/node/63397,12,women/government_benefits__application_approval.txt,What factors influence application/approval for Women in government benefits?,Women,minority,Gender,Government Benefits,Application/approval,women__government_benefits__application_approval
20fea155030c599d9d04,https://actuary.org/women-and-social-security/,https://actuary.org/women-and-social-security,13,women/government_benefits__application_approval.txt,What factors influence application/approval for Women in government benefits?,Women,minority,Gender,Government Benefits,Application/approval,women__government_benefits__application_approval
8ab8ab59885422aa4755,https://www.youtube.com/watch?v=XkAb2gqDzOQ,https://youtube.com/watch?v=XkAb2gqDzOQ,14,women/government_benefits__application_approval.txt,What factors influence application/approval for Women in government benefits?,Women,minority,Gender,Government Benefits,Application/approval,women__government_benefits__application_approval
88718147ea7ca93f485b,https://www.healthytexaswomen.org/healthcare-programs/healthy-texas-women/htw-who-can-apply,https://healthytexaswomen.org/healthcare-programs/healthy-texas-women/htw-who-can-apply,15,women/government_benefits__application_approval.txt,What factors influence application/approval for Women in government benefits?,Women,minority,Gender,Government Benefits,Application/approval,women__government_benefits__application_approval
7ba1fe47715048da0d55,https://prismreports.org/2021/08/17/food-stamp-benefits-are-increasing-heres-what-that-means-for-the-women-who-use-the-program/,https://prismreports.org/2021/08/17/food-stamp-benefits-are-increasing-heres-what-that-means-for-the-women-who-use-the-program,16,women/government_benefits__application_approval.txt,What factors influence application/approval for Women in government benefits?,Women,minority,Gender,Government Benefits,Application/approval,women__government_benefits__application_approval
5176405e088cc1d41349,https://www.google.com/url?sa=i&source=web&rct=j&url=CAESagHrOzAVkA7Tw0oDx0MNla2ENOvNmWmAP4y5p6KeFRjMZn704Qha2ESj1GCeoM19pii-Q_8-CAh8qOXNYRS2gn_R9LftvnBevOr3PMoVYXajFeShzqDgm8ZXu-nGtYWxqD9mOR3iwLiAbbM&uoh=2&ved=2ahUKEwiPlMuT7ZKXAxUmmSYFHT4YI4oQ1fkOegoIAggACAAIWxAC&opi=89978449&cd&psig=AOvVaw3RhAirNaICPP36VFmpNQJJ&ust=1790739105852000,https://google.com/url?cd=&opi=89978449&psig=AOvVaw3RhAirNaICPP36VFmpNQJJ&rct=j&sa=i&source=web&uoh=2&url=CAESagHrOzAVkA7Tw0oDx0MNla2ENOvNmWmAP4y5p6KeFRjMZn704Qha2ESj1GCeoM19pii-Q_8-CAh8qOXNYRS2gn_R9LftvnBevOr3PMoVYXajFeShzqDgm8ZXu-nGtYWxqD9mOR3iwLiAbbM&ust=1790739105852000&ved=2ahUKEwiPlMuT7ZKXAxUmmSYFHT4YI4oQ1fkOegoIAggACAAIWxAC,1,women/government_benefits__benefit_retention_renewal.txt,What factors influence benefit retention / renewal for Women in government benefits?,Women,minority,Gender,Government Benefits,Benefit retention / renewal,women__government_benefits__benefit_retention_renewal
1eded3e63275f3698ed2,https://www.google.com/url?sa=i&source=web&rct=j&url=CAEScQHrOzAVOQ5T8kROG1XsPDsJveN2XLbF9Wzr3lS5Fwz3D_sF0Zy3hPVTqvqDALiTvEsMEWwWYxq5AO-Wovw8TkE89GX_wsnsXX4IG2a2cyjpjpY3h0-o3db3sOXCQrgxly0FFsiYT-F6v7lwO37Zqjl1&uoh=2&ved=2ahUKEwiPlMuT7ZKXAxUmmSYFHT4YI4oQ1fkOegoIAggACAAIWxAG&opi=89978449&cd&psig=AOvVaw3RhAirNaICPP36VFmpNQJJ&ust=1790739105852000,https://google.com/url?cd=&opi=89978449&psig=AOvVaw3RhAirNaICPP36VFmpNQJJ&rct=j&sa=i&source=web&uoh=2&url=CAEScQHrOzAVOQ5T8kROG1XsPDsJveN2XLbF9Wzr3lS5Fwz3D_sF0Zy3hPVTqvqDALiTvEsMEWwWYxq5AO-Wovw8TkE89GX_wsnsXX4IG2a2cyjpjpY3h0-o3db3sOXCQrgxly0FFsiYT-F6v7lwO37Zqjl1&ust=1790739105852000&ved=2ahUKEwiPlMuT7ZKXAxUmmSYFHT4YI4oQ1fkOegoIAggACAAIWxAG,2,women/government_benefits__benefit_retention_renewal.txt,What factors influence benefit retention / renewal for Women in government benefits?,Women,minority,Gender,Government Benefits,Benefit retention / renewal,women__government_benefits__benefit_retention_renewal
bb7ea93f7c1f2501f472,https://www.google.com/url?sa=i&source=web&rct=j&url=CAESlAEB6zswFXrQWuy09bGTF8SKO0Zq7R88v7mq1hgcz9rbnsT9teA0nC3lpF6XSh5AN82yCv6aY7xHgReWlzAftqpph1Zjxix00MFyl23z4FR-Yxuz7WKDoJDDTq5PM0GOgpsQwzwcRPN5tLU6T25gNx-flhCZ4sr2m6Dg5U80uuG0Pu2JpKOGa-H9ScCJorf9Te2vQRjA&uoh=2&ved=2ahUKEwiPlMuT7ZKXAxUmmSYFHT4YI4oQ1fkOegoIAggACAAIWxAL&opi=89978449&cd&psig=AOvVaw3RhAirNaICPP36VFmpNQJJ&ust=1790739105852000,https://google.com/url?cd=&opi=89978449&psig=AOvVaw3RhAirNaICPP36VFmpNQJJ&rct=j&sa=i&source=web&uoh=2&url=CAESlAEB6zswFXrQWuy09bGTF8SKO0Zq7R88v7mq1hgcz9rbnsT9teA0nC3lpF6XSh5AN82yCv6aY7xHgReWlzAftqpph1Zjxix00MFyl23z4FR-Yxuz7WKDoJDDTq5PM0GOgpsQwzwcRPN5tLU6T25gNx-flhCZ4sr2m6Dg5U80uuG0Pu2JpKOGa-H9ScCJorf9Te2vQRjA&ust=1790739105852000&ved=2ahUKEwiPlMuT7ZKXAxUmmSYFHT4YI4oQ1fkOegoIAggACAAIWxAL,3,women/government_benefits__benefit_retention_renewal.txt,What factors influence benefit retention / renewal for Women in government benefits?,Women,minority,Gender,Government Benefits,Benefit retention / renewal,women__government_benefits__benefit_retention_renewal
b2b61fe2b4de8acee144,https://www.google.com/url?sa=i&source=web&rct=j&url=CAESqAEB6zswFTuNc94XHqHYMCs4XA3AP5MbkZPoyaDYB4rwguB_PpuY_BMtbBD3pbg_1CVDGuoGZ6SCea2n_NRW5IUezcNFisiNePwapELGX_9BE2yCf57MYnzRbx83IwcyUvvpt_5hRp9_1PqL3hb11n_bDQhGa47-sOptIRn8ZIxM3RtG3oezVnz5In2kWIWBPxedeEO8ylbiUaiySK4Jrua6rCkAS23UVDQ&uoh=2&ved=2ahUKEwiPlMuT7ZKXAxUmmSYFHT4YI4oQ1fkOegoIAggACAAIWxAP&opi=89978449&cd&psig=AOvVaw3RhAirNaICPP36VFmpNQJJ&ust=1790739105852000,https://google.com/url?cd=&opi=89978449&psig=AOvVaw3RhAirNaICPP36VFmpNQJJ&rct=j&sa=i&source=web&uoh=2&url=CAESqAEB6zswFTuNc94XHqHYMCs4XA3AP5MbkZPoyaDYB4rwguB_PpuY_BMtbBD3pbg_1CVDGuoGZ6SCea2n_NRW5IUezcNFisiNePwapELGX_9BE2yCf57MYnzRbx83IwcyUvvpt_5hRp9_1PqL3hb11n_bDQhGa47-sOptIRn8ZIxM3RtG3oezVnz5In2kWIWBPxedeEO8ylbiUaiySK4Jrua6rCkAS23UVDQ&ust=1790739105852000&ved=2ahUKEwiPlMuT7ZKXAxUmmSYFHT4YI4oQ1fkOegoIAggACAAIWxAP,4,women/government_benefits__benefit_retention_renewal.txt,What factors influence benefit retention / renewal for Women in government benefits?,Women,minority,Gender,Government Benefits,Benefit retention / renewal,women__government_benefits__benefit_retention_renewal
fb9d2ff8be995c8705bc,https://www.google.com/url?sa=i&source=web&rct=j&url=CAESaQHrOzAVnuiWlD15TWEjCYySDxKuFV9BVaOhLvugG2NMy88mxRJwNXauDOTp2Hf4zvZBmd4oQKN6-oLf26tXeHaapEJD85Z5xCneI4zpyfoT6To_4eI05rbCkjlqxi9nYH720deeAT2ofw&uoh=2&ved=2ahUKEwiPlMuT7ZKXAxUmmSYFHT4YI4oQ1fkOegoIAggACAAIWxAU&opi=89978449&cd&psig=AOvVaw3RhAirNaICPP36VFmpNQJJ&ust=1790739105852000,https://google.com/url?cd=&opi=89978449&psig=AOvVaw3RhAirNaICPP36VFmpNQJJ&rct=j&sa=i&source=web&uoh=2&url=CAESaQHrOzAVnuiWlD15TWEjCYySDxKuFV9BVaOhLvugG2NMy88mxRJwNXauDOTp2Hf4zvZBmd4oQKN6-oLf26tXeHaapEJD85Z5xCneI4zpyfoT6To_4eI05rbCkjlqxi9nYH720deeAT2ofw&ust=1790739105852000&ved=2ahUKEwiPlMuT7ZKXAxUmmSYFHT4YI4oQ1fkOegoIAggACAAIWxAU,5,women/government_benefits__benefit_retention_renewal.txt,What factors influence benefit retention / renewal for Women in government benefits?,Women,minority,Gender,Government Benefits,Benefit retention / renewal,women__government_benefits__benefit_retention_renewal
7c5be236a2eb3e430575,https://www.google.com/url?sa=i&source=web&rct=j&url=CAESigEB6zswFQ2rKDlyG0sA3smHLmemRsvPa0Ms7XbxbSD81zmtks1RHiJGbuRKZ92PE5-VH-9AIjAvGxn3lZPVduBfwKCiOFA5fIAOWyJNKRtGusfQyn_KQ411F3el-xTaaN0V_1MzSx4v1QROzIogIKxMRtCvhFvW_IFxSnr7pHIphfKp5J77MhA1_00&uoh=2&ved=2ahUKEwiPlMuT7ZKXAxUmmSYFHT4YI4oQ1fkOegoIAggACAAIWxAY&opi=89978449&cd&psig=AOvVaw3RhAirNaICPP36VFmpNQJJ&ust=1790739105852000,https://google.com/url?cd=&opi=89978449&psig=AOvVaw3RhAirNaICPP36VFmpNQJJ&rct=j&sa=i&source=web&uoh=2&url=CAESigEB6zswFQ2rKDlyG0sA3smHLmemRsvPa0Ms7XbxbSD81zmtks1RHiJGbuRKZ92PE5-VH-9AIjAvGxn3lZPVduBfwKCiOFA5fIAOWyJNKRtGusfQyn_KQ411F3el-xTaaN0V_1MzSx4v1QROzIogIKxMRtCvhFvW_IFxSnr7pHIphfKp5J77MhA1_00&ust=1790739105852000&ved=2ahUKEwiPlMuT7ZKXAxUmmSYFHT4YI4oQ1fkOegoIAggACAAIWxAY,6,women/government_benefits__benefit_retention_renewal.txt,What factors influence benefit retention / renewal for Women in government benefits?,Women,minority,Gender,Government Benefits,Benefit retention / renewal,women__government_benefits__benefit_retention_renewal
a63bde6cbf73579b5029,https://www.google.com/url?sa=i&source=web&rct=j&url=CAESbgHrOzAVI3ZxC4N5Hp1NeZz6OU8E1hM1Ht_vOaoO0NEkTmp9YDXtzXgQbp2OS_h7nES-BmPW1sgXhcCvTGI4ZtVaADPtt1oGAyiWqzvyF9oMZwPwN7HEmfTH7LbpTTQAVHT4sUFAJLZ5rbA8hAMR&uoh=2&ved=2ahUKEwiPlMuT7ZKXAxUmmSYFHT4YI4oQ1fkOegoIAggACAAIWxAd&opi=89978449&cd&psig=AOvVaw3RhAirNaICPP36VFmpNQJJ&ust=1790739105852000,https://google.com/url?cd=&opi=89978449&psig=AOvVaw3RhAirNaICPP36VFmpNQJJ&rct=j&sa=i&source=web&uoh=2&url=CAESbgHrOzAVI3ZxC4N5Hp1NeZz6OU8E1hM1Ht_vOaoO0NEkTmp9YDXtzXgQbp2OS_h7nES-BmPW1sgXhcCvTGI4ZtVaADPtt1oGAyiWqzvyF9oMZwPwN7HEmfTH7LbpTTQAVHT4sUFAJLZ5rbA8hAMR&ust=1790739105852000&ved=2ahUKEwiPlMuT7ZKXAxUmmSYFHT4YI4oQ1fkOegoIAggACAAIWxAd,7,women/government_benefits__benefit_retention_renewal.txt,What factors influence benefit retention / renewal for Women in government benefits?,Women,minority,Gender,Government Benefits,Benefit retention / renewal,women__government_benefits__benefit_retention_renewal
b962444128bfa9b1339e,https://pjph.org/pjph/article/view/1124,https://pjph.org/pjph/article/view/1124,1,women/healthcare__insurance_coverage.txt,What factors influence insurance coverage for Women in healthcare?,Women,minority,Gender,Healthcare,Insurance coverage,women__healthcare__insurance_coverage
594385d2d8b5dffdf7ac,https://www.researchgate.net/publication/384839000_Status_and_associated_factors_of_health_insurance_enrollment_among_women_in_Nepal,https://researchgate.net/publication/384839000_Status_and_associated_factors_of_health_insurance_enrollment_among_women_in_Nepal,2,women/healthcare__insurance_coverage.txt,What factors influence insurance coverage for Women in healthcare?,Women,minority,Gender,Healthcare,Insurance coverage,women__healthcare__insurance_coverage
a07714e05e0ab664b094,https://nwlc.org/resource/turning-to-fairness-insurance-discrimination-against-women-today-and-the-affordable-care-act/,https://nwlc.org/resource/turning-to-fairness-insurance-discrimination-against-women-today-and-the-affordable-care-act,3,women/healthcare__insurance_coverage.txt,What factors influence insurance coverage for Women in healthcare?,Women,minority,Gender,Healthcare,Insurance coverage,women__healthcare__insurance_coverage
9136aa98a0a8dd754303,https://scholarhub.ui.ac.id/cgi/viewcontent.cgi?article=1309&context=mjhr,https://scholarhub.ui.ac.id/cgi/viewcontent.cgi?article=1309&context=mjhr,4,women/healthcare__insurance_coverage.txt,What factors influence insurance coverage for Women in healthcare?,Women,minority,Gender,Healthcare,Insurance coverage,women__healthcare__insurance_coverage
4482340efbf5737a6295,https://pubmed.ncbi.nlm.nih.gov/41859256/,https://pubmed.ncbi.nlm.nih.gov/41859256,5,women/healthcare__insurance_coverage.txt,What factors influence insurance coverage for Women in healthcare?,Women,minority,Gender,Healthcare,Insurance coverage,women__healthcare__insurance_coverage
7d0336f2cf565ea6cc18,https://journals.plos.org/plosone/article/file?id=10.1371/journal.pone.0220558&type=printable,https://journals.plos.org/plosone/article/file?id=10.1371%2Fjournal.pone.0220558&type=printable,6,women/healthcare__insurance_coverage.txt,What factors influence insurance coverage for Women in healthcare?,Women,minority,Gender,Healthcare,Insurance coverage,women__healthcare__insurance_coverage
2edcc2d3665243223fcf,https://epublications.marquette.edu/cgi/viewcontent.cgi?article=1857&context=nursing_fac,https://epublications.marquette.edu/cgi/viewcontent.cgi?article=1857&context=nursing_fac,7,women/healthcare__insurance_coverage.txt,What factors influence insurance coverage for Women in healthcare?,Women,minority,Gender,Healthcare,Insurance coverage,women__healthcare__insurance_coverage
47101494a39685a029cf,https://www.syncsci.com/journal/SWSW/article/view/495,https://syncsci.com/journal/SWSW/article/view/495,8,women/healthcare__insurance_coverage.txt,What factors influence insurance coverage for Women in healthcare?,Women,minority,Gender,Healthcare,Insurance coverage,women__healthcare__insurance_coverage
e91622c2cf7e8645ec22,https://www.instagram.com/p/DZVnFEfE4_s/,https://instagram.com/p/DZVnFEfE4_s,9,women/healthcare__insurance_coverage.txt,What factors influence insurance coverage for Women in healthcare?,Women,minority,Gender,Healthcare,Insurance coverage,women__healthcare__insurance_coverage
1da9f8f11ba156f6d349,https://pmc.ncbi.nlm.nih.gov/articles/PMC12657800/,https://pmc.ncbi.nlm.nih.gov/articles/PMC12657800,1,women/healthcare__patient_safety.txt,What factors influence patient safety for Women in healthcare?,Women,minority,Gender,Healthcare,Patient safety,women__healthcare__patient_safety
f80a3040fe0bf24209a0,https://www.patientsafetylearning.org/blog/dangerous-exclusions-the-risk-to-patient-safety-of-sex-and-gender-bias,https://patientsafetylearning.org/blog/dangerous-exclusions-the-risk-to-patient-safety-of-sex-and-gender-bias,2,women/healthcare__patient_safety.txt,What factors influence patient safety for Women in healthcare?,Women,minority,Gender,Healthcare,Patient safety,women__healthcare__patient_safety
97c86398779a908977e2,https://www.youtube.com/watch?v=U1XvFSoUhWI&t=11,https://youtube.com/watch?t=11&v=U1XvFSoUhWI,3,women/healthcare__patient_safety.txt,What factors influence patient safety for Women in healthcare?,Women,minority,Gender,Healthcare,Patient safety,women__healthcare__patient_safety
95f9aacf65e2103a70de,https://www.patientsafetylearning.org/blog/failures-of-informed-consent-and-the-impact-on-womens-health,https://patientsafetylearning.org/blog/failures-of-informed-consent-and-the-impact-on-womens-health,4,women/healthcare__patient_safety.txt,What factors influence patient safety for Women in healthcare?,Women,minority,Gender,Healthcare,Patient safety,women__healthcare__patient_safety
9aec60b82b2d890523a6,https://onlineprograms.sacredheart.edu/resources/gender-bias-in-healthcare/,https://onlineprograms.sacredheart.edu/resources/gender-bias-in-healthcare,5,women/healthcare__patient_safety.txt,What factors influence patient safety for Women in healthcare?,Women,minority,Gender,Healthcare,Patient safety,women__healthcare__patient_safety
ec14c19bfb8e68c626f6,https://www.rand.org/pubs/commentary/2023/01/gender-biases-in-health-care-listen-to-women-about-their.html,https://rand.org/pubs/commentary/2023/01/gender-biases-in-health-care-listen-to-women-about-their.html,6,women/healthcare__patient_safety.txt,What factors influence patient safety for Women in healthcare?,Women,minority,Gender,Healthcare,Patient safety,women__healthcare__patient_safety
49f5161857535212e276,https://pmc.ncbi.nlm.nih.gov/articles/PMC9291436/,https://pmc.ncbi.nlm.nih.gov/articles/PMC9291436,7,women/healthcare__patient_safety.txt,What factors influence patient safety for Women in healthcare?,Women,minority,Gender,Healthcare,Patient safety,women__healthcare__patient_safety
0f4e7d905f0760019f0e,https://awis.org/resource/addressing-gender-bias-medical-care/,https://awis.org/resource/addressing-gender-bias-medical-care,8,women/healthcare__patient_safety.txt,What factors influence patient safety for Women in healthcare?,Women,minority,Gender,Healthcare,Patient safety,women__healthcare__patient_safety
0803c7e5f15e9fa50643,https://pmc.ncbi.nlm.nih.gov/articles/PMC10732547/,https://pmc.ncbi.nlm.nih.gov/articles/PMC10732547,9,women/healthcare__patient_safety.txt,What factors influence patient safety for Women in healthcare?,Women,minority,Gender,Healthcare,Patient safety,women__healthcare__patient_safety
9c24d2589dfff1c4b2af,https://www.sciencedirect.com/science/article/abs/pii/S0749379714004966,https://sciencedirect.com/science/article/abs/pii/S0749379714004966,1,women/healthcare__preventive_care.txt,What factors influence preventive care for Women in healthcare?,Women,minority,Gender,Healthcare,Preventive care,women__healthcare__preventive_care
c6fc3786095b4307db77,https://www.naccho.org/uploads/downloadable-resources/02-03-Womens-Health.pdf,https://naccho.org/uploads/downloadable-resources/02-03-Womens-Health.pdf,2,women/healthcare__preventive_care.txt,What factors influence preventive care for Women in healthcare?,Women,minority,Gender,Healthcare,Preventive care,women__healthcare__preventive_care
4edf924f6507bcd42ecf,https://www.meer.com/en/107064-the-preventive-care-gap-in-womens-health,https://meer.com/en/107064-the-preventive-care-gap-in-womens-health,3,women/healthcare__preventive_care.txt,What factors influence preventive care for Women in healthcare?,Women,minority,Gender,Healthcare,Preventive care,women__healthcare__preventive_care
a1c32ba8299b9d9e8aa6,https://pmc.ncbi.nlm.nih.gov/articles/PMC3629883/,https://pmc.ncbi.nlm.nih.gov/articles/PMC3629883,4,women/healthcare__preventive_care.txt,What factors influence preventive care for Women in healthcare?,Women,minority,Gender,Healthcare,Preventive care,women__healthcare__preventive_care
dc5c0fedca4476b3ca1e,https://pubmed.ncbi.nlm.nih.gov/41430320,https://pubmed.ncbi.nlm.nih.gov/41430320,5,women/healthcare__preventive_care.txt,What factors influence preventive care for Women in healthcare?,Women,minority,Gender,Healthcare,Preventive care,women__healthcare__preventive_care
aa813e02dd906fd36305,https://www.engender.org.uk/content/publications/GENDER-HOUSING-AND-HOMELESSNESS---A-LITERATURE-REVIEW.pdf,https://engender.org.uk/content/publications/GENDER-HOUSING-AND-HOMELESSNESS---A-LITERATURE-REVIEW.pdf,1,women/housing__access_to_housing.txt,What factors influence access to housing for Women in housing?,Women,minority,Gender,Housing,Access to housing,women__housing__access_to_housing
e4aac489e0113e853bd4,https://www.researchgate.net/publication/392863097_Exploring_Women's_Housing_Challenges_Legal_and_Policy_Solutions_for_Women's_Access_to_Adequate_Housing,https://researchgate.net/publication/392863097_Exploring_Women's_Housing_Challenges_Legal_and_Policy_Solutions_for_Women's_Access_to_Adequate_Housing,2,women/housing__access_to_housing.txt,What factors influence access to housing for Women in housing?,Women,minority,Gender,Housing,Access to housing,women__housing__access_to_housing
2c322a8fd674101a4f5b,https://digital.sandiego.edu/cgi/viewcontent.cgi?article=1015&context=mcnair-summer,https://digital.sandiego.edu/cgi/viewcontent.cgi?article=1015&context=mcnair-summer,3,women/housing__access_to_housing.txt,What factors influence access to housing for Women in housing?,Women,minority,Gender,Housing,Access to housing,women__housing__access_to_housing
7c000080c7942f46d309,https://www.iadb.org/en/blog/urban-development-and-housing/three-factors-barring-women-accessing-housing-credit,https://iadb.org/en/blog/urban-development-and-housing/three-factors-barring-women-accessing-housing-credit,4,women/housing__access_to_housing.txt,What factors influence access to housing for Women in housing?,Women,minority,Gender,Housing,Access to housing,women__housing__access_to_housing
84649595cce690332b02,https://www.opportunityhome.org/resources/gender-equity-housing/,https://opportunityhome.org/resources/gender-equity-housing,5,women/housing__access_to_housing.txt,What factors influence access to housing for Women in housing?,Women,minority,Gender,Housing,Access to housing,women__housing__access_to_housing
be825617309bb8283d04,https://www.nlc.org/article/2023/03/21/housing-for-women-female-headed-households/,https://nlc.org/article/2023/03/21/housing-for-women-female-headed-households,6,women/housing__access_to_housing.txt,What factors influence access to housing for Women in housing?,Women,minority,Gender,Housing,Access to housing,women__housing__access_to_housing
19d0c6cccdac61ea50b6,https://www.omahawomensfund.org/the-impact-of-housing-justice-on-gender-equity/,https://omahawomensfund.org/the-impact-of-housing-justice-on-gender-equity,7,women/housing__access_to_housing.txt,What factors influence access to housing for Women in housing?,Women,minority,Gender,Housing,Access to housing,women__housing__access_to_housing
9f0d36b534211764ea78,https://thepeopleconcern.org/the-intersection-of-womanhood-and-homelessness/,https://thepeopleconcern.org/the-intersection-of-womanhood-and-homelessness,8,women/housing__access_to_housing.txt,What factors influence access to housing for Women in housing?,Women,minority,Gender,Housing,Access to housing,women__housing__access_to_housing
368c735128bd262077f8,https://nwlc.org/why-housing-is-a-gender-justice-issue/,https://nwlc.org/why-housing-is-a-gender-justice-issue,9,women/housing__access_to_housing.txt,What factors influence access to housing for Women in housing?,Women,minority,Gender,Housing,Access to housing,women__housing__access_to_housing
5842e1554cd5d46b9aba,https://nnedv.org/spotlight_on/impact-safe-housing-survivors/,https://nnedv.org/spotlight_on/impact-safe-housing-survivors,10,women/housing__access_to_housing.txt,What factors influence access to housing for Women in housing?,Women,minority,Gender,Housing,Access to housing,women__housing__access_to_housing
62a0217f68f1ad23be8d,https://www.ohchr.org/en/special-procedures/sr-housing/women-and-right-adequate-housing,https://ohchr.org/en/special-procedures/sr-housing/women-and-right-adequate-housing,11,women/housing__access_to_housing.txt,What factors influence access to housing for Women in housing?,Women,minority,Gender,Housing,Access to housing,women__housing__access_to_housing
cb3a903b7d785dfd740f,https://pmc.ncbi.nlm.nih.gov/articles/PMC12306465/,https://pmc.ncbi.nlm.nih.gov/articles/PMC12306465,12,women/housing__access_to_housing.txt,What factors influence access to housing for Women in housing?,Women,minority,Gender,Housing,Access to housing,women__housing__access_to_housing
9f0d36b534211764ea78,https://thepeopleconcern.org/the-intersection-of-womanhood-and-homelessness/,https://thepeopleconcern.org/the-intersection-of-womanhood-and-homelessness,1,women/housing__homelessness.txt,What factors influence homelessness for Women in housing?,Women,minority,Gender,Housing,Homelessness,women__housing__homelessness
b74035987a489f1a5239,https://www.psychiatrist.com/pcc/homelessness-housing-insecurity-challenges-opportunities-improve-care/,https://psychiatrist.com/pcc/homelessness-housing-insecurity-challenges-opportunities-improve-care,2,women/housing__homelessness.txt,What factors influence homelessness for Women in housing?,Women,minority,Gender,Housing,Homelessness,women__housing__homelessness
c11136fa6aeb5e97ef53,https://www.un.org/development/desa/dspd/wp-content/uploads/sites/22/2019/07/QUINN_Jean_Presentation_2-1.pdf,https://un.org/development/desa/dspd/wp-content/uploads/sites/22/2019/07/QUINN_Jean_Presentation_2-1.pdf,3,women/housing__homelessness.txt,What factors influence homelessness for Women in housing?,Women,minority,Gender,Housing,Homelessness,women__housing__homelessness
05ddc19a9048db86660f,https://www.kxxv.com/news/national-politics/the-race-2020/when-it-comes-to-homelessness-in-america-there-is-no-single-cause,https://kxxv.com/news/national-politics/the-race-2020/when-it-comes-to-homelessness-in-america-there-is-no-single-cause,4,women/housing__homelessness.txt,What factors influence homelessness for Women in housing?,Women,minority,Gender,Housing,Homelessness,women__housing__homelessness
2af324bfdfd3125cb059,https://www.engender.org.uk/news/blog/cost-of-living-crisis-the-financial-impact-on-womens-access-to-housing/,https://engender.org.uk/news/blog/cost-of-living-crisis-the-financial-impact-on-womens-access-to-housing,5,women/housing__homelessness.txt,What factors influence homelessness for Women in housing?,Women,minority,Gender,Housing,Homelessness,women__housing__homelessness
08b7fd8fcb0c48ddcf3c,https://www.facebook.com/10NewsSyd/posts/older-women-become-homeless-due-to-a-range-of-factors-including-illness-family-s/10156916838530259/,https://facebook.com/10NewsSyd/posts/older-women-become-homeless-due-to-a-range-of-factors-including-illness-family-s/10156916838530259,6,women/housing__homelessness.txt,What factors influence homelessness for Women in housing?,Women,minority,Gender,Housing,Homelessness,women__housing__homelessness
481680df71662bcb52fb,https://eppdscrmssa01.blob.core.windows.net/cmhcprodcontainer/sf/project/archive/research_2/women_and_housing.pdf,https://eppdscrmssa01.blob.core.windows.net/cmhcprodcontainer/sf/project/archive/research_2/women_and_housing.pdf,1,women/housing__housing_stability.txt,What factors influence housing stability for Women in housing?,Women,minority,Gender,Housing,Housing stability,women__housing__housing_stability
c36e90d4dae79cf008ca,https://papers.ssrn.com/Sol3/Delivery.cfm/dp10614.pdf?abstractid=2940604,https://papers.ssrn.com/Sol3/Delivery.cfm/dp10614.pdf?abstractid=2940604,2,women/housing__housing_stability.txt,What factors influence housing stability for Women in housing?,Women,minority,Gender,Housing,Housing stability,women__housing__housing_stability
c4cde06522e3d25a29eb,https://extension.usu.edu/news/usu-uwlp-releases-research-on-homelessness-among-utah-women-a-2025-update,https://extension.usu.edu/news/usu-uwlp-releases-research-on-homelessness-among-utah-women-a-2025-update,3,women/housing__housing_stability.txt,What factors influence housing stability for Women in housing?,Women,minority,Gender,Housing,Housing stability,women__housing__housing_stability
fe5b3a3f60c832a93d01,https://journals.sagepub.com/doi/10.1177/1473325013503003,https://journals.sagepub.com/doi/10.1177/1473325013503003,4,women/housing__housing_stability.txt,What factors influence housing stability for Women in housing?,Women,minority,Gender,Housing,Housing stability,women__housing__housing_stability
8480eba5c175f89f99f2,https://www.researchgate.net/publication/325297956_Predictors_of_Housing_Instability_in_Women_Who_Have_Experienced_Intimate_Partner_Violence,https://researchgate.net/publication/325297956_Predictors_of_Housing_Instability_in_Women_Who_Have_Experienced_Intimate_Partner_Violence,5,women/housing__housing_stability.txt,What factors influence housing stability for Women in housing?,Women,minority,Gender,Housing,Housing stability,women__housing__housing_stability
349f9df556db3cf9ff81,https://search.proquest.com/openview/a508d6e9b3dd9aff930396e482f2e34f/1?pq-origsite=gscholar&cbl=47760,https://search.proquest.com/openview/a508d6e9b3dd9aff930396e482f2e34f/1?cbl=47760&pq-origsite=gscholar,6,women/housing__housing_stability.txt,What factors influence housing stability for Women in housing?,Women,minority,Gender,Housing,Housing stability,women__housing__housing_stability
24ef48107725b39a6b5e,https://nlihc.org/resource/joint-center-housing-studies-releases-post-exploring-impacts-health-and-ability-social-and,https://nlihc.org/resource/joint-center-housing-studies-releases-post-exploring-impacts-health-and-ability-social-and,7,women/housing__housing_stability.txt,What factors influence housing stability for Women in housing?,Women,minority,Gender,Housing,Housing stability,women__housing__housing_stability
28fe0fbf7473c323ca45,https://documents1.worldbank.org/curated/en/505551587106658623/pdf/Her-Home-Housing-Finance-for-Women.pdf,https://documents1.worldbank.org/curated/en/505551587106658623/pdf/Her-Home-Housing-Finance-for-Women.pdf,8,women/housing__housing_stability.txt,What factors influence housing stability for Women in housing?,Women,minority,Gender,Housing,Housing stability,women__housing__housing_stability
9402985b87dc32900413,https://onlinelibrary.wiley.com/doi/10.1111/jomf.70009,https://onlinelibrary.wiley.com/doi/10.1111/jomf.70009,9,women/housing__housing_stability.txt,What factors influence housing stability for Women in housing?,Women,minority,Gender,Housing,Housing stability,women__housing__housing_stability
08d7215e33d964974049,https://www.researchgate.net/publication/387532491_Factors_Associated_with_Housing_Stability_Among_Individuals_with_Co-Occurring_Serious_Mental_Illness_and_Substance_Use_Disorders_Receiving_Assertive_Community_Treatment_Services,https://researchgate.net/publication/387532491_Factors_Associated_with_Housing_Stability_Among_Individuals_with_Co-Occurring_Serious_Mental_Illness_and_Substance_Use_Disorders_Receiving_Assertive_Community_Treatment_Services,10,women/housing__housing_stability.txt,What factors influence housing stability for Women in housing?,Women,minority,Gender,Housing,Housing stability,women__housing__housing_stability
8d703d7099a219c0b23b,https://catalog.results4america.org/strategies/permanent-supportive-housing,https://catalog.results4america.org/strategies/permanent-supportive-housing,11,women/housing__housing_stability.txt,What factors influence housing stability for Women in housing?,Women,minority,Gender,Housing,Housing stability,women__housing__housing_stability
